# Decoded from sources/assets/lusion.dev/assets/models/about/terrain.buf
# Position/index data decoded from public .buf header and payload.
v -28.8760883 12.0937529 24.1303519
v -25.5758238 12.8090220 35.4381364
v -31.6205334 -0.1838866 -24.0976230
v -28.1775023 3.7757053 -12.8742565
v -24.6402175 4.8854654 -1.5720999
v -21.5617263 3.9456207 9.2671649
v -18.8616359 4.1714458 21.3375248
v -14.0131163 5.3255589 32.7114366
v -11.1300629 9.6496568 43.1018793
v -7.5844616 19.0296760 54.4828259
v -16.6314278 -0.1011153 -16.3213228
v -14.6618033 0.5432515 -5.1612698
v -10.0877282 1.1089075 6.1465146
v -7.0161674 1.4340582 17.7230295
v -3.6064023 2.5525640 28.7508277
v 0.1748331 4.6652625 39.8602300
v 3.6414276 12.8996019 51.0512362
v 7.0290154 13.1438553 62.5011242
v -5.5483051 -0.5974308 -19.8654697
v -2.3159587 -0.0102230 -9.0571582
v 0.6239241 -0.0002280 2.4391597
v 4.5659452 1.0364436 13.8763849
v 8.1642177 1.7036115 25.2981336
v 11.8830794 3.0107735 35.1117203
v 15.3053192 5.8552953 47.2791608
v 18.4364815 9.3410604 58.7993971
v 5.7870847 -0.6330381 -22.7075407
v 8.2612435 0.4001977 -12.2636333
v 12.3654364 1.7573348 -0.7180717
v 15.9720253 4.7083661 10.4546440
v 19.2362517 2.2901946 20.4637990
v 22.6931436 7.8702300 33.1349333
v 26.2193397 7.8183808 44.5327635
v 17.1252467 -0.5284026 -26.5569992
v 20.2966054 1.4440532 -15.4166438
v 30.1641330 3.6357749 18.7444867
v 33.8719060 5.7662771 29.2601494
v 31.3159682 -0.7767165 -18.3389118
v 37.9941179 0.4067570 4.4511208
v 41.4232882 3.7635238 14.6628788
v 42.7359091 -0.7676586 -21.8478846
v 45.8393498 -0.7957696 -11.6839634
v 49.6316739 -0.1267275 0.7353240
v 52.5771011 0.8521603 10.3561564
v -30.8235354 15.2706094 18.6234877
v -31.2878734 16.5758972 37.1785531
v -27.2391238 12.4898058 29.7075645
v -33.0038446 15.3952348 31.5661664
v -23.9596506 15.0504064 41.0758485
v -29.5719021 15.0600891 42.7923468
v -29.6744723 2.6431439 -18.3529815
v -30.3591975 6.9703653 0.0684222
v -26.4615311 4.8854654 -7.2618698
v -32.1333842 5.4861040 -5.7184283
v -27.2238769 9.1511549 11.5562983
v -23.0295886 6.1204758 3.9643106
v -28.6432263 11.3622420 5.6808089
v -23.7739154 7.9383211 22.3280287
v -19.4673544 3.5099000 15.6182086
v -25.0629729 7.9857974 16.9646749
v -20.1299022 9.0736935 33.9228342
v -16.0645197 3.9140739 25.5837477
v -21.9193358 8.2000658 27.9840314
v -16.6300417 13.4134087 44.9731438
v -12.7323753 8.2228669 37.6442588
v -18.3113608 10.6825803 39.3509084
v -9.3004328 16.0811435 48.8704392
v -22.3642686 0.8555961 -15.1310297
v -18.4180892 -0.2750912 -21.9674767
v -25.6811661 0.1849923 -25.9126089
v -24.2812219 1.9856586 -20.2031415
v -19.1693464 2.4479286 -3.4194461
v -14.6895250 0.2374662 -10.4050315
v -20.3170235 1.3553473 -9.1626806
v -15.4920672 2.0687423 8.0416976
v -11.8036994 1.1064087 0.5327209
v -17.4159510 4.5503197 2.2492193
v -12.3595188 2.1255890 18.8289047
v -7.9614763 0.9408661 11.9221094
v -14.7200188 1.9853463 13.6639331
v -8.8360949 4.5531308 30.3139668
v -4.0776707 1.6252130 23.0821624
v -11.1397655 2.8602234 25.0828678
v -5.3043545 6.4334450 41.1926266
v -1.0615533 3.1931827 34.4898414
v -8.1638445 4.8392384 36.1050382
v -1.9708239 16.4934383 52.7677346
v 2.1874262 8.6083001 45.5007560
v -3.6881812 11.6655286 47.1539409
v 5.2783921 14.4325889 56.6833205
v -0.4918730 17.3202143 58.0002405
v -11.9825041 -0.5611988 -17.7775324
v -7.1381428 -0.7548524 -25.3005788
v -12.7642552 -0.7220562 -23.6276964
v -7.6606962 -0.0342736 -6.4641202
v -4.1802408 -0.2757159 -13.6663783
v -9.2713251 -0.3494292 -12.5168872
v -4.8441748 -0.0002280 4.6410612
v -1.0282873 -0.0002280 -2.4134655
v -6.8844895 -0.0002280 -1.1021734
v -0.9880908 0.9096317 15.8306605
v 2.8527462 0.0013337 8.1598827
v -2.5349599 0.0706742 10.4532371
v 2.6129538 1.9662933 27.2932111
v 6.6589311 1.2154170 19.3551099
v 0.6821396 1.3497251 22.0818097
v 5.7302553 3.9478071 37.8834430
v 10.0728545 2.3423561 30.5995809
v 4.4176343 2.8449185 33.6709873
v 8.8226073 8.9612495 49.6597470
v 12.9212558 5.5332680 41.8876678
v 7.6097843 6.2610308 44.2119753
v 13.1305544 11.1460996 60.4497680
v 16.6262567 7.0162800 53.3150443
v 11.0625180 9.5153487 54.5742787
v 19.9999836 9.4019676 64.4891669
v -0.3435621 -0.6542775 -22.1996261
v 4.1293290 -0.0180316 -10.0926850
v 7.6790885 -0.2269901 -17.4229770
v 1.6108155 -0.5187199 -16.1313824
v 6.7753621 -0.0002280 0.6058832
v 10.6494652 1.5008999 -6.3318654
v 5.4599690 -0.0002280 -4.0244414
v 10.1851272 2.5925441 12.2232001
v 14.0814076 5.3161886 4.8943150
v 8.4511369 0.2052947 6.5249884
v 13.6836017 1.6867449 23.5295775
v 17.5743377 3.5948578 16.2400875
v 11.5226977 1.4577964 18.0058297
v 16.9436698 3.7810151 34.6854096
v 20.9397481 2.9373725 27.6843476
v 15.8458917 2.3011266 29.3290907
v 20.1663136 5.9883540 45.7385332
v 18.2576768 4.6512070 40.6509448
v 23.7396365 7.1146685 57.1715376
v 22.1969257 6.5305842 51.5155350
v 10.6272878 -0.5621358 -25.2077190
v 14.5457455 3.1219681 -13.6607504
v 18.2881706 0.1543826 -20.9882285
v 12.8297743 0.8659034 -19.2745441
v 17.9790740 4.3482328 -2.4345700
v 16.2631028 4.8098781 -8.0483637
v 21.4110165 4.0152735 8.7916104
v 24.8679084 5.2590295 19.9530704
v 28.4467757 2.8074372 12.6663943
v 23.1269877 5.2708986 14.4054041
v 27.8590763 5.1394016 29.8595168
v 32.1725678 5.5107792 23.9150862
v 26.5589301 6.5511989 25.6315845
v 29.9908725 8.9874864 36.8577649
v 25.6385707 -0.3828501 -16.6815060
v 29.6720734 -0.7233056 -24.2917843
v 24.5089128 -0.1379719 -22.3459505
v 33.1275792 -0.7036279 -13.6579365
v 36.9171312 0.1000346 -1.4890890
v 36.1547853 2.5041506 16.9069893
v 40.3171937 1.2322836 9.2910833
v 34.8657278 1.4481137 11.4184156
v 39.3205997 3.6276539 28.2612036
v 37.9026364 4.8973345 22.2239132
v 37.3745387 -0.8460570 -21.0205887
v 40.0607682 -0.6495923 -10.6498435
v 44.3784179 -1.0187836 -16.4606124
v 38.5443930 -0.7735931 -15.0789720
v 43.9002192 -0.1567126 1.1067630
v 47.6689799 -0.7757795 -5.6931029
v 42.8384793 -0.4824880 -3.4658760
v 47.4513648 2.7530892 13.3459588
v 51.3005183 2.6650080 6.1746539
v 45.5704496 1.0617435 7.3283659
v -31.8409206 14.1914589 25.0687982
v -29.9655498 14.8514430 21.4303845
v -31.6815210 13.6173697 15.8165908
v -35.8106634 15.8921750 32.4244155
v -33.8632163 15.3636880 28.7592695
v -32.2664482 14.5797032 33.9129854
v -34.9526778 15.6579166 35.2299054
v -28.1303754 13.7997789 36.2513626
v -26.5336074 13.3643706 32.6565649
v -29.9378282 14.3535658 30.5587788
v -29.3307236 13.8966057 33.5274768
v -28.2842307 12.7665431 27.1004568
v -31.0453088 14.4391482 27.7392193
v -30.4298878 14.8920478 39.9685664
v -23.1016650 14.7877247 43.8827453
v -26.7650833 15.0091770 41.9340976
v -24.8176362 14.5990686 38.2689516
v -28.1691858 14.4553901 39.1961421
v -31.0882774 2.5210172 -11.8823456
v -29.2461726 3.3868363 -15.5939215
v -31.0508531 2.0122079 -14.5569876
v -31.2130249 0.2312193 -21.4060973
v -33.3406628 -0.3191318 -23.5728247
v -34.8819875 4.5453222 -4.6871223
v -32.9276100 3.9865378 -8.1665488
v -35.2728631 3.2234801 -6.9030935
v -32.8444450 5.7250476 0.9351132
v -31.5235075 5.5307693 -2.8510319
v -27.5523787 6.4325080 -0.7898269
v -25.7587868 3.8828394 -3.9864533
v -29.5940795 5.0738092 -6.2769937
v -28.1206729 5.4679880 -3.6952114
v -27.4941632 4.3747821 -10.0153019
v -30.1263355 3.9315652 -9.2105175
v -29.5012119 8.9849876 2.8739121
v -32.3066446 7.9920443 3.7321613
v -29.7326878 12.4048481 12.1528518
v -27.5995055 9.6106138 8.4511247
v -30.7292818 10.6148015 9.3346992
v -24.0497460 5.8921519 10.4447953
v -21.8264683 4.4241325 6.4968491
v -26.3811382 8.3696689 4.5439805
v -24.8259527 6.3181899 7.3044475
v -23.8875742 6.8938409 1.1588207
v -26.5128161 7.9686185 1.9959654
v -27.6313854 10.6532199 17.2446611
v -25.9043255 7.8493029 14.0297442
v -28.8747022 11.9494498 14.9583417
v -26.1427319 9.9460718 23.2481844
v -25.2209864 9.1374118 19.9446286
v -27.2917950 11.4556330 20.6790647
v -21.4854917 5.6057320 21.2854670
v -19.6752669 3.9072023 18.4138498
v -22.6400992 6.0664402 16.0726586
v -21.3094592 5.3699118 18.8950321
v -20.5914680 3.6167219 12.5397674
v -24.2839941 5.9814825 12.8577417
v -24.6346732 10.2452979 28.9562448
v -22.1965525 7.2196163 25.1968320
v -25.4718675 10.1878265 26.1563827
v -22.5139656 10.6216731 34.4546672
v -20.6593861 8.2837741 30.8443929
v -23.2971027 10.0538307 31.3058777
v -17.5698062 7.0734390 32.9801670
v -15.3645476 4.5584407 28.9210706
v -19.1859794 6.2850814 27.3860709
v -18.0812710 6.3603564 30.0452363
v -17.3549633 3.8016299 22.7444906
v -19.1152892 5.0013453 24.4455123
v -21.3898520 12.9080352 40.4314581
v -19.2039985 9.9404496 36.5538603
v -22.2131855 12.1559095 37.5471782
v -19.8623881 11.6043090 45.7272775
v -17.7181171 11.7273728 42.1957933
v -20.4667205 13.1038752 42.7923468
v -13.8758940 10.6254212 43.9587215
v -11.0815500 7.8265017 40.6228055
v -15.5391941 9.6530926 38.5025080
v -14.3125103 9.4466329 41.8257613
v -13.4656134 6.5365187 35.0118257
v -16.1352099 7.8464918 35.5914956
v -15.7720561 14.0799519 47.7800407
v -8.4424472 18.8444557 51.6773360
v -12.1072517 18.1904062 49.7286884
v -10.1043612 12.2027612 46.2900639
v -12.9652373 14.5456577 46.9217915
v -27.0880407 3.4486805 -19.3462993
v -25.2514803 0.6716251 -23.2112345
v -28.2856168 0.3773966 -25.1148593
v -28.2038379 1.1401420 -22.0645573
v -24.9798079 1.9153811 -13.7972261
v -23.5174900 0.9399291 -17.8014509
v -26.2286691 2.9011405 -16.5394025
v -20.3780111 0.4151903 -15.1141461
v -17.5379263 -0.2838368 -19.4363452
v -21.9692348 0.2883784 -21.3202724
v -20.2906879 0.0322558 -19.0198833
v -19.6115070 -0.3800390 -23.9203453
v -21.0391729 -0.2026273 -24.1440528
v -23.4966987 2.3913942 -7.9963059
v -21.5866758 1.0373806 -12.3241329
v -24.4364632 2.3926436 -11.1394676
v -21.9387410 5.1693866 -2.5063253
v -20.0703006 1.8226148 -5.9533916
v -22.7897962 2.8680320 -5.3301057
v -16.0381841 1.0005239 -3.8724891
v -13.5529366 0.1550072 -8.6421033
v -17.8428646 0.7503360 -9.9913835
v -17.9343461 1.0380053 -6.6554675
v -15.3063321 -0.0336489 -13.7043663
v -19.2123150 0.5829193 -12.9263142
v -20.0204016 4.2873256 3.3733850
v -18.2739366 4.2448468 -0.5576776
v -21.2540158 5.7469117 0.3498154
v -18.7743127 2.7605855 8.3948460
v -16.5468767 2.6509525 4.6987468
v -18.0604797 2.7343485 5.4585083
v -12.6533685 1.7164176 7.0511937
v -10.9457138 0.7216003 3.3396178
v -14.6091321 4.1595767 1.3909701
v -13.4545247 2.8727172 4.3005755
v -12.8917748 0.4864048 -2.3895471
v -15.8787845 2.3470413 -1.7268662
v -17.6003001 2.6219045 14.6642858
v -14.7047719 1.9185046 10.6867934
v -16.9931955 2.3164315 10.6262939
v -15.6237452 2.7615225 19.4043537
v -12.2971451 1.8697788 16.3639005
v -16.4138127 2.5453801 17.0322093
v -9.0731151 1.6520747 17.7764942
v -7.3363527 1.2419663 14.7515177
v -11.3518362 1.5568096 12.6706152
v -10.6352311 1.6139686 15.7237311
v -9.7606125 0.7412780 9.0195389
v -11.3795579 1.4880938 9.9931592
v -12.9264269 3.0847991 25.0054847
v -11.9464660 2.4407447 21.5316860
v -15.0720840 3.0760535 22.4307372
v -11.7898386 4.0886745 30.9302178
v -10.2083174 3.2153591 28.3878306
v -11.4544064 3.4352497 28.3118544
v -6.6613301 2.7493411 28.8830825
v -4.2855832 2.0834225 26.3406953
v -8.2844337 2.1443297 23.4578223
v -6.6294502 2.4048250 26.7867034
v -4.9841692 1.4299977 20.2907422
v -7.9503876 1.8785245 21.2080839
v -9.7134857 5.6847551 36.7226962
v -8.2747311 4.2161111 32.9815740
v -10.7641369 5.1518953 33.9861476
v -8.0307805 8.0139084 42.4391984
v -5.4083107 5.5076558 39.7195334
v -8.8915382 6.7420414 39.5338139
v -3.0436525 5.8618545 40.4370860
v -0.2784162 3.6285910 36.5102443
v -3.6701622 3.8559778 35.6745066
v -4.1040063 4.5681234 38.0466510
v -1.6700439 2.8961430 31.8897685
v -5.4554375 3.7247931 31.6519913
v -6.9648823 13.2959671 47.8067730
v -4.0859872 8.3125098 44.0276628
v -7.3626883 9.8373759 44.9042025
v -4.8968459 18.2456912 53.2756492
v -3.3430465 14.3829261 49.9974188
v -5.6328562 16.5652775 50.8894352
v 1.0688569 13.3537509 51.8321023
v 2.4521681 10.2278066 48.4849306
v -0.8813624 11.1011220 46.2956917
v -0.6235509 12.3333212 48.9351596
v 1.2310286 7.2218027 43.4775391
v -1.7850888 7.6712665 43.6351193
v -3.0616716 18.1076349 59.2383704
v -1.1128383 16.1298692 55.3565517
v -3.9986639 17.6672291 56.2654516
v 0.6031329 15.9596414 61.1870181
v 6.7822925 13.7166952 59.6674950
v 2.2996989 15.6038810 57.5837786
v 3.4099517 15.7181991 60.3287690
v 4.4994132 15.3124635 53.8581331
v 1.6011129 14.5131738 54.5081513
v -16.0021459 -0.4871731 -22.9270274
v -13.4378917 -0.4856114 -17.0810843
v -12.4551586 -0.5780654 -20.8939618
v -14.7837786 -0.5102866 -20.0385265
v -8.5034349 -0.5430828 -19.4166476
v -6.3550057 -0.6517787 -22.1123942
v -10.0281266 -0.6889477 -24.9389885
v -9.6178459 -0.6449071 -22.4331824
v -12.0767578 -0.1320374 -11.1802696
v -10.2706912 -0.5171582 -15.4715154
v -13.4919489 -0.3053886 -14.3192104
v -10.1348550 -0.0214674 -5.8267646
v -8.2012687 -0.1292263 -9.4876897
v -11.7967690 -0.0498908 -8.5801968
v -4.5697303 -0.0002280 -6.5457242
v -3.6840230 -0.0992412 -11.4926160
v -6.6211337 -0.2982047 -12.9431978
v -5.9239337 -0.1157955 -10.6639132
v -4.8566495 -0.4843620 -17.3666984
v -7.5207018 -0.4559387 -16.2411257
v -8.9317346 0.0016461 -0.7279204
v -7.0729968 -0.0002280 -2.9748449
v -9.4778515 0.0053942 -3.1507156
v -7.2809093 0.0634903 5.2882655
v -5.4997922 -0.0002280 1.9382798
v -8.5062070 -0.0002280 2.4053925
v -1.8280574 -0.0002280 3.0455619
v 0.2261182 -0.0002280 -0.2678426
v -3.2487928 -0.0002280 -1.6030532
v -3.0297916 -0.0002280 0.0557595
v -1.5744041 -0.0002280 -6.2390056
v -4.2647919 -0.0002280 -4.9361553
v -5.2641580 0.2515217 10.7346302
v -3.4955157 -0.0002280 7.0075777
v -6.2607520 0.0556817 8.1078250
v -4.0776707 1.0998495 16.3920398
v -1.9167667 0.4548580 12.9506014
v -4.2689502 0.6713128 13.3347031
v 1.8187280 0.8446640 14.9738183
v 3.7135040 0.2752599 11.1328016
v 0.0209779 -0.0002280 9.0969220
v 0.6835257 0.1303320 11.8700517
v 2.4951367 -0.0002280 5.8960747
v -0.7067159 -0.0002280 5.3037421
v -2.6153527 1.4665420 22.5869104
v -0.4572209 1.0770484 18.3547572
v -3.6770926 1.2682032 19.5675617
v -0.6526587 2.1874332 27.1764330
v 1.5720052 1.4434285 22.7937344
v -0.8176026 1.9790994 25.1757276
v 5.2756199 1.7773248 26.7402736
v 7.8204690 1.4765370 22.9203613
v 3.4224265 1.2216639 20.1416038
v 4.1265568 1.5455652 23.6182164
v 5.5611531 1.0111437 16.6199683
v 2.9040313 1.1007865 18.5250001
v 0.8748052 2.9667329 33.2193512
v 2.9081895 2.1583852 29.0856856
v -0.1065418 2.6278390 31.4296907
v 2.3163319 4.7224216 39.3213621
v 4.5950530 3.2584627 35.5605424
v 2.1583184 4.2017432 36.1599098
v 8.0796666 3.5105247 36.9520316
v 7.0123824 2.3495400 31.3326101
v 7.3090042 2.7812002 33.9594153
v 8.6368721 1.9556736 27.8405209
v 6.5743800 2.1105965 29.6498789
v 4.4190204 7.7912068 44.3582998
v 6.5161645 4.6886884 40.6537587
v 3.7107318 5.8193756 41.5570308
v 6.5341836 11.0208494 50.1212318
v 8.7934995 7.4966659 46.3547843
v 5.5625392 9.6830777 47.2988584
v 12.0618841 8.0807502 48.4764888
v 13.6461774 6.0630044 44.8591796
v 10.5746167 5.4070808 42.8908344
v 11.2038985 7.5082226 45.6709989
v 12.4070189 3.9962205 39.3818616
v 8.5883592 4.1717581 40.1205187
v 7.9563052 12.0025483 55.8405479
v 10.1490891 8.9815519 52.2738896
v 7.1329716 12.0740752 53.0533486
v 11.4270579 11.6052461 57.7849747
v 9.0222033 12.5663302 58.6122706
v 15.9054933 9.7118134 59.6914134
v 17.3539504 7.9629963 55.6998514
v 13.3772772 8.3896589 54.4209194
v 14.9920644 9.2682842 56.8845166
v 16.2076595 6.3331824 50.5897514
v 12.4458292 7.2196163 50.8275287
v 13.8734951 10.9771212 63.2791763
v 18.9839845 10.3789814 61.6907119
v 16.3518122 11.6205510 62.5095660
v -2.8911833 -0.5605741 -20.5098601
v -1.0144264 -0.8554274 -24.4437366
v -3.9113407 -0.7048773 -23.8415552
v 2.5824599 -0.5933703 -21.8957214
v 2.4064273 -0.7014415 -25.2935439
v -1.2112503 -0.4693695 -15.0297282
v 0.8623305 -0.6777033 -18.1152042
v -2.4407062 -0.5296520 -18.2502730
v 0.5546200 -0.0092860 -9.2386568
v 2.4618707 -0.1629595 -13.0360576
v -0.0510985 -0.1295386 -12.4859339
v 6.2943912 0.0435002 -11.1844905
v 8.2875791 0.0650520 -14.5274414
v 4.4453560 -0.3837871 -16.5126701
v 4.9692955 -0.2491666 -14.3642333
v 6.2888469 -0.4537523 -20.0441544
v 3.8715175 -0.4974805 -19.2449978
v 2.4175160 -0.0002280 -3.8274662
v 4.3206085 -0.0002280 -6.9607791
v 1.2961746 -0.0002280 -5.8689736
v 3.9768598 -0.0002280 2.1099297
v 6.5840826 -0.0002280 -1.6832502
v 2.7113657 -0.0002280 -1.0036857
v 9.4200092 0.0185127 -0.0089609
v 11.3494373 0.9911536 -3.3856789
v 7.6693859 0.0028955 -5.4201515
v 8.7533031 0.0819186 -2.7792766
v 9.9688982 1.3793979 -9.1880060
v 6.8751601 0.0772335 -8.0286662
v 6.3248850 0.0363163 7.6407123
v 7.3297955 -0.0002280 3.5070467
v 5.5348175 -0.0002280 4.2231923
v 7.3783084 2.0584349 13.0814492
v 8.8794367 0.9955264 9.5260466
v 6.1876628 0.2530834 10.2168668
v 12.9392749 4.2251691 11.1806384
v 14.9393932 5.2824554 7.7012119
v 11.1013283 1.6458278 5.8060289
v 11.9911939 3.3218686 8.6269954
v 13.2234220 3.0451314 2.0874182
v 10.3611598 0.3168017 2.7712036
v 9.6708903 1.2450897 19.4057607
v 11.4104249 1.7776372 14.7191575
v 8.0949135 1.1307716 15.1876771
v 11.3314182 1.7563977 24.9154389
v 13.0543198 1.5833589 20.6734369
v 9.5378263 1.3472264 20.1655222
v 16.9007012 2.0265758 23.0202559
v 14.8742473 3.1850617 16.9112102
v 16.0773676 2.0787373 19.5253528
v 16.6553644 4.5425111 13.3135986
v 14.0218060 3.2684577 14.1014995
v 12.1949481 2.4516767 30.2619091
v 14.8354369 2.1708790 27.9657408
v 11.8262499 2.1508889 28.0234264
v 14.3572382 3.1916210 35.3551254
v 16.1868682 2.9985920 31.6716888
v 13.5061830 2.9233170 33.2545254
v 19.8558309 6.4777980 33.8187187
v 21.7395182 4.6068541 29.9847368
v 18.1343154 2.3842103 28.5243062
v 19.1697196 3.5189580 30.6305341
v 19.2334795 2.4657322 24.2963739
v 16.5056674 2.0212659 24.1838166
v 15.4591745 3.8363001 39.1905142
v 17.6769079 4.4459967 37.5232597
v 17.5687934 5.4611164 47.1708245
v 19.6229689 5.6878786 43.0962514
v 16.3171601 5.2096791 43.8728965
v 23.4568755 5.8181263 45.2897111
v 21.2543890 5.2877652 39.0878057
v 23.2531213 5.9970997 42.6600920
v 23.5206354 10.1088033 35.7673664
v 20.7831207 6.9831714 36.5918483
v 19.2251630 6.0520723 51.5310116
v 21.5426944 5.8556076 49.0125427
v 18.6111281 5.8362422 49.4360395
v 21.2807246 8.6173581 58.1606346
v 23.0549113 7.4438796 54.3224318
v 20.0526548 6.8016993 55.1919367
v 24.4922798 6.0658155 50.8092381
v 26.0322184 6.1217252 53.3938344
v 23.9558655 6.4140797 47.9545044
v 24.6253438 7.1593338 60.0769221
v 21.9654498 10.2246832 60.7930677
v 8.1323378 -0.4653090 -23.9752169
v 10.0548354 -0.0911203 -18.4725736
v 11.9135732 -0.1966927 -22.2530908
v 8.8323099 -0.4303264 -20.9403916
v 11.6848694 1.2166664 -12.9783720
v 13.9760653 1.8910182 -16.3213228
v 10.7728266 0.2399650 -15.5024687
v 17.1806900 2.6247156 -14.5232205
v 19.2667455 0.7884420 -18.3642372
v 15.5423395 0.3905150 -19.8134120
v 16.6165541 1.6948659 -17.3033849
v 18.3048036 -0.1807631 -23.2478156
v 14.2574402 -0.2804011 -22.8018074
v 13.4562840 4.6062294 -7.1901145
v 15.4051172 4.2585899 -10.8538536
v 12.4832535 2.8036890 -9.9069656
v 15.1722552 6.0683142 -1.5763208
v 14.3142696 5.6984983 -4.3832177
v 20.8565831 1.2369688 -12.3494582
v 18.2105500 2.9461181 -11.7121027
v 16.8882264 5.2946368 4.0360659
v 16.0302408 5.4417511 1.2305760
v 18.3810382 3.8928345 9.7413123
v 17.9416498 4.1870630 6.7275915
v 20.7276774 3.4330633 15.4338961
v 22.3965217 4.3513563 11.5872515
v 19.5439622 3.7625868 12.6227784
v 21.9862411 4.0889868 20.8718191
v 23.6550854 3.8259927 17.6175071
v 21.1642936 3.5501925 17.6822275
v 27.4737451 4.7773942 19.2158203
v 30.1960129 2.6675068 15.6491619
v 25.8783632 4.5056545 13.3698772
v 27.9962986 2.1527630 9.7933701
v 25.0758209 4.5671863 10.7402581
v 23.5220214 3.6535785 26.0297558
v 25.7009445 6.2519728 22.8246876
v 23.0368923 4.5840530 23.8278543
v 25.4680825 7.6506517 32.1022204
v 27.7717531 5.1768829 28.3639121
v 24.7611800 4.3054416 28.7522347
v 31.5363555 6.8338707 30.6277202
v 33.0305534 5.8499854 26.7219830
v 29.8439477 5.5213989 24.8732299
v 30.2237345 6.3291219 27.5802322
v 31.4975452 4.7077414 21.0927127
v 28.9915064 4.8267447 21.9945778
v 27.1854398 8.6489049 37.7160141
v 29.1897163 6.6748874 34.2323666
v 26.0682566 7.8936558 34.9119311
v 28.2000528 8.1725795 40.3836213
v 32.7976914 7.3086345 35.9995157
v 35.1775965 5.2128025 32.2682423
v 31.9397058 6.8235634 33.1926189
v 21.4234912 0.4760974 -21.9041632
v 20.4948154 -0.3375601 -25.3174623
v 22.3604836 0.2399650 -15.9189306
v 24.9150352 0.0413138 -19.8992369
v 22.1082164 1.3603449 -19.0423947
v 28.1418373 -0.5880604 -17.4581512
v 30.0934427 -0.7158094 -21.7409552
v 26.8430772 -0.2894590 -23.4419769
v 26.9983185 -0.3731674 -20.2650480
v 26.9983185 -0.4340746 -14.4950811
v 33.7818106 -0.5537025 -9.6396420
v 30.1655190 -0.5843123 -12.3691558
v 32.0353455 -0.7392352 -16.0582202
v 29.8217704 -0.6299146 -14.6864285
v 38.3143032 -0.1048634 0.5017677
v 34.2295155 0.2680760 -0.5900378
v 34.4332697 0.2352798 1.3994119
v 31.4504183 1.5536861 10.9794423
v 33.9231911 2.4479286 16.8141296
v 34.3223831 1.7998136 13.3445518
v 32.6091840 2.2092973 14.3209861
v 38.8299262 3.8116249 15.7434286
v 40.5944103 2.2851971 12.4947445
v 36.8353522 1.1901171 9.6667432
v 38.2713346 2.4469915 13.3206334
v 39.1251620 0.4532963 5.4838337
v 37.2054365 1.0058338 8.7353318
v 33.8913111 3.5264543 21.5021398
v 37.0169292 3.3740302 19.4099816
v 36.6953578 5.2896393 28.6706307
v 38.6441910 4.4791052 25.0054847
v 35.9787527 4.6830662 26.0396046
v 40.5916382 5.7431636 21.3403387
v 42.3173120 4.7208599 17.8172962
v 39.7336526 5.1181621 18.5348488
v 31.7553567 -0.7645351 -26.1855603
v 33.9328936 -0.8485558 -19.4377521
v 35.7805428 -0.9119617 -22.7483427
v 32.7020516 -0.8141979 -22.4247406
v 40.1813575 -0.8407472 -20.8630085
v 41.9125756 -0.8560521 -24.5450381
v 39.5340566 -0.8907223 -23.9977284
v 35.3480848 -0.6648972 -13.7001454
v 37.6586858 -0.8270040 -18.2671565
v 36.3266596 -0.7395475 -15.2126337
v 37.7986802 -0.5999295 -8.3381986
v 38.6788431 -0.7967066 -11.6867773
v 35.8110366 -0.6164838 -10.8777720
v 42.6222503 -0.6820761 -9.5847704
v 45.1865046 -0.9250802 -13.8211445
v 41.7504039 -0.8260670 -15.8654659
v 41.0143936 -0.7308019 -12.5872355
v 43.3291528 -0.8632360 -19.8950160
v 41.2195339 -0.7857745 -17.8000439
v 39.3441631 -0.3075750 -3.0930300
v 41.1848819 -0.5493297 -6.3290514
v 37.9622380 -0.5458939 -6.4908525
v 41.4953645 -0.0217798 2.3772532
v 42.4767116 -0.3281898 -0.6871184
v 40.9104373 -0.1398460 0.5819648
v 46.2704217 -0.1760780 0.7114056
v 48.6253774 -0.5334001 -2.5724527
v 44.3493102 -0.5771284 -4.5998904
v 45.8573689 -0.3100738 -1.7578194
v 46.8012917 -0.7204945 -8.5379878
v 44.5128680 -0.6980057 -7.7908889
v 42.6125477 1.0061461 8.1781733
v 43.4123178 0.2218490 4.1373674
v 42.1357350 0.6000982 5.9650160
v 44.4893046 4.3001318 14.0114537
v 46.5822905 2.7705805 10.3026917
v 43.4663751 2.6437686 11.4367062
v 50.1126449 1.0276979 12.3737454
v 51.8909898 1.4487384 8.1106389
v 48.3855850 2.4379336 6.6825686
v 48.7057702 1.7838841 9.7230218
v 50.3025383 1.4681037 2.9484813
v 47.0092042 0.1543826 3.5028258
v 44.9453260 2.8417951 16.9731167
v 53.4087511 0.6513227 13.0701935
v -33.3170994 15.0026177 25.5232481
v -32.3426828 15.2534304 23.6913786
v -30.5781987 13.5858229 24.5158606
v -29.4513129 13.2762894 22.5348527
v -31.3682662 15.4292804 21.8595091
v -30.9053143 14.4294655 23.5746004
v -30.3952357 15.2534304 20.0262326
v -32.2262518 14.9604512 19.0526122
v -31.7979520 15.1672233 20.4553572
v -31.2532213 14.6737189 17.2207427
v -32.8236537 13.4321493 17.7145877
v -37.2147659 15.1163111 32.8535401
v -34.4079470 15.7291312 31.9952910
v -33.1687885 14.9120378 29.8159009
v -34.6657585 15.2293799 30.7346496
v -34.2915160 15.7700483 27.3565246
v -34.5243780 15.4127261 36.6340573
v -32.6919758 16.2901020 37.6076777
v -31.6482550 15.6913375 35.9573068
v -33.4335304 15.5198603 35.1595571
v -33.1202756 16.4281583 36.2049327
v -32.7820712 15.0791421 33.1039800
v -33.9782612 16.0033697 33.3980359
v -30.5421605 13.9137846 33.7680679
v -29.7368461 13.7366853 31.8334899
v -30.9274917 14.1205567 31.1876926
v -31.0231314 14.1705319 32.6157629
v -29.4873511 14.5044282 37.0392635
v -29.2863690 13.8132097 34.6249101
v -30.8457128 14.2954697 34.8655013
v -26.7387477 13.2734783 35.7561106
v -26.1039215 13.4018519 34.0593098
v -27.9363238 13.9194068 33.0856895
v -27.5080240 14.2523661 34.4884344
v -26.5252909 12.0725135 31.1778438
v -28.7943094 13.8759909 30.2787926
v -29.1269694 13.6208054 31.5225504
v -32.8610780 14.8173974 28.0304612
v -31.6551855 13.8881724 26.2970793
v -32.7238557 14.6137488 26.8457960
v -30.6267116 14.7371249 29.3051723
v -32.0308140 14.8639368 29.7328899
v -28.2149265 13.2890955 28.5580734
v -29.6522950 14.1683454 27.4718958
v -29.2239952 14.4378988 28.8760477
v -28.4921432 12.5504007 25.5893755
v -30.0778226 13.4636961 26.2801957
v -29.9433725 14.4422716 41.7540060
v -30.8595736 15.8265827 38.5827050
v -29.1436024 14.9826277 44.1950917
v -28.3687818 14.4282161 42.6206970
v -22.6040610 12.7809110 45.4571401
v -23.5299647 15.1881504 42.4800004
v -25.3623669 15.5995082 41.5049730
v -24.9340672 15.0910112 42.9077180
v -28.9384620 14.8439467 39.8546021
v -27.9515707 13.9750042 37.6512936
v -29.3293376 14.5850131 38.2548820
v -27.1518006 15.2481205 40.5665268
v -28.5974855 15.5270442 40.9604773
v -24.3879503 14.7705457 39.6731035
v -26.1787700 14.9894993 38.5742632
v -25.7920528 15.6569796 40.1022281
v -25.2459359 14.1211814 36.8662067
v -26.5460821 14.2904722 37.6048637
v -31.8728005 1.3153672 -15.5826657
v -29.5816047 3.7351005 -12.4451319
v -28.6071881 3.6894982 -14.2784084
v -30.1346520 2.7880718 -14.8383808
v -30.2968237 2.5634961 -13.8422490
v -29.4651737 3.3221810 -17.0838983
v -30.8665040 2.5294505 -16.6547737
v -32.9317682 -0.0798759 -21.5214685
v -31.1173851 -0.0545759 -23.1591768
v -33.7093610 4.9404381 -5.2091066
v -32.5034685 4.9376270 -6.9481164
v -34.3358707 3.8706580 -7.9231437
v -33.9075709 4.6852526 -6.5189918
v -34.7655565 3.3609117 -9.3258887
v -33.3281881 4.6699477 -0.7236995
v -32.2442709 5.7890782 0.0445038
v -30.7805668 5.7718993 -1.2878928
v -32.6074247 4.6793180 -2.0617241
v -32.2442709 5.4389400 -0.7265135
v -31.6454829 6.0133416 -4.1426265
v -29.8130807 6.4371932 -3.1675992
v -28.9287595 5.0847413 -4.8953532
v -30.6710663 5.4798571 -5.9744960
v -30.2483108 6.1854435 -4.5844138
v -29.2447865 6.5911790 -0.4535621
v -27.4484224 5.2799566 -2.2966873
v -29.3847809 6.2632172 -1.7648543
v -26.1399597 5.3414885 -1.6016462
v -25.3928608 3.9587392 -3.3181445
v -26.8371597 4.7099278 -4.1074524
v -26.2591629 4.4922237 -2.8510319
v -25.9583828 3.8803407 -5.6424521
v -27.4664415 4.8320545 -6.7778735
v -27.4359477 4.9429368 -5.4285933
v -32.1222956 3.1806889 -9.0627861
v -30.3481088 3.3740302 -10.7820983
v -29.0729121 4.2167358 -7.7332033
v -31.1007521 4.5481333 -7.3772410
v -26.8912169 5.1187868 -8.6646147
v -28.7236191 4.9273196 -9.6382351
v -28.2662116 4.8345533 -8.1834324
v -26.8122102 3.0238919 -11.6487893
v -29.1519189 4.1121003 -11.0423870
v -32.6808871 7.6356592 4.5875965
v -32.7640522 6.6033605 2.1451038
v -31.8783449 8.9687457 5.1363132
v -29.0715260 10.9636904 4.2780640
v -30.6613637 8.1878844 3.0469689
v -30.4756285 9.9641878 4.7071886
v -29.8103085 7.8552374 1.7089444
v -30.8152189 7.4235772 2.2238939
v -31.1367903 13.0651445 12.5805694
v -30.1623737 13.0345347 10.7486999
v -31.5650900 11.4868675 11.1778245
v -28.3299714 10.8902894 11.7237272
v -27.2959532 9.6015558 10.0663215
v -29.1879571 11.3900407 8.9168304
v -28.7582712 12.2274364 10.3195753
v -28.2135404 10.8487476 7.0849608
v -29.6162568 11.0052322 7.5126785
v -26.5613291 7.9358223 7.6097591
v -25.0061435 6.9138309 6.3012809
v -27.7020757 9.7880255 5.3684625
v -26.5128161 8.1113599 6.8879856
v -25.5633490 7.4807363 10.9147218
v -24.6097237 6.1076697 8.7128203
v -25.9597689 7.5635076 9.5274535
v -23.0448355 4.9557430 9.8524626
v -21.9179498 4.2916985 8.3652998
v -23.8889603 5.7047452 7.0737051
v -23.0864180 5.1394016 8.4891127
v -22.3892181 5.3380527 5.2615331
v -24.2437977 6.7436032 4.4328302
v -23.9333150 6.1682645 5.8580866
v -28.0971094 9.0758799 2.4447875
v -27.0908129 6.8985261 0.4131289
v -28.5267953 7.7784007 1.0420426
v -26.2647072 8.6854492 3.4198148
v -27.6688097 9.8336278 3.8489394
v -23.4578884 6.8701027 2.5615657
v -25.5273109 7.1221648 1.4880508
v -24.8619908 8.0595107 2.9906903
v -24.2063734 6.1007981 0.0895267
v -26.0027375 6.0480119 -0.1243321
v -30.2788047 14.2645476 15.3874662
v -29.0673678 11.3816074 13.4669579
v -30.7071044 13.9256537 13.9847213
v -29.7243713 13.4099729 18.4968607
v -28.4713519 11.3809827 16.0079382
v -29.8588214 13.4324617 16.7536301
v -26.6819183 9.6537173 17.7497619
v -25.1059415 7.7946426 15.5745927
v -27.1282372 9.0743182 14.4194737
v -26.5433100 9.1202328 15.8602068
v -26.4892527 7.9667444 12.4567564
v -28.1123564 9.9560669 13.2615409
v -28.5628334 13.4558875 21.0012599
v -27.5884168 12.0119187 19.1679834
v -28.9911332 13.9109735 19.5971080
v -27.9224629 11.3294458 23.6379139
v -26.0540225 9.8055168 21.4979189
v -28.1331476 12.1684033 22.4040049
v -25.1419797 9.1908227 23.1623594
v -24.0095496 8.0142208 21.1053754
v -24.7815980 8.8450573 18.3111412
v -26.1843144 10.2921496 18.7402658
v -22.4210980 6.2369803 19.1285884
v -22.2048690 5.8677890 17.4247528
v -23.8653969 6.9550604 16.3385751
v -23.8057953 7.5650693 18.1296427
v -22.1078432 6.4771733 21.9045320
v -20.0522815 4.5375136 20.4483224
v -22.7523720 6.6405295 20.7508200
v -18.4749187 3.5548777 19.2369248
v -19.5491333 4.1739446 19.5872593
v -19.1679604 3.4268164 16.6523285
v -21.1708508 4.9007703 15.6730803
v -21.5395490 5.2099914 17.4528921
v -25.2445499 6.9088334 13.4317837
v -24.4891344 5.9321320 11.7476456
v -22.8327648 5.9886664 14.6459952
v -23.9471758 6.9463148 15.3368155
v -20.6718608 3.8516050 13.8060366
v -21.9290384 4.5853023 13.0026591
v -21.3441112 4.6155998 14.4307295
v -22.7440555 4.7642758 11.7532735
v -26.6736018 11.2991484 26.6037979
v -25.6922548 10.0204098 24.7254985
v -27.0700217 10.8731104 24.8028816
v -25.6714635 11.1623415 29.5879724
v -25.4690954 10.4286442 27.7589168
v -26.5377656 11.7067580 28.0782981
v -23.2375011 9.0699454 28.7564556
v -22.3781294 7.6784504 26.2140683
v -23.5341230 8.3699812 26.3955669
v -23.9457897 8.7732180 26.7712268
v -23.2832419 7.6509641 23.7012274
v -24.1370692 8.5511411 24.3821988
v -25.2999932 12.2517993 32.3006025
v -24.4253746 10.7216233 30.0874453
v -25.7130460 11.7536097 30.8261024
v -24.6596227 12.2099451 35.1539293
v -23.4814518 10.8943499 33.2320139
v -24.4835901 11.9984879 33.6076738
v -21.7613223 10.1793932 34.5728524
v -20.7231459 8.9721815 32.4961708
v -22.4169398 9.4619378 31.1004607
v -21.5520238 9.6599642 33.4205474
v -21.7474615 8.6979430 30.0297597
v -23.0101835 9.7021307 30.0297597
v -19.5477472 7.5307114 30.9485084
v -18.5913497 6.1098561 28.6959561
v -20.8354186 7.3417430 27.8250442
v -20.1049527 7.1774497 28.8690129
v -18.6592678 8.2256780 33.3178388
v -17.7139589 6.8148177 31.6942003
v -19.0861814 7.7409193 32.2682423
v -15.4934533 5.6844428 32.4469270
v -13.9133183 4.4737953 30.4476285
v -16.5621236 5.3086923 29.7905755
v -16.4456926 5.5570062 30.9836825
v -16.5066803 4.5709345 27.2791415
v -17.0985379 5.1447114 28.2879360
v -21.9165637 7.0287737 24.7508239
v -20.1728708 5.4042697 23.1243714
v -21.9027028 6.6536479 23.3002421
v -19.5685384 5.9308826 25.9242334
v -20.7827475 6.7379810 26.1085459
v -18.8255978 4.6552675 23.5141009
v -17.2717983 4.3663488 25.5738989
v -23.6006550 13.4171568 37.8679664
v -22.4391171 12.1502873 36.0079575
v -23.8432196 13.1819614 36.4370821
v -22.2159577 13.6882719 40.5454223
v -21.3413391 12.2677289 39.1440844
v -22.8965246 13.4849356 39.5760229
v -19.9261480 11.6136794 39.6815453
v -18.9406427 10.3249458 37.8609315
v -20.8312604 10.5851288 36.5819996
v -20.7550258 11.6321077 38.4448224
v -19.1624160 9.0599503 35.0666974
v -20.9587801 10.0147876 35.4015553
v -21.5118273 13.2890955 43.0427867
v -20.7231459 13.4618221 41.6217512
v -22.1272484 14.0868235 42.0508758
v -19.9455531 12.2605449 44.3484510
v -21.3815355 12.6484769 44.7297387
v -17.9884034 12.8989772 45.6175342
v -17.0583415 13.0629581 43.5703989
v -19.1832073 12.6690916 42.7149637
v -18.4624439 12.7318729 43.9995235
v -18.1034483 11.5768227 40.8057110
v -19.3204295 12.5369699 41.1926266
v -15.9577913 10.8459365 41.9974111
v -15.4657317 9.5937472 39.9502758
v -17.5462428 10.1353526 38.8556564
v -16.5136107 10.4848662 40.3343775
v -15.1510907 11.5515228 44.3991018
v -14.8641715 10.8540574 43.7631532
v -11.9797320 10.1847031 43.8546060
v -11.2062975 8.4555636 41.5288915
v -13.2036436 8.7919587 40.8240016
v -12.4995132 9.1630240 42.2928739
v -12.0642831 7.5678804 38.9752485
v -14.1364777 9.0752552 38.0733834
v -13.6929310 8.8253796 39.7293822
v -18.2240376 9.1876993 36.3203039
v -16.8268655 7.8236906 34.2914592
v -18.2295819 8.7376108 34.7205838
v -16.0049181 8.6385975 36.9112296
v -17.6224774 9.3054532 37.4430627
v -13.0012754 7.3954662 36.1683516
v -15.0485206 7.3304986 35.3677881
v -14.1378638 7.4691796 36.0965964
v -14.0630153 6.0505106 33.9284620
v -14.9819886 6.4331327 33.7244520
v -15.3188068 14.0227929 49.1996692
v -16.2003559 13.4458925 46.3758888
v -17.6044583 13.0792000 46.8050133
v -13.5099680 16.4384656 50.1578129
v -8.0141475 18.7182685 53.0800810
v -10.0627787 17.7050228 52.1810298
v -9.1036090 17.6422415 50.1564060
v -10.2055453 16.9441514 49.4402604
v -10.2748494 18.6751649 50.7023087
v -14.3679536 14.4166594 47.3509161
v -13.3256189 12.7278124 45.6906964
v -15.1095082 12.9320857 45.8159164
v -12.7656413 15.8390764 48.2035374
v -13.9396539 15.9487094 48.7536610
v -10.0198101 13.7785394 47.5633679
v -11.7108318 12.7331222 46.3927724
v -10.9568025 14.7895987 47.8391332
v -10.4758315 10.5663881 44.6987855
v -11.3573805 10.9908643 44.7902383
v -29.5913073 0.5847933 -21.8661752
v -28.2703699 0.5301330 -22.9790851
v -29.9697081 0.0897272 -22.9903409
v -28.5766943 2.9483045 -19.0423947
v -27.5163405 2.7855730 -20.7490443
v -29.0784565 1.4852827 -20.8447180
v -25.6839383 2.7199807 -19.7754239
v -24.7095217 1.6923671 -21.6072934
v -26.6292471 1.1548221 -22.8580861
v -26.1676814 1.6520747 -21.3512257
v -25.6506723 0.4973369 -24.1947036
v -27.3999095 0.8074950 -25.3878106
v -26.9716097 1.2272861 -23.9850657
v -27.6327715 3.7906978 -16.1102779
v -26.6583549 3.7235437 -17.9421474
v -28.0610713 4.2136123 -17.5130229
v -26.7692416 2.8221174 -13.3540318
v -25.7587868 2.3089353 -14.8186833
v -27.2030857 3.1788148 -14.7075330
v -24.1232084 1.4621692 -14.2685596
v -22.9935505 1.0954767 -15.9934998
v -24.5099257 1.5602454 -16.9150624
v -24.3103297 1.7532743 -15.9822440
v -23.9762836 1.2947525 -18.5724681
v -24.8647630 1.9388070 -18.3065516
v -21.9221080 0.3958249 -18.3600163
v -22.7357390 0.6510104 -20.4845347
v -22.3448634 0.4620419 -19.5024726
v -20.7633423 0.3464745 -16.4901587
v -18.8477751 0.1165889 -15.7979315
v -16.9807208 -0.2326123 -17.4961393
v -19.6281400 0.1187753 -16.9389808
v -18.4291779 -0.2616604 -20.6266383
v -20.6233479 0.0032078 -21.7451761
v -23.3372991 0.2062318 -23.2506295
v -24.0247965 0.1899898 -24.6364909
v -21.7266703 0.2193502 -22.5204143
v -23.3165079 0.7603310 -22.0518946
v -18.9309401 -0.2853986 -22.9439110
v -20.9546218 -0.0889338 -22.6076461
v -25.7989832 3.4071387 -10.4444265
v -24.0566764 1.8647813 -11.9400312
v -25.1073276 3.7054277 -7.8654581
v -24.0843981 2.9945315 -9.5228639
v -25.4871144 4.0312031 -9.0937393
v -22.6498018 2.0115832 -8.5759759
v -21.4633144 1.2238503 -10.9692248
v -22.5527759 1.5127690 -11.3772448
v -22.8563282 2.2039875 -9.8999307
v -22.5028769 1.0829829 -13.5327165
v -23.7143138 1.5049604 -13.0613830
v -24.0400434 3.1497668 -4.7842029
v -23.3761095 2.4463669 -6.8622915
v -24.7774398 3.1969308 -5.8661597
v -23.3123496 5.0903635 -1.8774115
v -22.3684269 4.1155361 -3.9090702
v -23.9333150 3.6011047 -3.8429428
v -20.5360246 4.3779055 -2.9354498
v -19.3675564 1.8447913 -4.7842029
v -21.3302504 2.3942053 -5.6748123
v -20.9643244 3.2440948 -4.3381948
v -20.2158394 1.5661799 -7.0339413
v -21.4369788 1.9041367 -6.9227910
v -17.4949577 0.8571578 -8.0849448
v -19.2677584 1.0970384 -9.4511086
v -18.8727246 1.1401420 -8.2383041
v -17.4242675 1.4490507 -3.8837448
v -16.2627296 0.7834445 -5.5847665
v -18.1145370 1.1851196 -5.0135384
v -13.5792722 0.2783833 -6.2122733
v -16.2918374 0.6291463 -6.6062237
v -14.7477405 0.3986360 -6.6582814
v -14.5315115 0.2199749 -9.5186430
v -16.2003559 0.4414272 -10.3979966
v -15.4588012 0.4389284 -8.5393948
v -20.1645543 0.7590816 -12.5211081
v -19.3287460 0.6335191 -14.0448521
v -20.9116532 0.7475249 -13.3976478
v -18.2600757 0.7606433 -11.0142477
v -19.3689424 0.9049465 -11.1197701
v -15.3479146 0.2662019 -11.8274739
v -18.2850252 0.4689135 -13.0121392
v -16.7700361 0.5610552 -11.3772448
v -16.1698620 -0.0339612 -14.8440087
v -17.6626738 0.2190379 -14.5555807
v -22.4848579 6.5474508 0.7296962
v -21.2845097 5.0731845 -0.9797673
v -22.9131576 6.0717500 -0.6744557
v -21.7945883 5.1600163 3.7771842
v -20.6524556 6.1885669 1.7033165
v -22.0551720 6.4815461 2.1324411
v -18.8200534 5.1259707 2.6783438
v -17.8456368 5.1453361 0.8450674
v -19.7099189 4.7499079 -0.1102624
v -19.2483532 6.3956513 1.2741919
v -18.7521353 3.0076500 -2.0814216
v -19.9441670 3.9762305 -1.5439606
v -20.6427531 3.5907973 5.9664230
v -19.1873655 3.1722556 4.7930135
v -21.4924222 4.3991450 5.2896724
v -19.9608000 3.0723053 9.1728981
v -18.1852272 2.6375217 7.2763082
v -20.2269280 3.2512788 7.9924538
v -16.7284536 2.2417812 9.1813399
v -16.3597554 2.3348599 6.2984669
v -17.3632798 2.4704174 7.0146126
v -17.0749745 3.4867866 3.5464418
v -17.9232575 2.9842242 4.4356442
v -14.9473365 2.7349732 4.7789438
v -14.1808324 3.7144857 2.7937150
v -16.0132346 5.0528821 1.8200947
v -15.4089022 3.8194335 3.1693749
v -13.7774821 1.9135071 7.4873531
v -13.1426559 2.1883703 5.5316706
v -14.7089301 2.1611963 6.3575595
v -11.5306410 1.5446281 6.4799655
v -10.5160279 0.9027601 4.7423627
v -12.3484302 2.0462535 3.7687424
v -11.9201304 2.0125203 5.1714873
v -11.3740135 0.9268106 1.9354659
v -13.2064158 2.4701050 0.9618455
v -12.7781160 2.3086229 2.3645905
v -16.9252775 3.1325878 -1.1612659
v -15.9009618 1.4924666 -2.5837084
v -17.6224774 2.3560993 -2.3374894
v -15.4976116 3.4427460 -0.2565869
v -16.4415344 4.5193976 0.4159428
v -12.2319992 0.6831819 -0.8700240
v -14.1531107 1.0514361 -1.9477598
v -13.4046257 1.3300474 -0.7025951
v -13.6804563 0.5188886 -3.3265863
v -19.5560637 3.0420079 11.4310783
v -18.5275898 2.6462674 9.6118715
v -16.8684480 2.3595351 13.2601339
v -18.8020343 2.9120726 13.3403309
v -14.6271512 1.9016380 11.8489472
v -15.5627575 2.0618707 12.5186629
v -14.6049739 1.8982022 9.7567890
v -15.9203670 2.3030007 15.3916871
v -18.2559175 3.0157710 16.6762469
v -16.7506309 3.2440948 20.7775524
v -13.8454002 2.3592227 19.0343217
v -12.9416738 2.0296992 17.2812423
v -13.9050018 2.0090845 15.6336853
v -14.1364777 1.9790994 14.4687175
v -10.2942546 1.5008999 14.1690338
v -11.1896645 1.6127193 14.6952390
v -10.8611627 1.9013256 18.2379790
v -9.5471557 1.5892934 16.4581672
v -10.9027452 1.7501509 16.8493037
v -7.5886199 1.4859074 17.2981258
v -6.9288442 1.2916291 16.1612975
v -8.5949164 1.3918917 14.9442720
v -8.2996806 1.4665420 16.1486348
v -7.5955503 1.1688777 13.1996344
v -9.3447875 1.3975139 13.5907709
v -13.6471903 1.7785742 9.8721602
v -12.3290250 1.5543108 7.9544657
v -10.2609886 1.3600325 10.9456751
v -12.7365335 1.6239637 11.2481728
v -8.3911621 0.5897909 10.0874259
v -11.0205623 1.2372811 9.4514774
v -9.5693330 0.7009855 7.5731780
v -11.0274927 1.0651793 7.9206986
v -15.3368259 3.4261917 24.1542704
v -13.4711577 2.9170701 23.3522998
v -11.3892605 2.6422069 23.6871577
v -12.8931609 2.6734413 22.3012964
v -12.0601248 2.2461540 20.1458247
v -13.4503664 2.5029012 20.6368558
v -12.6201025 3.9987193 29.9453417
v -12.4593168 3.2622108 26.1465340
v -13.2951251 3.6413971 27.3227574
v -14.1198447 4.7845782 31.5858639
v -10.1334689 3.7981941 30.1985956
v -9.1077672 3.3946449 28.9070010
v -10.6809719 3.6557650 29.9762950
v -9.0329187 2.5513146 25.5570153
v -11.0566005 3.0969806 26.9006677
v -8.2982945 2.6053502 26.6558556
v -7.5567399 2.2255393 24.9379503
v -9.8243723 2.5903577 25.1278907
v -7.2448712 3.3902721 29.5035545
v -8.5020488 2.9208182 27.9587060
v -5.1518853 2.7006153 29.1194528
v -3.7450107 2.4191929 27.2636649
v -5.8227496 2.2233528 26.3758694
v -5.0617899 2.5894207 27.3523037
v -5.0964420 1.8819603 24.5932437
v -6.7583559 1.9712908 23.7462503
v -9.5956686 2.0640571 21.0884918
v -8.7764933 1.8625949 20.1190923
v -10.7516621 2.2096097 20.8296101
v -7.3987264 1.8857084 22.1802973
v -9.7730873 2.3932683 23.5042521
v -5.7132491 1.6680042 22.0832167
v -7.3931821 1.7170423 20.3667183
v -5.7354264 1.3119315 17.8341798
v -7.6731709 1.6458278 18.9780431
v -11.9464660 5.5179632 34.3449239
v -11.2104557 4.4731706 32.7874127
v -12.5785200 5.0497587 33.3966289
v -11.3296589 7.1284116 37.2151342
v -10.3552423 5.9621171 35.3818577
v -11.9353773 6.8491756 35.8686679
v -7.5567399 4.2332900 34.4504463
v -9.6012129 4.4856644 33.3150249
v -9.3073632 5.0116526 35.0371511
v -8.4064090 4.9129518 31.7181187
v -9.8992208 4.2370382 31.8151993
v -10.9623468 6.9713023 39.4437681
v -8.4535359 5.4636152 38.2478471
v -10.9373973 6.6436529 38.5672284
v -9.5014149 9.1630240 42.9316364
v -8.5353148 7.3323726 40.5763756
v -10.2679190 8.2806507 41.3065909
v -6.5199496 7.3133196 41.9200280
v -6.7860776 5.9012099 39.8053583
v -7.1575479 5.3561687 38.7191807
v -7.6135694 6.7079959 40.3709586
v -6.8345905 4.7305425 37.4852717
v -4.7388324 4.8832790 38.6713439
v -3.6618457 4.1561409 36.8830903
v -6.1803592 4.3107515 36.1599098
v -4.5614138 4.1280299 36.2963855
v -3.8531252 6.4693647 41.0491161
v -3.2487928 5.1465855 39.5478836
v -4.0707403 5.4479980 39.8109862
v -0.8037417 4.9035814 40.3625168
v -0.1342635 4.1096016 38.3491487
v -2.2189329 4.3985203 38.4096482
v -2.9854370 3.4496175 34.2984940
v -1.6631134 3.8550408 36.9196714
v -7.1824974 4.0493191 32.8197729
v -5.5995902 3.7372869 30.8598695
v -7.0036927 4.5625012 31.2889941
v -4.1677661 3.2072382 32.3906484
v -5.4083107 3.8934592 34.8303271
v -2.2009138 3.1272780 32.9970506
v -2.9424684 2.6425192 29.9228303
v -3.4386862 2.9076998 31.2186458
v -8.7141196 11.3469371 46.1775066
v -7.8991025 9.2539163 44.1275574
v -9.5222062 10.1269193 44.3822182
v -7.8977164 14.5387861 48.4413146
v -6.4645062 11.3484989 46.5981894
v -8.1264202 12.5856956 46.9991746
v -5.0631760 12.3077090 47.7533083
v -4.5544834 9.8255068 45.7103939
v -5.9821492 8.7491675 44.4244272
v -5.4706845 10.2896508 45.9706826
v -4.9910996 7.7365465 43.0568564
v -5.9585858 8.0666947 43.5281899
v -6.8941921 17.3811215 51.2088164
v -6.0694725 14.6096883 49.4866902
v -7.2310103 15.8884269 49.8440596
v -6.1817452 18.9125468 54.0537013
v -5.2073286 17.8118446 52.2218318
v -6.6100450 18.8491409 52.6509564
v -3.3749264 17.4657668 53.1968591
v -2.2438824 15.2449971 51.1553517
v -4.1871713 15.5754576 50.5686470
v -3.8032262 17.5910170 51.7927072
v -3.2584954 13.4561999 48.5566858
v -4.3535013 13.8266405 49.3994583
v -1.4247071 13.3037757 49.7103978
v -0.4516766 11.8610563 47.6998436
v -2.2840788 11.5933770 46.7248163
v -1.8557790 12.9829979 48.1289682
v -1.0269012 15.0276053 52.4835275
v 0.3273023 12.8418181 50.5123683
v -0.7178046 14.1108740 51.1215845
v 2.3676170 11.9925533 51.3073040
v 3.0467979 11.1620292 49.8412456
v 1.5248783 11.1898278 49.1532393
v 2.2511860 11.3631790 50.2197194
v 2.0266405 9.1823894 46.4546789
v 0.1789914 10.2003203 45.9734965
v 0.8193619 10.8681129 47.6618555
v -3.4095785 7.5001017 42.8809856
v -1.9126084 6.4824831 42.0579106
v -1.3096622 9.5709460 44.8929468
v -2.4032820 9.4928599 45.1138404
v -0.3019796 7.2798988 43.2439828
v 0.0847377 8.1900708 44.1683594
v 0.3480935 5.3421132 41.4529153
v -0.5279112 5.9880417 42.1915724
v -4.5503251 17.7724892 55.4536323
v -5.7520594 18.7922941 55.4578532
v -3.4913574 17.9580219 57.8356255
v -1.6589552 18.7226413 58.8092459
v -0.6845386 17.4039226 56.9773763
v -2.4407062 16.7645533 56.2964049
v -2.0872550 18.0929547 57.4065009
v -1.2597632 15.4448976 54.4054428
v -2.3630855 16.0976977 54.7262310
v 0.1734470 17.0562831 59.7842732
v -1.2292693 17.6825340 60.2119908
v 2.0058492 16.0308560 60.7578935
v 3.0869943 16.3869288 59.2749515
v 0.9690589 16.1926505 58.0973211
v 1.5290366 16.3891152 59.6196582
v 6.8585271 13.5286638 61.0224031
v 4.8126681 15.2487452 59.8996444
v 5.8993574 14.4141606 57.9298922
v 3.9546825 15.4336532 57.0927475
v 4.3829822 15.6085662 58.4968994
v 0.1443393 15.5432861 54.9583804
v 0.7528299 14.1202444 53.4388573
v -0.4059358 14.9485821 53.8510983
v 2.2012870 15.1603517 56.1317899
v 0.7195639 16.2588675 56.5482518
v 4.9290991 15.4149125 55.2608780
v 3.5665791 14.4894356 54.7909514
v 4.0641831 15.1756566 56.2753004
v 4.0711135 14.6278043 52.4539812
v 2.5810738 13.1597849 52.8141644
v 7.5030559 13.3034634 63.6801616
v -17.5171351 -0.5946197 -25.0163717
v -17.5808949 -0.3516156 -22.4430311
v -16.1435264 -0.6011789 -24.4395157
v -17.7472249 -0.4318882 -23.9273801
v -14.7713039 -0.6246047 -23.4461978
v -14.3097381 -0.6767663 -24.1750061
v -16.4706421 -0.3684822 -19.2829859
v -15.9979877 -0.4856114 -21.1894246
v -14.9695138 -0.3887846 -18.2559008
v -15.8164108 -0.3919081 -18.7877339
v -11.5403436 -0.6136727 -18.6808045
v -13.4046257 -0.5355866 -20.0765146
v -12.0337892 -0.5715062 -19.6319134
v -12.5036715 -0.6324134 -22.4613217
v -14.0824205 -0.5889975 -21.9787324
v -10.7516621 -0.7236180 -21.7508040
v -10.0613926 -0.7183081 -23.2562574
v -11.4890585 -0.6761416 -23.5390575
v -10.5423635 -0.7926461 -22.8904463
v -10.2457417 -0.5846246 -18.2136918
v -9.0814316 -0.5914962 -20.6786960
v -10.3275206 -0.6227307 -19.7712030
v -7.3973404 -0.5537025 -19.8753185
v -7.9628624 -0.6352245 -22.5077516
v -7.0660664 -0.7233056 -24.1243553
v -8.7931263 -0.6508417 -24.3635395
v -12.2902147 -0.7439204 -25.2119399
v -13.4864046 -0.3553637 -15.3631791
v -15.6805746 -0.1557756 -15.5207592
v -13.7178805 0.0625533 -11.0620845
v -13.1689915 -0.1876347 -12.7152694
v -14.2792443 0.0082053 -12.3536791
v -10.4009830 -0.2844615 -11.9794262
v -9.9130817 -0.4000290 -13.5200538
v -12.5341653 -0.3331873 -14.1320840
v -11.0496700 -0.3572378 -13.0754526
v -10.6795858 -0.5177829 -16.2580093
v -12.1211125 -0.5009163 -16.5844254
v -12.0171562 -0.0873721 -9.9266631
v -11.3310450 0.0559940 -4.7954587
v -12.0019093 0.0050819 -7.4855773
v -12.3512023 0.1028457 -6.2769937
v -8.5713530 -0.0249032 -5.9941936
v -8.0986985 -0.0539513 -8.3677449
v -9.8909043 -0.1292263 -8.9713333
v -10.0738673 -0.0789388 -8.0033408
v -9.2907302 -0.2832122 -11.1676069
v -10.7641369 -0.1935693 -10.2615209
v -7.6246580 -0.1254782 -9.9519885
v -6.3328283 -0.1995038 -11.6895913
v -8.5990746 -0.4100240 -12.9868138
v -7.8131654 -0.2841492 -11.6684868
v -6.1900617 -0.0008527 -6.5189918
v -5.8781930 -0.0648833 -9.5749216
v -7.2628903 -0.0389587 -9.0079144
v -4.1081645 -0.0002280 -8.4127678
v -5.3528674 -0.1539015 -11.4616628
v -4.3243935 -0.0227168 -9.7859665
v -3.7935236 -0.1632719 -12.3213189
v -6.0389786 -0.4087747 -14.1756999
v -4.6362623 -0.1385966 -11.9442521
v -8.6420432 -0.5815012 -15.4335274
v -8.3052250 -0.5006040 -17.5116159
v -9.1493497 -0.6336627 -17.1148515
v -7.0979463 -0.3791019 -14.1883626
v -4.5073565 -0.4084623 -15.3645860
v -6.4187655 -0.4303264 -16.3621248
v -6.0916498 -0.4375104 -14.9748565
v -5.2156451 -0.5437075 -18.3839347
v -6.5296522 -0.4977929 -18.2938889
v -11.3837161 0.1109667 -2.7047074
v -9.8368471 -0.0011650 -4.7546567
v -11.9201304 0.1562566 -3.6009447
v -10.3427675 0.1353295 0.2780601
v -9.4792376 0.0038325 -1.9041439
v -10.8292828 0.2318440 -1.2991486
v -8.5464035 -0.0008527 -3.5545148
v -8.2081991 0.0003967 -2.2924664
v -7.6606962 -0.0070996 -5.0487125
v -9.3974587 0.0481854 3.0849570
v -8.5561061 -0.0002280 0.8113002
v -9.7439795 0.0831680 1.4796090
v -8.6836257 0.4226865 5.7173901
v -7.7923741 0.0022708 4.3610750
v -9.1133116 0.1540702 4.3132381
v -5.8296801 -0.0002280 4.5608641
v -5.0534734 -0.0002280 3.2411302
v -6.5906398 -0.0002280 2.5376473
v -5.9447250 -0.0002280 3.1553053
v -5.2586137 -0.0002280 0.4497100
v -7.2892258 -0.0002280 0.0881197
v -3.7671880 -0.0002280 1.0969142
v -2.8204931 -0.0002280 -0.2003083
v -4.8718964 -0.0002280 -1.8731906
v -4.4394384 -0.0002280 0.1514332
v -3.0103865 -0.0002280 3.8855205
v -2.2577432 -0.0002280 1.6414100
v -3.5592755 -0.0002280 2.0888252
v 0.0791934 -0.0002280 3.3255481
v 0.6183798 -0.0002280 1.4824229
v -0.8924511 -0.0002280 0.4581518
v -0.4641513 -0.0002280 1.8608967
v -0.2423780 -0.0002280 -1.1795565
v -1.8585512 -0.0002280 -2.6990796
v -1.4981695 -0.0002280 -0.8911285
v -5.7631481 -0.0002280 -4.7659124
v -4.7194273 -0.0005403 -6.1517737
v -4.0014361 -0.0002280 -3.4349227
v -5.0479290 -0.0002280 -2.7792766
v -0.4336575 -0.0002280 -3.3744232
v -2.7498028 -0.0002280 -5.9280662
v -2.5044660 -0.0002280 -3.5573287
v -1.3900550 -0.0002280 -7.3617644
v -3.3638377 -0.0002280 -6.5668287
v -7.6121833 0.0781705 8.3610789
v -6.8512235 0.1031581 6.6910104
v -8.4133395 0.3027462 7.1975181
v -7.0716108 0.6375796 11.6984018
v -7.0147813 0.1675010 9.2573161
v -3.9861892 0.1240851 10.4180629
v -2.9050441 0.0285077 8.9379349
v -5.0188213 0.0494348 7.6660377
v -4.5877494 0.0734853 9.0800384
v -4.2744945 -0.0002280 5.7117622
v -5.4485071 -0.0002280 6.2618858
v -5.7381986 1.1182778 14.4068111
v -4.5946798 0.5288837 12.4272101
v -6.4187655 0.9171279 12.8886949
v -3.8586695 1.0052091 15.3072692
v -5.4069246 1.1251494 15.5759997
v -2.1634895 0.9642920 16.3821911
v -1.1405600 0.7219126 14.3913344
v -2.3159587 0.9558587 15.0146203
v -2.1537870 0.1665640 11.3930902
v -3.4165089 0.3224239 11.9713532
v -0.7857227 0.2893154 12.4131405
v 0.5892720 0.0756717 10.8457805
v -1.3803524 0.0000843 9.7652308
v -0.7233489 0.0881655 11.0511975
v 0.3577961 0.8530973 15.1313985
v 1.4971566 0.5857304 13.9214078
v -0.5403859 0.5007727 13.5781082
v 3.0273927 0.5282590 13.8313620
v 4.1071516 0.5295084 12.5116281
v 2.2442556 0.1834306 11.4057529
v 2.5325609 0.2255971 12.4553494
v 3.2838181 0.0734853 9.7300566
v 1.8866461 -0.0002280 9.0012483
v 1.8811017 0.0281954 10.1591812
v -2.3131865 -0.0002280 7.0300892
v -1.4136184 -0.0002280 5.0279768
v -2.8676199 -0.0002280 5.1377201
v -0.3338595 -0.0002280 8.2471146
v -2.2521989 0.0110164 8.4018809
v 2.7668090 -0.0002280 6.9386364
v 0.2954224 -0.0002280 5.6808089
v 0.7167917 -0.0002280 6.8232652
v 1.6316067 -0.0002280 4.7930135
v -0.5944432 -0.0002280 4.1781694
v -3.8323339 1.1538851 17.3487766
v -5.2281199 1.3565967 18.8668928
v -2.2813066 1.2806970 20.5425891
v -0.3324734 1.4303100 22.4040049
v 0.9676728 1.1935529 20.4244039
v -2.1385400 1.0829829 18.1493402
v -1.3443143 1.2528983 20.7845872
v -0.4641513 0.9330575 16.9182451
v -1.9375579 1.0164535 17.2728005
v -2.5751563 1.9010133 25.6189218
v -1.8918172 1.6352081 24.1655261
v -3.0103865 1.6014749 23.7279597
v -1.6949934 2.2911316 28.3259241
v -0.8702738 2.2018011 26.3322535
v -1.7906331 2.0971657 27.1792469
v 1.1201420 1.9734772 26.4771710
v 1.8769435 1.8744640 25.5049576
v 0.2067130 1.7073597 24.3906406
v 0.5587782 2.1836851 25.9087568
v -0.7288932 1.5599330 23.3044630
v 2.7210683 1.4606075 23.2580331
v 4.4107039 1.3447276 21.0969336
v 1.8367471 1.1226507 19.8953848
v 3.6982570 1.8051235 26.4954615
v 4.3760518 1.6283365 24.9084040
v 3.4099517 1.6958029 24.9632757
v 6.0601431 1.6005378 24.8858926
v 5.6540207 1.4706025 23.4395317
v 6.0545988 1.1488876 19.8067459
v 4.6560407 1.2291601 19.8602106
v 5.4502664 1.3244252 21.9186016
v 1.0037110 0.9824080 17.9565859
v 2.6101816 1.0045844 16.9365356
v 0.6571901 0.9027601 16.1922507
v 5.9187626 1.0832952 17.5668563
v 3.7439978 1.0152041 16.8774431
v 5.1009734 1.1332704 19.4465627
v 4.5299071 0.8518479 14.9907019
v 3.6344972 0.9639796 15.9305551
v -1.1114523 2.6737537 30.6375689
v -0.0192186 2.3589104 29.0561393
v 0.1859218 3.3418587 35.2847771
v 2.0418874 2.6715673 32.3976832
v 3.2671851 2.5103975 32.1936731
v 2.3052433 2.3392327 30.2703508
v 1.5096314 2.0924805 28.1584951
v 1.7286326 3.8466075 34.7571649
v 2.2082174 4.1420854 37.4289930
v 2.3953387 4.2720207 38.0508719
v 4.0350753 3.9353133 37.8145017
v 5.6983754 3.4671088 36.5243140
v 3.5638070 3.6032911 35.4676826
v 3.5111358 3.7494683 36.8380674
v 3.5499461 3.0663708 34.0269496
v 6.6727920 2.9554885 34.5404922
v 5.3865066 2.4423064 31.8588153
v 5.8868827 2.6562624 33.0716198
v 7.3256372 3.8537914 37.9748958
v 8.0935274 3.2359739 35.5675772
v 6.7975395 3.5580011 36.2766880
v 10.4983821 3.4920964 37.6442588
v 10.3098747 3.0245166 34.9442914
v 9.2134828 3.0317005 34.9020824
v 9.8302899 2.5869219 32.1584990
v 8.3028260 2.4494903 31.6322938
v 4.8805862 1.9850340 28.6762586
v 4.3524884 1.8875825 27.0244807
v 5.4627412 2.3086229 31.0104149
v 6.3193407 1.9131947 27.8953925
v 6.5632914 1.7891939 26.8064010
v 2.6184981 6.3491120 42.0593176
v 3.1188742 5.3658514 40.7677229
v 1.9822858 5.1356534 40.2499595
v 3.3295589 8.5511411 45.0083180
v 4.1210125 6.9666172 43.2285062
v 2.8998730 7.6262889 43.6055730
v 5.7399579 6.6542726 44.0009304
v 7.3893971 4.8520446 41.9481673
v 5.5126402 5.2721480 41.4894964
v 5.0593909 6.0205255 42.5897437
v 6.0753900 4.2573406 38.9668067
v 5.5514505 4.7427240 40.1922739
v 4.1875445 10.8072057 47.8152148
v 5.1772080 8.8053895 45.8510905
v 3.7578586 9.5728201 46.4124699
v 5.0455301 12.6675299 50.6221117
v 6.0199467 10.6941370 48.7902421
v 4.6158442 11.9681904 49.2193667
v 7.6541390 9.9545051 49.8313969
v 8.6964737 8.0442059 47.5169381
v 7.3519728 8.4433822 47.0104304
v 7.1648516 8.8797275 47.6646695
v 7.9202670 6.8566719 44.9379697
v 6.7254631 8.0257775 45.8046606
v 9.6293078 7.0740637 46.3336798
v 10.7742127 6.6111691 44.2668470
v 10.0021642 5.4336301 43.2904127
v 9.7790048 6.2004360 44.9337488
v 10.9197514 7.6028630 48.8127536
v 11.6321983 7.9783012 47.0737438
v 10.3417546 6.9903554 46.7135606
v 13.5117273 7.2777123 48.0262597
v 14.3905042 5.7662771 46.1803205
v 12.9808574 6.5177781 45.7230566
v 13.6101392 6.4128303 46.8486293
v 13.5810315 6.2076199 43.4085978
v 11.7486293 6.2682148 42.4349775
v 12.1783151 7.0000380 43.8377224
v 7.2688078 4.1467706 39.2088048
v 9.5336680 4.4335029 40.9970584
v 8.6604355 5.2755838 43.2932266
v 12.8769011 4.7239833 40.7958623
v 10.9225236 4.2807664 39.8152071
v 11.5559637 4.9744836 40.8774663
v 11.4131971 3.4099498 37.1658904
v 11.0153912 3.9215702 38.7951568
v 5.7482744 13.7694815 53.3882065
v 7.2882130 10.8740475 51.3551409
v 5.4738298 13.1663441 52.0248566
v 6.3137964 13.3034634 56.3639392
v 7.7497787 11.9563213 54.4124776
v 6.3318155 14.0262287 54.8317534
v 9.2883313 10.8902894 55.0709376
v 10.3930397 9.1670845 53.1307317
v 8.2626296 10.6866408 52.3231334
v 9.1511090 10.6835173 53.9960157
v 9.7304919 8.7610366 50.6066350
v 7.6028539 10.1378514 50.5475425
v 7.8093803 13.1563491 59.0174768
v 8.7075624 12.0056718 56.7972847
v 7.0193128 13.2319365 57.7455797
v 8.5675679 12.3745507 61.8285945
v 9.4518891 12.4998009 60.0164225
v 7.8163107 13.1376084 60.3203272
v 11.5739828 11.1645279 61.1082280
v 12.2587080 12.3773618 59.1581734
v 10.4096727 12.2514869 58.1535998
v 10.8546055 12.5588340 59.5872980
v 11.5933879 10.3867900 56.5341821
v 9.7651440 11.3082064 56.9717485
v 13.1970864 10.5538943 57.5303139
v 14.1825917 9.0524541 55.8110017
v 12.1228718 8.7382355 54.2169094
v 12.5733489 9.7186850 55.8053738
v 14.0190338 10.6444742 59.7983428
v 14.7813797 9.7261813 58.0607400
v 13.6614243 11.2647905 58.7290488
v 17.5438439 9.6106138 59.4395666
v 17.6519584 8.4902339 57.6738244
v 15.9720253 8.8019537 56.4947871
v 16.1993430 8.7166837 57.8018583
v 17.0129739 8.1725795 54.6347782
v 15.6060993 7.5107214 53.8919003
v 15.6102575 8.5661336 55.0639028
v 11.0874675 8.1197932 51.6224644
v 12.5109751 7.4026502 49.8651640
v 10.8254977 7.9470667 50.1071622
v 13.1000606 7.6462789 52.7198977
v 12.7854196 8.2347360 53.6766345
v 16.9408976 6.6202271 52.5988987
v 14.3087253 6.9463148 51.7237659
v 15.0641407 6.2769604 48.8535556
v 13.8208239 6.9916047 49.5218644
v 8.9127027 12.4616948 63.2397813
v 18.6125141 10.2968348 64.8873383
v 14.9490958 12.0212890 62.9386906
v 15.9290567 10.5129772 61.2840988
v 14.5180239 11.0392777 61.5331317
v 16.3421096 11.4946761 63.6914173
v 15.3773955 11.3709877 64.3414355
v 19.5869307 10.3199483 63.0554687
v 17.6630470 11.0055445 61.9144195
v 18.1842144 11.3166397 63.4845933
v 18.9035916 10.1515945 60.1993281
v 17.3262288 10.5735720 60.6776965
v -5.9558136 -0.7548524 -26.4542907
v -4.5267617 -0.6055517 -22.7187965
v -4.2800388 -0.6876983 -24.7363855
v -5.3792030 -0.6992551 -24.7237228
v -3.7297637 -0.5349619 -19.4855890
v -3.2668119 -0.5993048 -21.7367343
v -4.3285518 -0.5808765 -21.5214685
v -1.1253131 -0.5846246 -20.3776053
v -2.7234672 -0.7064390 -24.3494699
v -2.1191349 -0.6564639 -22.3754968
v -2.4933774 -0.7973313 -25.6424715
v 0.3910621 -0.8210695 -24.8222104
v 1.6856640 -0.6761416 -21.6931184
v 2.2927685 -0.6673960 -23.6291033
v 1.6274485 -0.6702071 -22.7427149
v 4.1653671 -0.5999295 -22.5232282
v 4.6920788 -0.6661466 -24.6463396
v 3.6691493 -0.7398599 -24.1454598
v -3.6923395 -0.4793645 -17.4834766
v -2.6292136 -0.5571383 -19.4152407
v -4.0347021 -0.5121607 -18.9129539
v -2.6527770 -0.3547391 -14.3965935
v -1.7518228 -0.5049768 -16.7814006
v -3.2848310 -0.4228302 -15.8345126
v 0.0403830 -0.4571881 -15.9400351
v 0.8484696 -0.6586503 -17.0740495
v -0.5237529 -0.4768658 -17.7817533
v -0.2825744 -0.4746794 -16.9910385
v 0.1582001 -0.6158591 -20.5788014
v -0.6859247 -0.5487050 -19.0972664
v -1.8169687 -0.1126720 -12.4465389
v -0.6374117 -0.2597863 -13.7662728
v -2.4933774 -0.2041890 -13.2471024
v -0.8286912 -0.0061625 -9.3680976
v -0.0635732 -0.0264649 -10.6329599
v -1.5827206 -0.0177193 -10.5401002
v 1.9005069 -0.0089736 -9.6987346
v 2.9913545 -0.0904956 -11.6150221
v 0.9967806 -0.2257408 -12.7335599
v 1.3543901 -0.1417201 -11.6417544
v 1.8312027 -0.3538020 -14.4725697
v 0.6890700 -0.3653588 -13.8352142
v 4.2513043 -0.2326123 -13.6902967
v 4.9332573 -0.3044516 -15.8528032
v 3.0273927 -0.4334499 -15.8936052
v 3.1535263 -0.4047142 -15.1647969
v 5.6969893 -0.0220921 -12.4901548
v 4.2402156 -0.1086116 -12.2369010
v 7.5293915 0.4636037 -11.5165345
v 9.2315019 0.3383535 -13.4018687
v 7.3935553 0.0291324 -14.1588163
v 7.0678257 0.1509468 -12.7166763
v 8.5495488 -0.0270896 -15.5545264
v 5.7080779 -0.3847241 -17.2400715
v 6.2930051 -0.1501534 -15.6516071
v 2.6739414 -0.5280903 -18.9270235
v 2.9442277 -0.5808765 -20.7110562
v 1.9725832 -0.6061764 -20.1271654
v 5.0067197 -0.4621856 -18.3206212
v 3.0204623 -0.4640597 -17.0909331
v 7.3408841 -0.3160083 -18.7230135
v 5.0663213 -0.4787398 -19.7304010
v 5.8217368 -0.5543272 -21.4947362
v 5.0940430 -0.5249668 -20.5042322
v -0.4281132 -0.0002280 -6.8046059
v 0.9163877 -0.0017897 -8.6786844
v 0.3536379 -0.0002280 -2.8355553
v 2.7002770 -0.0002280 -4.5731581
v 0.4659106 -0.0002280 -5.1359444
v 4.5950530 -0.0002280 -5.7507885
v 3.3309450 -0.0002280 -7.1380568
v 2.6365172 -0.0002280 -5.6016501
v 3.6885545 -0.0049132 -8.7110446
v 2.6268146 -0.0005403 -9.0459025
v 2.2054453 -0.0002280 0.0853058
v 2.5020671 -0.0002280 -2.4739650
v 1.2726111 -0.0002280 -3.0451932
v 2.4992949 -0.0002280 1.9861167
v 3.8313210 -0.0002280 0.6199528
v 2.5505800 -0.0002280 1.0589262
v 6.1266751 -0.0002280 2.1493247
v 6.4981455 -0.0002280 -0.4591900
v 4.6283190 -0.0002280 -0.7743503
v 5.9076739 -0.0002280 -2.8679155
v 3.7370674 -0.0002280 -3.3786441
v 7.1288134 -0.0002280 -2.1869440
v 8.2723322 0.0447496 -4.0708713
v 6.1225169 -0.0002280 -5.1401653
v 7.3311816 -0.0002280 -3.7331995
v 8.0339258 0.0000843 0.7972305
v 9.0623997 0.0350669 -1.3483924
v 8.1309517 -0.0002280 -0.8179663
v 10.9252957 0.2424637 -0.0877510
v 11.9371366 1.0839199 -2.1222236
v 10.1047344 0.4464247 -3.0958439
v 10.4082867 0.2212243 -1.3835665
v 11.0777649 1.4353076 -4.9291204
v 9.2467488 0.5454379 -5.9027408
v 9.6750485 0.5385664 -4.4999958
v 5.6068938 -0.0008527 -8.0962005
v 6.5660635 0.0859791 -9.6818510
v 5.3061138 -0.0227168 -9.5411544
v 7.5765183 0.1006593 -6.9509303
v 5.7718378 0.0113288 -6.6118516
v 10.2197793 1.2797600 -7.7346103
v 8.3873771 0.5263849 -8.7096376
v 8.6396443 0.3708373 -7.2520210
v 9.0471528 0.8237369 -10.6315530
v 7.9590773 0.7846939 -10.1123826
v 3.5762817 -0.0002280 5.0378256
v 4.0974491 -0.0002280 3.0568177
v 3.2741155 -0.0002280 3.7391961
v 4.9221687 0.0203867 7.9840120
v 5.8051038 0.0094547 6.2027933
v 3.6525163 -0.0002280 6.3083157
v 7.1301995 0.0859791 6.9259737
v 8.1240213 0.0238225 4.8464782
v 6.8266472 0.0472484 6.2506301
v 7.2507887 -0.0002280 2.6192513
v 6.0559849 -0.0002280 3.1778167
v 4.7281170 0.2583933 10.9175358
v 6.0781622 0.1119037 9.5738834
v 3.9962650 0.0453743 9.0828523
v 5.9742059 1.5883564 13.5105738
v 6.9486226 0.9877178 11.6787043
v 5.5459062 0.9133798 12.1078289
v 8.7810248 2.0503140 12.6523247
v 9.7138589 2.0350091 10.6389565
v 8.3707441 0.7778223 9.8876368
v 8.5204411 1.4009497 11.4957987
v 8.8974558 0.6428894 8.0135583
v 7.2951434 0.1253345 8.2724400
v 10.5552115 2.0268881 9.0153180
v 11.7042746 2.6434563 7.1553091
v 9.4006040 0.2927512 6.2281187
v 10.3334381 1.2429033 7.3818306
v 11.5878436 3.4764792 11.7954825
v 12.5622602 4.2120506 9.9622060
v 10.9821252 3.0345116 10.4377604
v 14.3946624 5.5529457 10.9372333
v 15.2886862 4.8545433 9.3234435
v 13.5366768 5.0104033 8.1303365
v 13.9649766 5.6557071 9.5330814
v 14.5110934 5.2940121 6.2984669
v 12.5719628 2.9217553 5.0715927
v 13.1069910 4.9195110 6.7261846
v 9.1899194 -0.0002280 3.6125692
v 9.7429666 0.1571937 1.5218179
v 8.6174669 0.0091423 1.9467216
v 10.6134270 0.7287842 4.5172482
v 9.7651440 0.4195631 4.8732106
v 13.6531078 4.2039296 3.4915701
v 11.8207056 1.1982380 2.5165428
v 12.2490054 1.9391193 3.9206947
v 12.8159135 1.9378699 1.0476704
v 11.3023104 0.6669400 1.1405302
v 7.2937573 1.0795471 15.9840198
v 6.9902051 1.1373309 14.6389604
v 8.1461986 1.3281734 20.5552518
v 8.5232133 1.1863689 17.1433596
v 6.9749581 1.1204642 17.5668563
v 10.1102787 1.3109944 18.2168745
v 10.7617379 1.4718519 16.0093451
v 10.0368163 1.3200524 16.8718152
v 10.7437188 1.8429172 13.9411054
v 9.5447567 1.3084957 14.6445883
v 8.7768665 1.4518618 21.8130792
v 9.5392124 1.7951285 26.2844166
v 10.0174111 1.5474392 23.0104071
v 12.2226698 1.7251633 24.5369651
v 13.9732931 1.6758129 22.1845182
v 11.9662444 1.4599828 21.4754074
v 11.4908178 1.5243257 21.9889499
v 12.7064129 1.5246381 19.0047754
v 11.1082588 1.3818966 19.6744911
v 14.1465535 1.6933041 19.8827221
v 15.3067053 2.4847852 18.3575711
v 14.0273503 2.3158068 17.4289737
v 14.1271483 1.8647813 18.5925344
v 16.3504261 1.8985145 20.9365395
v 14.0467555 1.6302106 21.5204303
v 18.1052076 2.0665559 22.5489223
v 18.8107241 2.2267886 19.8320713
v 16.1106336 4.3348020 16.5496200
v 16.5389334 3.3759042 17.9537719
v 12.5276081 2.1184051 14.9189466
v 13.1250101 3.5879862 12.5088141
v 11.9191175 2.9745415 12.8507068
v 14.2782314 3.2915712 15.5759997
v 12.5622602 2.1027879 16.0979840
v 17.5466160 3.8147483 14.9977367
v 15.2526480 4.7449104 13.7427232
v 15.6809478 4.5303297 15.1468751
v 16.4613127 4.6199726 12.0262249
v 14.8229622 5.6485232 12.3399782
v 10.5094707 2.0546868 27.9502642
v 10.4595717 2.2186677 29.5218450
v 14.0425973 2.3030007 29.1940220
v 12.7895779 1.9878451 26.8767493
v 13.3634164 1.8313604 24.3273272
v 12.8866037 2.9989044 34.7037002
v 13.0127373 2.6028515 31.6505843
v 11.9565418 2.5700553 31.6660610
v 15.4272945 3.1447693 34.6460146
v 17.0781198 3.9796662 33.0223760
v 14.7647467 2.7087363 32.3765787
v 15.6629287 2.5925441 30.9485084
v 13.6059810 2.3910819 30.2408046
v 17.8501683 3.7922595 31.6407356
v 18.6263750 2.8730295 29.9368999
v 16.8258527 2.4797877 29.8623308
v 18.4517285 5.4426881 34.2478433
v 19.4441642 4.9551183 32.2598005
v 18.0234287 4.8495458 32.8436914
v 21.2086483 7.3829725 33.2193512
v 21.8628796 6.1757608 31.5506898
v 20.4116504 4.1080399 30.4166753
v 20.8302475 6.0982993 31.9854422
v 22.0735643 4.0255809 29.1489991
v 20.3118523 3.0463807 28.8479084
v 16.8646630 2.1615086 26.8134358
v 14.5845559 1.7929421 23.7715757
v 18.8426040 2.4444928 26.4180784
v 19.5619812 2.3301747 22.8078041
v 13.3745051 3.5879862 38.5390891
v 14.8908803 3.5148976 37.0899143
v 14.6580183 4.9273196 42.2816182
v 14.7758354 4.0939844 40.8155598
v 17.3303870 4.3697846 40.5820035
v 17.3913747 4.1370879 37.9847445
v 17.5687934 4.2573406 39.9376131
v 17.4315711 4.2514060 36.0501665
v 16.0233104 3.7572769 36.5468254
v 15.2401733 5.7100551 44.4384968
v 15.8888603 5.0213353 42.8626951
v 14.8174179 5.5566939 43.0526355
v 17.2153421 5.1662632 45.2700136
v 14.8063292 5.6001098 45.3656873
v 18.5141022 5.3046318 46.6024103
v 20.0526548 6.1520226 44.4989963
v 18.6859766 5.1503336 43.2299132
v 18.9035916 5.4442498 45.0195737
v 19.1946691 5.2630900 41.6935065
v 17.6533444 4.5431358 42.2478510
v 20.9480646 5.5042200 42.4012103
v 22.0888112 5.3924006 40.7775717
v 19.2445682 4.6121640 40.0332868
v 20.4296694 5.3408638 41.6864716
v 21.9349560 5.8287460 45.5992436
v 21.9127786 5.5966740 43.5802477
v 21.7547651 5.7519092 43.9896747
v 23.9711125 6.0177144 44.5890422
v 25.6649063 7.9095854 42.7839050
v 23.6051864 6.2885172 41.6808438
v 24.1998162 6.3559836 43.5802477
v 23.2933177 5.7262970 40.4370860
v 22.8331380 5.8796581 39.3945243
v 19.1419980 5.4558066 37.1082048
v 20.2841307 7.2986394 35.2214636
v 19.2639733 5.8665397 35.8222380
v 22.0472287 6.0427020 38.3575905
v 18.7123121 4.6996204 37.8848500
v 23.9489351 8.3293764 37.1701113
v 22.1165329 8.4618105 36.1964909
v 22.5850291 7.1524622 37.5922011
v 23.0909495 9.1427216 34.3632145
v 21.6882331 8.9828012 34.7923390
v 16.6401175 6.0939265 49.5865848
v 18.3352975 5.6703873 48.1177125
v 16.7371433 5.9555579 48.9013924
v 18.7511225 6.4340697 53.1841964
v 17.4274128 6.2913283 51.8138117
v 20.8926213 6.0892413 51.5788484
v 22.2787047 6.1826324 50.5236241
v 20.3492766 5.8652903 50.1043482
v 21.0894451 5.6279084 47.3945320
v 19.4760441 5.5638778 47.8560168
v 18.3006454 7.4120205 56.1796267
v 20.3395740 6.4147044 53.5387518
v 17.8030414 6.8682286 53.7427619
v 19.7033617 9.1086761 58.4167024
v 20.4546189 7.3601713 56.5538796
v 19.4081260 7.7996401 57.2531416
v 22.6238394 7.7159317 57.2629904
v 23.4845972 7.4663685 55.7251767
v 21.6521950 7.2908308 54.7515564
v 22.0804947 7.9792382 56.1543013
v 22.7735364 6.9053976 53.3910204
v 21.5496248 6.6889429 53.7891918
v 24.4590138 7.2570976 53.8933072
v 25.4334304 6.7857697 52.0614377
v 23.6273638 6.3537972 51.0118412
v 24.0293280 6.9453777 52.4905623
v 24.9081048 6.2157409 56.7832151
v 25.3766010 5.8471743 55.0568680
v 22.6529472 5.9046457 48.5130699
v 23.4180652 5.7506598 46.8852104
v 22.0250514 5.6279084 46.5433177
v 24.5754448 6.8013869 49.2545409
v 23.1713423 6.4609313 49.6836654
v 25.5484753 6.5477631 47.4226714
v 25.9781612 6.6317838 48.8254163
v 26.5228919 7.7362341 45.5893949
v 24.7043506 6.0951759 45.7751144
v 20.5613474 10.1662747 61.2221923
v 21.5357640 9.6056163 59.3903227
v 20.1330476 10.0856898 59.8194473
v 21.4193330 9.0655725 64.0290891
v 20.5599613 9.5818781 62.0593369
v 24.9704786 6.6839454 61.5626780
v 23.5608318 8.2337990 60.3161063
v 23.7978520 8.0157825 61.7680950
v 24.3370385 7.0675045 58.5728756
v 22.9398664 8.5558262 58.9611982
v 25.6552037 5.5826185 57.6231737
v 6.9389200 -0.5490174 -23.8021601
v 6.1419220 -0.7520413 -25.4750425
v 10.0686962 -0.5121607 -24.8559776
v 12.3113791 -0.6005542 -26.8102531
v 7.5876070 -0.4859238 -20.7391955
v 8.5564793 -0.5015410 -22.7413079
v 8.1323378 -0.4575004 -22.2502768
v 8.2196610 -0.2335494 -18.1996222
v 9.2578375 -0.3241293 -19.8457722
v 7.9091783 -0.3709810 -19.6867851
v 11.2856774 0.1272086 -18.9931509
v 12.3973163 0.2262218 -20.7040214
v 10.7284719 -0.3010158 -21.6030725
v 11.2011263 -0.1214177 -20.2143973
v 11.4922038 -0.3334996 -23.6600566
v 10.0146390 -0.3528650 -23.1155608
v 10.1269117 -0.0102230 -17.2963501
v 9.0402224 -0.0502031 -16.7729588
v 10.1989881 0.7191015 -12.5197011
v 11.2537975 0.6238364 -14.0884680
v 13.1028327 1.9506761 -13.4215662
v 14.1174458 2.6753154 -15.0649023
v 11.9052567 0.4242482 -16.1553008
v 12.5691906 1.1535728 -14.4922672
v 13.2594601 0.9967758 -17.8703922
v 11.8442690 0.3639657 -17.0276196
v 15.0918624 2.3176809 -16.8967718
v 16.2423116 0.7693890 -18.7722573
v 14.1992247 0.3605300 -19.8851673
v 14.6621765 1.3109944 -18.2995168
v 15.9498480 3.1853741 -14.0898750
v 16.9395115 2.3307994 -15.7332111
v 15.5201621 3.2081752 -15.4940269
v 18.7566668 2.3014390 -14.9481241
v 19.5605952 1.1401420 -17.0459102
v 17.7281929 1.0052091 -17.9871703
v 18.2729237 1.5552479 -16.5239259
v 19.1780361 0.5966624 -19.3195670
v 16.9866383 0.2796327 -20.7363816
v 17.8252188 0.6744362 -18.9270235
v 13.2164916 -0.2985170 -22.9523528
v 12.6911660 -0.3194441 -24.1229484
v 15.1680970 -0.0017897 -21.3526326
v 13.0321425 -0.0889338 -21.4314227
v 17.5022614 -0.0730043 -22.5007167
v 15.8361891 -0.2401086 -23.1662116
v 17.0781198 0.1331431 -21.3765510
v 17.0739616 -0.3294392 -24.7617108
v 15.6365931 -0.3840994 -24.5661426
v 11.1941959 2.3910819 -9.5678868
v 12.3307843 2.3258019 -10.8721441
v 10.5607558 1.5493133 -10.7089361
v 12.0521815 2.7540262 -6.7609899
v 13.0265981 3.8453581 -8.5928595
v 11.6238818 2.5175814 -8.1637349
v 14.8590004 5.5342051 -7.6192391
v 15.8334170 4.3788426 -9.4511086
v 14.0010148 3.4527410 -10.4247290
v 14.4307006 4.3791549 -9.0219840
v 14.9754314 4.2151740 -12.2580055
v 13.5242021 2.5966046 -12.0103795
v 12.9101671 2.9764156 -3.9540931
v 13.8845837 5.3930253 -5.7859626
v 12.4818674 2.9161331 -5.3568380
v 13.7681527 4.2785800 -1.1471963
v 14.7425694 5.8365546 -2.9804727
v 13.3398530 3.6257799 -2.5513482
v 16.7011052 5.1740718 -1.6579249
v 17.2846463 3.9609256 -3.7683736
v 15.7169860 5.2293568 -4.8123423
v 16.3545843 4.7430363 -3.3786441
v 15.2886862 5.4617411 -6.2150872
v 16.9367393 3.4165090 -11.1619791
v 17.7822502 3.0694942 -13.1162546
v 16.3781477 3.5480061 -12.6871300
v 17.2361333 3.6407724 -9.8802332
v 19.6146524 2.1408939 -12.1412273
v 20.5516448 1.5624318 -13.7719007
v 19.1849666 2.2958168 -13.5453792
v 14.6261384 5.8621668 1.6582936
v 15.6005550 5.9290086 -0.1735759
v 14.1978386 4.5278309 0.2555487
v 15.5284786 5.2365407 4.6466891
v 16.4585406 5.4127030 2.6333209
v 15.0558242 5.9580566 3.0624455
v 17.9957070 4.4060166 3.6857314
v 17.5313691 4.4666114 -0.7630946
v 16.2298368 4.5509444 7.3452495
v 17.3165262 4.9157629 5.4402178
v 15.9138098 5.0269575 5.8693424
v 16.8909986 4.1467706 10.0114498
v 18.1758979 4.4522436 8.2457077
v 16.7717954 4.6068541 8.6748322
v 20.0069140 4.6955600 9.2207350
v 20.5377839 3.4895977 7.5056436
v 19.6687097 3.3352994 6.2506301
v 19.5786142 4.2510937 7.8179900
v 17.5909707 3.8972073 12.9182412
v 19.0713077 3.7404103 11.1834523
v 17.6588888 3.9984069 11.2833469
v 19.7130643 3.3793400 13.6878515
v 18.8245849 3.1375853 14.5700191
v 21.9834689 4.2920108 15.0652711
v 22.6973018 5.1016079 13.0012522
v 21.1005338 4.1292793 12.1458170
v 21.3195350 4.1783174 13.2319946
v 21.8393162 4.4703595 10.1943553
v 20.4365999 4.4847274 10.6234799
v 19.7186087 2.6759401 17.7145877
v 20.8177728 3.6214071 16.7086072
v 20.4795684 2.8889591 21.1785376
v 21.3167628 3.8681592 19.5900732
v 20.4781824 2.9751662 19.7293628
v 23.4402425 5.2234222 20.4469154
v 24.5920778 4.3866512 18.8401604
v 22.5850291 4.4141375 17.6456464
v 23.0105567 4.8963975 19.0441704
v 23.5566735 4.5496951 15.8081490
v 22.1525711 4.4800422 16.2372736
v 25.4583799 3.2428455 16.7128281
v 24.5297041 4.7995707 13.9762795
v 24.4631720 4.2779553 14.9203536
v 26.2234979 5.0959857 19.5619339
v 26.2886439 3.5720566 17.6203210
v 25.6884698 4.1608261 18.4546518
v 29.4738634 4.1945593 19.1032630
v 29.9631509 2.9751662 16.8113157
v 28.4176679 3.6367119 17.6076583
v 29.2978309 2.6671945 14.1971731
v 27.2893960 3.5889232 13.3642494
v 23.6204334 4.3476081 11.2889748
v 24.8845414 3.0292018 9.2390255
v 23.2434187 3.8972073 9.7652308
v 25.5041207 5.0210230 12.1430030
v 24.1014043 5.3683501 12.5721276
v 28.1446095 3.1419582 11.3128932
v 26.6379369 2.8489790 10.0747632
v 26.9082231 4.1027300 11.7138784
v 21.4914093 3.6438959 24.1120614
v 22.4658259 4.7167994 22.2787849
v 21.5925934 3.7910101 22.7036886
v 22.0305957 3.0847991 26.7698199
v 22.7374983 3.5954825 24.9041832
v 21.3680479 3.1072879 24.6720338
v 25.3336324 5.0722475 26.0142792
v 26.0405349 6.0736241 23.8925747
v 24.2982281 6.2575950 23.2538122
v 24.6988062 5.4167635 24.6256039
v 25.2518535 5.8606051 21.3558153
v 23.8685423 5.5164014 21.8496603
v 23.6592437 5.2952615 30.1324682
v 24.4950520 3.8531667 27.8644393
v 22.5656239 3.7460325 28.3442146
v 24.0237836 7.2608457 32.3526603
v 25.0397827 6.1204758 30.6994754
v 23.5705344 6.4009612 31.4831554
v 26.6975384 6.6923787 31.7265605
v 25.4472912 4.6006072 28.7958507
v 26.0363767 5.8075066 30.2492464
v 26.7959504 5.6535207 27.0582478
v 25.8076729 4.5596901 27.8320791
v 29.0608106 5.8993358 27.9108691
v 29.7635549 5.9827318 26.1662315
v 27.9630326 6.2144915 25.2024599
v 28.3913323 6.5568211 26.6052048
v 29.8148399 5.7634660 30.6755570
v 30.5508502 6.1623300 28.8858965
v 29.4877243 5.8624792 29.4374271
v 32.4885948 6.6352196 29.9523766
v 34.0534829 5.4289450 28.4511440
v 31.6264509 6.5733754 27.1511076
v 32.0561368 6.5437027 28.5538525
v 32.7824445 5.5223360 25.2109017
v 30.7684653 5.8193756 24.3442107
v 31.1981512 6.2194890 25.7469557
v 26.9317865 5.2099914 22.6164567
v 28.0780775 5.1731348 20.5636935
v 26.8513937 5.4152018 20.9365395
v 28.3178699 4.8726593 22.8007692
v 27.3323646 5.6647651 23.8391100
v 32.1600930 5.0100909 22.7318279
v 29.9104797 5.0700611 21.5373139
v 30.3401655 5.5523211 22.9400588
v 30.8848963 4.3822784 19.7054444
v 29.4821799 4.5193976 20.1345690
v 24.9233517 9.3691714 35.3382418
v 25.8977683 8.0251528 33.5049653
v 24.4950520 9.2420472 33.9340899
v 26.7668426 8.1653956 36.3118621
v 28.5881562 9.4413230 37.2868895
v 29.5625728 7.8261894 35.4536130
v 27.8271964 6.7195526 34.3730632
v 28.3899462 7.9483161 35.7856569
v 29.0247724 6.1417152 33.4894887
v 27.2173197 6.7820215 33.4163265
v 28.2749013 8.2815877 39.3860825
v 27.4973086 9.4369502 43.7575253
v 28.4717252 9.2423596 41.9256558
v 29.4461418 9.5409609 40.0923793
v 29.6956368 7.9864221 41.5837631
v 30.4205584 9.5190968 38.2605098
v 29.0178420 9.2523546 38.6896344
v 33.2273772 7.4142069 37.4022607
v 31.3949750 8.6264161 36.4286403
v 31.7123881 7.6668937 38.2070451
v 34.5067322 5.6913144 37.8524897
v 34.2017938 6.5390175 35.5703912
v 34.6758343 6.0633167 37.1715183
v 30.7892566 6.5171534 33.4965235
v 31.1912207 6.4150167 31.5872709
v 30.0185942 6.0027219 32.0262442
v 32.6244309 6.4734251 34.7051072
v 31.3270569 6.9622443 35.2678935
v 35.2787806 5.2674628 33.5542091
v 33.3438082 7.0431416 32.7634943
v 33.3271752 6.1985619 34.3997956
v 34.3168387 6.5383928 30.9316248
v 32.9141224 6.9110198 31.3607494
v 18.9479463 -0.2519777 -24.5140849
v 20.0831486 0.2343428 -21.3906207
v 20.9314316 -0.0958054 -23.5953362
v 19.2986254 -0.0102230 -22.4247406
v 22.6529472 0.6822448 -22.2770092
v 23.8020103 0.1693751 -23.8528109
v 22.0735643 -0.2660332 -25.5974485
v 21.9709941 -0.0798759 -23.8851711
v 20.7041139 1.3394178 -18.6132701
v 21.6785306 1.2732007 -20.4451397
v 20.5876829 0.7934395 -20.2143973
v 20.9536089 0.9033848 -15.9414420
v 22.3008820 0.6228994 -18.2516799
v 21.1268694 0.6888041 -16.8348653
v 23.5760787 -0.0851857 -17.1711302
v 25.4209557 -0.3506786 -17.9970191
v 23.5109328 0.6054081 -19.4701123
v 23.2863873 0.1040951 -17.8549156
v 23.9891315 0.2181008 -21.0093330
v 23.0826330 0.6856806 -20.8742642
v 26.9234700 -0.4153339 -22.0167205
v 25.5498614 -0.2625974 -23.6220685
v 28.6422134 -0.6196072 -20.0568171
v 26.5866518 -0.2953936 -19.1760565
v 32.3749359 -0.8107621 -20.4774999
v 27.8341268 -0.5683827 -21.2063082
v 27.9741212 -0.6052394 -18.5218174
v 31.0664732 -0.7279908 -23.3631868
v 28.2582683 -0.5555766 -24.2073663
v 26.4341826 0.0291324 -24.9671279
v 22.5559213 0.4379914 -14.8144624
v 26.0488514 -0.4056512 -15.3195631
v 24.7500913 -0.2007532 -15.6544210
v 32.9848126 -0.5711938 -11.1465025
v 31.6472422 -0.6577133 -13.6382389
v 29.9409735 -0.6823885 -16.5745766
v 28.0586723 -0.5568260 -15.8499892
v 29.0039812 -0.5293397 -13.2077074
v 32.1101940 -0.7055020 -14.8890316
v 32.0492063 -0.7183081 -17.2077113
v 34.3029779 0.3636534 -0.1355878
v 38.8964582 0.1443875 2.5095079
v 36.8311940 0.0513089 1.5077483
v 37.0072266 0.1996725 -0.7602807
v 35.1304697 0.3446004 -1.5411467
v 35.5601555 0.9314958 -0.1369948
v 36.7868393 -0.3381848 -3.2548311
v 30.9999412 2.2564614 13.2742036
v 30.7324271 1.7242263 10.5925267
v 29.2576344 2.5269518 10.6108172
v 32.9848126 1.7126695 12.2836996
v 33.8705199 1.3540980 10.2900290
v 32.3541447 2.5285135 15.8475441
v 32.1101940 2.0521880 13.6442356
v 30.7656931 2.3623462 13.7947809
v 31.8426799 3.1831876 18.2070258
v 31.2729997 2.8452308 16.7311186
v 35.4880792 2.7427818 17.6892623
v 36.0397404 2.1015385 14.9442720
v 33.8483426 2.1080977 14.8668889
v 34.8684999 1.6042860 12.4018847
v 33.4380619 1.8697788 13.0744144
v 36.8076306 1.7976272 13.0223567
v 37.7279899 1.3578461 10.7557347
v 35.4049142 1.3790855 10.8851756
v 37.3080067 2.5997280 15.7800097
v 38.4473672 3.5392604 14.3238001
v 40.2797694 4.5759320 15.2988274
v 40.9326147 3.3159341 13.5612246
v 39.4314864 2.3239278 12.6804640
v 39.8500836 3.5758047 13.8946755
v 39.9096852 1.5015246 10.2731454
v 38.6746849 1.2532107 10.0241125
v 39.6089051 1.6976770 11.6083560
v 35.0500768 1.0089572 8.6269954
v 39.8584001 0.9296217 8.0684300
v 38.3988543 0.7287842 7.2692734
v 32.9889709 3.5198951 20.4511363
v 31.8302052 3.7019919 19.1271814
v 33.3659856 4.3579155 23.3044630
v 34.8560252 3.4027659 21.4641517
v 32.4511705 4.4859768 22.1535649
v 36.5442747 4.2614010 23.1243714
v 37.7085848 4.2470332 20.7902150
v 35.6502509 3.1279027 19.0863794
v 35.7791567 3.7691460 22.5404805
v 36.8256496 2.9998414 18.3885244
v 34.5746503 2.7674571 18.4391751
v 34.1394201 5.3536699 26.1535688
v 35.6987639 4.2426604 24.7522308
v 34.2752562 4.9110777 25.0181474
v 35.2912554 6.1420276 29.0997553
v 36.2656720 5.2968232 27.2664788
v 35.4229333 5.2012458 27.7420332
v 38.0980742 4.3910240 28.2415061
v 39.2388208 3.8319273 26.6460069
v 37.2400886 4.9741713 25.4346093
v 37.6794770 4.6330910 27.0441782
v 38.2145052 4.9604281 23.6027398
v 36.8589156 4.4962841 24.2105490
v 39.8500836 4.1030423 24.4215939
v 41.0213240 4.6043553 22.7444906
v 39.1889218 5.6219739 21.7694633
v 39.6172216 5.0435118 23.1736152
v 40.8785574 2.6631340 26.0367906
v 42.0664309 4.2991947 21.2165257
v 41.9583164 4.0833646 22.1479371
v 38.4224177 3.8862752 18.9217644
v 39.3053528 4.5509444 17.1306969
v 37.7376925 3.0701189 17.5344961
v 40.1633384 5.5210866 19.9375938
v 38.1188654 4.1861260 20.3090327
v 42.9632268 4.3260564 18.7064986
v 41.1377550 5.3399268 18.1057242
v 41.5660548 5.8431138 19.5084692
v 42.0151458 3.9862255 16.2020995
v 40.7662847 4.9082666 16.9759307
v 37.2359303 4.5097149 30.0761896
v 35.7209412 5.8137534 30.5025002
v 30.5882745 -0.7479808 -25.2710325
v 35.1082923 -0.8651101 -24.8376870
v 34.1810026 -0.8385608 -23.3913261
v 32.7311594 -0.7954572 -18.9565698
v 33.5004356 -0.8195077 -20.9910424
v 35.5601555 -0.7860869 -20.2903734
v 37.3107788 -0.8604249 -22.4374033
v 34.4637636 -0.8785409 -21.2485172
v 32.8780842 -0.8532410 -24.5154918
v 37.6545275 -0.8744804 -25.2217887
v 39.0225918 -0.7860869 -18.4936780
v 41.2278504 -0.7863992 -21.6143283
v 42.1828619 -0.8263793 -23.6445800
v 40.3560040 -0.8245053 -22.8355746
v 39.7613742 -0.8751051 -26.0575264
v 33.6140945 -0.8248176 -17.2400715
v 35.5490669 -0.7236180 -18.0926928
v 33.8857668 -0.6636478 -14.3951866
v 39.0849655 -0.7254920 -16.4507637
v 37.2331582 -0.7426710 -16.8390862
v 35.3605595 -0.6511540 -11.2970478
v 36.2795328 -0.6851996 -12.9572675
v 34.3459465 -0.5911839 -11.8739038
v 36.4486350 -0.5449569 -8.8376715
v 37.0391065 -0.5665087 -9.9646512
v 38.2616320 -0.6470936 -9.1753433
v 38.4903358 -0.6317887 -10.5316584
v 38.2865815 -0.6851996 -13.2583582
v 42.7206622 -0.7932708 -14.3375010
v 40.4682768 -0.7879609 -14.6090454
v 40.9908302 -0.8929087 -13.8732022
v 41.1987427 -0.6727058 -9.9477676
v 42.8842201 -0.7576635 -11.4335235
v 44.4671273 -0.7951449 -10.2938812
v 43.9057635 -0.7773412 -12.7588853
v 44.5835583 -0.8404348 -12.0666581
v 44.7706795 -0.9057148 -15.1816805
v 42.6194781 -0.9734936 -15.6262817
v 44.0485301 -0.8807273 -17.5256856
v 42.0719752 -0.9079013 -19.8471792
v 41.3013129 -0.7610993 -20.5689527
v 37.4244377 -0.1407830 -2.0659449
v 38.7994324 -0.3944068 -4.2453350
v 41.0019188 -0.4762411 -3.7430482
v 42.1274185 -0.6058641 -5.2386529
v 40.3795674 -0.4368857 -4.9445970
v 40.8674688 -0.6117986 -8.3241290
v 39.0905099 -0.5740049 -7.9006323
v 40.1674967 -0.3353737 -2.1222236
v 38.2242078 -0.1086116 -0.8503265
v 39.2748590 0.2562069 3.9178807
v 40.0593822 0.0306941 2.1493247
v 41.3817057 -0.2779023 -0.7785712
v 42.3186981 -0.1492163 1.1475650
v 42.3990909 -0.3965932 -2.0012245
v 44.2522844 -0.3253787 -0.5056198
v 44.5863305 -0.5421458 -3.1788549
v 43.5190463 -0.5893098 -5.6283824
v 45.4789681 -0.1576496 1.6639215
v 46.0819144 -0.2538518 -0.8137454
v 48.5172629 -0.0042885 1.8862221
v 47.4804725 -0.4749917 -1.6086811
v 45.9086540 -0.6767663 -5.6396382
v 46.9731660 -0.6823885 -4.2917649
v 42.9812459 -0.7142476 -7.2674976
v 43.6964649 -0.7842128 -8.9305313
v 45.7146023 -0.6989428 -7.1141384
v 46.3923971 -0.7882733 -9.8760123
v 45.3542206 -0.7920214 -9.1260995
v 40.9201399 0.5201380 6.0311434
v 41.2361669 0.2480859 4.4201676
v 40.2866998 0.4389284 4.7733160
v 41.2306226 1.0517484 8.6495069
v 42.9549103 0.9549216 7.1243559
v 40.6775753 0.8590319 7.5197133
v 44.1760498 1.5852329 7.9699424
v 45.0922509 0.8484121 6.6417666
v 43.4691473 0.6228994 5.4697641
v 43.7477500 1.4193780 6.5657905
v 44.4588108 0.0609915 3.4873492
v 41.8737653 1.7120448 11.0047677
v 43.2847982 1.9278749 10.1141583
v 42.1606845 1.6080341 10.6065963
v 43.3527162 3.5461320 14.5967514
v 43.9251687 3.3930832 12.5819764
v 42.2590965 2.4641705 12.8366372
v 45.8920210 4.4750447 13.5823291
v 46.8664376 3.2147344 11.7504596
v 45.0340354 3.9943464 10.7754322
v 45.4637212 4.3913364 12.1795841
v 46.2745800 1.7557731 8.5045894
v 44.6057356 2.7309127 9.3726873
v 47.7715500 2.1077854 10.0564727
v 48.8152708 2.5606850 8.0853136
v 46.3965553 1.3537856 7.3438426
v 47.4097823 2.4963420 8.5144381
v 48.6835929 1.5555602 10.8218621
v 48.2788566 1.8732146 12.0487363
v 52.0684085 0.8296715 12.1500379
v 50.3815450 1.7382818 8.8704005
v 51.6220896 2.0796744 7.2270644
v 49.7896874 2.7393460 6.2534440
v 50.1001701 1.9731649 8.1429992
v 46.5559549 0.3580312 4.9562215
v 47.2060280 -0.0552006 2.1183714
v 45.5607471 0.0385027 3.1595262
v 48.6004279 1.6452031 5.6189024
v 50.7460850 2.4885334 4.2850988
v 49.2809948 0.3492856 2.4419736
v 48.7861631 1.1632555 4.8422573
v 50.0350242 0.6047834 2.0522441
v 43.9431878 3.6548279 17.2474751
v 44.8330533 3.2525281 15.4451518
v 43.5148880 4.1639495 15.8433232
v 43.7394335 3.7288536 18.6192668
v 46.0694397 2.9276898 14.8936212
v -34.0184576 15.3374511 25.7385139
v -33.5319423 15.0703965 24.8225791
v -34.2333005 14.6859004 25.0364379
v -32.2442709 14.3635608 25.1912042
v -32.1306121 14.8483195 24.3892337
v -33.0440410 15.0076152 23.8996095
v -32.8305842 15.3015315 24.6073134
v -32.5575257 15.0201090 22.9893027
v -32.8887997 14.7471199 23.4071715
v -31.6413246 15.0807039 23.4775198
v -31.0369923 14.6477943 22.5728408
v -32.0710105 15.3252697 22.0733679
v -31.8561675 15.6035686 22.7754438
v -30.9261056 13.4658826 25.5471665
v -31.1756006 14.4391482 23.7209249
v -31.4264817 14.6165599 24.1781888
v -29.8518910 12.8040245 24.7550448
v -29.7992198 13.1869589 23.3002421
v -30.5809708 14.0827630 23.0357325
v -30.0584174 13.5230416 23.5267636
v -29.9281256 14.1427332 22.1845182
v -30.6669080 15.1703468 21.6442433
v -30.4936476 14.5903229 22.1535649
v -32.0127950 14.8626874 19.7546882
v -32.9289961 14.4900603 19.2664710
v -31.5831091 15.2734205 21.1574331
v -32.2844673 14.9239069 21.3684780
v -30.1803927 14.7249434 20.7283086
v -31.0965939 15.6463598 20.2414984
v -30.8817509 15.4255323 20.9435743
v -30.6086925 15.1893998 19.3255636
v -31.5248936 15.4089780 18.8373465
v -31.3100507 15.6835288 19.5394224
v -32.8707806 13.5358477 16.9477914
v -32.4230756 13.9825004 18.0592944
v -31.0383784 14.9210958 17.9214117
v -31.9545795 14.7521174 17.4346015
v -31.7397365 14.9142242 18.1366775
v -31.4666781 14.4700703 16.5186668
v -32.1694224 13.9078501 16.7325256
v -37.4282227 15.1697221 32.1514642
v -36.5134077 15.7294435 32.6382744
v -36.0407532 15.1266185 31.5380271
v -36.7268645 15.7069547 31.9361984
v -36.1946085 14.1970811 30.5362674
v -35.4336487 15.2774809 31.1581463
v -35.0510897 15.1209963 29.8904701
v -35.5888901 14.4669468 30.2633160
v -35.1093052 15.9180996 32.2091498
v -34.6227900 15.4848777 31.2932150
v -34.8611963 15.8375147 31.7673625
v -33.7606461 15.4155372 31.6083754
v -33.4182835 14.9314032 30.9499153
v -34.1348886 15.2784180 30.3772803
v -33.8895519 15.1247445 31.0990537
v -33.6483733 15.3146499 29.4613455
v -34.5645745 15.2034553 28.9731283
v -34.3497315 15.5058048 29.6752043
v -35.6069091 13.9778153 28.1036235
v -34.0766731 15.7716100 28.0571936
v -34.9928742 14.9017304 27.5703834
v -34.3275542 15.2487452 28.5088296
v -34.5063590 15.4880012 26.6544487
v -35.2077171 14.6990188 26.8683075
v -35.5972066 15.5514071 33.1250845
v -36.5328128 14.9542043 33.3881871
v -34.7392210 15.7744211 35.9319814
v -35.4405791 15.2599896 36.1472471
v -33.8230198 16.2782329 36.4187916
v -33.3351185 15.7313176 35.5042638
v -34.2513196 15.7691113 35.0160466
v -34.0364767 16.1529827 35.7181226
v -32.9068187 16.7170770 36.9070087
v -33.6081769 15.9399637 37.1208675
v -31.9906176 17.0422276 37.3938189
v -31.5027163 16.1148767 36.4778841
v -32.4452530 16.0064931 35.8292729
v -32.2040745 16.6583562 36.6917429
v -32.7294001 15.1328654 34.7979669
v -32.4161452 15.4898752 35.4156249
v -34.6810055 15.8278320 33.6133017
v -34.1931041 16.2588675 32.6959599
v -34.8944623 16.1554815 32.9112257
v -33.7648043 15.5901378 34.1001119
v -34.1210278 15.6669746 34.2211109
v -32.9567177 15.2362515 33.2460836
v -33.1022565 15.2300046 34.3055289
v -32.7903877 15.2746698 32.2668354
v -33.4917459 15.6744709 32.4821011
v -31.9656681 14.7293163 32.7029948
v -32.3024864 14.8002185 31.3509006
v -31.8076546 14.5125491 31.8405247
v -31.5526153 14.4272791 32.9168536
v -29.7437765 13.7270026 32.9140397
v -30.9233334 13.9562635 32.1514642
v -31.0175871 14.1339875 30.6783709
v -31.3308419 14.9973079 35.3804508
v -30.4451347 15.3630633 37.1124257
v -30.3009820 14.6987065 36.0135854
v -30.9676881 15.4464593 36.4117567
v -29.0091523 14.2270662 35.7420410
v -29.6148707 14.0783902 35.3438697
v -28.2093822 14.2601747 34.7037002
v -27.7214808 14.2792278 33.7863585
v -28.7527269 13.8528774 33.2320139
v -28.4242251 14.0874482 34.0016242
v -27.2931811 13.8400713 35.1905104
v -27.9945393 14.1692825 35.4043692
v -26.4199486 13.1713416 35.6984250
v -25.7199765 13.1810243 34.7008863
v -26.8052797 14.1439826 34.2745756
v -26.5918229 13.8809885 34.9752446
v -26.3187645 13.9172204 33.3586409
v -27.2349656 13.7682321 32.8704237
v -27.0201227 14.4469568 33.5724997
v -28.5808525 13.5539637 30.9808686
v -29.4956676 14.4428963 30.4926515
v -28.0472104 13.4396456 32.6143559
v -28.9772724 13.5342860 32.6467161
v -26.6250889 12.7065730 31.9333845
v -27.7339556 12.7934047 31.1750299
v -27.3777322 13.1719663 32.4075320
v -27.1767501 12.4882441 30.5517440
v -28.0929512 13.4246531 30.0649338
v -27.8781083 13.0514013 30.7656028
v -33.5901578 15.2428107 27.1412588
v -33.4570938 15.4652000 26.3350674
v -33.8050008 15.6935239 26.4391829
v -33.1604720 15.0778928 28.5454107
v -32.1874415 14.5169220 27.5028491
v -33.3295742 14.9666981 27.8658462
v -31.7286479 14.6165599 28.0262403
v -31.3516332 14.1636603 27.2059793
v -32.5810891 14.4191581 26.4222993
v -32.6975201 14.4953702 25.9270473
v -32.3745627 14.7308780 30.0002134
v -32.1555616 14.9017304 29.1630687
v -32.5408927 14.8754935 29.3248698
v -32.2692204 14.5906353 30.7079172
v -30.4118687 14.4884986 30.0058413
v -31.3835131 14.6862127 29.3445673
v -30.7445287 14.3282659 30.4223032
v -30.8415545 14.8267678 28.6030963
v -31.7175592 14.7221323 28.5876197
v -29.9253534 15.3421363 29.0899065
v -29.4388381 14.3020289 28.1739718
v -30.3550393 14.7817901 27.6871616
v -30.1401963 14.9738820 28.3878306
v -29.0091523 14.2461192 29.5767167
v -29.7105105 14.8576899 29.7919825
v -27.9557289 13.0723284 29.6920879
v -28.1276033 12.8080849 27.8095676
v -28.9509368 13.4187185 27.2580370
v -28.9218290 13.6476671 28.0163916
v -30.9344221 13.4315246 25.9340821
v -29.9101065 12.7905936 25.2657734
v -29.5400222 13.7054508 26.6699253
v -30.5795848 14.0849494 26.9189582
v -28.2759142 12.7699789 26.3013002
v -29.5039841 13.2003897 25.9171986
v -29.1657797 13.6067499 26.5559610
v -31.0078845 13.5861352 40.9970584
v -29.8671379 14.6281166 42.1704679
v -30.7389843 13.8319504 41.4360317
v -30.6682941 13.8609984 42.3674431
v -30.2164309 14.4457074 40.6875259
v -30.7708643 14.1914589 40.3723655
v -30.6447307 15.4092903 39.2833740
v -31.5609318 15.4202224 38.7965638
v -31.5456849 14.6471696 39.3748268
v -31.0744165 16.3656893 37.8806291
v -31.7757747 16.4478360 38.0944879
v -29.3584453 14.9801289 43.4944227
v -28.8026259 14.6627869 42.7571726
v -27.4775302 14.7721075 42.1634331
v -22.8868220 14.0605866 44.5848213
v -23.8030231 15.1447345 44.0966041
v -23.5881802 13.8238294 44.7986801
v -25.1475240 15.5573417 42.2070490
v -26.0637251 15.5557799 41.7202388
v -25.8502683 15.2359391 42.4209078
v -24.7192243 14.9891869 43.6097939
v -23.3151218 15.4220965 43.1806694
v -24.2313229 15.7016448 42.6938592
v -24.0178661 16.0405387 43.3959351
v -23.7143138 15.2612390 41.7596339
v -24.6610088 15.4530186 41.2911142
v -24.4461658 15.6725968 41.9917832
v -29.9697081 15.2303169 38.5573796
v -30.1720762 15.2999697 37.6414449
v -29.7285296 14.9998066 39.7715911
v -29.0521209 14.5478441 39.0906197
v -29.9433725 15.3905497 39.0695152
v -27.7200948 14.2098873 38.5503448
v -27.7824685 13.9140970 37.0561471
v -29.3002298 15.1238074 41.1743361
v -28.8123285 15.0825779 40.2584013
v -29.5136866 15.0066782 40.4722601
v -28.3840287 15.4620766 41.6611463
v -29.0853869 15.0741446 41.8764120
v -27.0727938 15.1053791 41.1082087
v -27.8961273 15.0732076 40.7452115
v -27.6812844 15.3830534 41.4472874
v -27.5177266 14.7680470 39.7645563
v -28.2163126 14.8592516 40.1458440
v -26.4934110 15.1937726 40.3160869
v -26.0055096 15.3664991 39.4001522
v -26.6569688 15.0853890 39.8377185
v -25.5772099 15.4648877 40.8028971
v -26.2785681 15.4933110 41.0181629
v -24.1731074 15.0082399 40.3737725
v -25.0893085 15.4776938 39.8869623
v -24.8758517 15.5813922 40.5890383
v -24.5251726 14.2526785 38.9442952
v -25.5189944 15.1469209 38.4842174
v -25.3041514 15.0188596 39.1862933
v -26.3922269 14.0827630 36.8085211
v -27.4401059 13.7101360 36.4835120
v -26.4351955 14.5266046 37.9974072
v -26.7650833 14.3604373 38.1479526
v -25.0310930 14.8695590 37.5682826
v -25.9472941 14.5412848 37.0800655
v -25.7338373 15.1428604 37.7821414
v -25.6673053 13.0895074 35.8982142
v -26.0318452 14.0899470 36.7269171
v -34.9859438 1.8960158 -11.3631752
v -34.4924981 2.6634463 -10.9438994
v -31.2573795 2.5238283 -11.2787572
v -30.7667060 2.6184687 -12.7237112
v -30.4603816 2.5925441 -14.6653240
v -31.0688722 1.9428674 -15.1704247
v -30.4562233 3.0101488 -12.2017268
v -29.7950616 3.2884478 -13.1472079
v -30.4978058 2.8199309 -12.9319421
v -28.8788605 3.9759181 -12.6603977
v -28.3923452 3.9431219 -13.5763325
v -29.3085463 3.5042778 -14.0631426
v -29.0937034 3.7235437 -13.3610667
v -29.1449885 3.3690327 -15.1465063
v -29.2960716 3.2931329 -14.6456265
v -31.0827330 2.2602095 -17.3568497
v -31.1381764 2.1084101 -16.2847417
v -29.2503308 3.4386855 -16.3832293
v -30.1665319 3.3306143 -16.8700395
v -30.0473287 2.8383593 -15.8978261
v -29.4928954 2.9723551 -17.5580458
v -30.3799888 2.0197042 -18.5260383
v -30.4589955 2.4319990 -17.5664876
v -34.4800234 4.1558286 -6.1011230
v -34.1224139 4.2248567 -7.2210678
v -34.8390190 3.4143226 -7.8246561
v -34.6754611 3.7438461 -7.1479055
v -34.2582500 4.8208101 -5.0529334
v -33.7135193 4.8832790 -6.0659488
v -34.5507136 4.2788923 -5.6171267
v -32.7765269 5.8162522 -5.3301057
v -32.2900116 5.2680875 -6.2474474
v -33.2062127 5.2827677 -6.7342576
v -32.9913698 5.7612796 -6.0321816
v -32.6656402 4.5690604 -7.4799495
v -33.6345125 4.2632751 -8.1370025
v -33.4196696 4.8167496 -7.4363335
v -34.9803995 2.9910958 -10.0279646
v -34.5507136 3.4880359 -8.6238127
v -35.0011907 3.0851115 -8.4310584
v -33.1064147 3.3843375 -8.9460079
v -34.0641984 3.6089133 -9.5411544
v -33.8493554 3.8125619 -8.8390785
v -34.2776552 3.1666334 -10.2418234
v -34.6671446 4.9910379 -3.9850463
v -32.2803091 5.2121778 -1.5101934
v -32.2622900 6.3519231 1.1658556
v -31.5151910 6.3562959 0.0557595
v -32.8139512 5.3711612 0.1092242
v -31.0605557 7.1049858 0.2822810
v -30.5172110 6.2566580 -0.7208856
v -31.4930137 5.8128164 -0.9741395
v -31.2753986 6.3075702 -0.4197949
v -31.2074805 5.3599168 -2.0448405
v -32.6254438 5.0319550 -2.6836030
v -33.2630422 5.6750725 -4.4141709
v -33.9644004 5.5304569 -4.1989052
v -31.4320260 6.0733118 -3.4405506
v -32.3468411 5.7740857 -3.9273608
v -32.1929858 5.5566939 -3.3828650
v -31.8603258 5.8415521 -4.8432955
v -32.5616840 5.9949133 -4.6294367
v -30.9441247 6.2207384 -4.3564853
v -30.4714703 5.8371793 -5.2850828
v -31.4084626 5.3324305 -5.9519846
v -31.1936197 5.6891280 -5.3343266
v -30.5158249 6.3694144 -2.9537404
v -30.0279236 6.2860184 -3.8696752
v -30.7292818 6.6627059 -3.6544094
v -29.2614195 5.9655529 -3.4053764
v -28.5406561 5.5182755 -3.9864533
v -29.6841749 5.3930253 -5.2189554
v -29.3903252 5.6697626 -4.1707658
v -28.8747022 4.8111274 -5.8802293
v -29.9697081 5.4330054 -6.1883548
v -29.9031761 5.9917898 -1.6340064
v -29.5996238 6.4693647 -2.4655232
v -30.3300897 5.9939762 -2.2024206
v -29.7229852 6.8875940 -0.3269352
v -28.7139165 6.4987250 -0.8193732
v -29.9156508 6.3822205 -1.0276042
v -28.2537369 6.6814466 -0.5759681
v -27.6909870 5.9424394 -1.2850789
v -28.5087762 5.8965247 -2.0223290
v -28.4685798 6.3597317 -1.2766371
v -28.1414641 5.7381661 -2.5808944
v -28.6764923 5.9636788 -2.5246158
v -26.8011215 4.7533437 -3.5756193
v -27.7090061 5.2915134 -3.8105826
v -27.8891969 5.3096293 -3.2885983
v -26.6846905 5.5460742 -1.2288003
v -27.3652574 5.4211363 -1.8703767
v -25.6395836 5.2256087 -1.4567287
v -25.3887025 4.6052924 -2.2347809
v -27.8060319 4.9063925 -4.9277135
v -27.6507906 4.8810926 -6.1306692
v -28.4505607 4.6174738 -6.3206096
v -27.3943652 4.7892633 -4.7208895
v -28.0984955 5.1206609 -4.4591938
v -26.9203247 4.5834283 -5.6199407
v -26.3894547 4.1892494 -5.1260956
v -26.4989553 4.5662493 -6.5555729
v -27.2862507 4.9048308 -7.2295096
v -26.9494324 4.7321043 -6.3445281
v -32.4494112 3.7007426 -8.5956734
v -30.1720762 3.6938710 -9.9252561
v -30.5574074 3.0941695 -11.5699992
v -31.8021103 4.7561548 -7.1633822
v -31.0480809 3.9315652 -8.0258522
v -32.0529914 4.0265179 -8.0385149
v -30.8859092 5.0029070 -6.6765720
v -31.6343942 5.0091539 -6.6413978
v -29.7714982 4.8379891 -7.0297204
v -30.2205892 4.1274052 -7.6347157
v -30.1845510 4.9982218 -6.8904308
v -29.9253534 3.9965329 -8.7448118
v -30.2885072 3.5601875 -8.3902564
v -28.9232151 4.3635377 -8.0807239
v -28.5087762 5.1884397 -8.9375661
v -29.4249773 4.6927489 -9.4243763
v -29.2101344 4.5431358 -8.7223003
v -27.8559309 4.7845782 -7.5334142
v -26.6763740 5.3040071 -7.9625388
v -27.5925751 5.1840668 -8.4507559
v -27.6133663 4.9360653 -7.8584233
v -27.1046737 4.7817671 -9.3666907
v -28.0208749 4.7926991 -9.8535008
v -27.8074180 5.1625151 -9.1514249
v -29.8227832 3.7828892 -10.5358793
v -29.3667618 3.9321899 -11.7444629
v -30.1055442 3.5645603 -11.7880789
v -28.9370760 4.2710837 -10.3403110
v -29.6398202 4.1389620 -10.1264522
v -27.1504145 3.5548777 -10.8397839
v -28.2384899 4.0546289 -11.1057004
v -28.2495786 4.3582278 -10.5794952
v -27.7921711 3.3406093 -12.2143895
v -28.6654036 3.8881493 -11.9583217
v -32.5214876 7.3423677 3.0314923
v -33.2228457 6.8554225 3.2453511
v -32.9775090 6.1445263 1.5175970
v -32.5797031 8.6482802 5.3501720
v -32.0931878 8.5430201 4.4342372
v -31.1769867 9.4800538 4.9210474
v -30.4326599 8.9243928 3.8658230
v -31.9421047 7.6281629 3.3565014
v -31.3918296 8.8194450 4.2189714
v -30.2607856 10.4548811 5.4078576
v -30.9621438 9.8395623 5.6231233
v -29.3445845 11.6046214 5.8960747
v -28.8566831 11.5971251 4.9787330
v -29.7728842 10.4758082 4.4919228
v -29.5594274 11.4003480 5.1939988
v -29.2863690 9.9310793 3.5759881
v -30.1942536 8.9356372 3.1848515
v -29.9336699 9.7745947 3.9826012
v -32.2636761 6.9107075 2.5939259
v -31.2753986 6.8557349 1.2502735
v -29.8948596 8.2010028 2.2140451
v -30.9468969 7.1993139 1.6526658
v -30.5199832 7.6406567 2.0705346
v -30.1443546 7.2767753 0.7690912
v -30.8457128 7.2461655 0.9843570
v -30.4423625 10.2849657 8.7325178
v -31.8256737 10.4820551 10.2998778
v -32.3704045 10.2043808 10.7261884
v -31.3516332 12.2927164 11.8799004
v -30.4354321 13.1807120 12.3667106
v -29.9475307 13.3068992 11.4507758
v -30.8637318 12.1630934 10.9639657
v -30.6488889 12.9477029 11.6646346
v -30.3772166 11.8032725 10.0466239
v -31.1229294 10.8496846 10.0803911
v -29.4610155 12.7493642 10.5348411
v -28.9731141 11.7729751 9.6189063
v -29.8893152 11.1801451 9.1306892
v -29.6744723 12.1334207 9.8327651
v -28.8178728 11.3078941 11.8194009
v -28.5448144 11.4550083 11.0216513
v -29.2461726 12.4273369 11.2355101
v -27.6979174 9.9173361 11.4549967
v -26.8579509 8.8725436 10.5981545
v -28.0569130 10.8965363 10.1057165
v -27.8975134 10.4448861 10.6319217
v -27.5703978 9.9154621 9.1897817
v -28.4865989 10.7147518 8.7015646
v -28.2717559 11.1257972 9.4036405
v -29.8310997 10.8506216 6.8120095
v -29.4028000 11.2794707 8.2147544
v -29.8685240 10.7744096 8.2611843
v -27.9986975 10.4149010 7.7856298
v -28.9148986 11.5309081 7.2988197
v -28.7014418 11.2451128 8.0008956
v -28.4283834 11.0333432 6.3828849
v -29.1297415 11.7401789 6.5967437
v -27.3486244 9.4912982 7.1356116
v -26.7997354 8.6632728 6.2351535
v -27.7630633 10.0991207 6.1113405
v -27.2432821 9.0224690 7.8953732
v -25.5259248 6.9416296 8.2358589
v -25.5716655 7.2342965 6.7332194
v -25.1807900 7.2099336 5.2854515
v -26.6126141 8.3846614 5.3839391
v -26.7248869 8.5405214 5.8412030
v -26.7179565 8.8709819 9.9607990
v -26.3700496 7.9648704 8.4862988
v -26.8524066 8.6186075 8.9393418
v -26.4033156 8.2744038 11.1187319
v -25.7379955 7.4395068 10.1634021
v -26.2550046 8.2003781 10.3252032
v -24.8217944 6.5515113 10.6502123
v -24.1675631 5.7528463 9.6357899
v -25.2390055 6.7439155 9.9537642
v -23.7586685 5.6019838 8.7311109
v -22.8175179 5.0516327 7.8489433
v -23.9263846 5.6257220 8.2654052
v -23.2749254 5.0191489 11.3030444
v -23.1806717 5.1372151 9.1278752
v -22.4224841 4.6568292 9.1306892
v -22.0718050 4.4772311 7.7040258
v -22.8729612 5.1609533 6.9864732
v -24.1329110 6.5649421 4.9393379
v -23.9139098 5.9265098 6.5883019
v -22.7080173 5.0753709 6.4841864
v -23.2596785 5.7156773 5.7750757
v -23.2818558 5.6316566 6.4166521
v -22.8674169 5.8527965 4.4919228
v -23.5119456 6.3525478 4.3118312
v -23.4814518 6.2094940 4.6790493
v -29.2281535 7.7465415 1.2573084
v -29.0645956 7.2071225 0.4271985
v -29.4429964 7.3579849 0.5552324
v -28.7984676 9.4872377 2.6600533
v -27.8684057 8.5227177 1.9889306
v -29.3002298 8.2400459 2.0241047
v -27.1601171 8.4115231 2.3448929
v -26.8676535 7.5247769 1.2924825
v -27.5967333 7.5844347 0.9463689
v -27.6105942 8.0766897 1.5288528
v -27.3167445 6.7386057 -0.0553908
v -28.0388939 7.2111830 0.1261078
v -28.3701679 10.8053317 4.0627982
v -27.8822665 9.5572029 3.1468635
v -28.5850108 10.6875778 3.3621292
v -27.2876367 9.3488690 4.4961437
v -28.1553249 10.5882522 4.7648742
v -26.1066937 8.3993416 3.9417992
v -26.9674515 9.2545410 3.6336737
v -26.4795501 8.3862231 2.7177389
v -27.1698197 8.6476555 2.7810524
v -25.5633490 8.4842993 3.2045491
v -25.0768338 7.7262391 2.2886143
v -25.8973951 7.4716783 1.7947693
v -25.7781920 8.1516524 2.5038801
v -24.6471479 7.4576228 3.6927662
v -25.5882985 7.9205174 3.7870329
v -22.7634606 5.9255728 3.5647323
v -24.1606327 7.2605334 2.7768315
v -23.9457897 7.0372070 3.4775004
v -23.6727313 7.3461158 1.8594897
v -24.7732815 6.7639056 0.9956127
v -24.3740895 7.2961407 2.0747555
v -26.4157903 6.4949769 0.3526293
v -25.7684894 6.5705643 0.7859748
v -26.4823223 7.2114953 1.2404248
v -24.1024172 6.4172031 0.4567448
v -24.7386294 6.0633167 0.1106312
v -24.4725014 5.5563815 -0.7771642
v -25.0920807 5.7740857 -0.6280259
v -31.4084626 12.8817982 14.1985801
v -30.9219473 13.5361601 13.2826454
v -31.6233055 12.7390568 13.4979111
v -30.9801629 13.9084748 15.6027320
v -30.4922615 14.0637100 14.6867973
v -31.1950058 13.7173199 14.9006561
v -29.5760604 13.2731660 15.1736074
v -29.0895451 12.4732516 14.2576727
v -30.0057462 13.1069987 13.7694555
v -29.7909033 13.3674940 14.4715315
v -29.2891411 11.7889047 12.8535208
v -30.2205892 13.0045497 13.0687865
v -30.5504770 14.1371110 17.0054770
v -30.0639617 13.2509895 16.0895422
v -30.7653199 13.9350241 16.3034010
v -30.2552412 14.0565261 17.9706555
v -29.3321097 12.5625821 17.2601378
v -28.8760883 12.3592458 18.4152567
v -28.8871770 12.0806345 17.5992165
v -28.4810545 11.2791584 15.5942902
v -29.3376541 12.5041737 15.8855321
v -27.3472383 9.9848026 16.3709354
v -26.9646793 9.2873372 15.3635478
v -28.3604653 10.9005968 14.8176451
v -26.6971652 9.4738069 16.6382589
v -25.9999653 8.8659844 17.3642532
v -26.0429339 8.7772785 16.4891205
v -25.8904647 8.1441561 14.8626680
v -28.7665877 10.8028329 12.2710369
v -27.5939612 9.6196718 13.9734656
v -28.2079961 10.6944494 13.9973840
v -27.2363517 9.0059147 12.9998452
v -26.7151843 8.7285528 13.8890476
v -27.2363517 8.9471940 12.2232001
v -29.6924914 14.7227570 19.8123738
v -29.3861670 13.2597351 18.9555316
v -29.9073343 14.0674582 19.1102978
v -29.2641916 14.4101001 21.2151187
v -28.6654036 13.4262148 20.3554626
v -29.3057741 14.0512162 20.4778686
v -26.9120082 11.0645777 20.0276396
v -28.2897750 13.0360965 19.3832492
v -28.0860208 12.5082342 20.4483224
v -27.8018737 11.7351814 18.4673145
v -28.6917392 12.4866824 18.7276031
v -28.8234171 12.3907926 22.8936290
v -28.4117504 13.0257891 21.5767090
v -29.0493487 13.5923821 21.9171947
v -28.1386919 11.7601690 22.7163513
v -26.6237028 10.2837163 23.6224373
v -26.2300551 9.8886004 22.7374558
v -27.5135683 11.1842056 22.5418875
v -27.4359477 11.4190887 21.5640463
v -25.0560425 8.9943580 21.1447704
v -26.4615311 10.6310434 20.4061134
v -24.7746676 8.7169960 22.2196923
v -24.3657730 8.5811261 22.7838856
v -23.9596506 8.0067245 20.3821950
v -25.2417777 9.3210704 20.6030886
v -26.8856726 11.0995602 18.9541246
v -27.2779342 10.4967353 17.9411092
v -25.7643311 9.9860519 19.2875755
v -26.4920249 10.7931502 19.6238404
v -24.5667551 8.7538527 19.0118102
v -25.4829562 9.8520561 18.5250001
v -25.2681133 9.5319030 19.2270760
v -24.8869403 8.7054393 17.9565859
v -25.6631470 8.8978435 17.7497619
v -23.8293587 7.3576725 17.2615447
v -24.1994430 7.9973542 17.7131808
v -23.7753015 7.5866211 19.8405131
v -22.9242463 6.5371434 18.6868011
v -23.8653969 7.7690303 18.7979514
v -21.4148015 5.1094165 18.0916546
v -22.5098074 6.1245363 17.5964026
v -23.0143417 6.5352694 16.9083963
v -22.6096054 6.2997616 20.1204993
v -23.4232363 7.5416435 20.3090327
v -22.4751553 6.9028989 22.9766400
v -23.5008570 7.4926054 21.4838492
v -21.1944142 5.8437385 22.3519471
v -20.5013726 4.6914995 19.2946104
v -20.6566139 4.7976966 18.7726260
v -21.2429272 5.0850536 16.4961553
v -21.6961764 5.3333675 16.0234148
v -20.6344366 4.5837406 17.6892623
v -19.9150593 4.0149612 17.1560223
v -20.7176016 4.3894623 15.2946065
v -20.3683086 4.3048169 16.0979840
v -25.1350493 6.6171036 11.4929848
v -26.0401617 7.6597097 11.4282644
v -24.1537022 6.3463009 13.7793043
v -23.7711432 5.5716864 11.0666742
v -24.5681412 6.2385420 11.1384294
v -24.7982310 7.1665177 14.6994599
v -24.5362613 7.5194670 15.9586944
v -22.6179219 6.0586316 15.3480712
v -23.5341230 6.5599446 14.8598541
v -23.2375011 6.4846695 15.5380116
v -22.4488197 5.2480975 14.0001979
v -23.8848021 6.4531227 14.5151474
v -22.3157557 5.5251471 14.7838779
v -21.6407331 5.1859409 15.0835616
v -20.3294982 3.7479066 14.6080072
v -21.4549979 4.1027300 12.4623843
v -22.5292125 4.4600522 10.5179575
v -21.1611482 3.6104750 10.3533425
v -27.6646514 11.7336197 25.5232481
v -28.0971094 11.5377796 24.5805810
v -27.2114022 12.0278482 26.9470975
v -27.0215087 11.5056082 25.8341876
v -27.5759421 12.0662666 26.1296504
v -26.3132201 10.9408892 26.1788942
v -25.5342413 9.9698100 25.5415387
v -26.4753919 10.9346423 25.3234590
v -26.5516265 11.0186630 25.6372124
v -25.9126420 9.9114016 24.0121668
v -26.5349935 10.4945489 24.4244078
v -27.5274292 12.4373319 28.1402046
v -26.7151843 11.4971749 27.4057684
v -27.6993035 12.4679417 27.2144211
v -26.4989553 11.7051963 29.6470650
v -26.5488543 11.5933770 28.4286326
v -24.2604307 9.6562161 28.4947600
v -25.6229506 10.6310434 28.2457270
v -24.9756497 9.6952592 26.8092149
v -25.9542245 10.6547816 26.9794578
v -24.0816259 9.1773919 27.2988390
v -24.8897125 9.5116006 26.0888484
v -23.2569063 8.7747798 27.9094622
v -22.3892181 8.5736299 28.3174823
v -22.5416873 8.2159954 27.5309884
v -23.1487918 7.7412317 25.1011584
v -24.9825801 9.2120621 24.6241970
v -24.7316990 8.7875859 23.7167040
v -24.3241905 8.5492670 24.9238807
v -24.6568505 8.9069015 25.5190272
v -24.5528943 8.8591128 24.0754803
v -25.6021594 11.5259106 30.3786872
v -26.5668734 12.0084829 30.3744663
v -25.8322492 12.9548869 32.4412991
v -25.0796059 11.6777100 31.7026421
v -26.0055096 12.3005250 31.7181187
v -24.3338931 10.8890400 31.6927933
v -24.7691233 11.0189754 30.6277202
v -25.0047574 11.1807698 31.1398557
v -24.5002231 10.4364528 29.6822391
v -24.8910986 10.8097045 29.8496681
v -25.2306890 12.5916302 33.7962072
v -24.8467439 12.2564845 33.2165373
v -25.6174063 13.3228287 33.1433751
v -24.6679392 12.3717396 34.3407030
v -25.1877204 12.8515008 34.5461200
v -23.8113396 11.6617804 34.8781640
v -22.5846559 10.5404635 33.7736958
v -23.6921365 11.4272097 33.7272659
v -24.1135058 11.8316959 33.9228342
v -22.5999028 9.7086900 32.2485448
v -24.5057674 11.3987863 32.4891360
v -20.5166195 9.3095136 34.1817159
v -19.8443690 8.5058511 32.8929352
v -20.9643244 9.1976943 33.1855841
v -21.0724389 8.7563514 31.7743973
v -21.5298464 8.8213191 31.1440766
v -23.1723552 9.4157108 29.2868817
v -23.8279726 9.9788680 29.5640540
v -22.2686289 9.3519925 30.6052087
v -23.1612665 9.9260818 30.8429859
v -20.7148294 8.0979291 30.1774911
v -22.3545660 9.1402229 29.5654610
v -21.5631124 8.2725297 28.8352457
v -22.2797175 9.0365245 29.0448836
v -20.2421750 7.4079600 29.4585316
v -19.9164454 6.8941532 28.3287380
v -20.6815634 7.5906816 28.5946545
v -19.6835834 7.2764630 29.9903646
v -18.7521353 6.8547978 30.3280364
v -19.0182633 6.1520226 28.0895538
v -19.6974442 6.7095576 27.8883577
v -19.8194195 8.1772646 31.7392232
v -19.3037965 8.7619736 33.5190350
v -19.0778649 7.9804876 32.5946584
v -17.9565235 7.5125954 33.1025731
v -16.7908274 6.4140797 32.5524494
v -18.5220455 7.0134689 31.5886778
v -18.3418547 7.4691796 32.2963817
v -17.7929656 6.3800341 31.1018677
v -15.8579933 5.1668879 30.3857220
v -17.4492170 5.9618048 29.7793198
v -16.6536051 6.0058453 31.7040490
v -17.7014841 5.4604918 28.0529727
v -18.2947278 5.2790196 27.0849802
v -17.1484369 5.3998969 28.9266985
v -15.2120784 4.2376628 28.0009150
v -21.6185558 6.5530730 24.0318643
v -22.4377310 7.2624075 24.4947561
v -20.0675285 5.7028711 24.6256039
v -20.2102950 5.6460244 23.8799120
v -21.3967824 7.2043114 26.3913460
v -21.7100373 7.0059726 25.4641556
v -20.6053288 6.9213272 27.3368271
v -21.5243021 7.5010387 27.1623633
v -19.3093409 5.9005852 26.9541324
v -20.1437630 6.2882048 25.9186055
v -20.6330505 6.1929397 25.1447743
v -18.7299580 5.3061935 25.9439309
v -17.7541553 4.7633387 26.2436146
v -19.4770569 4.7027439 22.2759710
v -24.5445778 13.8975427 36.6523479
v -23.9416315 12.5775747 35.6463673
v -24.6984330 13.0642075 35.8503774
v -24.1148919 13.9628227 38.0550928
v -23.6283766 13.4380839 37.1391581
v -24.3297348 14.3451325 37.3530169
v -22.7398972 12.6828348 38.1662431
v -22.2256603 12.1171788 36.7100335
v -23.1418614 12.7096964 36.2232233
v -22.9270185 12.8083973 36.9238923
v -22.1729891 11.3653655 35.5506936
v -23.1931465 12.1452898 35.7673664
v -23.8487639 14.2992178 39.5113025
v -23.3497739 13.3599977 38.5827050
v -23.4273946 14.6512301 40.9253031
v -22.7440555 13.8225800 39.9277643
v -23.4717492 14.2801648 40.1599137
v -21.9318106 13.2900326 40.2204132
v -21.3510417 12.7231272 39.8152071
v -21.9595323 12.7453037 39.3157342
v -21.8860698 11.8769858 37.9355007
v -20.9005646 11.0202247 37.4627602
v -19.5990323 11.1273589 39.0849918
v -20.4999865 11.8082700 39.1989560
v -18.1256257 11.0424012 39.9685664
v -18.3279938 10.2659126 38.4560781
v -19.1790490 10.8025206 38.6516463
v -19.0806371 10.0435233 36.9281132
v -19.8000144 10.0004198 36.5819996
v -19.8111030 10.5101661 37.2404596
v -21.5631124 10.7219357 35.8095753
v -21.5825176 10.6585297 35.3621602
v -21.5229160 11.2594807 36.4947677
v -19.5033925 9.6243569 36.0754919
v -20.4625622 9.3626122 34.9400705
v -20.2629662 9.9654372 36.2260372
v -19.7279380 8.9509421 34.3941677
v -23.0642407 14.7664853 42.1732818
v -22.6622765 14.2158218 41.4515083
v -22.6692069 14.3576262 41.7047622
v -22.3268444 13.7460556 43.8236527
v -22.3213000 14.2317514 42.5306511
v -22.5014909 14.0265410 43.2411689
v -21.1472874 13.3275139 42.7008940
v -20.5096891 13.3753026 42.3224202
v -21.4258902 13.7451186 41.8356100
v -20.7647284 12.9192796 40.9548494
v -21.8278543 13.6111228 41.1222783
v -21.9706209 13.0398446 45.0716314
v -22.1854639 13.4868096 44.3695555
v -19.6128931 12.0228507 45.1785608
v -20.4597901 12.1671539 44.8155637
v -19.9330784 12.5650809 43.5394456
v -21.1459013 12.8440046 43.8053622
v -19.3079548 12.5891314 44.0656509
v -18.6856033 12.6734644 43.5507014
v -19.9344645 13.0154817 42.7346612
v -19.3467651 12.6578472 43.2594594
v -18.7701544 12.2052599 45.6203481
v -18.2476010 12.8930426 44.7001925
v -18.6093688 12.6331720 44.8521448
v -17.3313999 13.5430317 45.1870026
v -16.8448846 13.6579744 44.2710679
v -17.7610857 12.7977776 43.7842577
v -17.5462428 13.4352728 44.4863337
v -17.4603056 11.9397671 42.9049041
v -18.1893855 11.9397671 42.3815128
v -17.9745426 12.1249874 43.0821817
v -20.0217877 13.2063242 41.4064854
v -19.3536955 12.3370693 40.8296294
v -20.1049527 12.9383326 41.0251977
v -19.1055866 13.0429680 41.8932956
v -19.8069448 13.3852977 42.1085614
v -17.7028702 11.8123305 41.4641710
v -18.6190713 12.0194149 40.9773609
v -18.4042284 12.6019375 41.6794368
v -18.9073767 11.5521475 40.0459495
v -17.2149689 11.1867044 40.5482363
v -16.5662819 10.2621645 39.5535114
v -17.2981339 10.8284452 40.1767973
v -16.6577634 11.0130408 41.9144001
v -16.3888632 10.4920501 40.8676175
v -17.2565514 11.4231492 41.2531262
v -15.6320617 10.2384263 41.3051839
v -15.0637675 9.9448224 40.6720493
v -15.8122525 9.8267562 40.1191117
v -15.5974096 10.1453476 40.8211877
v -15.1621794 9.2835890 39.4001522
v -16.4124266 9.7458590 38.7571688
v -16.1878811 9.7596021 39.1004684
v -16.3569833 12.3445656 43.3551331
v -16.2350079 11.1595304 42.2675485
v -16.5718262 11.6614681 42.6530572
v -15.8219551 12.3861074 44.7438084
v -16.1421403 12.8046491 44.0572091
v -14.2279592 11.4575071 44.7255178
v -13.9133183 9.9276435 42.9893220
v -15.2675217 10.6247965 42.6783826
v -15.3700919 10.4411379 42.1535843
v -13.4143283 9.3351259 41.8313891
v -13.8052038 9.1936338 41.2390565
v -12.7628691 10.4842415 44.2274519
v -12.8654393 9.5787546 42.9344503
v -11.7122179 9.7352393 43.2467968
v -11.6678632 9.2173720 42.5067327
v -12.3401137 9.0599503 41.9706787
v -11.9714155 9.5812534 42.7782771
v -12.3096198 8.1632091 40.4075397
v -12.4315952 8.6866986 41.2123242
v -14.4511186 9.0490183 39.6252667
v -14.1240030 9.0693207 38.7754593
v -14.8378359 9.2714076 38.2872422
v -14.6742781 9.2179967 38.8148544
v -14.2792443 9.4100886 40.4216094
v -12.5605009 8.2772149 39.8405325
v -13.0248388 8.2615977 39.0174574
v -12.5092158 7.8652324 38.3210094
v -13.4351195 8.8666091 37.8581176
v -13.4060118 8.5380226 38.5067289
v -18.4444248 8.2156830 34.0199148
v -19.3204295 8.6870109 33.8778113
v -18.1741386 9.0009172 35.4719035
v -18.7077807 9.3088889 35.7547037
v -16.6092504 8.3337493 36.3667338
v -16.7755804 7.8842855 34.6980723
v -17.3286277 8.0229664 34.3758772
v -17.4228814 8.4496291 35.4873802
v -16.8629037 7.2877074 33.5626509
v -17.9689982 8.0854353 33.8834391
v -18.0272137 9.7774058 37.9369077
v -17.5961418 9.0346504 36.6171737
v -18.2877974 9.5653238 37.0406704
v -16.6175669 9.3513678 38.0016281
v -15.7540370 9.0715071 37.8004320
v -16.5704401 8.8444326 37.3699005
v -15.1649516 8.5520781 37.1236814
v -15.4712760 8.1800757 36.5060234
v -14.3513206 8.8634856 37.3713074
v -15.0526788 8.8578634 37.5851662
v -12.9472182 7.9470667 36.9421828
v -13.5460062 7.8424313 36.5454185
v -13.6485764 8.4661834 37.1560416
v -12.9624651 7.0178417 35.7026459
v -14.5245811 6.8407423 34.9330356
v -16.2765904 7.1749510 33.7793236
v -15.8067082 6.5749371 33.4092916
v -16.3389642 6.7614068 33.3755244
v -15.3160347 7.1184166 34.5109459
v -16.3181729 7.4638697 34.3364821
v -13.5529366 6.1801336 34.3167846
v -14.3041938 6.3831576 34.3308543
v -16.6730103 12.7393691 48.7241147
v -15.1400021 14.2255045 49.8918964
v -15.8274994 13.2612969 49.3642842
v -15.5572132 14.3595003 48.4807097
v -16.4748004 13.6432943 47.9953064
v -18.3058165 12.3545606 47.0202791
v -17.8193012 12.8027751 46.1043444
v -18.5941218 12.1552848 46.3463425
v -17.3896154 13.4224667 47.5070893
v -15.9868990 13.8054011 47.0779647
v -16.9031001 13.7476173 46.5911545
v -16.6882572 13.9240920 47.2932305
v -16.5579654 13.0938802 45.3276992
v -17.1165570 13.4849356 45.8890786
v -13.2965112 16.1036323 50.8584819
v -14.2127123 15.4561420 50.3716717
v -11.8924087 18.9828243 50.4293573
v -12.8086098 17.5566591 49.9425472
v -12.5937669 17.5857072 50.6446231
v -8.2858198 18.4737027 54.6980917
v -7.7993045 18.7292005 53.7821569
v -8.4008647 18.1785371 53.4402642
v -8.2276043 18.8141583 52.3780050
v -9.1438054 18.7063994 51.8911948
v -10.9762076 18.2631825 50.9175745
v -10.4896924 18.0704659 50.0002328
v -11.4058935 17.5019988 49.5134226
v -11.1910505 18.7554375 50.2154985
v -10.0600065 18.7067117 51.4043847
v -10.4647429 17.8764999 51.8588346
v -8.6572901 18.5355469 50.9752601
v -9.5734912 18.3731278 50.4884499
v -9.3586483 18.8219669 51.1891189
v -9.0855899 16.8463876 49.5711082
v -9.6802197 16.2229479 48.9942522
v -9.7883342 17.6662920 49.7863740
v -15.6001817 13.2106971 46.0058568
v -14.3582510 12.2461771 45.4107102
v -15.9993738 13.0848222 45.7765213
v -15.0706979 14.4822517 47.5647749
v -14.4899290 13.7875974 46.7360720
v -15.2799965 13.9287772 46.8584781
v -13.6665954 14.5990686 47.1356503
v -13.1800802 13.4924318 46.2197156
v -13.8675775 12.8577477 45.8510905
v -14.0339075 13.6045635 46.4954809
v -13.5612531 11.7342444 45.0378643
v -14.6410121 15.1122507 48.9689268
v -14.1544968 15.1612888 48.0515851
v -14.8558550 14.9504562 48.2668509
v -13.7248109 16.5181135 49.4557370
v -14.4261691 15.3821164 49.6695958
v -12.3220946 16.8695011 49.0266124
v -13.2382957 16.4478360 48.5398022
v -13.0234528 17.0400412 49.2404712
v -12.7503943 15.0276053 47.6238675
v -13.4517525 15.7132016 47.8377263
v -12.1987332 15.1940849 47.9924925
v -11.3476780 14.2298773 47.1947429
v -12.3622910 13.3234534 46.5123645
v -12.1363594 14.0418459 47.2214752
v -11.0995690 15.8915503 48.5777903
v -11.5652931 16.5530961 48.9042064
v -9.4237942 15.1412987 48.3414200
v -10.4786037 15.0232325 48.2626300
v -9.6552702 12.9080352 47.0245000
v -11.0441257 11.8217008 45.9101831
v -11.0482840 14.3579386 47.5239729
v -12.6644572 11.6264855 45.3628734
v -11.7939968 11.8901043 45.6301969
v -12.8335593 12.7290618 46.0002289
v -10.2568303 11.4056579 45.6316038
v -11.0108597 11.3881666 45.4683958
v -11.0205623 10.3874147 44.1500688
v -7.3696187 18.6895328 55.1849019
v -28.3618514 0.3567818 -23.7697999
v -28.5656056 2.5663072 -19.7529125
v -27.7893989 3.6479563 -19.1310336
v -27.3014976 3.0676202 -20.0469683
v -27.8656335 2.8224297 -20.6407079
v -28.0042419 3.0704313 -19.8331095
v -27.7311834 2.2042998 -21.4511202
v -28.4325416 1.8276123 -21.2358545
v -26.8149823 2.1490148 -20.9629031
v -26.2688655 1.2691403 -22.0772200
v -26.9563628 1.3491005 -22.3178112
v -27.2197187 2.1811863 -21.1837967
v -26.3852965 3.0226426 -19.5601581
v -25.9070977 2.2395948 -20.5028253
v -26.7124121 2.3942053 -20.4592093
v -24.9825801 2.2055492 -19.9892827
v -24.4946788 1.9403687 -20.9052175
v -25.4386015 1.5602454 -21.5650845
v -25.1974230 2.2146072 -20.6913587
v -24.6665531 1.0533102 -22.3459505
v -26.2730237 0.9608562 -22.9678294
v -25.6077037 1.0651793 -22.3093694
v -27.7353417 0.7537717 -23.9428567
v -27.1850666 1.0323831 -24.6857347
v -26.7567668 1.1988627 -23.2829898
v -27.1961552 1.0439398 -22.8651209
v -26.1358015 0.7415903 -23.7599512
v -26.1940170 0.5513725 -24.8939656
v -28.7638155 3.4796026 -17.2991641
v -28.2759142 3.9562404 -18.2150988
v -28.9232151 3.2734552 -17.8253693
v -28.3341297 3.7753929 -15.8950121
v -27.8531588 3.9390615 -16.8250166
v -28.5489726 3.7229190 -16.5970881
v -26.7553807 3.1553890 -16.3776014
v -26.2619351 3.1169706 -17.2921292
v -27.3597131 4.6433984 -17.7282886
v -27.1448702 3.7760176 -17.0262127
v -26.8731978 3.9774798 -18.6442234
v -27.5745560 4.2704590 -18.4289576
v -27.9058299 3.6164095 -14.4922672
v -27.4179286 3.5205198 -15.4082020
v -28.1192868 3.8931468 -15.1943432
v -27.4761441 3.3593500 -13.0895223
v -26.9896288 3.2531528 -14.0054570
v -27.6909870 3.8700333 -13.7901913
v -25.9403637 2.4548002 -13.6002509
v -26.2979732 2.6953055 -15.0381700
v -26.3478722 2.6331489 -14.4317677
v -26.0152122 2.8283642 -15.8373265
v -26.7165704 3.3231180 -15.6234677
v -24.9825801 2.0584349 -15.7303971
v -24.6111098 1.7798236 -16.2664511
v -25.7019574 2.4829112 -16.7377847
v -25.4968170 2.3314241 -16.0019416
v -24.4253746 1.5955403 -14.7131608
v -23.7628267 1.4656050 -16.1440451
v -23.9333150 1.4246878 -15.3237840
v -23.3941286 1.1026606 -16.6758782
v -23.7032251 1.1192149 -17.0233987
v -24.1107337 1.4415544 -16.4493567
v -25.5980011 2.6134712 -17.9294847
v -25.6437419 2.7746410 -19.0198833
v -26.1718396 3.1656964 -18.8580822
v -25.5203804 2.3679684 -17.3343382
v -24.4364632 1.4481137 -17.5467900
v -24.0663790 1.6730018 -19.5024726
v -24.7677372 2.1774382 -19.2872068
v -23.2361150 0.8365431 -19.0184763
v -23.3899703 1.0879804 -20.3536869
v -23.4107616 1.0336325 -19.8950160
v -21.9027028 0.5429392 -17.0346545
v -21.5908341 0.2274712 -20.3311754
v -22.5721811 0.8574701 -16.0131973
v -22.5500038 0.8103061 -16.5168910
v -20.9629383 0.3267967 -17.1922346
v -17.8442507 -0.1663953 -17.9871703
v -18.1297839 -0.0558253 -16.7842146
v -17.9787008 -0.2076248 -18.4852363
v -20.0176295 -0.1095486 -20.8362762
v -18.8228256 -0.1888841 -19.5221701
v -17.4228814 -0.3834748 -21.5327243
v -19.2358784 -0.2073124 -21.7240716
v -24.3740895 0.4539210 -23.6431730
v -22.4612944 0.1584430 -22.8932602
v -22.7523720 -0.0067872 -24.8995935
v -23.3372991 0.1540702 -24.6955834
v -22.9949365 0.0166386 -24.3128887
v -23.6103576 0.0169510 -25.5397630
v -24.0081635 1.4043854 -21.8211522
v -24.7192243 0.7943765 -22.8271328
v -23.0711711 0.8065580 -21.4891083
v -23.7933206 1.3828337 -21.1204833
v -21.5686568 0.1384530 -21.9928021
v -22.4460475 0.3992607 -22.3487644
v -21.5700428 -0.0058502 -23.0283289
v -18.8824272 -0.1963804 -22.6217158
v -19.7612040 -0.2079371 -22.5907626
v -20.1784151 -0.3628600 -25.2935439
v -21.2179777 -0.2285519 -24.6885486
v -26.9563628 2.8848986 -13.1106268
v -27.2460542 3.1635099 -12.5253290
v -27.0201227 3.9153233 -10.3543807
v -25.8752178 2.6793759 -11.5010578
v -25.0657451 2.8789641 -10.8552605
v -26.2757959 2.5513146 -12.2650403
v -25.1780179 1.9637945 -12.9333491
v -25.7629450 2.3245525 -13.1275103
v -26.1884726 4.7527190 -8.8798805
v -25.9029395 3.7906978 -9.7170252
v -26.4199486 4.2351641 -9.6494908
v -25.7601729 4.6646378 -7.4757286
v -25.2736576 3.9612379 -8.3916633
v -25.9750158 4.9879145 -8.1778045
v -24.3241905 2.9661082 -8.1004214
v -23.9291567 2.7462176 -8.9980656
v -24.7857563 3.5651850 -9.3075981
v -24.5709133 3.2394097 -8.6069291
v -24.2992410 2.9295639 -10.2249398
v -25.0005992 3.4243176 -10.0096741
v -23.3830399 2.5288258 -9.7367227
v -23.0683990 2.0528127 -10.6005997
v -23.6325349 2.1793123 -11.0747472
v -23.5964967 2.4198176 -10.4387986
v -22.3892181 1.8479147 -9.5369335
v -22.7177199 2.0615584 -9.1697155
v -21.6393470 1.6439537 -9.0459025
v -21.9124054 1.5905428 -10.0040462
v -22.5804976 1.7107954 -10.6639132
v -23.6103576 1.4930913 -13.4300080
v -22.7856380 1.3662794 -12.4141787
v -25.1780179 3.5923590 -6.4458296
v -24.7705093 3.2259789 -6.9509303
v -25.5453299 4.0777424 -6.7736526
v -25.0740616 3.4327509 -4.5028098
v -23.5147178 2.5900454 -6.1391110
v -23.9263846 2.8639715 -5.4834650
v -24.5722994 3.0229549 -7.4180430
v -24.4253746 4.0027797 -2.9340429
v -23.7420355 4.7789560 -1.9519807
v -23.7004530 4.2676479 -2.9002757
v -22.6400992 5.4105166 -2.2924664
v -22.1535839 4.6396503 -3.2084012
v -23.3400713 4.1314657 -3.5657705
v -22.9076133 4.5343902 -3.1661922
v -22.5832698 3.4892853 -4.6111461
v -23.3331409 3.3284279 -4.5689372
v -21.6670687 3.8619124 -4.1243360
v -21.2415411 2.9885970 -5.0318289
v -22.0953684 2.6943684 -5.5270809
v -21.8805255 3.5180210 -4.8264119
v -21.2373828 4.7143006 -2.7201841
v -20.7508676 3.7329141 -3.6375258
v -21.4522257 4.2579652 -3.4222600
v -20.2962322 3.6976191 -3.3378421
v -19.8471412 2.7343485 -3.8260592
v -20.2227698 2.6247156 -4.6336576
v -19.9386227 2.0899817 -5.3624659
v -20.6607721 2.4597977 -5.2217693
v -22.3698129 2.0053364 -7.5756232
v -22.2298185 2.4391829 -5.9646473
v -20.6510696 1.5280739 -8.4141748
v -19.6655643 1.2919414 -8.5590923
v -19.5588359 1.4677914 -6.5400963
v -17.5254516 0.8833947 -7.3082997
v -17.1165570 0.7122299 -9.1598667
v -18.5012542 0.9421155 -9.5749216
v -18.3723485 0.9761611 -8.8714387
v -18.5442228 1.2116689 -5.8042532
v -19.3980502 1.6408303 -5.8971129
v -18.3668042 2.1118458 -3.1549365
v -18.4929377 1.6080341 -4.1046384
v -16.9363661 1.0633052 -4.8024935
v -17.4076345 0.9293094 -5.6157198
v -13.4753159 0.1650023 -7.4433684
v -15.1829707 0.3889533 -7.9287716
v -15.5475106 0.3908274 -9.8309894
v -21.1070910 0.6844313 -14.3951866
v -20.5374107 0.8418529 -12.8531520
v -19.2857774 0.6207130 -13.2738348
v -20.0301042 0.6891164 -13.8309933
v -19.8166474 0.7556458 -13.1289173
v -18.8949019 0.2515217 -14.8960664
v -20.3350426 0.4826567 -14.5035229
v -20.5249360 1.1960516 -10.3473459
v -19.4022084 0.8037469 -11.8527993
v -19.0265798 1.0055215 -10.1574055
v -18.0826571 0.8374801 -10.5935649
v -18.6412487 0.7019226 -12.3213189
v -17.5933696 0.5966624 -11.5080927
v -16.1878811 0.1681257 -12.7040136
v -17.3785267 0.4170643 -12.7096415
v -17.0292337 0.5947884 -10.9129461
v -17.5545593 0.7515853 -10.7511451
v -15.9328418 0.3467868 -11.2478040
v -16.2516409 0.4773468 -11.5517086
v -16.4540091 0.1728109 -13.5819603
v -18.4264057 0.3664645 -14.2193158
v -17.5919836 0.0894149 -15.3448885
v -18.0022642 0.3339807 -13.7803425
v -16.9155749 0.1075309 -14.3037338
v -23.6145158 6.1526473 -0.4591900
v -23.0434495 5.7778338 -1.0557435
v -24.1065754 5.2996343 -1.1584520
v -23.1862160 7.3739145 0.9435550
v -22.6983147 6.4078328 0.0276202
v -23.4010590 7.0231515 0.2428860
v -21.7821136 6.1026721 0.5144304
v -21.4342067 5.3189997 -0.2622147
v -22.2117994 5.8396780 -0.8883145
v -21.8694368 5.8671644 0.1275148
v -21.7238981 5.6429010 -1.8042493
v -22.4266424 6.1061079 -1.5903905
v -22.7565302 6.8938409 2.3477069
v -22.2700149 7.0372070 1.4303652
v -22.9713731 7.5257139 1.6456309
v -21.9844818 5.6803823 3.0272714
v -22.4945604 6.0236490 3.2017351
v -20.6081010 4.2973207 3.6941732
v -20.4029606 5.2009334 2.5868911
v -21.3538138 6.2347939 1.9185823
v -20.9865017 5.3280577 2.8063777
v -20.8659125 6.4100192 1.0012406
v -21.5686568 6.5627557 1.2165063
v -19.9497114 6.4856066 1.4894577
v -19.4631961 5.7175513 0.5735230
v -20.6011706 4.9954107 0.0079227
v -20.1645543 6.0670649 0.7873818
v -19.5214116 4.7205475 2.9906903
v -19.0335103 5.8762224 1.9762679
v -19.7362545 5.6713243 2.1901267
v -18.1186952 4.8945234 2.4630781
v -17.6307939 4.9616775 1.5471433
v -18.5469950 5.5226483 1.0603331
v -18.3321521 5.2652764 1.7610021
v -18.0604797 4.9123271 0.1443984
v -19.0778649 4.0615005 -0.5168756
v -18.7618379 4.9672997 0.3582572
v -20.6288922 4.5137754 -1.3666829
v -20.3211817 4.1508311 -2.2333739
v -21.0225399 4.8536063 -2.0195151
v -20.3405869 4.3894623 -0.6941533
v -18.4596717 3.8225569 -0.9080121
v -19.2497393 3.5964195 -1.3399506
v -18.8394586 2.8439815 -2.5232088
v -19.6198235 3.4661718 -2.4486397
v -21.8902281 4.9079542 4.5721199
v -21.7848858 4.5821789 5.6920647
v -19.8970402 3.1881852 6.1873166
v -20.3724668 3.6073515 5.0125002
v -21.0696667 4.2298542 4.3455984
v -21.3579721 3.8984567 7.7195024
v -20.7730449 3.6301527 6.9653687
v -20.9282862 3.5580011 8.6663904
v -19.6918999 3.1082250 7.3550983
v -19.2234037 3.4586755 4.1401814
v -18.5289759 3.9134492 3.5380000
v -17.0042842 2.9582996 4.2245993
v -18.1325561 3.5626863 3.6941732
v -17.1747725 3.9865378 3.0441550
v -18.2462149 3.9493688 3.2453511
v -16.3251034 3.2747046 3.6167901
v -15.7443344 4.1370879 2.6924135
v -16.7145928 4.8370520 2.0339535
v -16.3805467 4.0265179 2.8739121
v -15.8302716 2.4900951 5.2362077
v -15.2841547 3.2372233 4.0951584
v -15.8593793 3.1263409 3.8630091
v -14.4538908 3.2784527 4.4117258
v -13.9659895 3.3315513 3.4957910
v -14.8821906 4.0736820 3.0089808
v -14.6673476 4.0102760 3.7096498
v -14.3956753 4.1748816 2.0930461
v -15.3118764 5.2899516 1.6048289
v -15.0970335 4.6708847 2.3069049
v -14.6160626 2.4098225 5.4078576
v -14.5301254 1.9388070 7.6941771
v -13.3145303 2.0531251 6.1563634
v -13.5806583 2.0899817 6.6403596
v -13.5959052 2.7499658 4.7282931
v -14.2723139 2.8636592 4.8633618
v -12.6214886 2.1705666 5.3867531
v -12.1335872 2.0034623 4.4694114
v -13.0497883 2.6543883 3.9826012
v -12.8349454 2.3064365 4.6846771
v -12.0227006 1.5493133 6.8457767
v -11.7052875 1.8032494 5.8735633
v -12.1793280 1.7723273 6.2126420
v -10.7890864 1.3231759 6.3603734
v -10.3011850 1.1507617 5.4444387
v -11.2173861 1.4765370 4.9576285
v -11.0039293 1.5324467 5.6582975
v -10.7308709 0.7016102 4.0402868
v -11.6470720 1.4940283 3.5534766
v -11.4322290 1.3731510 4.2555525
v -13.4794742 3.1172829 2.5798562
v -12.9915728 2.5769269 1.6639215
v -13.9077740 3.1897469 1.1757043
v -13.6943171 3.3918338 1.8777803
v -12.5632731 2.1077854 3.0666664
v -13.2646313 2.8058754 3.2805252
v -11.1591706 0.9186897 2.6375418
v -12.0753717 1.6264624 2.1507317
v -11.8619149 1.5127690 2.8528076
v -11.5888565 1.0230127 1.2347969
v -12.5050576 1.7042362 0.7465798
v -12.2902147 1.8016877 1.4486557
v -17.1692281 1.7782619 -2.8200786
v -17.2066524 3.6526415 -0.6843045
v -16.9682460 2.6028515 -1.6874711
v -17.9925617 3.0726177 -1.5087865
v -16.1698620 3.1472680 -1.2006610
v -16.2072863 2.1864962 -1.9618295
v -16.8726063 1.3572214 -3.4757247
v -17.1442786 4.9591788 0.6312086
v -16.6563773 4.0977325 -0.2847262
v -17.3577355 4.4525559 -0.0708674
v -16.2280775 4.9513701 1.1180187
v -16.9294357 5.1103535 1.3332845
v -14.8239751 3.9268800 0.6888942
v -15.7401762 4.0386994 0.2020840
v -15.5253332 4.9869774 0.9041599
v -15.1760402 3.0919830 -0.4760736
v -15.9550191 3.7950706 -0.4999920
v -14.5148785 2.7733916 -0.1679480
v -13.9756920 1.4562346 -1.1443823
v -14.7172466 1.8397937 -1.4426591
v -13.4212587 2.1255890 0.2597696
v -14.1073700 2.6653204 0.3230830
v -12.0171562 0.8999490 -0.1693550
v -12.9333573 1.1132803 -0.6561652
v -12.7199005 1.3859571 0.0459108
v -12.4939689 0.5326318 -1.7451567
v -13.6804563 0.7793840 -2.1489559
v -13.0262249 0.7166027 -1.5805417
v -15.0194128 0.9402414 -3.0648907
v -14.8946653 0.7234743 -4.0835340
v -14.0616292 0.7968753 -2.6090338
v -15.1219830 1.5286986 -2.0786076
v -12.3123920 0.3039956 -2.6160686
v -13.0345414 0.2668266 -4.5098446
v -19.0986562 3.0935448 14.6558440
v -13.0414718 1.7186041 12.8394511
v -17.2094245 3.1413335 19.1961228
v -14.6521007 2.3495400 17.6723788
v -12.7434639 1.7445287 14.0072328
v -12.3331832 1.7976272 15.3438503
v -10.7960168 1.4949654 13.2193319
v -9.3392432 1.6601956 17.1377317
v -10.4883063 1.7791989 17.5373100
v -8.8277784 1.4428038 15.5183141
v -7.9185077 1.4456149 16.8478968
v -6.8928060 1.2781982 15.3354085
v -9.2962746 1.3956398 14.5362519
v -7.4694167 1.2394675 14.0001979
v -8.3079971 1.2719514 13.8496526
v -8.0737490 1.0842323 12.4187683
v -9.2796416 1.2985006 12.3962569
v -12.6145582 1.6555105 9.7961840
v -13.0622631 1.6873696 8.7325178
v -13.1107760 1.6761252 9.2756067
v -13.1828523 1.6989264 10.6882003
v -11.9977511 1.5977267 11.8137730
v -10.9013591 1.4287483 11.9572835
v -11.4003491 1.4471766 10.4785624
v -9.4182499 1.1904294 11.3114862
v -9.2449895 0.6506980 9.5316744
v -9.5305227 0.8858935 10.0044150
v -11.0468979 1.1263988 7.4029351
v -11.1231325 1.1685653 8.7170412
v -9.9283286 0.7428397 8.4398689
v -10.4550403 0.9521105 7.6336775
v -9.8728853 0.8609059 6.8471836
v -10.4924645 1.0170782 7.2495758
v -10.1750514 2.2411565 22.1001002
v -12.4482282 4.6090405 32.1373945
v -10.4397934 4.0340142 31.3860748
v -9.5374531 4.2026803 30.5292326
v -9.0259883 3.8868999 29.6104839
v -9.8548662 3.5686208 29.3234628
v -9.4833958 3.8628494 29.7441456
v -7.0120092 2.3058118 25.8496642
v -8.3634405 4.1330274 29.9791089
v -5.5372165 2.4157571 27.3129087
v -5.2697024 2.4132583 26.9231791
v -4.7984340 2.5875466 28.3273310
v -3.4511610 2.3123710 27.5323953
v -4.3535013 2.5834861 27.4099893
v -3.7574854 2.3557869 26.8373542
v -4.9287259 2.0721781 25.7638393
v -4.2841971 2.2445923 26.7838895
v -5.9017564 2.0871706 25.2812500
v -10.5811739 1.9781624 19.3157149
v -9.4030030 1.8600961 19.0638680
v -8.7584742 2.1099718 22.0902515
v -5.6217676 1.5746132 21.2643625
v -7.4139734 1.6136563 19.5225388
v -13.0345414 6.0820574 34.6361658
v -12.2763538 7.2386693 36.3301527
v -12.0961630 6.4409413 35.3410557
v -12.0310171 7.8942805 37.4289930
v -11.5445018 7.2061854 36.5130583
v -12.2458600 7.6534628 36.7283240
v -10.6283007 6.5155916 36.9998684
v -10.1403993 6.1916903 36.0839337
v -11.0566005 6.5093448 35.5971235
v -10.8417575 7.0050356 36.2991995
v -10.3788057 5.5270211 34.7670137
v -11.2395635 5.7191130 34.6994793
v -9.1548941 4.5893628 34.2253318
v -9.1590523 5.2118655 35.7012390
v -9.7827898 4.1452089 31.0751353
v -8.0169196 4.4728583 32.3653230
v -9.2020209 4.6977464 31.9741865
v -9.3350849 4.5731209 32.5510425
v -8.6212520 5.0975474 31.0160427
v -9.3461736 4.4013314 31.0244845
v -11.3476780 6.9709900 37.6104916
v -11.7662751 7.3408059 37.7779205
v -11.2423356 7.3404936 39.9052529
v -9.7107135 7.3095715 39.9727873
v -9.5721052 6.4428154 39.1989560
v -9.4473577 5.6197875 37.3741214
v -10.2304948 6.0673772 37.7188280
v -9.8576383 8.0866847 41.0012793
v -10.1390133 9.3360629 42.9879150
v -9.7814038 8.8244426 42.3041296
v -10.6102816 9.0318393 42.2970948
v -9.1382611 8.6389099 42.4842213
v -8.3107693 7.5800619 41.6935065
v -9.3406292 8.0779391 41.2095102
v -9.1202420 8.3068876 42.1324798
v -9.0398491 7.4326352 40.3329705
v -9.5859660 7.8165067 40.5623059
v -7.9379129 7.0553230 40.7874205
v -7.1159654 6.2803962 40.0572052
v -8.2927502 6.2900789 39.2341302
v -8.2747311 6.8141930 39.8292767
v -7.5414930 6.8185659 40.7086304
v -7.3280362 7.2802111 41.7103901
v -5.3237596 6.9884813 42.0424340
v -5.7423568 4.7074290 37.6906887
v -4.9453589 5.2780825 39.4437681
v -4.7249716 6.6039852 41.2390565
v -4.2952858 6.0427020 40.5341666
v -4.8344722 6.1179770 40.4919576
v -3.2986918 6.3138171 40.8971638
v -2.1828947 5.3652267 40.2992033
v -2.7317837 3.6123491 35.2270915
v -7.7050509 4.7652128 31.5028529
v -7.2185356 4.4569287 30.5869182
v -7.9198938 4.8992086 30.8021839
v -6.8775591 4.3023182 32.0754880
v -7.4902079 4.5112767 32.2049289
v -5.5011783 3.5386357 32.9027839
v -6.3023345 4.5365766 31.0737283
v -6.0874916 4.1698841 31.7758043
v -5.3334622 3.1941197 30.2633160
v -6.8636983 4.0602511 30.4743609
v -6.7458812 3.8450457 33.1799562
v -5.1075306 3.4655471 31.0371472
v -4.9730805 3.4349374 31.5408410
v -9.1770714 9.4403860 43.6618517
v -9.7952646 9.6949468 43.7012467
v -9.4944845 11.3541211 45.6555223
v -9.0925203 10.6988222 45.1644912
v -9.9241703 10.7272455 44.9562602
v -7.9462294 10.9964865 45.7821492
v -8.4563080 9.8889128 44.4399038
v -7.9171216 9.9304546 44.9027955
v -7.4278342 8.3643590 43.4902018
v -8.4646245 9.0227813 43.4325162
v -9.0481656 13.2528636 47.1497200
v -9.3503318 12.2424290 46.5714570
v -8.5990746 15.6385512 48.6551734
v -8.0640465 13.9075377 47.9559114
v -8.7515438 14.7858506 48.1275612
v -7.1991304 14.1680331 48.3568967
v -6.7306342 12.3092707 47.1933359
v -8.0404830 11.8982253 46.5742710
v -7.1783392 13.0573359 47.4733221
v -7.1603201 10.7790947 45.9594269
v -6.7472672 9.5553288 44.9815856
v -5.7714646 12.1302973 47.5943212
v -4.4158750 11.4178393 47.2411728
v -3.9321319 10.5148513 46.2816221
v -4.6210154 10.5813806 46.3772957
v -4.2135068 9.3494937 45.2165489
v -5.0728785 8.7960192 44.5215078
v -5.6799831 7.5419558 42.8233000
v -8.4327446 17.2602441 50.1535920
v -7.3211058 15.4208471 49.4247837
v -8.3842317 16.5855799 49.3572494
v -7.7410890 18.7744905 51.4620703
v -7.5816894 16.9941266 50.3772996
v -8.0030588 18.1263756 50.8275287
v -6.2274860 17.4648298 51.2932344
v -5.6619640 15.3377634 50.0227442
v -6.8276601 16.4219114 50.5165892
v -6.2233277 13.6420449 48.6720570
v -6.7042987 14.1802145 48.8873228
v -7.3114032 19.4507165 52.8648152
v -6.8248879 18.5277383 51.9488804
v -7.5262461 19.2614357 52.1641462
v -6.8831034 19.1558632 54.2689671
v -6.3952021 19.0390463 53.3530323
v -7.0979463 19.3370230 53.5668912
v -5.4790010 18.5171186 53.8398425
v -4.9924857 18.2075852 52.9239078
v -5.9086868 18.3100342 52.4370976
v -5.6938439 18.5218038 53.1377666
v -4.6321040 16.9657032 51.6069877
v -4.5059704 17.5213642 52.0079730
v -4.0624238 16.2688625 50.9977715
v -4.8566495 16.1586049 51.0216900
v -4.0776707 17.8668172 53.4149388
v -3.5897693 17.9517750 52.4947832
v -4.2911275 17.9133566 52.7086420
v -2.6735682 17.3302093 52.9815934
v -2.2411102 15.9068552 51.8926018
v -3.1018680 16.6908400 51.5788484
v -2.8870251 17.1955888 52.2795174
v -2.5363460 14.5946958 50.4209155
v -3.1434505 15.3399498 50.8289356
v -5.5164252 14.1936453 49.0406821
v -5.0978280 13.2940930 48.6045227
v -3.0616716 13.9131599 49.2953429
v -3.8475808 13.5633340 49.2010762
v -3.5370982 12.3283237 47.6843670
v -4.1913295 12.3711149 48.1500727
v -2.5571372 13.1404195 48.3428270
v -2.0193369 12.3476891 47.4128226
v -2.9854370 11.7333073 46.9400821
v -2.7719801 12.6784619 47.6407511
v -2.4088263 14.0780779 49.8834546
v -1.6409361 13.3093979 48.8296372
v -2.3422943 13.6757781 49.0449030
v -0.2659414 12.1237380 48.4061405
v -1.1530348 12.9527005 47.9137024
v -0.9395779 12.7299988 48.6157784
v -0.6665195 11.7126926 46.9977677
v -1.5827206 11.7470505 46.5109575
v -1.3678777 12.2727264 47.2116265
v -1.5938093 14.3554398 50.8809934
v -1.0518507 13.3603101 50.2169055
v -0.9090841 14.6353005 51.8686834
v -1.5549989 15.4755074 52.1641462
v -0.0996114 14.1730306 52.0234496
v 0.3411631 13.2269390 51.2355488
v -0.3740559 13.6620349 50.8992839
v 0.3328466 13.6030018 51.7068823
v 0.3356188 11.9457016 49.2052971
v -0.6859247 12.7737270 49.6639679
v 0.9316346 12.4070345 50.3280558
v 0.3231440 11.5890042 48.6101505
v 1.2088513 12.8711785 51.3340364
v 1.6718032 12.1965143 50.7205993
v 3.0246205 12.2927164 51.4283031
v 3.4265847 11.8466884 50.3491603
v 2.3204902 10.7790947 49.2925289
v 2.7557204 11.5761980 50.6586928
v 3.5832121 11.0876912 49.4177489
v -0.0746619 11.2282462 47.2580563
v 0.7361969 10.0575788 46.5686431
v -0.1786181 10.5282821 46.0818329
v 0.1859218 10.7266209 46.8444084
v 1.4209221 10.5667004 48.0403294
v 0.2926502 11.5836943 48.2696648
v 2.8749235 9.5703213 47.3804624
v 1.6357650 9.9516940 47.2566494
v 1.0508378 9.3135741 45.7680795
v -4.3673621 7.2873950 42.4195008
v -3.6452127 6.8348078 41.6752159
v -2.4462505 8.2147460 43.8968150
v -1.5549989 7.0990513 43.1103211
v -2.8204931 7.3242517 42.8795787
v -2.1149766 6.2101187 41.4444735
v -2.7997018 6.7660920 41.8932956
v -3.5495729 9.2226819 45.1250961
v -2.6181249 8.8063266 44.5215078
v -2.4989217 10.4998587 46.0227403
v -3.2002799 10.9140276 46.2380061
v -1.0948193 10.3377519 45.5936158
v -2.0650776 9.6515309 44.9253070
v -1.7975635 10.8665512 45.8088815
v -1.4704479 8.8378734 44.3667416
v -2.2258633 8.8325635 44.4061366
v -0.5182086 9.1192958 44.7297387
v -0.7968113 8.1191686 43.7941065
v 0.1512697 9.5887497 45.4571401
v -0.3130682 9.4560032 45.2151420
v 1.9989188 8.1800757 44.6734601
v 1.1076672 7.8277511 44.1613245
v 1.3613205 8.6813887 45.2095141
v 0.3564100 6.6477134 42.6305457
v 0.6031329 7.6013013 43.6956189
v -1.3429282 5.5816814 41.2221729
v -1.2763962 6.6180407 42.6263248
v 1.4971566 6.1061079 42.1451425
v 1.6426954 5.5151521 41.0209768
v -6.4104490 18.1073225 55.8475828
v -5.9669023 18.9409702 54.7557773
v -6.6682605 19.2202062 54.9710431
v -5.5372165 18.1510508 56.1585222
v -4.6210154 17.7712398 56.6467394
v -3.9016381 17.5438530 55.7279907
v -5.1172332 18.2594343 55.1201814
v -4.8358583 18.1351212 55.9446634
v -4.6723004 17.8174668 54.0368177
v -5.0728785 18.0895189 54.3632338
v -3.7630297 17.9042986 59.4522292
v -3.2765145 18.2559986 58.5362945
v -4.1927156 18.0951411 58.0494843
v -3.9778727 18.2550615 58.7515603
v -3.7048142 17.7774867 57.1335495
v -4.4075585 17.7168919 57.3474084
v -2.7359420 17.9477145 57.7948235
v -2.0789385 17.3661289 56.8240171
v -2.9591014 17.1284347 56.4863453
v -2.9202911 17.3626931 56.8268310
v -2.3506108 18.0554734 59.0526509
v -1.8724120 18.3662562 58.1071699
v -2.5751563 18.2822355 58.3224357
v -0.9575970 17.7584337 58.5953871
v -0.4696957 17.3751869 57.6780453
v -1.3858968 17.7218894 57.1912351
v -1.1710538 17.7687411 57.8933111
v -0.8993815 16.9766353 56.2753004
v -1.7642975 16.6467994 55.9995351
v -1.6007397 17.1306211 56.4905662
v -3.6327379 16.9429021 54.6952778
v -3.1559252 17.0422276 53.9650625
v -3.5301677 17.0059957 54.1254566
v -2.9480127 16.4066065 55.4283070
v -1.2500606 15.6526067 54.8303465
v -2.5016939 16.5883910 53.8693888
v -1.7573671 16.4578310 53.4684035
v -2.2466545 16.3997349 53.8356216
v -2.8468286 17.6962771 59.9404464
v -1.4441123 18.2919182 59.5113218
v -2.1454705 17.5682159 59.7251806
v 0.3882900 16.7361300 60.4849422
v -0.5279112 17.3323957 59.9981320
v -0.3130682 16.6277464 60.7002079
v -0.3269291 17.0303585 58.8669315
v -0.7427541 17.4904421 59.2960560
v 0.5684808 16.5862046 59.3410789
v 0.1498836 16.8432642 57.9355201
v 1.3044911 16.1860912 60.9717523
v 1.7910063 16.4921889 60.0558176
v 1.0896481 16.5846429 60.2710834
v 2.7072074 15.8881145 60.5440347
v 3.1951088 16.2260713 59.6266930
v 2.2789077 16.4600174 59.1398828
v 2.4937506 16.5708997 59.8419588
v 2.7654229 15.9062305 58.2239481
v 1.7119996 15.8009704 57.7188473
v 2.0640647 16.2023331 58.4378069
v 2.1666349 15.4839407 61.1799833
v 3.6719215 15.2012689 60.8999971
v 4.4495142 14.8139616 61.2390759
v 5.0067197 14.8358257 60.5974994
v 4.4522864 15.3643127 59.9981320
v 6.3775562 13.5086738 62.4870546
v 7.0789144 13.2422439 61.4515277
v 5.8175785 14.0015535 61.1729485
v 6.3221129 13.5430317 62.0719996
v 6.4302274 14.1714689 60.1725958
v 5.5140263 14.7455582 59.6857856
v 5.7288692 14.4285285 60.3864546
v 3.6816240 15.9890018 58.7107582
v 4.1695254 15.4861271 57.7948235
v 3.2505521 15.2787303 57.3671059
v 3.8992391 15.6888387 58.2422386
v 4.5978252 15.4283434 59.1975684
v 3.8964670 15.8949861 59.4128342
v 6.0019276 14.5781415 58.7684438
v 5.0857265 15.3068413 58.2816337
v 5.2991833 14.9994943 58.9837096
v 5.3865066 14.7324397 57.4937328
v 4.6560407 15.0547793 56.8788887
v 4.8708836 15.0857014 57.5809647
v -0.4932591 15.0719582 54.2028397
v -0.2839605 14.7802284 53.2714283
v -1.0546228 15.6732215 53.2545447
v 0.2552259 15.3293301 54.6080459
v 1.1603384 15.1206840 54.8978808
v 1.3543901 14.2439328 53.6907041
v 0.8387670 14.4884986 53.8764236
v 0.5975885 14.1011914 52.7241186
v 0.0168196 16.7851681 56.7621106
v 0.3356188 15.9271576 55.5718175
v -0.1966372 16.6168144 56.0614416
v 0.9413372 16.4825062 57.2587695
v 0.2316625 16.9038590 57.4641865
v 2.3038572 15.4895629 57.0913406
v 1.4195360 15.8743714 56.2457541
v 1.6357650 16.1217483 57.0350619
v 1.9836719 15.2140750 55.7265837
v 1.1340028 15.4904999 55.5211667
v 3.0980829 14.5740810 55.5929220
v 1.7937785 14.1558517 54.0424456
v 2.2913824 14.6930843 55.1722392
v 3.6067755 15.1156865 56.6200070
v 2.7085935 15.2293799 56.7128668
v 5.1439420 15.1294296 55.9629540
v 4.2277409 15.1678480 55.4747368
v 4.4411977 15.2899747 56.1768128
v 4.7142562 15.2115762 54.5588021
v 3.8035994 14.8148987 54.0705849
v 4.0128980 14.8870502 54.7740678
v 1.9864441 13.7032644 53.4655896
v 2.6198842 12.4923046 52.0459611
v 2.1666349 12.9130327 52.6664330
v 3.1410515 14.0740174 53.7920057
v 4.2859564 15.0591521 53.1560571
v 3.3697553 13.7235668 52.6692470
v 3.5832121 14.3413843 53.3699159
v 3.8562705 13.6760904 51.7533122
v 3.1549124 12.8074602 51.9671710
v 7.7178988 12.9558239 64.3822375
v 7.2882130 13.1051246 62.9794926
v -18.4555135 -0.3819130 -23.4236863
v -18.0674102 -0.5137224 -24.3747952
v -18.3307660 -0.3147590 -22.3290669
v -17.4256536 -0.3119479 -22.8749697
v -16.7326119 -0.3647341 -22.5204143
v -15.8205690 -0.5252792 -23.2703271
v -16.9918095 -0.4272030 -23.9667751
v -16.7229093 -0.4168956 -23.0902354
v -17.3078365 -0.5259039 -24.4859455
v -15.0180267 -0.6018036 -22.8440164
v -15.4407822 -0.5124731 -23.4855928
v -13.7151084 -0.6592750 -23.6023710
v -13.1274090 -0.6808268 -24.1890757
v -13.6056078 -0.6933205 -24.8109546
v -17.1401204 -0.3750415 -20.3719774
v -15.8164108 -0.4297018 -20.6336731
v -15.1469325 -0.5633852 -22.3248460
v -16.1171908 -0.2335494 -17.1851998
v -14.7394240 -0.3463058 -16.6716573
v -13.4489804 -0.5015410 -18.3360979
v -14.1447942 -0.4902966 -19.3223809
v -12.1405177 -0.5768160 -18.4486551
v -12.0351753 -0.6064888 -20.3030361
v -14.7837786 -0.5652593 -21.7648736
v -14.1073700 -0.6324134 -22.6906571
v -13.9632173 -0.5861864 -20.9600892
v -14.7449683 -0.5090373 -21.0093330
v -13.0844404 -0.5774407 -21.3019819
v -13.3879927 -0.6299146 -21.9041632
v -12.7795021 -0.6730182 -23.0494334
v -13.3658154 -0.6508417 -22.7736681
v -12.0850743 -0.6449071 -22.9734573
v -12.4066457 -0.7289278 -24.0258677
v -11.4280708 -0.6352245 -20.8250204
v -11.5860843 -0.6324134 -21.9745115
v -10.0225823 -0.7311142 -21.1584713
v -10.8972009 -0.8232559 -24.2777146
v -10.7475039 -0.8101374 -23.6037780
v -11.2146140 -0.6489676 -19.4996586
v -10.5784017 -0.6617738 -20.5562900
v -10.9637329 -0.5849370 -18.5218174
v -9.7120996 -0.6720811 -18.9453141
v -10.7156239 -0.6027406 -19.1239987
v -9.8784296 -0.7076884 -19.6699015
v -8.4272003 -0.6374109 -21.0473210
v -7.8769252 -0.6155468 -20.9755658
v -7.8436592 -0.5611988 -19.1394754
v -6.4201516 -0.5483927 -19.5024726
v -6.9773571 -0.5830629 -20.6983935
v -7.1242819 -0.6146097 -21.8042687
v -8.9552981 -0.6677083 -23.4025818
v -9.8437775 -0.7192451 -24.4254460
v -6.9662684 -0.7011292 -23.4841859
v -7.8519757 -0.6586503 -23.8725084
v -8.5824416 -0.6948823 -25.5552396
v -12.8959331 -0.6995674 -25.3146484
v -11.7482561 -0.7108118 -24.6041307
v -12.3331832 -0.7320513 -24.4493644
v -10.8181941 -0.8307522 -25.1331498
v -9.6400232 -0.7051896 -25.3273111
v -14.8669436 -0.1779520 -14.9776704
v -14.6867528 -0.0561377 -12.9699302
v -14.0644014 0.0157016 -11.7233584
v -12.4759498 -0.1404707 -12.0174143
v -13.1592889 -0.0755030 -11.9034501
v -13.2327513 -0.2257408 -13.3188577
v -12.3054616 -0.2641591 -13.0276158
v -11.1494680 -0.4465684 -14.5794991
v -11.6664771 -0.2141840 -11.8809386
v -11.7482561 -0.2722801 -12.3818185
v -9.5776495 -0.3940945 -13.0473133
v -10.5437496 -0.4281400 -13.8549117
v -10.2221783 -0.4631226 -14.5274414
v -12.3830822 -0.4415708 -15.4011671
v -11.3781718 -0.4703065 -15.5657821
v -11.1203603 -0.5496421 -17.4665930
v -13.5640253 0.0837927 -10.2460443
v -12.7004953 -0.0086613 -10.5569838
v -11.3130259 0.0141399 -6.5696426
v -10.3843500 -0.0320871 -7.1422777
v -8.6198659 -0.0633216 -7.2492071
v -8.8499557 -0.0958054 -8.7856138
v -11.1716454 -0.2038766 -11.3603613
v -9.6025990 -0.1923199 -10.3065438
v -8.4576941 -0.1891964 -10.5597977
v -9.9047652 -0.2719678 -11.5320111
v -8.5616504 -0.2488543 -11.2956408
v -8.6891701 -0.3609859 -12.0230422
v -6.9094390 -0.2169951 -10.9101322
v -6.4839114 -0.0920573 -9.6916998
v -7.2074469 -0.3263157 -11.8936013
v -7.9961284 -0.5090373 -13.4187523
v -7.0369587 -0.0258402 -6.7750596
v -6.6641022 -0.0049132 -7.7514939
v -7.7660385 -0.0514525 -7.7500869
v -5.4055385 -0.0002280 -6.1461459
v -5.6106789 -0.0258402 -8.6969749
v -6.2829293 -0.0208427 -8.7363700
v -5.4803870 -0.0658204 -9.8394312
v -4.8677382 -0.0080366 -8.7799859
v -5.4609819 -0.1132967 -10.8763650
v -4.7582376 -0.0358353 -9.6762232
v -2.9216771 -0.0002280 -7.7458660
v -3.3125527 -0.0124094 -9.8070710
v -3.2640397 -0.0002280 -9.1753433
v -3.2806727 -0.0480167 -10.8003889
v -4.0347021 -0.0911203 -11.0733402
v -5.4041525 -0.2432321 -12.8841053
v -6.0181874 -0.2635345 -12.6969788
v -10.2000009 -0.5652593 -17.1232933
v -9.6663588 -0.5874357 -17.5749294
v -10.2471278 -0.5968061 -17.5889990
v -9.5429974 -0.4768658 -15.2872029
v -9.3447875 -0.5593247 -16.5225189
v -9.9394173 -0.5452692 -15.9569186
v -8.2414651 -0.4874855 -15.4208647
v -8.7709490 -0.5521408 -17.4651860
v -8.4563080 -0.5024780 -16.7462265
v -8.1153315 -0.5159088 -18.1447505
v -9.4861680 -0.6549022 -18.0617395
v -9.3420153 -0.4462560 -14.3178034
v -7.8547479 -0.4159586 -14.1489675
v -7.8159375 -0.4409462 -15.5995493
v -6.7278621 -0.3953438 -15.0212864
v -5.7049326 -0.4543770 -15.9090818
v -5.1200054 -0.4056512 -15.2492148
v -5.0409986 -0.4462560 -16.6392971
v -5.5455330 -0.4890472 -16.7968772
v -7.1658644 -0.4906089 -17.3920238
v -7.0896298 -0.5046644 -18.5541776
v -6.4243098 -0.4481301 -17.3202685
v -5.9433389 -0.4668708 -17.9463683
v -11.3920326 0.1956120 -2.0321778
v -10.1320828 0.0107041 -2.7652070
v -10.4813759 0.0375657 -3.6122004
v -11.5306410 0.3639657 -1.0852898
v -12.0351753 0.3789583 -1.7915866
v -11.1009551 0.4679765 0.3188621
v -10.6144399 0.1981108 -0.5984796
v -11.3157980 0.3961372 -0.3832138
v -9.7536821 0.0288200 -0.2861332
v -9.8936765 0.0369410 -1.3455784
v -9.2408312 0.0010214 -2.2164903
v -10.5562244 0.0472484 -2.2699550
v -8.9040130 0.0019584 -2.8468110
v -8.1111733 -0.0002280 -1.0276042
v -6.2898597 -0.0002280 -1.8239468
v -6.0098709 -0.0002280 -3.3012610
v -7.6024807 -0.0030391 -4.1552892
v -8.7806516 -0.0055379 -4.3227182
v -9.5637887 0.0119534 -3.7472691
v -10.6726554 0.4105051 1.7216071
v -10.3621727 0.1765590 0.8633579
v -10.8874983 0.4401778 1.0195311
v -10.2429695 0.1537579 3.1243520
v -9.7564543 0.1231481 2.2084173
v -10.4578124 0.2890031 2.4236830
v -7.6038668 -0.0002280 1.8876290
v -9.2436034 0.0160139 1.3811213
v -8.8832217 0.0075806 1.9425007
v -9.3129076 -0.0002280 0.5383488
v -9.8146698 0.3736484 4.5285039
v -9.1493497 0.0416262 3.6013134
v -9.8825878 0.1169012 3.7448240
v -9.3849839 0.6884917 5.9312489
v -8.8984686 0.3452251 5.0153141
v -9.5998268 0.6044711 5.2291729
v -7.9822675 0.2687007 5.5021243
v -7.4957523 0.0013337 4.5861895
v -8.2414651 0.0047695 4.0515425
v -8.1971105 0.1603171 4.8000483
v -7.6412910 -0.0002280 3.4803144
v -8.4493776 -0.0002280 3.3410248
v -6.7971663 -0.0002280 3.7532657
v -7.6468354 -0.0002280 2.8612494
v -6.7763750 0.0138275 5.3740904
v -5.6356284 -0.0002280 3.8517534
v -7.0203257 -0.0002280 4.6776423
v -4.3105327 -0.0002280 3.7082428
v -7.4222899 -0.0002280 1.0631471
v -8.1846357 -0.0002280 0.1472123
v -6.1803592 -0.0002280 0.4201637
v -5.6384006 -0.0002280 -0.6322468
v -5.2003982 -0.0002280 -0.1426227
v -4.2952858 -0.0002280 -0.9474071
v -5.5552355 -0.0002280 -1.6171228
v -4.5725024 -0.0002280 0.8155211
v -2.9715761 -0.0002280 1.5007134
v -3.8309478 -0.0002280 -0.3705511
v -3.6438266 -0.0002280 0.2442930
v -4.2606337 -0.0002280 -1.7732961
v -3.4580914 -0.0002280 3.2439441
v -4.3812229 -0.0002280 1.9087335
v -3.6119467 -0.0002280 4.4314233
v -2.3145726 -0.0002280 3.3382108
v -2.9327658 -0.0002280 2.5671935
v -1.3262952 -0.0002280 1.5499572
v -1.9042919 -0.0002280 0.6002553
v -1.1474904 -0.0002280 3.0765152
v -0.1883207 -0.0002280 2.4476015
v -0.0413959 -0.0002280 2.9301907
v 0.1762192 -0.0002280 1.7610021
v -0.4156384 -0.0002280 0.3723268
v -2.5155547 -0.0002280 -1.3962292
v -1.9749822 -0.0002280 -1.5130074
v -2.8412843 -0.0002280 -2.8538458
v -1.4981695 -0.0002280 -0.2678426
v -2.0110204 -0.0002280 -0.0638326
v -1.0338316 -0.0002280 -1.2639744
v -0.6886968 -0.0002280 -0.7560598
v -0.3726698 -0.0002280 -1.7634473
v -1.3609473 -0.0002280 -1.7001338
v -7.2102191 -0.0046008 -5.6185337
v -7.0674525 -0.0067872 -6.0940881
v -6.7167734 -0.0008527 -4.4760774
v -6.4256959 -0.0002280 -5.0909215
v -4.7332881 -0.0002280 -4.8897254
v -4.1012341 -0.0011650 -5.4947207
v -6.0265039 -0.0002280 -2.5288367
v -5.5787990 -0.0002280 -3.5756193
v -3.5440286 -0.0002280 -2.5682318
v -4.5475529 -0.0002280 -3.6515954
v -4.4754766 -0.0002280 -2.4753720
v -2.4989217 -0.0002280 -4.6378785
v -3.3790847 -0.0002280 -4.5365770
v -1.1488765 -0.0002280 -3.8274662
v -1.5605433 -0.0002280 -3.6065725
v -1.5702459 -0.0002280 -5.2091066
v -2.1025019 -0.0002280 -5.6931029
v -1.9763683 -0.0002280 -4.9657015
v -4.7055664 -0.0002280 -7.4630659
v -3.3208692 -0.0002280 -5.1303165
v -2.1302235 -0.0002280 -7.5066818
v -8.9428233 0.4476741 7.4085630
v -8.4687828 0.4089434 6.4180590
v -9.1715271 0.6047834 6.6333248
v -8.1402810 0.1871787 8.9069816
v -8.4479915 0.1949873 7.7504557
v -6.8512235 0.0641150 8.4215784
v -6.6363806 0.0903519 7.3930864
v -7.4652584 0.1397024 7.1623440
v -7.0660664 0.1019087 5.9889345
v -7.7674246 0.2399650 6.2042002
v -7.4430811 0.5354429 10.7177466
v -6.4963862 0.3280461 10.9935119
v -5.7326542 0.2009219 10.1943553
v -4.8594217 0.0659890 8.1908360
v -5.7201795 0.0588051 7.8798965
v -5.7797811 0.0756717 8.4736361
v -4.1996460 0.1012840 9.7117661
v -3.4123507 0.0459990 9.4739888
v -3.1753304 0.0003967 7.5816198
v -4.3022162 0.0378780 7.7392000
v -4.2772667 0.0450620 8.2063126
v -6.1498653 0.0125781 6.4771516
v -5.8671043 -0.0002280 5.3909740
v -6.3647082 0.0003967 5.7750757
v -5.2336642 0.0003967 6.9639618
v -5.9350224 0.0328805 7.1778206
v -4.2731084 -0.0002280 6.6713129
v -4.7720984 -0.0002280 5.9579812
v -4.4352802 -0.0002280 5.1855570
v -5.1366384 -0.0002280 5.3994158
v -6.6557857 0.7194138 12.1936538
v -5.2724745 0.7490866 13.1138095
v -5.2350503 0.4667271 11.6632277
v -6.1956061 0.5360676 11.8123661
v -5.3695004 1.1844949 16.5594688
v -4.6930917 1.0077079 14.6150420
v -3.2709702 0.8256110 14.3238001
v -3.7075864 0.7028596 13.7610137
v -2.8371261 1.0123930 15.8208117
v -1.6769743 0.9205637 16.0909492
v -1.0546228 0.8302962 14.9878879
v -1.7393480 0.6922399 13.9987910
v -2.7498028 0.5173269 13.2052622
v -2.5044660 0.6938016 13.8496526
v -4.5267617 0.2949376 11.1581269
v -3.2266155 0.4486111 12.5833833
v -1.9250832 0.2496476 12.1148637
v -2.9438545 0.2124786 11.6280535
v -3.4303697 0.1131531 10.8232691
v -1.8599373 0.1284580 11.1159180
v -1.4025298 0.0188250 10.3955515
v -2.1025019 0.0341299 9.3628385
v -0.8869068 0.1871787 11.7715640
v -1.6437083 0.1996725 11.8151800
v -0.0843645 0.2277835 12.1978747
v -0.2770301 0.0456867 10.6277008
v -0.1966372 0.1540702 11.5126823
v 0.2635424 0.0141399 9.8862298
v -0.8009696 -0.0002280 8.9168304
v -0.0330794 0.0166386 10.1690300
v -0.5334555 0.6082192 14.1451154
v -0.6720638 0.4123792 13.0969259
v -0.3407899 0.8109308 15.4409309
v 0.0930542 0.6088439 14.3505324
v -0.5542467 0.7715754 14.7402620
v 0.8346088 0.5913526 14.2661145
v 0.5587782 0.3855175 13.3740981
v 1.3128076 0.2037330 12.4300241
v 0.2912641 0.2815068 12.8028700
v 1.6953666 0.4717246 13.2868662
v 1.7660568 0.1297073 12.2006886
v 3.1091716 0.7771976 14.8922143
v 1.9171399 0.6466376 13.9833143
v 3.6040034 0.6813078 14.1704408
v 4.3039755 0.7200385 13.0631587
v 3.5748956 0.5451256 13.1897856
v 3.9283469 0.4061323 11.8348775
v 3.0121458 0.2649525 11.3480673
v 3.1188742 0.3458498 12.0881314
v 1.1631106 0.0453743 10.4321326
v 1.6662588 0.0010214 9.4571052
v 0.8845078 0.0041448 9.4092684
v 2.0959447 0.1222111 10.8612571
v 1.5830938 0.1056568 11.5309729
v 3.4931167 0.1525085 10.3969584
v 2.5824599 0.0403768 9.9439154
v 2.7973029 0.1728109 10.6459914
v 2.8139359 0.0132028 9.1996305
v 2.2567303 -0.0002280 8.8788423
v 2.3676170 -0.0002280 9.2432464
v -3.6978838 -0.0002280 5.2488704
v -2.5155547 -0.0002280 6.1324450
v -3.3056222 -0.0002280 6.3744431
v -1.3124343 -0.0002280 7.3227381
v -1.9749822 -0.0002280 4.5285039
v -1.7254872 -0.0002280 5.8918538
v -2.6458466 0.0013337 7.8995941
v -1.5342077 0.0000843 8.7100064
v -0.8370077 -0.0002280 7.7771880
v -0.0677315 -0.0002280 6.9189389
v 0.3896760 -0.0002280 8.2654052
v -0.2825744 -0.0002280 6.2168629
v 0.9953945 -0.0002280 7.8897453
v 1.5761634 -0.0002280 7.2791221
v 2.1208942 -0.0002280 8.1190807
v 0.9884641 -0.0002280 5.5176009
v 1.8533801 -0.0002280 6.6192552
v -0.4766261 -0.0002280 4.6466891
v 0.2704729 -0.0002280 4.1064142
v 1.3793396 -0.0002280 3.1440495
v -3.1046401 1.1535728 18.5165583
v -3.4733383 1.4143805 21.6273597
v -1.8932033 1.3472264 21.8158931
v -2.7248533 1.3890806 21.4444542
v -0.4738539 1.1807467 20.0262326
v -2.1731921 1.2007368 19.7181071
v -0.2118841 1.3106821 21.3487805
v 0.4589802 1.0964137 19.0751237
v -0.6776082 1.1017236 19.0455774
v -2.6735682 1.0270732 16.8267923
v -0.9908630 0.9799092 17.0786392
v -0.9756161 1.0117683 17.9129699
v -3.5121487 1.9925302 26.0958832
v -3.5329399 1.7420299 24.7634866
v -0.9312614 1.8716529 24.8056955
v -3.1961216 2.1808740 26.9203652
v -1.3512447 1.9915932 26.3533580
v -1.1114523 1.9456785 25.4613416
v -0.1439661 2.4254398 26.1226156
v 0.3439353 2.2314738 25.2066808
v -0.5722658 1.9131947 24.7198706
v -0.3574229 2.4997778 25.4205396
v 0.6793675 2.0181425 26.5798795
v 0.0875099 2.1109088 26.7993661
v 2.0197101 1.8313604 26.2379868
v 1.1811296 2.0359461 25.3417495
v 1.6357650 1.7617076 24.7029870
v 0.9357929 1.6352081 24.2485371
v 1.3252823 1.9822229 25.2179365
v 2.1486158 1.4443655 22.6403751
v 3.4875724 1.4481137 22.7824787
v 2.6184981 1.1691900 20.3259163
v 2.6891884 1.6836215 25.1940181
v 5.0399857 1.6448907 25.0420658
v 4.7059397 1.4780988 23.3213466
v 5.5888748 1.6979893 25.7835368
v 7.5945374 1.8301111 26.9710160
v 6.7919951 1.5321344 23.6787159
v 6.5203228 1.3556597 22.1915530
v 5.1286951 1.2479008 20.6706230
v 4.1362594 1.2226009 19.4184234
v 5.0857265 1.3897052 22.3660168
v 5.2770060 1.1670036 18.7585564
v 5.7385718 1.3244252 21.0378410
v 0.2995806 1.0189523 17.6554952
v 0.0833516 0.9714759 16.4483185
v 0.8373810 0.9471130 17.0955228
v 1.5927964 0.8858935 16.8028739
v 1.6426954 0.8783972 15.3635478
v 0.9621285 0.8090567 15.7462425
v 3.3947048 1.0564336 17.7764942
v 4.0919047 1.0889174 18.0184924
v 4.6075277 0.9983375 16.5650966
v 2.9262086 0.8993243 15.6153947
v 4.8237567 0.8409159 15.7814167
v 4.1196264 0.8615306 15.8306605
v 4.5548566 1.0005239 14.5221823
v 2.1735653 3.1856864 33.7216380
v 1.4056751 3.7919472 36.1936770
v 1.9434755 4.2445344 35.4578339
v 0.9801476 3.4349374 34.7557579
v 1.7882342 3.3618487 34.0339845
v 1.4264664 3.4552398 34.4124583
v 2.4632568 4.1136621 37.0505192
v 4.0669552 3.4527410 36.0867476
v 2.8596766 4.0630622 35.9460510
v 3.8479540 4.3020058 38.8922375
v 5.0358275 3.7257301 37.2784477
v 2.4313768 3.9459330 34.5418991
v 2.7501760 3.3515414 34.1113676
v 3.2547104 3.5405098 34.7037002
v 2.6448337 4.2973207 35.2439751
v 3.8022133 3.2962564 34.8078157
v 5.4225448 2.8695937 34.1760880
v 8.2598574 2.7159202 33.2573393
v 6.4468604 3.6117244 36.6340573
v 6.3941892 3.3509167 35.8883654
v 6.6991275 4.1155361 38.3378930
v 7.0511927 3.7719571 37.0026824
v 6.5397280 3.8594136 37.2953313
v 7.2923712 3.4040152 36.1556889
v 7.3658336 3.6354626 36.7452076
v 9.1414064 3.4683582 37.2080994
v 3.6580606 2.0240770 28.2443200
v 4.0641831 2.2124208 30.1592005
v 8.4275735 2.1537000 29.3544161
v 3.1729314 6.3185022 41.9875623
v 2.9996710 5.9096432 41.4726128
v 3.5984590 4.7802053 39.9460549
v 2.2927685 7.5894322 44.0712787
v 2.6850301 6.9762999 42.9034971
v 2.0682230 6.9210149 43.1061002
v 2.6420615 8.2634717 45.2784554
v 3.1147159 8.1613351 44.3076490
v 4.0309171 8.2800260 44.7944592
v 4.4467421 7.0621946 43.6520029
v 3.8313210 7.3454911 43.5113063
v 3.8160741 7.9017768 44.0923832
v 3.3863883 6.9728641 42.6896383
v 5.8148064 7.3539244 44.6410999
v 5.1633472 6.7058095 43.6154218
v 7.2868269 5.3880278 43.0456006
v 4.9609790 4.9526195 40.6481309
v 2.9927406 8.9968567 46.3801097
v 3.8008272 8.6448444 45.6076854
v 3.4848002 10.3252581 48.0304806
v 3.9727016 10.4661255 47.1131389
v 3.3184702 9.7645996 47.4198574
v 4.8889027 10.5492092 47.6013560
v 5.3241328 9.2123745 46.5081436
v 4.4592168 9.4747439 46.1972041
v 4.6740597 10.2387387 46.8992801
v 4.7364335 8.3884096 45.3488037
v 3.9144861 11.4534466 49.4332255
v 4.4010013 11.3503729 48.5172908
v 3.6996431 10.8678006 48.7311496
v 4.3427858 13.0270385 50.8359705
v 4.8306872 12.2927164 49.9200357
v 4.1293290 12.2952152 50.1353015
v 5.9118322 11.5986868 50.3294628
v 6.2334035 10.9299572 49.4909111
v 5.3172024 11.3709877 49.0041009
v 5.5320453 11.4865551 49.7061769
v 6.1987514 10.0622640 48.4891515
v 5.1037456 11.1304824 48.3020250
v 7.1773263 9.5125376 48.9027994
v 6.0227189 9.2448583 47.2088125
v 7.1343577 9.9470089 49.3150404
v 8.7089484 8.4361983 48.2992111
v 8.2584713 9.2008177 49.1138443
v 7.7858169 7.8508646 46.4321674
v 5.6928310 8.2128719 45.5359302
v 6.5660635 7.4167057 44.9421906
v 5.9672755 7.7762142 45.1574564
v 5.7773821 8.9396977 46.4152838
v 8.6146948 7.1774497 45.9003343
v 7.2064341 7.3086345 45.1658982
v 7.6056261 7.6219160 45.8088815
v 6.8349637 6.9250753 44.5651237
v 8.5384602 6.6677034 45.1996653
v 10.5455089 6.9341333 46.0691702
v 10.9890556 7.2030620 44.9689229
v 10.0312720 5.9861676 44.3048351
v 10.5538254 6.7876437 45.3966405
v 10.6868894 6.1070450 43.5619571
v 9.8621698 7.7009392 48.3034320
v 10.0284998 7.2189916 47.2411728
v 11.3702285 7.6028630 48.7888352
v 11.8470412 7.8983410 47.7758198
v 11.2454810 7.5881828 47.3466952
v 11.4298301 7.6590850 48.0164109
v 11.4173553 7.8724164 46.3716679
v 10.7423327 7.3148813 46.5869336
v 12.3335565 7.6837603 46.8584781
v 11.9052567 7.3417430 45.4557331
v 11.7638762 7.7371712 46.2591106
v 12.7632423 8.2578495 48.2626300
v 12.9378888 7.0865575 47.0259070
v 12.5483994 7.7768389 47.5605540
v 13.8222100 6.8747879 47.9235512
v 14.4348588 6.2772728 47.5253799
v 13.0792693 6.3019480 44.9196791
v 11.4755708 7.1968151 44.0529882
v 11.9634722 6.5783729 43.1370534
v 11.0029164 5.7772091 42.9020901
v 11.2621140 6.3525478 43.3509122
v 12.2878157 7.0453280 44.1880569
v 11.6904138 7.3148813 44.7536572
v 13.7944883 6.1039215 44.1148947
v 12.8796733 6.8788484 43.6238636
v 12.9157115 6.5383928 44.3948809
v 13.5422212 5.7640907 42.6530572
v 12.4499875 6.0680019 42.2197117
v 12.6648304 6.3069455 42.9217876
v 10.4152171 4.8270570 41.7891801
v 10.8324282 4.6527688 41.0097211
v 11.3702285 4.7292932 40.5313527
v 10.2461149 3.9899736 39.5774299
v 11.5337864 5.5966740 41.7329015
v 10.9918278 5.3602292 42.1789097
v 12.7521536 5.2727727 41.5049730
v 12.0216877 5.2409135 40.8169668
v 12.2351445 5.6338430 41.5190427
v 12.5608741 4.3975833 40.0769027
v 11.5920019 4.6615144 39.4142218
v 11.8068448 4.9123271 40.1148908
v 11.1359804 4.1698841 39.2045839
v 12.2656384 3.5183334 38.0987088
v 11.3494373 3.9421849 38.6249140
v 4.7724717 13.7004533 52.2401224
v 5.2783921 12.5525871 51.3073040
v 4.5576287 13.3593731 51.5380464
v 5.2021575 14.2704821 53.6428673
v 5.6886728 13.6870225 52.7269326
v 4.9873146 14.3388856 52.9407914
v 6.4246830 12.8724279 53.2728353
v 6.8571411 11.8947895 52.2949940
v 6.1751880 12.4388937 51.8109978
v 6.3276572 12.5688290 52.3414239
v 6.3692397 11.2351178 50.5939723
v 6.1973654 12.0622061 51.3720245
v 5.6304573 14.7021423 55.0470192
v 6.1169725 13.7498037 54.1296775
v 5.4156143 14.2926586 54.3449433
v 6.3664675 13.4971170 55.5858871
v 5.8453002 14.1293024 55.7476882
v 8.2903513 11.6064954 54.7740678
v 7.1787124 12.5582093 54.6136737
v 7.0761422 12.6965779 55.4015746
v 7.3630615 12.2233759 53.7807500
v 6.6062600 13.0198545 53.8975281
v 8.4372761 11.3172644 54.1887701
v 8.7131067 10.8709240 53.2854980
v 7.8232412 11.2151277 52.8310480
v 8.2224332 11.5096686 53.4866941
v 10.4734326 10.1734587 55.3157497
v 10.7561936 9.7405491 54.2464557
v 9.7582135 9.9604397 53.6091001
v 10.2516592 9.9385756 54.1887701
v 8.8433985 10.2103153 52.3146916
v 9.3202112 10.1993833 53.0800810
v 8.5148968 9.4041540 50.3153931
v 8.5273715 10.0385258 51.8517998
v 7.6291895 10.9184004 52.0318914
v 9.9855312 8.9078385 51.3312224
v 8.9639878 9.7099393 51.5689997
v 9.2689261 8.9028410 50.0354069
v 6.4371578 13.8022776 57.5654881
v 7.1218830 13.0870086 57.2446998
v 6.3165685 13.7516778 57.0843057
v 7.1066361 13.5645834 59.2468122
v 6.9416921 13.5208552 58.2675640
v 6.7032858 13.9965559 58.5545850
v 8.3208451 12.8739896 58.8176877
v 8.9099305 12.2511746 58.1986227
v 7.7677978 12.5732018 57.7357309
v 7.9521469 12.8246392 58.1718903
v 8.1378821 12.1671539 56.2626377
v 7.9521469 12.3695532 57.0209923
v 7.2604913 13.2216291 60.7789980
v 7.7636396 13.2662944 59.6168442
v 7.3090042 13.5842611 59.8996444
v 7.7386901 12.6806484 62.2520913
v 8.2155028 12.5956906 61.1884251
v 8.9986399 12.3036485 61.3277147
v 9.7360362 12.2842831 60.4342914
v 8.6507329 12.5732018 60.2893739
v 8.8988419 12.4104703 60.7691493
v 9.2370462 13.1263640 59.3143466
v 8.5356880 13.1985156 59.5282054
v 10.1532473 12.6534744 59.8011568
v 10.6397626 12.7671678 58.8852220
v 9.7235615 12.8365083 58.3984118
v 9.9384044 13.4561999 59.1004878
v 11.1054866 12.0197273 60.1880724
v 9.8247456 12.0497124 60.8535672
v 12.4721648 12.1418540 59.8602493
v 11.5559637 12.4916799 59.3720322
v 11.6127931 11.9332078 60.1036544
v 11.9385227 11.7411159 58.4054467
v 11.1276639 11.9650670 57.9692873
v 11.3535955 12.0234754 58.6769911
v 10.0562215 10.6529075 55.9559191
v 8.9431965 11.7520480 56.5187055
v 9.4172370 11.8157663 57.6316155
v 11.9454531 11.0455246 57.3164551
v 10.2752226 10.8799820 56.5510657
v 11.0167773 11.1817069 57.2658043
v 11.7583319 9.7227455 55.4015746
v 12.3792972 9.2270547 54.9724500
v 12.4000885 10.9193374 57.5711159
v 13.3287643 9.8289426 56.7030180
v 12.3848415 10.3143260 56.6523672
v 14.0592303 9.7118134 56.8380867
v 14.6108914 9.2607879 56.1838476
v 13.5463794 9.2005054 55.3298193
v 13.9566601 8.7313639 54.9949615
v 12.9295723 8.9450075 54.8359743
v 12.9600661 11.8148293 58.9429076
v 13.4465814 10.9368287 58.0269729
v 12.7992805 11.4853058 58.4167024
v 13.8762672 11.0492728 59.4311248
v 13.1749091 11.6299213 59.6449836
v 15.0073113 10.2281190 60.2316883
v 15.1084954 9.7149369 59.0554649
v 14.3627825 10.4127146 58.5137830
v 14.7661328 10.1325415 59.3410789
v 15.5908524 9.1083637 58.0804376
v 14.1368509 10.1900129 57.7061846
v 16.2021151 8.5392720 56.8634121
v 15.3371991 9.1973819 56.6819135
v 16.5070535 9.6109261 59.6407627
v 16.8965429 8.9440705 58.3322844
v 15.9942026 9.1520920 58.6938747
v 18.0816442 9.0215320 58.1240535
v 16.8244666 8.3681072 57.3319317
v 17.4093938 9.2517299 58.4406208
v 17.2610828 7.9208298 56.6200070
v 17.0018853 8.1585240 56.2148009
v 14.7578163 8.5270905 55.2721337
v 15.4078894 8.1479043 54.5644299
v 14.3225861 7.4007761 53.1771616
v 14.1410092 8.2834618 54.5011165
v 15.8251005 9.0480812 55.7659788
v 15.1223562 9.0527664 55.9798376
v 17.2278168 8.2013152 55.3368542
v 16.3116157 8.8950324 54.8500440
v 16.5264587 9.1405352 55.5521199
v 16.6165541 7.6556492 53.9889809
v 15.9332150 7.1743263 53.4852871
v 16.0967728 8.1525894 54.1479680
v 10.9128210 8.2247410 51.0526432
v 12.2753410 7.9520642 49.1785647
v 11.8262499 7.7699674 49.3333310
v 11.2842913 8.8641103 53.4613687
v 12.0313903 7.8461794 52.4314697
v 11.0652902 9.3601135 53.9706903
v 15.2997749 6.8163794 52.2471572
v 13.1555039 7.4273254 49.3178543
v 13.6794434 7.1512128 48.7494401
v 12.9780852 7.7568489 48.9647059
v 14.0689328 6.7195526 50.3097652
v 15.0502799 6.3884674 49.8116993
v 13.9705209 6.8726015 48.4990002
v 8.2044141 12.8564983 63.4663028
v 8.6798407 12.5947536 62.6601113
v 8.0685779 12.7490518 62.7600059
v 8.4192570 12.6222399 64.1683787
v 9.4588195 12.2165044 62.9851205
v 9.1594255 12.3305101 62.2239519
v 13.0473894 10.9324559 61.0477285
v 19.4968353 9.5678226 64.7199093
v 13.8180517 11.1720242 61.7498045
v 14.1825917 10.8056440 60.9098459
v 14.2463515 11.4809329 63.1539564
v 14.7342529 11.7492369 62.2366146
v 14.0328947 11.3197632 62.4518804
v 15.6504540 11.6392916 62.7248318
v 16.1369692 11.0136655 61.8074901
v 15.1181980 10.6938247 61.3896212
v 15.4356110 11.1779587 62.0227558
v 15.7918345 10.2796558 60.7522657
v 14.6760374 11.0155396 64.5567013
v 15.1625526 11.9050968 63.6407665
v 14.4611944 11.5758857 63.8546253
v 15.5922385 11.1798328 65.0435115
v 16.8175362 10.6738346 64.3723888
v 16.0787537 11.2388659 64.1275767
v 16.2935967 10.9999223 64.8296527
v 16.5666551 11.5955634 63.2116420
v 15.8652969 11.5683894 63.4255008
v 17.4828562 11.1326688 63.6984521
v 17.9693714 10.9793076 62.7825174
v 17.0531703 11.3787963 62.2957072
v 17.2680133 11.2847806 62.9963762
v 18.3990573 10.7803441 64.1852623
v 17.6963130 10.6916383 64.4005281
v 19.8017737 9.8901622 63.7561377
v 18.8855726 10.9002844 63.2693276
v 19.1004155 10.5688869 63.9714035
v 19.3942652 10.4889267 62.3393231
v 18.2729237 10.6310434 61.8722105
v 18.6707296 10.8731104 62.5672516
v 16.6248706 10.6347916 60.8915553
v 17.1113858 10.0938108 59.9756205
v 16.3809199 10.3186989 60.4399193
v 17.5410717 10.9618163 61.3797724
v 16.8383274 11.1973241 61.5936312
v 18.9437881 10.4127146 60.9506479
v 18.0275870 10.5585795 60.4624307
v 18.2424299 10.8265711 61.1645067
v 18.4822223 9.8982831 59.8194473
v 17.8598709 9.7561663 59.7336224
v -6.2815432 -0.6911341 -25.3230902
v -5.0396125 -0.7698450 -25.9660736
v -6.2773850 -0.6739552 -24.3649465
v -5.6231536 -0.6246047 -22.3839386
v -5.9779910 -0.6564639 -23.5460924
v -4.2952858 -0.6486553 -23.5334297
v -4.7526933 -0.6720811 -24.4001206
v -5.5205835 -0.5780654 -20.9530543
v -4.6612118 -0.5015410 -18.7694433
v -4.6334901 -0.5690074 -20.3241406
v -3.4040342 -0.5774407 -20.3044431
v -3.6161049 -0.6595873 -22.8777836
v -2.6458466 -0.6905094 -22.2151027
v -2.5155547 -0.6705194 -23.3575589
v -3.2903753 -0.6530281 -23.6966377
v -2.8509869 -0.6327257 -22.7272382
v -1.9763683 -0.5746296 -20.0216429
v -1.9722100 -0.6205443 -21.8943145
v -2.7414863 -0.6349121 -21.8971284
v -1.0629393 -0.6636478 -21.4272018
v -1.3096622 -0.7145600 -22.8637139
v -0.7025577 -0.7311142 -23.3842913
v -1.3498586 -0.7226809 -24.0751115
v -3.3693821 -0.7095625 -24.5830262
v -3.4497749 -0.7336130 -25.4694147
v -1.3013457 -0.8735434 -24.9811975
v -2.1163627 -0.7985807 -24.8700472
v -0.4613792 -0.7451697 -25.0965687
v 1.0813316 -0.6692700 -25.0810921
v 0.6017468 -0.7229933 -26.0139104
v -0.0011995 -0.7870239 -23.5995571
v 0.5712530 -0.7888980 -22.3586132
v 2.8374993 -0.5964937 -22.7891447
v 1.5096314 -0.6414714 -23.6769402
v 2.1860401 -0.6926959 -24.6027237
v 3.0357092 -0.6567762 -24.3354002
v 3.5083636 -0.7258044 -24.6716650
v 3.3960909 -0.6627108 -22.5274491
v 3.5998451 -0.6833255 -23.7402536
v 3.4903445 -0.6499047 -22.8440164
v 5.0164223 -0.6108616 -21.9323025
v 5.5805583 -0.7504796 -24.0807394
v 4.3427858 -0.7151847 -24.4479575
v 4.4162482 -0.6383479 -23.2717340
v 3.8659731 -0.7645351 -25.0684294
v -4.0014361 -0.4340746 -16.7659240
v -3.3375022 -0.4952941 -18.0476699
v -2.9715761 -0.4546893 -17.0079221
v -3.3957177 -0.3631724 -14.5527667
v -2.5917893 -0.4318882 -15.1338436
v -1.8419182 -0.4159586 -15.1957501
v -2.3367500 -0.4656214 -16.0272669
v -1.1821425 -0.4868608 -16.9558644
v -0.8813624 -0.4724930 -17.3835820
v -0.5473163 -0.4353240 -15.6642698
v 0.7944124 -0.6258541 -16.0708829
v 0.2732450 -0.6024283 -18.3121795
v 0.6710510 -0.6517787 -17.7550210
v -1.0407620 -0.5193446 -18.5344801
v 0.9427233 -0.7086254 -19.1577659
v -0.2839605 -0.6152344 -19.5081004
v -3.1309757 -0.2438567 -13.2907184
v -2.1052740 -0.2497913 -13.7015524
v -2.4462505 -0.0492661 -11.3673961
v -2.7082203 -0.1273522 -12.2214244
v -0.8702738 -0.0683191 -12.0160073
v -0.7081020 -0.1314127 -12.7377808
v -1.3942133 -0.1976298 -13.1021850
v -1.1156105 -0.3650464 -14.3867448
v -1.3761942 -0.0030391 -8.6491381
v -2.0442864 -0.0158452 -9.7395366
v -0.5708797 -0.0008527 -8.3677449
v 0.3536379 -0.0136588 -9.8971168
v -0.6706777 -0.0255279 -10.7356684
v -0.0857506 -0.0111601 -9.7620481
v 0.2316625 -0.0758154 -11.5348250
v 0.4964045 -0.0314625 -10.7089361
v 1.3100354 -0.0055379 -8.9206825
v 1.9393172 -0.0589488 -10.6695410
v 1.0633126 -0.0183440 -10.1123826
v 2.7363152 -0.0058502 -10.0983129
v 3.0176901 -0.0402081 -10.9030974
v 2.0030771 -0.1182942 -11.5531156
v 2.1500019 -0.1554632 -12.1721805
v 1.6995248 -0.1888841 -12.7068276
v 0.1498836 -0.2501036 -13.3835781
v 0.4423472 -0.4609362 -14.6231150
v -0.2590110 -0.3384971 -14.4092562
v 2.0183240 -0.2591616 -13.8591326
v 1.3308266 -0.3228799 -14.2235367
v 1.5456696 -0.2397963 -13.5228677
v 1.6177459 -0.4587498 -15.1774596
v 1.0369770 -0.5968061 -15.0972625
v 2.5187001 -0.4237672 -14.7300444
v 2.3593005 -0.4215808 -15.8809425
v 2.0820838 -0.4981052 -15.3420746
v 2.7862142 -0.1620225 -13.1950447
v 3.1327350 -0.3459934 -14.2952920
v 4.4453560 -0.3341243 -15.1760526
v 3.9685433 -0.3628600 -16.1820332
v 3.9158721 -0.0730043 -11.4180469
v 4.5188184 -0.1632719 -12.8967680
v 3.3073815 -0.1417201 -12.7082345
v 3.6788519 -0.0199057 -10.6259251
v 4.7461361 -0.0758154 -11.5277902
v 5.6567929 -0.0305254 -10.7497381
v 6.1446942 0.0444373 -11.6670798
v 4.9956311 -0.0483291 -12.2762960
v 5.8550028 -0.0580117 -12.9206864
v 6.5688357 0.0675508 -12.4676434
v 6.3650815 -0.0211551 -13.3652876
v 6.8280333 0.1928009 -11.3012687
v 7.3159346 0.2649525 -12.2172035
v 6.7296214 0.1643776 -11.9020431
v 8.2861930 0.5082689 -11.5531156
v 8.0311537 0.2518341 -13.0121392
v 6.2888469 -0.1410954 -14.9481241
v 6.2902330 -0.2832122 -16.4352870
v 5.5154123 -0.3035146 -16.2214282
v 7.1967315 -0.1735792 -15.8246639
v 6.9832746 -0.1042387 -15.1844944
v 8.6216252 -0.0589488 -16.2608233
v 6.7628874 -0.2891467 -17.0838983
v 1.1173698 -0.7192451 -20.7279398
v 1.7203161 -0.6520911 -21.1050066
v 1.3807256 -0.6364738 -19.0817898
v 1.7244743 -0.6239801 -19.5235770
v 2.8846261 -0.5524532 -19.4940308
v 2.3676170 -0.5758790 -20.8714503
v 2.4992949 -0.6052394 -20.2875595
v 2.3094015 -0.5212187 -17.0642008
v 2.3329649 -0.5477680 -18.3192143
v 1.7591264 -0.5711938 -17.9998330
v 2.3731613 -0.4543770 -16.4620194
v 4.4924828 -0.4053389 -16.9403878
v 3.3337171 -0.4952941 -18.0251584
v 5.7773821 -0.4268906 -18.8200941
v 4.3081337 -0.5377730 -19.5460885
v 7.2008897 -0.2838368 -18.0800301
v 3.7342952 -0.5933703 -20.9516474
v 0.5158096 -0.0002280 -6.5415033
v 1.3460736 -0.0002280 -7.2759394
v 0.2344347 -0.0002280 -7.7754123
v -0.4336575 -0.0002280 -4.5492396
v -0.0885227 -0.0002280 -5.3019664
v 0.4492776 -0.0002280 -3.9329886
v 2.2553443 -0.0002280 -3.0466001
v 0.6183798 -0.0002280 -5.7339049
v 2.4189021 -0.0002280 -6.9804766
v 4.6504963 -0.0002280 -3.6825487
v 3.7938968 -0.0002280 -5.3863843
v 2.4050413 -0.0002280 -7.8879696
v 3.4002491 -0.0002280 -7.9273646
v 3.6760797 -0.0074119 -9.3779464
v 0.5213540 -0.0002280 -1.3835665
v 1.4209221 -0.0002280 -0.1299600
v 2.5810738 -0.0002280 -0.4127601
v 2.8444297 -0.0002280 -1.5946114
v 1.3169658 -0.0002280 1.4134816
v 2.2719773 -0.0002280 2.6544254
v 3.4889585 -0.0002280 0.9885779
v 4.3511023 -0.0002280 0.1978631
v 4.8029655 -0.0002280 1.8341643
v 5.0871126 -0.0002280 0.8830554
v 5.9714338 -0.0002280 0.9491828
v 5.8508445 -0.0002280 0.0768640
v 5.7482744 -0.0002280 0.5397558
v 5.7579769 -0.0002280 -0.8545474
v 5.2409678 -0.0002280 -2.0757937
v 3.7952829 -0.0002280 -1.9336902
v 6.7490265 -0.0002280 -4.6603900
v 6.0545988 -0.0002280 -4.3283460
v 6.9500086 -0.0002280 -2.7539512
v 8.2238193 0.0125781 -2.3290476
v 8.5259854 0.0506842 -3.5728054
v 7.5848348 0.0000843 -3.1887037
v 8.2307497 0.0594298 -4.8376676
v 7.1412881 -0.0002280 -5.2597574
v 7.3796945 0.0047695 -4.4690426
v 6.9721860 -0.0002280 -0.7954548
v 7.4226631 -0.0002280 0.9857639
v 7.8967036 -0.0002280 -0.3508536
v 7.0844587 -0.0002280 0.0346550
v 9.2606096 0.0431879 0.4215706
v 9.6002000 -0.0002280 -0.6420955
v 8.6937015 0.0141399 -0.1735759
v 9.1843750 0.1406394 -2.0476544
v 8.0464006 0.0013337 -1.8450513
v 9.7332640 0.1094049 -1.4623566
v 10.3417546 0.4036335 -2.1616186
v 9.2273436 0.1952997 -2.8285204
v 10.0936457 -0.0002280 -0.3114586
v 10.7035224 0.2006095 -0.7532458
v 11.7777370 1.0227004 -0.5787821
v 12.1505935 1.6177168 -1.4201476
v 11.2468671 0.5954131 -2.0617241
v 11.3397347 0.6091562 -1.4637636
v 11.4977482 0.8309208 -2.9846936
v 10.6328322 0.6547585 -3.2604589
v 10.8781689 0.6166525 -2.7567652
v 9.0235894 0.1912392 -4.1088593
v 9.6348521 0.5879168 -5.2555365
v 8.4941055 0.1493850 -5.6044640
v 8.9362661 0.2855673 -5.0205732
v 9.8898915 0.4611049 -3.7979199
v 9.5156490 0.2715118 -3.6839557
v 11.2926078 1.4774741 -4.2270445
v 10.3764067 0.8571578 -4.7138547
v 10.5912497 0.8587195 -4.0117787
v 10.8643081 1.4640433 -5.6297894
v 9.9481070 0.8858935 -6.1165996
v 10.1615638 0.8365431 -5.4159306
v 5.4405638 0.0025831 -7.3758340
v 4.7003953 -0.0095983 -8.5408017
v 6.4634934 0.0378780 -8.1187120
v 5.9797503 0.0044572 -9.6973276
v 6.2042958 0.0310065 -8.9530427
v 5.0718657 -0.0002280 -6.0659488
v 6.1724159 0.0125781 -5.9210313
v 5.5237288 -0.0002280 -5.5313018
v 7.4559291 0.0153892 -6.1208205
v 6.5078480 0.0378780 -6.4050276
v 6.8807045 0.0088300 -5.9477637
v 6.7753621 0.0666137 -7.1099175
v 8.2196610 0.2205996 -7.0311274
v 8.6022200 0.4807826 -8.0075617
v 7.4157327 0.1796825 -8.4169887
v 7.6984937 0.1796825 -7.8288770
v 9.0319059 0.4689135 -6.6048167
v 8.3305477 0.1906145 -6.3895510
v 10.4346222 1.4168792 -7.0339413
v 9.5184211 0.9036971 -7.5207515
v 9.7332640 0.8643417 -6.8186755
v 10.0063225 1.2763242 -8.4366863
v 9.0901214 0.9086946 -8.9234964
v 9.3035782 0.8277974 -8.2228274
v 7.2022758 0.2971240 -10.0729875
v 7.7442344 0.5719872 -10.8144585
v 7.0428762 0.2455872 -10.5991927
v 8.1739203 0.6575696 -9.4103066
v 7.4337517 0.2662019 -8.9952517
v 9.6293078 1.2110442 -9.6663744
v 8.6604355 0.7887543 -10.3276483
v 8.8752784 0.9155662 -9.6255724
v 9.0956657 0.7119176 -11.4152329
v 8.4996498 0.6700634 -10.8510396
v 2.5256305 -0.0002280 4.1120420
v 3.4501481 -0.0002280 3.3733850
v 2.8388854 -0.0002280 5.2151032
v 3.4418316 -0.0002280 4.5988522
v 4.3940709 -0.0002280 5.3614277
v 4.1487341 -0.0002280 4.1669137
v 3.4168821 -0.0002280 7.0286822
v 3.6483580 -0.0002280 5.5907631
v 3.4224265 0.0113288 8.2977654
v 4.7405917 0.0019584 6.8865787
v 4.4647612 -0.0002280 6.0606897
v 5.0455301 -0.0002280 5.1391271
v 6.8793184 -0.0002280 4.8450712
v 6.3179546 0.0035201 5.2080684
v 6.0656874 0.0191374 7.0582285
v 7.5792905 0.1512591 7.1271698
v 8.5093524 0.1309567 5.7849244
v 7.5363219 0.0057066 5.1222435
v 7.7054241 0.0903519 5.9818996
v 6.9292174 -0.0002280 4.2302272
v 6.7961534 -0.0002280 1.7511534
v 3.7758777 0.0909766 9.7708586
v 5.1481003 0.0372534 9.0786314
v 4.7613830 0.0925383 9.8552766
v 4.2263548 0.1434505 10.3055056
v 4.8445480 0.8178024 12.3216877
v 5.9561869 0.5747983 11.4099738
v 4.3940709 0.4561074 11.7209133
v 5.2728478 1.3069339 13.7258396
v 5.7607491 1.5808601 12.8099048
v 5.0580048 1.1776233 13.0237636
v 6.6769502 1.7804483 13.2967150
v 7.1634655 1.7176670 12.3807802
v 6.2472644 0.9149415 11.8925631
v 6.4621073 1.5002752 12.5946391
v 6.7517987 0.6147784 11.1173249
v 7.9701660 1.1676283 11.5633331
v 8.4358900 0.9802215 10.5559456
v 6.8890210 0.3770842 10.1816926
v 7.4337517 0.6010353 10.5770500
v 8.0796666 1.8029371 12.8675904
v 8.5661818 1.8354209 11.9516557
v 7.7982917 1.3644053 11.9952716
v 9.4823830 2.2717663 12.4384658
v 9.9702843 2.6959302 11.5225311
v 9.0526971 1.4702901 10.8570362
v 9.2689261 2.2230405 11.7363899
v 9.4075345 1.4443655 9.9692408
v 6.6533868 0.0712989 8.6551347
v 6.9957494 0.0950371 7.7152815
v 7.8315577 0.3433510 8.9154234
v 6.7157605 0.2324687 9.6991034
v 8.9404244 0.7859432 8.7676920
v 8.3347059 0.4473617 8.3779624
v 8.7768665 0.7846939 9.1306892
v 8.3956936 0.3311696 7.3058545
v 8.0325398 0.2827562 7.7012119
v 9.5988140 0.9383674 7.7996995
v 10.0021642 0.7381545 6.6684990
v 9.1538812 0.4604802 6.9752175
v 10.0465189 1.7145436 9.1996305
v 10.7187693 1.8682171 8.3202768
v 10.0451328 1.4100076 8.6227745
v 11.6183374 3.0823004 9.0406434
v 11.3632981 2.3258019 7.7392000
v 10.7908457 1.5343208 7.1876694
v 11.2745888 2.3573487 8.2471146
v 11.4894317 2.2205417 6.4546402
v 10.3985841 0.9380550 5.9776787
v 10.7243137 1.3334832 6.6108134
v 10.4567996 2.7443436 10.6065963
v 10.9322262 2.5010272 9.4683610
v 10.2766087 2.0896694 9.7019173
v 10.8864854 2.9876600 12.0093413
v 11.3730007 3.4499299 11.0934065
v 10.6716425 3.1150965 11.3072653
v 12.2892018 3.9006431 11.5802167
v 12.5996845 4.0846140 10.4757485
v 12.0369346 3.7822645 10.1254140
v 12.0743589 3.8191212 10.8781407
v 12.5331525 4.1673853 9.2066653
v 11.8317943 3.5882985 9.3318853
v 13.2636184 4.7733337 9.7483472
v 13.7515197 5.5398273 8.8324124
v 12.6551278 4.1761310 8.3751485
v 13.0487755 4.7730214 9.0462712
v 13.8194378 4.7808300 11.5042405
v 14.1798195 5.6101048 10.2351574
v 13.4784613 4.8289311 10.4490162
v 15.0960206 5.2852665 10.7219675
v 14.6663348 5.1940619 9.3192226
v 14.8811777 5.3549193 10.0198916
v 14.9726592 5.0166502 8.5172521
v 14.2380350 5.3795945 7.9150707
v 14.4528779 5.2265457 8.6171466
v 12.4056328 3.9643614 6.9414503
v 12.8921481 4.0377623 6.0255156
v 12.1478213 2.6122218 5.4838337
v 12.1907899 2.9573625 6.2393744
v 13.3218339 5.2858912 7.4282605
v 12.4499875 3.8241187 7.6941771
v 14.7245503 5.3780328 6.9991359
v 13.8083492 5.6157270 6.5123257
v 14.0231921 5.5039076 7.2144017
v 14.2962505 5.6538330 5.5963910
v 13.3800494 4.0461956 5.1095808
v 13.5948923 4.8917123 5.8102498
v 8.0366980 -0.0002280 2.3786601
v 8.6008339 0.0138275 1.3923771
v 7.7511648 -0.0002280 1.5429224
v 8.3887632 -0.0002280 3.7138707
v 8.6826129 -0.0002280 2.9006444
v 9.8039543 0.0994099 3.1342008
v 10.1629499 0.2874413 2.0001863
v 9.5697062 0.1309567 2.0550580
v 9.5101046 0.0666137 2.6473906
v 9.3645659 0.0794199 1.0631471
v 9.1427925 0.2096675 5.0603370
v 9.0222033 0.1125284 4.3329357
v 10.0631519 0.5754230 5.5640308
v 11.0264798 1.3690905 5.2530913
v 9.8857332 0.3917644 4.3540402
v 10.5233316 0.9352439 5.2798237
v 10.3971980 0.3599053 3.8165792
v 11.7236798 1.3481634 4.0810888
v 12.0341624 1.4674790 3.2186187
v 11.1179613 0.6697511 2.7318085
v 11.5670524 0.9627302 3.5548836
v 12.6052288 2.6734413 4.4806671
v 11.9357505 2.0334474 4.7831647
v 14.2075412 5.0335168 4.0810888
v 12.9503636 2.8517901 3.7054289
v 13.2192637 3.4511793 4.4483069
v 13.4382649 3.7219820 2.7894941
v 12.5220638 1.8757134 2.3026840
v 12.7369067 2.3988905 3.0047599
v 10.5704584 0.3842681 1.5569921
v 11.5032925 0.6669400 0.3568502
v 10.5593697 0.2305946 0.8380325
v 11.6058627 1.0083326 1.8158738
v 10.6882755 0.4917147 2.1760570
v 12.8367047 2.0428177 1.4416209
v 12.1464352 1.1860566 0.6452782
v 12.1727708 1.3053722 1.4556905
v 12.7466093 2.1265260 -0.0722744
v 12.0355485 1.2185404 0.0656083
v 5.7316414 1.0033350 14.9034700
v 5.8730219 1.3019364 14.1155691
v 6.4648795 0.9867808 16.5946429
v 7.3394981 1.4196903 13.8074436
v 7.1052500 1.2107318 18.7754400
v 8.5939035 1.3091204 19.8785012
v 8.0436284 1.0948520 17.7145877
v 8.1157048 1.2260367 18.6333364
v 8.0020459 1.1576332 16.5355504
v 7.7054241 1.1232753 17.0308023
v 8.9750764 1.2147923 16.2625990
v 11.8193195 1.5561849 17.0026630
v 9.0416084 1.6208402 13.4134932
v 8.2945095 1.5589960 13.5696664
v 9.9591956 1.5702404 13.8299551
v 10.3985841 2.4741655 12.9252760
v 9.4685221 1.9488020 13.0181358
v 7.2410861 1.3597202 20.7958429
v 7.6610694 1.4309347 22.0100544
v 8.5786566 1.6448907 24.8113234
v 9.7914796 1.7126695 24.7395681
v 10.8047065 1.4768494 22.2492386
v 12.4541457 1.6355204 22.9569424
v 10.3680902 1.3750251 20.8239822
v 12.9240280 1.8088716 17.7413201
v 15.1639387 2.7662077 17.7750873
v 17.6270089 2.3295500 19.0075893
v 15.8375752 2.9539268 18.1676307
v 16.3254766 4.4709842 17.2516960
v 15.3399713 3.5611246 16.7198629
v 15.6227323 3.3893351 17.4655548
v 16.4931927 2.5397579 18.4757562
v 15.8167840 2.3236154 18.6811733
v 17.0434678 2.7555880 18.2618974
v 17.7281929 3.3299896 16.8225714
v 16.8119918 4.5500074 16.3357612
v 17.0268348 3.9431219 17.0364302
v 11.3452790 2.4020139 13.4655509
v 11.8026865 3.4368114 12.4961514
v 11.1013283 2.9573625 12.7114172
v 12.5622602 2.3195550 14.1226040
v 13.5616263 2.8464802 14.2267194
v 14.0911102 3.6282786 13.3375170
v 12.8464073 2.9839118 13.2291806
v 13.5713289 4.0208957 12.2991762
v 12.5040447 3.4930334 12.2822926
v 12.1727708 2.0646818 16.2189830
v 12.8380908 2.2858218 15.2636532
v 12.2476193 1.9263132 15.6336853
v 13.0557059 2.1883703 16.5088180
v 12.6662165 2.0484399 16.5003762
v 14.7203920 3.2259789 16.1486348
v 13.3925242 2.6956178 15.9249272
v 13.9732931 2.7262276 16.4623881
v 14.0633885 3.3443574 14.8739237
v 13.3107452 2.5672442 14.9048770
v 15.0780015 3.6616995 15.5450464
v 15.4674910 4.6543305 14.4447991
v 14.5512899 3.7547782 13.9579890
v 14.7647467 4.0321401 14.6600649
v 15.8957907 4.1989321 15.8475441
v 17.3484061 3.9334393 15.6013250
v 16.3836921 4.8386138 14.9316093
v 16.5971489 4.7080537 15.6336853
v 17.0212904 4.1989321 14.1957662
v 15.9540062 4.8860901 13.5288644
v 16.1688491 4.9067049 14.2309403
v 14.1216040 4.5331408 12.5538370
v 14.6095054 5.6669515 11.6379023
v 13.9067611 4.7467845 11.8531681
v 15.0378051 4.8470471 13.0420542
v 16.2159760 4.7049303 12.4905236
v 15.5257065 5.0138391 12.1261194
v 15.7391633 4.8889012 12.8267884
v 16.0122217 4.7698980 11.2087777
v 15.3108635 5.1490842 11.4240435
v 9.2938756 2.0509387 27.5126978
v 10.9516313 1.8429172 26.1113598
v 10.4401666 1.9294366 26.3195908
v 10.1116648 2.2477157 29.4064738
v 11.2038985 2.1399569 28.6847004
v 12.8796733 2.2258516 28.7226884
v 13.5144995 1.9556736 26.5390775
v 14.0342808 1.9422428 25.5978173
v 13.2525297 2.9667329 34.1001119
v 13.4257902 2.6150329 31.5281783
v 14.0980406 2.8152458 33.1827701
v 15.7239164 3.4321263 35.8799236
v 16.3171601 3.4180708 34.7909321
v 15.6352070 3.0126475 33.1504099
v 15.7516381 2.8780270 32.1584990
v 16.8923847 3.7916348 31.6548052
v 18.0456060 3.0135846 30.5039072
v 16.6775417 3.1026028 30.9541362
v 17.8085858 4.2245444 32.1430224
v 17.1072276 3.9534293 32.3568812
v 17.7767059 4.6505823 34.5025041
v 18.2382716 5.0791191 33.5457673
v 17.4385015 4.2307913 34.1001119
v 19.1544727 6.1342189 34.0325775
v 19.5800003 5.6172887 32.9407720
v 18.5071718 4.8954605 32.5003917
v 18.9396298 5.7934510 33.3319085
v 18.9063638 4.6740082 32.0586044
v 20.1441363 5.3592921 32.0656393
v 20.6154046 5.1512707 31.2847732
v 20.1288893 4.3950845 31.0005661
v 19.5924751 4.6137257 31.5717942
v 20.5571891 6.8438658 33.6034529
v 21.0437044 6.9688036 32.6875182
v 20.3201688 6.1698262 33.1166427
v 22.3688001 8.0082862 33.2137234
v 22.4769146 7.0581341 32.4469270
v 21.5316057 6.1535843 31.7715834
v 21.8351580 7.2214903 32.6059141
v 21.7159548 5.5991727 31.0920189
v 21.1240972 4.5509444 30.5742555
v 19.5910890 2.9417453 29.5429495
v 21.3569592 3.7703954 29.1504060
v 20.9106404 3.7354128 29.6766113
v 15.2970027 1.9803488 26.3224047
v 13.1582761 3.9368750 39.6365224
v 14.0689328 4.4169486 41.1588595
v 16.6331871 4.1483323 40.6270264
v 16.0108356 3.7991311 38.3294512
v 16.9450558 3.9852885 37.2207621
v 17.8169023 4.5318914 36.8479161
v 17.0309930 4.1152238 36.8479161
v 14.2823897 5.9511850 43.1947390
v 14.2796175 5.5254594 42.8458115
v 14.7120755 5.9268222 44.5974840
v 15.1985908 5.6756972 43.6815492
v 14.4972326 6.0923648 43.8954080
v 15.6837200 5.2618406 43.2510176
v 15.9359871 4.6174738 42.0550967
v 15.6310488 5.4395647 44.9590742
v 16.6290288 5.6032332 46.8486293
v 16.7801119 5.3002590 45.5443720
v 16.3670591 5.4736102 46.1648439
v 16.3448817 5.1850039 44.5932631
v 17.8668013 4.9829169 44.9675160
v 19.1045737 5.5810568 44.6692392
v 17.6519584 4.7377265 43.7082815
v 18.5792481 5.3895895 45.3023738
v 20.0277053 5.7294204 46.2745872
v 20.2661116 6.3675403 45.2010723
v 19.4829745 5.8025090 45.4993491
v 19.7435582 5.7519092 43.5816546
v 19.2916950 5.5788703 44.1655454
v 17.8903647 4.6533934 41.4937173
v 17.1751457 4.6849402 43.1159489
v 19.4081260 5.6122912 42.3941755
v 18.4406398 4.9391887 41.7329015
v 18.9715097 5.3636649 42.9119389
v 18.6804322 4.9326295 41.1208714
v 18.2784680 4.7827041 41.2052893
v 19.8752361 5.3011960 41.4050785
v 20.3243271 6.0561328 42.8809856
v 20.1108703 5.9380666 42.1803166
v 21.9973297 5.4370659 42.6333596
v 22.2495969 5.5001595 41.6259721
v 21.0783565 5.1187868 40.9435937
v 20.3229410 5.0029070 38.9977599
v 20.7540129 6.1170400 44.2851375
v 20.8205449 5.7422265 43.1497161
v 20.6015438 5.9646159 43.7884786
v 21.2419143 6.0036589 45.7258706
v 21.6702141 6.0049083 44.7719477
v 20.9688559 6.2913283 44.9872135
v 22.6751245 5.9727368 45.2390604
v 23.3750966 5.9755479 44.6045188
v 22.0513870 5.9140160 44.6762740
v 23.6855793 6.3572330 42.3378968
v 25.5554057 6.8904051 44.9042025
v 25.6357986 7.6684554 43.1272047
v 24.9081048 7.0737514 43.1103211
v 25.8007425 7.5285250 43.9263612
v 25.4514495 7.7680933 42.0818290
v 24.5352484 6.9463148 41.5950189
v 24.7487052 7.2386693 42.2956878
v 24.0487331 6.4156414 41.2390565
v 23.0646139 5.8496731 41.1560455
v 23.4305399 6.6355320 38.5011010
v 18.6665714 5.4658016 34.9485123
v 18.6083559 5.1169128 37.2685989
v 18.8495344 5.4192623 36.3315597
v 18.6485523 5.1650138 36.7761609
v 19.8419701 6.0961129 36.8971599
v 20.2120543 6.7411044 35.9024351
v 19.8017737 6.5805593 35.5563215
v 20.0706738 7.0600082 34.5193877
v 19.3679296 6.4259488 34.7346534
v 19.9584011 5.6888156 37.3924119
v 21.2959715 6.3584823 37.3853771
v 20.4573911 5.8790335 37.5105970
v 22.1428685 7.4516883 36.9267062
v 21.4151747 7.4260760 36.4103498
v 21.6133846 6.9269494 36.9351480
v 23.1990640 7.8742904 37.4289930
v 23.3196533 7.3479899 37.7371185
v 23.7340922 9.2080017 36.4680354
v 22.8178911 9.3676097 35.9812252
v 23.0327340 8.6370358 36.6833011
v 20.9868750 7.9704926 35.0076048
v 21.4733902 8.3659208 34.0916701
v 20.7720320 7.5360213 34.3055289
v 21.9030761 8.8563017 35.4944150
v 21.2003318 8.0329615 35.7082738
v 23.3057924 9.8367512 35.0652904
v 22.3895913 9.3310654 34.5784802
v 22.6044342 9.7180603 35.2791492
v 22.8996700 8.3796639 33.6315922
v 22.2204892 8.6607740 34.0367984
v 16.4044833 5.8200003 48.0361085
v 17.7198764 5.7747104 48.4553843
v 17.4246407 6.1835694 50.7276341
v 21.4650737 6.2747740 51.7997421
v 21.9321838 6.1523349 50.7023087
v 20.5862969 5.7287957 48.8394859
v 20.1219589 5.6257220 47.5535192
v 18.3616330 5.5676259 47.2271031
v 19.2279352 5.5769963 46.3111683
v 17.9333333 7.1896312 54.4462448
v 18.5168744 7.1771374 55.0990769
v 17.9291750 7.5363336 55.1229954
v 19.5481204 7.0809353 56.1331968
v 19.0422000 6.7276736 54.3547920
v 18.1620370 7.8249400 56.9281325
v 19.3679296 8.9803025 58.5728756
v 19.2057578 8.4168329 57.8961250
v 18.4655893 8.8588005 58.0213450
v 20.8524249 8.5695694 58.2858546
v 20.6167907 7.8667942 57.4388611
v 21.2904272 7.6156691 56.2471611
v 21.8670379 7.7465415 55.4536323
v 20.7346078 6.8110696 54.9471246
v 21.1559771 7.2068101 55.4550393
v 21.7450626 8.2531644 57.6105110
v 22.0929695 7.9879838 56.9928530
v 21.5745743 8.1057377 57.1138520
v 23.5275658 7.2852086 56.4835313
v 22.7832390 7.8596102 55.9404425
v 22.9093726 7.6553369 56.6326697
v 23.2697543 7.4822980 55.0245078
v 22.4339460 7.5385200 54.9021017
v 22.5683961 7.6865714 55.2383666
v 21.1171668 6.8832212 54.4462448
v 22.0333679 6.5055966 52.9956630
v 22.4505790 7.1193537 54.2731880
v 22.4117687 6.8576089 52.2176109
v 23.3279698 7.1121697 52.7044211
v 23.8144850 6.4849819 51.7884863
v 22.8996700 6.7945153 51.3016762
v 23.1131268 6.6164789 52.0023451
v 23.7576556 7.6078605 54.1085730
v 24.2441709 7.0593835 53.1912313
v 23.5123189 7.0665674 53.4163458
v 25.2643282 6.9078964 54.0297829
v 25.6468872 6.5377681 52.7621067
v 24.7306861 7.3483022 52.2752965
v 24.9455291 7.0190911 52.9773725
v 25.2088849 6.3047591 51.3692105
v 24.3439689 6.4487499 51.5281977
v 24.1859554 6.9422543 55.5113179
v 24.6738567 6.7482883 54.5953832
v 23.9711125 7.2517877 54.8092420
v 25.3197716 6.0289588 56.1303829
v 24.4007983 6.5968012 56.2133939
v 26.0765731 5.9424394 54.1662586
v 25.3752149 6.4065834 54.3801174
v 26.4605182 5.4261339 51.6998475
v 26.3496315 5.6026085 52.5482479
v 22.7153209 5.7387907 45.6892894
v 20.9633115 5.8709125 45.9580199
v 22.4034522 5.7475364 47.8264705
v 23.3570775 6.1520226 48.0600269
v 23.9267578 6.0754982 47.4423689
v 22.2052422 5.9449382 49.6991421
v 23.2988620 6.4122056 49.1687160
v 22.5753265 6.0145910 49.0575657
v 23.4000461 6.5474508 50.3927762
v 22.6848271 6.4556215 50.5996002
v 24.7875156 6.3940896 49.6597470
v 23.8768588 6.9010248 49.4712136
v 24.2233796 6.4003365 50.3322767
v 24.3606019 7.3339344 48.5524649
v 23.6592437 6.6933157 48.7677307
v 25.2768030 6.5171534 49.0406821
v 25.7633183 6.7692154 48.1233403
v 24.8471171 6.6795725 47.6365302
v 25.0619601 6.7882684 48.3386061
v 26.1930041 5.9852306 49.5274922
v 26.2955743 5.6116665 49.9270705
v 26.9234700 5.6344677 48.6917545
v 26.8943623 5.4717362 49.3122265
v 25.9767751 6.4768609 47.2861957
v 26.4646764 6.2182396 47.9094815
v 25.0758209 6.4193895 45.0055040
v 25.3391767 6.6221011 46.6994909
v 24.6322742 6.1026721 46.6066312
v 26.2830995 7.0368947 46.0494727
v 25.8215338 6.9837961 45.8046606
v 26.0044968 6.6561467 46.5053296
v 26.3094351 7.9423815 44.8887259
v 19.2015996 9.8992201 59.9165280
v 19.9182047 9.5309659 59.1173714
v 19.0948711 9.6424729 59.3523347
v 19.9209768 10.0460221 61.4388650
v 20.3465044 10.2509201 60.5215233
v 19.6451462 10.2718472 60.7353821
v 21.2627055 10.1715846 61.0083335
v 21.7506069 10.2093783 60.0923987
v 20.9868750 9.8267562 59.9151210
v 21.0492487 10.2168746 60.3062575
v 21.3735922 9.2070646 58.8584897
v 20.6195629 9.2589138 58.9035126
v 20.6098603 9.6090521 62.8584935
v 20.7346078 9.7524182 61.7357348
v 19.8544448 9.9626261 61.9833608
v 20.7179748 9.3944714 64.2443549
v 21.2058761 9.1664598 63.3270132
v 20.5031319 9.6702716 63.5422789
v 21.9016900 9.0096629 62.3365092
v 21.7339739 8.8197574 63.1764678
v 22.1789067 9.8267562 61.4951436
v 21.8046641 9.4257058 61.7610602
v 23.0951078 8.6510913 61.9819538
v 23.6135029 8.2909581 60.8648229
v 22.6668080 9.3426222 60.5792089
v 22.8816509 9.0880613 61.2812848
v 23.5760787 7.9804876 62.2492773
v 24.2608039 7.4897943 61.1912390
v 24.6780150 6.8304349 62.1733012
v 24.9857255 6.8666669 60.6368945
v 24.0376445 7.6725159 59.9488882
v 24.3550575 7.3711034 60.7016149
v 22.2371222 9.4856760 59.1764639
v 22.7250235 8.4568130 58.2591222
v 22.0236653 8.8844127 58.4743880
v 23.1533233 8.8032031 59.6632741
v 22.4519651 9.6149866 59.8771329
v 24.5213876 7.1280993 59.4564501
v 23.6093447 7.6931306 58.6769911
v 23.8546814 7.7999524 59.4480083
v 23.9170552 7.2667803 58.1409371
v 23.4263817 7.7059367 58.0452634
v 25.0203776 6.4475005 58.3196217
v 24.8540476 6.3691020 57.9130086
v 25.2795752 6.6058592 59.8194473
v 25.6746089 6.3088196 61.2784709
v 25.8645023 6.2041841 60.7184985
v 5.4863046 -0.7823387 -24.7195019
v 5.4377917 -0.7957696 -25.2611837
v 6.1377638 -0.6617738 -22.7680403
v 6.6894250 -0.4959188 -24.3016330
v 5.9340095 -0.6883230 -24.2622380
v 7.6056261 -0.4790522 -23.8148228
v 7.9438304 -0.4506288 -24.5900610
v 7.2147506 -0.4587498 -25.1345568
v 7.3907831 -0.3881599 -24.5168988
v 8.9556713 -0.4437573 -24.4184112
v 8.8156769 -0.5221557 -25.1908354
v 10.3403686 -0.4515659 -24.1229484
v 11.8151613 -0.3703563 -25.1021966
v 12.5359246 -0.4937324 -25.9055741
v 15.8029231 -0.5334001 -26.4880579
v 7.1357438 -0.5708815 -21.8239662
v 7.1357438 -0.5355866 -22.9959687
v 7.4032579 -0.4225178 -19.7726100
v 6.7116023 -0.5518285 -21.0951579
v 8.4275735 -0.4699942 -21.9083841
v 8.6978598 -0.4640597 -23.3814774
v 8.0741223 -0.1314127 -17.7747185
v 8.6354860 -0.2497913 -18.5668403
v 9.8677141 -0.0661327 -17.9843564
v 9.4061484 -0.2625974 -19.3083113
v 8.8932975 -0.2010655 -19.6051811
v 9.0485389 -0.1663953 -19.0902316
v 8.6327139 -0.3650464 -20.2383157
v 10.2669061 -0.2391716 -19.9766200
v 11.0888536 -0.2201186 -20.8981827
v 10.0021642 -0.3269404 -20.9980772
v 10.8767828 0.0681755 -18.3740859
v 10.8005482 -0.0730043 -19.3251949
v 12.1284161 0.3517843 -19.0592783
v 12.6163175 0.5142035 -19.9752131
v 11.6460591 -0.0795635 -20.6378940
v 11.9676304 0.2284082 -19.5854835
v 12.1242579 -0.0742537 -21.5482009
v 11.5892297 -0.2248037 -21.7705015
v 9.4920855 -0.4462560 -22.6653317
v 10.1546334 -0.3753538 -23.6361382
v 9.2231854 -0.3556761 -23.5418715
v 10.5829332 -0.3612983 -22.2319863
v 9.2758565 -0.4306388 -22.1194290
v 11.7084329 -0.1991915 -22.9593876
v 10.7880735 -0.4228302 -23.4447908
v 11.0029164 -0.3372478 -22.7441218
v 11.4783430 -0.4322005 -24.1989245
v 8.6063783 -0.1092362 -17.4075004
v 9.5364402 0.1578183 -14.8369738
v 10.2128489 0.1094049 -16.0751038
v 9.7984100 0.0175756 -16.9558644
v 9.0000259 -0.1089239 -17.5270925
v 9.6057444 0.7009855 -11.9512869
v 10.2308680 0.5432515 -13.3469970
v 11.0084608 1.0742373 -12.3832254
v 11.5587359 0.8746491 -13.7071803
v 10.6674842 0.3836435 -14.4359886
v 10.7298580 0.7925025 -12.9727441
v 12.0715867 0.9880302 -14.0786193
v 12.5359246 0.8887046 -15.2464009
v 11.4478492 0.4039459 -15.3448885
v 12.4416710 1.7420299 -13.0177670
v 13.0917441 1.7123572 -13.9294809
v 12.1048527 1.2663292 -13.4905075
v 13.9206219 2.4223163 -13.2822766
v 14.3322887 2.9626724 -14.3628264
v 13.4160876 1.7795112 -14.8496365
v 13.6309305 2.1455791 -14.1475606
v 13.9026028 2.2049245 -15.7655713
v 13.0404590 1.2044849 -16.0779177
v 13.2012446 1.3903299 -15.5517125
v 10.9724226 0.1231481 -17.5073950
v 11.2357784 0.2262218 -18.5865378
v 11.1415248 0.1815565 -16.6463319
v 13.4632144 1.2163540 -17.1021888
v 12.5289942 0.6716251 -17.4539303
v 12.5581020 0.7796963 -16.6997966
v 13.0446172 1.1039100 -18.5724681
v 12.2794992 0.5285713 -18.5288522
v 13.9608183 1.3228635 -18.0856580
v 14.6677209 0.6438265 -19.4349382
v 13.4784613 0.4779715 -19.6642736
v 13.7459754 0.8808960 -18.7877339
v 14.3905042 1.9550489 -16.6815060
v 14.8770194 1.7601459 -17.5988478
v 14.1756613 1.6386439 -17.3835820
v 15.7932206 2.0250141 -17.1106306
v 15.9082655 1.2354070 -17.9759146
v 15.0835459 1.2438403 -18.3726790
v 15.6837200 1.5989761 -17.4876975
v 14.9532540 0.4201878 -19.7092965
v 14.8188039 2.8539765 -15.2787611
v 15.3067053 2.6571994 -16.1946959
v 14.6039610 2.5072740 -15.9808371
v 15.2484898 3.5758047 -13.8760162
v 15.7350051 3.0916707 -14.7919509
v 15.0336469 3.3112489 -14.5766852
v 16.6512062 2.8583493 -14.3051408
v 16.9630749 2.4657322 -15.1662038
v 16.2229064 2.6400205 -15.7078857
v 16.4363632 2.6518896 -15.0058097
v 16.7094217 2.1159063 -16.6238205
v 16.0080635 2.6712549 -16.4099616
v 18.0608530 1.8744640 -16.0244530
v 17.8695734 1.2182281 -17.5045811
v 17.1959369 1.5543108 -17.5397552
v 17.4107798 1.8273000 -16.8390862
v 18.0553086 2.4619841 -14.7342653
v 18.7178565 1.8597838 -15.7050718
v 17.8404657 2.2067986 -15.4349343
v 19.4580250 2.0737398 -15.1619829
v 19.1350676 1.3765868 -16.6463319
v 19.0130922 1.6555105 -15.9850580
v 19.5536647 1.0564336 -17.5453831
v 18.8356736 0.8381048 -18.1363087
v 16.8147640 0.8156160 -18.8820006
v 16.5943767 0.6197759 -19.5165422
v 16.3379513 0.5291960 -20.3466521
v 16.9907966 1.0333201 -18.3909695
v 18.4822223 0.5004603 -19.3716247
v 17.9139281 0.4714123 -19.5798557
v 12.4194936 -0.3331873 -23.7515094
v 12.7313624 -0.3519280 -24.6153864
v 12.2060368 -0.3578625 -24.4535853
v 13.0085791 -0.2004409 -22.0617434
v 12.8741290 0.0413138 -21.0149608
v 14.0121034 0.1050321 -20.5745805
v 13.4382649 0.1687504 -20.4155934
v 14.6566322 0.0153892 -20.9066245
v 15.9595506 0.1578183 -21.5735263
v 16.6830861 -0.0864351 -22.5147864
v 15.7807458 -0.0970548 -22.3318808
v 16.1244945 0.3499102 -21.0487280
v 17.0393095 -0.2319877 -23.7388467
v 16.3407235 -0.4009661 -25.0459179
v 10.0132529 1.1235877 -10.9270158
v 10.1976020 0.9127551 -11.8964152
v 10.5746167 1.7554607 -9.2048896
v 11.1082588 1.9147564 -10.6399948
v 10.2114628 1.4437409 -10.2235329
v 11.8955541 2.7237288 -9.7817456
v 11.7818953 2.0653065 -10.9284227
v 11.5878436 2.3848350 -10.1658473
v 12.1547517 1.8422925 -12.0680651
v 11.3619120 1.6348957 -11.6037663
v 10.9765808 1.7435916 -7.7725984
v 11.4090388 2.5210172 -8.8658108
v 10.9114349 1.8850837 -8.6153709
v 11.3508233 2.0756139 -6.5457242
v 11.1442969 1.8597838 -7.1690100
v 12.7549258 3.9000184 -6.9748488
v 13.2414411 4.3226206 -7.8907835
v 12.3252400 3.5686208 -8.3790007
v 12.5400829 3.8256804 -7.6769247
v 12.8117552 3.2753293 -9.2949354
v 12.1103970 3.3680956 -9.0796696
v 13.6295444 3.9831020 -8.9530427
v 14.2158577 3.8494186 -9.7240600
v 13.1014466 2.8983294 -10.2404165
v 13.8319126 3.5986059 -9.5481893
v 14.1576422 5.4586177 -7.4039733
v 14.6441574 5.0169625 -8.3199081
v 13.9427993 4.6771316 -8.1060493
v 15.5603585 5.5370162 -7.8330979
v 16.0482599 4.7068044 -8.7490327
v 15.1320588 4.9166999 -9.2372498
v 15.3469017 5.1640768 -8.5351739
v 15.6185740 4.4253819 -10.1531846
v 14.7023729 4.0471327 -10.6399948
v 14.9172159 4.8126892 -9.9379188
v 12.8020526 2.3539129 -11.7838580
v 13.2095611 2.1243396 -12.8728495
v 12.6565139 2.1593222 -12.3156911
v 13.7861718 3.0423203 -11.1268049
v 12.9101671 2.5828614 -10.8580745
v 15.1902743 4.1320904 -11.5559295
v 14.2740732 3.1566384 -12.0427397
v 14.4889161 3.6304650 -11.3420707
v 14.7605884 3.8325520 -12.9586744
v 14.0592303 2.7134214 -12.7448156
v 11.7805092 2.2224158 -5.1429792
v 12.2670245 2.9645465 -6.0589140
v 11.5656663 2.2439676 -5.8450552
v 12.2088090 1.8401061 -3.7402343
v 12.6967103 3.0007784 -4.6561691
v 11.9939660 2.0706164 -4.4409033
v 13.6129114 4.5159618 -4.1693589
v 14.0994267 5.5388902 -5.0852936
v 13.1832256 4.0868004 -5.5721038
v 13.3980685 4.3160613 -4.8700279
v 13.6711269 4.8273694 -6.4880386
v 12.9683826 4.0252686 -6.2741798
v 12.4652344 1.8682171 -2.2826177
v 12.9600661 2.7262276 -3.2224709
v 12.4610761 1.8179296 -3.0128330
v 13.0667946 2.9161331 -0.9333375
v 13.5546959 3.9549910 -1.8492722
v 12.8519516 2.7924446 -1.6354134
v 14.4708970 5.9930392 -1.3624620
v 14.9574123 6.0623797 -2.2783968
v 14.0412112 5.0738092 -2.7652070
v 14.2560541 5.5744975 -2.0631310
v 14.5291125 5.7862671 -3.6811417
v 13.8263682 4.5412617 -3.4672829
v 15.6255045 5.2793319 -3.2126221
v 16.1037032 4.6646378 -4.1665449
v 15.0156278 5.8877791 -4.5970765
v 15.2304707 5.3983352 -3.8964075
v 15.6934226 5.6441504 -1.7339010
v 16.7981310 4.7383512 -2.8566597
v 15.8361891 5.3339922 -2.5372785
v 17.2763298 4.6293429 -2.2207112
v 17.7642311 4.0187093 -3.1366460
v 16.9575306 4.0255809 -4.3930664
v 16.4183442 4.5621888 -5.0262011
v 14.5859419 5.6397775 -6.0012284
v 15.0738433 5.9118296 -6.9171632
v 14.3724851 5.5935505 -6.7033043
v 15.5021430 5.4108290 -5.5144182
v 14.8007849 5.8990235 -5.2991524
v 16.9062455 4.0312031 -5.9435428
v 15.9900444 4.8860901 -6.4303530
v 16.2048873 4.8729717 -5.7282770
v 16.4765597 4.3557291 -7.3462877
v 15.7752015 5.1359658 -7.1310220
v 16.9644610 3.7429091 -8.2622225
v 18.6804322 3.8106878 -2.6498358
v 15.6767896 3.7541535 -12.4718643
v 16.1646909 3.4115115 -13.3877990
v 15.4619466 3.7160474 -13.1739402
v 16.1064754 3.8497309 -11.0691193
v 16.7745676 3.4171337 -12.0244491
v 15.8916325 3.7810151 -11.7711953
v 17.8501683 3.1835000 -11.6037663
v 17.8238327 2.9885970 -12.3522722
v 17.0808920 3.3531031 -12.9009888
v 17.2943488 3.2365986 -12.2003199
v 17.5674073 3.0545017 -13.8169236
v 16.8660491 3.2428455 -13.6030648
v 16.5347752 3.9353133 -9.6649674
v 17.1363353 3.3849622 -10.2488582
v 16.3199322 3.8765925 -10.3670434
v 17.4509763 3.6254675 -9.1781572
v 16.7496181 4.1145991 -8.9642984
v 17.9388776 3.0644967 -10.0940920
v 18.1523345 3.0851115 -9.3934230
v 18.6097420 2.6547007 -11.0958517
v 17.3927608 3.0629350 -10.8805859
v 19.8294953 1.9812858 -11.4405583
v 18.9132942 2.6337736 -11.9273685
v 19.1267511 2.4523014 -11.2252925
v 20.0484965 1.8757134 -12.6421071
v 20.2425482 1.6826844 -11.6614519
v 18.4836084 3.0060883 -13.3301134
v 18.9701236 2.5922318 -14.2460482
v 18.2687655 2.9336244 -14.0321894
v 19.2210047 2.2314738 -12.8025012
v 18.6984513 2.5232036 -12.6280375
v 20.9757863 1.4146928 -13.3258925
v 20.0429522 1.7501509 -13.8239584
v 19.8239510 1.8938294 -13.1654984
v 20.3769983 1.6064724 -14.6723588
v 19.6728679 2.1396445 -14.4613140
v 13.5921202 3.3790277 0.7634633
v 13.9829957 4.4925360 -0.4465273
v 13.2816375 3.0651214 -0.2312615
v 13.9247802 4.3866512 1.8735594
v 14.4126815 5.2284198 0.9576246
v 13.7113233 3.6679464 1.1714834
v 15.3288826 6.1045462 1.4444348
v 15.8153979 5.6425886 0.5285001
v 14.8991968 6.4771733 0.0416899
v 15.1140397 6.4434401 0.7423589
v 15.3870981 6.1704509 -0.8756519
v 14.6843539 6.3950266 -0.6603861
v 14.3544660 5.4533078 3.2763043
v 14.8409813 6.1941891 2.3603696
v 14.1396231 5.1022326 2.5756353
v 14.8368230 5.4645522 4.8549200
v 15.2706671 5.6094801 3.7645215
v 14.5693089 5.5007842 3.9783803
v 16.1868682 5.5176508 4.2513317
v 16.8494161 4.8720346 3.2650486
v 15.7571824 5.5794950 2.8471797
v 15.9720253 5.4167635 3.5492557
v 16.2450837 5.2955738 1.9312450
v 15.5423395 6.0261477 2.1465108
v 17.1876204 4.6793180 2.6445767
v 16.4114137 5.1390892 0.9210435
v 17.5895846 4.8995209 3.8222071
v 17.5521604 4.4459967 3.0708873
v 16.4779457 5.1534571 -0.4760736
v 16.7898145 5.1350287 -1.3033695
v 16.0884563 5.6357170 -1.0895107
v 18.1925309 4.3476081 -1.7324940
v 17.3290009 4.7355401 -1.5383328
v 15.2124516 5.1662632 6.0832012
v 15.4785796 5.2202988 5.0307907
v 14.9976087 5.4177006 5.3811252
v 15.6407514 4.7870769 7.4859461
v 15.7211442 4.7951979 6.4982561
v 15.2720532 4.9476220 6.6586502
v 16.9935688 4.4088277 6.8584393
v 17.6103759 4.3975833 6.2984669
v 16.3739895 4.9107654 5.5527750
v 16.8064475 4.5906122 6.4096172
v 17.1030693 5.2708986 4.7381418
v 16.4127998 5.2171754 4.9773260
v 15.8292587 4.6927489 8.7972383
v 16.5569525 4.6243454 7.9741633
v 15.8555943 4.8051929 8.1880221
v 17.1765318 4.1258435 9.7399054
v 16.3504261 4.3747821 9.2854554
v 18.1606510 3.8419223 10.1563673
v 18.3893547 4.2941972 8.9477836
v 17.4731536 4.7730214 8.4609734
v 17.6879965 4.5562543 9.1630494
v 18.1675814 4.2692096 7.4170048
v 17.2596968 4.5281433 7.7588975
v 18.8772561 4.5674987 8.0318489
v 19.5134683 3.9371874 7.2917848
v 18.5778620 4.0283920 6.6023716
v 18.7940911 4.2957589 7.6660377
v 19.2528847 4.2557788 9.2587231
v 19.7934572 4.3738451 8.5186590
v 19.0920990 4.3900870 8.7339248
v 20.7096583 4.3966462 9.0054692
v 21.1961735 3.8491062 8.0895345
v 20.4948154 4.1027300 8.3048002
v 20.4989736 3.3559142 6.7388472
v 18.0192705 4.7121142 5.2249520
v 17.8044275 4.9423121 4.5242830
v 19.0629912 3.8110002 5.9396907
v 18.4683615 4.1870630 6.0508410
v 22.0098045 3.3140600 8.3624858
v 18.8952751 3.7135487 -1.9477598
v 16.9284228 4.4450596 11.6969949
v 17.2652411 3.9637367 10.5742361
v 16.5167561 4.3379254 10.7529208
v 17.2680133 4.0652487 13.7286535
v 17.9790740 3.8375495 12.3315364
v 17.3179123 4.2592146 12.3568618
v 18.6956791 3.5767418 12.3638967
v 18.9798262 3.6101626 12.0093413
v 18.4129181 3.7675843 10.9695935
v 18.2202525 3.3028156 15.3044553
v 18.0109539 3.5708072 13.5218295
v 19.5093101 3.0064006 15.7392077
v 19.6590071 3.2028654 14.7022739
v 18.9645793 3.3381105 13.4542952
v 19.9584011 3.5580011 13.2390294
v 20.8565831 3.7172968 13.8440247
v 20.8940074 3.9837267 12.8999506
v 20.3506627 3.8868999 12.2963623
v 20.1385919 3.7051154 12.7465914
v 20.9965775 3.6110997 14.7768431
v 21.3846809 3.9403108 14.3533464
v 22.4256295 4.7277314 14.6192629
v 22.9121448 4.8985839 13.7033281
v 21.9100065 4.5743703 12.8633695
v 22.5503770 4.6571416 13.8130715
v 22.3979078 4.5209594 12.1162707
v 21.3916113 4.1873754 11.8602029
v 21.6036821 4.3098144 12.5608719
v 19.8489005 4.0605635 11.1918941
v 20.2217569 4.6115393 9.9228109
v 19.7851407 4.1901865 10.3378659
v 20.7055000 4.2086148 11.4986127
v 19.9500846 4.2023679 11.5394147
v 22.0541591 4.4135128 10.8964313
v 21.1379580 4.4444349 10.4096211
v 21.3528010 4.4956594 11.1116971
v 21.9113926 3.9980946 9.5232326
v 20.9231151 4.4766064 9.7075452
v 20.4629354 3.2166085 17.1813477
v 20.1150285 3.2581503 16.6987584
v 20.7831207 3.6142231 16.1007979
v 19.7823685 2.5503776 19.7462464
v 20.4116504 2.7455929 22.3350635
v 20.8482666 3.3527907 20.5341473
v 21.6508089 3.9731070 20.2175800
v 21.1726101 3.7197956 20.0107560
v 21.6688280 3.9371874 19.0990421
v 21.0145966 3.2993798 18.7135335
v 22.3091985 4.5959220 19.2580293
v 22.7957138 4.6002949 18.3420945
v 21.6951636 4.0577524 17.8848306
v 22.0943556 4.2985700 18.5559533
v 22.9052143 4.8148756 20.9449813
v 23.2253996 4.9860404 19.7448394
v 22.5240414 4.6780687 19.9601052
v 24.1221955 5.3861538 20.5074149
v 25.0550296 4.8676618 19.3593308
v 23.6661741 4.1823779 18.4701284
v 23.9156691 4.6796304 19.3382263
v 23.0327340 4.1061658 17.2446611
v 21.4512129 4.1402113 16.4511324
v 21.7672399 4.1592644 15.5520812
v 22.3674140 4.4456843 16.9393496
v 21.6660558 4.0908609 17.1532084
v 24.0113089 3.6145355 16.8155366
v 22.8539293 4.5468840 16.0220078
v 23.2600517 3.9862255 16.7578510
v 23.3418306 5.0172748 15.1060731
v 22.6404724 4.8973345 15.3213388
v 24.3606019 3.9215702 15.8573928
v 25.2781891 3.9253183 14.7036808
v 23.8283459 5.0038440 14.1901383
v 24.0889295 4.3451094 15.0666780
v 25.3710567 3.3799647 15.7842306
v 24.1291260 3.6960574 16.3498309
v 25.2463092 4.6943106 13.7441301
v 24.9413708 3.8478568 18.2028049
v 25.5443171 5.0869277 19.8039320
v 25.9920220 4.4866015 18.7050917
v 25.3502654 4.6249701 19.1890879
v 26.9484195 5.0094662 19.3748074
v 27.2616744 4.2523430 18.6333364
v 26.4785373 4.2567159 18.4588727
v 27.4765173 3.5514419 17.5091707
v 27.8410572 3.5264543 17.2798353
v 28.3053952 4.3572908 18.7726260
v 29.0483358 3.6795031 18.1690377
v 28.0850079 4.0858634 18.1113521
v 29.5847501 3.8125619 18.5812787
v 29.0760575 3.1828753 17.1757198
v 29.6069274 3.4995927 17.8271450
v 26.9511917 3.4143226 14.0944646
v 26.6351647 4.1230324 13.3318892
v 28.9540822 2.7215424 13.3895748
v 22.5420605 4.3482328 9.9804965
v 23.3750966 3.2356615 9.1799330
v 22.3272176 3.7313523 9.2784206
v 23.2378743 4.3160613 11.3128932
v 23.4679642 4.0290167 10.4940391
v 22.7541313 4.3675982 10.6882003
v 24.3744627 4.5028434 10.9541169
v 24.8609780 3.9034542 10.0381821
v 24.1998162 3.2756416 9.5105699
v 24.1596198 3.9599885 10.2534479
v 23.4000461 5.1884397 12.7873934
v 23.6925097 4.6483959 11.9080397
v 23.0424366 4.5902998 12.1683284
v 24.3162472 5.2471604 13.2742036
v 23.6135029 5.1878150 13.4880624
v 25.7189636 4.9079542 12.8450790
v 24.8027625 5.4086426 12.3582688
v 25.0176054 5.1665755 13.0589378
v 25.2906638 4.8080040 11.4423340
v 24.5879196 4.9307554 11.6561928
v 26.2054788 4.5768690 11.9291442
v 26.6933802 4.0646240 11.0132095
v 25.7771791 3.8163101 10.5249923
v 25.9920220 4.6993081 11.2270683
v 27.1812815 3.7841386 12.4258032
v 26.4203218 4.5181483 12.6312202
v 27.6095813 3.5576888 11.5000196
v 27.7759113 3.4111992 12.0262249
v 28.4051932 2.6343983 10.5376550
v 27.4959225 2.9757909 10.3857027
v 27.3254342 3.4265041 10.8303039
v 25.3474932 2.9926575 9.1222474
v 25.5179815 3.2981304 9.6526735
v 26.8375329 2.1155940 9.1982235
v 20.9674698 3.3312390 24.2907460
v 21.2765664 3.6251552 23.4099854
v 20.6417402 3.1713186 23.9826205
v 22.1927675 4.2929478 23.8967956
v 22.6806688 4.8732840 22.9808609
v 21.9779246 4.1380249 23.1947197
v 21.6230872 3.8622247 21.7961956
v 23.2850012 4.2763936 24.4244078
v 24.2095188 4.7027439 25.0026708
v 24.5116850 5.5944876 23.9544812
v 23.5968699 5.2362284 23.4676710
v 23.9711125 4.9507455 24.0684454
v 24.6877176 4.2295419 26.4574734
v 25.0231497 5.1622027 25.4754113
v 25.8575719 5.7038082 25.8454433
v 26.3440872 5.8746606 24.9295085
v 25.4278861 5.8999605 24.4426984
v 25.6427290 5.5904271 25.1433673
v 25.9157874 5.9664899 23.5267636
v 24.9995863 6.5330829 23.0385465
v 25.2144292 6.1888792 23.7406224
v 23.1671841 5.1800064 22.0649261
v 23.4236095 5.1328423 21.1053754
v 23.1491650 4.9579294 21.5260582
v 24.0833852 6.1179770 22.5517363
v 23.3820270 5.5798074 22.7670020
v 25.4861016 6.2263606 22.1226117
v 24.5699005 6.1745114 21.6358015
v 24.7847434 6.5199645 22.3378775
v 25.0037446 5.4445622 20.5482169
v 24.3564436 5.5207743 20.9337256
v 22.1622737 4.8030065 29.9762950
v 23.0161010 4.3479205 29.1011622
v 23.7202314 4.8061299 29.4486828
v 22.7832390 6.6411542 31.9671516
v 23.2711403 5.5732481 30.5629997
v 22.5559213 5.3592921 30.6417898
v 23.3764827 7.9045879 32.8254008
v 23.3945018 7.0322095 32.0557905
v 24.7667243 7.9533136 32.3160792
v 25.2546257 6.9466271 31.4001444
v 24.2802090 6.0570698 30.7444983
v 24.5518814 7.0215898 31.6154102
v 24.4520834 5.3374280 30.1254334
v 24.0528914 5.2980726 30.0466433
v 25.7411409 6.0936142 30.4842097
v 26.8583241 4.7505326 28.9928259
v 25.3530376 5.0069675 29.2474867
v 25.6066908 5.4764213 29.8693656
v 26.1708268 7.1484017 31.8883616
v 27.1909841 5.9668023 31.1454836
v 25.9559838 6.5861815 31.1862856
v 25.8326224 4.9819799 27.1173404
v 27.2741491 5.5401396 27.7096730
v 26.7737730 6.6608319 26.3322535
v 26.0724148 5.7594055 26.5475192
v 27.6899741 6.2769604 26.8204706
v 28.1764894 6.5412039 25.9031289
v 27.2602883 6.3394293 25.4163187
v 27.4751312 6.6992502 26.1183947
v 28.6061752 6.2966381 27.3072808
v 27.8008608 5.8371793 27.4536052
v 29.2881283 6.1832570 27.6773128
v 30.0088916 6.4268858 26.8781562
v 29.0926905 6.2541593 26.3913460
v 29.3075334 6.4962263 27.0920150
v 29.2493179 5.5598173 24.9492061
v 28.7988408 5.8487360 25.2418550
v 28.7004289 6.1826324 25.7441418
v 28.8182460 5.4298820 29.5134032
v 28.9194301 5.4729855 28.6157590
v 29.3380273 5.7465994 31.9376054
v 30.4316471 6.2176149 29.5359147
v 30.1932407 5.9924145 28.6115381
v 31.3547786 6.7710895 28.7677113
v 31.8412938 6.4977880 27.8517766
v 30.9250927 6.7895178 27.3649664
v 31.1399357 6.6261616 28.0670424
v 31.7830783 6.9285111 30.1718632
v 32.2709797 6.5277731 29.2559285
v 31.5696215 6.6939404 29.4697873
v 33.6127084 6.0620674 29.8313775
v 33.3160865 5.6769465 28.9351403
v 32.8267991 5.8540459 28.3385868
v 32.6840325 6.0854932 29.2770330
v 33.0056039 5.6341553 27.4831515
v 32.7436341 5.8081312 27.2383395
v 30.4967930 6.3119430 25.9622215
v 30.9833082 6.2304211 25.0462867
v 30.3027413 5.9814825 25.4655625
v 31.3644812 6.2444766 26.2393937
v 30.7116359 6.8126313 26.6628904
v 32.7879888 5.8221867 26.0086513
v 32.1393018 5.7322315 25.5598292
v 31.9951491 6.1073573 26.5686237
v 32.2072199 5.5919888 24.6241970
v 31.4712096 5.8534212 24.1289450
v 31.6846664 5.8371793 24.8310209
v 25.9740029 5.6197875 21.2249675
v 26.4605182 5.3986475 20.2907422
v 25.8132173 5.4270709 20.6790647
v 26.5228919 5.5182755 22.8823732
v 26.2054788 5.6347800 21.8018235
v 27.6955185 4.8860901 21.7033359
v 28.8806198 4.6615144 21.1095963
v 27.4751312 5.2393518 20.7269016
v 27.8646206 5.3255589 19.8616176
v 27.1618764 5.3305564 20.0754764
v 26.7793174 5.6310319 23.8362961
v 27.3088012 5.3874031 23.0751276
v 26.7917921 5.4617411 23.2256729
v 27.9075892 5.4673633 24.1852236
v 26.7488235 5.8237485 24.8085095
v 28.5424154 5.1206609 23.8728772
v 27.9450135 5.1275325 23.3748113
v 29.7219724 5.2099914 23.7406224
v 30.1253226 5.4373783 22.2393899
v 29.4655469 4.9950984 22.6277124
v 30.4857043 5.5657519 23.5886701
v 31.9577248 5.2634023 23.2130102
v 31.0415237 5.3261836 22.7262000
v 31.2563667 5.7109921 23.4282760
v 31.5779380 4.8954605 21.9959848
v 30.6132240 5.2708986 21.3234551
v 30.8266808 5.4005216 22.0241241
v 28.7808218 4.9451233 20.3484278
v 29.2687231 4.4584904 19.3607378
v 28.5133077 4.7555301 19.4690741
v 29.6970229 4.7205475 20.8352380
v 31.0997392 4.6462095 20.4061134
v 30.1835381 4.2870133 19.9193032
v 30.3983810 5.0691240 20.6213791
v 29.9354292 3.7585263 19.0315078
v 23.7923077 9.3557406 34.1493557
v 24.2802090 8.4296390 33.2334209
v 23.5788509 8.4568130 33.4472797
v 24.2219935 9.9263941 35.5521006
v 24.7085088 9.2629743 34.6361658
v 24.0071506 10.0094778 34.8500246
v 25.6773811 8.4133971 35.2988467
v 26.2581500 7.7537254 34.0663447
v 25.1964102 8.7704069 33.7202311
v 25.3613541 8.6373482 34.2436224
v 25.6829254 7.8739781 32.8042963
v 24.9815672 8.4386970 33.0181551
v 25.1381947 8.8965941 36.0389108
v 26.9705969 8.7460441 37.0139381
v 26.0543958 8.7048146 36.5271279
v 26.6282343 7.8430560 35.7631455
v 25.8395528 8.3752911 35.8250520
v 27.8036330 8.2959556 36.2386999
v 28.2790596 7.3508010 35.2833701
v 27.1244521 7.5216534 35.2889980
v 27.8867980 9.4150861 37.5007483
v 28.3733132 8.8678584 36.5848135
v 27.6719551 8.7622860 36.7986723
v 29.2895144 9.3220074 37.0716237
v 29.7774157 8.3034518 36.1556889
v 29.2021911 8.0004776 35.5999374
v 29.0746714 8.7647847 36.3695477
v 29.3477299 7.3539244 34.7529440
v 28.7614166 6.9519370 34.6544564
v 26.7765452 7.2355458 33.2840717
v 27.0870279 6.8460522 32.3751717
v 26.3842836 7.3985897 32.5890305
v 27.6844298 6.5602569 33.8792182
v 26.7904060 7.3367455 33.7638470
v 28.0642167 6.0314576 32.5622982
v 28.1945085 5.7069316 31.7490719
v 28.0198620 7.9726790 39.7800329
v 27.6788855 8.4486921 38.3519626
v 26.3676506 8.4493167 42.5686392
v 26.7959504 8.8591128 43.9713842
v 27.2824656 9.2239312 43.0554494
v 26.5811074 8.7404219 43.2707152
v 28.1986667 8.6891974 43.5436665
v 28.6865681 9.0480812 42.6263248
v 27.7703670 9.1658351 42.1395146
v 27.9852099 9.6402865 42.8415906
v 28.0489697 8.2362978 41.0969530
v 29.1730833 8.5095992 41.7103901
v 29.8494920 8.3649837 40.6945607
v 28.7447836 8.7597872 40.3076451
v 28.9610126 9.1296032 41.0153489
v 29.3879263 8.6376605 42.4124660
v 30.2237345 7.5972408 41.1532316
v 30.1475000 8.7416712 39.8785205
v 28.4939025 8.6926332 38.8429937
v 28.8029991 9.7908366 37.9875585
v 28.1016409 9.2101881 38.2028242
v 29.2312989 9.4303910 39.3917104
v 28.5299407 8.5383349 39.6055692
v 30.6354013 8.9643729 38.9625858
v 29.7192002 9.9282682 38.4757756
v 29.9326570 9.8170735 39.1764446
v 30.2057155 9.4984821 37.5584339
v 29.5043573 9.6977579 37.7736997
v 31.1219166 8.4630599 38.0466510
v 31.6098179 8.3609232 37.1293093
v 30.6936168 8.3478048 36.6424991
v 30.9070736 9.1836388 37.3445751
v 31.3769559 7.9002150 38.6938553
v 33.0111482 7.2317977 37.5992359
v 32.4497844 7.1399684 37.9242450
v 33.0125343 7.9189557 36.7015917
v 32.0963332 7.7602847 36.2133745
v 32.3111761 8.1369722 36.9154505
v 33.9287354 6.9966022 37.1884019
v 34.4152507 6.3328701 36.2724671
v 33.5004356 6.9812974 35.7898778
v 33.7138925 7.2458532 36.4863259
v 34.1435783 6.1704509 37.8890708
v 34.9890892 5.8662273 36.8380674
v 34.8393922 5.9377542 36.2232233
v 30.7948009 6.6564590 34.4082374
v 29.8287008 6.0517600 32.5974723
v 30.9056876 6.6042975 33.2010607
v 31.7248628 6.9375691 32.4905429
v 30.9153901 6.4881053 32.3385906
v 31.0235047 6.7582834 32.7058087
v 31.2896327 6.4740498 31.0329263
v 30.0587906 6.0030342 31.5323992
v 30.2985830 7.2936419 35.4184388
v 30.0560185 6.7495377 34.6460146
v 31.1801321 7.5472657 35.7265644
v 30.4787739 7.6181679 35.9418301
v 32.7311594 6.8360572 35.4001483
v 31.8454521 6.6280357 35.0582556
v 31.5474442 7.5363336 35.6238559
v 32.6729439 6.4887300 33.9369038
v 31.8302052 6.5305842 33.5936042
v 33.3937072 6.4821708 33.5035583
v 32.6410639 6.9684912 32.9787601
v 32.8559069 6.6964391 33.6794291
v 33.8261652 6.2522852 34.9639889
v 33.8802225 5.9602430 34.0987049
v 34.5649477 5.6703873 34.3716563
v 34.7825628 5.7194254 33.0913173
v 34.0451664 6.3534848 32.5496355
v 34.2600093 6.1457757 33.2503045
v 32.2127642 7.4460661 31.5746082
v 32.6992794 6.8804101 30.6586734
v 31.9979213 7.3745392 30.8739392
v 33.1289653 6.8622941 32.0614184
v 32.4276071 7.3023876 32.2766841
v 34.8172148 5.6844428 31.5774221
v 33.6154806 6.6017987 31.1454836
v 33.8303235 6.6845700 31.8475596
v 34.0465525 6.2404161 30.0494572
v 33.4741001 6.4312586 30.6164644
v 27.2256362 7.8033882 45.3755361
v 27.7121515 8.4902339 44.4596013
v 27.0107933 8.7469811 44.6734601
v 18.0026374 -0.3787896 -25.0979757
v 19.8170206 -0.1823249 -23.7107074
v 19.1863526 -0.4378227 -26.0110965
v 18.8231988 0.0594298 -21.7128159
v 20.9411342 0.1144025 -22.5640302
v 20.6251072 0.1328308 -22.0715922
v 21.9515890 0.6019723 -22.0631504
v 22.3854331 0.2224737 -23.1549559
v 21.4817067 0.1603171 -22.9734573
v 23.3543054 0.5532465 -22.4922750
v 23.9932898 0.0812939 -23.3688147
v 22.9260056 0.1468863 -23.8950199
v 23.1408485 0.4517346 -23.1929439
v 23.4319260 0.1178382 -24.8095477
v 22.5919595 -0.0533266 -24.3663534
v 19.3013976 0.4760974 -19.8429583
v 19.8835526 0.4751604 -20.6941726
v 19.5411900 0.5229491 -20.3227336
v 19.8184067 0.9789722 -18.3107725
v 20.4906571 1.0186399 -19.3139391
v 19.6978174 0.7631421 -18.7792921
v 21.4068582 1.4868444 -18.8271289
v 21.8933735 1.4743506 -19.7430637
v 20.9771724 1.0202016 -20.2298739
v 21.1920153 1.4649803 -19.5292049
v 21.4650737 0.7984370 -21.1472156
v 21.0450905 0.5935390 -21.0346583
v 19.9431542 1.0654916 -17.1894207
v 20.9189569 1.0048968 -17.9111942
v 20.5003597 1.0189523 -17.4736278
v 21.8005059 0.4817196 -17.4778487
v 21.4456685 0.8637170 -18.0715883
v 23.5511292 0.3039956 -18.7145717
v 22.8095746 1.0136424 -19.2562535
v 22.8497710 0.5463750 -18.5007129
v 24.2275379 -0.0705055 -18.4458412
v 25.1174034 0.0135152 -19.4841820
v 24.2136770 0.4564197 -19.6853781
v 24.1499172 0.0972235 -18.9621977
v 22.3812748 1.1769986 -20.6589985
v 22.8677901 1.0345695 -21.5763402
v 22.1705902 1.0227004 -21.3610744
v 23.3154950 0.5994735 -20.1792231
v 22.5947317 0.9630426 -19.9583295
v 24.4881215 0.0328805 -20.4817208
v 23.8172572 0.3495979 -20.3536869
v 23.7271618 0.2755722 -21.8281871
v 25.3571958 -0.2654085 -21.2949470
v 25.7563878 -0.3762908 -22.3149973
v 25.7924260 -0.2457308 -20.3269545
v 27.2907821 -0.5084126 -22.4669496
v 25.8769771 -0.2385469 -18.9481280
v 26.5325945 -0.1788891 -19.6276925
v 25.8312363 -0.0489537 -19.4124267
v 27.5139416 -0.4828003 -19.3997640
v 30.8945989 -0.7570388 -19.4138337
v 27.1147495 -0.2882097 -24.0399374
v 27.4626565 -0.3959685 -23.4841859
v 24.2303100 0.0887902 -24.7462342
v 24.7833573 -0.1629595 -23.4588605
v 26.6490255 0.0681755 -24.2664589
v 25.6843115 -0.1523398 -24.2861564
v 26.0433071 -0.0876845 -25.2949509
v 25.3433350 0.0381904 -25.4004733
v 26.9290144 -0.2616604 -25.0290344
v 21.6064542 1.0757990 -14.0926889
v 21.3569592 1.0080202 -14.8313460
v 21.4650737 1.1395173 -12.8475241
v 22.2066283 0.8802713 -13.7015524
v 21.2696360 1.3331709 -13.5875882
v 23.3681662 0.0385027 -15.6136190
v 28.5812257 -0.5699445 -14.0195267
v 32.1767260 -0.6108616 -11.9062640
v 32.8559069 -0.6499047 -12.3536791
v 34.8587973 0.5594934 0.0768640
v 35.3453126 0.8899540 -0.8390707
v 34.6439544 0.4832814 -0.6252119
v 35.8151949 0.3745855 0.6734175
v 35.2704641 0.5170146 0.4356403
v 37.2733546 0.1003469 -0.0356932
v 36.2615137 0.5997859 -0.3522606
v 36.4541793 0.3674015 -0.0033330
v 35.8332140 0.4757851 -1.7550055
v 36.0466708 0.7953136 -1.0543365
v 35.5213452 -0.0561377 -2.7792766
v 35.6765865 0.1862417 -2.2769898
v 28.9485378 2.5941058 11.1229528
v 29.5001990 2.3114340 10.1549603
v 28.6990428 2.3582857 10.2239016
v 29.9021632 2.1305865 12.1233055
v 33.7956714 1.6199032 11.4718803
v 34.1726861 1.0757990 8.6509138
v 30.0934427 2.5978540 13.7680486
v 30.4385775 2.4245027 13.2882732
v 29.7663270 2.7540262 13.5232365
v 30.8211365 2.3092476 14.3519394
v 31.7317933 1.9747266 12.4159544
v 30.9943969 3.3765289 18.3702338
v 32.6119562 2.8577246 18.0058297
v 34.8879051 2.2445923 15.5844415
v 37.5533434 1.8610332 12.6818709
v 36.8284218 1.4290607 10.9822562
v 37.8998643 2.9461181 15.6083599
v 38.6608240 4.0933597 15.0258760
v 37.7709585 2.7662077 14.7740291
v 38.4293481 2.8058754 13.6526774
v 37.5408687 2.3620338 14.0719532
v 39.1487254 3.5414468 14.1099413
v 40.1605662 2.7293510 13.0209497
v 38.3628161 2.0072104 12.6452898
v 39.1043707 2.9620477 13.4979111
v 39.5770251 4.4750447 15.5126862
v 40.0649265 4.2432850 14.5967514
v 39.6865257 4.0174599 14.7008669
v 40.9811276 4.3204342 15.0835616
v 41.3983387 3.3915215 13.8496526
v 40.5514418 3.7010549 13.6808167
v 40.7662847 4.1008559 14.3828926
v 38.4335064 1.6564475 11.6449371
v 41.3525979 1.9622328 11.7251342
v 40.6928223 1.5018369 10.3927375
v 39.5340566 1.3893929 9.5485580
v 39.9346347 0.6713128 6.5995576
v 31.5862545 3.9718576 19.4901786
v 32.4664174 4.0599388 21.1419565
v 32.6854186 3.4280658 19.6336891
v 31.8010974 4.2211086 20.1922546
v 32.7103681 4.7602153 23.2749167
v 34.1006097 4.2654615 23.6027398
v 35.8650939 3.3627858 20.4258109
v 35.6641118 3.8822147 23.4564153
v 37.6933378 4.7068044 22.7374558
v 37.2927597 4.2701467 21.8018235
v 36.7106047 3.6994932 20.9337256
v 37.1791009 3.7903855 20.2752656
v 36.1658740 3.4692953 19.4310861
v 36.5941737 3.6323391 20.4328457
v 35.8942016 3.0807386 18.5193722
v 33.3036118 5.3849044 25.1039723
v 33.5503346 4.8582915 24.2541649
v 33.0513446 5.1959359 24.3779779
v 33.7319116 5.4614288 26.5067172
v 34.2198129 5.5045323 25.5907825
v 33.5170686 5.6141653 25.8060483
v 35.4187750 4.7283561 26.3350674
v 34.4900992 4.3947722 24.4258148
v 35.1872991 4.5790554 25.4965158
v 34.2821867 5.2284198 27.6491735
v 34.4291115 5.1500213 26.9780508
v 33.7762662 5.4248845 27.2805484
v 34.4138646 6.0120922 29.3586370
v 34.7742463 5.5048447 28.4638067
v 35.9939996 5.8727866 28.8844895
v 36.1256775 5.2949491 28.0614145
v 35.5255034 5.0316427 27.3494898
v 35.6045102 5.4529955 28.2597967
v 36.1409245 5.0054057 26.9062955
v 36.9670302 5.0756833 27.0526200
v 37.4549315 4.7461598 26.1366852
v 36.5969459 4.7920744 25.9706633
v 36.7535733 5.0763080 26.3505440
v 37.3759247 4.7983213 28.1894484
v 37.7071987 4.5621888 27.6435456
v 37.1818731 4.8064423 27.7532890
v 38.7994324 3.9834144 28.0262403
v 39.2873337 3.8822147 27.1103056
v 38.3752909 4.5612518 26.6277163
v 38.6400328 4.1074152 27.5731973
v 39.0087310 3.9253183 25.8032343
v 37.9414468 4.7808300 25.2193435
v 38.1424289 4.5659370 25.8989080
v 37.0252457 4.7036809 24.7325333
v 36.3779447 4.3854018 25.0392519
v 38.4944940 4.5946727 24.4680237
v 37.6378945 4.7773942 24.1402007
v 37.7279899 4.7748955 24.5186745
v 37.7834333 4.6743205 23.6787159
v 38.9158634 5.1856286 23.3874740
v 39.4037647 5.9639912 22.4715392
v 38.4875636 5.1768829 21.9847290
v 38.7010205 5.6197875 22.6853980
v 39.3746570 4.2891997 24.5031979
v 40.0981925 4.1811285 23.9516673
v 38.9144773 4.7183611 23.9615160
v 40.3199658 4.8329916 22.9583494
v 40.8064811 5.2287321 22.0424146
v 39.8902800 5.9130790 21.5556045
v 40.1051229 5.6432133 22.2562734
v 39.5437591 3.5976689 26.0185001
v 40.5888660 3.1363360 25.2995406
v 39.8168176 3.5367617 26.9358418
v 41.3165598 4.9860404 20.8872957
v 42.3880022 4.4575534 20.5707284
v 38.2242078 3.3749672 17.5978096
v 39.2720868 4.7480338 18.8373465
v 39.5188096 4.9916626 17.8327729
v 38.7744829 3.9571774 17.2910910
v 39.1362506 4.4613015 18.0986894
v 39.0905099 4.2195469 16.4286210
v 38.9435850 3.9821650 16.7395604
v 37.5367104 4.0302661 20.2147660
v 38.4057847 4.1383373 19.8770942
v 38.9324964 5.1690743 21.2896879
v 38.3253919 4.8954605 21.6822314
v 40.3781813 5.7606549 20.6396697
v 39.2374347 4.8914000 20.1767779
v 39.5853416 5.2940121 20.7719245
v 39.9484955 5.5804321 19.2355178
v 39.1612001 4.8979592 19.5140970
v 40.8646966 5.7266093 19.7223280
v 41.3512119 5.7897029 18.8063932
v 40.4350108 5.3758464 18.3195830
v 40.6498537 5.6294702 19.0216590
v 41.7808977 5.1593916 20.2105451
v 41.0795395 5.4782954 20.4244039
v 43.0186702 4.2848269 19.5872593
v 42.2674130 4.9829169 19.2946104
v 42.4822559 4.6696354 19.9952794
v 42.7553143 4.5784307 18.3772686
v 41.7531760 4.8098781 17.7877500
v 42.0539561 5.3068182 18.5925344
v 40.0067110 4.9444986 16.9168381
v 40.4932263 4.8167496 16.0009033
v 39.7918681 4.8679741 16.2147622
v 40.9229121 5.0613154 17.4036483
v 40.2215539 5.2955738 17.6175071
v 42.3907744 4.4153869 17.2742074
v 41.8072333 4.3516686 16.9885934
v 41.9943545 3.7897608 15.5506743
v 41.2943824 4.2539048 15.6604176
v 35.0195830 6.1279721 30.7163590
v 35.5060983 6.0427020 29.8004243
v 34.8047401 6.6096074 30.0156900
v 35.9732084 5.2687122 31.3832608
v 35.0875011 5.6682009 31.1173443
v 36.4222994 5.3839673 30.2872344
v 36.6371423 5.0044687 30.9893104
v 37.0806890 4.6499577 29.3108001
v 36.2074565 5.3973982 29.5865655
v 37.7335343 4.1211583 29.5893794
v 38.3447970 3.9862255 28.7888158
v 37.8818452 4.1855013 29.1264876
v 39.0142753 3.5914220 28.7283163
v 32.4137463 -0.8398101 -21.5819681
v 40.4017447 -0.7967066 -23.6699054
v 41.0795395 -0.7108118 -22.3740898
v 41.9486138 -0.8092004 -21.8253731
v 42.3977048 -0.7279908 -22.9439110
v 41.3567562 -0.8407472 -23.4110236
v 41.8751514 -0.6917588 -22.7961796
v 41.0379570 -0.8716693 -24.1764131
v 33.2329215 -0.7629734 -15.8260708
v 34.3722821 -0.6836379 -16.3424273
v 34.3514908 -0.7404846 -18.5175965
v 35.5767885 -0.6524034 -9.9632442
v 34.5302956 -0.5933703 -9.9322909
v 37.2345442 -0.5049768 -9.0895184
v 36.8977260 -0.7183081 -10.6920525
v 37.6836353 -0.6283529 -10.2094632
v 39.0087310 -0.6995674 -10.0195228
v 38.1452010 -0.7495426 -12.3438304
v 39.9886919 -0.8582385 -12.9713371
v 41.8113915 -0.9216444 -14.7173817
v 45.5011455 -0.8423089 -10.2010214
v 44.6819702 -0.8191954 -13.9069694
v 43.8558645 -0.8195077 -14.2910711
v 43.8004212 -0.8535533 -15.2210755
v 43.0380753 -0.8838507 -16.6153787
v 41.2042870 -0.8598002 -16.2256491
v 42.7317509 -0.8741680 -18.3586093
v 41.2500278 -0.7823387 -19.1507311
v 41.2389391 -0.4031525 -2.8932409
v 39.4938601 -0.1657706 -0.1102624
v 45.2322453 -0.4346993 -1.7521916
v 45.9058818 -0.4428202 -2.2601062
v 46.3383398 -0.1489040 -0.0202166
v 47.0563310 -0.3775402 -0.6589791
v 46.4977394 -0.4065883 -1.3709038
v 47.2115724 -0.2494789 0.5904065
v 45.8615272 -0.6370985 -4.3958804
v 39.5673226 0.4158149 4.9702912
v 39.6879118 0.6322697 5.6611114
v 40.2880859 0.9899042 7.8165831
v 40.6429233 1.3350450 8.9491906
v 42.9438217 0.8240493 6.4194660
v 43.5329071 0.8846441 5.8637145
v 43.5010272 1.5202653 8.7128203
v 43.9612068 1.4724766 7.2678664
v 45.0645292 1.5980391 8.2555564
v 44.2730756 1.0514361 6.4250939
v 44.5197984 1.3300474 7.4972018
v 45.9654834 0.5685514 5.9228071
v 41.2015149 1.7395311 10.7529208
v 41.2541860 1.3172413 9.6850337
v 40.9312286 1.4859074 9.9242179
v 42.8897644 2.4160694 12.1190846
v 43.9528903 2.5603726 10.2759594
v 42.7885803 1.4412421 9.5246396
v 41.7642647 2.8877097 13.3248543
v 42.3311728 3.2191073 14.4208807
v 41.7753534 3.2119233 13.6962933
v 43.7879464 3.8060027 14.2253125
v 44.2744617 3.9384368 13.3093777
v 43.2958868 3.2378479 13.8721640
v 43.8461619 3.2231678 11.9066328
v 44.7623630 4.0661857 12.3934429
v 45.2488783 3.9243813 11.4775082
v 44.3188164 3.2937576 10.7754322
v 44.5475201 3.7847633 11.6913670
v 45.1906628 4.3819660 13.7975948
v 45.6785641 4.5977961 12.8802531
v 44.9758199 4.3985203 13.0955189
v 46.5933792 3.7454078 13.3684703
v 47.3099843 2.8911455 12.5735346
v 46.1650794 3.7197956 11.9643184
v 46.3799223 3.7532165 12.6663943
v 46.6515947 3.0173327 11.0483836
v 45.7353936 3.1975555 10.5615734
v 45.9502365 3.5430086 11.2636494
v 43.8724975 2.1789999 9.4965003
v 44.3908927 2.1412062 8.6706113
v 44.8191925 3.4905347 10.0747632
v 46.0223128 2.6712549 10.0241125
v 45.5177785 2.4644828 9.3951987
v 45.6716337 2.7449682 9.7793004
v 44.7873125 1.8076223 8.4117296
v 47.0591032 2.1983653 9.0139110
v 47.1977115 2.0827978 7.8123622
v 46.6890189 1.8110580 8.0656160
v 47.5844288 2.3005020 9.3403271
v 47.0147485 2.2889452 9.5668486
v 49.3308938 2.0003388 8.9787369
v 48.1139126 2.5959799 8.3005793
v 48.3273695 2.3551622 9.0012483
v 48.6004279 2.6097231 7.3832376
v 47.6842268 2.1405815 6.8964274
v 47.8990697 2.4857223 7.5985034
v 47.4125544 2.5260147 11.3846484
v 47.5137385 2.3173686 10.5939336
v 50.4841152 1.0767360 10.9653726
v 50.5256977 1.2550847 9.6934755
v 49.0689241 2.5906700 7.6336775
v 50.0045304 2.7187313 6.9555200
v 49.0883292 2.4960296 6.4673028
v 49.3017861 2.7053005 7.1693788
v 49.6441487 2.1889949 8.4342411
v 50.9207315 2.3504771 7.4423302
v 50.8098448 1.6267748 8.3470092
v 51.4072467 2.4957173 6.5263954
v 50.4910456 2.6415822 6.0381783
v 50.7058885 2.6759401 6.7402542
v 47.0452424 0.9708512 6.0255156
v 47.9060001 1.7816977 6.2829903
v 47.6315556 0.7531471 5.2671610
v 48.8901193 0.7325323 4.0163684
v 49.5498950 1.9844093 5.3346953
v 50.9747887 2.4273138 5.1123947
v 49.8742385 1.5012123 4.4286093
v 50.5187673 2.2867588 5.5049382
v 49.7883013 0.8377924 2.8598424
v 42.7248205 3.7354128 15.7574983
v 43.3000451 3.8222446 15.1426542
v 43.2418296 4.2720207 17.4613339
v 43.7297309 3.8288038 16.5453991
v 43.0283727 4.3663488 16.7606649
v 44.8843384 2.9739168 16.5242946
v 43.7616108 4.0474450 15.3804314
v 44.4310891 3.2978181 16.3315403
v 44.7041475 3.9612379 14.7135296
v 44.0014033 4.1117880 14.9273884
v 44.1067456 3.2490923 18.0480386
v 43.3748936 4.1552039 17.8566913
v 44.0471440 3.5320765 19.3213427
v 44.0679353 3.4315016 19.7870484
v 45.8601411 2.3070612 16.2372736
v 45.6161904 2.9501786 15.1187358
v 46.1068639 3.7241684 14.2844050
v 45.4055057 3.6064145 14.4982638
v 46.8276273 2.7415325 14.7444829
v 46.8082221 3.2337875 14.0691393
v -32.6226716 9.9229583 10.9034661
v -35.0386150 14.2167588 26.2844166
v -34.3705228 14.8392615 25.8454433
v -34.1265721 14.9301538 25.3867724
v -34.4772512 14.3919841 25.4951088
v -33.6677785 15.2437477 25.6315845
v -33.4252139 15.1394246 25.1729136
v -33.8826214 15.0963211 24.9295085
v -33.7758930 15.3065290 25.2798430
v -33.6386708 14.7511804 24.4708377
v -33.1812632 15.3130882 24.7142428
v -32.9373126 15.2815414 24.2569789
v -33.3961062 14.6131241 24.0135738
v -33.2879917 15.2162614 24.3639083
v -32.9664203 14.7536791 25.4163187
v -32.7224697 14.8667479 24.9576479
v -33.0731487 15.0944470 25.0659842
v -32.4799051 15.1528555 24.5003840
v -32.3717906 14.8330146 24.8507185
v -32.2359544 15.0819532 24.0417131
v -32.6933619 15.0007437 23.7983080
v -32.5866335 15.2587403 24.1500495
v -32.9109770 14.7596137 23.0920112
v -32.4507973 15.1484826 23.3410441
v -32.6642541 14.8167727 22.6389682
v -32.2068466 15.4042928 22.8823732
v -31.9628960 15.6557302 22.4237024
v -32.4216896 14.8892367 22.1802973
v -32.3135751 15.1081902 22.5320388
v -31.9920037 15.2934105 23.5844492
v -31.7480530 15.2968463 23.1257783
v -32.1001182 15.5345405 23.2327077
v -31.2906455 14.7024546 23.3691834
v -31.0466949 14.4934961 22.9119195
v -31.5054884 15.0160485 22.6685144
v -31.3973739 14.8111505 23.0188489
v -31.2615378 14.9417105 22.2098436
v -31.7203314 15.3243326 21.9664385
v -31.6122169 15.1869010 22.3167730
v -31.7771608 14.7571149 24.2851182
v -31.5345962 14.6755930 23.8278543
v -31.8852753 14.9226575 23.9347837
v -31.3433167 14.3213943 24.4933491
v -30.8651179 13.6520399 24.8577533
v -31.0758026 14.2845376 24.0712594
v -30.9690742 13.9715684 24.4215939
v -30.3744444 13.7975925 23.8574006
v -29.7493208 12.8296367 24.0346783
v -30.2677160 13.4143457 24.2077351
v -31.0175871 15.1740949 21.7511727
v -30.9108587 14.7942839 22.1029142
v -29.8588214 14.4147853 21.7807190
v -30.3176150 14.9888746 21.5373139
v -32.1486311 15.0222954 20.5636935
v -31.9046805 15.1197469 20.1050227
v -32.1195234 15.0304164 19.4029467
v -32.5783170 14.5038035 19.1595416
v -32.4702025 14.6993312 19.5098761
v -32.6351464 14.5512799 21.4796283
v -32.3925818 14.8333270 21.0209574
v -32.1777389 15.2521810 21.7230334
v -32.5284180 14.7920975 21.8299628
v -31.4763807 15.2877883 21.5077676
v -31.9337882 15.1141247 21.2643625
v -31.8270598 15.2000195 21.6161040
v -31.6912236 15.3674362 20.8070986
v -32.0419027 15.1269309 20.9140280
v -31.2324300 15.6541685 21.0505037
v -30.9884794 15.6282439 20.5918329
v -31.4472729 15.4177236 20.3484278
v -31.3391584 15.5663996 20.6987623
v -30.7750225 15.3624387 21.2939088
v -31.1257016 15.4767568 21.4008382
v -30.0722782 14.7386866 21.0786430
v -30.5310718 15.0091770 20.8352380
v -30.4229573 14.9963708 21.1869794
v -30.2871212 14.9142242 20.3779741
v -30.7459148 15.3924237 20.1345690
v -30.6378003 15.2022059 20.4849035
v -31.6621159 15.3443227 19.6463518
v -31.4181652 15.7463101 19.1890879
v -31.8755727 15.1044421 18.9456828
v -31.7688443 15.3333906 19.2960173
v -31.2033223 15.6422994 19.8897569
v -31.5540014 15.3983583 19.9980933
v -30.5019641 15.1609764 19.6758981
v -30.9593716 15.6888387 19.4324930
v -30.8526432 15.5617145 19.7828275
v -30.7168070 15.1993948 18.9738222
v -31.1742145 15.8846787 18.7304171
v -31.0674861 15.8815553 19.0821585
v -32.7626661 13.7320001 17.2981258
v -33.0357245 14.2836006 18.9161366
v -32.3343663 14.5228565 18.7022777
v -32.8749388 13.6561004 18.3195830
v -32.6850454 14.2048898 18.8092072
v -32.0904156 14.4213445 18.2436069
v -31.8464650 14.7143237 17.7849360
v -32.3052586 14.2732932 17.5415309
v -32.1985301 14.3454448 17.8932724
v -31.6330081 15.1928356 18.4870120
v -31.9836872 14.7168225 18.5939414
v -30.9302638 15.0351016 18.2731532
v -31.3890574 15.3496325 18.0297481
v -31.2823290 15.5470343 18.3800826
v -31.1451068 14.7511804 17.5710772
v -31.6039004 14.7618001 17.3276721
v -31.4957859 14.9645117 17.6780066
v -32.5201015 13.6648460 16.8408619
v -32.2761508 13.6436066 16.3821911
v -32.6268299 13.2619216 16.4891205
v -32.0613079 14.2348748 17.0842670
v -32.4119870 14.1661590 17.1911964
v -31.3599497 14.6562276 16.8690013
v -31.8173572 14.2108243 16.6255962
v -31.7106288 14.4407099 16.9759307
v -31.5747926 13.9768782 16.1683323
v -32.0322001 13.3699928 15.9235202
v -31.9254717 13.7254409 16.2752617
v -31.5318240 13.1254270 15.3283737
v -37.3214943 15.2318786 32.5017987
v -37.0775436 15.3315165 32.0445348
v -36.8349790 15.3062166 31.5858639
v -37.1856581 15.0166732 31.6927933
v -36.8640868 15.3955472 32.7452038
v -36.6201361 15.7447484 32.2879399
v -36.9708152 15.4224088 32.3948693
v -36.1613425 15.8518826 32.5313449
v -35.9187779 15.7113275 32.0726741
v -36.3761854 15.3237079 31.8292690
v -36.2694570 15.7719224 32.1810105
v -36.4842999 14.9023551 31.4789345
v -35.7995747 14.9648240 31.2538200
v -35.1869259 14.8123999 30.1338752
v -35.1592042 14.8970453 29.5387286
v -35.6748272 15.2409366 31.6154102
v -35.4599843 15.9340292 32.3160792
v -35.2160336 15.6235587 31.8588153
v -35.5680988 15.5707725 31.9657447
v -34.7586261 15.9021700 32.1022204
v -34.5146755 15.5688984 31.6435495
v -34.9734690 15.7128892 31.4001444
v -35.0801975 15.2621761 31.0498099
v -34.1556799 15.3383881 31.4718997
v -33.6539177 14.9239069 30.6614874
v -34.4703208 15.2334404 30.6910336
v -34.0572679 15.6010699 31.8869546
v -33.3559098 15.4295927 31.6730958
v -32.6808871 15.1875257 31.4606439
v -34.7004106 15.5251702 29.7821337
v -34.4564599 15.5960724 29.3248698
v -34.9152535 14.7892864 29.0814647
v -34.8071390 15.3271437 29.4317992
v -34.2430031 15.3677485 30.0269458
v -34.5936822 15.3493202 30.1338752
v -33.5402588 15.1209963 29.8116800
v -33.9990524 15.3618140 29.5682749
v -33.8923240 15.1550419 29.9186094
v -33.7551018 15.4733210 29.1096040
v -34.2138954 15.3974212 28.8661989
v -34.1057809 15.4617642 29.2179404
v -34.8861458 14.8858009 27.9207179
v -34.6713029 15.0191720 28.6227939
v -33.9699447 15.5560923 28.4089350
v -34.4273522 15.2890377 28.1655300
v -34.1847876 15.7678619 27.7068591
v -34.6421951 15.5129887 27.4634540
v -34.5354667 15.3055919 27.8137885
v -35.1009887 14.8042789 27.2200489
v -34.3982444 15.6410500 27.0047831
v -34.8570380 14.8192715 26.7613781
v -34.7503096 15.3436980 27.1131195
v -34.6130874 15.0579027 26.3041142
v -35.3033569 15.5392257 35.3382418
v -35.2271223 15.2053293 34.9105242
v -35.0441593 15.2481205 34.0846352
v -36.4052932 15.5501577 32.9886088
v -36.7559723 15.2662365 33.0969452
v -35.9478857 15.2990327 33.2334209
v -35.7039350 15.7731717 32.7747500
v -36.0546141 15.4705099 32.8816794
v -35.5473076 15.2752945 35.7955057
v -34.6311065 15.7256954 36.2823159
v -35.0899001 15.5495330 36.0389108
v -34.9817855 15.4442729 36.3906522
v -34.8459494 15.7990963 35.5816469
v -35.1966285 15.5248578 35.6885763
v -34.3871558 16.0299190 35.8250520
v -34.1445912 16.0314807 35.3663811
v -34.6019987 15.7509953 35.1229760
v -34.4952703 16.0789570 35.4747175
v -34.1736989 15.8453233 36.5271279
v -33.9297483 16.1286198 36.0684571
v -34.2804274 15.9156008 36.1753865
v -33.4709547 16.6455501 36.3118621
v -33.2283901 16.0767706 35.8545983
v -33.6857976 16.0748966 35.6097862
v -33.5790692 16.3825559 35.9615277
v -33.9006405 15.8571924 34.9091172
v -33.7939121 16.0252338 35.2594517
v -33.7149053 16.2679255 36.7705330
v -34.0655844 15.7022695 36.8774624
v -32.7987042 16.5662145 37.2573432
v -33.2574978 16.3613165 37.0139381
v -33.1493833 16.1967109 37.3642726
v -33.0135472 16.6364921 36.5552672
v -33.3642263 16.6877166 36.6621966
v -32.5547536 16.8529468 36.7986723
v -32.3121890 16.4444002 36.3414084
v -32.7695965 16.2866662 36.0980033
v -32.6628681 16.6936511 36.4483378
v -32.3385246 16.8017223 37.5021552
v -32.0973460 16.9079195 37.0420774
v -32.4480251 16.8288963 37.1504138
v -31.6399385 16.9906908 37.2868895
v -31.3959879 16.3991102 36.8282186
v -31.8533954 16.4122287 36.5848135
v -31.7466670 16.7470620 36.9351480
v -32.0127950 15.9527699 36.0557944
v -33.0870096 15.2649872 34.9372565
v -35.2451414 15.9271576 33.0181551
v -35.0025768 16.1935875 32.5608912
v -35.3532559 15.9371526 32.6678206
v -34.8182277 15.5454726 33.8581137
v -34.7877339 15.9718229 33.2615602
v -35.1384130 15.7341287 33.3684896
v -34.3289403 16.2032702 33.5049653
v -34.0863757 16.2716736 33.0477014
v -34.5437832 16.3185253 32.8042963
v -34.4370548 16.3182130 33.1546308
v -34.3012186 15.9574550 32.3456255
v -34.6518977 16.0998841 32.4525549
v -34.5423971 15.4583284 34.7613858
v -33.6566898 15.4133508 34.4504463
v -33.8715328 15.7228843 33.7483704
v -34.2222119 16.0055561 33.8567068
v -33.4141253 15.5323541 33.9931825
v -33.1701746 15.2396872 33.5345116
v -33.6275821 15.7388138 33.2911065
v -33.5208537 15.5717095 33.6414410
v -33.8424250 15.9568303 32.5890305
v -33.5984743 15.7575545 32.1317666
v -33.9491534 15.8109654 32.2386961
v -33.3850175 15.5492207 32.8324356
v -33.7356966 15.8528196 32.9407720
v -32.6822732 15.1525431 32.6185768
v -33.1410668 15.4498951 32.3751717
v -33.0329523 15.4152249 32.7255062
v -32.8971162 15.3777435 31.9165009
v -33.2477952 15.6829042 32.0234303
v -32.3828792 14.9626376 32.3371837
v -32.1957580 14.7174472 31.7026421
v -32.5464371 15.0176103 31.8095715
v -32.1361564 14.6740313 33.1124218
v -29.8324858 13.8763033 32.4947638
v -29.9641637 14.0637100 31.1300070
v -30.8318519 15.0194843 35.8799236
v -30.9371943 15.8137765 37.0716237
v -31.0453088 15.8365777 36.7212892
v -29.6218011 14.4307149 36.3062343
v -28.9107404 14.1789652 35.3340209
v -28.7818346 13.8997291 34.1690532
v -28.5309535 13.9809387 33.6512898
v -28.8996517 13.8132097 33.6076738
v -28.5600613 14.0193571 34.8106296
v -28.3161106 14.2439328 34.3519587
v -27.8587031 14.3257671 34.5953638
v -27.6147524 14.3732435 34.1380999
v -28.0735460 14.1758417 33.8946948
v -27.9654315 14.2270662 34.2450293
v -27.8295953 14.1474184 33.4360240
v -28.2870029 13.7694815 33.1926189
v -28.1802744 13.9159710 33.5429534
v -28.2218569 13.9284648 35.6280768
v -28.1026538 14.1496048 35.0540347
v -28.4533329 14.0943198 35.1609641
v -27.3306053 13.6386091 35.5309961
v -27.6438602 13.9581376 35.2974398
v -27.3999095 14.2201946 34.8387689
v -27.7505886 14.1961441 34.9471053
v -26.9425020 13.9393969 35.0835810
v -26.6985513 13.9000415 34.6249101
v -27.1573449 14.1980182 34.3815050
v -27.0492304 14.2170712 34.7318395
v -25.8807621 13.2010144 35.1862895
v -26.2411438 13.5408452 34.8683152
v -25.8641291 13.2131958 34.2858313
v -26.4546006 13.7488667 34.1662392
v -26.3478722 13.5886340 34.5179807
v -27.3708017 14.5375367 33.6794291
v -27.1282372 14.0293521 33.2221652
v -27.5856447 13.8044640 32.9787601
v -27.4789163 14.1324258 33.3290946
v -26.9133942 14.5131738 33.9228342
v -27.2640733 14.5169220 34.0311705
v -26.2120360 13.7738543 33.7089754
v -26.6694436 14.2576760 33.4655703
v -26.5627151 14.3117116 33.8159048
v -26.4254929 13.6729670 33.0068994
v -27.0034897 13.2725413 32.6242047
v -26.7775581 13.9025402 33.1138288
v -29.3889391 14.1799022 30.8443929
v -29.7396182 14.2114490 30.9513223
v -28.1580971 13.1819614 31.3072847
v -28.9315316 13.6798386 31.0877980
v -28.6875810 13.9147217 30.6291271
v -29.1449885 14.1902096 30.3857220
v -29.0382600 14.0612113 30.7374635
v -28.9537090 13.5883216 32.2598005
v -28.5933273 13.5449057 32.8549471
v -28.5240231 13.2653573 32.4103459
v -27.8365258 12.8849217 31.9305705
v -27.7242530 13.1885206 32.4300434
v -26.6403358 13.0082978 32.3048234
v -27.1393258 12.5597710 31.6970142
v -27.3375357 12.4798108 31.2974359
v -28.2287874 13.3596854 30.8725322
v -27.9862228 13.5358477 30.4152683
v -28.4436303 13.7304384 30.1718632
v -28.3369019 13.7835370 30.5221977
v -26.8939891 12.3511249 30.8556486
v -27.5274292 12.7281247 30.6586734
v -27.5135683 12.7840344 30.0944801
v -27.6355437 12.9808115 30.3083389
v -34.1556799 15.5832662 26.5475192
v -33.9117292 15.5970094 26.0888484
v -34.2624083 15.3077784 26.1957778
v -33.9408369 15.4339656 27.2481882
v -33.6968863 15.5670243 26.7909243
v -34.0475654 15.5685861 26.8978537
v -33.2394787 15.0682101 27.0343294
v -32.9955281 14.9517056 26.5756586
v -33.3462072 15.2621761 26.6839949
v -33.2103710 14.9894993 25.8749896
v -33.5610501 15.3967966 25.9819190
v -33.7259940 15.3699349 27.9502642
v -33.4820433 15.1366135 27.4930003
v -33.8341085 15.2237577 27.5999297
v -33.5111511 15.0891372 28.6523401
v -33.2685865 15.0169856 28.1936693
v -33.6192656 15.1900245 28.3005987
v -32.5921778 14.9064156 28.5707361
v -32.9497873 14.8408233 27.2932111
v -31.5138049 14.5406601 27.6576153
v -30.9025422 14.0986926 27.0638757
v -33.2769030 15.1375506 29.3600440
v -33.0537436 15.1644122 28.8957452
v -33.4044227 15.2184478 29.0026746
v -32.5949500 14.9273427 29.1391503
v -32.7030645 15.0157362 28.7888158
v -32.5547536 14.9107884 31.1567393
v -31.6025143 14.5993809 30.0550851
v -31.0023402 14.5865748 29.8159009
v -31.7868634 14.8273924 29.5781237
v -30.3051402 14.4647604 30.3575827
v -30.7639338 14.3676213 30.1127707
v -30.5199832 14.5444083 29.6555068
v -31.0259036 14.6777794 29.2320101
v -31.8935918 14.8661232 28.9252915
v -30.7348261 14.8811157 28.9534308
v -31.2088666 14.8017802 28.4384813
v -30.9482829 14.6765300 28.2513549
v -30.4908754 14.7577396 28.4961669
v -30.2469247 14.8704960 28.0374961
v -30.7057183 14.5119244 27.7940910
v -30.5976038 14.6896485 28.1444255
v -30.2760325 14.9070403 29.1968359
v -30.0320818 15.0691471 28.7395720
v -30.3827609 14.9751314 28.8465014
v -29.5746743 14.7496186 28.9829771
v -29.3307236 14.2782907 28.5243062
v -29.7895172 14.7518051 28.2809012
v -29.6814027 14.6371746 28.6312357
v -29.5455666 14.3819891 27.8236373
v -30.0029741 14.4222816 27.5788252
v -29.8962457 14.6880868 27.9305667
v -30.0611896 14.6124994 29.8989119
v -29.8186250 15.1422357 29.4402410
v -30.1693041 14.7062028 29.5485774
v -29.6037821 14.5150479 30.1423170
v -29.9544612 14.4672592 30.2492464
v -28.9024239 13.9343994 29.9284582
v -29.3598314 14.5194207 29.6850531
v -29.2531030 14.2251921 30.0353876
v -29.1158807 14.2970314 29.2263822
v -29.4679459 14.8483195 29.3333116
v -28.5489726 13.7001410 29.8201218
v -27.8975134 12.8258886 28.8549432
v -28.7652016 13.8197689 29.1194528
v -28.6737201 13.3862347 27.5492789
v -29.3917113 13.7994665 27.1637703
v -29.1948875 13.8550639 27.7153009
v -28.8206450 13.6948311 28.3456216
v -27.9529568 12.6581595 27.3790361
v -30.3009820 13.7141965 26.6108327
v -30.0750504 13.0270385 25.6189218
v -30.4035522 13.3571866 25.0167404
v -30.4617677 14.5103627 27.3354201
v -30.8124468 14.2973437 27.4437565
v -29.7604095 13.9612610 27.1215613
v -30.1110886 14.0852618 27.2284907
v -29.2725081 13.3178312 26.2056266
v -29.6231872 13.5858229 26.3125560
v -29.0576652 13.4924318 26.9062955
v -28.3563070 12.8683674 26.6924367
v -28.8151006 13.2322488 26.4490316
v -28.7069861 13.1969539 26.7993661
v -28.2939333 12.4976144 25.9200125
v -29.0299435 12.9936176 25.7469557
v -28.9218290 13.0051743 26.0972902
v -28.7194609 12.2736634 25.1996460
v -30.4229573 14.0202941 41.8806329
v -29.9225812 14.4125989 42.8992762
v -29.6800166 14.7536791 42.4420123
v -30.0306957 14.2195699 42.5489417
v -30.1110886 14.7236940 41.0420813
v -29.9918854 14.5678341 40.2598083
v -32.5838613 15.9761957 37.9594191
v -31.7203314 14.1905219 39.7167195
v -31.4542034 14.9898116 39.1483053
v -30.5380023 15.1959590 39.6351155
v -30.9954098 15.1812788 39.3917104
v -30.7514591 15.6985214 38.9330395
v -31.2102527 15.8181493 38.6896344
v -31.1035243 15.5270442 39.0399689
v -32.1264538 16.1482975 38.2028242
v -31.8825031 16.7739237 37.7441534
v -31.6676602 16.0480349 38.4462293
v -32.0197254 15.7322546 38.5531587
v -30.9663020 16.0246091 38.2309635
v -31.4250956 16.6339933 37.9875585
v -31.3169811 16.3456993 38.3392999
v -31.1811449 16.4272212 37.5302946
v -31.5318240 16.8254605 37.6372240
v -29.2503308 15.1787801 43.8447572
v -29.7091244 14.6456079 43.6013521
v -29.6010099 14.6062525 43.9516866
v -29.4651737 15.0001190 43.1426813
v -29.8158528 14.5141109 43.2496107
v -29.0063801 14.6228068 43.3860864
v -29.2212231 14.7864753 42.6854174
v -29.1144946 14.6696584 43.0357519
v -28.7929233 14.6593511 44.0881623
v -28.8996517 14.6559153 43.7378278
v -27.1171485 14.9151613 42.0410270
v -23.6949086 14.4144729 44.4483456
v -24.1537022 14.8642491 44.2049405
v -24.0469738 14.3120239 44.5552750
v -22.7787075 13.6148709 44.9351558
v -23.2375011 13.9353364 44.6917507
v -23.1307727 13.2341229 45.0420852
v -22.9935505 14.4897480 44.2330798
v -23.4523441 15.1822158 43.9896747
v -23.3442296 14.5091133 44.3400092
v -25.9569967 15.4661370 42.0705733
v -26.4144042 15.2165737 41.8271682
v -26.3076758 15.0182350 42.1775027
v -25.2847463 14.6996435 43.0160544
v -25.0407956 15.2378132 42.5573835
v -25.4982031 15.2440601 42.3139784
v -25.3914747 14.9835647 42.6643129
v -25.2556385 15.6357401 41.8553075
v -25.7130460 15.4630136 41.6119024
v -25.6063176 15.4602025 41.9636439
v -24.8259527 15.4121014 43.2594594
v -25.1766318 14.7786667 43.3663888
v -24.3685452 15.6407376 43.5028645
v -24.1245945 15.8674998 43.0441937
v -24.5820020 15.4486457 42.8007886
v -24.4752736 15.7822297 43.1525300
v -23.9097516 15.8743714 43.7462696
v -24.2604307 15.3621263 43.8531990
v -23.2083934 15.1047544 43.5324108
v -23.6658009 15.9093540 43.2875988
v -23.5590725 15.6688487 43.6393402
v -23.4232363 15.4220965 42.8303349
v -23.8806438 15.6582289 42.5869298
v -23.7739154 15.8206481 42.9372643
v -24.7968449 15.6029440 42.1001196
v -24.5528943 15.5170492 41.6414487
v -25.0116878 15.7441237 41.3980436
v -24.9049594 15.6323043 41.7483781
v -24.3394374 15.7144510 42.3435247
v -24.6901165 15.5317294 42.4504541
v -23.6380792 15.1637875 42.1282589
v -24.0954867 15.5941983 41.8848538
v -23.9887583 15.5829539 42.2351883
v -24.3103297 15.1825282 41.1827779
v -24.2022152 15.3933608 41.5345193
v -30.7237374 15.8881145 37.7736997
v -30.8304658 15.8334542 37.4219582
v -30.5088945 15.5604651 38.4743686
v -30.2649438 15.4224088 38.0171047
v -30.6156229 15.6757202 38.1240341
v -29.3085463 14.6237438 37.7568161
v -30.2940516 15.3818040 39.1764446
v -30.0501009 15.3180857 38.7191807
v -30.4007800 15.4970592 38.8261101
v -30.0792087 14.7530544 39.8785205
v -29.8366441 15.1172482 39.4198497
v -30.1873232 15.1316160 39.5281860
v -29.3778505 14.9342143 39.6632548
v -29.5926934 14.9304661 38.9625858
v -29.4845789 14.9285921 39.3129203
v -28.4422442 14.5222318 39.5703950
v -29.8643657 14.6609128 40.5805965
v -29.6218011 14.8942342 40.1219256
v -29.6509089 14.8845515 41.2812655
v -29.4069582 15.1918985 40.8240016
v -29.7576373 15.0276053 40.9309310
v -28.9495507 15.2799797 41.0674067
v -28.7056000 15.2871636 40.6087358
v -29.1630075 15.1169358 40.3653307
v -29.0562791 15.2062664 40.7156652
v -29.2711221 15.1063161 40.0149962
v -29.4360660 14.8173974 41.9833414
v -29.1921153 15.0900742 41.5246706
v -29.5427944 14.7433718 41.6330069
v -28.9772724 14.9969955 42.2267465
v -29.3293376 14.9054786 42.3336759
v -28.2759142 15.0179226 42.0128877
v -28.7347078 15.2093898 41.7680757
v -28.6265933 15.0307287 42.1198171
v -28.4907571 15.5236084 41.3108118
v -28.8414362 15.3942978 41.4177412
v -28.0333496 15.4558297 41.5542169
v -27.7893989 15.1806541 41.0955460
v -28.2468064 15.3793053 40.8521409
v -28.1400780 15.4570791 41.2038824
v -27.5745560 15.1044421 41.7976219
v -26.8731978 15.0878878 41.5837631
v -27.3306053 15.1466086 41.3403580
v -27.2238769 15.0607138 41.6906925
v -27.5537648 15.0013684 40.6312473
v -27.4387198 15.0285423 40.9886166
v -28.3549209 15.2037676 40.5018064
v -27.5745560 14.8548788 40.0614261
v -26.9605211 15.1587900 40.0276589
v -27.0464582 14.7165101 39.4015591
v -26.8440901 15.2328157 40.4230163
v -26.1427319 15.4058545 40.2091575
v -25.8987812 15.6566672 39.7504866
v -26.3561887 15.1731579 39.5070816
v -26.2494603 15.3980459 39.8588230
v -26.1136241 15.1266185 39.0498177
v -26.5252909 14.8555034 38.9836903
v -26.6292471 15.2309416 41.1250923
v -26.3852965 15.3474461 40.6678284
v -26.1718396 15.6591660 41.3684974
v -26.5225187 15.2287552 41.4754268
v -25.4690954 15.5567170 41.1546386
v -25.9278890 15.4586408 40.9112335
v -25.8211605 15.4486457 41.2615680
v -25.6839383 15.4586408 40.4525626
v -26.0346174 15.4205347 40.5594920
v -25.2265308 15.5751453 40.6959677
v -24.9825801 15.6576043 40.2387038
v -25.4399876 15.8340789 39.9938917
v -25.3332592 15.7175744 40.3456332
v -24.7677372 15.5339158 40.9393728
v -25.1184163 15.6953979 41.0463022
v -24.2382533 15.2375008 40.8197807
v -24.5251726 15.2528057 40.4821089
v -24.2812219 15.0519682 40.0234380
v -24.7386294 14.9535796 39.7800329
v -24.6319010 15.3068413 40.1303674
v -25.6548305 15.3371387 39.2932228
v -25.4122659 15.0619632 38.8345519
v -25.8696735 15.1481703 38.5911468
v -25.7629450 15.2193848 38.9414813
v -25.1974230 15.2068911 39.5366278
v -25.5481021 15.5604651 39.6435572
v -24.7871423 14.6618498 39.3945243
v -24.4503241 14.1558517 38.5545657
v -25.1683153 14.8970453 38.3772880
v -25.0602008 14.6568523 38.7276225
v -26.9189386 14.0184201 36.8901251
v -26.0845164 14.7296286 37.8890708
v -25.8405657 14.8923601 37.4318070
v -26.2993593 14.3113992 37.1884019
v -26.1912448 14.4956825 37.5387364
v -25.6257228 15.2356268 38.1324759
v -25.9764019 15.0532175 38.2408123
v -24.9243646 14.8898613 37.9186171
v -25.3831582 15.1900245 37.6752120
v -25.2750437 15.3315165 38.0255465
v -25.1392075 14.4925591 37.2165412
v -25.5966150 14.4135359 36.9731361
v -25.4898866 14.8692466 37.3248775
v -25.3540504 13.7807259 36.5158722
v -25.7047295 13.9459561 36.6228016
v -34.8431772 2.3648449 -10.8369700
v -34.5992265 2.2258516 -11.2942339
v -34.0863757 2.4110719 -10.8749580
v -31.0910495 2.5341357 -12.3677488
v -29.9322838 3.0363857 -14.3614194
v -30.6045343 2.6119095 -13.2836836
v -29.9322838 3.4393102 -12.3382025
v -29.6883331 3.6788784 -12.7968734
v -30.1471267 3.0685572 -13.0402785
v -30.0390122 3.3084378 -12.6885370
v -30.0722782 2.8114976 -13.4440777
v -29.4443825 3.4424336 -13.2541373
v -29.2018179 3.6079762 -13.7128081
v -29.6592254 3.1147842 -13.9562132
v -29.5524970 3.1719432 -13.6058787
v -29.2309256 3.8987690 -12.5520613
v -28.9869750 3.8715950 -13.0107322
v -29.3376541 3.7485313 -12.9038028
v -28.5281814 3.9093887 -12.7673271
v -28.2856168 3.7316647 -13.2259980
v -28.7430243 4.0224575 -13.4694030
v -28.6362959 3.9640490 -13.1176616
v -28.4990736 3.8525420 -13.9266669
v -28.9578672 3.7010549 -14.1700720
v -28.8511388 3.8616000 -13.8197375
v -30.1720762 2.6450180 -15.1071113
v -29.4152747 3.3993301 -14.4134771
v -28.6945114 3.6635736 -14.6484404
v -28.9287595 3.5220815 -15.3308188
v -30.9760046 2.3976411 -17.0065152
v -30.0598035 3.1219681 -16.5197050
v -30.5172110 3.0804263 -16.7631101
v -30.4104826 2.7662077 -16.4113686
v -29.1436024 3.3434204 -16.0314878
v -29.5053701 3.1557013 -15.9723953
v -29.3570592 3.4917841 -16.7335638
v -29.8158528 3.4739804 -16.9769689
v -29.7091244 3.3858993 -16.6266344
v -30.2732603 2.8777147 -17.2203740
v -30.6253255 2.7836990 -17.1134446
v -29.9225812 3.0451314 -17.3273034
v -34.6643725 4.5331408 -4.9375622
v -34.1778572 4.3760315 -6.8651054
v -34.2291423 4.0399487 -7.5714023
v -34.5798214 3.8484815 -7.4644729
v -33.8285642 4.9360653 -5.0093175
v -33.5859996 5.1000461 -5.4665814
v -33.3420489 5.2196741 -5.9252522
v -33.0980982 5.6001098 -6.3825161
v -33.5568918 4.9373146 -6.6273282
v -33.4487773 5.1918754 -6.2755867
v -33.1272060 5.4495597 -5.2231763
v -32.8832553 5.7444130 -5.6818471
v -33.2353205 5.3271206 -5.5749177
v -32.4258478 5.7931387 -5.4384421
v -32.6406907 5.3924006 -6.1391110
v -32.5325762 5.6163517 -5.7887766
v -32.1430868 5.1678249 -6.4992943
v -32.8541476 4.9035814 -6.8411870
v -32.7474192 5.1041066 -6.4908525
v -33.7703487 4.4709842 -7.3279972
v -33.5277841 4.5843653 -7.7866680
v -33.9851916 3.9999686 -8.0300731
v -33.8784632 4.3176231 -7.6797386
v -33.3129412 5.0150884 -7.0845921
v -33.6636203 4.7027439 -6.9776627
v -33.0689905 4.4872261 -7.5432629
v -32.9622621 4.7071167 -7.1915215
v -33.2838334 3.9503059 -8.2439319
v -33.1771050 4.2323530 -7.8935974
v -35.0607923 3.1288397 -9.0430885
v -34.8722850 3.2643972 -9.6762232
v -35.3310786 2.8852109 -9.9210352
v -35.2229641 3.0623103 -9.5692938
v -35.0871279 2.7240412 -10.3782991
v -35.4378070 2.7302881 -10.2713697
v -34.4439852 3.6160972 -8.2734782
v -34.6574420 3.4115115 -8.9755542
v -34.2000345 3.6388983 -8.7321491
v -33.9560839 3.7707077 -9.1894130
v -34.4148774 3.4037029 -9.4328181
v -34.3067629 3.5239556 -9.0824836
v -33.7412409 4.0377623 -8.4887440
v -34.0933061 3.7972570 -8.3804076
v -33.4986763 3.5139605 -8.9460079
v -33.3905618 3.7429091 -8.5956734
v -33.5859996 3.3506043 -9.2864936
v -33.7121332 3.3068761 -9.6480838
v -34.6283343 2.9139466 -10.1348940
v -34.3857697 2.8998911 -10.5935649
v -34.7364488 2.6625093 -10.4852285
v -34.1709268 3.4842878 -9.8914889
v -34.5216059 3.1616359 -9.7845595
v -33.8036147 3.1232175 -9.9941974
v -34.7738730 4.8108151 -4.3367878
v -33.6511455 4.8817173 -0.1060415
v -32.0266558 6.2482247 0.8422534
v -31.6260777 6.0189638 -0.3114586
v -31.8062685 5.7209871 -0.8024896
v -31.4112348 6.5683779 0.3892104
v -31.1672841 6.6542726 -0.0680535
v -30.7098766 6.8266868 0.1753516
v -30.6821549 6.3834699 -0.3958765
v -30.8166050 6.4815461 -0.1749829
v -34.3164655 5.4479980 -4.0933827
v -34.4231939 5.0132144 -4.4437172
v -33.8576719 4.9107654 -3.8485707
v -34.2083510 4.8420495 -3.7416413
v -33.1563137 5.3864661 -4.0638364
v -33.6151073 5.5848049 -4.3072415
v -33.5069928 5.1397139 -3.9569070
v -33.3711567 5.3574181 -4.7659124
v -33.7218358 5.2846418 -4.6575760
v -32.6989062 5.4867287 -3.8204313
v -31.3239115 5.9115173 -3.0888091
v -31.7827051 5.7094304 -3.3336212
v -31.5387545 5.9877294 -3.7908851
v -31.9961620 5.9005852 -4.0342902
v -31.8894335 5.7800202 -3.6839557
v -32.9123631 5.7403525 -4.5225073
v -32.6697985 5.8471743 -4.9797712
v -33.0204776 5.5601297 -4.8728418
v -32.4549556 5.8871544 -4.2776952
v -32.8056347 5.7375414 -4.1707658
v -31.7535974 5.9614924 -4.4929610
v -32.2110049 6.1348436 -4.7363661
v -32.1042765 6.0355181 -4.3860316
v -31.9670542 5.7547203 -5.1950370
v -32.3191194 5.9049580 -5.0867006
v -31.5512292 5.7222365 -5.1303165
v -31.2948038 6.1101684 -4.2495559
v -31.0508531 6.0470748 -4.7068198
v -31.4029183 5.9415024 -4.5998904
v -30.5934456 6.3837822 -4.4634147
v -30.3494949 6.0851809 -4.9220856
v -30.8082885 5.9168271 -5.1654907
v -30.7001740 6.1454634 -4.8151562
v -30.5643378 5.6928761 -5.6241615
v -31.0231314 5.4886028 -5.8675666
v -31.0799609 6.5015361 -3.5474800
v -30.8373963 6.4150167 -4.0061508
v -31.1880754 6.3003862 -3.8978145
v -30.8665040 5.9936639 -2.8454040
v -30.6225533 6.8904051 -3.3040749
v -30.9732324 6.5580705 -3.1971455
v -30.1637597 6.7170539 -3.0606698
v -29.9184230 6.3987748 -3.5193407
v -30.3786027 6.7573463 -3.7627457
v -30.2718742 6.8494880 -3.4110043
v -30.1346520 6.3144418 -4.2200096
v -30.4867172 6.5864939 -4.1130802
v -29.6772445 5.9599307 -3.9766046
v -29.7839729 5.8849680 -4.3269390
v -29.0424183 5.5573186 -4.0919758
v -30.1069303 5.6756972 -5.3793495
v -29.8629797 5.3418008 -5.8380204
v -30.3203872 5.6113542 -6.0814254
v -30.2136587 5.6672638 -5.7310910
v -29.9988158 5.7244229 -5.0290150
v -29.5414083 5.1212856 -5.8155089
v -30.4077104 6.2073076 -2.6019989
v -30.7583895 5.7531586 -2.4950695
v -29.4915093 6.3884674 -2.1151888
v -29.9503029 6.4362561 -2.3585938
v -29.8421884 6.1395288 -2.0082594
v -29.7063522 6.4296969 -2.8172647
v -30.0570313 6.6270986 -2.7103353
v -30.0085184 6.9441284 -0.0399141
v -30.1152468 6.7682784 -0.3902486
v -29.3736922 6.3213133 -1.3554272
v -28.8192589 6.4493746 -1.1697077
v -28.5753082 6.2335445 -1.6283786
v -29.0341018 6.3537972 -1.8717837
v -28.9259873 6.4849819 -1.5214492
v -28.6044160 6.7554723 -0.4690387
v -28.3604653 6.3063208 -0.9263026
v -27.9030578 6.6133555 -0.6828975
v -28.1179007 5.9571196 -1.3849735
v -28.0097862 6.1876299 -1.0332320
v -28.2246291 5.9633665 -1.7353080
v -29.2475586 6.2910159 -2.5738596
v -28.7069861 5.6806947 -3.1225763
v -29.3556731 6.2132421 -2.9241941
v -29.1380580 6.3453639 -2.2207112
v -27.4276312 5.0116526 -3.5207476
v -27.0409139 4.9754207 -3.1999594
v -27.3777322 5.0803684 -3.9372095
v -26.8551787 5.0825549 -2.1461420
v -26.9688376 5.9649282 -0.7532458
v -26.3742078 4.3760315 -3.7740015
v -27.7866268 4.8904630 -5.3216639
v -27.5426761 4.8536063 -5.7803348
v -27.9058299 4.8014448 -5.9280662
v -27.7575190 4.8301805 -6.4810037
v -28.2079961 4.5899875 -6.6596884
v -28.1664136 5.2662134 -4.0553946
v -27.4054538 5.0072798 -4.2664395
v -27.3292192 4.8051929 -5.0782588
v -26.9217107 4.5840530 -5.0233871
v -26.5973672 4.4566164 -4.4423102
v -27.3001115 4.9669874 -6.2375987
v -27.0561608 4.8142509 -6.6962695
v -27.4068399 4.8807803 -6.5893401
v -26.6694436 4.3932104 -6.0561001
v -27.1919970 4.6908748 -5.8872642
v -25.7185904 3.9674848 -6.2516683
v -26.1150102 4.3900870 -6.7919432
v -26.8122102 4.8773445 -7.1535334
v -30.2330639 3.5651850 -9.5608520
v -30.2857351 3.6298404 -10.3192065
v -30.8928396 3.0064006 -10.2179050
v -32.4410947 4.2514060 -7.9245507
v -32.0751687 5.1125399 -6.7258158
v -31.9102248 4.4659867 -7.5137167
v -32.2609039 4.6955600 -7.4067873
v -31.4514312 5.0025946 -7.2703116
v -31.2074805 4.3457341 -7.7289824
v -31.7937938 4.0521302 -8.1201189
v -31.5581596 4.4597398 -7.6206461
v -30.7791808 5.2705863 -6.3248305
v -31.2365883 5.2930751 -6.5682356
v -31.1298599 5.4573683 -6.2179011
v -30.9940237 4.7973843 -7.0269065
v -31.3447028 5.1112906 -6.9199771
v -30.5352301 4.9413751 -6.7835014
v -30.2912794 4.4672361 -7.2407653
v -30.6336420 4.5787431 -7.1535334
v -30.0778226 5.3639773 -6.5400963
v -30.4285017 5.2915134 -6.4317599
v -29.0299435 4.5050298 -7.0958478
v -29.7257574 5.0060304 -6.6470257
v -29.3168628 4.6196602 -9.0740418
v -29.7756564 4.3219959 -9.3174469
v -29.6689280 4.2976330 -8.9657054
v -28.4006617 5.0032193 -8.5858246
v -28.8594553 4.9220098 -8.8306367
v -28.7527269 4.6284059 -8.4788952
v -28.6155046 5.1812557 -9.2879006
v -29.0742982 4.8851531 -9.5313057
v -28.9661837 4.9838540 -9.1809712
v -27.4858467 5.0891141 -8.0990145
v -27.9432542 5.0125897 -8.3424195
v -26.5696456 5.0282069 -7.6122043
v -27.0270531 5.1990594 -7.8556094
v -26.9203247 5.0403883 -7.5052749
v -26.7831024 5.3505465 -8.3142802
v -27.2418960 5.1606410 -8.5576853
v -27.1337815 5.3652267 -8.2059439
v -28.1580971 5.2733974 -9.0444955
v -27.9141464 4.9913502 -9.5031664
v -28.3729400 4.9370023 -9.7465714
v -28.2648255 5.1381522 -9.3948300
v -27.6993035 5.2006211 -8.8010904
v -28.0499826 5.3739723 -8.6941610
v -26.9979453 5.0606907 -9.0149492
v -27.4567389 4.9251332 -9.2583543
v -27.3486244 5.0794314 -8.9080198
v -27.4151564 4.7808300 -9.5439684
v -29.9613916 3.7672720 -11.1788627
v -29.5025980 4.0002810 -10.9354576
v -29.2600334 4.1555162 -11.3927215
v -29.7174409 3.9287541 -11.6361266
v -29.6107125 4.0302661 -11.2857921
v -29.4734902 3.8138113 -12.0947974
v -29.8241693 3.6713822 -11.9878680
v -29.5317057 4.4344399 -9.7747108
v -29.8823848 4.0755560 -9.6677814
v -29.0341018 4.3560414 -10.1531846
v -29.1810266 4.5290803 -9.8830471
v -29.2212231 4.1205336 -10.6385878
v -28.5863969 4.4534929 -10.4472404
v -28.3438323 4.2179851 -10.9059113
v -28.8012398 4.2517184 -11.1493164
v -28.6945114 4.3182477 -10.7989819
v -28.1386919 4.5415741 -10.2404165
v -28.4796684 4.5968591 -10.0969059
v -28.3424462 3.7485313 -11.5657783
v -29.0160827 4.0283920 -11.8513923
v -28.7721320 3.8734691 -12.3086562
v -29.1228111 3.9318775 -12.2017268
v -28.9079682 4.1614508 -11.4996509
v -27.9487985 3.4283781 -11.7908928
v -28.3147245 3.6810649 -12.0652511
v -28.0707739 3.7144857 -12.5239220
v -28.4214529 3.8587889 -12.4169926
v -33.5430310 6.2282347 2.7458782
v -33.1161173 7.0924920 3.5956856
v -32.6587098 7.6534628 3.8390907
v -32.4147591 7.5838100 3.3818268
v -32.8721667 7.1527745 3.1384217
v -32.7654382 7.4769882 3.4887562
v -32.6296021 6.9616197 2.6797508
v -33.0745348 6.7089329 2.6487976
v -33.3018525 6.1317202 1.7342698
v -33.1937380 6.2344815 2.0860112
v -33.2256179 7.4916684 5.2010336
v -32.4729746 8.8444326 5.7005065
v -32.9303822 8.1254154 5.4571014
v -31.7771608 9.2126868 5.5063452
v -32.2290240 8.6679579 5.2432426
v -32.1222956 9.0540158 5.5935771
v -32.6878176 7.9617469 4.9998375
v -31.9850733 8.6995047 4.7845717
v -32.4438669 7.9267643 4.5411666
v -32.1999162 8.2419200 4.0839027
v -32.5505953 7.7609094 4.1908321
v -31.7425087 8.8578634 4.3273078
v -31.1354042 8.5783150 3.9516479
v -31.9559655 7.9320742 3.6252319
v -31.8492371 8.4705562 3.9755663
v -31.5276658 9.3757307 5.0279768
v -31.2837151 9.1867622 4.5707129
v -31.6343942 9.2123745 4.6776423
v -30.8263076 9.6146743 4.8141180
v -30.1942536 9.7955218 4.4145397
v -30.9330360 9.2514175 4.4637835
v -31.0688722 9.8242575 5.2727888
v -31.4195513 9.5050413 5.3797183
v -30.1526711 10.5576425 5.7595990
v -30.6114647 10.2181239 5.5161939
v -30.3675140 10.3296309 5.0575231
v -30.7181931 10.0225962 5.1644525
v -29.9101065 10.8618660 5.3009282
v -29.6661558 11.0264716 4.8436643
v -30.0168349 10.6301064 4.9505937
v -29.6952636 11.0723863 6.0030041
v -29.4513129 11.4443886 5.5443333
v -29.8019920 11.1073689 5.6526696
v -28.9939054 11.7579826 5.7877383
v -28.7499547 11.4971749 5.3304744
v -29.2073622 11.4206504 5.0870694
v -29.1006338 11.6233621 5.4374039
v -28.9647976 11.3663025 4.6283985
v -29.4222051 10.7347418 4.3849934
v -29.3154767 11.1564070 4.7353279
v -29.1796406 10.4658132 3.9263225
v -29.6370481 9.6758938 3.6829175
v -29.5303196 10.1237959 4.0346589
v -29.3930974 9.4044664 3.2256536
v -29.8907013 8.6048643 2.8063777
v -29.7437765 9.2339263 3.3325830
v -29.6079403 8.5845619 2.5235776
v -30.3966218 7.5597595 1.5823175
v -30.9538273 7.2311730 0.6326155
v -31.3045064 6.8401176 0.7409519
v -30.7389843 7.3989020 1.3346915
v -30.0376262 7.5060362 1.1208327
v -30.4950337 7.4538747 0.8774276
v -30.3883053 7.5207164 1.2277621
v -30.2510830 7.1034241 0.4187567
v -30.6017621 7.0918673 0.5256861
v -30.9760046 10.0154123 8.8253776
v -31.3502471 11.1145528 10.6769446
v -31.4874694 12.3258249 12.6889058
v -31.2435187 12.7643567 12.2302349
v -31.7023123 11.7495493 11.9868298
v -31.5941978 12.0153545 12.3371643
v -31.4583616 11.7245617 11.5281590
v -31.8090407 11.4678145 11.6364953
v -30.9995680 12.4607578 11.7729710
v -30.7570034 12.5060478 11.3143001
v -31.2144109 11.7070704 11.0708951
v -31.1076825 12.0950023 11.4212295
v -30.7861112 13.1182431 12.4736400
v -30.5421605 13.2363093 12.0163761
v -30.8928396 12.8115207 12.1233055
v -30.0833669 12.8424428 12.2597812
v -29.8408023 12.9964287 11.8011103
v -30.2982098 13.2397451 11.5577052
v -30.1914814 13.2250649 11.9080397
v -30.0542592 13.3321991 11.1004413
v -30.5130528 12.6188041 10.8556293
v -30.4063243 12.9873707 11.2073707
v -31.4292539 10.6191743 10.1634021
v -30.9704603 11.6002486 10.6122242
v -30.2691021 12.3764248 10.3983654
v -30.7278957 11.6527224 10.1549603
v -30.6197812 12.1680909 10.5052948
v -30.4839450 11.2775966 9.6962894
v -30.8346241 10.9496349 9.8032188
v -30.0265375 11.8485625 9.9396945
v -29.7825868 11.7442394 9.4824306
v -30.2219752 11.1401650 9.4444426
v -29.8116946 12.9505140 10.6417705
v -29.5677439 12.4916799 10.1830996
v -29.9184230 12.4688787 10.2914360
v -29.1103364 12.5207279 10.4265047
v -28.8663857 11.9310214 9.9692408
v -29.3237932 12.0469013 9.7258357
v -29.2170648 12.2892806 10.0761702
v -29.0812286 11.6402287 9.2671649
v -29.5386361 11.5915029 9.0237598
v -29.4319077 11.7261234 9.3740943
v -29.5968516 12.8536872 11.3438464
v -29.3529010 12.6259881 10.8851756
v -29.7035801 13.2110094 10.9921050
v -29.3820087 11.8897920 12.0445154
v -29.1394441 12.0381556 11.5872515
v -29.4901232 12.5575846 11.6941809
v -28.4366999 11.2619794 11.3719857
v -28.8954935 11.9200894 11.1285807
v -28.7873790 11.7704763 11.4803221
v -28.6515428 11.7267481 10.6713168
v -29.0022219 12.1718391 10.7782462
v -28.1428502 10.7491097 11.0891856
v -28.4075921 11.5736993 10.2126459
v -28.3008637 11.1945130 10.5629804
v -27.9487985 10.1559674 11.8545750
v -27.5537648 9.8317537 10.5221784
v -27.7062339 10.3346284 9.9987871
v -28.6224350 11.4150282 9.5105699
v -28.3784844 11.0736356 9.0533060
v -28.8372780 11.1342305 8.8099010
v -28.7291635 11.2507350 9.1602355
v -28.1650275 11.1432885 9.7539750
v -28.5157066 11.6149288 9.8623114
v -27.4622833 9.8801671 9.5401162
v -27.9210768 10.6547816 9.2967111
v -27.8143484 10.4842415 9.6470456
v -27.5052518 9.8067662 8.7634711
v -28.1359198 10.2534189 8.5946352
v -28.0278053 10.7422381 8.9463766
v -29.7243713 10.8987227 7.1623440
v -29.9392142 10.8328180 6.4602680
v -29.6522950 11.3478742 8.6748322
v -29.2946855 11.4946761 8.5664959
v -29.4956676 10.9393275 7.8770826
v -29.0521209 11.2963373 8.1078250
v -28.8081702 11.3897283 7.6491541
v -29.2655777 11.3397532 7.4057491
v -29.1588493 11.2604177 7.7574905
v -28.5933273 10.9868039 8.3512301
v -28.9440064 11.2482363 8.4581595
v -28.0721599 10.2206227 8.2049056
v -28.3493766 10.8187625 7.8925592
v -28.1068120 10.7241221 7.4352953
v -28.5642195 11.3631790 7.1918902
v -28.4574911 11.1692131 7.5422247
v -29.4804206 11.4012851 6.7050801
v -29.2364700 11.6358558 6.2464092
v -29.5885351 11.1932636 6.3533386
v -29.0230131 11.5783844 6.9484852
v -29.3736922 11.2763473 7.0554146
v -28.3202689 10.8015835 6.7332194
v -28.7790625 11.3794210 6.4898143
v -28.6723340 11.3478742 6.8401488
v -28.5351118 11.0811319 6.0325504
v -28.8857909 11.5024847 6.1394798
v -28.0777043 10.6688371 6.2759555
v -28.2925472 10.7978354 5.5738795
v -28.1844327 10.6226101 5.9242140
v -27.8628613 10.3552432 6.9766245
v -27.4165425 9.5269054 6.4673028
v -27.9695898 10.2852780 6.6262900
v -27.6480184 9.9257694 7.6787004
v -27.7561329 10.2840286 7.3283659
v -25.0796059 7.1280993 5.7441224
v -27.0533887 9.3101383 9.7286496
v -26.1288710 8.0745033 10.5714222
v -25.4552345 7.2583470 10.4602719
v -26.1954030 8.1507154 9.9199970
v -25.0768338 6.9232013 10.7824671
v -24.7594207 6.4150167 10.2576688
v -24.4115137 6.1657657 10.7304093
v -23.9263846 5.7113044 10.1648091
v -24.2465698 5.8796581 7.8728617
v -22.9422654 5.0144637 7.3832376
v -23.2513620 5.3942747 6.7683935
v -21.8943863 4.3144996 7.0863678
v -24.1107337 6.5049719 5.4458456
v -24.4239885 6.4765486 6.3026878
v -23.8958907 6.1626423 6.1479216
v -23.2291846 5.9618048 5.1799291
v -22.7080173 5.6038579 5.0167211
v -23.5064013 6.3981501 3.7842190
v -29.8380302 7.2661556 0.4820702
v -29.5497248 7.2008756 0.2048979
v -29.3750783 7.9164569 1.5330737
v -29.3348819 7.6250395 0.9055669
v -29.6855610 7.6275382 1.0124963
v -28.8774744 7.8380585 1.1489720
v -28.9620255 7.4879202 0.8070793
v -28.6626315 6.8641682 -0.1215182
v -29.1990457 6.9297605 0.0965615
v -29.1505328 9.1695833 2.7669827
v -28.9065821 8.8797275 2.3097188
v -29.2572612 8.6317260 2.4166482
v -28.4477885 9.3707332 2.5531239
v -28.2052239 8.6851369 2.0944530
v -28.6626315 8.4208934 1.8510479
v -28.5559030 8.9000299 2.2013824
v -28.4186808 7.9448803 1.3923771
v -28.7693599 8.0517021 1.5007134
v -28.0416661 7.9458173 1.3009243
v -27.7173226 7.8927188 1.1785183
v -28.1761162 7.8205672 0.9351132
v -27.7464303 8.8032031 2.3378581
v -27.5024797 8.3546763 1.8805942
v -27.1434841 8.0691934 1.7905484
v -26.5793481 7.4588722 1.5555851
v -27.2599151 7.9255149 1.4219234
v -27.4816884 7.2436668 0.5355349
v -28.3923452 7.2752136 0.2949437
v -28.1664136 6.9075841 -0.2523660
v -27.9321655 7.2749012 0.4764423
v -27.2613012 6.4087698 -0.4577830
v -27.7963293 6.7404797 -0.3325630
v -28.9356899 10.1581538 3.4690586
v -28.6917392 10.0232209 3.0103878
v -29.0424183 9.6743321 3.1173172
v -28.7208470 11.2725991 4.1711346
v -28.4768963 10.8462488 3.7124637
v -28.8275754 10.8415636 3.8193931
v -28.0194888 10.2337412 3.9558688
v -27.7755381 9.8639252 3.4971980
v -28.2343317 10.0741331 3.2537929
v -28.1262172 10.2396757 3.6055343
v -27.9903810 9.4238317 2.7965290
v -28.3410601 9.7733453 2.9034584
v -28.5060040 11.1704625 4.8718036
v -28.2634394 10.6032448 4.4145397
v -28.6141185 11.0833183 4.5214691
v -28.0485965 10.4586292 5.1152087
v -28.3992756 11.0826936 5.2235450
v -27.6660375 9.8586154 4.8535130
v -27.3555548 9.4766180 4.0234032
v -27.9113743 10.1781438 4.3062033
v -26.8593370 9.0936836 3.9854151
v -27.3181306 9.5484572 3.7420100
v -26.4837084 8.6535901 4.0909375
v -26.6153863 8.9234558 3.5267442
v -27.5315874 9.1805153 3.0399341
v -27.6397019 9.0252801 2.6895996
v -27.0741799 8.9962321 3.2833392
v -27.4248590 9.3638616 3.3902686
v -26.3728217 8.6807641 3.0694804
v -26.8302292 8.4967931 2.8246683
v -26.7235008 8.7619736 3.1764098
v -26.4047016 8.0770020 2.3195676
v -26.1288710 8.2975173 2.6108095
v -25.8849204 7.7393576 2.1521386
v -25.9140281 8.5748793 3.3128854
v -25.6700775 8.5033524 2.8542146
v -26.0221426 8.5348992 2.9611440
v -25.2126699 8.2416076 3.0976197
v -24.9687193 8.0601354 2.6403558
v -25.4275129 7.9932937 2.3969507
v -25.3193984 8.1641462 2.7472852
v -25.1835622 7.5641323 1.9382798
v -25.5342413 7.6281629 2.0452092
v -25.5633490 7.7905821 4.1612858
v -25.2265308 7.8146326 3.6801035
v -24.7303129 7.0840587 4.0993793
v -24.7552624 7.7858969 3.3410248
v -25.1059415 7.9579988 3.4493611
v -24.2964688 7.3036369 3.5844298
v -24.0525182 7.0600082 3.1271659
v -24.5113118 7.6784504 2.8837609
v -24.4031972 7.5172806 3.2340954
v -23.8390613 6.7264242 3.8292419
v -24.1897404 6.9666172 3.9361713
v -23.6505540 6.6389677 3.1820376
v -23.2638367 6.5118435 2.9301907
v -23.8099536 7.0040985 2.6684951
v -24.7261547 7.5238398 2.1816849
v -24.4822040 7.1615202 1.7230140
v -24.8481300 7.3598590 1.8257226
v -24.2673611 7.5044745 2.4250900
v -24.6180402 7.8083857 2.5320194
v -23.5660029 7.3239393 2.2112312
v -24.0234104 7.2018126 1.9678261
v -23.9166820 7.4107711 2.3181606
v -23.7808458 7.0896809 1.5091552
v -24.1925126 6.9706777 1.4416209
v -25.7421538 5.7865795 -0.6730488
v -23.9943027 6.7083082 0.8070793
v -24.4004251 6.4746745 0.7367310
v -25.3845443 5.4670510 -1.1359405
v -31.7314200 12.5922548 13.1461697
v -31.8131990 12.4160925 14.1366736
v -31.5165771 12.6800237 13.8482456
v -31.0577835 13.4065371 14.0916507
v -30.8152189 13.7332495 13.6343868
v -31.2726264 13.2503648 13.3895748
v -31.1658980 13.2578611 13.7413162
v -31.0286758 13.4127840 12.9323109
v -31.3793549 12.8583724 13.0392403
v -31.5456849 13.1750898 15.0075855
v -31.3017342 13.2772264 14.5503216
v -31.6524133 12.8761760 14.6572510
v -31.3308419 13.8010283 15.7096614
v -31.0868913 13.6642213 15.2509906
v -30.6294838 14.2033280 15.4958026
v -30.3855331 14.0480928 15.0371317
v -30.8443267 13.9993670 14.7937267
v -30.7362122 14.1505418 15.1440612
v -30.6003760 14.2498674 14.3350558
v -30.9510551 13.6617226 14.4419852
v -30.1415824 13.7001410 14.5784609
v -29.8990178 13.2522389 14.1211970
v -30.3564253 13.5933191 13.8777919
v -30.2496969 13.6807756 14.2281264
v -29.9281256 13.6436066 15.2805368
v -29.6841749 13.3665570 14.8218660
v -30.0348540 13.7132594 14.9302023
v -29.2253813 12.6715904 15.0666780
v -28.8081702 11.7776603 14.5545425
v -29.4402242 13.1269887 14.3646021
v -29.3334958 12.8686798 14.7149366
v -29.1962736 12.1084331 13.9059312
v -29.6550671 12.4838713 13.6625261
v -29.5483387 12.6412929 14.0142676
v -30.5712683 13.2406821 13.1757159
v -30.3273176 12.9895571 12.7170451
v -30.6779967 13.1985156 12.8253815
v -30.1124747 13.2185057 13.4191210
v -30.4631538 13.4633838 13.5260504
v -29.8699101 12.5913178 12.9604502
v -29.7617956 12.6328596 13.3121916
v -29.6259594 12.0344075 12.5031863
v -29.9766385 12.5925672 12.6101157
v -31.1159990 14.4138483 16.4117374
v -30.8734344 14.2086379 15.9530665
v -31.2241135 14.2489303 16.0599959
v -30.9011561 14.4963072 17.1124064
v -30.6585915 14.0296645 16.6551425
v -31.0092706 14.3560645 16.7620719
v -30.1997979 13.7501161 16.8985475
v -29.8879292 13.4412073 16.4159583
v -30.4146408 13.4868096 16.1964716
v -30.3079124 13.7885345 16.5482131
v -30.1706902 13.9409586 15.7392077
v -30.5213693 13.9128476 15.8461371
v -30.6876993 14.5034911 17.8144823
v -30.4437486 14.0830754 17.3558114
v -30.7944277 14.4382111 17.4641478
v -30.4728563 14.6324894 18.5165583
v -30.5795848 14.5893859 18.1648168
v -29.8435745 13.4015396 17.7483549
v -29.9114926 13.4580739 17.1954173
v -27.9155325 11.2338684 18.1183869
v -28.6252072 11.4940514 16.7902112
v -29.7132826 12.9289623 15.9826128
v -29.4693320 13.0582729 15.5239419
v -29.8200111 13.5914451 15.6308713
v -28.8497527 12.0119187 15.3790244
v -27.1961552 9.4659983 14.8654819
v -28.3965034 10.4545688 12.1078289
v -28.7388660 11.7289345 14.1493363
v -28.6654036 11.3235113 13.7539789
v -28.1192868 10.4455108 14.3083234
v -30.2580134 14.5734563 19.2172272
v -30.3661279 14.6096883 18.8668928
v -30.0431705 14.9826277 19.9193032
v -29.8006059 14.2957820 19.4620393
v -30.1512850 14.7530544 19.5689687
v -29.3418123 14.1983305 19.7054444
v -29.0978616 13.5164824 19.2467735
v -29.4499268 13.8435071 19.3537029
v -29.8297137 14.5094257 20.6213791
v -29.5857630 14.4172840 20.1627083
v -29.9364421 14.8183344 20.2696377
v -29.6148707 14.7749186 21.3234551
v -29.3709201 14.0971309 20.8647842
v -29.7215991 14.4828764 20.9717136
v -28.9135125 13.9497043 21.1081893
v -28.6695619 13.3849853 20.6495185
v -29.0202410 13.7398087 20.7578548
v -28.8844048 13.7801012 19.9488495
v -29.2350839 14.1321135 20.0557789
v -28.1830466 12.8290120 19.7335837
v -28.6404541 13.4983664 19.4901786
v -28.5337257 13.2787882 19.8419201
v -28.1442363 12.7034495 20.9224698
v -27.7783103 12.2168167 19.8025250
v -27.2474403 11.5649536 19.6083637
v -27.9390959 12.5416550 19.2763198
v -28.3965034 12.9083475 19.0329147
v -28.7471825 13.1779009 19.1398441
v -27.6951453 12.2774115 18.8176489
v -28.1539389 12.0584580 18.5742439
v -28.0458244 12.5919425 18.9245784
v -29.4000278 13.8235171 22.0241241
v -29.1560771 14.0028028 21.5668602
v -29.5081423 14.2273786 21.6737896
v -28.9426203 13.1869589 22.2675292
v -28.0846347 12.1412293 22.0663331
v -28.6986696 13.2697302 21.8102653
v -28.5919412 12.9673806 22.1605998
v -28.8053980 13.6183067 21.4585238
v -27.9973114 12.2852202 21.5949995
v -25.6631470 9.6721457 21.0772361
v -26.0373895 10.1159873 20.3934507
v -24.6235845 8.6648345 20.5003801
v -24.5556664 8.5027277 20.8872957
v -23.8473778 7.9661197 20.7128319
v -27.2377377 11.5605808 19.0610540
v -26.9937871 11.2822818 18.6037901
v -27.3444662 11.8101441 18.7107195
v -26.5349935 10.6969481 18.8471952
v -26.2924289 10.0675739 18.3885244
v -26.6431080 10.6694618 18.4954538
v -26.7789441 11.0149149 19.3044591
v -27.1296232 11.4094060 19.4127955
v -26.0775860 10.4008455 19.0906003
v -26.4282651 10.7322431 19.1975297
v -25.3762278 9.7849020 18.8753345
v -25.8336353 10.0432110 18.6319295
v -25.7269069 10.1503452 18.9836709
v -24.9922827 8.9375113 19.5548990
v -24.4600267 8.3690442 19.3635517
v -24.9174342 9.1892610 19.1201466
v -24.6734835 8.9715568 18.6614757
v -25.1322771 9.2998310 18.4180707
v -25.0255487 9.4175848 18.7684051
v -25.5896846 9.3544913 18.1746656
v -25.9417498 9.6437223 18.2815950
v -25.2390055 9.1264797 18.0677362
v -24.4309189 8.3103234 18.2028049
v -24.5376473 8.3371851 17.8524704
v -23.5798637 7.1771374 17.5415309
v -24.2160760 8.1856979 18.9048808
v -23.7766876 7.6315987 18.4166637
v -24.3228044 8.4593118 18.5545463
v -24.1051893 7.8714793 19.2777268
v -23.5854081 7.3498639 19.0582401
v -22.7606885 6.4890424 18.0860267
v -21.8417152 5.5623161 18.5418836
v -21.8680508 5.7619042 17.8032266
v -20.5193916 4.8233089 19.5703757
v -21.6324166 5.5129656 19.5492712
v -22.1050710 5.6981860 15.7659401
v -20.5706767 4.5853023 16.5763524
v -23.6200601 6.6711392 15.1609447
v -22.7260364 6.0820574 14.9963297
v -23.1834439 6.1682645 14.7529246
v -23.0767155 6.2916406 15.1046661
v -23.1252284 5.8593557 14.3012886
v -22.2672428 5.8050078 15.2397348
v -21.6324166 5.2912010 15.4296752
v -27.6549488 12.2180661 26.4771710
v -28.0056279 12.6038116 26.5855073
v -27.1975413 11.9182153 26.7219830
v -27.2238769 11.9278980 26.3660207
v -26.8177545 11.1401650 25.4543068
v -25.5924568 9.8514314 25.1532161
v -26.2217386 10.5595165 25.0209613
v -27.0325974 11.9372683 27.8728811
v -25.8086858 10.9918014 28.8704198
v -26.1094659 11.1423514 27.7321845
v -25.4524624 9.7496071 24.2499440
v -23.8681691 8.0204677 23.0498022
v -26.1884726 11.9925533 30.6361620
v -26.2453021 11.9791225 31.4015514
v -26.1829283 13.4215296 32.5496355
v -25.9389776 12.7190667 32.0909646
v -26.2896567 12.9989274 32.1978940
v -23.8404474 10.3230717 30.4898375
v -25.1891065 11.1507848 30.2745717
v -25.9680854 13.6295511 33.2503045
v -25.7241347 13.0270385 32.7930406
v -26.0748138 13.4056001 32.8999700
v -25.7532425 13.0676432 33.9523804
v -25.5092918 12.9564486 33.4937096
v -25.8613570 13.4021643 33.6020459
v -25.2667272 12.6978273 33.0364457
v -25.1586127 12.5753882 33.3867802
v -25.3734556 12.4735639 32.6847042
v -25.1170302 12.7275000 34.1437278
v -24.4420076 12.4060975 34.7121420
v -24.5930907 12.3208274 33.9819267
v -23.7725293 11.6670903 34.4884344
v -24.0622207 11.2854053 32.9604695
v -20.0910919 8.8972188 33.3206528
v -20.3752390 8.6454691 31.9671516
v -20.5512716 8.2050633 31.2031692
v -23.3664069 9.8979708 29.8243427
v -23.9125237 10.2637262 29.9368999
v -22.6262384 9.2973322 29.7821337
v -23.0864180 9.7133751 30.4546634
v -21.2013447 8.5177202 30.6460107
v -21.4854917 8.7816513 30.3463270
v -22.6165358 9.0905601 29.1574409
v -22.4488197 8.7722810 28.6748516
v -22.1577422 8.9256422 29.4008460
v -21.4563840 8.3406208 29.1855802
v -21.9151776 8.6742048 28.9421751
v -21.6712269 8.4318255 28.4849112
v -22.0219060 8.5826879 28.5918406
v -21.2124333 8.0513898 28.7283163
v -20.9698687 7.8796003 28.2696454
v -21.4272762 7.9901703 28.0262403
v -21.3205478 8.1297883 28.3765748
v -20.9282862 7.9623716 29.0111164
v -20.4459292 7.4288871 28.1092513
v -19.9635722 6.4378179 27.2228628
v -19.0820232 6.3447392 27.6491735
v -20.1409909 8.6392222 32.2358821
v -19.8540716 8.4055885 32.4835081
v -19.7113050 8.8625486 33.6400340
v -19.4673544 8.6517160 33.1813632
v -18.7659962 8.3062629 32.9675044
v -19.1166753 8.3902836 33.0744338
v -18.5220455 7.8061993 32.5088335
v -17.9634539 7.0946784 32.0994064
v -17.8941497 7.5763137 33.4500936
v -18.4000702 7.8649201 32.8647958
v -17.2205132 5.8331188 30.1929677
v -18.4236336 5.7225488 27.8447417
v -20.9019506 6.3156911 24.3962685
v -21.0239260 6.2288593 23.7082622
v -20.7591841 5.8143781 22.8148389
v -20.5651324 6.6336579 25.8440363
v -25.0477260 13.6089364 36.2302581
v -25.0435678 12.8452539 35.6421464
v -24.8952568 14.2130107 36.7592773
v -24.6513062 13.5773896 36.3006064
v -24.1938987 13.4949306 36.5440115
v -23.9499480 13.0042373 36.0867476
v -24.3006271 13.2647327 36.1936770
v -24.6804139 14.6215574 37.4599463
v -24.4378493 14.1624109 37.0026824
v -24.7885284 14.4410222 37.1096118
v -24.4669571 14.2514291 38.1620222
v -24.2230064 14.2839129 37.7047583
v -24.5736855 14.6012550 37.8116877
v -23.5216482 13.3909199 37.4894926
v -23.9790557 13.8444441 37.2460875
v -23.8723273 13.8606861 37.5964220
v -23.7351051 13.4368345 36.7874166
v -24.0871702 13.6988916 36.8957530
v -23.2776976 13.0991900 37.0322287
v -23.0337469 13.0926308 36.5735578
v -23.4925405 12.9520758 36.3301527
v -23.3844260 13.2603598 36.6804872
v -22.8923664 12.8586847 37.3009591
v -22.1175458 12.1499750 37.0603680
v -22.5763394 12.5119823 36.8169629
v -22.4682249 12.6697163 37.1672974
v -22.3323887 12.4866824 36.3582920
v -22.7911823 12.4382690 36.1148869
v -22.6830678 12.8424428 36.4666284
v -23.5992689 12.5838215 35.9784112
v -22.5472316 11.7423653 35.6576230
v -22.9533540 11.9066586 35.5929026
v -22.4446614 11.0433382 35.0512208
v -23.6325349 13.9237797 39.0695152
v -23.8224283 14.6912102 40.2668431
v -23.6644148 14.2782907 39.8686718
v -23.3650208 14.6684091 40.5102482
v -23.7156999 14.9420229 40.6185846
v -22.8895942 14.1952071 40.7480254
v -22.6636626 14.2667340 40.2963894
v -23.1210701 14.1442949 40.0529843
v -23.0143417 14.5625243 40.4033188
v -22.3129835 13.5708303 40.1894600
v -21.5797454 11.5099810 37.3586447
v -20.7328485 12.4673170 40.4539696
v -20.1520795 11.4343936 38.8232962
v -22.0884380 11.6411657 35.9010281
v -21.8749812 11.6867680 36.6031041
v -21.6310305 11.2672893 36.1444332
v -21.9817096 11.8463761 36.2513626
v -21.5880619 11.4484491 36.9928336
v -21.1084771 10.5189117 36.0079575
v -23.3941286 15.0251065 41.6709950
v -23.1792856 14.8783046 42.3716640
v -21.9941843 14.0852618 41.7934010
v -22.0038869 13.7991542 41.2432774
v -22.9644427 14.7752309 43.0737400
v -22.9034550 14.8580022 42.6600920
v -22.7495998 14.2832882 43.7758159
v -22.8577143 14.4875616 43.4240744
v -21.8403291 13.3571866 43.9376170
v -21.7238981 13.8663083 42.3210132
v -21.3177757 13.7782271 42.1859445
v -20.8603681 13.4408950 42.4307566
v -20.6164175 13.7132594 41.9720857
v -21.0738250 13.6351733 41.7286806
v -20.9670966 13.6270523 42.0790151
v -21.7474615 13.5805130 40.7831996
v -21.5326186 13.8397590 41.4852755
v -21.8832977 13.9500166 41.5922049
v -20.8312604 13.1782132 41.2700098
v -21.2886679 13.3075239 41.0266047
v -21.1819395 13.4839985 41.3783461
v -22.5361429 13.8791144 44.4764849
v -22.6428714 14.0224805 44.1261504
v -22.3213000 12.9533251 45.1785608
v -22.0773493 13.2197550 44.7198900
v -22.4280284 13.5417823 44.8282263
v -21.6199418 12.7615456 44.9647020
v -19.5477472 12.4941787 43.8883732
v -18.8644081 12.5547735 43.9770120
v -18.8657942 12.4020370 42.9668105
v -19.0543015 12.6590966 44.5679377
v -18.5927358 12.5628945 45.3811639
v -18.1408726 12.8333848 45.0519339
v -18.3543294 12.8842970 44.3498580
v -18.7063946 12.7171927 44.4567874
v -17.8969219 13.2322488 44.5932631
v -17.6529712 13.0495273 44.1345922
v -18.1117648 12.7462407 43.8911871
v -18.0036503 12.9701918 44.2429286
v -17.6820790 13.1832107 45.2953390
v -17.4381283 13.3915445 44.8366681
v -17.7901935 13.1616590 44.9435975
v -16.9807208 13.3312620 45.0800732
v -16.7367701 13.3806125 44.6228093
v -17.1955637 13.5324119 44.3794042
v -17.0874492 13.5005528 44.7297387
v -16.9516130 13.4112223 43.9207334
v -17.4104066 13.0242274 43.6773283
v -17.3022921 13.3087732 44.0276628
v -17.8664281 12.4919922 43.4479929
v -17.9676122 11.8644920 42.6952661
v -18.5400646 12.2630437 42.4884422
v -18.2184932 12.6072474 43.5408526
v -17.1664560 12.5894437 43.2186574
v -17.5171351 12.5660179 43.3255868
v -17.1331900 11.5374673 42.4110590
v -20.3724668 13.5127342 41.5134148
v -20.4805813 13.1557244 41.1630803
v -19.6711086 12.8224528 41.2995560
v -19.6891277 12.5413427 40.8014901
v -20.1576239 13.4883714 42.2154908
v -19.9150593 13.5174194 41.7582269
v -20.2657384 13.6985792 41.8651563
v -19.7002164 13.0788877 42.4588959
v -18.9988582 12.8265133 42.2450371
v -19.4562657 13.4446431 42.0016320
v -19.3495373 13.1410442 42.3519665
v -19.2137011 12.8430675 41.5429611
v -19.5643802 13.2116341 41.6498905
v -18.7549075 12.8299490 41.7863662
v -18.5109568 12.3401928 41.3291023
v -18.9697504 12.2383685 41.0856972
v -18.8616359 12.5016749 41.4360317
v -18.2975000 12.2889683 42.0297713
v -18.6481791 12.4035987 42.1381077
v -17.9454348 11.9316461 41.9017374
v -18.0535493 12.1103072 41.5725074
v -17.8095986 11.7376802 41.1138365
v -18.1602777 11.9378930 41.2207659
v -19.1069727 12.1499750 40.6720493
v -18.1990881 11.4768725 40.4652253
v -17.8095986 10.9215239 39.8377185
v -17.5365402 10.5870028 39.4958258
v -17.5656480 11.3128916 40.6565726
v -17.6737625 11.0689505 40.3048312
v -16.8642898 10.7619158 40.4413069
v -16.2973817 10.2403004 40.1908670
v -17.0181450 10.5501462 39.7856608
v -17.1858611 10.2699731 39.3888964
v -17.1082405 11.1379786 40.8999777
v -17.4589196 11.4812453 41.0069071
v -17.0320059 11.2972743 42.0044459
v -16.8310238 10.9174634 41.5654726
v -17.2440766 11.4372047 41.7089831
v -16.7159789 10.7144394 40.9703260
v -15.9744243 10.3799184 40.6776771
v -15.7041380 10.1287934 40.4708532
v -14.8392220 9.6880752 41.0153489
v -15.1427742 9.7892749 40.3582959
v -15.4324657 9.4625625 38.8528424
v -15.8898732 9.5137870 38.6094374
v -15.7831448 9.6524680 38.9597718
v -16.9225053 11.9275856 42.7613935
v -16.7076624 12.9358339 43.4620625
v -16.4650978 12.0921912 43.0047986
v -16.8157769 12.4607578 43.1117280
v -15.8039360 11.8429403 43.5436665
v -16.1130326 11.6599064 42.8978692
v -16.4942055 13.5089861 44.1641385
v -16.2502549 12.6341090 43.7054676
v -16.6009339 13.1700923 43.8138040
v -16.2793626 12.9061611 44.8662144
v -16.0354119 12.6750262 44.4075436
v -16.3860910 13.0673309 44.5144730
v -15.6999798 12.0062965 44.0811275
v -14.9071401 9.8492450 41.8932956
v -12.1405177 9.9501323 43.3269938
v -11.0579865 8.8191327 42.0747942
v -15.1885150 9.4207083 38.3941716
v -15.0817866 9.3410604 38.7459130
v -14.1018256 8.8834757 39.1694098
v -14.0283632 9.0205949 38.4237179
v -14.4871568 9.1442834 38.1803128
v -14.3790423 9.1777042 38.5306473
v -14.4913151 9.3426222 40.0684609
v -13.9216348 9.1470945 40.6565726
v -13.1911688 8.4290144 39.5985343
v -13.7857986 9.0683836 37.9650470
v -13.6776841 8.7950822 38.3167885
v -13.0830543 8.5358362 37.7511882
v -12.9763259 8.3862231 38.1015227
v -18.7562936 8.6629604 34.5418991
v -18.4319501 8.8272537 34.8992684
v -18.1824551 8.5149091 34.4377837
v -18.7951039 8.5386473 34.1268442
v -18.6481791 8.2719050 33.7258589
v -18.5553115 9.0736935 35.2369402
v -18.9309401 9.6352890 36.2035258
v -18.6093688 9.4456959 35.9882600
v -17.9759287 8.9634359 35.8222380
v -17.4783247 8.4005910 34.9175590
v -17.9052384 8.3187567 34.2126691
v -16.9335940 7.5222781 33.9411247
v -17.3923876 7.7655945 33.6977196
v -17.2842730 7.8255647 34.0480541
v -17.3466468 7.4707413 33.3501991
v -18.6273878 9.9042177 37.2756337
v -18.1810690 9.7661614 37.3910049
v -16.0284815 9.4969204 38.2562889
v -15.6473086 9.3098260 38.1507665
v -16.1047161 9.3794788 37.9073614
v -15.5918652 8.9609371 37.5837593
v -15.4906812 7.8558621 35.8053544
v -14.6410121 8.3990293 36.9689152
v -14.9445643 9.2407978 37.9369077
v -15.2952434 9.2504805 38.0438371
v -14.2432061 9.3622999 37.7216419
v -14.7019997 8.8569264 37.4782368
v -14.5938852 9.3529295 37.8299783
v -13.9992555 8.7707193 37.2643780
v -13.9327235 8.1963177 36.8633928
v -13.5418479 8.9065892 37.5077831
v -13.8925270 9.1980066 37.6147125
v -12.8404898 8.2750285 37.2925173
v -13.2978973 8.2772149 37.0491122
v -13.1911688 8.5039770 37.4008537
v -13.0539466 7.6831356 36.5918483
v -13.9022296 6.9360074 35.2299054
v -15.5669157 6.9344457 34.1212163
v -15.9356139 7.6965664 35.0610695
v -16.8240934 13.1101221 48.1008289
v -15.6223591 13.8460059 48.7902421
v -15.6639416 14.4051026 48.1303752
v -16.1227352 13.8994168 47.8869701
v -16.0160068 13.9787523 48.2373046
v -18.4264057 12.4626319 45.9706826
v -17.9551374 12.8361959 46.9133497
v -17.7111867 13.0920061 46.4546789
v -18.0618658 12.7618579 46.5616083
v -17.2828870 12.9992398 47.8574238
v -17.7402945 12.8836723 47.6140187
v -17.4963438 13.2678561 47.1567548
v -17.8484090 12.9005389 47.2636842
v -17.0389363 13.6801509 47.4001599
v -16.7949856 13.8975427 46.9414890
v -17.2537792 13.2847227 46.6980839
v -17.1456647 13.5283515 47.0484184
v -16.5801427 14.0056139 47.6435650
v -16.9322079 13.4368345 47.7504944
v -15.8787845 13.8975427 47.4282992
v -16.3375781 13.8997291 47.1848941
v -16.2294636 13.9287772 47.5366356
v -16.0936274 13.6695312 46.7276302
v -16.5510349 13.6501658 46.4842251
v -16.4443065 13.7738543 46.8345596
v -17.4672361 13.1391702 45.9960080
v -17.2246715 13.4227790 45.5387441
v -17.5753506 13.1607219 45.6456735
v -17.0098285 13.6732793 46.2394131
v -17.3605076 13.2815993 46.3477495
v -15.9092783 13.2784758 46.2605176
v -16.7658779 13.3093979 45.7821492
v -16.6591494 13.5205428 46.1324837
v -16.8739924 13.2294377 45.4318147
v -14.3014216 14.8223949 50.7234132
v -14.6521007 14.8020925 50.2253473
v -13.4032396 16.3407018 50.5081474
v -13.8606471 16.0086795 50.2647423
v -13.7539187 15.6285562 50.6150768
v -12.9458321 16.8245235 50.7515525
v -12.7018814 17.8218396 50.2928817
v -13.1592889 17.0106808 50.0494766
v -13.0525605 17.1025101 50.4012180
v -12.4870385 17.3298970 50.9949576
v -11.7856803 18.2497517 50.7810988
v -12.2430878 18.3456414 50.5376937
v -12.1363594 17.8858703 50.8880282
v -12.0005232 18.9375344 50.0790228
v -12.4579307 17.8615074 49.8356178
v -12.3512023 18.3678179 50.1859523
v -8.3939343 18.0314228 54.3463502
v -7.9351407 18.7210796 54.5911623
v -7.6911900 18.6795378 54.1324914
v -8.1499836 18.4059239 53.8890863
v -8.0432552 18.4190424 54.2394208
v -7.9060329 18.7648078 53.4304155
v -9.0370770 18.3871833 52.2415293
v -9.4944845 18.3990524 51.9981242
v -8.5228400 18.2175802 52.8465246
v -8.1208759 18.7188932 52.7297465
v -8.3357188 18.9500281 52.0276705
v -8.7931263 18.8713173 51.7842654
v -8.6863979 18.6211293 52.1345999
v -11.5417296 19.1617977 50.3224279
v -11.2977790 18.0542240 49.8651640
v -11.7565726 17.8368322 49.6203520
v -11.6484581 18.5258642 49.9720934
v -11.0843221 18.7644955 50.5658330
v -11.4350012 18.5948924 50.6727624
v -10.6255285 18.6339355 50.8092381
v -10.3815779 18.6429935 50.3519742
v -10.8403714 18.3197168 50.1085691
v -10.7336430 18.8597606 50.4589036
v -10.8874983 17.4820088 49.6484913
v -11.0621448 18.0045612 51.2608742
v -9.9532781 18.5105594 51.7547192
v -10.4106856 18.2934799 51.5113141
v -10.1681210 18.7373215 51.0526432
v -10.5188001 18.4505892 51.1609796
v -9.7093274 18.9294134 51.2974553
v -9.4653767 18.6495527 50.8387844
v -9.9241703 18.6739156 50.5953793
v -9.8174419 18.8838111 50.9457138
v -9.2519199 19.0115600 51.5408604
v -9.6025990 18.8432063 51.6477898
v -8.5491756 19.0015650 51.3255946
v -9.0079692 18.7160821 51.0821895
v -8.9012408 19.1033893 51.4325240
v -8.7640186 18.1116954 50.6249256
v -9.2228122 18.0492265 50.3801135
v -9.1146976 18.3115959 50.7318550
v -10.1390133 17.7515621 49.8933034
v -9.6802197 18.0223648 50.1367084
v -10.0308988 18.3159687 50.2450448
v -8.9788615 17.3049094 49.9228496
v -9.4362690 17.2871058 49.6794446
v -9.1937044 16.4921889 49.2207737
v -9.5443835 16.9135417 49.3277031
v -15.6902772 12.4926169 45.0364573
v -16.1712481 12.7996516 45.2165489
v -15.6362199 13.7882221 46.9710353
v -15.7429483 13.6120598 46.6192939
v -15.4213770 14.2848500 47.6717043
v -15.1774263 14.3342004 47.2144404
v -15.5281054 14.0009288 47.3213698
v -14.7200188 14.4279038 47.4578455
v -14.9279313 13.8466306 46.8514432
v -14.4053779 13.0229780 46.0128916
v -14.0172745 14.5334762 47.2439867
v -13.9493565 14.0861988 46.8387805
v -13.3159164 14.6846510 47.0287209
v -13.0719657 13.9459561 46.5714570
v -13.5307593 13.5870722 46.3266450
v -13.4240309 14.1658467 46.6783864
v -15.2065341 14.7596137 48.3737803
v -14.9625834 14.7033917 47.9165164
v -15.3132625 14.5578391 48.0234458
v -14.9598112 14.5600255 49.0589726
v -14.7477405 15.1394246 48.6171853
v -15.0998057 14.6071895 48.7255217
v -14.2903330 15.6004452 48.8605904
v -14.0463823 15.5442232 48.4033265
v -14.5051759 14.9894993 48.1599214
v -14.3970614 15.2218836 48.5102559
v -14.2612252 14.8617503 47.7012506
v -14.6119043 14.7749186 47.8081800
v -14.7768482 14.8152110 49.7779322
v -14.5342836 15.2796673 49.3192613
v -14.3194407 15.5970094 50.0213372
v -13.6180825 16.6024465 49.8060715
v -14.0754900 15.9355909 49.5626664
v -13.9687616 16.1979603 49.9130009
v -13.8329254 16.2822933 49.1054025
v -14.1836045 15.8365777 49.2123319
v -13.3741319 17.0750238 49.3488076
v -13.1301812 16.7492485 48.8901367
v -13.5889748 16.2107664 48.6467316
v -13.4808603 16.5940132 48.9970661
v -12.9167243 17.4260991 49.5922127
v -13.2674034 17.0968879 49.6991421
v -12.2139801 17.5429159 49.3769469
v -12.6727737 16.8298333 49.1335418
v -12.5646592 17.3605067 49.4852833
v -12.4288230 16.2891649 48.6762779
v -12.8876166 16.2429379 48.4314659
v -12.7795021 16.5209246 48.7832073
v -13.3464102 16.1776579 48.1866538
v -13.5598670 15.1975207 47.4873918
v -13.9105461 15.0382250 47.5943212
v -13.6957032 15.8262703 48.2963971
v -12.6436659 15.4961221 47.9742020
v -13.1010734 15.4252199 47.7307969
v -12.8585088 14.9476451 47.2721260
v -13.2091879 15.0728953 47.3790554
v -12.3567467 14.4844381 47.4156365
v -12.6145582 14.1139975 46.8148621
v -11.2284748 15.3458844 48.1050498
v -11.7524143 14.3966693 47.4043808
v -11.5555905 13.5933191 46.8795825
v -12.0407196 16.2435626 48.7536610
v -11.8633010 17.1287471 49.2700175
v -10.6879023 16.3491351 49.0519378
v -9.9685250 15.1300543 48.3962917
v -11.1120438 13.3728039 46.8823965
v -12.7212866 13.5555254 46.4631207
v -10.8223524 9.9919865 43.5661780
v -7.4777332 19.0556006 54.8345674
v -7.8284123 18.5870838 54.9414968
v -28.9661837 1.1392049 -21.6354328
v -28.2939333 0.8349813 -22.3825316
v -29.2988437 1.8838343 -20.0596310
v -28.1109703 2.8040014 -20.1834440
v -28.5531309 2.1602593 -20.3142918
v -28.1400780 3.5886109 -19.0241042
v -27.8961273 3.3171835 -19.4813681
v -28.2468064 3.1944321 -19.3744387
v -27.4387198 3.8859629 -19.2379630
v -27.1947692 3.2465936 -19.6966338
v -27.6521767 3.3371735 -19.9400389
v -27.5454483 3.4930334 -19.5897044
v -27.4096121 2.9086368 -20.3987098
v -27.7602912 3.1538273 -20.2903734
v -28.5475865 1.8872701 -21.0107399
v -28.5392700 1.4306224 -21.5875959
v -27.6230689 2.5525640 -21.0993788
v -28.0818625 2.1496395 -21.3427839
v -27.9751341 2.4185682 -20.9924494
v -27.8379118 1.6820597 -21.8014547
v -28.1885909 1.5327591 -21.6945253
v -27.3805043 1.9747266 -21.5580496
v -27.0921990 1.5558725 -22.0336041
v -27.6327715 1.2257244 -22.4388102
v -27.4872328 1.7626446 -21.9083841
v -27.1656614 2.4997778 -20.8559737
v -26.3520305 2.0443794 -20.7898463
v -26.9508185 2.7643336 -20.1553047
v -27.0589330 2.5991033 -20.5056392
v -26.7359756 3.2578380 -19.4532287
v -26.4934110 2.7896335 -19.9104926
v -26.8440901 2.9564255 -19.8035632
v -26.0346174 2.7868224 -19.6670876
v -25.7920528 2.5113345 -20.1257584
v -26.1427319 2.5969169 -20.0188290
v -25.5079057 2.2233528 -20.6069407
v -25.3041514 2.0059610 -21.0416932
v -25.8960090 1.6986140 -21.4032834
v -25.3332592 2.3589104 -19.8823533
v -25.0893085 2.1462037 -20.3396172
v -25.4399876 2.2705169 -20.2326878
v -24.6319010 2.0831101 -20.0962121
v -24.3879503 1.7698286 -20.5548830
v -24.8467439 2.0856089 -20.7982881
v -24.7386294 1.9784747 -20.4479536
v -24.6027933 2.0640571 -21.2555520
v -25.0602008 1.7008004 -21.5003640
v -24.9534723 2.0278252 -21.1486226
v -24.9922827 1.3587831 -21.9069772
v -27.3222888 1.0586200 -23.8767293
v -27.0783382 1.2060467 -24.3354002
v -27.5371318 0.8440393 -24.5788053
v -27.4290173 0.9261859 -24.2284708
v -27.2931811 0.8812083 -25.0374761
v -27.6438602 0.6884917 -24.9291398
v -27.1074459 0.9961511 -23.1760603
v -26.8634952 1.2057343 -23.6333242
v -27.2141743 0.9761611 -23.5263948
v -26.4060877 0.9246242 -23.3899192
v -26.6209306 0.8874552 -24.0919951
v -26.5128161 0.8815207 -23.7416606
v -26.8343875 0.8024975 -24.7940711
v -26.9425020 0.7456508 -25.1444056
v -26.7276591 0.8256110 -24.4423296
v -29.0853869 3.1369607 -18.3515745
v -29.0063801 3.4318139 -16.8883300
v -28.4131364 3.8341137 -17.4060935
v -28.1691858 4.0080896 -17.8647643
v -28.6265933 3.5683085 -18.1081694
v -28.5198649 3.6582637 -17.7564279
v -28.3840287 3.5548777 -18.5654333
v -28.7347078 3.2544022 -18.4585039
v -28.8996517 3.4458694 -16.4901587
v -28.2038379 3.8075644 -16.7152732
v -28.6848088 3.5211445 -15.7880827
v -28.4408581 3.8347384 -16.2467536
v -28.7929233 3.4802273 -16.1398242
v -27.9834506 3.7775793 -16.0033485
v -27.7394999 3.8831518 -16.4606124
v -28.0901790 3.8431717 -16.3536830
v -27.9543428 4.0059032 -17.1626884
v -27.4969353 4.0468203 -16.9192833
v -27.2529847 4.0677474 -17.3765472
v -27.7103922 4.5671863 -17.6213592
v -27.6036638 4.1995568 -17.2696178
v -27.2820924 3.4852248 -16.2172073
v -27.3902069 3.7163598 -16.5647279
v -26.4823223 3.1588248 -16.9474226
v -26.7941911 3.5014667 -17.1331421
v -26.5516265 3.4911594 -17.5918129
v -27.0090340 4.2454715 -17.8352180
v -26.9023056 3.7863250 -17.4848835
v -27.9252351 4.2985700 -18.3220282
v -27.6812844 3.9631120 -18.7806991
v -28.0319635 3.8715950 -18.6737697
v -27.4678276 4.5743703 -18.0786231
v -27.8185067 4.5737456 -17.9716937
v -26.7650833 3.9072023 -18.2938889
v -27.2238769 4.4110141 -18.5372940
v -27.1171485 4.4231955 -18.1855525
v -26.9799262 3.7753929 -18.9945579
v -27.3306053 4.2148617 -18.8876285
v -28.4699659 3.8159977 -15.0874138
v -28.2274013 4.0093390 -15.5446777
v -28.5780804 3.6545156 -15.4377483
v -28.2565090 3.7800781 -14.3853378
v -28.0125584 3.6067269 -14.8426017
v -28.3632374 3.7975694 -14.7356723
v -27.5537648 3.4155720 -14.5991966
v -27.3112002 3.4121362 -15.0578675
v -27.7686077 3.6598254 -15.3012726
v -27.6618793 3.5042778 -14.9509381
v -27.5260431 3.6164095 -15.7599434
v -27.8767222 3.7110499 -15.6516071
v -28.0416661 3.8275545 -13.6832619
v -27.7977154 3.8103755 -14.1419327
v -28.1483945 3.8122496 -14.0335963
v -27.8268232 3.5233309 -12.9811859
v -27.5828725 3.4093251 -13.4398568
v -27.9349377 3.5923590 -13.3329274
v -27.3403079 3.5436333 -13.8985276
v -27.2321934 3.2825132 -13.5467862
v -27.0963572 3.2016160 -14.3557915
v -27.4470363 3.6926216 -14.2488621
v -26.4060877 2.8214927 -13.9393296
v -26.8149823 2.9851612 -14.6357777
v -26.5308352 2.9158207 -13.7620519
v -27.0672495 3.4733557 -15.5151314
v -26.6666714 3.1800642 -15.9526977
v -27.1739779 3.4802273 -15.8668728
v -26.6098420 3.0585622 -15.2717263
v -26.9605211 3.2544022 -15.1647969
v -25.9070977 2.7827619 -15.4869921
v -26.3658913 3.0404462 -15.7303971
v -26.2577768 2.8396086 -15.3800627
v -26.1219406 2.9217553 -16.1876610
v -25.4205824 2.4935309 -16.4029268
v -25.7712615 2.6578241 -16.2959974
v -25.4496902 2.3214290 -15.2435870
v -25.5564186 2.4804124 -15.5939215
v -24.9617888 1.9937796 -16.1595217
v -24.7192243 1.8928923 -16.6167856
v -25.1627709 2.0606213 -16.6322622
v -23.1876021 1.1132803 -15.5376428
v -23.0947345 1.2160417 -16.3452412
v -26.5225187 3.5561270 -18.7511528
v -26.2785681 3.1691321 -19.2098237
v -26.6292471 3.5398851 -19.1014873
v -26.2508464 3.2253542 -17.8732061
v -26.0637251 3.1419582 -18.5077477
v -26.4144042 3.4886606 -18.4008183
v -25.6922548 2.8355482 -18.5935726
v -25.1877204 2.4191929 -18.7680364
v -25.5772099 2.6762524 -19.4236825
v -25.9278890 2.9573625 -19.3167531
v -25.1184163 2.3760893 -19.1802774
v -24.8758517 2.2942551 -19.6389482
v -25.2265308 2.4179435 -19.5306119
v -24.4045833 1.7335966 -18.9818952
v -24.4170581 1.9291243 -19.3955431
v -24.1731074 1.9003886 -19.8528070
v -24.5237865 2.1543247 -19.7458776
v -23.6297627 1.1651295 -19.4546357
v -23.9305428 1.6348957 -20.3114779
v -23.8224283 1.4250002 -19.9597364
v -24.3588426 1.6467648 -21.7142228
v -23.9388593 0.9683525 -22.1658589
v -24.4669571 1.2482132 -22.0645573
v -23.6574844 1.0839199 -21.9294886
v -24.1439997 1.6811227 -21.0121469
v -23.9014351 1.4777864 -21.4708178
v -24.2521142 1.9194416 -21.3638884
v -23.5119456 1.1457642 -20.8222065
v -24.0372712 1.5390059 -20.6618124
v -23.4426415 1.0751743 -21.2274127
v -23.5507560 1.0751743 -21.5777472
v -22.3268444 0.4592308 -21.9702906
v -22.8660308 0.6535091 -21.8971284
v -19.8374386 -0.1079869 -21.9534070
v -19.4770569 -0.0780018 -22.0561155
v -18.7743127 -0.1082992 -22.2713813
v -19.2331063 -0.2273025 -22.5147864
v -19.1263778 -0.1304757 -22.1630449
v -22.2589263 -0.0158452 -25.1190802
v -27.7200948 3.4874112 -12.6308514
v -25.6187924 3.1410211 -10.7806913
v -26.7539946 4.5668740 -9.4736201
v -26.5405378 4.9142011 -8.7715441
v -26.2965871 4.3903993 -9.2302150
v -26.6472662 4.7883263 -9.1232856
v -25.8377935 4.3388625 -8.9868099
v -25.4039494 3.8341137 -9.4736201
v -25.9459080 4.1739446 -9.3371444
v -26.0318452 3.6801278 -10.0321855
v -26.3256949 5.2802690 -8.0708751
v -26.0817442 4.9463726 -8.5281390
v -26.4324233 5.0972350 -8.4212096
v -26.1108520 4.7955102 -7.3687992
v -25.8669013 4.8323669 -7.8260631
v -26.2175804 5.0875524 -7.7191337
v -25.4094938 4.1061658 -7.5826580
v -25.6243367 4.4528682 -8.2847339
v -25.5162222 4.3626007 -7.9343994
v -25.3803860 4.1798791 -8.7434048
v -25.7310651 4.5874887 -8.6350684
v -24.9215924 3.5889232 -8.4999997
v -24.6790278 3.5261420 -8.9572636
v -25.1364354 3.8075644 -9.2006687
v -25.0297069 3.9437466 -8.8503342
v -24.7414016 3.2859490 -7.9892711
v -24.2659750 2.9614230 -8.6561729
v -24.4350772 3.2678330 -9.4159345
v -24.3283487 3.0969806 -9.0641930
v -25.3512783 3.5592505 -9.9027447
v -25.1073276 3.2337875 -10.3600086
v -24.8924847 3.4811643 -9.6593396
v -24.3671591 3.1026028 -9.8197337
v -24.6499201 3.1866234 -10.1166035
v -24.2313229 2.6640710 -10.6273321
v -24.7566485 3.0704313 -10.4683449
v -23.9485619 2.7077992 -10.3318692
v -23.7337190 2.7231041 -9.6297933
v -23.3178940 2.3298623 -10.1405219
v -23.8404474 2.7177943 -9.9801278
v -22.5763394 1.9734772 -10.1109756
v -23.0988928 2.3120587 -9.4398529
v -23.6256045 2.6487661 -9.2794588
v -25.6534445 4.5075285 -7.1253941
v -26.0041235 4.5106520 -7.0184647
v -25.1946509 3.6557650 -6.8819890
v -24.9507002 3.3830882 -7.3392529
v -25.3013793 3.9359380 -7.2323235
v -24.0081635 4.1395867 -2.8228926
v -23.4495719 4.7333536 -2.4275352
v -23.2056212 4.6568292 -2.8862060
v -23.3137357 4.3244946 -3.2365405
v -22.9921644 5.3127528 -2.1841301
v -22.7482137 4.9741713 -2.6428009
v -23.0988928 4.9129518 -2.5358715
v -22.2894201 5.3155639 -2.3993959
v -22.0468555 4.8998333 -2.8566597
v -22.5042630 4.7086784 -3.1000648
v -22.3975346 5.0057181 -2.7497303
v -22.2603124 4.3857142 -3.5587357
v -22.7191060 4.1233447 -3.8021408
v -22.6109914 4.4594275 -3.4518063
v -23.3539321 3.7413474 -3.9948951
v -22.1258623 3.8169347 -4.3677411
v -22.8798916 3.6429588 -4.3283460
v -22.6899982 3.1322755 -4.9614806
v -22.2312046 3.5851751 -4.7180755
v -21.9886400 3.1585124 -5.1767464
v -22.3393191 3.2718935 -5.0698170
v -22.0177478 4.1477076 -4.0174066
v -21.7737971 3.8069397 -4.4746705
v -21.3150035 3.5779912 -4.2312654
v -20.8977924 2.9386219 -4.7419940
v -21.5298464 3.2328504 -4.9333413
v -21.4231180 3.4224436 -4.5815999
v -21.8029048 4.4928483 -3.3153306
v -21.5589542 4.1136621 -3.7725945
v -21.9096333 4.3666611 -3.6656651
v -21.5880619 4.9498084 -2.6132547
v -21.3441112 4.4388127 -3.0719255
v -21.6961764 4.7414746 -2.9649961
v -20.8867037 4.5072162 -2.8285204
v -20.6427531 3.9137615 -3.2857843
v -21.1015467 3.9949711 -3.5291894
v -20.9934322 4.2451591 -3.1788549
v -20.8575960 3.4883483 -3.9878603
v -21.2082751 3.8394235 -3.8809309
v -20.3988024 3.3240550 -3.7444552
v -20.5415690 3.0854238 -4.2622186
v -20.1853455 3.8978320 -3.0423792
v -19.9413949 3.2016160 -3.5010501
v -19.3536955 3.0963559 -2.9410777
v -19.8485273 2.0893570 -5.0909215
v -20.2158394 1.4581087 -8.7954625
v -19.5117090 1.3319215 -9.0008796
v -18.6370904 1.2897550 -6.2713658
v -18.8131230 1.1164038 -9.2231802
v -15.9938294 0.4854678 -10.0406273
v -15.3368259 0.3917644 -10.3206135
v -20.5762211 0.6035340 -13.9801316
v -19.9233758 0.8549714 -13.4806588
v -20.3821694 0.6603807 -13.7240639
v -20.2740549 0.7856309 -13.3723224
v -19.2220176 0.6972374 -13.6945176
v -19.6794251 0.6728745 -13.9379227
v -19.5726967 0.7981247 -13.5875882
v -19.9774330 0.5048331 -14.2727805
v -19.2649862 0.3905150 -14.4739767
v -18.1339422 0.6294586 -11.5390459
v -17.0042842 0.3902027 -12.0863556
v -17.4894134 0.7112929 -11.1619791
v -17.3591215 0.6441388 -10.4275429
v -16.2197610 0.4142532 -10.7764704
v -14.8184307 0.1415764 -11.2041881
v -15.9813547 0.2599550 -12.1918781
v -15.9078923 0.3564695 -11.6389405
v -17.7527692 0.3786459 -13.2808696
v -18.9780669 0.5888538 -14.1531884
v -18.7632240 0.5048331 -13.4511125
v -18.5206594 0.4504852 -13.9097834
v -18.8713385 0.5566823 -13.8014470
v -17.1927915 0.2424637 -13.6438668
v -23.9651949 5.9390036 -0.3522606
v -23.7226303 5.8421768 -0.8109314
v -24.0733094 5.6988106 -0.7025951
v -23.2638367 6.0864302 -0.5661194
v -23.4689771 5.5982357 -1.0529295
v -23.7517381 6.5624433 0.3498154
v -23.5077874 6.5683779 -0.1088555
v -23.8584665 6.1623300 -0.0019261
v -23.5368951 7.0906180 1.0504844
v -23.2929445 7.2561606 0.5932205
v -23.6436236 6.8045104 0.7001499
v -22.8355370 6.9172667 0.8366256
v -22.5915863 6.4649918 0.3779547
v -23.0489938 6.6339702 0.1345496
v -22.9422654 6.8285609 0.4862911
v -22.8064292 6.2941394 -0.3227143
v -23.1571083 6.4003365 -0.2157849
v -22.3476356 6.1588942 -0.0793092
v -21.8361708 5.5560692 -0.5661194
v -22.5624785 6.0911154 -0.7813851
v -22.4557501 6.0089688 -0.4310506
v -22.1327927 6.2660283 0.6213598
v -22.2409072 6.1276597 0.2710253
v -21.8611203 5.5607544 -0.9952439
v -22.7773215 5.8334311 -1.4834611
v -22.5333708 6.0189638 -1.9407250
v -22.8840499 5.5997974 -1.8337956
v -22.3185279 6.0408279 -1.2386490
v -22.6692069 6.0911154 -1.1317196
v -21.6171697 5.2046816 -1.4539148
v -22.0759633 5.8918396 -1.6973199
v -21.9678488 5.6019838 -1.3469854
v -21.8320126 5.4102043 -2.1559908
v -22.1826917 5.6635157 -2.0476544
v -23.3220522 7.4510636 1.7525603
v -23.0781015 7.4251390 1.2952964
v -23.4301667 7.1861954 1.4022258
v -23.1072093 6.8838459 2.4546363
v -22.8646447 7.4217032 1.9959654
v -23.2153238 7.3723527 2.1028948
v -22.4058511 6.5993000 2.2393705
v -22.1619004 6.7226761 1.7821066
v -22.6206940 7.1296610 1.5387015
v -22.5139656 6.9841085 1.8890360
v -22.3767434 6.8832212 1.0800307
v -22.7274225 7.0774995 1.1869601
v -22.6498018 6.4303216 2.6980414
v -21.9484436 6.0808080 2.4827756
v -22.2991227 6.2616555 2.5911120
v -21.2554019 5.7897029 2.2928352
v -21.7044929 6.2735246 2.0255117
v -20.5443411 5.7818943 2.0550580
v -21.0031347 6.0623797 1.8102459
v -20.8950202 5.7522216 2.1619874
v -21.9193358 6.9238260 1.3234357
v -21.6753852 6.3931526 0.8661719
v -22.0260643 6.6142925 0.9731013
v -21.4605422 6.5483878 1.5668408
v -21.8112213 6.5449520 1.6751772
v -20.7591841 6.5880556 1.3529820
v -21.2179777 6.3993995 1.1095769
v -21.1098632 6.3784724 1.4599114
v -20.9740270 6.0005355 0.6509061
v -21.3247061 6.1054833 0.7578355
v -20.5152334 6.2291717 0.8943112
v -20.2726688 5.4742349 0.4370473
v -20.6233479 5.7790832 0.5439767
v -20.3017765 6.3844069 1.5963871
v -20.0578259 6.5877432 1.1377163
v -20.4085050 6.6920663 1.2460526
v -19.5990323 6.3953390 1.3811213
v -19.3564677 6.2910159 0.9238575
v -19.8138752 5.7194254 0.6804524
v -19.7071468 6.2632172 1.0307869
v -19.5699245 5.1884397 0.2217815
v -19.9206036 5.2455987 0.3287109
v -20.0176295 5.4417511 2.4771477
v -19.8429830 6.0517600 1.8397922
v -20.1936620 5.9071445 1.9467216
v -19.6281400 5.2874529 2.5418682
v -19.1707325 4.8105027 2.7852733
v -18.9267818 5.5535704 2.3266024
v -19.3855754 5.6791329 2.0831973
v -19.2774609 5.2562184 2.4349388
v -19.1416248 6.1623300 1.6259334
v -19.4923039 6.0302082 1.7328628
v -18.6828312 5.4895398 1.8693385
v -18.4402666 5.3777205 1.4106676
v -18.8976741 5.8068819 1.1672625
v -18.7909457 5.6097925 1.5175970
v -18.4693743 4.7614647 2.5700075
v -18.2254237 5.1419003 2.1127436
v -18.5761028 5.1534571 2.2196730
v -17.3161530 4.4007067 2.5517169
v -17.5656480 4.7870769 1.8468270
v -17.9814730 5.0822425 1.6540727
v -17.7375223 5.0775573 1.1968088
v -18.1963159 5.2821430 0.9534037
v -18.0895875 5.1746965 1.3037382
v -19.1125170 5.2387271 0.4651866
v -18.8685663 4.5721839 0.0079227
v -19.2746888 4.6084158 -0.0567977
v -18.6537234 5.6991230 0.7085917
v -19.0057886 5.9096432 0.8169280
v -17.9523652 5.3230602 0.4947329
v -18.4111588 4.8636013 0.2513278
v -18.3030443 5.4401894 0.6016623
v -18.1672082 4.6602650 -0.2073431
v -18.6232296 4.3785302 -0.2467381
v -21.3732190 5.2374777 -1.9125857
v -21.1306544 4.9444986 -2.3698496
v -21.4813335 5.2936998 -2.2629202
v -21.1597622 4.8867148 -1.2105097
v -20.9158115 4.7164870 -1.6677736
v -21.2664906 4.9279443 -1.5608442
v -20.2144533 4.1320904 -1.8830394
v -20.6718608 4.4806669 -2.1264445
v -20.5651324 4.3925857 -1.7761100
v -20.4279101 4.4385004 -2.5851153
v -20.7799753 4.7046179 -2.4767790
v -20.2657384 4.4294424 -1.1767425
v -19.9732748 4.3847771 -0.4507482
v -19.5408168 3.9047036 -1.0233833
v -18.7174833 3.3174958 -1.6297855
v -19.2913218 3.4265041 -1.9604225
v -19.9705026 3.8166224 -2.3403033
v -19.7265519 3.6835636 -2.7989742
v -20.0772310 3.9581145 -2.6920447
v -19.2691444 3.1806889 -2.5555691
v -22.4127815 5.6004221 4.2217854
v -22.3573382 5.2134272 4.9097917
v -18.9974721 4.2020556 3.3058506
v -18.7119389 4.6249701 3.0286783
v -18.0105807 4.3588525 2.8148195
v -18.3612598 4.3501069 2.9217489
v -17.6599016 4.4444349 2.7064832
v -16.8504290 4.3422983 2.8429589
v -16.6078644 4.5331408 2.3856950
v -17.0652719 4.7520943 2.1408829
v -16.9585435 4.4606769 2.4926244
v -16.7437005 3.9293788 3.1947003
v -15.9342278 3.5511295 3.3297690
v -16.1365960 4.0274550 2.8049708
v -15.9065062 4.5756196 2.1704292
v -16.3639137 4.9910379 1.9270241
v -16.2571853 4.5190853 2.2773586
v -15.6570112 2.8065001 4.4792601
v -15.4768203 3.4839754 3.5745811
v -15.0194128 3.7479066 3.8179862
v -14.7754621 3.8978320 3.3593153
v -15.1261412 3.6948080 3.4662447
v -14.8045699 3.1756914 4.5186552
v -14.5606192 3.6776291 4.0613913
v -14.9112983 3.4152596 4.1683207
v -14.1032117 3.0947941 4.3047964
v -13.8592610 3.1869358 3.8461255
v -14.3166685 3.6919969 3.6027204
v -14.2099401 3.3268661 3.9544619
v -14.0741040 3.4468064 3.1454565
v -14.5315115 3.9984069 2.9006444
v -14.4247831 3.7872620 3.2523859
v -15.4477126 4.4591151 2.4138343
v -15.2037619 4.9847910 1.9565704
v -15.6625555 5.1921878 1.7131653
v -15.5544410 4.6993081 2.0634998
v -14.9903051 4.5137754 2.6572394
v -15.3409842 4.1620755 2.7655757
v -14.2875608 3.8759679 2.4433806
v -14.7463544 4.5109643 2.1999755
v -14.6382399 4.2201716 2.5503100
v -14.5024037 4.2782676 1.7413046
v -14.9611973 5.0154008 1.4978995
v -14.8530828 4.8832790 1.8482340
v -12.8723697 1.9513007 5.8974817
v -13.5376897 2.3442302 5.2502774
v -13.9950972 2.8617851 4.6551308
v -13.1870106 2.4869716 4.7916065
v -12.9430599 2.4832235 4.3343426
v -13.4004674 2.9617354 4.0895306
v -12.7282170 2.3454796 5.0350116
v -13.0788961 2.3126834 5.1419410
v -12.2708095 2.2424059 5.2784167
v -12.0268588 2.0615584 4.8211528
v -12.4842663 2.1333976 4.5777477
v -12.3775379 2.2055492 4.9280822
v -12.2417017 2.0434424 4.1190769
v -12.6991093 2.2926933 3.8756718
v -12.5923808 2.2058616 4.2260063
v -12.5133741 2.0343844 5.7370876
v -12.0559666 1.8654060 5.9804927
v -11.8120159 1.9566106 5.5218218
v -12.1626950 2.0856089 5.6301582
v -11.3546084 1.6804980 5.7666339
v -11.1106577 1.5071468 5.3079630
v -11.5680652 1.7679545 5.0645579
v -11.4613368 1.7448410 5.4148924
v -11.1397655 1.3706522 6.4673028
v -10.8958148 1.4559223 6.0100389
v -11.2464939 1.5430664 6.1169683
v -10.4384073 1.1488876 6.2534440
v -10.1944566 1.1688777 5.7947732
v -10.6518641 1.3106821 5.5513681
v -10.5451357 1.2588329 5.9017026
v -10.4092995 1.0311337 5.0926972
v -10.8667070 1.1919911 4.8492921
v -10.7599786 1.2728884 5.2010336
v -11.7829081 1.7351583 4.3624820
v -11.5389575 1.4727889 3.9052181
v -11.9977511 1.7885692 3.6604060
v -11.8910226 1.7682668 4.0121475
v -11.3255006 1.4146928 4.6058870
v -11.6761797 1.7307855 4.7128164
v -10.6227564 0.7859432 4.3920282
v -11.0815500 1.0348818 4.1486231
v -10.9748215 1.0886051 4.4989576
v -10.8375993 0.6866177 3.6899523
v -11.2963929 1.1254618 3.4465472
v -11.1882784 1.0633052 3.7968817
v -14.0449962 3.7841386 1.9847097
v -13.8010455 3.3209316 1.5274458
v -14.2584530 3.5808023 1.2840407
v -14.1517246 3.7966323 1.6343752
v -13.8301533 3.4058893 2.6867856
v -13.5862026 3.2453442 2.2281148
v -13.9368817 3.6204700 2.3364511
v -13.1287951 2.6962425 2.4729268
v -12.8848444 2.5222666 2.0142560
v -13.3422519 2.9511156 1.7708509
v -13.2355235 2.8699061 2.1211854
v -13.0996873 2.5510023 1.3121800
v -13.5570949 2.7787015 1.0687749
v -13.4503664 2.8530395 1.4191094
v -13.6153104 3.1150965 3.3888616
v -13.3713597 2.9576749 2.9301907
v -13.7220388 3.1988049 3.0371201
v -13.1579028 2.7721422 3.6322667
v -13.5085819 3.0619980 3.7391961
v -12.4551586 2.1031002 3.4170009
v -12.9139522 2.4457422 3.1735958
v -12.8072238 2.3589104 3.5253373
v -12.6700015 2.1168434 2.7163319
v -13.0206806 2.5207049 2.8232613
v -12.2125940 1.8079346 2.9597370
v -11.9686433 1.5199529 2.5010662
v -12.4260508 1.9281873 2.2576611
v -12.3193224 1.7960655 2.6079956
v -11.7538004 1.5699281 3.2031421
v -12.1044795 1.8079346 3.3100715
v -11.0524422 0.8209258 2.9878763
v -11.5098497 1.2160417 2.7444712
v -11.4031213 1.2197898 3.0962127
v -11.2672851 0.8812083 2.2872073
v -11.7246926 1.2619563 2.0438023
v -11.6179642 1.2135429 2.3941367
v -12.6408937 2.2152319 1.5555851
v -12.3969431 1.8016877 1.0983212
v -12.8557367 2.1430803 0.8549161
v -12.7490083 2.2277257 1.2052506
v -12.1834862 1.6589462 1.7989902
v -12.5341653 2.0225153 1.9073266
v -11.4821281 0.9792845 1.5851314
v -11.9395356 1.3815843 1.3417263
v -11.8328071 1.3081833 1.6920608
v -11.6955849 1.0839199 0.8830554
v -12.1543785 1.3403548 0.6396504
v -12.0462640 1.4250002 0.9913918
v -17.9232575 3.8915851 -0.6646070
v -17.7707883 3.3349871 -1.0824758
v -16.9308218 2.2133578 -2.1180027
v -16.5205411 3.2425331 -1.0937316
v -16.2765904 2.7521522 -1.5524024
v -16.6272695 2.8158705 -1.4454730
v -15.8191829 2.7559003 -1.3089973
v -17.7084146 4.6758822 0.0360620
v -17.4658500 4.1670730 -0.4212019
v -17.8165291 4.2920108 -0.3142725
v -17.4949577 5.0175872 0.7381380
v -17.2510070 4.7155500 0.2808741
v -17.6016861 5.0422624 0.3878035
v -16.7935995 4.7920744 0.5242792
v -16.5496489 4.2867009 0.0656083
v -17.0070564 4.1842519 -0.1777968
v -16.9003280 4.5556296 0.1725377
v -16.7644918 3.6457699 -0.6364677
v -17.2801148 5.1700113 1.4402139
v -17.0361641 5.0147761 0.9815431
v -17.3868432 5.0647512 1.0884725
v -16.8213212 5.0463229 1.6836190
v -17.1733864 5.0535068 1.7905484
v -16.1199630 5.1428374 1.4683532
v -16.5787566 5.0335168 1.2249481
v -16.4706421 5.2649641 1.5766896
v -16.3348059 4.6180985 0.7676842
v -16.6854850 4.8860901 0.8746136
v -15.8773984 4.7533437 1.0110893
v -15.6334478 4.5687481 0.5524185
v -16.0908553 4.1901865 0.3090134
v -15.9841268 4.4322535 0.6607548
v -15.4186048 5.1647015 1.2544944
v -15.7692839 5.0350785 1.3614238
v -14.7172466 4.1092892 1.0406356
v -15.1746542 4.4613015 0.7958236
v -15.0679257 4.6274688 1.1475650
v -14.7019997 3.5676838 0.4581518
v -15.3894971 3.7853879 0.0951546
v -15.2827687 4.2076778 0.4454891
v -16.3056982 3.9246936 -0.3930626
v -16.0617475 3.5892356 -0.8503265
v -16.4124266 3.6173466 -0.7433971
v -15.8482907 3.7007426 -0.1482505
v -16.1989698 4.0221451 -0.0413211
v -15.6043400 3.2793898 -0.6069214
v -15.2924712 2.7515275 -0.9361514
v -15.7110684 3.0629350 -0.9572559
v -13.9521286 1.9035120 -0.5351661
v -14.0158885 3.0085870 0.8253698
v -14.3665675 3.4418089 0.9322992
v -13.3131442 2.3089353 0.6115110
v -13.8287672 2.2908193 0.1978631
v -13.6652094 2.6269020 0.7184404
v -13.3519545 1.7457780 -0.1496575
v -13.0705796 1.7657681 0.1528402
v -12.8266289 1.2269737 -0.3058307
v -12.6117860 1.5471269 0.3962453
v -12.9624651 1.9263132 0.5031747
v -11.9104278 1.0239498 0.1823865
v -12.3692214 1.1007865 -0.0610186
v -12.2611069 1.2503996 0.2893159
v -12.1252707 0.7700137 -0.5196895
v -12.5826782 0.8006234 -0.7630946
v -12.4759498 0.9421155 -0.4127601
v -13.0414718 0.9215008 -1.0064997
v -12.3401137 0.5663650 -1.2217654
v -12.6907928 0.7240990 -1.1148360
v -10.5922625 1.4546729 13.6076545
v -8.4008647 1.2344700 12.9182412
v -7.5525817 0.4757851 10.3589703
v -8.5228400 0.9280600 11.4212295
v -8.8984686 0.2521464 8.4680083
v -9.4612185 0.5972871 7.8742687
v -10.9789798 1.1860566 6.9921011
v -10.6809719 1.1476382 6.7107079
v -9.9920884 0.8924527 7.0807399
v -9.9796137 0.9633549 6.4968491
v -10.3302928 1.0311337 6.6037785
v -9.6441815 3.9909107 30.1788981
v -9.1867740 4.5665617 30.4223032
v -8.9428233 4.3254317 29.9636323
v -9.2935024 4.1555162 30.0705617
v -8.4854158 4.3888376 30.2070374
v -7.5650564 4.0305784 30.0255388
v -5.0340682 2.2817613 26.5362635
v -4.3257796 2.4991531 27.8123815
v -4.7041804 2.6528266 27.5169187
v -4.4602297 2.4941556 27.0582478
v -4.8109088 2.6475167 27.1665842
v -10.9512581 5.3424255 34.2661338
v -12.5965391 7.7709044 36.8352534
v -12.7032675 7.4413809 36.4835120
v -12.3816962 8.0070369 37.5359224
v -12.1391316 7.9939184 37.0786585
v -12.4898107 8.1048007 37.1855879
v -11.6803380 7.4766758 37.3220636
v -11.4363873 7.5516385 36.8633928
v -11.8951809 7.3957786 36.6199877
v -11.7870664 7.8530510 36.9717291
v -11.6512302 6.9544357 36.1627238
v -11.1938227 7.0793736 36.4061289
v -10.9498720 6.8935285 35.9474580
v -11.4072795 6.6558343 35.7040529
v -11.3005511 6.8301226 36.0543874
v -10.9789798 6.9525617 37.1082048
v -10.7350291 6.8982137 36.6495339
v -11.0857082 7.2152434 36.7564634
v -10.2679190 6.1904410 36.8985669
v -10.0336709 5.9827318 36.4342682
v -10.4910784 6.6105444 36.1908631
v -10.3843500 6.3497367 36.5426045
v -10.2485138 6.0305206 35.7335992
v -10.7059214 6.4200142 35.4901941
v -10.5991929 6.6221011 35.8405286
v -11.6248946 6.2507235 35.1975452
v -11.1647150 6.0982993 35.2467890
v -10.8140359 5.9371295 35.1384526
v -9.9477338 5.6188504 35.4493921
v -9.7010109 5.7234859 36.1528750
v -9.0148996 4.6440231 32.2738702
v -8.2996806 4.6483959 32.0684532
v -8.7570881 4.8023818 31.8250481
v -8.6503597 4.6911871 32.1753826
v -9.2158817 4.5134631 31.5816430
v -8.5145235 5.0391390 31.3663772
v -8.9719311 4.7698980 31.1229721
v -8.8652026 4.8529816 31.4747136
v -8.7279804 4.9341912 30.6657082
v -9.0800456 4.7823917 30.7726377
v -12.2749677 7.7718414 37.8876639
v -10.2041592 7.0615699 39.7378240
v -10.7003770 6.4706140 37.4782368
v -10.1889123 7.5532002 40.3174939
v -10.1237663 9.0221567 42.4068381
v -9.9685250 8.6289149 41.8173195
v -9.0661847 7.9907949 41.5823562
v -9.6899222 8.3103234 41.4430665
v -9.2630086 8.8310018 42.7205915
v -9.1202420 7.7162441 40.7466185
v -9.4487437 7.9904826 40.8591757
v -9.1382611 7.1968151 40.0023335
v -8.4909601 7.1930670 40.2021227
v -8.6101633 6.9966022 39.8363116
v -7.3432831 6.4034600 40.2161923
v -7.8783113 6.5177781 39.8306837
v -7.3820934 6.0392662 39.4606517
v -6.3383727 6.6152296 40.9858027
v -4.3798368 6.4528104 41.1279062
v -3.6715482 6.1267227 40.5988870
v -2.7789106 6.1832570 41.0237907
v -8.2705729 5.0297686 30.9091133
v -8.0266222 4.5831159 30.4504425
v -8.3773013 4.7011822 30.5587788
v -8.0557300 4.8064423 31.6111893
v -7.8117793 5.0444488 31.1525184
v -8.1638445 5.1297189 31.2594478
v -7.3543718 4.7505326 31.3959235
v -7.1104211 4.5034681 30.9386596
v -7.5692147 4.7624017 30.6938476
v -7.4611002 4.8067546 31.0455890
v -7.6759431 4.3407365 30.3435131
v -7.5983224 4.6234084 31.8545944
v -7.9490015 4.6334034 31.9615238
v -6.8955782 4.6102899 31.6393286
v -7.2476433 4.6140380 31.7462580
v -6.4381707 4.2495319 31.8827337
v -6.1942200 4.5637506 31.4254698
v -6.6530136 4.4569287 31.1820647
v -6.5448991 4.6340281 31.5323992
v -5.8019584 3.8797160 32.0825228
v -5.7368125 3.9278171 31.6688749
v -5.4928618 3.8256804 31.2102040
v -5.9516554 4.1998692 30.9667989
v -5.8435409 4.1492693 31.3185404
v -6.4090629 4.1764433 30.7233938
v -6.7597420 4.2542171 30.8303233
v -6.0403647 3.7154228 30.4842097
v -8.4272003 10.5210981 45.3206644
v -9.0426213 9.1976943 43.1469022
v -9.1909322 14.6481067 48.1148985
v -8.5616504 12.9973657 47.2017777
v -8.9497537 15.6766573 48.7635098
v -8.2483955 15.0510311 48.5482440
v -7.7064369 13.5745785 47.8053661
v -7.7466334 12.6728397 47.2003707
v -7.5470374 14.3813644 48.3343852
v -7.3030867 13.6432943 47.8757143
v -7.2226938 12.0465889 46.9020940
v -6.1484792 9.9170238 45.3502107
v -6.0334343 12.8046491 48.0797244
v -4.0707403 11.3556828 47.0835926
v -3.7949097 11.2301203 46.8036064
v -8.7349108 16.7308201 49.4641788
v -8.4923462 16.0583423 49.0069149
v -8.8430253 16.3007217 49.1138443
v -8.2775033 16.8257729 49.7075839
v -8.6281824 17.2283850 49.8159202
v -7.8187097 16.4000472 49.9509890
v -8.0335526 15.8927997 49.2503200
v -7.9268242 16.2604292 49.6006545
v -7.5414930 14.8170851 48.7297426
v -8.1402810 15.5510948 48.8985785
v -8.2373069 17.5697776 50.4589036
v -8.0917681 18.8179064 51.5689997
v -7.8436592 18.2666183 51.1047009
v -8.1984965 18.5102470 51.2186652
v -7.3904099 18.2313233 51.3551409
v -6.1512514 15.8318925 50.4138807
v -7.8769252 19.1333744 52.2710756
v -7.6343606 19.1215053 51.8124048
v -7.9850397 19.0993288 51.9207411
v -7.6620823 19.1805384 52.9731516
v -7.4195177 19.3713809 52.5144807
v -7.7701968 19.1586743 52.6214101
v -6.9607241 19.1699187 52.7578858
v -6.7181595 18.8528890 52.3006219
v -7.1755670 18.8129089 52.0572168
v -7.0688386 19.1230670 52.4075513
v -6.9427050 17.9311602 51.5366395
v -7.2822954 18.5502271 51.7054754
v -7.4486254 18.9112974 53.6738206
v -7.2046748 19.3054762 53.2165567
v -7.5553539 18.9690812 53.3234861
v -7.2337825 19.0084366 54.3758965
v -6.9898318 19.1561755 53.9186326
v -7.3405109 18.9675194 54.0255620
v -6.5324243 19.0471673 54.1620377
v -6.2884737 18.9347233 53.7033668
v -6.7472672 19.1692940 53.4599618
v -6.6391527 19.1755409 53.8102962
v -6.5033166 19.0374846 53.0012909
v -6.8539957 19.0787141 53.1096273
v -6.0445230 18.7844855 53.2446960
v -5.8019584 18.5752147 52.7874321
v -6.2593659 18.4993150 52.5440270
v -6.1526375 18.7623091 52.8943615
v -5.8310661 18.6314367 53.9467719
v -5.5205835 18.4402818 53.4754384
v -5.9377946 18.6829736 53.5964374
v -5.3431648 18.3849969 53.0308372
v -5.0992141 18.2110209 52.5721663
v -5.5871155 17.8955529 52.2035413
v -5.4498932 18.2534998 52.6805027
v -6.4575758 18.3287748 52.0501820
v -5.0590177 17.6937784 52.0459611
v -5.7978001 17.2627429 51.4578494
v -4.1539053 17.7193906 51.8996366
v -3.9113407 16.9232244 51.4423727
v -4.5184452 16.0424127 50.9457138
v -4.2620198 17.0222376 51.5493021
v -4.6418066 18.0970152 52.8169784
v -4.3978559 17.8087212 52.3583075
v -4.7485350 17.8768123 52.4652369
v -4.3562734 17.6787858 53.6710066
v -4.1830130 17.9545861 53.0603835
v -4.5350782 18.1251262 53.1673129
v -3.7256055 17.6144429 53.3037885
v -3.4816548 17.7137684 52.8451177
v -3.9404484 17.8427667 52.6017126
v -3.8323339 17.7993508 52.9520471
v -3.6964977 18.1379323 52.1430417
v -4.0471768 17.8465149 52.2513781
v -3.2377042 17.6194404 52.3878538
v -2.9951396 17.1537346 51.9291829
v -3.4525471 17.2052715 51.6857778
v -3.3458187 17.6247502 52.0361123
v -3.0242473 17.3558216 53.0885228
v -2.7802966 17.3195896 52.6312589
v -3.1309757 17.6709772 52.7381883
v -2.3228891 17.2521232 52.8746640
v -2.0789385 16.3360166 52.4159931
v -2.5363460 16.6920894 52.1725880
v -2.4296175 16.9691390 52.5229225
v -2.7511889 16.0833299 51.4705121
v -2.6444605 16.4543952 51.8222535
v -3.7186751 15.1388000 50.4687524
v -3.1004819 15.9021700 51.1398751
v -3.5606616 16.5206122 51.3354433
v -5.5954320 14.5112998 49.3952375
v -4.5808189 14.7999061 50.0438487
v -3.3887872 13.6907706 49.0983677
v -3.1517670 13.7204434 48.9084273
v -3.6854091 12.9155315 48.4990002
v -3.3652238 12.8902315 48.2063513
v -3.8905494 12.1302973 47.7927034
v -3.1226592 12.8693045 47.7490874
v -2.8787086 12.1674663 47.2904166
v -3.2848310 12.2046353 47.2271031
v -2.9078163 13.4365222 48.4497564
v -2.6638656 12.9274005 47.9924925
v -3.0145447 13.3656199 48.0994219
v -2.2064581 12.9798744 48.2358976
v -1.9625074 12.5935042 47.7772267
v -2.4199150 12.3355076 47.5338217
v -2.3131865 12.7253136 47.8841561
v -2.6971316 11.3716123 46.6446192
v -2.5280295 12.0100446 47.1834872
v -2.6929734 13.8912958 49.1518324
v -2.4490227 13.4368345 48.6931615
v -2.7997018 13.6970175 48.8014979
v -2.0609194 13.4433937 49.3361449
v -2.5862450 13.8241417 49.5021669
v -1.3512447 12.8924180 49.1335418
v -1.9916152 13.5255404 48.9365666
v -1.7476645 13.1988280 48.4793027
v -2.0983436 13.4080988 48.5862321
v -1.2902570 12.8627452 48.7227078
v -1.0463063 13.2794129 48.2640369
v -1.5037139 12.9495770 48.0206318
v -1.3969854 13.2953424 48.3723733
v -0.5875127 12.3317595 48.5088490
v -0.8023557 12.4651306 47.8067730
v -0.6956272 12.5769500 48.1571075
v -1.7185568 12.4741886 47.3199628
v -1.4759922 12.1893304 46.8612920
v -1.9333997 11.9616312 46.6178869
v -1.8266713 12.1793354 46.9682214
v -1.2611493 12.3255126 47.5633679
v -1.6118284 12.5550858 47.6702973
v -0.5597911 11.6986371 47.3481022
v -1.0171986 11.9941150 47.1046971
v -0.9104702 12.0278482 47.4550316
v -0.7732479 11.4347059 46.6474332
v -1.2320415 11.4821823 46.4026211
v -1.1239270 11.8235749 46.7543626
v -1.7698419 15.1537925 51.5577439
v -1.6201449 15.8565677 52.6593982
v -0.8051278 14.2636105 51.2876065
v -0.0538706 14.4557024 52.8465246
v 0.6114494 13.7020150 52.1191233
v 0.7445134 12.6675299 50.7318550
v 1.3183519 11.9094697 50.0199303
v 3.2283748 12.1249874 50.9991785
v 3.5346992 12.3814223 50.7009017
v 3.0260066 11.4362677 50.3041374
v 3.1646149 10.2065672 48.3695594
v -0.3158404 11.2457375 46.8908383
v -0.0718897 10.8890400 46.4321674
v -0.5306833 10.7840923 46.1887623
v -0.4225688 11.0973738 46.5390968
v -0.0649593 11.5384043 47.8025521
v 0.3855178 10.4430120 46.6755725
v 0.6294685 10.0616393 46.2183086
v 0.2787894 10.7631652 46.3252380
v 0.3564100 11.3934765 47.8349123
v 1.1173698 9.6227952 46.3252380
v -2.9632596 6.4771733 41.3713113
v -2.2757623 6.5293348 41.7357154
v -3.4262115 10.2590411 45.8679741
v -3.5509590 10.9714990 46.3449355
v -3.0935515 11.3400655 46.5883406
v -3.4442306 11.5874424 46.6952700
v -2.3908072 11.0021087 46.3744818
v -2.8496008 10.4686243 46.1310767
v -2.7595054 10.0466468 45.7314984
v -2.1482426 10.5214105 45.9158109
v -1.9042919 10.3452482 45.4585470
v -2.2549710 10.0129136 45.5654764
v -1.6894490 11.4590688 46.1592160
v -2.0401281 11.2685386 46.2675524
v -0.9880908 10.5916880 45.9453572
v -1.4468844 10.7597294 45.7019521
v -1.3387699 10.9977359 46.0522866
v -1.2029338 10.0238456 45.2432813
v -1.6603413 9.7617885 44.9998762
v -1.5536129 10.2040684 45.3502107
v -1.8391460 8.7838378 44.3962878
v -1.2126363 8.3809133 43.9038498
v -0.9589831 9.4681847 44.7860174
v -0.7150324 8.8469314 44.3273465
v -1.0657115 8.9618742 44.4342759
v -0.4696957 8.2931445 44.0543951
v -0.5778102 7.8012018 43.5042715
v -0.7441402 10.0510196 45.4866864
v -0.8522547 9.7998946 45.1363519
v -0.4613792 10.2440485 45.7807422
v 0.5837277 8.8819139 45.1307240
v -7.0189396 19.0896462 55.0779725
v -6.7749889 19.0053131 54.6193016
v -7.1270541 19.1789767 54.7262310
v -6.5615321 18.9144209 55.3213776
v -6.9122112 18.4524633 55.4283070
v -6.1027385 18.7014019 55.5647826
v -5.8587878 19.0174946 55.1061118
v -6.3175814 19.0840240 54.8627067
v -6.2108530 19.0787141 55.2144481
v -6.0736307 18.6876587 54.4054428
v -6.4243098 18.8216545 54.5123722
v -5.6453310 18.4946298 55.8081877
v -5.9960101 18.1210657 55.9151171
v -5.1865374 18.1704161 56.0515928
v -4.9439728 18.0339216 55.5943289
v -5.4013803 18.4368460 55.3509238
v -5.2946519 18.3187798 55.7012583
v -4.7291299 18.2897318 56.2949979
v -5.0798090 17.7309474 56.4033343
v -4.2703363 18.0058106 56.5384030
v -4.4851792 18.0289241 55.8377340
v -4.3784508 17.9480268 56.1880685
v -5.6162232 18.6051998 54.6488479
v -5.7229516 18.5293000 54.2985134
v -5.5081087 18.5530382 54.9991824
v -4.3285518 17.9723897 58.8584897
v -4.0846011 18.1391817 58.3998188
v -4.5433947 17.8686913 58.1564137
v -4.4366663 18.0895189 58.5081552
v -3.8711443 18.0426672 59.1018948
v -3.4123507 18.0432919 59.3452998
v -3.1697861 18.2082098 58.8880359
v -3.6271936 18.2453788 58.6446309
v -3.5204652 18.1413681 58.9949653
v -3.3832429 18.0745264 58.1859600
v -3.8420365 18.0064353 57.9425549
v -3.7339220 18.1338718 58.2928894
v -4.5142869 17.7068968 56.9970739
v -4.2994440 17.8883690 57.6991498
v -4.6501231 17.5210518 57.8060792
v -3.5980858 17.7184536 57.4838840
v -4.0568794 18.1060732 57.2404790
v -3.9487649 17.8996134 57.5922204
v -3.8129288 17.6459897 56.7832151
v -4.1636078 18.0092464 56.8901445
v -3.3541352 17.4954396 57.0266201
v -3.5662059 17.5235506 56.6003095
v -3.2640397 17.6188157 57.3825825
v -2.8967276 17.5644677 57.2700252
v -2.4379340 17.8661926 57.5134303
v -2.1953695 17.6591081 57.0547595
v -2.5460485 17.6444279 57.1630958
v -2.8579173 16.5468492 55.8475828
v -2.9258354 18.2000889 58.4293651
v -3.0325638 18.0745264 58.0790306
v -2.7109925 18.0617202 59.1314410
v -2.4670418 18.2228900 58.6727702
v -2.8177209 18.2394443 58.7796996
v -2.0096343 18.3028502 58.9161753
v -1.7656836 18.5289877 58.4589114
v -2.2244772 18.2360085 58.2155063
v -2.1163627 18.3806240 58.5658408
v -1.9805265 18.2413184 57.7568354
v -2.3312056 18.0592215 57.8637648
v -1.5217329 18.0158056 58.0002405
v -1.2791683 17.8271495 57.5429766
v -1.7365759 17.8508877 57.2981646
v -1.6298474 18.0504758 57.6499060
v -1.3082761 18.1298114 58.7023165
v -1.0643254 17.7890435 58.2436456
v -1.4150045 18.0682795 58.3505750
v -0.8203747 17.5579085 57.7863817
v -0.5764241 17.3720635 57.3277108
v -1.0352177 17.6422415 57.0843057
v -0.9284893 17.5482258 57.4346402
v -1.9236971 17.0422276 56.4089621
v -1.4926252 17.3883054 56.8409007
v -0.7912670 17.3439525 56.6256349
v -1.3110483 17.0131796 56.2077660
v -1.1419461 17.5013741 56.7339713
v -1.0061099 16.7014597 55.9249659
v -1.7116264 16.1770332 55.4353418
v -3.2668119 17.2074579 53.5471936
v -3.6188771 17.2655540 53.6541230
v -2.5654537 16.9338441 53.3319279
v -2.9161328 17.0213006 53.4402642
v -2.7026760 16.4846926 54.1409332
v -1.6492526 16.0405387 53.8201450
v -2.1080462 16.6742858 53.5767399
v -1.8640955 16.6811573 53.1180691
v -2.2147746 17.0200512 53.2249985
v -3.6563013 17.5950775 59.8039707
v -3.1975077 17.7731139 60.0473758
v -2.9549431 17.8846209 59.5887049
v -3.3056222 17.9258504 59.6970413
v -2.5418903 17.6447403 59.6477975
v -1.5799484 17.3526981 60.3203272
v -1.3373838 18.0214278 59.8616563
v -1.7947914 17.8905554 59.6182512
v -1.6880629 17.6753500 59.9685857
v -1.5508407 18.5114964 59.1595804
v -1.9015198 18.1626075 59.2679167
v -1.1225409 17.1755988 60.5637323
v -0.4211827 16.9994364 60.3484665
v -0.8785903 17.5985133 60.1050614
v -0.7718618 17.0803337 60.4568029
v 0.4950184 16.2704243 60.8366836
v 0.0376109 16.4334681 60.5918716
v 0.2815615 16.9122923 60.1346077
v -0.1772321 17.3077205 59.8912026
v -0.0691176 16.8382666 60.2415371
v -1.0934332 17.7843583 59.4043924
v -0.8494825 17.6085083 58.9457215
v -1.2001616 18.0254883 59.0526509
v -0.6346396 17.5310469 59.6477975
v -0.9853187 17.7000253 59.7547269
v -0.1703016 17.1315582 59.3312302
v -0.2839605 17.2764860 59.5394611
v 0.5560060 16.8473246 59.9939111
v 1.3460736 16.4162892 59.7927150
v 1.6343789 16.0264832 58.2563083
v 0.7389690 16.6018218 60.3780128
v 0.9829197 16.5643405 59.9193419
v 0.9538120 16.2410639 61.0800887
v 1.1977626 16.4350298 60.6214179
v 0.8456975 16.4219114 60.7283473
v 1.6551702 15.9871278 60.8648229
v 1.8991208 16.3269586 60.4075590
v 1.4403272 16.5146777 60.1641540
v 1.5484417 16.2744847 60.5144885
v 2.1430715 16.3738103 59.9488882
v 2.3856361 16.6386785 59.4902173
v 1.9282286 16.3369536 59.2468122
v 2.0349570 16.3856794 59.5985537
v 2.4438516 15.7041436 60.7972886
v 2.6004790 16.3538203 60.1922933
v 2.2497999 16.2335676 60.2992227
v 3.0578865 15.7331916 60.4356984
v 3.3018372 16.0674003 59.9784345
v 2.8444297 16.3663140 59.7350294
v 2.9511581 16.1036323 60.0853639
v 2.6295868 16.3522585 59.0329534
v 2.7363152 16.4303447 59.3832879
v 2.1707932 16.2719860 58.7895483
v 1.8201141 16.2607416 58.8964777
v 2.8735374 16.0283572 58.5742826
v 2.4396933 16.1348667 58.3041451
v 2.5228583 16.1804690 58.6826189
v 1.4957706 15.7153880 61.3657028
v 1.0605404 16.0992594 61.4304232
v 3.7412256 15.5429738 60.2809321
v 4.9193965 15.1662863 60.2499789
v 4.5687174 15.1834652 60.3583152
v 6.2431061 13.8719305 60.8015095
v 5.3781901 14.6521671 60.4947909
v 5.6221408 14.7087015 60.0361201
v 5.1633472 15.0475953 59.7927150
v 5.2700756 15.0213584 60.1430495
v 5.7011475 14.3570015 60.7283473
v 6.5383419 13.8538145 60.5229302
v 6.0795483 14.2151971 60.2795252
v 6.3234990 14.0315385 59.8222613
v 5.9714338 14.3332634 59.9193419
v 3.0897664 15.4433359 57.8454743
v 3.3309450 16.0889521 58.8176877
v 3.5748956 15.8222098 58.3604238
v 3.2242165 15.9746340 58.4673532
v 4.0323031 15.9224724 58.6038288
v 4.2762538 15.4442729 58.1451580
v 3.8188463 15.6785313 57.9017529
v 4.0614109 15.5323541 57.4444890
v 3.5471740 15.3158993 57.1363635
v 3.7107318 15.6057551 57.5514184
v 3.5457879 16.1289322 59.5197636
v 3.7897385 16.0892644 59.0624997
v 3.4390595 16.2638650 59.1694291
v 4.0031954 15.7566175 59.7631687
v 3.6525163 15.8450110 59.8700981
v 4.7059397 15.2643625 59.5493099
v 4.2471461 15.7266324 59.3059048
v 4.3552606 15.4361520 59.6562393
v 4.4910967 15.7940988 58.8472339
v 4.1404176 16.0633398 58.9541633
v 4.9485042 15.2321910 59.0906390
v 5.1924549 15.3243326 58.6333751
v 4.7350474 15.4830036 58.3885631
v 4.8417758 15.5042431 58.7403045
v 5.6664954 14.5831390 59.2636958
v 5.0566188 14.9835647 59.4423805
v 5.6512485 14.8198962 58.8767802
v 5.8938131 14.7202583 58.4181094
v 5.4364056 14.8917354 58.1747043
v 5.5431340 14.9460834 58.5250388
v 4.5202045 15.2290675 57.6878941
v 4.7641552 15.3027808 57.2292232
v 4.3053616 15.2871636 56.9858181
v 4.4120900 15.3499449 57.3361526
v 4.9776120 14.9901239 57.9312992
v 4.6269329 15.2468712 58.0382286
v 5.5944191 14.4863122 57.7413588
v 5.2880947 14.7736692 57.0589804
v -1.4066880 16.0714608 53.3614741
v -1.1627373 15.6388636 52.9028033
v -1.5134164 16.1048816 53.0111396
v -0.9478944 15.5186109 53.6048792
v -1.2985735 15.7772322 53.7118086
v -0.6290952 15.2234453 53.1659059
v -0.6651334 14.9342143 52.7044211
v 0.1110733 14.8295789 54.0438526
v 1.5068592 13.6058129 53.1996731
v -0.5473163 16.8251482 56.1683710
v -0.2839605 16.1945245 55.6492006
v -0.6554308 16.4178509 55.8166295
v -0.3338595 17.0940768 56.8704469
v -0.0899088 16.7857928 56.4117761
v -0.4405879 17.4076708 56.5187055
v 0.3674987 16.4553322 56.6551812
v 0.5601643 16.1167507 56.1317899
v 0.2607703 16.4550199 56.3048467
v -0.1190166 17.0740868 57.5711159
v 0.1249341 16.8819949 57.1138520
v -0.2257450 17.1621679 57.2207814
v 0.5823416 16.6474241 57.3572571
v 0.8262923 16.4084805 56.8985863
v 0.4756132 16.6836561 57.0055157
v 1.2836998 16.3788078 57.1419913
v 1.5276505 16.1258087 56.6847274
v 1.0702430 16.1748468 56.4413224
v 1.1769714 16.3728733 56.7916568
v 1.7424934 15.9508958 57.3853964
v 1.9864441 15.7766075 56.9281325
v 2.0418874 15.5845156 56.5060428
v 1.3128076 15.7940988 55.9826515
v 0.9621285 15.9115404 56.0895809
v 3.7620169 14.8136493 55.3804701
v 2.5893903 13.6654707 53.9101908
v 4.3344693 15.2777933 55.8363270
v 4.5493122 15.1797171 56.5285542
v 4.1986331 15.2687353 56.6354836
v 5.2506704 14.4781912 56.3132885
v 4.7918768 15.2012689 56.0698834
v 4.8999913 14.8583145 56.4202179
v 5.0358275 15.4661370 55.6112125
v 4.5784200 15.2215713 55.3678074
v 4.6851484 15.2884130 55.7195489
v 3.9047835 14.8348887 54.4223264
v 4.1196264 15.0394744 55.1244023
v 4.8209846 15.3942978 54.9105435
v 4.3635771 15.1562912 54.6671384
v 4.4703055 15.1734702 55.0174729
v 4.6075277 15.2799797 54.2084676
v 4.1487341 15.0219831 53.9650625
v 4.2568486 15.0591521 54.3153970
v 1.5761634 13.2766018 52.7128629
v 1.9088234 12.6369201 51.9981242
v 3.1798619 13.9087871 53.3023816
v 3.4764837 14.1980182 53.0195814
v 2.8957148 13.3184559 52.6762818
v 3.6913266 14.5697082 53.7216574
v 4.3926848 15.2043923 53.5063916
v 3.9338912 14.5959451 53.2629865
v 4.0420057 14.8686219 53.6147280
v 4.1778419 14.8492566 52.8057226
v 3.7204344 14.0949445 52.5609106
v 3.8271628 14.3045277 52.9126520
v 3.2616408 13.4015396 52.3175055
v 3.9629990 14.1574134 52.1036467
v 3.5055915 13.1416689 51.8602416
v 3.6123199 13.6595362 52.2105761
v 3.7495421 13.1969539 51.4015707
v 3.3988630 12.7306235 51.5085001
v 7.8246272 12.9189672 64.7325720
v 7.3672197 12.8352589 64.4891669
v 7.6097843 13.1885206 64.0319030
v 7.1523768 13.2850351 63.7884979
v 7.2591052 13.1091851 64.1388324
v 6.4801264 13.5561501 62.8430169
v 7.3963275 13.1903947 63.3298271
v 6.9375339 13.3827989 63.0864220
v 7.0442623 13.3518768 63.4367565
v -18.0396885 -0.4075253 -23.4504187
v -17.2426905 -0.2972677 -23.4701162
v -17.1276456 -0.2860233 -23.1577698
v -16.7090484 -0.4272030 -23.6699054
v -17.3840711 -0.3459934 -24.0413443
v -17.0209172 -0.3369354 -22.8074353
v -16.1587733 -0.4859238 -22.4950889
v -16.4262874 -0.4746794 -23.3730356
v -15.9813547 -0.5630729 -23.7951253
v -15.9771964 -0.4590621 -21.5918168
v -16.8906254 -0.4315758 -22.0673713
v -13.6319434 -0.6061764 -21.4454924
v -13.1440420 -0.6489676 -22.3614271
v -11.8411236 -0.6589626 -23.4321281
v -10.3898944 -0.7395475 -21.0205887
v -9.7412073 -0.6595873 -21.5805611
v -10.8833400 -0.6642725 -19.9836549
v -10.9831380 -0.6767663 -20.6252313
v -8.8291645 -0.5315261 -18.5977935
v -9.2574642 -0.6092999 -20.0019454
v -8.9857919 -0.6233554 -21.6185492
v -6.3439170 -0.6330381 -20.5084531
v -6.8678565 -0.6811391 -22.2193236
v -9.5222062 -0.6717688 -23.3730356
v -7.9476155 -0.6705194 -24.8137686
v -12.2167522 -0.7732808 -24.6590023
v -10.7696812 -0.8135732 -25.5875998
v -12.5743617 -0.1620225 -12.6589907
v -11.4169821 -0.3903463 -13.7310987
v -10.1140638 -0.3225676 -12.4507598
v -12.2042775 0.0078930 -8.9347522
v -12.9347434 -0.0342736 -11.0128407
v -9.3683509 -0.0461426 -7.5010540
v -9.9435755 -0.0386464 -6.5569799
v -7.8991025 -0.0555130 -7.0859991
v -10.8791818 -0.1807631 -10.8749580
v -10.1445576 -0.1435941 -9.5650729
v -8.5810556 -0.1567126 -9.9463606
v -8.1693888 -0.1782644 -10.1686612
v -7.5290183 -0.1467176 -10.2685558
v -6.4963862 -0.1720175 -10.9678178
v -6.8983503 -0.2772776 -12.2833308
v -7.6981204 -0.4253289 -12.4690503
v -7.2199217 -0.3516156 -13.3357413
v -7.0535917 -0.0042885 -8.4001051
v -7.3515996 -0.0180316 -8.1173050
v -6.7999384 -0.0177193 -6.9424885
v -7.0147813 -0.0164699 -7.6445645
v -6.3938160 -0.0024144 -8.1215259
v -5.3695004 -0.0055379 -7.2843812
v -3.6812508 -0.0002280 -9.2879006
v -2.6569352 -0.0011650 -8.4493489
v -6.5448991 -0.3538020 -13.6382389
v -5.1089167 -0.2963306 -13.6452738
v -4.4505271 -0.1785767 -12.7448156
v -9.8673409 -0.5355866 -16.3677527
v -9.7495238 -0.5868111 -16.5900533
v -9.0675708 -0.4684325 -13.7296917
v -7.5414930 -0.3850365 -14.3881517
v -5.7007743 -0.5218434 -18.4036322
v -10.3122737 0.0325682 -3.3758301
v -11.8813201 0.4773468 -0.9783604
v -11.6373694 0.3342930 -1.4356243
v -11.9880485 0.4226865 -1.3286949
v -11.1799619 0.3058697 -1.1922192
v -10.9360112 0.2084182 -1.6508900
v -11.2866903 0.2727611 -1.5425537
v -11.6664771 0.5857304 -0.2762844
v -11.4239125 0.3773966 -0.7349553
v -11.7745916 0.5320071 -0.6266189
v -11.4530203 0.7856309 0.4257915
v -11.2090696 0.4551704 -0.0328793
v -11.5597487 0.6891164 0.0740501
v -10.7502760 0.2840055 0.2105258
v -10.5077114 0.1665640 -0.2467381
v -10.9651190 0.2805698 -0.4901432
v -10.8583905 0.2780710 -0.1398087
v -10.7211683 0.2199749 -0.9488141
v -11.0732335 0.2924388 -0.8418847
v -10.3178180 0.1265839 -0.8812797
v -10.4786037 0.1378283 -1.4074849
v -10.0807978 0.0669261 -0.0891580
v -9.2352869 -0.0002280 -0.1552853
v -10.3691031 0.0197621 -2.5921502
v -10.0655508 0.0278830 -1.9322832
v -10.5853321 0.1247098 -1.7578194
v -11.2381774 0.7131670 1.1264605
v -10.9942267 0.4748481 0.6691966
v -11.3449058 0.7650161 0.7761260
v -11.0233345 0.6247734 1.8285365
v -10.7793838 0.4320569 1.3712726
v -11.1300629 0.6856806 1.4782020
v -10.3219763 0.2505847 1.6146777
v -9.9366451 0.0766088 1.0167172
v -10.4287047 0.2640155 1.2629362
v -10.6435476 0.2705747 0.5622672
v -10.8084915 0.5395034 2.5306124
v -10.5659269 0.4017594 2.0719416
v -10.9166060 0.5894785 2.1788710
v -10.5950347 0.3964496 3.2326884
v -10.3510840 0.2056071 2.7740175
v -10.7017631 0.4648530 2.8809469
v -9.8922904 0.0828557 3.0174226
v -9.6497258 0.0931630 2.5587518
v -10.1071333 0.1771837 2.3153467
v -10.0004049 0.1225234 2.6670881
v -9.8631827 0.1471986 1.8580828
v -10.2138618 0.2346551 1.9650122
v -9.3905282 0.0709866 2.3251954
v -8.9483676 -0.0002280 1.0983212
v -10.3801918 0.4158149 3.9333574
v -9.9879302 0.0962865 3.4001173
v -10.4869202 0.3858299 3.5830229
v -10.1653488 0.5866674 4.6354333
v -9.9213982 0.2886907 4.1767625
v -10.2720773 0.4970245 4.2850988
v -9.4639907 0.2343428 4.4201676
v -9.2200400 0.0791075 3.9629037
v -9.5707191 0.1443875 4.0698331
v -9.9505059 0.8377924 5.3375093
v -9.7079413 0.4670395 4.8788384
v -10.0586204 0.7250360 4.9857678
v -9.7356630 0.8449764 6.0381783
v -9.4930984 0.6825572 5.5809144
v -9.8437775 0.9127551 5.6878438
v -9.0343048 0.5594934 5.8243195
v -8.7917402 0.4195631 5.3656486
v -9.2491477 0.4342433 5.1222435
v -9.1424193 0.5295084 5.4725780
v -9.0051971 0.2446501 4.6649796
v -9.3558762 0.3080561 4.7719090
v -8.5477896 0.2612044 4.9083847
v -8.3038389 0.0703619 4.4497138
v -8.7626325 0.0891025 4.2063087
v -8.6545180 0.1612541 4.5566432
v -8.3329466 0.3477238 5.6090537
v -8.0889960 0.2427761 5.1517898
v -8.4396750 0.3380412 5.2587192
v -7.6315884 0.1675010 5.3951949
v -7.3876378 0.0253843 4.9365240
v -7.8464314 0.0581804 4.6931189
v -7.7383169 0.1156518 5.0448604
v -8.5574921 -0.0002280 2.9935042
v -8.3371049 -0.0002280 3.7532657
v -8.8693609 0.0444373 3.8559743
v -5.0507012 -0.0002280 -0.9080121
v -2.9369241 -0.0002280 0.9871709
v -3.4054202 -0.0002280 -1.1711147
v -3.5883832 -0.0002280 -0.8278150
v -3.7879792 -0.0002280 -2.1095609
v -1.6423222 -0.0002280 2.4138343
v -0.7760201 -0.0002280 2.7233668
v -2.6694100 -0.0002280 -0.8658031
v -1.0393759 -0.0002280 -0.6477234
v -5.0396125 -0.0002280 -3.6923975
v -4.9675362 -0.0005403 -5.9688682
v -5.4859314 -0.0002280 -2.6456149
v -3.3666099 -0.0002280 -3.1056927
v -3.6937256 -0.0002280 -4.2959858
v -1.9250832 -0.0002280 -3.5432591
v -2.5405042 -0.0002280 -5.5594411
v -9.5222062 0.7543964 6.7402542
v -9.2782555 0.6485116 6.2815834
v -9.6289346 0.7875050 6.3899197
v -9.0634126 0.5738613 6.9836593
v -9.4140917 0.6966127 7.0905887
v -8.5228400 0.3914521 6.8457767
v -8.8194619 0.5023344 6.5263954
v -8.5768973 0.4258100 6.0677245
v -8.9275764 0.5245108 6.1746539
v -7.9198938 0.1999849 7.1609370
v -6.7528116 0.0631779 7.9403961
v -6.5296522 0.0706742 7.7434209
v -6.9884458 0.0965988 7.5000158
v -6.7444951 0.0894149 7.0413449
v -7.2019026 0.1262715 6.7979398
v -7.0951742 0.1125284 7.1496813
v -8.1181037 0.3183634 6.3111296
v -7.8755391 0.2680760 5.8524588
v -8.2262182 0.3430387 5.9607951
v -7.6606962 0.1934256 6.5545347
v -8.0113753 0.2640155 6.6614641
v -6.9593380 0.1081556 6.3406759
v -7.4167455 0.1812442 6.0972708
v -7.3100171 0.1484480 6.4476053
v -7.1727948 0.0909766 5.6386000
v -7.5234739 0.1884281 5.7455294
v -5.8615600 0.3274214 11.1848593
v -5.4485071 0.1534455 9.7145800
v -5.8379966 0.1122160 9.1672703
v -4.6528953 0.0659890 8.7057855
v -5.3431648 0.0563064 7.7673393
v -4.7041804 0.1671887 10.2632967
v -3.9570814 0.0625533 9.2587231
v -3.7477828 0.0741100 9.9425085
v -2.9258354 0.0463113 9.8074397
v -4.6681422 0.0419385 7.5577014
v -4.5614138 0.0538076 7.9094428
v -3.5578894 0.0178880 8.3695207
v -3.8018401 0.0175756 7.8686408
v -4.0194552 0.0060189 7.1679718
v -6.7153873 0.0341299 5.8820051
v -6.5005444 0.0563064 6.5840810
v -6.2565937 0.0047695 6.1254101
v -6.6072728 0.0416262 6.2323395
v -5.7991862 -0.0002280 6.3688152
v -5.3861334 -0.0002280 5.8496448
v -5.9059146 -0.0002280 6.0184807
v -6.2857015 0.0575557 7.2861570
v -6.0431369 0.0225732 6.8274861
v -6.3938160 0.0494348 6.9344155
v -5.8282940 0.0503718 7.5295620
v -6.1789731 0.0578681 7.6364915
v -5.1269358 0.0278830 7.3142963
v -5.5843433 0.0119534 7.0708912
v -5.4776149 0.0344422 7.4212257
v -5.3403926 -0.0002280 6.6122203
v -5.6924578 -0.0002280 6.7205567
v -4.8829851 -0.0002280 6.8570324
v -5.0437708 -0.0002280 6.3308272
v -4.4241915 0.0110164 7.1004375
v -4.7762567 0.0194497 7.2073669
v -3.8669860 -0.0002280 6.1155614
v -4.1525192 -0.0002280 5.4824268
v -7.0577499 0.9190020 12.6044878
v -5.9544276 1.0433151 13.7061421
v -1.4468844 0.8646541 15.5886624
v -3.4012620 0.2068564 11.3902763
v -3.7990679 0.4033212 12.2865135
v -2.7082203 0.4267470 12.7128242
v -2.1884390 0.3430387 12.5327326
v -2.4310036 0.2921265 12.0529572
v -1.4094602 0.0709866 10.9147218
v -0.8231469 0.0057066 10.4110281
v -1.5203469 0.1559443 11.5830306
v -1.3928272 0.2790080 12.3104320
v -1.1696678 0.1412641 11.4746943
v 0.2621564 0.1059692 11.1328016
v -0.3976193 -0.0002280 9.6090576
v -0.4184106 0.5216997 13.9312566
v -0.1744599 0.4226865 13.4725857
v -0.6623612 0.6422647 14.3885205
v -0.7510706 0.8718380 15.3818384
v -0.2146563 0.8381048 15.2073746
v -0.1425800 0.7328447 14.7979476
v 0.4298725 0.5669897 14.2492309
v 1.0910342 0.5544959 13.8046297
v 1.2282565 0.3608423 13.0434612
v 0.7167917 0.2355921 12.6255923
v 0.8775774 0.3970743 13.1517975
v 1.1284585 0.1072185 11.4451480
v 2.3620727 0.2911895 12.9520084
v 2.5935486 0.2309070 11.8165869
v 2.2636608 0.8837071 15.1736074
v 3.9366634 0.7690766 13.7497580
v 4.2208105 0.9724129 14.0466278
v 3.3101537 0.3108672 11.6843322
v 4.0350753 0.4914023 12.1852120
v 3.5735095 0.4051952 12.1781772
v 3.8202324 0.3258597 11.4845430
v 3.3628249 0.2727611 11.2411379
v 0.9094573 0.0238225 9.9819035
v 0.3730430 -0.0002280 8.9899926
v 1.5304227 0.0363163 10.2661106
v 1.7743733 0.0078930 9.8088467
v 1.3155797 0.0053942 9.5640346
v 1.4223081 0.0157016 9.9157761
v 1.5595304 -0.0002280 9.1067708
v 1.1187559 -0.0002280 8.7564363
v 1.7979367 0.1215864 11.1440573
v 1.9878302 0.0741100 10.5095157
v 1.6371511 0.0762964 10.6178521
v 2.4466238 0.1325184 10.7529208
v 2.6905744 0.1044074 10.2956569
v 2.2317808 0.0253843 10.0522518
v 2.3385093 0.0778581 10.4025863
v 2.9040313 0.2312193 10.9977328
v 2.5533522 0.1903022 11.1046622
v 3.6067755 0.2159144 10.7824671
v 3.1479819 0.1693751 10.5390620
v 3.2547104 0.2277835 10.8893965
v 3.3919326 0.1125284 10.0803911
v 2.9331390 0.0553693 9.8369860
v 3.0412535 0.1131531 10.1887275
v 2.0169379 -0.0002280 9.3501758
v 2.4757315 0.0085177 9.5935809
v 2.1250524 0.0028955 9.7005103
v 2.8264106 0.0231978 9.4866515
v -3.4650218 -0.0002280 5.8482379
v 2.0335709 -0.0002280 7.5225272
v 0.0722629 -0.0002280 3.6153831
v -2.5515929 2.2383454 27.3382340
v -0.7094881 2.1074730 25.5288760
v -0.4655374 2.1939925 25.0702051
v -0.5722658 2.3120587 26.2759748
v -0.2506945 2.3895201 25.7722811
v -0.6013736 2.2283504 25.8792105
v 0.2205739 2.2642700 26.0241280
v 0.4506637 2.3467289 25.5570153
v -0.0067438 2.3632832 25.3136102
v 0.0999846 2.4679186 25.6639447
v 0.3356188 2.0000265 24.9182528
v -0.3740559 1.8316728 24.5243024
v -0.1148583 2.1415186 24.9632757
v 0.9094573 2.1190298 25.8004204
v 0.6946144 2.0481276 25.0997514
v 0.8013428 2.1930554 25.4500859
v 6.5702218 1.5315097 24.2386883
v 7.6569112 1.6467648 25.3206450
v -0.5195947 0.8715256 16.0726586
v -0.0303072 0.9102564 15.8250326
v 1.7009109 1.0545595 18.5095234
v 1.9102095 0.9524229 16.5271086
v 4.4370395 0.9680401 17.2896841
v 5.0649353 0.9233748 16.8099087
v 3.6441998 0.7381545 14.6713206
v 4.1126960 0.8865182 16.1894368
v 4.8805862 1.0945396 14.3252070
v 1.0896481 3.5845504 35.1412666
v 1.9822858 4.0827400 36.4806980
v 2.0502039 4.2207962 35.8095753
v 1.5927964 3.9743564 35.5661703
v 1.6995248 4.0374500 35.9165047
v 1.8367471 4.0533796 35.1074994
v 1.4015169 3.7372869 35.0681043
v 2.2650468 4.1723828 36.5102443
v 3.0426396 3.8497309 36.3062343
v 2.5089975 4.1620755 36.0529804
v 2.6157259 3.9734194 36.4033149
v 3.1008551 3.8759679 35.5084847
v 2.0793117 3.8328643 34.6502355
v 2.3232623 3.7141734 34.1915646
v 1.9725832 3.5723690 34.2984940
v 2.7820559 3.6267169 34.4349697
v 2.2941546 4.2720207 35.3509045
v 2.5381053 4.2064284 34.8936406
v 2.1874262 4.2017432 35.0005700
v 2.7529482 4.0971078 35.5943096
v 2.4022691 4.1836272 35.7026459
v 2.9955128 3.9796662 35.1370457
v 2.8887844 3.9521799 34.7853042
v 6.3706258 2.8392963 33.6203365
v 6.1460803 3.8950209 37.8088738
v 6.9042679 3.8322396 36.6270225
v 3.6026173 6.4868559 42.2717694
v 1.8547662 7.6928182 43.9024428
v 2.5990929 7.5697545 43.8799314
v 2.7931446 7.3236270 43.2552385
v 2.8749235 6.6945651 42.4166869
v 2.9774937 8.4383847 45.1166543
v 3.2214444 8.3774775 44.6579835
v 2.8707653 8.1219797 44.7649129
v 3.0066014 7.8733534 43.9559075
v 3.4653950 8.0607601 44.1993126
v 3.7093457 7.5822483 43.7420487
v 3.2505521 7.6209790 43.4986436
v 3.3586666 7.7905821 43.8489781
v 3.9394356 8.3846614 45.1180613
v 3.9228026 7.9748654 44.4441247
v 3.5721235 8.2469175 44.5510541
v 4.7059397 7.9492531 44.8197846
v 4.1667532 7.4685549 43.9854538
v 3.0357092 7.0703156 42.7965677
v 3.2796599 6.7214267 42.3393038
v 3.4945028 7.1268499 43.0399728
v 3.1438237 7.4135822 43.1469022
v 3.9837902 6.6445899 42.8106373
v 5.0053337 7.3251887 44.2049405
v 3.4473760 9.5531424 46.6938630
v 3.5346992 9.0137233 46.1071583
v 3.1050134 8.7313639 45.6681850
v 3.4362873 8.6064261 45.3600594
v 3.8368654 10.6963234 47.9221442
v 4.0794300 10.6572804 47.4648803
v 3.6220225 9.9351398 47.2214752
v 3.7287509 10.2805928 47.5718097
v 3.8645871 10.0881886 46.7628044
v 4.3233806 10.9118412 47.0062095
v 4.5673313 10.0488332 46.5489456
v 4.1085377 9.6509062 46.3055405
v 4.2166522 10.3536815 46.6558750
v 4.5382236 10.9468238 47.7082854
v 4.7807882 10.3368149 47.2496146
v 4.4301091 10.9908643 47.3579509
v 5.1688915 9.9441978 47.3157419
v 5.0247388 9.6137372 46.7923507
v 4.8098959 9.1889486 46.0902747
v 4.9180104 9.4541292 46.4406092
v 4.2318991 9.0021666 45.9115900
v 4.4883246 8.1079242 45.0378643
v 3.5929147 10.7191246 48.3808151
v 3.8077576 11.0324062 49.0828910
v 4.2651651 11.8132675 49.3262961
v 4.5091158 11.6511607 48.8676253
v 4.0503222 11.1198626 48.6242202
v 4.1584367 11.4456380 48.9745547
v 4.2942729 11.0505222 48.1669563
v 3.9435938 10.8209489 48.2738857
v 3.7786499 11.9656917 50.2422309
v 4.0212145 11.7820331 49.7835600
v 3.6705354 11.6018103 49.8918964
v 3.9921067 12.9448918 50.9443068
v 4.2360574 12.8927303 50.4856360
v 3.8853783 12.4148431 50.5925654
v 4.6948510 13.0354718 50.7290411
v 4.9374156 12.5232267 50.2717772
v 4.4800081 12.5257255 50.0269651
v 4.5867365 12.8090220 50.3787066
v 4.7239587 12.2015118 49.5697012
v 4.3718936 12.1862069 49.6766306
v 5.1813663 11.9485127 49.8131063
v 5.4253169 11.4859305 49.3544354
v 4.9665233 11.7180025 49.1110304
v 5.0746378 11.8604316 49.4627718
v 5.3962092 12.1252997 50.5151823
v 5.6387738 11.8085824 50.0565114
v 5.2880947 12.2874066 50.1634408
v 5.8827244 11.2279339 49.5992475
v 5.9908389 11.3953505 49.9495820
v 6.1266751 10.6594668 49.1405766
v 5.6678815 11.0061692 48.8971715
v 5.7759960 11.0392777 49.2475060
v 4.7516804 11.4862428 48.4103614
v 4.9956311 10.7712861 47.9516905
v 4.6449520 11.1904525 48.0586199
v 5.2104740 11.2438634 48.6537665
v 4.8597949 11.6795841 48.7606959
v 5.4003674 10.4045936 48.0206318
v 5.5611531 10.7316184 48.5468371
v 6.4537908 8.4433822 46.4026211
v 6.4413160 10.2281190 49.0800771
v 6.6921971 10.6126151 49.7343162
v 7.9466026 9.5256561 49.4332255
v 8.4899473 8.8247549 48.6903476
v 7.8176968 8.7969562 47.9235512
v 9.5503010 8.3365604 49.3910166
v 8.1877811 8.0929316 46.9682214
v 6.7185327 7.6850096 45.4022684
v 7.6347338 7.2689667 45.2390604
v 10.8532194 7.2699037 45.7779283
v 11.0957840 7.3398689 45.3192574
v 10.5371924 6.7595327 45.0744454
v 10.8823272 6.8688533 44.6171815
v 10.2779948 6.1810706 44.2992072
v 10.6674842 6.2847690 43.9165125
v 11.7112050 7.8980286 48.5848251
v 11.9537696 7.9701802 48.1261543
v 11.7403128 7.8849101 47.4240783
v 11.5254698 7.8786633 46.7234093
v 11.0666763 7.6900071 46.4785973
v 11.1747908 7.6297247 46.8303387
v 11.3106269 7.7999524 46.0213334
v 10.9599478 7.5132201 46.1282628
v 12.0119851 7.4463784 45.8060676
v 11.5545776 7.6893825 45.5626625
v 11.6613060 7.7802747 45.9144040
v 11.9828774 8.0745033 46.9668144
v 12.2268280 7.5547620 46.5081436
v 11.8761489 7.8511769 46.6150730
v 12.7369067 7.1665177 46.5770849
v 12.4707787 6.9959776 46.0508797
v 12.3072209 6.9928541 45.5260814
v 12.1977203 8.1129217 47.6674834
v 12.4416710 7.6709541 47.2102195
v 12.0909919 8.0104727 47.3171489
v 12.4125632 8.3315629 48.3695594
v 12.6565139 7.9320742 47.9108885
v 12.3044487 8.1038637 48.0192249
v 13.1139214 7.8243153 48.1557006
v 12.8990785 7.3520503 47.4536246
v 13.0071930 7.5485151 47.8039591
v 11.1248918 7.1149808 44.1599176
v 11.3688424 6.8298103 43.7012467
v 11.0181633 6.7229884 43.8095831
v 11.8262499 6.9781739 43.9446518
v 12.0702006 6.7823339 43.4873879
v 11.6127931 6.5168410 43.2439828
v 11.7195215 6.8085708 43.5943173
v 11.8553577 6.5796223 42.7853120
v 11.3979502 6.0311452 42.5419069
v 11.5046786 6.2201137 42.8922414
v 11.3397347 7.5410188 44.8619935
v 11.5836854 7.4079600 44.4033227
v 11.2330063 7.3436170 44.5102521
v 11.7971422 7.2277372 45.1053986
v 11.4464631 7.6025507 45.2123280
v 12.3196956 6.8629188 44.9731438
v 12.0410929 7.0503255 44.6467278
v 11.9343644 7.1768251 44.2963933
v 12.9864017 6.7898302 43.9741981
v 12.5289942 6.9619320 43.7307930
v 12.6357226 6.9413173 44.0811275
v 13.4451953 6.1710756 44.2176032
v 13.6877599 6.2591568 43.7603393
v 13.2303524 6.4315710 43.5155272
v 13.3370808 6.4378179 43.8672687
v 12.3141513 6.4415660 43.0287170
v 12.5581020 6.1820077 42.5714531
v 12.0993084 6.3078825 42.3280481
v 12.2074229 6.4656165 42.6783826
v 12.7715588 6.6598948 43.2721221
v 12.4208797 6.6702022 43.3804585
v 13.4743031 6.0773722 43.0582633
v 13.1430291 6.3019480 43.1539370
v 13.4341067 5.6229109 42.3041296
v 12.8006666 5.7441006 42.1127823
v 12.9087811 6.0108429 42.4631168
v 11.6419009 6.0086564 42.0832360
v 11.1831073 5.3589798 41.8398309
v 11.2912218 5.6753848 42.1915724
v 11.3036965 5.0725598 41.3445789
v 11.8844654 5.6129159 41.6259721
v 12.1284161 5.3552316 41.1673012
v 11.7777370 5.4233228 41.2756376
v 12.3432590 5.8224991 41.8693772
v 11.9925799 5.9430641 41.9763066
v 12.3723668 4.8914000 40.7100373
v 12.4790952 5.1275325 41.0603718
v 11.4561657 4.7536560 40.2218202
v 11.7001164 4.8139385 39.7645563
v 11.2413228 4.4022684 39.5211512
v 11.3480512 4.6840032 39.8714857
v 11.9135732 5.0553809 40.4666323
v 12.1575239 4.5678110 40.0079614
v 12.2642523 4.7564671 40.3582959
v 11.9426809 4.3526056 39.3058854
v 12.0507954 4.4122634 39.6576269
v 11.4852734 4.4456843 39.0624804
v 11.9745609 3.9799786 38.9850972
v 4.2069496 13.7329371 51.6449758
v 4.4509003 13.1972662 51.1877119
v 4.1002212 13.3253275 51.2946413
v 4.4217926 14.1586628 52.3470518
v 4.6657432 13.4658826 51.8883809
v 4.3136781 13.9690696 51.9967173
v 5.1647333 13.6582868 52.4652369
v 5.3671014 12.7921554 51.6745221
v 4.9083078 13.0214163 51.4311170
v 5.0164223 13.1329233 51.7814515
v 5.1522585 12.4688787 50.9724462
v 4.8015794 12.9473906 51.0807825
v 4.6366355 14.5291034 53.0491277
v 4.8792001 13.9884350 52.5904569
v 4.5285210 14.4428963 52.6973863
v 4.8500923 14.7433718 53.7497967
v 5.0940430 14.6474820 53.2925328
v 4.7433639 14.7639865 53.3994622
v 5.7954012 13.6873348 53.0772670
v 5.3379937 14.0796396 52.8338620
v 5.4447221 14.2370612 53.1856034
v 5.5819443 13.4127840 52.3765981
v 6.0393519 13.1179307 52.6200031
v 5.8245089 13.0107965 51.9179272
v 5.9326234 12.9829979 52.2682617
v 6.6811085 12.5716401 52.8310480
v 6.1460803 13.2313118 52.9703376
v 7.3658336 11.7592319 52.5876429
v 6.6921971 11.8598069 51.9418456
v 5.5029376 12.0753246 50.8655168
v 5.7177805 12.6687793 51.5675927
v 5.0649353 14.6228068 54.4518727
v 5.3088859 14.1458566 53.9946088
v 4.9582068 14.6880868 54.1015382
v 5.2797782 15.0422855 55.1539486
v 5.5237288 14.6149981 54.6952778
v 5.1730498 14.8470701 54.8022072
v 5.9811364 14.4610123 54.9386828
v 6.2250870 14.1214938 54.4814189
v 5.7662934 14.2392477 54.2380139
v 5.8744079 14.5687712 54.5883484
v 6.1973654 13.2716042 53.7371340
v 5.6595650 13.7776024 53.8862724
v 5.4946211 14.6006303 55.8546176
v 5.7371857 14.4541407 55.3973537
v 5.3865066 14.9054786 55.5042831
v 5.7732239 13.9400216 56.1458595
v 6.4787403 13.2110094 55.9559191
v 6.4399300 13.5342860 55.1820879
v 6.0892509 13.9172204 55.2904243
v 7.5834487 12.1799600 55.0920421
v 6.6824945 13.3537509 54.7248240
v 6.7906090 13.2397451 55.0751585
v 7.5626575 12.2908424 55.5844802
v 7.1606933 12.1787107 53.4444851
v 6.9264452 12.8930426 54.2661532
v 6.5757661 13.4824368 54.3744895
v 7.4559291 12.4423295 54.1001312
v 7.8717541 11.6539718 53.5936235
v 7.7830447 11.4306455 53.2151497
v 8.0865970 11.6271102 54.2956995
v 8.3291616 11.8351317 53.8370286
v 7.9784825 11.9219634 53.9453650
v 8.7879552 10.9989853 54.0804337
v 9.2010080 10.5751337 53.5668912
v 8.6812268 11.3075817 53.7300992
v 8.6368721 10.6219854 52.9745585
v 8.3582693 10.7203740 52.6776887
v 8.8392403 11.1417268 54.5011165
v 9.4449587 10.3518074 53.9087839
v 7.9008618 11.3338187 52.4342837
v 8.9806208 10.0563295 52.0797283
v 5.9187626 14.2786031 57.2517347
v 6.7296214 13.5539637 57.3628850
v 6.8626854 13.0698297 56.5637284
v 6.5175506 13.4777516 56.6931692
v 6.3526067 14.3026536 58.6615144
v 6.2444922 14.2261292 58.3111800
v 6.6395260 13.9244043 58.9738609
v 7.1676237 13.4855603 58.7853274
v 8.6715242 12.6412929 58.6910607
v 9.1843750 11.7270604 57.4346402
v 6.7809065 13.9119106 60.0656663
v 7.5460245 13.3115843 60.4441402
v 6.8890210 13.6904583 60.4160008
v 8.0242233 12.9745646 60.1374216
v 8.5440045 12.6478522 60.8957762
v 8.8614176 12.7337469 60.0051668
v 8.1850089 13.1860218 59.6365418
v 8.4275735 12.9895571 59.1778709
v 8.0768944 13.1594725 59.2848003
v 9.3437746 12.7431173 59.6646811
v 8.8863671 13.1476035 59.4212760
v 8.9930955 12.8318231 59.7730175
v 9.1303178 12.9311487 58.9640121
v 8.7796387 12.9511387 59.0709415
v 9.5877253 13.1104345 59.2074172
v 9.8316760 13.3256398 58.7487463
v 9.3728824 12.6422300 58.5053412
v 9.4809969 12.9661313 58.8556757
v 9.8025682 12.5441538 59.9080862
v 10.0465189 13.0001768 59.4508223
v 9.6944537 12.7824727 59.5577517
v 10.5039264 12.5853833 59.6942274
v 10.7478771 12.9733152 59.2355565
v 10.2890835 13.3671817 58.9921514
v 10.3971980 13.0816988 59.3438929
v 10.5330342 12.4860577 58.5348875
v 10.0756266 12.5703907 58.2914824
v 10.1823551 13.0076731 58.6418169
v 10.4803630 12.1249874 60.2274674
v 11.6640782 12.3989136 59.7237737
v 11.2052846 12.5560229 59.4803686
v 11.3133991 12.2870942 59.8307031
v 12.2337585 11.5989992 60.3864546
v 12.5802793 11.6589693 60.2105838
v 12.1214857 12.1349824 59.9671787
v 12.3654364 12.4660676 59.5085079
v 11.9066428 12.4926169 59.2651028
v 12.0147573 12.5660179 59.6154373
v 10.9918278 12.2980263 58.7782926
v 11.0819232 12.0019236 58.3097730
v 10.7755987 12.0222260 58.0466704
v 11.4492353 12.2792856 59.0216977
v 11.0985562 12.5113576 59.1286271
v 12.1505935 12.0575210 58.8064319
v 11.7999144 12.1362318 58.9147683
v 12.0882197 11.3897283 58.0354146
v 9.6168330 12.3152052 58.0480773
v 9.2661540 12.2433660 58.1550067
v 11.8886237 9.4094639 55.0273217
v 13.1222379 9.4694340 55.6787469
v 12.2379167 9.6474704 55.3284124
v 14.4653527 9.4050911 56.5215194
v 12.3945441 11.6264855 58.3491680
v 12.8297743 11.0071063 57.8201489
v 12.6093870 12.0447149 59.0512440
v 12.5012725 11.8904166 58.6995025
v 13.3107452 11.5665153 58.8359782
v 13.5546959 11.2782213 58.3787143
v 13.0959023 11.0989356 58.1339023
v 13.2040168 11.3122669 58.4856437
v 12.8228439 12.0731382 59.7519130
v 13.0667946 11.9157166 59.2946491
v 12.7161155 12.1484132 59.4015785
v 13.2816375 11.2825942 59.9953181
v 12.9309584 11.5252859 60.1036544
v 13.6614243 10.8881030 59.9446673
v 13.5255882 11.2535461 59.5380542
v 13.7681527 11.0380284 59.0793833
v 13.4174737 11.4671898 59.1863127
v 14.2269463 10.3955356 59.3227884
v 14.1271483 10.5910633 58.9344658
v 14.0121034 10.8100168 58.6221194
v 14.3419913 10.3589913 59.6689020
v 14.7730632 9.9548175 58.6164915
v 13.7972605 10.5685745 57.9200434
v 14.2560541 10.2955854 58.1634485
v 13.9053750 10.7006963 58.2703779
v 17.2763298 8.8466190 58.0072753
v 18.1010494 9.4263305 59.0737554
v 18.1925309 9.2670348 58.4940855
v 17.7808641 9.1277291 58.3998188
v 15.9387593 8.8391227 56.1458595
v 15.1320588 8.1126093 54.7515564
v 14.8451395 8.3115728 54.9738570
v 14.8257344 8.8528659 55.6660842
v 15.4882822 9.0205949 56.2373123
v 14.8797916 9.3457456 56.4385084
v 15.4730353 9.0749429 55.8729082
v 15.7169860 8.9069015 55.4156443
v 15.3663069 8.9212694 55.5225737
v 16.1757796 8.9924839 55.6590494
v 16.4183442 9.2932717 55.2003785
v 15.9609366 8.6348494 54.9569734
v 16.0676651 8.9790531 55.3073079
v 16.6331871 8.7535403 55.9024544
v 16.2825080 8.7516663 56.0093838
v 16.8771378 8.6398469 55.4437836
v 16.9838662 8.2778396 55.7955250
v 17.1210884 8.5177202 54.9865197
v 16.6622948 8.4065255 54.7431146
v 16.7690232 8.8010167 55.0934491
v 15.7460937 7.8955299 54.2548974
v 15.9900444 7.5544496 53.7976336
v 16.2048873 8.5698817 54.4983025
v 15.8528221 8.3456184 54.6066389
v 16.9062455 7.8333733 54.2844437
v 16.5555664 8.1197932 54.3913731
v 12.1686125 8.2809630 48.8282302
v 11.8179334 7.8920941 48.9351596
v 12.6274061 7.9692432 49.0716353
v 12.8699707 8.1519647 48.6129644
v 12.5192916 8.3852861 48.7198939
v 12.7341346 7.6087976 49.4219698
v 14.0536859 6.8279362 49.0252054
v 13.3287643 7.4307612 48.8563695
v 13.4354927 7.2605334 49.2081110
v 13.5727150 7.3142567 48.3991056
v 13.2206498 7.7802747 48.5060350
v 7.8537350 13.1454170 63.5732322
v 8.2945095 12.6319226 62.9541672
v 7.7470066 12.9455165 63.2228977
v 8.0685779 12.7068853 64.2753081
v 8.3125286 12.6947039 63.8166373
v 7.9604634 12.9508264 63.9235667
v 8.1753063 12.5657056 64.6256426
v 8.7699361 12.3645557 64.0600424
v 9.0152729 12.2827214 63.6084063
v 9.0429945 12.4042234 62.4420316
v 9.5004020 12.3186410 62.6868437
v 9.1497229 12.3864198 62.7937731
v 18.2618350 10.2362399 64.9942677
v 18.9645793 9.9904248 64.7804089
v 13.5741011 10.8362538 60.7086497
v 13.4673727 11.1048701 61.8567339
v 13.7099372 11.0074186 61.3994700
v 13.3592582 10.8802944 61.5063994
v 14.1687308 11.0314691 61.6428751
v 13.9247802 11.3338187 62.1001389
v 13.5741011 11.0483357 62.2084753
v 14.1396231 11.4503232 62.8022149
v 14.5970306 11.7692270 63.0456200
v 14.8409813 12.0062965 62.5883561
v 14.3835738 11.5924399 62.3449510
v 14.4903022 11.7254987 62.6952855
v 14.6261384 11.4028468 61.8862801
v 14.2754593 11.3078941 61.9932095
v 15.0849320 11.4949884 62.1296852
v 14.9782035 11.2051327 61.7793507
v 15.2997749 11.6692767 62.8317612
v 15.5423395 11.4156529 62.3730903
v 15.1916604 11.6839569 62.4800197
v 16.0011331 11.5986868 62.6164954
v 16.2450837 11.3491235 62.1592315
v 15.7433216 10.8043946 61.7498045
v 15.8930186 11.2319943 62.2661609
v 14.1105153 11.2298079 63.9615547
v 14.3544660 11.5865054 63.5042909
v 14.0037869 11.1154898 63.6112203
v 14.5693089 11.3300705 64.2063668
v 14.2172438 11.0002347 64.3132962
v 15.0267164 11.0542703 64.4497719
v 15.2706671 11.7148790 63.9911010
v 14.8118735 11.5999362 63.7476959
v 14.9199880 11.3878543 64.0980304
v 15.0558242 11.9547596 63.2890251
v 14.7051451 11.7910911 63.3973614
v 15.6989669 10.7840923 65.3952529
v 15.2415594 10.5570178 65.1504409
v 15.4841240 11.2547955 64.6931770
v 15.1334449 10.7388023 64.8001064
v 15.9429176 11.4268973 64.9365821
v 15.7266886 11.4531343 64.2359131
v 15.8361891 11.3609926 64.5862476
v 16.4003251 10.9049696 65.1799872
v 16.0496460 10.9752471 65.2869166
v 16.6941747 10.5795066 64.9028149
v 16.4294328 11.1154898 64.0206473
v 15.5132317 11.6080572 63.5338371
v 15.7571824 11.7704763 63.0751663
v 15.4065033 11.6892668 63.1820957
v 15.9720253 11.3881666 63.7772422
v 15.6213462 11.4903033 63.8841716
v 16.2242925 11.6877050 63.3256062
v 16.4585406 11.7964009 62.8599005
v 16.1078615 11.7451764 62.9682369
v 16.9173342 11.4678145 63.1047126
v 17.1612848 11.3431890 62.6460417
v 16.7024912 11.6702137 62.4026366
v 16.8092197 11.6539718 62.7529711
v 17.2000952 10.9105918 63.9826592
v 17.3747417 11.2138784 63.3481176
v 17.0240626 11.3060200 63.4550470
v 17.8335353 11.1973241 63.5915227
v 18.0774860 11.3381915 63.1328519
v 17.6186924 11.1198626 62.8894468
v 17.7254208 11.1382910 63.2397813
v 17.8626430 10.8818561 62.4321829
v 17.4038494 11.1120540 62.1873708
v 17.5119639 11.0374037 62.5391123
v 17.4190963 10.3483716 64.6762934
v 17.5895846 10.9293325 64.0487866
v 17.8044275 10.3118273 64.7508626
v 18.5057857 10.5910633 64.5370038
v 18.0483782 10.9315189 64.2935987
v 18.1551066 10.7769083 64.6439332
v 18.2909428 11.1532835 63.8349278
v 17.9402637 11.0230358 63.9418572
v 18.7497364 10.6700865 64.0783329
v 18.9936871 10.7850293 63.6196620
v 18.5348935 11.1670267 63.3762570
v 18.6416219 10.9736854 63.7279984
v 19.2071439 10.1350403 64.3217380
v 18.8564648 10.2468596 64.4286674
v 19.9085021 9.5965583 64.1078792
v 19.4510946 10.2243708 63.8644741
v 19.5578230 9.8767313 64.2148086
v 19.6950452 10.0703850 63.4058032
v 19.2362517 10.5857535 63.1623982
v 19.3443662 10.4423873 63.5127326
v 18.3200505 10.9805570 62.6755880
v 18.4073738 10.6507211 62.2338007
v 18.7788441 11.0880035 62.9189931
v 18.4281650 11.2329314 63.0259225
v 19.4802023 10.5154759 62.7037273
v 19.0214087 10.5926250 62.4603222
v 19.1295232 10.7487973 62.8120637
v 19.0810103 10.4120899 62.0410464
v 16.1258806 10.2387387 60.4582098
v 16.7607067 10.0403999 60.0994335
v 16.9755497 10.8265711 60.7846259
v 17.2181143 10.3883517 60.3259550
v 16.8674352 10.4517577 60.4342914
v 16.4876483 10.9283954 61.7005606
v 16.7315990 10.8478105 61.2432968
v 16.3809199 10.7131900 61.3502262
v 16.9464419 11.3762975 61.9439657
v 16.5957628 11.4162776 62.0523021
v 17.1903926 10.9777459 61.4867018
v 17.2971210 11.0414642 61.8370363
v 17.4329572 10.7950243 61.0280310
v 17.0822781 10.9093424 61.1349604
v 17.8917508 10.8702993 61.2714361
v 18.1343154 10.8078304 60.8141722
v 17.6769079 10.5029822 60.5707671
v 17.7836363 10.7228727 60.9211016
v 18.3491583 10.7181876 61.5148412
v 17.9984792 10.7828429 61.6231775
v 19.1544727 10.4270824 61.2784709
v 18.5931090 10.6616532 61.0575773
v 18.6998374 10.4792440 61.4079118
v 18.8370596 10.4192738 60.5989064
v 18.3782660 10.3521197 60.3555013
v 18.4863805 10.5757584 60.7058358
v 17.4620649 10.0919367 59.8686911
v 17.9208585 10.1743957 60.1120962
v 17.5701794 10.1900129 60.2190256
v 18.2715376 10.1437859 60.0051668
v -3.6452127 -0.6133603 -21.7170368
v -3.2792867 -0.6086752 -22.4050431
v -2.2300215 -0.7104995 -22.7370870
v -2.8024740 -0.6433454 -21.4454924
v -2.2314076 -0.5918086 -19.6079950
v -1.9999317 -0.5815012 -21.3568535
v -1.6478665 -0.7036279 -22.7117616
v -0.3283152 -0.6208566 -20.9094384
v -0.7039437 -0.6502170 -22.1377196
v -1.0255151 -0.6870737 -23.1901300
v -1.8086522 -0.7545401 -23.2379668
v -2.0761663 -0.7670339 -24.1145066
v -0.5306833 -0.8444953 -23.9766239
v -4.0152969 -0.7567265 -25.4398684
v -3.6937256 -0.7245550 -24.3874579
v -1.6617274 -0.8854124 -25.3188693
v -1.4357958 -0.7695326 -24.5464451
v -0.0552567 -0.8166966 -25.0684294
v 0.9441094 -0.7208069 -24.2720867
v 1.5124036 -0.6564639 -24.9249189
v 0.0888959 -0.7963943 -22.1166151
v 0.4506637 -0.8273164 -23.5418715
v 1.9684250 -0.6370985 -23.4335351
v 1.7535821 -0.6324134 -24.1356110
v 2.6434476 -0.6542775 -23.7360327
v 3.5776678 -0.6811391 -23.1591768
v 3.9921067 -0.7123736 -24.3396211
v 5.0358275 -0.6689577 -23.1240026
v 5.1383977 -0.6777033 -23.7318119
v 4.7364335 -0.7407969 -25.0473249
v -2.2161607 -0.4993546 -17.3596636
v -1.6825186 -0.5483927 -17.8098926
v -0.9853187 -0.4387597 -15.5292010
v -0.0968392 -0.4446943 -15.1296227
v 0.3910621 -0.5302767 -16.0469645
v 0.2372069 -0.5355866 -16.8630046
v 0.6045190 -0.5658840 -15.3448885
v 1.1187559 -0.6024283 -16.1735914
v -0.1716877 -0.4815509 -17.8886827
v -1.4635174 -0.5427705 -19.6037741
v 0.1138454 -0.6121110 -19.4616705
v -1.4136184 -0.0586364 -11.7543117
v -1.2930292 -0.2782146 -13.7099942
v 0.1914661 -0.0208427 -10.4233220
v 1.0924203 -0.1036140 -11.2731294
v 0.5920442 -0.1885718 -12.5590962
v 0.7029309 -0.0152205 -10.0040462
v 1.2809276 -0.0358353 -10.4444265
v 2.3565283 -0.0823746 -11.1816766
v 2.6559223 -0.1551509 -12.7110485
v 2.1111916 -0.1717052 -12.9277212
v 0.2524538 -0.3266280 -13.9899804
v 1.2379591 -0.2804011 -13.2358467
v 1.4389411 -0.2563505 -13.8732022
v 1.0231161 -0.3940945 -13.9379227
v 1.6537841 -0.1995038 -13.1711263
v 2.3551423 -0.1713928 -13.3863921
v 1.8963487 -0.2088742 -13.6297972
v 2.0044632 -0.1501534 -13.2794627
v 2.3690031 -0.2891467 -13.9660620
v 0.8401531 -0.5243421 -14.6442195
v 1.4001308 -0.4393844 -14.6287429
v 3.2852042 -0.2460432 -13.4792518
v 3.2838181 -0.1292263 -12.2312731
v 3.7537004 -0.1507781 -12.4690503
v 5.3837344 -0.0589488 -11.8556132
v 4.5673313 -0.1114227 -12.3241329
v 5.8051038 -0.0017897 -12.1398203
v 5.3463102 0.0138275 -12.3832254
v 5.4544247 -0.0430192 -12.0314840
v 4.8889027 -0.0976795 -12.6266305
v 5.2770060 -0.0808129 -12.7504435
v 6.2625113 0.0578681 -11.8964152
v 6.1557829 0.0107041 -12.2467497
v 7.1787124 0.2668266 -11.4081981
v 7.4226631 0.3761472 -11.8668690
v 6.9652556 0.1525085 -12.1102740
v 7.0719840 0.2374662 -11.7599396
v 7.8024499 0.4076940 -11.7782301
v 4.8681114 -0.2875850 -16.4563915
v 0.6433293 -0.7432957 -20.2481644
v 2.1319828 -0.6121110 -18.7694433
v 3.2824320 -0.5562013 -19.1366614
v 1.6870501 -0.5515161 -16.8264235
v 5.0483023 -0.4581251 -19.0044066
v 3.4764837 -0.6214813 -21.9520001
v 0.7514438 -0.0002280 -7.3336250
v 4.8570227 -0.0002280 -4.8953532
v 5.0275110 -0.0002280 0.3737338
v 6.6325955 -0.0002280 1.2263551
v 6.9694138 -0.0002280 -4.2481490
v 7.8495767 0.0069559 -3.5587357
v 7.7178988 0.0003967 -2.7497303
v 8.1891672 0.0157016 -3.0859952
v 7.8634376 0.0182003 -4.1384056
v 6.7323935 -0.0002280 -5.3286987
v 8.1642177 0.0444373 -4.4212058
v 7.7068102 0.0116411 -4.6646108
v 7.8662097 0.0138275 -5.0965494
v 7.8052221 -0.0002280 -1.2386490
v 8.3679719 0.0072683 0.3132343
v 8.9418104 0.0116411 -0.6294328
v 9.4089205 0.0141399 -0.9671046
v 9.6847511 0.3127412 -2.5837084
v 9.5211933 0.2705747 -3.1099136
v 10.0409746 0.0725483 0.4708145
v 10.5039264 0.0741100 -0.5337592
v 11.0209355 0.4292458 -1.3399506
v 11.2801331 0.5220121 -0.5436079
v 12.2587080 1.7470274 -1.0698131
v 11.7999144 1.1192149 -1.3132182
v 11.9080289 1.2322836 -0.9614768
v 12.0438650 1.3834584 -1.7704821
v 11.5199255 0.7272225 -2.0406196
v 11.6931859 0.9158786 -1.6635527
v 12.0036686 1.1023483 -2.5794875
v 11.7999144 1.0826706 -3.1999594
v 8.6230113 0.1019087 -4.1778007
v 8.6909294 0.1618788 -4.5801929
v 9.3243695 0.3489732 -4.3916595
v 9.5683201 0.5129541 -4.8503303
v 9.2176410 0.3645904 -4.7434009
v 9.3534772 0.5176393 -5.5524063
v 8.8946836 0.3349177 -5.7958114
v 9.0027981 0.3483485 -5.4440699
v 8.7297397 0.0872285 -3.8274662
v 9.9966199 0.4542333 -3.4475854
v 9.6459408 0.3089931 -3.3392490
v 9.7817770 0.4832814 -4.1482544
v 9.4310979 0.3193005 -4.0413250
v 10.2405706 0.6197759 -3.9048493
v 10.4845212 0.8509109 -4.3635202
v 10.0257276 0.6859930 -4.6069252
v 10.1338421 0.6457005 -4.2551838
v 10.6910477 0.8137419 -3.6501885
v 11.4007223 1.3903299 -3.8753030
v 10.9419288 1.2001121 -4.1201151
v 11.0486572 1.1098445 -3.7683736
v 11.4131971 1.6314599 -4.4521590
v 10.7270858 1.0898545 -4.8207841
v 10.8352003 1.1541975 -4.4704496
v 10.0548354 0.8662158 -5.7662651
v 9.5974279 0.6888041 -6.0096702
v 9.7041563 0.6894288 -5.6593357
v 10.1019622 0.7593939 -5.0374568
v 10.9710365 1.4456149 -5.2794549
v 10.5136290 1.0857940 -5.5228600
v 10.6203574 1.0782977 -5.1725255
v 10.7561936 1.5158924 -5.9815309
v 10.2987861 1.1529481 -6.2249360
v 10.4055145 1.1248371 -5.8731945
v 5.3823483 -0.0002280 -5.1781534
v 5.5916469 0.0007090 -5.9365080
v 6.1072699 0.0019584 -5.5158252
v 7.7234432 0.0488101 -6.3276445
v 6.1724159 0.0306941 -7.1690100
v 7.7941334 0.2449625 -8.1440374
v 8.1836228 0.2471489 -7.5362281
v 8.7103345 0.4367420 -7.6572272
v 8.2515409 0.3292955 -7.9006323
v 8.4954916 0.4789085 -8.3578962
v 8.0366980 0.3770842 -8.6027082
v 8.1448125 0.3561571 -8.2509668
v 7.8717541 0.1147148 -6.6329561
v 8.2695600 0.1069062 -5.9871587
v 9.1386343 0.5163899 -6.2530753
v 8.6812268 0.3064944 -6.4964804
v 8.7879552 0.3143030 -6.1461459
v 8.9237914 0.4339309 -6.9551512
v 8.5731123 0.3018092 -6.8482218
v 9.3825850 0.6147784 -6.7117461
v 9.6265356 0.8980749 -7.1690100
v 9.1677420 0.6357055 -7.4138221
v 9.2744705 0.6228994 -7.0620806
v 9.8399925 0.8890169 -6.4683410
v 9.4893134 0.6378919 -6.3614116
v 10.5427367 1.4687284 -6.6821999
v 10.0839431 1.1760616 -6.9256049
v 10.1906716 1.1498246 -6.5752705
v 10.3278938 1.3397301 -7.3842758
v 9.8691002 1.1410790 -7.6276809
v 9.9772147 1.1582579 -7.2773464
v 8.9528991 0.6185266 -8.1144911
v 9.1968498 0.8409159 -8.5731619
v 8.7394423 0.6938016 -8.8165670
v 8.8461707 0.6282092 -8.4662325
v 9.4116927 0.8624676 -7.8710860
v 9.0610136 0.6297710 -7.7641566
v 10.1130509 1.2747625 -8.0863518
v 9.6556434 1.0870434 -8.3297568
v 9.7623718 1.0951643 -7.9780154
v 9.8982080 1.2828834 -8.7870207
v 9.4408005 1.0786101 -9.0304258
v 9.5475289 1.0661163 -8.6800913
v 6.7240770 0.1387653 -10.4050315
v 6.9361478 0.2243477 -10.9509342
v 7.1676237 0.2340304 -9.5805495
v 7.6083982 0.4579815 -10.0054532
v 7.8523489 0.7028596 -10.4627171
v 7.3935553 0.3873916 -10.7075291
v 7.5002837 0.4445506 -10.3557877
v 7.6375060 0.5173269 -11.1647930
v 7.2868269 0.3386658 -11.0578636
v 8.2806487 0.6288339 -9.0599721
v 7.8232412 0.4433013 -9.3033772
v 7.9299696 0.4317445 -8.9530427
v 8.0658058 0.6753733 -9.7620481
v 7.7151267 0.4404902 -9.6551187
v 8.5245993 0.8521603 -9.5186430
v 8.7685500 0.8680899 -9.9759069
v 8.3097564 0.7718877 -10.2193120
v 8.4164848 0.8490368 -9.8689775
v 8.9820069 0.9277477 -9.2752379
v 8.6313278 0.7918778 -9.1669015
v 9.2800148 1.0539349 -9.5580380
v 9.3853571 1.0117683 -10.1545915
v 8.0949135 0.6038464 -10.9213879
v 7.9881851 0.5220121 -11.2717224
v 8.2030280 0.6763103 -10.5710534
v 9.5738645 0.9836573 -10.7947610
v 3.8770618 -0.0002280 4.4722253
v 7.8967036 -0.0002280 4.1007863
v 3.9574546 0.2096675 10.6755377
v 6.4122083 0.2605797 9.9242179
v 4.8403897 0.3777089 11.3691718
v 4.1709115 0.3505349 11.3776136
v 4.4938689 0.7019226 12.4300241
v 4.7364335 0.5979118 11.9713532
v 4.3857544 0.5619922 12.0782826
v 5.1952271 0.8821454 12.2147583
v 5.6138243 0.6335191 11.6955879
v 5.0871126 0.6075945 11.8644238
v 4.8098959 1.0901668 13.4416325
v 4.9512764 0.9758487 12.6734291
v 4.6005973 0.7956259 12.7803585
v 5.0677074 1.2204145 13.8426178
v 5.1661193 1.3406672 13.3740981
v 5.6235268 1.4681037 13.6175032
v 5.8674775 1.6092835 13.1602393
v 5.4086839 1.4371816 12.9168342
v 5.5167984 1.4674790 13.2671687
v 5.6526346 1.2797600 12.4581634
v 5.3019555 1.1829332 12.5650928
v 6.1114282 1.6058477 12.7015685
v 6.3539928 1.2013615 12.2443046
v 5.8965853 0.9280600 12.0008995
v 6.0033137 1.2572712 12.3512340
v 6.3248850 1.6664425 13.4036444
v 6.5688357 1.8763381 12.9449735
v 6.2181566 1.6698783 13.0533099
v 7.0276293 1.8201160 13.1897856
v 7.2701939 1.9591094 12.7311147
v 6.8127864 1.5418170 12.4877097
v 6.9195148 1.8725899 12.8380441
v 7.0567371 1.3138055 12.0290388
v 6.5840826 0.7971876 11.6111699
v 6.7060580 1.2132306 12.1359682
v 7.3020738 0.7934395 11.2650563
v 7.7511648 0.4570444 9.5668486
v 7.5141446 1.4987135 12.2724439
v 7.4074162 1.2222886 11.9221094
v 7.7289875 1.7948161 12.9745198
v 7.9729382 1.8207407 12.5158490
v 7.6208730 1.8310481 12.6241853
v 8.4303457 2.0343844 12.7606610
v 8.6742964 2.2205417 12.3019902
v 8.2155028 1.6452031 12.0585851
v 8.3236173 1.9741019 12.4089196
v 8.9182470 2.0115832 11.8433193
v 9.1608116 1.8588468 11.3860554
v 9.1317039 2.1618210 12.5453953
v 9.3756545 2.4298126 12.0881314
v 9.0249754 2.2792625 12.1950608
v 9.8330621 2.5263271 12.3315364
v 10.0770127 2.7437189 11.8728656
v 9.6196052 2.5163320 11.6294605
v 9.7263336 2.5950429 11.9797950
v 9.8621698 2.5628714 11.1707896
v 9.4047623 1.8529122 10.9273845
v 9.5114907 2.2973785 11.2791260
v 7.6832467 0.2118540 7.9418030
v 9.1746725 0.8459134 8.3427883
v 8.5467767 0.5132664 8.1218947
v 8.7907274 0.5326318 7.6632238
v 8.4400483 0.4101927 7.7701532
v 9.1913055 0.7141040 7.7307582
v 9.7207893 0.9293094 7.5534805
v 9.7831631 0.8487245 7.1651579
v 9.4629778 1.0551842 8.6087048
v 9.7069285 1.0817335 8.1500340
v 9.7235615 1.5293233 9.3867570
v 9.7401945 1.3203648 8.8999468
v 10.6231296 1.9388070 8.6368442
v 10.1088926 1.3356696 8.2189753
v 10.5829332 1.6142810 7.8827105
v 11.1124170 2.5734911 9.0828523
v 12.2989044 3.6348379 8.1247086
v 11.8110030 2.8770900 7.5070506
v 11.1262778 1.8657183 7.0765190
v 10.6799590 1.2594576 6.3181645
v 11.5961601 2.5103975 6.8049746
v 11.1387526 1.8335469 6.5615696
v 11.2454810 1.9581723 6.9119040
v 11.3827033 1.9484896 6.1028987
v 11.0320242 1.6277118 6.2112351
v 9.9508791 2.0303239 10.1859135
v 10.1061205 2.4529261 10.7135257
v 10.5261037 2.5350727 10.2013902
v 10.3209634 2.8649086 11.4156017
v 10.5649141 3.0798016 10.9569308
v 10.2142350 2.7699558 11.0638602
v 10.5358063 2.7680817 12.1162707
v 10.7783709 3.1744420 11.6590068
v 10.4276918 2.9251911 11.7659362
v 11.2371645 3.1994296 11.9024119
v 11.4811152 3.5049025 11.4437410
v 11.0223216 3.2878231 11.2003359
v 11.1304361 3.2965687 11.5506704
v 11.2662723 3.3734055 10.7416651
v 10.9155932 3.1713186 10.8500014
v 11.7236798 3.6460823 10.9864771
v 11.7971422 3.6139108 10.5798640
v 11.5102229 3.3137477 10.2844012
v 11.9385227 3.7691460 11.6871461
v 12.1824734 3.9674848 11.2298822
v 11.8317943 3.7135487 11.3368116
v 12.6398809 3.9609256 11.4732873
v 12.5331525 4.0780548 11.1215458
v 11.6543756 3.3830882 9.7652308
v 12.4555318 4.0958584 9.6118715
v 12.9420471 4.7411623 8.6959367
v 12.5913680 4.2348517 8.8028661
v 12.9129393 4.4550547 9.8552766
v 13.1568900 4.8595408 9.3966057
v 12.8062109 4.4416238 9.5049421
v 13.6142975 5.0469476 9.6400108
v 13.8582482 5.6304072 9.1827469
v 13.3994546 5.1431497 8.9393418
v 13.5075691 5.1422127 9.2896763
v 13.6434052 5.3105664 8.4806710
v 13.1859977 4.7102401 8.2372659
v 13.2927261 5.0025946 8.5876004
v 13.2497576 4.5078409 10.9991398
v 13.3703468 4.9360653 10.0986817
v 13.0196677 4.4940977 10.2056111
v 13.5851897 4.8789062 10.8007576
v 14.0439833 5.1247214 11.0441627
v 14.2865479 5.5285829 10.5854918
v 13.8291404 5.1675126 10.3420868
v 13.9358688 5.2493468 10.6938282
v 14.0730911 5.6850675 9.8848229
v 13.7224120 5.1856286 9.9917523
v 14.5304986 5.5039076 10.1282279
v 14.7744493 5.2880776 9.6695571
v 14.3156557 5.4186376 9.4261520
v 14.4237702 5.4283203 9.7764865
v 14.7453415 5.5189002 10.8288969
v 14.9892922 5.3646020 10.3716330
v 14.6386131 5.5885530 10.4785624
v 15.4466997 5.1022326 10.6150381
v 15.5160039 4.9585541 10.2098320
v 15.1805717 5.0978597 9.7370914
v 14.1021988 5.4745473 8.7240760
v 14.3447634 5.3005713 8.2668121
v 13.8873559 5.2912010 8.0234071
v 13.9940843 5.4567436 8.3737416
v 14.5596064 5.1737595 8.9674811
v 14.2089273 5.4686127 9.0758175
v 15.1985908 4.8885889 8.8675866
v 15.0475077 5.1531447 8.0515464
v 14.5887141 5.3343046 7.8081413
v 14.6954425 5.2680875 8.1598827
v 11.8401108 2.6212798 6.3463038
v 12.0840614 2.6009774 5.8890399
v 11.6890277 2.2261640 5.9889345
v 12.0549537 3.2125480 7.0483797
v 12.2989044 3.4717940 6.5911158
v 11.9482253 3.1116607 6.6980452
v 12.7563119 4.4178857 6.8345209
v 13.0002626 4.4200721 6.3758501
v 12.5414690 3.4143226 6.1324450
v 12.6495835 3.8263051 6.4827795
v 12.7854196 3.5217691 5.6737741
v 12.4347405 3.0473178 5.7821105
v 12.5123612 3.9668601 7.2917848
v 12.1616821 3.4221312 7.4001212
v 13.4285623 5.2787072 7.7800020
v 12.9711548 4.8208101 7.5351899
v 13.0778832 4.7083661 7.8869314
v 13.2151055 5.3452366 7.0779260
v 12.8644264 4.5962344 7.1848554
v 13.6725130 5.5054694 7.3213311
v 13.9164637 5.5454495 6.8626602
v 13.4576701 5.4639275 6.6192552
v 13.5657846 5.6072937 6.9709966
v 14.1313066 5.4782954 7.5647362
v 13.7792414 5.3439872 7.6716656
v 14.8326648 5.2630900 7.3508774
v 14.3738712 5.4826682 7.1060653
v 14.4819857 5.3833427 7.4578068
v 14.6178219 5.2340420 6.6488014
v 14.1604143 5.4017710 6.4053963
v 14.2671428 5.3889649 6.7557308
v 13.2442132 4.3544797 5.9185862
v 13.4867778 4.4822286 5.4599153
v 12.9711548 3.5164593 5.2235450
v 13.1360987 3.9871625 5.5668447
v 13.7016207 5.4436252 6.1619913
v 13.3509417 4.9073296 6.2689207
v 14.4029789 5.4926632 5.9467255
v 13.9455714 5.4854793 5.7033204
v 14.0522998 5.6294702 6.0536549
v 14.1895221 5.6229109 5.2460565
v 13.7307285 4.6174738 5.0012444
v 13.8374569 5.0488216 5.3529859
v 7.3173207 -0.0002280 1.5921662
v 7.2105923 -0.0002280 1.2404248
v 7.4794925 -0.0002280 2.1183714
v 7.7761143 -0.0002280 1.8355713
v 8.2335218 -0.0002280 2.0789764
v 8.1267934 0.0010214 1.7286419
v 8.6923154 -0.0002280 2.3223815
v 9.0429945 0.0319435 2.2154521
v 8.8184490 0.0260089 0.8464743
v 9.0956657 0.1781207 5.6146815
v 9.5863392 0.3258597 5.8834120
v 10.4360083 0.7456508 4.8267807
v 10.2627479 0.2471489 3.3776059
v 11.2454810 0.7328447 3.7490448
v 11.2260758 0.6900535 3.0821430
v 10.8241117 0.4873418 3.0132017
v 11.2510253 1.0286349 4.4173536
v 12.1422770 1.7048609 3.5689532
v 11.6834834 1.0508114 3.3255481
v 11.9274340 1.3637807 2.8682842
v 11.4700265 0.9090070 2.6248791
v 11.5767549 0.9970881 2.9752136
v 11.6807112 1.9550489 5.2151032
v 11.8345664 1.6564475 4.4328302
v 12.8935341 2.9089491 4.1373674
v 12.5996845 2.3264266 3.8123583
v 13.9746792 4.9438739 4.5439805
v 13.5158856 3.8784666 4.3005755
v 13.6240001 4.2648368 4.6509099
v 13.3024287 3.5854874 3.5984995
v 13.4091572 3.6988685 3.9488340
v 12.3848415 1.8669677 3.1145033
v 12.6287922 2.1305865 2.6530185
v 12.1713847 1.5158924 2.4096134
v 12.2781131 1.7279744 2.7599479
v 12.8436351 2.5812997 3.3550944
v 13.5449933 4.0343265 3.1398286
v 13.0875858 3.0382598 2.8964236
v 13.1943142 3.3065637 3.2481650
v 13.3301504 3.4371238 2.4391597
v 12.8727429 2.3539129 2.1957546
v 12.9794713 2.6681315 2.5460891
v 10.5843192 0.0797322 0.1064103
v 11.0112329 0.6485116 2.3800671
v 10.6605538 0.4714123 2.4884035
v 11.7125911 1.1532604 2.1662083
v 11.2551836 0.8165530 1.9228032
v 11.3619120 0.8887046 2.2731377
v 11.2773609 0.7815704 1.6020150
v 11.9565418 1.2354070 1.7075374
v 12.4139493 1.6773746 1.9523495
v 12.0632702 1.4034484 2.0592789
v 12.9060089 2.3417314 1.8932569
v 11.7708066 0.9696018 -0.1538784
v 11.4201275 0.5919773 -0.0455420
v 12.5123612 1.6186538 0.3540363
v 12.2989044 1.6108452 -0.3030168
v 6.3733980 1.3453523 14.0621044
v 6.7836786 1.5689910 13.6470495
v 6.4329995 1.6008502 13.7539789
v 7.8149247 1.2457144 14.1929522
v 7.4850368 1.6961153 13.4331907
v 7.1343577 1.5705527 13.5401201
v 9.1109126 1.2822587 19.9488495
v 9.0845770 1.2875686 16.7930251
v 11.7042746 1.7073597 15.9713571
v 7.9438304 1.4100076 13.6765958
v 8.1863950 1.6089711 13.2179249
v 7.8357159 1.5605577 13.3248543
v 8.6742964 1.3797102 13.8932685
v 8.6451886 1.5774243 13.4613300
v 8.8891393 1.8098087 13.0040661
v 8.5370741 1.8141815 13.1109955
v 9.5904975 2.1177804 12.7888003
v 10.3265077 2.0537498 13.2910871
v 10.0479050 2.1618210 13.0322054
v 10.2918556 2.4460545 12.5749415
v 9.9411766 2.2695798 12.6818709
v 7.8426463 1.4203150 20.8999584
v 14.5097074 2.7071746 17.4458573
v 14.8146457 3.0273277 17.3290791
v 15.2720532 3.0132722 17.5738911
v 15.5160039 3.5214568 17.1152203
v 15.1653248 3.2206690 17.2221497
v 15.7308468 3.1872481 17.8172962
v 16.1882543 3.1447693 18.0607013
v 16.4322050 4.0783671 17.6020305
v 15.9747975 3.8681592 17.3586254
v 16.0815259 3.5695579 17.7089599
v 16.2173621 4.6565169 16.9013615
v 15.7599546 3.9331269 16.6565494
v 15.8666830 3.9225072 17.0082909
v 16.6470479 2.8121223 18.3041064
v 16.8909986 3.2397220 17.8454356
v 16.6761557 4.1408360 17.1447666
v 16.9201063 4.5193976 16.6860957
v 16.4613127 4.5315791 16.4426906
v 16.5680412 4.6037307 16.7930251
v 17.1335632 3.5733060 17.3881717
v 16.7828841 3.6816895 17.4951011
v 17.3775138 3.6748180 16.9295008
v 17.4842423 3.3877733 17.2812423
v 17.6214645 3.5661221 16.4722369
v 17.1626709 4.1948716 16.2274248
v 17.2707854 3.9902860 16.5791663
v 10.7492632 2.5706800 12.8183466
v 10.9932138 2.9873476 12.3596758
v 10.6425347 2.7212301 12.4680121
v 10.9641061 2.1212162 13.5204226
v 11.2080568 2.7858854 13.0617517
v 10.8573777 2.3560993 13.1686811
v 11.6654643 2.5828614 13.3051568
v 11.4520074 3.1838123 12.6030809
v 11.5587359 2.8277396 12.9548223
v 11.6945720 3.5686208 12.1458170
v 11.3438929 3.2066135 12.2527464
v 12.4056328 2.7196683 13.3107847
v 14.1812056 3.5236432 13.6695610
v 13.6212279 3.5948578 13.0856701
v 12.6537417 3.2775157 12.6424759
v 12.1533656 3.4183831 12.3892220
v 12.3973163 3.6848130 11.9305512
v 12.0452511 3.6526415 12.0388876
v 12.2600940 3.0935448 12.7395565
v 12.8547238 3.7304153 12.1753632
v 12.7507676 3.8725321 11.7757849
v 11.8220917 1.7151683 16.3259125
v 12.0660424 1.8382320 15.8686486
v 12.9351166 2.4329360 15.6308713
v 12.2808853 1.8519752 16.5693175
v 13.6988486 2.4132583 16.8056878
v 13.8610203 2.9086368 16.1303442
v 13.3329226 2.5100851 16.2485293
v 14.4057511 2.8958307 16.6438867
v 14.5679229 3.2375356 15.8897530
v 13.9275523 3.0404462 15.6829291
v 13.4687587 2.7465300 15.4395240
v 14.1825917 3.4736681 15.2355139
v 13.6655826 2.8873974 14.8049824
v 13.8194378 3.0738671 15.3325946
v 14.3752573 3.6032911 14.7641804
v 14.6580183 3.8915851 14.3083234
v 14.8728612 3.8868999 15.0103994
v 14.5221821 3.6413971 15.1173288
v 15.3302687 4.0137118 15.2538045
v 15.5742194 4.8186237 14.7951336
v 15.1168119 4.3129379 14.5517285
v 15.2235403 4.2829528 14.9034700
v 15.3593765 4.8183114 14.0944646
v 14.9019689 4.2039296 13.8510595
v 15.0086974 4.3404242 14.2013940
v 16.0039052 4.2435974 16.1992855
v 15.6601566 3.8687839 16.2302388
v 15.7890623 4.5575037 15.4972096
v 15.4383832 3.9215702 15.6041390
v 16.2464698 4.4397498 15.7406147
v 16.4904205 4.8960852 15.2833508
v 16.0316269 4.7599029 15.0399457
v 16.1397414 4.6227837 15.3902802
v 16.7052634 4.6102899 15.9840198
v 16.3545843 4.4313165 16.0923561
v 16.9478280 4.4609892 15.5267559
v 17.0559425 4.3447970 15.8770904
v 17.1917787 4.1274052 15.0680850
v 16.7343712 4.4497448 14.8246799
v 16.8410996 4.5746826 15.1750144
v 15.8181701 4.8245583 14.3378697
v 16.0607346 4.9638639 13.8791989
v 15.6033271 4.9254455 13.6357938
v 15.7100556 4.9510578 13.9875352
v 16.2755776 4.8101904 14.5812748
v 15.9248985 4.9654256 14.6882042
v 16.5195282 4.5543802 14.1226040
v 16.6262567 4.4747324 14.4743454
v 16.7634789 4.4513065 13.6653401
v 16.3046853 4.7445981 13.4219350
v 16.4127998 4.7742708 13.7722695
v 13.4881639 4.4128881 11.7180993
v 13.8887420 4.1945593 12.6495107
v 14.0148756 4.5181483 12.2035026
v 14.4722831 5.0441365 12.4469076
v 14.7162338 5.5760592 11.9896437
v 14.2574402 5.2505962 11.7462387
v 14.3655547 4.9754207 12.0965732
v 14.5013909 5.6076060 11.2875678
v 14.1507118 5.0838042 11.3944972
v 15.1445335 4.4400621 13.3923887
v 14.6871260 4.2970083 13.1489836
v 14.7938544 4.1302163 13.4993181
v 14.9310767 5.1403386 12.6903127
v 14.5803976 4.5706221 12.7986491
v 15.3884842 4.8842161 12.9337178
v 15.6324349 4.9098283 12.4764539
v 15.1736413 5.3049442 12.2330488
v 15.2817558 5.1031696 12.5833833
v 15.8472778 4.8567297 13.1785299
v 15.4965987 4.6933735 13.2854593
v 16.5486360 4.5003446 12.9632641
v 16.0898424 4.7658375 12.7198590
v 16.1979569 4.7420993 13.0701935
v 16.1064754 4.7427240 12.1401891
v 14.9601844 5.3764711 11.5309729
v 15.2027490 5.3030701 11.0737090
v 14.8520699 5.4423758 11.1806384
v 15.4175920 5.0110280 11.7743780
v 15.0669129 5.2968232 11.8813074
v 16.1314249 4.7605276 11.5689610
v 15.6615426 5.0863030 11.3171141
v 15.7682711 4.8679741 11.6674486
v 15.9054933 4.7677115 10.8584432
v 15.5548142 5.1294065 10.9653726
v 12.8186856 2.7568373 32.2330682
v 16.3268627 2.9317503 31.0610656
v 16.4322050 2.7077992 30.6052087
v 16.4848762 3.1928703 31.5900848
v 16.7856562 3.5445703 31.3044707
v 17.2430638 3.5280160 31.5478758
v 17.0379234 3.0110858 30.9879034
v 17.0004992 3.9999686 32.0065467
v 16.6484340 3.4945952 32.1134761
v 17.6727496 4.4831657 32.9520277
v 17.9153142 4.5425111 32.4933569
v 17.4579067 4.2020556 32.2499518
v 17.5646351 4.4163239 32.6002863
v 17.3511783 3.8719074 31.8982103
v 18.1398597 4.9963478 34.5489340
v 18.3450000 5.2605912 33.8961018
v 17.8640291 4.6830662 33.5654648
v 18.1301571 5.0328921 33.1954328
v 18.5889507 5.5067187 33.4388379
v 18.8315153 5.4701744 32.9801670
v 18.3741078 4.9738589 32.7367620
v 18.4808362 5.2890146 33.0870965
v 18.8037936 5.8502978 34.1395069
v 19.0463582 5.9558702 33.6822430
v 18.6956791 5.6816317 33.7891724
v 19.5051518 6.4190772 33.9256481
v 19.7477164 6.1123548 33.4669772
v 19.2903089 5.9952256 33.2235721
v 19.3970373 6.2113681 33.5753136
v 19.1835805 5.6119789 32.8732376
v 20.4795684 5.7503475 32.0937786
v 20.7637155 5.6460244 31.6322938
v 20.3714539 5.2874529 31.7420371
v 20.5086762 4.8626643 30.9330318
v 20.0942373 6.4043970 33.5893833
v 20.9078682 7.0681292 33.4965235
v 20.7609434 6.5615063 32.9520277
v 20.9369759 6.6420912 32.3371837
v 20.5862969 6.0267724 32.4441131
v 21.3957695 6.7954524 32.5805888
v 21.6383341 6.6577084 32.1219179
v 21.1809266 6.0551958 31.8785128
v 21.2876550 6.3906538 32.2302543
v 21.6092264 7.5001017 33.2826647
v 21.5024980 7.1843213 32.9309232
v 22.0971277 7.0515749 32.3653230
v 22.2038562 7.5503891 32.7170644
v 22.3396923 6.5252743 31.9080591
v 21.9890132 6.8129437 32.0149885
v 21.2834968 5.4707991 31.2664827
v 21.5745743 4.8436113 30.4251171
v 13.4798474 5.1353411 41.6667741
v 18.1107520 4.7467845 37.0533331
v 17.4495902 4.5128384 37.2390526
v 14.0509138 6.1245363 43.6477820
v 13.8249822 5.8990235 42.9513339
v 14.1465535 6.1048586 44.0037444
v 14.3905042 6.0470748 43.5450735
v 14.5388151 5.9621171 44.2485564
v 15.1348310 5.7316068 44.0951971
v 14.8479117 5.9390036 43.7884786
v 15.0918624 5.6638281 43.3312147
v 14.7411833 5.8509224 43.4381441
v 15.5492699 5.4483103 43.5746198
v 15.7405494 5.4370659 44.1880569
v 19.4580250 5.9012099 45.0645966
v 20.3742261 6.1607682 45.5514068
v 19.9154325 6.1120425 45.3080017
v 20.1593832 6.3509861 44.8507378
v 19.7019757 5.9761726 44.6073327
v 19.8087041 6.0867426 44.9576672
v 19.9445403 6.0717500 44.1486619
v 18.4253929 5.0585043 42.2675485
v 19.5162405 5.7650277 42.7459169
v 19.0574469 5.4245721 42.5011049
v 19.3013976 5.4148895 42.0438410
v 18.8439901 5.1987470 41.8004359
v 18.9507185 5.3105664 42.1507704
v 19.0865546 5.0700611 41.3417650
v 18.7358756 5.1206609 41.4486944
v 19.4247590 4.9535566 40.9661051
v 19.5453482 5.2802690 41.5851701
v 19.7588051 5.6731984 42.2872461
v 20.0027558 5.6944378 41.8285752
v 19.6520767 5.4917262 41.9369116
v 19.9736480 5.8565446 42.9893220
v 20.2175987 6.1282844 42.5306511
v 19.8669196 5.9530591 42.6375805
v 20.6750062 5.7347303 42.7740562
v 20.4615494 5.5335804 42.0733872
v 20.5682778 5.6541454 42.4237217
v 20.2882889 5.9639912 43.8180249
v 20.4324416 6.0248984 43.2327271
v 20.0817625 5.9102679 43.3396565
v 20.4033339 6.1645164 44.3920669
v 21.0492487 5.8909025 44.0037444
v 20.8898491 5.8346805 43.4761322
v 20.6181768 6.3678527 45.0941429
v 20.8607414 6.2828950 44.6354720
v 20.5100623 6.3965884 44.7424014
v 21.0755843 6.1763855 45.3375480
v 20.7249052 6.1254733 45.4444774
v 21.7769425 6.0333317 45.1222822
v 21.3195350 6.1795089 44.8788771
v 21.4262634 6.0355181 45.2306186
v 21.5620996 5.8768470 44.4216132
v 21.2114205 6.0405156 44.5285426
v 22.6141368 5.9205753 44.3526719
v 22.8234354 6.0986117 44.7972731
v 22.1276216 6.0533217 45.0153528
v 24.5976221 7.0140935 42.7065219
v 24.3980261 6.9103952 42.4040242
v 24.6419768 7.0284614 41.9453534
v 24.1831832 6.6108567 41.7019483
v 24.2912977 6.7698401 42.0522828
v 25.5581779 7.8752275 42.4321635
v 25.0993843 7.5307114 42.1887584
v 25.2074988 7.5906816 42.5390929
v 25.3433350 7.5185300 41.7314945
v 24.8859275 7.0968648 41.4866825
v 24.9926559 7.4338846 41.8384239
v 24.4271339 6.7217390 41.2432774
v 18.5598430 5.6104171 34.5981778
v 18.2576768 4.7495956 37.3755283
v 19.3845626 5.7266093 36.6481270
v 20.0762182 6.4431277 36.4356751
v 20.3631374 6.6898799 36.7325449
v 20.8967795 7.1096710 36.5299419
v 20.3922452 7.1890065 35.5717981
v 19.9334516 6.9969146 35.3283930
v 19.0186366 5.9324444 34.8542455
v 19.2612012 6.5034102 34.3843190
v 18.9105221 6.1610806 34.4912484
v 19.4760441 6.6036728 35.0849879
v 20.1774023 7.3479899 34.8711291
v 19.7186087 6.8922792 34.6277240
v 19.8267232 6.9869196 34.9780585
v 19.9625593 6.8376189 34.1690532
v 19.6118802 6.6320962 34.2759826
v 19.2293212 5.2149889 37.4275861
v 20.5765943 6.5005991 37.0294147
v 22.2288057 8.2141213 36.5482324
v 21.7658538 7.8861595 36.3034204
v 23.5982560 8.3047012 37.2770407
v 23.7049844 7.7209293 37.6287822
v 22.6820549 8.1600857 36.7902305
v 22.9260056 8.9621865 36.3315597
v 22.4672120 9.0918095 36.0881546
v 22.5753265 8.4499414 36.4398960
v 23.1408485 8.3784145 37.0336356
v 23.8422067 8.7416712 36.8197768
v 23.3834131 9.0521417 36.5763717
v 23.4915276 8.7713440 36.9267062
v 23.6273638 9.7318035 36.1177009
v 23.1699563 9.7933353 35.8742958
v 23.2766847 9.6315409 36.2246303
v 20.4213529 7.3779749 34.4124583
v 20.6639175 7.0818723 33.9551944
v 20.3132384 6.9759875 34.0621238
v 20.6348098 7.6668937 35.1145342
v 20.8787604 7.9339482 34.6558634
v 20.5280814 7.6996898 34.7641997
v 21.3375540 8.4099613 34.8992684
v 21.5801186 8.6114236 34.4420046
v 21.1227111 7.8283758 34.1985995
v 21.2294395 8.2412953 34.5489340
v 21.3666618 7.9355100 33.7399286
v 21.0159827 7.5644446 33.8468580
v 20.7609434 7.6675183 35.4944150
v 21.0936034 8.1157328 35.3579393
v 21.1282555 7.6044247 36.0980033
v 22.0098045 8.9693704 35.8447495
v 21.5510109 8.4996042 35.6013444
v 21.6591254 8.2528520 35.9516789
v 21.7949616 9.0905601 35.1440805
v 21.4442825 8.4949191 35.2510099
v 22.2537552 9.3079519 35.3874856
v 22.4963197 9.5462708 34.9288147
v 22.0389122 9.0330887 34.6854096
v 22.1456406 9.3788541 35.0357441
v 22.7111627 9.6365384 35.6308907
v 22.3604836 9.4400737 35.7378201
v 23.4125209 10.1528439 35.4156249
v 22.9551133 9.8373759 35.1722198
v 23.0618418 9.8570536 35.5239613
v 23.1990640 9.5125376 34.7149559
v 22.7402704 9.2998310 34.4715508
v 22.8469988 9.6003064 34.8218853
v 21.8240693 8.2806507 33.9833337
v 22.0680200 8.0710675 33.5260698
v 21.7173409 7.8277511 33.6329992
v 22.2828629 8.8956571 34.2267388
v 21.9307977 8.7329256 34.3350751
v 22.9842211 8.7426083 34.0128800
v 22.5254275 8.4418205 33.7694749
v 21.8420884 6.3334948 51.6252783
v 21.9072343 6.2557210 51.2045955
v 17.3691973 7.4476278 54.1156078
v 17.3636530 7.8211919 54.5278488
v 17.5784959 7.8899077 55.2299248
v 17.8224466 7.4841721 54.7712539
v 17.4717675 8.0938687 54.8781833
v 17.8529404 7.6128580 55.5085040
v 19.9126603 8.9749926 58.3308775
v 20.8524249 7.1596461 55.8658733
v 21.0437044 7.6618961 56.7255295
v 21.7298156 7.9108347 56.2626377
v 21.9737663 7.8015142 55.8039668
v 21.5163588 7.5641323 55.5605617
v 21.6230872 7.7690303 55.9108962
v 21.7589234 7.5716286 55.1018909
v 21.3015159 7.1224771 54.8584858
v 21.4082443 7.2689667 55.2102273
v 21.4872510 8.0235911 56.7199016
v 21.4054721 8.3022025 57.7089986
v 22.0361401 8.0607601 57.3502223
v 22.1886092 7.9645580 56.5060428
v 21.8379301 8.0289010 56.6129722
v 22.8899674 7.8977163 56.2907770
v 22.4325599 7.8939681 56.0473719
v 22.5392883 7.8855348 56.3977064
v 23.0188732 7.4582475 57.0223992
v 24.0043785 6.9004001 56.4483572
v 23.5913256 7.4001514 56.0769182
v 23.1339181 7.8692929 55.8335131
v 23.2406465 7.6547122 56.1838476
v 22.2177170 7.6965664 55.3452960
v 22.0028741 7.3089468 54.6446270
v 22.1096025 7.5063486 54.9949615
v 22.6751245 7.7590353 55.5901080
v 22.3244454 7.7887080 55.6970374
v 22.9509551 7.6084852 55.1511347
v 23.0258036 7.6734529 55.4817717
v 23.1630258 7.5428929 54.6727663
v 22.8123468 7.5581977 54.7811027
v 22.7763086 7.1084216 53.9749112
v 22.5184971 6.9000878 52.5679454
v 21.9460446 6.6611442 51.9727989
v 22.3050402 6.8841582 51.8672764
v 22.7624478 6.6998749 52.1106815
v 23.0063984 6.7585957 51.6520107
v 22.5476048 6.6848824 51.4086056
v 22.6557193 6.8794730 51.7589401
v 22.9828350 6.9694283 52.8577804
v 23.2212413 6.8835335 52.3540866
v 22.8705623 6.8451151 52.4610160
v 23.6786489 7.0212775 52.5974917
v 23.9225995 6.7504747 52.1388208
v 23.4638059 6.5462014 51.8954157
v 23.5719204 6.7008120 52.2471572
v 23.7839912 6.3194393 51.4311170
v 23.2503491 6.6939404 51.1947468
v 23.3570775 6.4203266 51.5450812
v 23.4346982 7.1340339 53.0561626
v 23.4055904 7.4669931 54.2155024
v 23.6495411 7.1646436 53.7568315
v 23.2988620 7.1755757 53.8637609
v 24.1083347 7.3698540 54.0002366
v 24.3508993 7.0234639 53.5429727
v 23.8560675 7.0390811 53.1152551
v 24.0002202 7.0565724 53.6499021
v 24.1374425 7.1027994 52.8408968
v 24.5948500 7.1505881 53.0843019
v 24.8388006 7.5016634 52.6270380
v 24.3800070 7.1246635 52.3822259
v 24.4881215 7.3030123 52.7339674
v 24.8096929 7.1037364 53.7863778
v 25.0536436 6.7767117 53.3277070
v 24.7015784 7.0290861 53.4360433
v 25.5110511 6.6414665 53.5711121
v 25.7550018 6.2060582 53.1138482
v 25.2962082 6.8023239 52.8704431
v 25.4043227 6.5143423 53.2207776
v 25.5401588 7.0434539 52.4117722
v 25.0827513 7.2380446 52.1683671
v 25.1894797 7.4716783 52.5187016
v 24.6239577 6.9132063 51.9249620
v 24.2732786 6.8210646 52.0318914
v 25.3253159 6.5209015 51.7096963
v 24.8679084 6.5152793 51.4662912
v 24.9746368 6.8241881 51.8180326
v 25.1520555 6.1220375 51.0835965
v 23.6204334 7.3960909 54.9161714
v 23.8643840 7.5688175 54.4589075
v 23.5137049 7.4932301 54.5658369
v 23.8352763 7.2074348 55.6182473
v 23.7909216 7.2389816 55.1792740
v 24.4701025 6.6698899 55.1595765
v 24.9607760 6.2957011 54.8542649
v 24.2233796 7.3467405 54.3533851
v 24.5657422 7.3548614 54.2436417
v 24.2926838 6.9819221 55.8616524
v 23.9420047 7.0406428 55.9699888
v 24.6807871 6.4440647 56.5581005
v 24.7514774 6.4237623 56.1050575
v 25.3779871 5.9368172 55.5507130
v 24.6447490 6.5836828 55.7547230
v 25.0245358 6.5340200 54.4884538
v 24.9164213 7.0347083 54.1367123
v 25.7258940 6.2497864 54.2731880
v 25.9698447 6.3019480 53.8145171
v 25.6177795 6.6836330 53.9228535
v 25.7841095 6.2697765 51.9545083
v 25.9989524 6.0551958 52.6551773
v 26.2415170 5.7256723 52.1979134
v 25.8908379 6.3794094 52.3048428
v 22.7901694 6.1457757 49.6147241
v 22.9010561 6.3097566 50.1268597
v 22.7915555 6.7095576 50.9499347
v 22.4408764 6.4734251 51.0582711
v 23.0355062 6.6308468 50.4926708
v 23.1422346 6.5490125 50.8430053
v 23.2794568 6.6908169 50.0339999
v 23.6287499 6.7760870 49.9284775
v 23.9808150 6.6798849 49.8201411
v 23.5220214 6.7642179 49.5767360
v 25.2712587 6.0177144 50.0016397
v 24.4382225 6.3303713 50.0635462
v 24.2233796 6.8394929 49.3614703
v 23.2503491 6.3081949 48.7001963
v 23.5511292 6.4759239 48.4159892
v 23.7659721 6.8979014 49.1180652
v 24.4673303 7.0047232 48.9042064
v 24.0099228 7.1396561 48.6608013
v 24.1166512 7.2499137 49.0111358
v 24.2524874 6.8116943 48.2021304
v 23.9018083 6.8326214 48.3090598
v 24.7112810 6.9916047 48.4455355
v 24.9552316 6.8351201 47.9868647
v 24.4964380 6.5764988 47.7434596
v 24.6045526 6.9688036 48.0952010
v 24.9261239 6.7504747 49.1476115
v 25.1686885 6.6964391 48.6889406
v 24.8180094 6.8357448 48.7958700
v 25.6274821 6.3587947 48.9323457
v 25.8714328 6.7245501 48.4750818
v 25.4126392 6.6658294 48.2316767
v 25.5207537 6.5774359 48.5820112
v 25.6565898 6.7504747 47.7730058
v 25.1977962 6.6620812 47.5296008
v 25.3059107 6.7229884 47.8799352
v 25.2158153 6.3950266 49.4472952
v 25.7425270 6.1994990 49.3108195
v 26.0848896 6.2953887 49.1757508
v 26.5436832 5.7706499 49.4205628
v 26.7876339 5.8584187 48.9618920
v 26.3288403 6.2441642 48.7184869
v 26.4355687 6.1988743 49.0688214
v 26.8264442 5.2318555 49.7174326
v 26.1139973 6.3853440 48.0164109
v 26.3579480 6.3575453 47.5591470
v 26.0072689 6.4384425 47.6660764
v 26.5727909 6.0754982 48.2598160
v 26.2221118 6.4343821 48.3667454
v 26.8167416 6.0358304 47.8025521
v 26.9234700 5.9689887 48.1528866
v 26.6504116 6.0923648 47.1286155
v 25.0772070 6.5162163 47.1989638
v 25.4417469 6.7963894 47.0667090
v 25.9296483 7.0265873 46.1549951
v 25.5512475 6.5430780 46.2365992
v 26.1431051 6.4959139 46.8570711
v 25.7924260 6.5699396 46.9640005
v 26.5935822 6.4846695 46.5419107
v 26.3870558 6.6202271 46.3984002
v 26.6310064 7.1277870 45.9411363
v 26.1722128 7.7327984 45.6977312
v 25.7148053 6.9094581 45.4529192
v 26.4161635 8.3381221 45.2390604
v 25.9587560 7.4476278 44.9956553
v 26.0654844 7.5625706 45.3459898
v 25.8506415 7.3579849 44.6453208
v 19.7823685 9.9495076 59.9263767
v 20.0249331 9.7867761 59.4691128
v 19.5273292 9.3641739 59.0428022
v 19.6742540 9.6790172 59.5760422
v 19.8114763 9.3785418 58.7670369
v 19.2944672 10.3152631 60.8423115
v 19.5384178 10.2181239 60.3850476
v 19.1877387 10.2618522 60.4919770
v 19.7532607 10.1553427 61.0857166
v 20.4546189 10.3408753 60.8718578
v 19.9958253 10.3593037 60.6284527
v 20.1039398 10.2824669 60.9787872
v 20.2397760 10.1703352 60.1697818
v 19.8890969 10.2078166 60.2781182
v 20.6985696 10.1722093 60.4131869
v 20.4837267 9.8423734 59.7125179
v 20.5904551 10.0210345 60.0628524
v 20.9120264 10.2543559 61.1152629
v 21.1559771 10.2234338 60.6579990
v 20.8052980 10.2784064 60.7649284
v 21.6147707 10.1831413 60.9014041
v 21.8573353 10.4083418 60.4427332
v 21.3999278 10.0603899 60.1993281
v 21.5066562 10.3571173 60.5496626
v 21.6424924 9.8814165 59.7406572
v 21.1850849 9.5256561 59.4972522
v 21.2918133 9.7105640 59.8489936
v 20.2688838 9.5331523 59.0104420
v 20.3589792 9.0477689 58.6418169
v 20.7276774 9.4032170 59.2538471
v 20.3756122 9.6662111 59.3607765
v 21.0395461 9.2154979 58.9471285
v 19.9376098 10.0919367 62.9471324
v 20.0928512 10.0010445 62.5334844
v 20.1524528 9.7627256 63.6492083
v 20.3964034 9.6427853 63.1919444
v 20.0457243 9.9126510 63.2988738
v 20.2952193 9.4391366 64.0755190
v 20.6112464 9.5425227 63.8926134
v 21.0686539 9.4182095 64.1360185
v 21.3126045 9.2411102 63.6787546
v 20.7872789 9.4347638 63.1553633
v 20.9619254 9.4781797 63.7856840
v 22.2606856 8.3905960 62.9907483
v 21.0201410 10.0403999 61.4726322
v 21.3708200 9.9972963 61.3586680
v 22.2870212 9.3888492 61.8454781
v 21.8282276 9.5228450 61.6020730
v 22.0721782 10.0959972 61.1448091
v 21.7214991 9.8539302 61.2517385
v 22.5295857 9.3829146 61.3882142
v 22.7735364 9.3426222 60.9295434
v 22.3161289 9.8342525 60.6861383
v 22.4228573 9.7136875 61.0378797
v 22.7444287 8.7282404 62.0902902
v 22.9883793 8.9793654 61.6316193
v 22.6377002 9.2635990 61.7385487
v 23.4457869 8.6382852 61.8750244
v 23.6897375 8.3415579 61.4177605
v 23.2323300 8.8256919 61.1729485
v 23.3390584 8.6841998 61.5246899
v 23.0174871 8.9475063 60.4722795
v 23.1242155 8.9721815 60.8226140
v 23.9045804 7.6284753 62.1184295
v 24.4936659 7.0050356 62.5348914
v 24.1942719 7.3854712 61.9467797
v 25.0938400 6.7842080 60.9886359
v 21.6716001 8.9459446 58.5813174
v 22.2551412 8.4896092 58.0452634
v 21.8864431 9.5378375 59.2833933
v 22.1303937 9.2842137 58.8247225
v 21.7797146 9.2910853 58.9316519
v 22.5878012 8.9946703 59.0681276
v 22.8317519 8.5180325 58.6108637
v 22.3743444 8.7716563 58.3674586
v 22.4810728 8.9197076 58.7177931
v 22.7957138 8.0657576 57.8511021
v 22.1012860 9.8801671 59.9840623
v 22.3452367 9.3682344 59.5267984
v 21.9945576 9.7099393 59.6337278
v 22.5586935 9.5003562 60.2288744
v 22.2080144 9.9017189 60.3358038
v 23.2614378 8.7023158 60.0136086
v 22.8026442 9.2101881 59.7702035
v 22.9107587 9.1758302 60.1205380
v 23.0465948 8.5917459 59.3115327
v 22.6959157 9.0355875 59.4198690
v 23.5040024 8.4080873 59.5563447
v 23.9309160 7.6706418 59.0512440
v 23.2905455 8.0960551 58.8542688
v 23.3972739 8.2259904 59.2046033
v 23.6121169 8.3043889 59.9066792
v 24.3134750 7.3139443 59.6914134
v 23.0757026 8.2047510 58.1521928
v 23.4970719 7.5922433 57.6400572
v 23.1824310 8.2063127 58.5039343
v 24.4091148 6.7345452 58.1395301
v 24.5407927 6.6855071 57.3136412
v 20.8247032 9.2960828 64.5946894
v 20.4740241 9.2070646 64.7016188
v 25.6649063 5.7456623 57.1279217
v 24.8859275 6.4118933 58.8008041
v 25.2684865 6.5761865 60.4708725
v 25.8589580 6.1863805 60.2541998
v 25.4445191 6.6611442 60.8802996
v 6.1530107 -0.7064390 -24.8081407
v 6.3844866 -0.6005542 -23.7289979
v 6.3387459 -0.5827506 -24.1947036
v 6.5826965 -0.5886851 -24.6533745
v 7.0401041 -0.4784275 -24.4085624
v 6.8529828 -0.5821259 -25.0234065
v 7.4988977 -0.4240795 -24.1651573
v 7.1482186 -0.4902966 -24.0582279
v 7.8495767 -0.4253289 -24.2734937
v 7.9854129 -0.4668708 -25.0810921
v 7.6347338 -0.4665584 -24.9741627
v 8.4968777 -0.4649967 -24.6632232
v 8.7117206 -0.4381351 -23.9611473
v 9.3063504 -0.4962311 -24.5267475
v 11.4104249 -0.4050265 -25.1697309
v 12.7729449 -0.4297018 -25.1064175
v 7.3977136 -0.5686951 -22.6132740
v 7.1870289 -0.5621358 -23.3026873
v 8.0907553 -0.4703065 -23.4827789
v 8.8045882 -0.4356363 -23.0297359
v 8.5135107 -0.3147590 -19.5854835
v 9.2148689 -0.1651459 -18.5527706
v 9.5114907 -0.1795138 -18.8355707
v 10.2946278 -0.1257905 -18.7863269
v 11.6197235 0.1044074 -19.4757402
v 11.8068448 0.0816063 -20.1116888
v 12.4790952 0.5198257 -19.1662077
v 12.7230459 0.6828695 -19.6248786
v 12.2656384 0.3520967 -19.8682837
v 12.3723668 0.4417395 -19.5179492
v 12.5082030 0.3558448 -20.3269545
v 12.0507954 0.0987852 -20.5703596
v 12.1575239 0.1706245 -20.2200251
v 12.2933600 0.1031581 -21.0276235
v 11.8359525 -0.1314127 -21.2724356
v 11.9426809 -0.0483291 -20.9206941
v 9.1164569 -0.3784772 -23.8936129
v 9.3312999 -0.3897216 -23.1915370
v 10.2613618 -0.3706686 -23.2843967
v 9.5211933 -0.4206438 -23.8246716
v 9.6819790 -0.3762908 -23.2984664
v 10.2475010 -0.3906587 -22.7047268
v 10.6952059 -0.3097614 -22.6850293
v 11.3383486 -0.2647838 -22.2699743
v 11.4062667 -0.2972677 -22.6751805
v 11.2399367 -0.3944068 -23.1985718
v 11.0320242 -0.4540646 -23.9034617
v 11.3369625 1.0689274 -12.8700356
v 12.0826754 0.6806831 -15.1549481
v 12.0909919 1.5155801 -12.9108376
v 12.7923501 1.8347962 -13.1246964
v 12.6190896 1.4880938 -13.6326111
v 13.5228160 2.0321980 -14.4993020
v 13.0972884 1.4943407 -14.6540683
v 13.4923222 2.0500016 -13.5819603
v 14.1825917 2.6044132 -13.5481931
v 14.4390171 2.9895340 -14.0124919
v 13.9816096 2.5400702 -14.2558969
v 14.0883380 2.6012898 -13.9041555
v 14.2241742 2.9345614 -14.7131608
v 13.7667667 2.2074233 -14.9565659
v 13.8734951 2.4682310 -14.6062314
v 12.7784892 0.9955264 -15.7064787
v 13.3079731 1.5852329 -15.1999710
v 14.0107173 2.5956676 -15.4152368
v 13.5519237 1.7623323 -15.6586419
v 13.6586522 1.9219404 -15.3083074
v 13.7958744 1.7826347 -16.1173127
v 13.1984725 1.2466514 -16.5084493
v 13.4451953 1.5967897 -16.0089764
v 12.0424789 0.4205001 -17.7859742
v 13.1652065 1.0045844 -17.5538249
v 11.9523835 0.4214371 -18.5077477
v 12.6260200 0.6941139 -18.0603326
v 13.1527317 0.9674154 -18.2221336
v 12.6939381 0.7625174 -18.4655387
v 12.9378888 1.0139548 -18.9228026
v 12.5872097 0.6257105 -18.8158732
v 13.3952963 0.9489871 -18.6793975
v 13.6392470 0.7134793 -19.1380684
v 13.1804534 0.6884917 -19.3814735
v 13.2885679 0.8315455 -19.0311390
v 13.6101392 1.1595073 -17.9787286
v 13.8540899 1.0704891 -18.4359924
v 13.5034108 1.0798595 -18.3290630
v 14.3114974 1.4456149 -18.1925874
v 14.5554481 1.0539349 -18.6512582
v 14.0966545 0.8396665 -18.8946633
v 14.2047690 1.0817335 -18.5429219
v 13.9095333 0.5167022 -19.5038795
v 13.8249822 1.4171916 -17.2766526
v 14.0675468 1.4762247 -17.7339165
v 13.7168677 1.2669538 -17.6269871
v 14.2823897 1.7707656 -17.0332475
v 13.9317106 1.5393183 -16.9263181
v 14.7411833 2.1683802 -16.7898424
v 14.9837479 2.0300116 -17.2471063
v 14.5263404 1.8997639 -17.4905114
v 14.6330688 2.0643695 -17.1401769
v 14.7702910 1.5589960 -17.9491823
v 14.4196119 1.6829968 -17.8422529
v 15.1639387 1.5655552 -17.8802409
v 15.4425415 2.3364216 -17.0037012
v 15.3358130 1.8991392 -17.3540357
v 16.1438996 1.8769627 -17.2189670
v 16.0371712 1.5202653 -17.5693015
v 15.3538321 0.8562208 -18.8215011
v 14.8479117 0.9527352 -18.9326514
v 14.2532819 2.2442799 -15.8725007
v 14.4972326 2.2455293 -16.3311716
v 14.4681248 2.7399707 -15.1718317
v 14.7120755 2.6693809 -15.6290956
v 14.3613964 2.4282509 -15.5221662
v 15.1694830 2.9898464 -15.3856905
v 15.4134337 2.8927072 -15.8443614
v 14.9546401 2.6128465 -16.0877665
v 15.0627546 2.8530395 -15.7374320
v 15.1985908 2.5107098 -16.5464373
v 14.8479117 2.3614091 -16.4381010
v 14.6829678 3.1825630 -14.4697558
v 14.9269184 3.0504412 -14.9284266
v 14.5748533 3.0145216 -14.8200902
v 14.8978107 3.3284279 -13.7676798
v 15.1403753 3.4952199 -14.2263507
v 14.7896962 3.2228554 -14.1194213
v 15.5991689 3.3515414 -13.9829456
v 15.8431196 3.0732424 -14.4402095
v 15.3843260 3.3096872 -14.6850215
v 15.4910544 3.3215563 -14.3332801
v 15.6282766 3.1569507 -15.1422854
v 15.2775975 3.1719432 -15.0353560
v 16.0856841 2.8208680 -14.8988803
v 16.3296348 2.6200304 -15.3575512
v 15.8708412 2.9261281 -15.6009563
v 15.9789557 2.8649086 -15.2492148
v 16.3005271 2.9957809 -14.1968044
v 16.7163521 2.6537636 -14.7047191
v 16.1937986 2.9198812 -14.5485458
v 17.5230526 2.4291879 -15.0001819
v 16.5735855 2.4079485 -15.8148151
v 16.6803139 2.4872840 -15.4644806
v 15.6573844 2.9508033 -16.3016253
v 15.8999490 2.4326237 -16.7602961
v 15.5492699 2.6874968 -16.6533667
v 16.1147919 2.6440810 -16.0582202
v 15.7641128 2.9654835 -15.9512908
v 16.8161501 2.2289751 -16.2734860
v 16.3587426 2.3273636 -16.5168910
v 16.4654710 2.3942053 -16.1665566
v 16.6026932 1.9506761 -16.9741549
v 16.2520142 2.1711913 -16.8672255
v 17.0601008 1.9837846 -16.7307499
v 17.3040514 1.7635817 -17.1894207
v 16.9533723 1.7816977 -17.0824913
v 17.2957349 2.2851971 -15.8387335
v 17.5188944 1.9178799 -16.4873448
v 17.1668292 2.1649444 -16.3804154
v 17.8820482 1.7476521 -16.4198104
v 17.7115599 1.5030863 -17.1247003
v 17.4897866 2.2855094 -15.3280049
v 17.8127440 2.0618707 -15.7880827
v 17.7032434 2.6175317 -14.6259290
v 17.9471941 2.4510520 -15.0845998
v 18.4059877 2.3582857 -14.8411947
v 18.8259710 2.0206412 -15.3533303
v 18.2978732 2.2333479 -15.1915292
v 18.4350955 1.8491641 -16.0005346
v 19.3748600 1.3859571 -16.2664511
v 18.6776601 1.5343208 -16.4592054
v 19.1073459 2.2183553 -15.0550535
v 19.3512966 1.8226148 -15.5137244
v 19.8087041 1.8476024 -15.2703193
v 19.7019757 1.6158427 -15.6206538
v 18.2646072 0.9174403 -17.9590310
v 18.7455781 1.2928784 -16.8615977
v 16.1924126 0.4817196 -19.6319134
v 16.4460658 0.5432515 -19.9963176
v 15.9872722 0.3242980 -20.2397226
v 17.2957349 0.3296078 -20.3508729
v 16.6900165 0.4261223 -20.4535815
v 16.7967449 0.4461124 -20.1032470
v 16.6844722 1.2831958 -17.9590310
v 17.0892085 1.2913167 -17.8914967
v 11.9232758 -0.3431823 -24.7504551
v 12.0286181 -0.3203812 -23.1493280
v 12.2739549 -0.3563008 -24.8587915
v 12.2462332 -0.2604110 -22.3867525
v 13.2358967 -0.3931574 -23.9048686
v 12.9669966 0.3583435 -20.0835494
v 12.8588821 0.2412143 -20.4338839
v 13.0737250 0.5445009 -19.7318080
v 14.4237702 0.2755722 -20.3382103
v 15.8722273 0.2415267 -20.6125686
v 15.4120476 -0.1467176 -22.2587186
v 15.6213462 0.0119534 -21.4694108
v 16.2561724 0.0356916 -21.7451761
v 15.7738154 0.1459493 -20.9417986
v 16.2312229 0.5210751 -20.6969865
v 16.4751736 0.2074811 -21.1556574
v 16.5819020 0.3189881 -20.8053229
v 10.8504472 1.3103697 -11.4912091
v 10.3472990 1.5830465 -9.8126988
v 10.8435168 2.0681176 -9.4595504
v 10.8546055 2.0187672 -10.0448482
v 10.7367884 1.9812858 -9.8112919
v 11.5448750 2.6728167 -9.6748162
v 10.8462890 1.1823085 -11.9555078
v 11.9634722 1.8219901 -11.6952191
v 10.3015582 1.4802852 -8.7208934
v 10.6272878 1.5108949 -7.6642620
v 10.4637300 1.4768494 -8.1932812
v 11.5310142 2.2455293 -7.8457606
v 11.3411208 2.2695798 -8.4606047
v 11.3023104 2.5238283 -9.2161453
v 10.9516313 2.0609337 -9.1092159
v 10.7853013 1.6601956 -7.1408707
v 11.0001443 1.8501011 -6.4387948
v 11.2440949 1.9534872 -6.8974656
v 10.8934158 1.7342213 -6.7891293
v 11.7015024 2.3745276 -6.6540605
v 11.7694205 2.4323114 -7.0578597
v 12.1894038 3.0270154 -7.5699953
v 12.4319684 3.6310897 -8.0272592
v 11.9745609 3.0251413 -8.2706643
v 12.0812893 2.9989044 -7.9203298
v 12.4028606 3.2078629 -6.8679193
v 12.6468113 3.7972570 -7.3265902
v 12.2961322 3.1485174 -7.2182538
v 13.1749091 4.2926355 -6.9129423
v 13.3481695 4.4341276 -7.5404490
v 12.8907620 4.0540043 -7.7838541
v 12.9974904 4.1973704 -7.4335196
v 13.1347126 4.1929976 -8.2425250
v 12.6759190 3.7653979 -8.4859301
v 12.7840336 3.9215702 -8.1355956
v 11.7597179 2.9764156 -8.9727402
v 12.0036686 3.0972929 -9.4314111
v 11.6529895 2.8636592 -9.3244817
v 12.2185115 3.6376490 -8.7293351
v 11.8678324 2.9976550 -8.6224057
v 12.9198697 3.5873615 -8.9446009
v 12.4610761 3.2553392 -9.1880060
v 12.5691906 3.5473814 -8.8362646
v 12.3543477 3.0213932 -9.5383405
v 13.2192637 3.5070889 -9.2245871
v 13.3772772 3.9428096 -8.6997889
v 14.0800215 4.1714458 -8.9150546
v 14.3225861 4.1324027 -9.3723185
v 14.1077432 3.6370243 -10.0743945
v 13.6503357 3.1416458 -10.3177996
v 13.7570641 3.3965190 -9.9674651
v 13.5921202 4.5453222 -7.9991199
v 13.8360708 4.4338152 -8.4563838
v 13.4853917 4.2629628 -8.3494544
v 13.8069631 5.1281572 -7.2970439
v 14.0509138 4.9857280 -7.7557148
v 13.6988486 4.8076916 -7.6473784
v 14.5083213 5.4914139 -7.5109027
v 14.7522719 5.2124902 -7.9695736
v 14.2934783 4.9245085 -8.2129787
v 14.4015928 5.1190992 -7.8626442
v 14.5374290 4.6312170 -8.6716495
v 14.1867499 4.5465716 -8.5647201
v 14.9962226 5.1453361 -8.4282445
v 15.2387872 4.9738589 -8.8855084
v 14.7813797 4.7830164 -9.1289134
v 14.8881081 4.8682865 -8.7785790
v 15.2096795 5.6563318 -7.7261685
v 15.4536301 5.3227478 -8.1848394
v 15.1029510 5.4095796 -8.0765030
v 15.9110376 5.2587172 -7.9400273
v 16.1549883 4.7539684 -8.3986982
v 15.6975808 4.9260702 -8.6421033
v 15.8043092 5.1215979 -8.2917688
v 15.9401454 4.5412617 -9.1007741
v 15.4827379 4.6861896 -9.3441792
v 15.5894663 4.7636511 -8.9924378
v 14.5665368 4.3966462 -9.8309894
v 14.8104874 4.4937854 -10.2896603
v 14.3516938 3.7688337 -10.5330653
v 14.4598083 4.0502561 -10.1813239
v 15.0239443 4.7602153 -9.5875843
v 14.6732652 4.4997199 -9.4806549
v 15.7266886 4.4300671 -9.8014431
v 15.2678950 4.6761946 -10.0448482
v 15.3760095 4.6930612 -9.6945137
v 15.5118456 4.4975335 -10.5035191
v 15.0530520 4.2157987 -10.7469242
v 15.1611665 4.5069038 -10.3965897
v 12.2725688 1.7985643 -12.4043299
v 12.5414690 2.0284499 -12.6688395
v 13.1679786 2.4635458 -11.8964152
v 13.0820415 2.5475665 -11.3364428
v 13.4881639 2.9098862 -10.7947610
v 13.8942863 3.2228554 -10.7764704
v 13.6794434 2.8015026 -11.4785464
v 14.1368509 3.2843873 -11.2337343
v 14.3808016 3.2862614 -11.6924052
v 13.9233941 2.8948936 -11.9358103
v 14.0301225 3.1100990 -11.5854758
v 14.5956445 3.9831020 -10.9903292
v 14.2449654 3.6045404 -10.8833998
v 15.2970027 4.1976827 -11.2055950
v 14.8395952 3.8238063 -11.4490001
v 14.9463236 4.0593141 -11.0986656
v 15.0821598 4.2589023 -11.9062640
v 14.6247523 3.5839257 -12.1510761
v 14.7314807 3.7210450 -11.7993346
v 13.6489496 2.3523511 -12.8067221
v 14.1659587 3.0020278 -12.3944811
v 13.8152796 2.6506402 -12.2861448
v 14.8687029 4.0911733 -12.6083400
v 14.4099093 3.0957312 -12.8517450
v 14.5180239 3.3715314 -12.5014106
v 14.6538600 3.4580509 -13.3104159
v 14.3031809 2.8870850 -13.2034865
v 11.2149872 1.9513007 -5.7367188
v 11.4589378 2.1968036 -6.1953897
v 11.1068727 1.9547365 -6.0884603
v 11.4298301 1.8529122 -5.0360498
v 11.6723947 2.3048748 -5.4933137
v 11.3217156 1.9097589 -5.3863843
v 12.1311883 2.5781763 -5.2499086
v 12.3737529 2.8855233 -5.7085795
v 11.9163454 2.5225789 -5.9519846
v 12.0230738 2.5772392 -5.6016501
v 12.1602960 2.9220676 -6.4106555
v 11.8096169 2.4732285 -6.3023191
v 11.8872376 2.0968533 -4.7926447
v 11.5365585 1.8023124 -4.6843084
v 11.8581299 1.4568593 -3.6318979
v 12.1103970 2.0134573 -4.0990106
v 12.5594880 2.4257521 -3.8471637
v 12.8034387 2.9845365 -4.3044276
v 12.3460312 2.5222666 -4.5492396
v 12.4527596 2.4785383 -4.1974982
v 12.5885958 2.9632971 -5.0065035
v 12.2379167 2.5119592 -4.8995741
v 13.0473894 3.5392604 -4.7630985
v 13.2899540 4.1742569 -5.2217693
v 12.8325465 3.3965190 -5.4651744
v 12.9392749 3.4552398 -5.1134329
v 13.2608462 3.6438959 -4.0610225
v 13.5047969 4.3779055 -4.5196934
v 13.1541178 3.6342132 -4.4127640
v 13.9635905 5.0132144 -4.2762883
v 14.2061551 5.6591429 -4.7335522
v 13.7487476 4.8967098 -4.9769573
v 13.8554760 4.9307554 -4.6266228
v 13.9926983 5.5301446 -5.4356281
v 13.5339047 4.5509444 -5.6790332
v 13.6420192 4.7018068 -5.3286987
v 12.6177035 3.2684577 -6.1658434
v 12.8616542 3.9371874 -6.6245143
v 12.5109751 3.2462812 -6.5175849
v 13.0764971 3.9962205 -5.9224383
v 12.7258181 3.3278032 -5.8155089
v 13.7778553 5.0994215 -6.1377041
v 13.3190617 4.3660365 -6.3811092
v 13.4271762 4.4409991 -6.0307747
v 13.5630124 4.6711971 -6.8383731
v 12.0729728 1.2013615 -2.9312289
v 12.4915700 2.0346967 -3.4982362
v 12.9891739 2.9754785 -2.4430118
v 13.2331246 3.2887601 -2.9016827
v 12.8810594 2.6971795 -2.7947533
v 13.0182816 2.9689193 -3.6037586
v 12.5012725 2.1711913 -1.5270770
v 12.7452232 2.5275764 -1.9857479
v 12.3945441 1.9131947 -1.8788185
v 12.7161155 2.2611465 -0.8264080
v 12.9600661 2.9398712 -1.2836719
v 12.6093870 2.2973785 -1.1767425
v 13.4174737 3.6413971 -1.0402669
v 13.6614243 4.1386496 -1.4989377
v 13.2040168 3.3993301 -1.7423428
v 13.3107452 3.5430086 -1.3906013
v 13.4465814 3.8528544 -2.1996067
v 13.0959023 3.2228554 -2.0926773
v 13.9053750 4.6415243 -1.9562016
v 14.1493257 5.3930253 -2.4148725
v 13.6905321 4.1730075 -2.6582776
v 13.7972605 4.4434979 -2.3079431
v 14.1202179 4.9847910 -1.2555326
v 14.3627825 5.7865795 -1.7127965
v 14.0121034 4.7842658 -1.6058671
v 14.8215761 6.2051212 -1.4693914
v 15.0641407 6.0295835 -1.9280623
v 14.6067332 5.9727368 -2.1714674
v 14.7134616 6.1145412 -1.8197259
v 14.8506839 5.8818446 -2.6287313
v 14.3918903 5.4664263 -2.8721364
v 14.5000048 5.6975613 -2.5218019
v 13.4756892 3.6782538 -3.3603535
v 13.7196398 4.5284556 -3.8176174
v 13.3689607 3.6148478 -3.7106880
v 13.9344828 4.8179990 -3.1169484
v 13.5838037 3.9062653 -3.0086121
v 14.6358409 5.7465994 -3.3308072
v 14.1770473 5.2915134 -3.5742123
v 14.2851618 5.4098919 -3.2238778
v 14.4209980 5.7934510 -4.0328832
v 14.0703189 5.1394016 -3.9245468
v 14.8797916 5.6047949 -3.7894781
v 15.1223562 5.7469117 -4.2467420
v 14.6649487 5.9090185 -4.4901471
v 14.7716771 5.9686763 -4.1398126
v 15.0932485 5.6163517 -3.0874021
v 15.3371991 5.3155639 -3.5446660
v 14.9865200 5.5673136 -3.4377366
v 16.1300388 4.7068044 -3.7711875
v 15.5811498 5.1468978 -4.0033369
v 15.8251005 4.9975971 -4.4620078
v 15.3663069 5.5966740 -4.7054129
v 15.4730353 5.3646020 -4.3536714
v 15.3080914 5.6731984 -2.3853262
v 15.4674910 5.4395647 -2.7989742
v 15.5270925 5.5713741 -2.1419211
v 16.2242925 5.3177503 -1.8985160
v 16.5541803 4.9104530 -2.3881401
v 16.7842702 4.6196602 -3.2098082
v 16.9256507 4.8364273 -2.1123748
v 17.1696013 4.4862891 -2.5710457
v 17.6283949 4.5050298 -2.3276406
v 17.8709595 4.0902362 -2.7849045
v 17.4135520 4.2963836 -3.0297165
v 17.5202804 4.2642121 -2.6779751
v 17.3054375 4.2529677 -3.3800510
v 16.0676651 4.9051431 -4.9192717
v 16.1757796 4.6299676 -4.5689372
v 16.7856562 4.0743066 -5.0712240
v 14.0218060 5.0325797 -6.5949680
v 14.2643706 5.6557071 -7.0536388
v 13.9136915 5.0838042 -6.9467094
v 14.2352628 5.4458116 -5.8942990
v 14.4792135 5.6097925 -6.3515629
v 14.1285344 5.1506460 -6.2446335
v 14.9380071 5.6319689 -6.1081578
v 15.1805717 5.6216615 -6.5668287
v 14.7231642 6.0770599 -6.8102337
v 14.8298926 5.8568570 -6.4584923
v 14.9671149 5.7259846 -7.2674976
v 14.6150497 5.7690882 -7.1605682
v 14.4501058 5.7116168 -5.1922230
v 14.6940564 5.7775215 -5.6508939
v 14.3433773 5.6285331 -5.5425575
v 14.9088994 6.0626920 -4.9488179
v 14.5582203 5.8224991 -4.8418885
v 15.6102575 5.4757966 -5.1626768
v 15.1514640 5.6897527 -5.4060818
v 15.2595785 5.8084436 -5.0557474
v 15.3954146 5.3933377 -5.8647527
v 15.0447355 5.6641404 -5.7578233
v 15.8542082 5.0866153 -5.6213476
v 16.2769637 4.5550049 -6.1320762
v 15.6393653 5.2199865 -6.3234236
v 15.7460937 5.0850536 -5.9716821
v 16.3116157 4.6796304 -5.3779425
v 15.9609366 5.0388266 -5.2710131
v 16.8383274 4.0871128 -5.5383366
v 16.5555664 4.5034681 -5.8352064
v 16.9741636 3.7703954 -6.3065400
v 16.3407235 4.5012816 -6.5372824
v 15.4245224 5.5238977 -7.0240926
v 15.6684731 5.4676757 -7.4827634
v 15.3177940 5.6766342 -7.3758340
v 15.8833160 5.0257081 -6.7806875
v 15.5312508 5.3189997 -6.6737581
v 16.5846742 4.4007067 -6.9959532
v 16.1258806 4.7561548 -7.2393583
v 16.2339951 4.7230463 -6.8876169
v 16.3698312 4.5696851 -7.6966222
v 16.0191521 5.0207106 -7.5896928
v 16.6137819 4.1864383 -8.1552931
v 16.7205103 4.1080399 -7.8049586
v 18.3297531 4.0615005 -2.5414994
v 18.2216386 3.8856505 -2.8932409
v 15.1112675 3.8356754 -13.0670108
v 15.3552182 3.5989182 -13.5242747
v 15.0045391 3.5945454 -13.4173453
v 15.3261105 3.9240689 -12.3649349
v 15.5700611 3.7594633 -12.8236057
v 15.2193820 3.9037665 -12.7152694
v 16.0274686 3.5764294 -12.5787937
v 16.2714193 3.4624237 -13.0374645
v 15.8140118 3.5361370 -13.2808696
v 15.9207402 3.5761171 -12.9305351
v 16.0565764 3.2837626 -13.7395405
v 15.7058973 3.4699199 -13.6326111
v 15.5409534 3.9465577 -11.6628589
v 15.7849041 3.8016299 -12.1215298
v 15.4328389 3.9434343 -12.0146004
v 15.7557963 4.0833646 -10.9621899
v 16.1674631 3.7532165 -11.4841743
v 15.6476818 4.0290167 -11.3125244
v 16.4571545 3.6257799 -11.1760487
v 17.0240626 3.3502920 -11.3842797
v 16.1480579 3.6660723 -12.2270522
v 16.4862622 3.5548777 -12.3353886
v 16.7232825 3.4864742 -12.7940594
v 16.8369413 3.4193201 -12.4437250
v 17.2264308 3.3668462 -11.8232530
v 18.1038215 3.0238919 -12.0638442
v 17.7531424 3.2116110 -11.9555078
v 17.8889786 3.0145216 -12.7645132
v 17.4315711 3.2228554 -13.0079183
v 17.5382995 3.1635099 -12.6575838
v 16.5153700 3.3690327 -13.4961354
v 16.7579346 2.9754785 -13.9533993
v 16.4072555 3.1119731 -13.8464699
v 16.9727775 3.4608620 -13.2527303
v 16.6220984 3.5002174 -13.1443939
v 17.6741357 3.1610112 -13.4665891
v 17.2167282 3.1859988 -13.7099942
v 17.3234566 3.3818388 -13.3596597
v 17.4606789 2.9123849 -14.1686651
v 17.1099998 2.9251911 -14.0603287
v 15.9692531 4.1117880 -10.2601140
v 16.3989390 3.8038163 -10.7567729
v 15.8625247 4.0967955 -10.6104485
v 16.1840961 4.1014806 -9.5580380
v 16.4280467 3.8472322 -10.0167089
v 16.0773676 4.0427598 -9.9097795
v 16.8854543 3.7682090 -9.7733038
v 16.7787258 3.6217194 -10.1236383
v 16.3989390 4.3210588 -8.8573690
v 16.6428897 4.0946090 -9.3146329
v 16.2922106 4.2888874 -9.2077035
v 16.8563465 3.8481692 -8.6125570
v 16.5056674 4.3397995 -8.5056276
v 17.5590908 3.2775157 -8.8278228
v 17.1002972 3.8459828 -9.0712278
v 17.2084117 3.5526913 -8.7208934
v 17.3442478 3.8122496 -9.5298987
v 16.9935688 3.8450457 -9.4215623
v 17.8016554 3.3103119 -9.2864936
v 18.0456060 3.2903218 -9.7437575
v 17.5881985 3.5045902 -9.9871626
v 17.6949269 3.7157351 -9.6368281
v 18.5043996 2.8823998 -9.5003524
v 18.4004434 2.8508530 -9.8450591
v 17.8404657 2.8458555 -11.0283173
v 17.9970931 2.7840113 -10.4444265
v 17.4800840 3.1444569 -10.3389041
v 18.3186645 2.8233667 -11.3617682
v 17.9679854 2.9130096 -11.2548388
v 19.0200226 2.6019144 -11.5756270
v 18.5612290 2.7865101 -11.8204391
v 18.6693436 2.7168572 -11.4686976
v 19.4774302 2.2611465 -11.3322219
v 19.5467343 2.2233528 -11.7374281
v 19.2639733 2.3779634 -12.0342979
v 20.2827446 1.6083464 -12.1102740
v 17.9180864 2.8752159 -13.9252600
v 18.1620370 2.6606352 -14.3825239
v 17.8113579 2.7740163 -14.2755945
v 18.1329293 2.9667329 -13.2231840
v 18.3768800 3.2128604 -13.6804479
v 18.0262009 3.0488795 -13.5735185
v 18.8342875 2.6465797 -13.4370428
v 19.0782381 2.4057621 -13.8957137
v 18.6194446 2.7118597 -14.1391188
v 18.7275591 2.7637089 -13.7887843
v 18.8633952 2.5491282 -14.5977896
v 18.5127161 2.5207049 -14.4894533
v 18.3477722 2.7149832 -12.5211081
v 18.5903368 2.5906700 -12.9797789
v 18.2396577 2.7771397 -12.8728495
v 18.8051797 2.7883841 -12.2777030
v 18.4545006 2.8599110 -12.1707736
v 19.5065379 2.2708292 -12.4929688
v 19.1558588 2.4457422 -12.3846324
v 19.2930811 2.1583852 -13.1936377
v 18.9424020 2.3895201 -13.0867083
v 19.5356457 1.9897191 -13.6523086
v 20.7346078 1.5074591 -12.8883262
v 19.3221888 2.3329858 -14.3543846
v 19.5647534 2.3798375 -14.8116485
v 19.2140743 2.5360097 -14.7047191
v 19.7795963 1.9269379 -14.1095725
v 19.4289172 2.1418309 -14.0026431
v 20.4809545 1.6027242 -14.3248383
v 20.0235470 1.8722776 -14.5682434
v 20.1302754 1.7629570 -14.2179089
v 20.2674977 1.5783614 -15.0269142
v 19.9154325 2.0084598 -14.9185779
v 13.1749091 2.9632971 -0.5815960
v 12.8242300 2.3039377 -0.4746666
v 13.2400550 2.7836990 0.2020840
v 13.8471595 3.8228693 0.3624781
v 14.0911102 4.4950348 -0.0947858
v 13.6323166 3.7404103 -0.3381909
v 13.7390450 3.7191709 0.0121436
v 13.8762672 4.3713463 -0.7968618
v 13.5255882 3.6735686 -0.6899324
v 13.3592582 3.0285771 1.2784128
v 13.5741011 3.7151104 1.9804888
v 13.8180517 3.9921600 1.5232249
v 13.4673727 3.3568512 1.6301543
v 14.2754593 5.1803187 1.7666300
v 14.5194099 5.5379532 1.3079591
v 14.0620024 4.3326156 1.0645540
v 14.1687308 4.8020694 1.4148885
v 14.3045670 4.7936361 0.6058832
v 13.9538879 4.0130871 0.7142195
v 14.7633606 6.1576448 0.8506952
v 15.0073113 6.7129934 0.3920244
v 14.5485177 5.4276956 0.1486193
v 14.6552461 5.7950128 0.4989538
v 14.9782035 6.2191767 1.5513642
v 15.2207681 6.5143423 1.0941003
v 14.8700890 6.3344318 1.2010297
v 15.6795617 5.7247352 1.3375054
v 15.9235124 5.5698123 0.8788345
v 15.4647188 6.0195885 0.6354295
v 15.5714472 5.9033963 0.9857639
v 15.7086695 5.6860045 0.1767586
v 15.2498759 6.3178775 -0.0666465
v 15.3579904 6.1023598 0.2850950
v 14.3336748 5.3742847 -0.5534567
v 14.5776254 6.2654037 -1.0107206
v 14.2269463 5.2087421 -0.9037912
v 14.7924684 6.4084575 -0.3100516
v 14.4417893 5.4230104 -0.2017152
v 15.4938265 6.1014228 -0.5239104
v 15.0364190 6.4990374 -0.7673155
v 15.1431475 6.4874806 -0.4169810
v 15.2789836 6.1576448 -1.2259863
v 14.9283045 6.4812337 -1.1190569
v 13.7889440 4.4363140 2.6825647
v 14.0328947 4.8798432 2.2238939
v 13.6822156 4.2913861 2.3322303
v 14.0037869 4.8742210 3.3846407
v 14.2463515 5.4080179 2.9259698
v 13.8956724 4.8176867 3.0328992
v 14.7051451 6.0689389 3.1693749
v 14.9490958 6.0317699 2.7121110
v 14.4903022 5.7253599 2.4672990
v 14.5984167 5.9330691 2.8190404
v 14.7342529 5.9480616 2.0100351
v 14.3835738 5.4829806 2.1169645
v 14.4611944 5.5304569 3.6280458
v 14.1105153 4.9519948 3.7349752
v 14.4320867 5.6151023 4.7873856
v 14.6732652 5.5064064 4.3273078
v 14.3253583 5.5941752 4.4370511
v 15.3773955 5.4639275 4.1148560
v 14.9199880 5.5723111 3.8714509
v 15.0267164 5.4654893 4.2217854
v 15.1625526 5.8590434 3.4127800
v 14.8118735 5.7965745 3.5197094
v 15.6213462 5.6041702 3.6561851
v 15.8652969 5.5032830 3.1989212
v 15.4065033 5.7862671 2.9555161
v 15.5146178 5.7422265 3.3058506
v 15.8361891 5.3305564 4.3582611
v 16.0787537 5.5229607 3.8995902
v 15.7280746 5.4629905 4.0079266
v 16.5375473 5.4967237 4.1444022
v 16.7814980 5.1056683 3.6857314
v 16.3227044 5.1397139 3.4423263
v 16.4294328 5.2902640 3.7926608
v 16.5666551 5.0500710 2.9836554
v 16.1078615 5.4751720 2.7402503
v 16.2159760 5.1831298 3.0905848
v 15.1916604 6.0636291 2.2534402
v 15.4356110 5.8746606 1.7947693
v 15.0849320 6.0808080 1.9031057
v 15.6504540 5.8771594 2.4968453
v 15.2997749 5.9102679 2.6037747
v 16.3518122 5.4929756 2.2829864
v 15.8944046 5.6116665 2.0381744
v 16.0011331 5.7147402 2.3899159
v 16.3615147 5.1996841 1.7033165
v 15.7862901 5.6107295 1.6878399
v 16.9187203 4.8170620 1.3403193
v 16.8106057 5.1084794 2.5263915
v 16.7024912 5.1206609 2.1746501
v 16.9173342 4.8988963 2.8767260
v 17.2389055 5.1453361 3.9291365
v 17.4828562 4.6477712 3.4704656
v 17.1321771 4.9857280 3.5788020
v 15.7377772 5.8955877 -0.9825813
v 15.9803418 5.6313442 -1.4398452
v 15.6296627 5.9208876 -1.3329157
v 16.1231084 5.3289947 0.0642013
v 16.1951847 5.5067187 -0.7391762
v 15.8445056 5.7656524 -0.6308398
v 17.0753477 4.8223718 -1.0064997
v 16.4391354 5.3430502 -1.1964401
v 16.5458638 5.1606410 -0.8461056
v 16.3324070 5.3724106 -1.5481815
v 16.1660770 5.3499218 0.4215706
v 17.3844443 4.7939485 -1.8689697
v 17.0337652 4.9610528 -1.7620403
v 17.7697754 4.3219959 -1.2259863
v 17.8418518 4.4353769 -1.6255646
v 18.0858025 4.4975335 -2.0842355
v 17.7351234 4.6077911 -1.9773061
v 14.6469296 5.5679383 5.4894616
v 14.5402012 5.5994851 5.1377201
v 14.8617725 5.2140519 6.1901306
v 15.1043371 5.5082805 5.7328667
v 14.7536580 5.5257718 5.8397961
v 15.5631307 5.0263328 5.9762718
v 15.8070814 5.1659508 5.5176009
v 15.3482878 5.2955738 5.2741958
v 15.4564023 5.3411761 5.6259373
v 15.0766155 5.0891141 6.8922065
v 15.2900723 5.0906758 7.5942825
v 15.1833439 5.0332044 7.2425410
v 16.0205382 4.8236212 6.2196769
v 16.5139839 4.8764074 5.8355752
v 16.3726034 4.7327290 6.1127475
v 17.0878224 4.6964970 6.0902360
v 17.4246407 4.6552675 5.7905523
v 16.9658471 4.8554804 5.5471472
v 15.9401454 5.2240469 4.7493976
v 16.2935967 5.5057817 4.6016661
v 17.2097978 5.1687619 5.0884763
v 16.7523902 5.1750088 4.8450712
v 16.8591187 5.0282069 5.1968127
v 16.9949548 5.3852167 4.3878073
v 16.6442757 5.4295696 4.4947367
v 15.5049152 4.8476718 8.2949515
v 15.7488659 4.8857778 7.8376876
v 15.3981868 4.9947860 7.9446170
v 15.9637088 4.6543305 8.5397635
v 16.4211163 4.5534432 8.7831686
v 16.6650670 4.7189858 8.3244977
v 16.2062734 4.8130015 8.0810927
v 16.3143879 4.7620893 8.4314271
v 16.2714193 4.6437108 7.6801074
v 16.0981589 4.5078409 9.9368806
v 16.8785238 4.4300671 9.0265737
v 17.3373174 4.3460464 9.2699788
v 17.5812681 4.7049303 8.8113079
v 17.1224745 4.7064920 8.5679028
v 17.2305890 4.5737456 8.9196443
v 17.7947249 4.3038799 9.5133839
v 18.4974692 4.1308410 9.2995251
v 18.0386756 4.4306918 9.0547130
v 18.1467901 4.1686347 9.4064545
v 18.2826263 4.3966462 8.5974491
v 17.8238327 4.5781184 8.3540440
v 17.9319472 4.5100273 8.7043785
v 16.9076316 4.5799925 7.8658269
v 17.0531703 4.4169486 7.3930864
v 17.3664252 4.7030562 8.1106389
v 17.0157461 4.7024315 8.2175683
v 18.0677834 4.4010190 7.8953732
v 17.6103759 4.3522933 7.6519681
v 17.7171043 4.4847274 8.0023026
v 18.0275870 4.1776927 7.1356116
v 18.8190406 3.9418726 6.9203458
v 18.5265770 4.4350646 8.1387783
v 18.4184625 4.3254317 7.7884438
v 19.2279352 4.5225211 7.9249194
v 19.1198206 4.2495319 7.5731780
v 19.4289172 3.6760673 6.6994522
v 18.7400338 4.2579652 8.8408542
v 18.9839845 4.3754068 8.3821833
v 18.6333054 4.3579155 8.4905197
v 18.8814143 4.0758684 9.3670594
v 19.6562349 4.4375634 9.3276644
v 19.9001856 4.5590654 8.8704005
v 19.4427781 4.5562543 8.6255884
v 19.5495065 4.5212717 8.9773299
v 19.6853427 4.2114259 8.1683245
v 19.3346636 4.3541674 8.2752539
v 20.1441363 4.2239197 8.4117296
v 20.1843327 3.8962703 7.8813035
v 20.0360218 4.0565030 8.0613951
v 20.3589792 4.5022187 9.1138056
v 20.6015438 4.2863886 8.6551347
v 20.2508647 4.4481831 8.7620641
v 21.0603374 4.2095518 8.8985398
v 21.3029020 4.1961210 8.4412759
v 20.8454944 3.8993937 8.1978708
v 20.9522229 4.1939346 8.5482053
v 21.1809266 3.3990177 7.7363860
v 20.7387660 3.6285910 7.8461294
v 19.9972114 3.7007426 7.3058545
v 17.4537484 5.2662134 4.6312124
v 17.6976991 4.9398134 4.1725416
v 17.3456339 5.2805813 4.2794710
v 17.6685914 4.9498084 5.3318814
v 17.9111559 5.0597537 4.8746175
v 17.5604769 5.0822425 4.9815469
v 18.3699495 4.4363140 5.1180226
v 18.1551066 4.4772311 4.4159467
v 18.2618350 4.5322038 4.7676881
v 18.2174804 4.3588525 4.0627982
v 17.7434399 4.6205973 5.6836229
v 18.1259989 4.4488078 5.5766935
v 18.5847925 4.1933099 5.8200986
v 18.4766780 4.2526554 5.4683571
v 21.5468526 3.4274411 7.9826050
v 21.7616956 3.6960574 8.6846810
v 21.6549671 3.6538909 8.3329395
v 22.3895913 3.3262415 8.7986452
v 18.5445960 4.0183970 -1.8408304
v 18.7871606 3.8069397 -2.2980943
v 18.4364815 4.0974201 -2.1911649
v 16.3629008 4.5456346 11.1018483
v 16.5777437 4.6440231 11.8039243
v 16.8216944 4.3529180 11.3452534
v 17.2791019 4.2842022 11.5886585
v 16.7925867 4.3997697 12.5060002
v 17.0351513 4.4544300 12.0473293
v 16.9367393 4.3488575 13.0462751
v 17.9458080 4.0046538 11.8348775
v 17.3858303 4.2698343 11.9403999
v 19.1586310 3.5545653 12.8042770
v 19.6687097 3.8419223 11.9826089
v 19.3124862 3.5336382 13.3051568
v 19.8128623 3.9106381 12.3484200
v 20.7928233 3.9581145 12.4187683
v 21.9321838 4.2748318 13.6273520
v 22.0749504 4.5003446 14.7261923
v 22.1400963 4.4647373 14.3209861
v 22.7763086 4.9313801 14.5123335
v 23.0202593 5.1843792 14.0536626
v 22.6681941 4.7524067 14.1605920
v 22.8054163 4.9388764 13.3515867
v 22.3466227 4.6646378 13.1081816
v 22.4547372 4.6065418 13.4599230
v 21.8517910 4.3541674 12.0839105
v 21.5385361 4.3760315 12.9717059
v 22.5905734 4.8698482 12.6509177
v 22.1331659 4.5247075 12.4075126
v 22.2398943 4.6555799 12.7578471
v 21.9183230 4.3741574 11.7054366
v 19.2113022 3.8837765 10.4180629
v 19.4136703 4.1258435 9.7863352
v 20.5059040 4.3813413 10.9597448
v 20.3298714 4.5653123 10.2731454
v 19.8710778 4.4069536 10.0297403
v 20.1150285 4.5765567 9.5710695
v 19.7643494 4.3838401 9.6779989
v 19.5079240 3.8469198 11.5281590
v 20.0568130 4.0068402 11.8911561
v 20.3007637 4.1242818 11.4324853
v 20.4074921 4.0293290 11.7842267
v 21.0021219 4.4247572 11.2186265
v 21.2460725 4.4837904 10.7599556
v 20.7872789 4.4513065 10.5165505
v 20.8940074 4.4919113 10.8668850
v 21.3528010 4.3978956 11.4268574
v 22.1622737 4.5749950 11.2467658
v 21.7034801 4.4256943 11.0033607
v 21.8102085 4.4072659 11.3551022
v 21.9474307 4.5115890 10.5460968
v 21.4886371 4.3716587 10.3026917
v 21.5967516 4.4007067 10.6530262
v 20.5724360 4.6790057 9.8144746
v 20.8163867 4.3026305 9.3572107
v 20.4657076 4.4900372 9.4641401
v 21.0312296 4.4878508 10.0578797
v 20.6805505 4.5628135 10.1662160
v 21.7325878 4.1836272 9.8440208
v 21.2751803 4.2842022 9.6006158
v 21.3819087 4.3148120 9.9509503
v 21.7048661 3.8553531 9.1081777
v 21.1670658 4.1911235 9.2502813
v 22.1109886 4.3494822 20.4708338
v 21.7145687 4.1914359 19.8236295
v 20.9314316 3.4190078 19.4029467
v 21.8102085 4.0496314 18.2478278
v 21.9585194 4.2710837 19.3649587
v 22.2024701 4.4166363 18.9076948
v 22.6598776 4.9366899 19.1510999
v 22.9038283 4.7161747 18.6924290
v 22.4450347 4.6090405 18.4490239
v 22.5531492 4.7449104 18.8007654
v 22.7028462 4.4141375 17.9903530
v 22.2315778 4.5065915 17.7469479
v 22.3383062 4.4706719 18.0986894
v 22.1733623 4.3704093 20.0670346
v 22.4159269 4.5559419 19.6083637
v 22.0652478 4.3957092 19.7167001
v 22.6307698 4.8529816 20.3104397
v 23.0895634 5.0038440 20.5538448
v 23.3321280 5.1412756 20.0965809
v 22.8747205 4.8551680 19.8531758
v 22.9814489 5.0759956 20.2035103
v 23.1186712 4.9270073 19.3945049
v 22.7666060 4.9573047 19.5014343
v 23.5760787 4.8938987 19.6379100
v 23.2780708 4.6699477 18.8274977
v 23.4693503 4.7564671 19.2875755
v 23.7909216 5.3467983 20.3399860
v 24.0334862 4.9454356 19.8813151
v 23.6828071 5.1231596 19.9882445
v 24.4118870 4.9916626 19.9586982
v 24.2316961 4.5087779 19.1595416
v 21.1005338 3.7997558 16.5594688
v 21.5274475 4.0152735 15.9938685
v 21.8018920 4.4160116 16.3442030
v 22.0458426 4.3004441 15.8855321
v 21.2640916 3.8872123 17.0308023
v 21.5579413 4.0830523 16.8028739
v 21.7727842 3.9859131 17.5035429
v 22.4741424 4.4007067 17.2896841
v 22.0167349 4.3885253 17.0462790
v 22.1234633 4.2648368 17.3966135
v 22.2592995 4.5740579 16.5876081
v 21.9086204 4.5222087 16.6945375
v 22.7180931 4.3554167 16.8310132
v 22.9620438 4.3266810 16.3737493
v 22.5032502 4.6006072 16.1303442
v 22.6113647 4.5615641 16.4806787
v 23.6634019 4.2657739 16.1584835
v 23.2046083 4.4956594 15.9150784
v 23.3127228 4.1711335 16.2654129
v 22.2884072 4.5834283 15.4282682
v 22.5323579 4.8445483 14.9695974
v 22.7472008 4.7998830 15.6716733
v 22.3965217 4.6121640 15.7786027
v 23.4485590 4.9173246 15.4578145
v 22.9911515 4.8879642 15.2130025
v 23.0978799 4.7698980 15.5647439
v 23.2337161 5.0759956 14.7557386
v 22.8830370 4.9519948 14.8626680
v 23.6925097 4.6458972 14.9991437
v 23.9364604 4.7102401 14.5404728
v 23.4776668 5.0888017 14.2970677
v 23.5843952 4.8536063 14.6488092
v 23.9073526 4.3157490 15.7012196
v 23.7992381 4.5228334 15.3494782
v 24.9275100 4.4047672 14.3336488
v 24.1790250 4.9451233 14.0832089
v 25.5387727 4.1498940 14.1437084
v 24.8803831 4.8098781 13.8679431
v 26.2512196 4.0868004 13.6428286
v 25.1936380 5.2877652 19.9108614
v 25.8949962 5.0850536 19.6955956
v 26.6947663 4.5884258 18.8570440
v 26.6615003 5.0029070 19.6505727
v 26.4896259 4.7292932 19.1314023
v 28.3580663 3.4696076 17.0589417
v 28.0170898 4.3313662 18.7388589
v 28.6075613 4.1202213 18.6502200
v 26.9858438 3.9037665 13.2249598
v 27.7287845 3.2606491 13.2770175
v 29.3768376 2.7262276 13.6583052
v 28.8556703 2.6368970 12.9520084
v 22.1913814 4.3601019 10.0874259
v 22.4339460 4.0109007 9.6301620
v 22.0832669 4.0596265 9.7370914
v 22.8927396 4.2264184 9.8735671
v 23.1353042 3.6876241 9.4148963
v 22.7638338 3.7613374 9.3403271
v 22.4048382 4.4160116 10.7895019
v 22.6487889 4.5425111 10.3308310
v 22.2981098 4.4153869 10.4377604
v 22.5129527 4.4250696 11.1398364
v 23.0812469 4.2054914 10.5995615
v 23.3501471 3.9781045 10.1169722
v 22.9994680 4.2767059 10.2239016
v 23.8089407 3.9075147 10.3603773
v 24.0515053 3.6810649 9.9017064
v 23.6828071 3.5798652 9.9143691
v 24.0223975 4.3894623 11.0624533
v 24.2663482 4.2654615 10.6037824
v 23.9156691 4.1683224 10.7107118
v 24.7251418 4.6705724 10.8471875
v 24.9677064 4.3744698 10.3899236
v 24.5102989 4.0237068 10.1451115
v 24.6170273 4.5528185 10.4968530
v 24.7542496 3.6076639 9.6878476
v 24.4035705 3.5595628 9.7947770
v 24.0750687 2.9105109 9.1194334
v 23.3085646 4.4291301 11.6913670
v 23.0493670 5.0784944 12.8943228
v 23.2919316 4.8108151 12.4356519
v 22.9412525 4.7639634 12.5439883
v 23.7507252 5.2712110 12.6790570
v 23.9932898 5.0047811 12.2217931
v 23.6426107 4.8557927 12.3287225
v 23.2628238 5.0288316 13.5963987
v 23.5067745 5.1618904 13.1377279
v 23.1560954 5.0357032 13.2446573
v 23.7216174 5.1462731 13.8398038
v 23.3709384 5.1587669 13.9467332
v 24.4229756 5.0147761 13.6245380
v 23.9655681 5.1856286 13.3811330
v 24.0722965 5.0778697 13.7314675
v 24.2081327 5.3652267 12.9238691
v 23.8574536 5.2665258 13.0307985
v 24.6669263 5.2496592 13.1672742
v 24.9094909 5.4601794 12.7086033
v 24.4520834 5.5526334 12.4651982
v 24.5588118 5.5638778 12.8155327
v 25.1243338 4.9610528 13.4106792
v 24.7736547 4.9310677 13.5176086
v 25.3682845 5.0922375 12.9520084
v 25.4750129 4.7627140 13.3037498
v 25.6122352 5.0838042 12.4947445
v 25.1534416 5.2234222 12.2513394
v 25.2615561 5.2112408 12.6016739
v 24.2372405 4.8495458 11.7631222
v 24.4811911 4.7577165 11.3058584
v 24.1305120 4.7327290 11.4127878
v 24.6960341 5.1078548 12.0065273
v 24.3453550 5.1837545 12.1148637
v 25.3973922 4.8401755 11.7926685
v 24.9385986 4.8735963 11.5492634
v 25.0467131 5.0232094 11.8995979
v 25.1825493 4.7477215 11.0905926
v 24.8318702 4.8233089 11.1975220
v 25.6413429 4.6930612 11.3339977
v 25.8839075 4.2976330 10.8767338
v 25.4265000 4.2410986 10.6333287
v 25.5332284 4.6199726 10.9836632
v 25.8547998 4.7605276 12.0360736
v 26.0987504 4.6355898 11.5774028
v 25.7480713 4.6939982 11.6857391
v 26.5575440 4.3854018 11.8222148
v 26.8001086 4.1742569 11.3635440
v 26.3427011 4.3844648 11.1201389
v 26.4494295 4.5459469 11.4704734
v 26.5866518 3.5692455 10.6614680
v 26.1708268 3.3584129 10.3406798
v 26.2345866 3.8803407 10.7698044
v 26.0696427 4.7411623 12.7381496
v 26.3135934 4.8679741 12.2794787
v 25.9629143 4.8726593 12.3864081
v 26.5284363 4.2735825 12.9815547
v 26.1777572 4.4728583 13.0884841
v 26.7710009 4.2201716 12.5228838
v 26.8791154 4.0093390 12.8746253
v 27.0149515 4.2548418 12.0656199
v 26.6642724 4.4962841 12.1725493
v 27.4917642 3.5623739 12.3259086
v 27.2589022 3.8334890 11.6069490
v 27.3656306 3.7900731 11.9572835
v 28.0669888 3.2465936 11.7434247
v 27.0440593 3.6276539 10.9048731
v 27.5028529 3.5108371 11.1496851
v 27.1507877 3.7935089 11.2566145
v 28.4828138 2.7821372 10.8500014
v 27.7454175 3.0954188 10.6910143
v 27.8535320 3.2653343 11.0413488
v 28.1584703 2.4941556 10.1830996
v 25.8852936 2.7768274 9.3558037
v 25.2116571 3.7660226 9.9312527
v 25.1049287 3.3849622 9.5809182
v 25.6704507 3.6960574 10.1746578
v 25.3183855 4.0471327 10.2815872
v 20.3007637 2.8577246 24.1092475
v 20.6431263 3.0623103 23.2059754
v 21.3846809 3.7938212 23.7603199
v 20.9258873 3.4315016 23.5169148
v 21.0326157 3.5161469 23.8686563
v 21.6217011 3.8322396 23.2988351
v 21.8420884 3.9652984 24.0037250
v 22.0860391 4.5509444 23.5464611
v 21.7353600 4.1192843 23.6533905
v 22.6363142 4.2985700 23.9671439
v 22.7873973 4.9426245 23.3311953
v 22.3286037 4.4712966 23.0877903
v 22.4367182 4.6424614 23.4395317
v 22.5725543 4.9451233 22.6305264
v 22.0444566 4.1970581 22.2210993
v 22.2218752 4.3988326 22.7374558
v 22.5392883 4.6209096 21.8257419
v 22.1165329 3.7351005 24.2808973
v 23.8643840 5.1300312 23.7279597
v 23.0590696 5.2028075 23.2509983
v 24.7126671 5.5182755 24.3343620
v 24.4049565 5.8384287 23.6041467
v 23.9475490 5.7038082 23.3607416
v 25.0730487 5.2933874 24.9618688
v 25.5360006 5.6616416 24.7930329
v 25.7508435 5.6550824 25.4951088
v 26.2082510 6.1120425 25.7385139
v 26.4522017 6.2157409 25.2798430
v 25.9934081 5.7522216 25.0364379
v 26.1015226 5.9518097 25.3881794
v 26.2373588 5.9224493 24.5791740
v 25.7799513 5.9986614 24.3343620
v 25.8866797 5.8777841 24.6861034
v 24.8637501 5.9383789 23.8475518
v 25.1063147 6.3622305 23.3902879
v 24.6489072 6.6064839 23.1468828
v 24.7556356 6.3578576 23.4972173
v 25.3211577 5.9549332 24.0909569
v 24.9704786 5.8634162 24.1992933
v 25.5651083 6.0826821 23.6336930
v 25.6718367 6.0105305 23.9840275
v 25.8090590 6.1910657 23.1750221
v 25.3502654 6.3637922 22.9316171
v 25.4569938 6.1851311 23.2819515
v 22.8165050 5.0503834 22.1718555
v 23.5178632 5.3639773 21.9579967
v 23.7618139 5.3930253 21.4993258
v 23.5469709 5.2890146 20.7972499
v 23.0313479 5.1881273 22.8739315
v 23.2739125 5.6400899 22.4152606
v 22.9232334 5.2815183 22.5221900
v 23.4887554 5.6863169 23.1173365
v 24.1901136 6.3691020 22.9020708
v 23.7327061 5.9474369 22.6586657
v 23.8394345 6.0926771 23.0104071
v 23.9766568 5.8365546 22.2014018
v 23.6245916 5.8693508 22.3083312
v 24.4340643 6.2110557 22.4448069
v 24.6780150 6.4468758 21.9861360
v 24.2192214 5.9052704 21.7427309
v 24.3273359 6.1304708 22.0944724
v 24.8928579 6.5421409 22.6882120
v 24.5407927 6.5465138 22.7951414
v 25.5942161 6.3472379 22.4729462
v 25.1354225 6.3516108 22.2295411
v 25.2435370 6.5015361 22.5812826
v 25.3793732 6.1657657 21.7722772
v 24.9219656 5.8952754 21.5288721
v 25.0286941 6.1520226 21.8792066
v 24.0057645 5.5042200 21.0406550
v 23.8976500 5.3980228 20.6903205
v 24.4631720 5.7784585 21.2854670
v 24.1124930 5.5882407 21.3923964
v 24.6696985 5.3752217 20.6424836
v 24.8138511 5.6232233 21.1771307
v 23.0743165 7.8724164 33.0181551
v 23.7978520 7.7099972 32.8183660
v 24.2677343 7.0022245 31.9966979
v 24.4451530 6.7039354 31.2636687
v 24.0334862 6.2382297 31.1975413
v 24.4160452 7.7006269 32.4244155
v 24.6599959 7.5104090 31.9657447
v 25.1174034 7.9261396 32.2091498
v 25.3613541 7.3542368 31.7518859
v 24.9039466 6.8813471 31.5084808
v 25.0106750 7.3017629 31.8588153
v 25.1465112 6.5346447 31.0498099
v 24.7306861 6.2441642 30.9879034
v 25.1964102 5.6984983 30.2197001
v 25.0453271 4.9329418 29.5204381
v 25.3904618 6.2660283 30.5911391
v 25.9490534 5.3920883 29.7371108
v 25.6053047 6.9091458 31.2932150
v 25.8492554 6.4087698 30.8359511
v 25.4971902 6.6495875 30.9428805
v 25.8201477 7.4376328 31.9952910
v 26.0627123 6.8744755 31.5366201
v 25.7120332 7.2330471 31.6435495
v 26.5880379 6.4574956 31.3776330
v 26.2512196 6.1895039 30.9062994
v 25.5235258 5.2081174 26.3463231
v 26.8278303 5.4102043 27.4240590
v 27.2478135 5.2693369 28.0290543
v 25.9643003 5.9236987 26.1957778
v 26.1791433 5.4589300 26.8978537
v 26.8805015 6.2310458 26.6839949
v 26.4230939 6.3591070 26.4405898
v 26.5298224 5.8568570 26.7909243
v 26.6670446 6.6311591 25.9819190
v 26.3149794 6.2922653 26.0888484
v 27.1244521 6.4809214 26.2253241
v 27.3684028 6.6058592 25.7666532
v 26.9096092 6.3269355 25.5232481
v 27.0177237 6.5112188 25.8749896
v 27.3392950 6.0267724 26.9274000
v 27.5832457 6.4218883 26.4687292
v 27.2311805 6.2494741 26.5756586
v 28.0406532 6.6011740 26.7121343
v 28.2846039 6.5483878 26.2548704
v 27.8258103 6.7233008 26.0114653
v 27.9339248 6.6458393 26.3617998
v 28.0656027 6.4450018 25.5513874
v 27.6109674 6.2757110 25.3093893
v 27.7190819 6.5624433 25.6597238
v 28.3608385 6.0155280 27.5197326
v 28.4994468 6.5090324 26.9555393
v 28.1473817 6.2575950 27.0638757
v 28.9568543 6.3744119 27.2003514
v 29.2008050 6.4665535 26.7416805
v 28.7420114 6.4634301 26.4982754
v 28.8501259 6.5124682 26.8486099
v 29.4142619 6.2644666 27.4437565
v 30.2625449 6.2863307 27.8545905
v 30.1170061 6.3772230 27.2284907
v 29.6582125 6.4987250 26.9850856
v 29.7663270 6.3497367 27.3354201
v 29.9021632 6.2194890 26.5264148
v 29.5514841 6.3103813 26.6347511
v 28.2166858 5.9146407 24.8802647
v 29.1204122 5.9977244 25.8960941
v 28.6352830 6.3547342 26.1465340
v 30.4967930 6.0823698 30.2365837
v 31.2646832 6.5180904 29.9565975
v 31.0637011 6.4921658 29.4866709
v 30.7892566 6.4346944 28.1739718
v 31.0332072 6.7504747 27.7153009
v 30.5744136 6.4921658 27.4718958
v 30.6825281 6.5102818 27.8236373
v 31.0040995 6.5721260 28.8760477
v 31.2466641 6.7723389 28.4173768
v 30.8959850 6.4899794 28.5243062
v 31.7054577 6.8254374 28.6607819
v 31.9494083 6.6242875 28.2035180
v 31.4906147 6.7254872 27.9601129
v 31.5987293 6.8207523 28.3104474
v 31.7345654 6.4334450 27.5014421
v 31.2757718 6.6036728 27.2580370
v 31.3838863 6.7495377 27.6083715
v 31.4615070 6.7054971 29.1194528
v 31.1108279 6.5827457 29.2263822
v 31.4323992 6.6711392 30.2787926
v 31.6763499 6.6270986 29.8201218
v 32.1337574 6.8875940 30.0649338
v 32.3777081 6.6221011 29.6062630
v 31.9203006 6.7354822 29.3628579
v 32.0270290 6.8538608 29.7131924
v 32.1628652 6.4802967 28.9041870
v 31.8121861 6.6005494 29.0125234
v 32.4858226 6.1857558 28.5257132
v 32.9044198 6.3962760 30.0283527
v 32.2668214 6.1139166 27.8799159
v 31.9785161 6.2269853 27.0427712
v 32.0852445 6.1123548 27.3945127
v 30.0310690 5.8880914 25.6766074
v 30.1461139 5.9880417 26.0691509
v 30.8474721 6.2744617 25.8538851
v 31.0997392 6.2260482 25.3727028
v 30.6326291 5.9805454 25.1532161
v 30.7393576 6.1029845 25.5035506
v 30.8765798 6.1057956 24.6945452
v 30.5272868 5.7993856 24.5594765
v 30.3595707 6.5202768 26.7712268
v 30.6035214 6.5483878 26.3125560
v 30.2528423 6.2123051 26.4194854
v 30.8183643 6.8810348 27.0146319
v 30.4676852 6.6121061 27.1215613
v 31.5197225 6.3865933 26.7993661
v 31.0623150 6.4512487 26.5559610
v 31.1690434 6.5771235 26.9062955
v 30.9542005 6.4393796 26.2056266
v 31.9701996 5.9874170 26.0199071
v 32.8988755 5.8784088 26.3871251
v 31.3339873 6.1626423 24.9379503
v 31.5779380 5.9527468 24.4806864
v 31.1205305 5.9062074 24.2372813
v 31.2272589 6.1513979 24.5876158
v 31.7927809 5.8640409 25.1813554
v 31.4421018 6.0536341 25.2896918
v 32.7186846 5.4523708 24.9210667
v 32.1434600 5.6322813 25.0744260
v 32.2792962 5.7034958 24.2654207
v 31.8218887 5.6382158 24.0220156
v 31.9286171 5.7622166 24.3723501
v 25.4833294 5.5679383 21.0870848
v 25.6524316 5.1981223 20.1542665
v 25.3017525 5.3343046 20.2611959
v 26.3413150 5.5042200 21.1278868
v 26.1306303 5.4458116 20.4356597
v 26.2179536 5.5070311 20.7480061
v 26.3537898 5.2227976 19.9390007
v 26.0031107 5.3492971 20.0473371
v 25.8367807 5.9080815 22.0156823
v 25.7300523 5.7644030 21.6653478
v 26.0516236 5.9390036 22.7177582
v 26.0599401 5.8374916 22.4504347
v 28.0073872 4.9504331 20.9407604
v 26.8111973 5.2362284 20.1838128
v 27.0551480 5.1759459 19.7251419
v 27.2699909 5.3892772 20.4272179
v 26.9193118 5.3083800 20.5341473
v 27.9713491 5.3289947 20.2119521
v 27.5139416 5.4289450 19.9685470
v 27.6206700 5.4058315 20.3188815
v 27.7565061 5.0706858 19.5112831
v 27.4058270 5.2224852 19.6182125
v 26.2664665 5.6981860 23.4184272
v 26.1597381 5.7456623 23.0680927
v 26.4175496 5.8196880 23.8855399
v 27.5777014 5.5354544 23.6294721
v 26.6698168 5.7034958 24.4384775
v 27.3295925 5.9758603 25.0209613
v 26.8028808 6.0754982 25.1729136
v 27.3656306 5.7372290 24.4919422
v 30.4482801 5.5404520 23.3044630
v 30.2334371 5.6207245 22.5897244
v 29.7746435 5.1875026 22.3463193
v 29.8813720 5.2612159 22.6966538
v 30.0185942 5.2296691 21.8876484
v 29.5999970 4.9941613 21.8032305
v 30.4857043 5.6791329 24.0459340
v 30.9056876 5.6338430 23.5352054
v 31.1482522 5.5579433 23.0765345
v 30.6908446 5.4976608 22.8331294
v 30.7975731 5.5310816 23.1848709
v 31.3630951 5.7800202 23.7786105
v 31.0124160 5.8009473 23.8855399
v 32.0644533 5.3205614 23.5647517
v 31.6070458 5.4929756 23.3199396
v 31.7137742 5.5879283 23.6716811
v 31.8509964 5.2062433 22.8626757
v 31.3922028 5.2537197 22.6192706
v 31.5003173 5.4558066 22.9696051
v 30.4760017 5.5576309 22.1324605
v 30.7199524 5.4067685 21.6737896
v 30.2611588 5.2028075 21.4303845
v 30.3692733 5.4536202 21.7807190
v 30.9347953 5.3986475 22.3758655
v 30.5841162 5.6013591 22.4827949
v 31.1773599 5.0606907 21.9171947
v 31.2854744 5.1578299 22.2675292
v 31.5418998 4.6993081 21.3600362
v 30.9639031 5.0856783 21.2151187
v 31.0706315 5.0709981 21.5668602
v 28.2152997 5.0635018 19.7546882
v 28.1071852 4.8698482 19.4029467
v 28.4301427 5.1300312 20.4553572
v 28.6727073 5.0050934 19.9980933
v 28.3220282 5.1412756 20.1050227
v 29.1315008 4.7077414 20.2414984
v 29.3740654 4.5215840 19.7828275
v 28.9166579 4.6830662 19.5394224
v 29.0233863 4.8892136 19.8911639
v 28.8099295 4.4147622 19.1890879
v 28.8875502 4.7224216 20.6987623
v 29.3449577 4.7008698 21.0054808
v 29.5889084 4.4082030 20.4849035
v 29.2382293 4.4816039 20.5918329
v 30.0477020 4.7911374 20.7283086
v 30.2902665 4.5774937 20.2710447
v 29.8328590 4.1630125 20.0262326
v 29.9395875 4.4900372 20.3779741
v 30.5051095 5.2371654 20.9717136
v 30.1544304 5.0328921 21.0786430
v 31.0318212 4.8801556 20.8113195
v 30.7490601 4.8389261 20.5144497
v 30.9930108 4.6930612 20.0557789
v 30.5342172 4.3700969 19.8123738
v 30.6423317 4.7492832 20.1627083
v 30.0768097 4.0315154 19.5689687
v 29.7261306 4.2495319 19.6758981
v 30.7781679 4.1405237 19.3537029
v 30.3845202 4.0477574 19.2749128
v 23.4416286 9.3763554 34.2562851
v 23.6855793 8.8681708 33.7976142
v 23.3349002 8.9268916 33.9059506
v 24.1429868 9.3282543 34.0424263
v 24.3869375 8.9887358 33.5837554
v 23.9295300 8.3075123 33.3403503
v 24.0362584 8.8491178 33.6906848
v 24.1720945 7.9005274 32.8816794
v 23.6564715 10.2365523 34.9583610
v 23.9004222 9.8311290 34.4996902
v 23.5497431 9.9351398 34.6066196
v 23.8713144 10.1387884 35.6590300
v 24.1152651 10.0310295 35.2017661
v 23.7631999 10.3864776 35.3086955
v 24.5726726 9.6274804 35.4451712
v 24.8166233 9.2829643 34.9865003
v 24.3578297 9.6768308 34.7430952
v 24.4659442 9.6562161 35.0948367
v 24.6017804 9.2376744 34.2858313
v 24.2511013 9.6024928 34.3927607
v 25.0591879 8.8872238 34.5292364
v 24.8457311 9.0252801 33.8271605
v 24.9524595 8.9531285 34.1774950
v 25.2740308 8.8959695 35.2299054
v 25.3461072 8.7538527 34.8458037
v 25.7092610 8.2291138 34.1395069
v 25.5470892 8.3043889 33.6133017
v 24.6308881 8.6838875 33.1250845
v 24.8748388 8.2900210 32.6678206
v 24.5241597 8.1475919 32.7747500
v 25.0882956 8.4964808 33.3698966
v 24.7376166 8.8566140 33.4768260
v 25.7910399 8.0107850 33.1546308
v 25.3322463 8.1097982 32.9112257
v 25.4403608 8.1728918 33.2615602
v 25.5761970 7.7665316 32.4525549
v 25.2255179 8.0757527 32.5608912
v 24.0861574 9.1114872 36.3611060
v 24.3287220 9.4647489 35.9038421
v 23.9780429 9.4891118 36.0107715
v 25.2449231 8.4087120 36.3906522
v 24.7875156 8.8822263 36.1472471
v 25.0300801 9.0902478 35.6885763
v 24.6794011 9.2439213 35.7955057
v 26.1611242 8.6145470 36.8774624
v 25.7037167 8.2900210 36.6340573
v 27.0773253 8.6267285 37.3642726
v 26.6199178 8.4793018 37.1208675
v 26.7266462 8.4271403 37.4712020
v 26.8624824 8.5299016 36.6636036
v 26.4050749 8.3940318 36.4187916
v 26.5118033 8.6663962 36.7705330
v 25.4888737 8.6767036 35.9319814
v 25.3821453 8.7460441 35.5816469
v 25.9462813 8.3993416 36.1753865
v 25.5956022 8.5564509 36.2837228
v 26.1888458 8.0060998 35.7167156
v 26.2983464 8.1791387 36.0684571
v 27.3212760 8.6857616 36.9070087
v 27.5652266 8.4655587 36.4483378
v 27.2145475 8.4490044 36.5552672
v 27.5361189 8.9437582 37.6076777
v 27.7786835 9.0543281 37.1504138
v 27.4280044 8.9653099 37.2573432
v 28.2374771 9.5259684 37.3938189
v 28.4814277 9.1886363 36.9351480
v 28.0226341 8.9203323 36.6917429
v 28.1293626 9.2536040 37.0434844
v 28.4966747 8.4799265 36.1261427
v 28.7239923 8.7304268 36.4778841
v 28.9679430 8.3493665 36.0192133
v 28.9388353 9.3532419 37.1785531
v 29.1827859 9.0630738 36.7212892
v 28.8321068 9.0465195 36.8282186
v 29.6401934 9.1477192 36.9646943
v 29.8841441 8.5533275 36.5060234
v 29.4267366 8.5951817 36.2626183
v 29.5334650 8.7985180 36.6143598
v 29.6623708 7.9898579 35.6927972
v 29.3186221 8.2715927 35.9122838
v 29.4544583 7.6978158 35.1032785
v 28.9970508 7.2402310 34.8598734
v 29.1037792 7.5863088 35.2102079
v 26.0336045 7.6422184 32.6959599
v 26.2775552 7.2823975 32.2386961
v 25.9268761 7.5275880 32.3456255
v 26.2484474 7.7771513 33.3980359
v 26.7765452 7.1649560 32.7944476
v 26.1417190 7.7115589 33.0477014
v 27.3448394 6.5655668 32.7255062
v 26.7363488 7.3601713 32.4821011
v 26.9789134 6.7695278 32.0234303
v 26.6282343 7.0756254 32.1317666
v 27.4058270 6.4125179 32.1275458
v 27.0426732 8.1076118 38.0607207
v 25.8021286 7.9711172 41.9748996
v 26.0155854 8.3187567 42.6755686
v 25.9088570 8.1607104 42.3252341
v 26.2304283 8.1778893 43.3776446
v 26.4743790 8.5792521 42.9189737
v 26.1236999 8.2419200 43.0273101
v 26.4452713 8.3181320 44.0797205
v 26.6892219 8.7985180 43.6210497
v 26.3385429 8.1782017 43.7279791
v 27.1466295 9.3285667 43.8644548
v 27.3905801 9.5350264 43.4071909
v 26.9317865 8.8947201 43.1637858
v 27.0399010 9.3067025 43.5141203
v 27.1757372 8.7532280 42.7051149
v 26.8250581 8.5436448 42.8120443
v 27.6345308 9.4422601 42.9485200
v 27.8770954 9.5134746 42.4912561
v 27.5264163 9.0465195 42.5981855
v 27.8479876 9.0480812 43.6505959
v 28.0919383 9.1923844 43.1919251
v 27.7412592 9.5237820 43.2988545
v 28.7932965 8.7744674 42.9780663
v 28.3358890 9.2917100 42.7346612
v 28.4426174 8.7847748 43.0849957
v 28.5798397 9.2105004 42.2759903
v 28.1210461 9.2295534 42.0325852
v 28.2277745 9.5250314 42.3829197
v 28.3649967 8.7916464 41.5739144
v 28.0143176 8.7941451 41.6822507
v 28.4647947 8.4049638 40.8324434
v 28.6075613 8.6470308 41.1166505
v 28.8515120 8.8438079 40.6579796
v 28.8224043 8.8516165 41.8173195
v 28.7156758 9.0071641 41.4669850
v 29.3075334 8.9209570 40.8999777
v 29.5528702 8.8516165 40.4441208
v 29.0954627 9.1489685 40.2007157
v 29.2021911 9.1483438 40.5510502
v 29.0372472 8.8681708 42.5193954
v 29.2811979 8.5505164 42.0621315
v 28.9305188 8.8572387 42.1690609
v 29.4946547 8.3843491 42.7628005
v 29.1439756 8.4880475 42.8711369
v 29.7386054 8.2366101 42.3055366
v 29.8467199 8.0957427 42.6558711
v 29.6318769 8.1207303 41.9537951
v 29.7968209 9.2005054 39.9854499
v 29.9049354 8.7657218 40.3371914
v 27.9935264 9.1958202 37.8510828
v 27.6428473 8.7357367 37.9594191
v 28.5465737 9.0755676 38.4602990
v 28.9097275 9.2701582 38.3392999
v 28.4523200 9.5253437 38.0958948
v 28.6948846 9.7364886 37.6372240
v 28.3442055 9.5762559 37.7441534
v 28.5826118 8.8491178 39.9770081
v 29.3394134 9.6365384 39.7420449
v 28.8806198 9.0193455 39.4986398
v 28.9887343 9.1761425 39.8489743
v 28.9457657 9.1761425 39.0948406
v 29.5819779 9.8314414 39.2833740
v 29.8259286 9.8686104 38.8261101
v 29.3685211 9.6021805 38.5827050
v 29.4752495 9.7442972 38.9330395
v 30.0407715 9.3979071 39.5281860
v 29.6900924 9.8161365 39.6351155
v 30.7421297 8.8637980 39.3129203
v 30.2847222 9.3463703 39.0695152
v 30.3914506 8.9578137 39.4198497
v 30.5272868 9.3195087 38.6108443
v 30.0698793 9.7739700 38.3674392
v 30.1766077 9.7717836 38.7191807
v 29.1536782 9.8380006 37.8806291
v 29.3976289 9.4778673 37.4233652
v 29.0455637 9.6474704 37.5302946
v 29.6110857 9.9170238 38.1240341
v 29.2604066 9.7283677 38.2309635
v 30.3138300 9.7502318 37.9101753
v 29.8550364 9.5222203 37.6667702
v 29.9617648 9.7667861 38.0171047
v 30.0989870 9.2195584 37.2080994
v 29.7483079 9.3541789 37.3150288
v 30.5563946 9.3145111 37.4515045
v 30.8003452 8.8962818 36.9942406
v 30.3415516 8.5442695 36.7494285
v 30.4496661 8.9446952 37.1011700
v 30.7712375 8.9103373 38.1535804
v 31.0151882 8.7397972 37.6949096
v 30.6645091 9.2542286 37.8032459
v 31.7165463 7.9745530 37.4810508
v 31.2577527 8.6382852 37.2376457
v 31.3658672 8.2843988 37.5879802
v 31.5017034 8.6767036 36.7789748
v 31.0442959 8.3756034 36.5355697
v 31.1510243 8.9240805 36.8859042
v 30.9860804 8.4299514 38.8556564
v 30.8779659 8.7148096 38.5039149
v 31.0928088 8.3606109 39.2059909
v 31.9604970 8.2478545 37.0237869
v 32.2030616 8.0654453 36.5651160
v 31.7456541 8.1628968 36.3217109
v 31.8523825 8.3309382 36.6720454
v 32.4179045 7.8180684 37.2657850
v 33.1192627 7.6837603 37.0519262
v 32.6618552 8.1985041 36.8085211
v 32.7685836 7.7421687 37.1588556
v 32.9058059 7.6291000 36.3498502
v 32.4470123 7.5044745 36.1064451
v 32.5537407 7.9561247 36.4567796
v 33.3632134 7.5279003 36.5932553
v 33.6071641 7.1565227 36.1359914
v 33.2564850 7.3258134 36.2429208
v 33.5780563 7.3289368 37.2953313
v 33.8220070 7.2567853 36.8366604
v 33.4699418 7.4167057 36.9449968
v 34.2794145 6.5449520 37.0814725
v 34.5233652 6.2994492 36.6228016
v 34.0645716 6.9566221 36.3793965
v 34.1726861 6.7370439 36.7297310
v 33.9578432 6.7829586 36.0192133
v 33.8511147 6.8163794 35.6773206
v 34.0354638 6.7842080 37.5387364
v 33.6847847 6.8035733 37.6456658
v 34.3861429 6.2925776 37.4318070
v 34.5386121 6.2591568 35.4634617
v 29.5487119 6.8438658 34.4996902
v 30.6728256 6.4824831 32.8127381
v 30.5688693 6.4927905 32.4469270
v 31.1510243 6.7667167 33.0688059
v 31.8329773 7.0931167 32.8422844
v 31.3741837 6.8641682 32.5988793
v 31.4822982 6.9828591 32.9492138
v 31.6181344 6.8220016 32.1402084
v 31.2674553 6.6948774 32.2471378
v 31.4032915 6.6127308 31.4381325
v 29.9132519 7.4326352 35.3466836
v 29.8065234 7.2243014 34.9963491
v 30.7753957 7.1880695 35.4887871
v 30.1280948 8.0610725 36.2035258
v 30.5855023 7.9754901 36.2921646
v 31.2868605 8.0413948 36.0768989
v 30.8294530 7.4648067 35.8334938
v 30.9361814 7.9039632 36.1852352
v 31.9896048 7.4551240 35.8630400
v 31.6389257 8.0135961 35.9699694
v 32.3402839 7.1440289 35.7561106
v 32.7491784 6.7829586 33.3290946
v 32.2903849 6.7898302 33.0856895
v 32.3984994 6.6245999 33.4360240
v 33.4505366 6.6748874 33.1138288
v 32.9917430 6.8950903 32.8704237
v 33.0998575 6.7598451 33.2221652
v 33.1636174 6.7967017 35.4479851
v 33.9051720 6.4749869 35.2580447
v 34.6869230 6.0405156 35.0315232
v 34.7825628 5.6785083 33.6526967
v 33.9079441 6.2204260 33.3586409
v 34.1518948 6.1991866 32.8999700
v 33.6944873 6.7985758 32.6565649
v 33.8012157 6.4640548 33.0068994
v 34.2516928 6.0127169 33.5809415
v 34.7188029 5.6400899 32.7226923
v 34.3611934 6.0551958 32.1753826
v 31.6472422 6.8629188 30.9808686
v 31.8911928 7.1240388 30.5221977
v 31.8620851 6.9644308 31.6815376
v 32.1046497 7.5400818 31.2242737
v 31.7539706 6.9837961 31.3312031
v 32.5634433 7.2202409 31.4676788
v 32.8073940 7.1202907 31.0090079
v 32.3486004 7.1886941 30.7656028
v 32.4567149 7.4901066 31.1173443
v 32.2418719 7.0309601 30.4152683
v 32.0769280 7.0343959 32.3836135
v 32.3194926 7.4051489 31.9263496
v 31.9688135 7.0050356 32.0332790
v 32.5343355 7.1027994 32.6270186
v 32.1836564 7.1006130 32.7339480
v 33.2356937 6.9082087 32.4131598
v 32.7782862 7.0194034 32.1697547
v 32.8850146 6.9869196 32.5200892
v 33.0208508 6.8107572 31.7110839
v 32.6701717 7.0506379 31.8180133
v 33.4796444 6.7882684 31.9544890
v 33.7235951 6.7089329 31.4972251
v 33.2648015 6.7173662 31.2538200
v 33.3729160 6.7386057 31.6041545
v 33.9370519 6.4243870 32.1978940
v 33.5863728 6.6864441 32.3062304
v 34.6397962 5.9193259 31.9840352
v 34.1810026 6.3313084 31.7406301
v 34.4249532 6.2360433 31.2819593
v 33.9661597 6.5493249 31.0385542
v 34.0742742 6.5696273 31.3888887
v 33.0499585 6.5889926 30.5517440
v 33.1580730 6.6527109 30.9020785
v 34.2101103 6.4612437 30.5798833
v 33.7859688 6.3484873 30.5165699
v 26.6601142 8.6092372 44.7803895
v 26.9026788 8.9940456 44.3231256
v 26.5519997 8.3446813 44.4300550
v 26.8735710 7.5828730 45.4824655
v 27.1175217 8.3059506 45.0252016
v 26.7668426 8.1226043 45.1321310
v 27.5763153 8.1060501 45.2686067
v 27.3614724 8.8088253 44.5665307
v 27.4682008 8.4443192 44.9168652
v 27.6054231 8.9899852 44.1078598
v 27.2547440 9.0877490 44.2161962
v 27.1424712 6.4362561 46.3575982
v 26.9816855 7.1349709 45.8328000
v 27.9561021 8.7688452 44.0009304
v 18.7760720 0.2106046 -20.8995896
v 19.4303033 0.2340304 -21.5777472
v 21.3860670 0.3149277 -22.6568900
v 21.8448606 0.4217495 -22.4134849
v 21.4941815 0.3827064 -22.3065555
v 22.3022681 0.7428397 -22.1700798
v 22.5462187 0.4557950 -22.6287506
v 22.0929695 0.4314322 -22.5429257
v 22.7901694 0.3858299 -23.0860145
v 23.0327340 0.3383535 -23.5446854
v 22.6293837 0.1362666 -23.6122198
v 23.0036263 0.7162904 -22.3839386
v 23.2475769 0.4686012 -22.8426094
v 22.8968978 0.5138911 -22.7356800
v 23.7770608 0.2315317 -22.5682511
v 23.4915276 0.3608423 -23.3012803
v 23.5982560 0.2702624 -22.9495388
v 23.2212413 0.1468863 -24.1778200
v 23.3834131 0.2508970 -23.6516148
v 19.3388218 0.4167520 -20.8742642
v 20.3534348 1.0629928 -18.5049338
v 20.5973855 1.1363938 -18.9636046
v 20.2328456 0.8409159 -19.5249840
v 20.2467064 0.9602315 -18.8566752
v 20.8413362 1.2322836 -19.4222755
v 21.0852869 1.2469638 -19.8795394
v 20.7332217 1.0095819 -19.7726100
v 21.0561791 1.4415544 -18.7201995
v 21.2987437 1.7445287 -19.1774634
v 20.9480646 1.4549853 -19.0705340
v 21.7575373 1.3815843 -18.9340584
v 22.0014880 1.5324467 -19.3927292
v 21.5426944 1.6461401 -19.6361343
v 21.6494228 1.7357830 -19.2857998
v 21.7866451 1.5043357 -20.0948052
v 21.3278515 1.1851196 -20.3382103
v 21.4359660 1.5174542 -19.9864688
v 20.4740241 0.5573070 -20.6477427
v 20.8704439 0.7465878 -20.5816153
v 21.5718021 1.0270732 -20.7954742
v 21.2211230 0.9305588 -20.6885447
v 21.3569592 0.6147784 -21.4975501
v 19.8669196 1.1217136 -17.5889990
v 19.8336536 1.0939150 -17.9337056
v 20.6237211 0.9955264 -17.7592419
v 20.8122284 1.2560218 -18.2615287
v 20.4615494 1.1167161 -18.1545993
v 21.5135866 1.0817335 -18.4767945
v 21.1629075 1.1979257 -18.3698651
v 22.2149448 0.9883425 -18.6906533
v 21.8642657 0.9920906 -18.5837239
v 22.9163030 0.7325323 -18.9059190
v 22.4588955 1.1226507 -19.1493241
v 22.5656239 0.8396665 -18.7975827
v 23.6190473 0.4857801 -19.1197778
v 23.1602537 0.7406533 -19.3631829
v 23.2683682 0.5891662 -19.0128484
v 24.3204055 0.2596427 -19.3350436
v 23.8616119 0.4982739 -19.5784487
v 23.9697264 0.2455872 -19.2267072
v 24.7805851 -0.0889338 -19.0522435
v 24.5643561 0.1731232 -19.7923075
v 24.6710846 0.1087803 -19.4419730
v 21.8157528 1.1173408 -21.2541450
v 21.7076383 0.7481495 -21.6044795
v 22.0292096 1.4043854 -20.5520691
v 22.2731603 1.2435280 -21.0107399
v 21.9224812 1.2275984 -20.9038105
v 22.7319539 0.9140045 -20.7673348
v 22.9745185 0.7547088 -21.2245987
v 22.5171110 1.1966763 -21.4680038
v 22.6238394 1.0426905 -21.1176693
v 22.7610617 1.0305090 -21.9266747
v 22.4103826 0.9833450 -21.8197453
v 22.2440526 1.1660666 -19.8499931
v 22.4880032 1.0804841 -20.3086640
v 22.1373241 1.2507119 -20.2017346
v 22.7028462 1.1310840 -19.6065880
v 22.3521671 1.3778362 -19.4996586
v 23.4042044 0.7575199 -19.8218538
v 22.9454108 0.8065580 -20.0652589
v 23.0535253 0.9755364 -19.7149244
v 22.8386823 0.8709010 -20.4155934
v 24.1055625 0.5195133 -20.0357126
v 23.7548834 0.6432018 -19.9287832
v 25.2185875 -0.1414077 -20.1299793
v 24.4562416 0.1593801 -20.1440490
v 23.2184692 0.6066575 -21.6832696
v 23.4624199 0.4670395 -22.1405335
v 23.1117408 0.7365928 -22.0336041
v 23.3265837 0.5557453 -21.3315281
v 25.4805572 -0.0892462 -19.3054973
v 25.7231218 -0.0523895 -19.7641682
v 25.3724427 -0.0202180 -19.6558318
v 26.1819154 -0.0364600 -19.5193561
v 26.4258661 -0.1695187 -19.9780270
v 26.0738009 -0.0761277 -19.8710976
v 26.9401030 -0.3253787 -19.5587512
v 23.7493391 0.1403271 -24.7335715
v 23.6564715 0.1706245 -25.2696255
v 24.3453550 0.0594298 -24.0103911
v 24.6932619 0.0438126 -25.0149647
v 26.7557539 -0.1610854 -23.9147174
v 26.2983464 -0.1420324 -24.1595295
v 26.5409110 0.2418390 -24.6167934
v 26.0779592 0.0119534 -24.8630124
v 26.1902319 -0.0505155 -24.5098640
v 26.9997046 -0.2332370 -24.3733883
v 26.8915901 -0.1979421 -24.7237228
v 20.9536089 1.2985006 -14.6611031
v 21.1268694 0.9402414 -15.2998656
v 20.9397481 1.4146928 -14.0814332
v 21.6272455 1.1616937 -13.7156221
v 21.6119986 1.1682530 -13.1359521
v 22.3133567 0.9115057 -13.3498110
v 21.9626776 1.0770484 -13.2428815
v 34.8782025 0.3624040 -1.0838828
v 34.7506828 0.7334694 -0.2734705
v 35.2094764 0.7975000 -0.0300654
v 35.4520410 1.3103697 -0.4887362
v 34.9946335 0.6188389 -0.7321413
v 35.1013619 0.9833450 -0.3818068
v 35.2385842 0.5710502 -1.1894052
v 35.6821309 0.6485116 0.1908283
v 35.9108346 0.8652788 -0.2453312
v 36.6121928 0.3961372 -0.4591900
v 35.6959917 1.0433151 -0.9460001
v 35.9399424 0.6022846 -1.4046710
v 35.4811488 0.5210751 -1.6480761
v 35.5892633 0.7456508 -1.2977416
v 36.1547853 0.8843318 -0.7025951
v 35.8041062 1.2722637 -0.5956657
v 36.4056664 0.4579815 -1.1668938
v 36.5054644 0.5070196 -0.8095245
v 36.1298358 0.1534455 -2.0392126
v 35.1845269 0.1612541 -2.0363987
v 28.9055693 2.6696932 10.7205606
v 29.6263326 2.2139825 11.1623478
v 29.6069274 2.3192426 10.5052948
v 29.1495199 2.3751523 10.2618897
v 30.0130499 2.0574979 10.5728292
v 33.1788643 1.4418668 11.0230582
v 29.3047613 2.7555880 13.2826454
v 29.7815739 2.4110719 12.9407527
v 30.1142340 2.6041009 13.4191210
v 37.9178833 2.3273636 13.5218295
v 38.7689385 4.0252686 15.3762105
v 38.3101449 3.4917841 15.1328054
v 38.4182594 3.5567517 15.4845469
v 38.5540956 3.8725321 14.6755415
v 38.0966881 3.0938571 14.4321364
v 38.2034165 3.4252547 14.7824709
v 38.3392527 3.0454437 13.9734656
v 37.9885736 2.7330992 14.0803950
v 38.7980463 3.5173963 14.2168707
v 39.4994045 3.4839754 14.0030119
v 39.9193877 3.1641346 13.4922833
v 39.0128892 4.0552536 14.9189466
v 39.2554538 3.7938212 14.4602758
v 38.9047747 3.8122496 14.5672052
v 39.2263460 4.1664483 15.6210226
v 39.4702967 4.3273057 15.1623517
v 39.1196176 4.2723331 15.2692811
v 39.9290903 4.5237705 15.4057568
v 40.1716549 4.4203844 14.9470859
v 39.8209758 4.3126255 15.0554223
v 39.9568120 4.0302661 14.2464169
v 39.6061329 3.7419720 14.3533464
v 40.4156056 4.4572411 14.4898220
v 40.6595563 3.9802909 14.0311512
v 40.2007627 3.6373366 13.7877461
v 40.3088772 4.1289669 14.1394875
v 40.6304485 4.5656246 15.1918980
v 40.8730131 4.2717084 14.7332271
v 40.5223340 4.5846776 14.8401565
v 41.3858639 3.9865378 15.1510960
v 41.0060771 3.6732562 13.9565820
v 40.4447133 3.1666334 13.3304822
v 41.0573622 2.8761530 13.1475766
v 38.9421990 1.2785106 9.3487689
v 31.2355754 4.2804541 19.5971080
v 31.2632971 3.9300035 19.2889825
v 31.4504183 4.4128881 20.2991840
v 31.9438640 3.9690465 19.7842345
v 31.3436899 4.5378260 19.9488495
v 31.7317933 4.3879006 20.5974607
v 32.1642513 4.9419998 22.4870158
v 32.3084039 5.1640768 23.1060808
v 32.4345375 5.0528821 23.4662641
v 36.7119908 4.0755560 22.6319333
v 37.2927597 4.2923231 22.1113560
v 36.3335901 3.5976689 19.9572913
v 35.9205372 3.3365488 19.8939778
v 36.7119908 3.5861121 20.1078366
v 36.4555654 3.2116110 19.0596471
v 32.7380898 5.3705365 24.5088258
v 32.6299753 5.4130154 24.1584913
v 33.4643975 4.9569923 24.6931383
v 33.6542909 5.1206609 24.9970429
v 33.1774782 5.7622166 25.8243388
v 33.4103402 5.4611164 25.4543068
v 33.3812325 5.6176011 26.6136466
v 33.6251831 5.6176011 26.1563827
v 33.2745040 5.8087559 26.2633121
v 34.3265413 5.2961985 25.9411170
v 33.8677477 5.5535704 25.6977119
v 34.1116984 5.3093170 25.2404480
v 33.7610193 5.2574678 25.3473774
v 34.5704920 4.9863527 25.4838531
v 34.8019679 4.9685491 26.3097420
v 34.6772204 4.9473097 25.8341876
v 33.8386400 5.6151023 26.8584587
v 33.4879609 5.8003226 26.9653881
v 34.7936514 5.7003724 28.8647920
v 34.9405763 5.9464999 29.2066847
v 35.1845269 5.9340061 28.7480138
v 35.6419344 6.0645661 28.9914189
v 35.8858851 5.6678885 28.5341550
v 35.5352060 5.8384287 28.6410844
v 36.3446787 5.6116665 28.7775601
v 36.5872433 5.2655888 28.3188892
v 36.2365642 5.6385281 28.4258186
v 36.3737865 5.2081174 27.6182202
v 35.9149929 5.1522077 27.3734082
v 36.0231074 5.3574181 27.7251497
v 35.8151949 4.9360653 26.9991553
v 36.4028942 4.9660503 26.4574734
v 36.6163511 5.1725101 27.1595494
v 36.8603017 5.1572052 26.7008785
v 36.5096226 5.1490842 26.8092149
v 37.3190953 4.8276817 26.9442836
v 37.5616599 4.8195607 26.4870197
v 37.1042524 4.9541812 26.2436146
v 37.2109808 4.9922873 26.5939491
v 37.3482031 5.0135267 25.7849438
v 36.8894095 4.8201854 25.5415387
v 36.9961379 5.0535068 25.8918732
v 36.8311940 5.0138391 27.8616253
v 36.8769347 4.9510578 27.5155117
v 37.0460369 5.0357032 28.5622943
v 36.9379224 5.0794314 28.2119598
v 37.7473951 4.5612518 28.3484355
v 38.1535175 4.3466711 27.8686602
v 37.6406667 4.7002451 27.9981010
v 37.4258237 4.8055052 27.2960251
v 38.0897577 4.6190355 26.7923313
v 38.4487533 4.2376628 28.1331697
v 39.5423731 3.5180210 27.4831515
v 38.9366546 4.0015304 27.2172350
v 38.7218117 4.2086148 26.5165660
v 38.8285401 4.1461459 26.8669005
v 37.8056106 4.6805674 26.0283489
v 38.0495613 4.7018068 25.5710850
v 37.5907677 4.9051431 25.3276799
v 37.6988822 4.8451730 25.6780144
v 38.2630181 4.5256445 26.2717539
v 37.9123390 4.6899378 26.3800903
v 38.6150833 4.1711335 26.1648245
v 38.5915199 4.3622883 25.3178311
v 38.2921259 4.5468840 25.1124141
v 36.5997181 4.3725957 24.5791740
v 36.4902175 4.2192345 23.6618323
v 37.1333602 4.8114398 25.0842748
v 37.3759247 4.8173743 24.6256039
v 37.1375184 4.3919611 23.8700633
v 37.2691963 4.6412120 24.2752694
v 37.8347183 4.8023818 24.8690090
v 37.4840393 4.8414249 24.9759384
v 37.8652122 4.7617770 24.1430146
v 38.1853974 4.6371515 24.7620796
v 38.3350944 4.8011324 23.9587021
v 38.1036185 4.9826046 23.2439635
v 37.8929338 4.9566800 22.5503293
v 38.3503414 5.2849541 22.7937344
v 38.5942920 5.3830303 22.3350635
v 38.2436129 5.1909384 22.4419929
v 38.5651843 5.0550685 23.4944034
v 38.8091350 5.4951620 23.0371395
v 38.4584559 5.2490345 23.1440689
v 39.2665425 5.0550685 23.2805446
v 39.5104931 5.6154147 22.8218737
v 39.0530856 5.7434759 22.5784686
v 39.1598140 5.4511214 22.9302101
v 39.2956502 5.7681511 22.1212047
v 38.8382427 5.3842797 21.8763927
v 38.9449711 5.6516466 22.2281341
v 39.0239779 4.8642260 23.7378085
v 39.1473393 4.1580150 25.0983444
v 39.5174236 4.6131010 23.9995041
v 39.7253361 4.6946229 23.5239497
v 39.3746570 4.7817671 23.6308791
v 40.4266942 4.5375136 23.3086839
v 39.9692867 4.9279443 23.0652788
v 40.0760152 4.5265816 23.4170203
v 41.1280524 4.3291798 23.0948251
v 40.2104652 5.1300312 22.6052010
v 40.7773733 4.4572411 23.2017545
v 39.7544438 5.8765347 22.3646098
v 39.9970084 5.9939762 21.9059390
v 39.5368287 5.7484734 21.6597199
v 39.6463293 6.0261477 22.0128684
v 39.8611722 5.5164014 22.7149443
v 40.9132095 5.0316427 22.3927491
v 40.4558020 5.3639773 22.1493440
v 40.5625304 4.9947860 22.5010855
v 40.6997527 5.4964114 21.6920801
v 40.2409591 5.9464999 21.4486751
v 40.3490736 5.6772589 21.7990096
v 39.7045448 3.8678469 25.3741097
v 39.9526537 3.8035039 25.0308101
v 39.9568120 3.4037029 26.5278217
v 41.1571602 4.9388764 21.9354852
v 40.9423173 5.2090544 21.2334093
v 41.0504318 5.0747462 21.5837438
v 41.2652747 4.6627638 22.2858197
v 39.8459253 5.4301943 18.8851833
v 39.6269241 4.9245085 18.1831074
v 39.4120812 4.8164373 17.4810314
v 39.0614021 4.4837904 17.5893678
v 38.3946960 3.4905347 16.4229931
v 37.9220416 4.6483959 21.3895825
v 38.3378666 4.5737456 20.9182489
v 38.7301282 5.0597537 21.5260582
v 39.1722888 4.9435615 20.7142389
v 39.7835516 5.5844925 21.2038630
v 40.4849098 5.7091180 20.9900042
v 40.0261162 5.5916765 20.7465991
v 40.1342307 5.7815820 21.0969336
v 40.2700668 5.7537833 20.2879282
v 39.8126593 5.3068182 20.0445232
v 39.9193877 5.4464363 20.3948576
v 39.1390228 4.8105027 19.0990421
v 40.0552239 5.5532581 19.5872593
v 39.5978164 5.2662134 19.3424472
v 39.7045448 5.2727727 19.6941887
v 40.2991746 5.4704868 19.1285884
v 40.9977606 5.7540956 18.9105087
v 40.0843317 5.2665258 18.4265124
v 40.1924462 5.3980228 18.7782539
v 40.5140175 5.6160393 19.8306643
v 40.7579682 5.6713243 19.3719935
v 40.4072891 5.5997974 19.4789229
v 41.2153757 5.9286962 19.6153986
v 41.4593264 5.7056822 19.1581347
v 41.1086473 5.7971992 19.2650641
v 41.2444834 5.5498223 18.4560587
v 40.7870759 5.6329059 18.2126536
v 40.8938043 5.6229109 18.5629881
v 40.7288604 5.5810568 20.5313333
v 40.9714250 5.7553450 20.0740694
v 40.6207459 5.6860045 20.1809988
v 40.8355888 5.3442996 20.8830748
v 41.8876261 4.9020197 20.5608796
v 41.4302186 5.3096293 20.3174745
v 41.5369470 4.9413751 20.6678090
v 41.6741693 5.4901645 19.8588037
v 41.3221041 5.6856922 19.9671400
v 42.1315768 4.9185740 20.1022088
v 42.3755275 4.8860901 19.6449449
v 41.9167339 5.3792822 19.4015398
v 42.0248484 5.2499715 19.7518743
v 42.6194781 4.6477712 19.1862740
v 41.7032770 5.6572688 18.6994638
v 41.9458416 5.1846915 18.2407930
v 41.4884341 5.1493966 17.9973879
v 41.5951625 5.3364910 18.3491293
v 42.1606845 5.0638142 18.9428689
v 41.8100055 5.3514835 19.0497983
v 42.4046352 4.9067049 18.4856050
v 42.5113636 4.6661996 18.8359395
v 42.6471998 4.6555799 18.0269341
v 42.2965207 4.9582417 18.1338636
v 39.4411890 4.4603645 16.3216916
v 39.6851396 4.6165368 15.8644277
v 39.3344606 4.2798294 15.9713571
v 39.6560319 4.6615144 17.0237675
v 39.8999826 5.0054057 16.5650966
v 39.5479174 4.5828036 16.6734330
v 40.3573901 5.1050437 16.8085017
v 40.6013408 4.8870272 16.3512378
v 40.1425472 5.0563179 16.1078327
v 40.2506617 5.1044190 16.4581672
v 40.3864978 4.7164870 15.6491619
v 40.0358187 4.8151879 15.7560913
v 39.8708748 5.1465855 17.7258435
v 40.1134394 5.1597040 17.2671726
v 39.7627603 4.8258076 17.3741020
v 40.3282823 5.4205117 17.9692485
v 39.9776032 5.2227976 18.0761780
v 41.0296405 5.2246716 17.7539828
v 40.5722330 5.3140022 17.5105777
v 40.6789614 5.5382655 17.8609122
v 40.4641185 5.1818804 17.1602432
v 41.0989447 4.6018566 16.8464898
v 41.3803196 4.8935864 17.6470534
v 40.8439053 4.5993578 15.8925670
v 40.7371769 4.5621888 15.5422325
v 41.1238942 4.5553173 16.1781810
v 34.4540610 6.5930531 30.1226194
v 34.6980117 6.2713382 29.6639486
v 34.3459465 6.2907036 29.7722849
v 34.6689039 6.3862810 30.8246954
v 34.9114685 6.7108070 30.3660245
v 34.5607894 6.8082585 30.4729539
v 35.3702621 5.9324444 30.6094296
v 35.6128267 6.1482745 30.1521657
v 35.1554192 6.2479124 29.9073537
v 35.2621476 6.2769604 30.2590951
v 35.3993699 6.2310458 29.4500898
v 35.0486908 6.2444766 29.5570192
v 35.4756044 5.5757469 30.9597641
v 35.8276696 5.7275463 30.8528347
v 36.2864632 5.2124902 31.0962398
v 36.5290278 5.2902640 30.6389759
v 36.0716203 5.5288952 30.3955708
v 36.1783487 5.5947999 30.7459053
v 36.9878214 4.8030065 30.8823810
v 36.8547574 4.8432989 30.2309558
v 35.8567774 5.6397775 29.6934949
v 36.1007280 5.6597676 29.2348240
v 35.7500490 5.7947004 29.3431604
v 36.3155710 5.3808439 29.9368999
v 35.9648919 5.6694503 30.0438293
v 36.8311940 5.1075424 29.7807267
v 36.5581356 5.1297189 29.4782291
v 36.8020862 5.1328423 29.0209652
v 36.4514071 5.5607544 29.1278946
v 35.3120466 5.3799069 32.9295163
v 37.5034444 4.8092534 28.8056994
v 37.1527653 4.8654754 28.9140358
v 37.8153132 4.0324525 29.5176241
v 37.8541235 4.4872261 28.6987700
v 38.9075469 4.1149114 28.3779818
v 38.5568678 4.0202710 28.4849112
v 39.4079230 3.3299896 28.6129451
v 42.5044332 -0.7404846 -22.5921695
v 42.2909764 -0.7810894 -23.2942455
v 41.8321828 -0.7098748 -23.5376506
v 41.9389112 -0.7392352 -23.1873161
v 41.7254544 -0.8088880 -23.8879851
v 45.0783900 -0.8935334 -14.1728860
v 44.5669253 -0.8482434 -14.5921618
v 45.0409658 -0.4053389 -0.7813851
v 43.3970709 1.2066713 6.6727199
v 43.6396355 1.1798097 6.2154560
v 43.1780697 0.7568952 5.9509464
v 43.2889564 0.9221255 6.3223854
v 43.7352753 1.4674790 7.9108498
v 44.0693214 1.4446779 7.6182009
v 43.6105278 1.3575338 7.3747958
v 43.8544784 1.4637309 6.9175319
v 43.5037993 1.3094327 7.0244613
v 44.3132720 1.3238005 7.1609370
v 44.2051575 1.2325959 6.8091955
v 44.5267289 1.5727392 7.8616060
v 44.1219925 0.9018231 6.1788748
v 42.7109596 3.3593500 14.7022739
v 43.9029913 3.5989182 13.0420542
v 44.1330812 3.9706083 14.1155691
v 44.3811901 4.1267805 13.6611192
v 43.9819981 3.7076141 13.5935848
v 43.7948768 3.1863111 12.1542588
v 44.1968410 3.6326515 11.7997034
v 44.4394056 3.5523789 11.3410325
v 43.8946748 2.8374222 10.9710005
v 44.0887265 3.3465438 11.4479619
v 44.4102979 3.9253183 12.5003723
v 44.6542485 3.9293788 12.0431084
v 44.3035694 3.9025171 12.1500379
v 45.1130421 4.1505187 12.2865135
v 45.3556067 4.1417731 11.8278427
v 44.8981992 3.8456704 11.5844376
v 45.0049276 3.9812280 11.9361790
v 45.1421499 3.7023043 11.1271737
v 44.6833563 3.5932960 10.8837686
v 44.7900847 3.7360375 11.2341031
v 44.6251408 4.2086148 13.2024483
v 44.8690915 4.2635874 12.7451844
v 44.5184124 4.0212081 12.8521138
v 44.8399837 4.2782676 13.9045242
v 45.0839344 4.5006570 13.4458534
v 44.7332553 4.4141375 13.5527828
v 45.5413419 4.4891002 13.6892585
v 45.7852926 4.4628633 13.2319946
v 45.3264990 4.5659370 12.9885895
v 45.4346135 4.5521938 13.3389240
v 45.5704496 4.4969088 12.5299186
v 45.2197706 4.3944598 12.6368480
v 46.0292432 4.0827400 12.7733237
v 46.2718078 3.8325520 12.3160598
v 45.8144003 4.0824276 12.0712478
v 45.9211287 4.0924226 12.4229892
v 46.2427001 4.0340142 13.4753997
v 46.4866508 3.7560276 13.0167288
v 46.1359717 4.0599388 13.1250652
v 46.9454444 3.2921959 13.2601339
v 46.7306014 3.5302024 12.5594649
v 46.8373298 3.4546151 12.9097994
v 46.9745521 3.2600244 12.1007940
v 46.5157585 3.4714817 11.8573890
v 46.6224869 3.5667468 12.2077235
v 45.5995574 3.7310400 11.3705788
v 45.8435081 3.4093251 10.9119079
v 45.3847145 3.4892853 10.6685028
v 45.4928290 3.5198951 11.0188373
v 46.0583510 3.6901229 11.6139839
v 45.7062858 3.9771675 11.7209133
v 46.4700178 3.3206193 11.5084614
v 46.3009156 3.4371238 11.1553130
v 46.5448663 3.0198314 10.6980491
v 46.0874587 2.9701687 10.4546440
v 46.1941872 3.2381603 10.8049785
v 44.2550565 2.4404323 9.4796167
v 44.4976211 2.4273138 9.0223528
v 44.0402136 1.8832096 8.7775407
v 44.1469420 2.1618210 9.1292822
v 44.2841643 1.8444789 8.3202768
v 43.9320991 1.6770622 8.4272063
v 44.9273070 3.8740938 10.4250977
v 44.4685134 2.9798513 10.1816926
v 44.5766279 3.2731429 10.5320271
v 44.7124640 3.0988546 9.7230218
v 44.3617849 2.6909326 9.8313582
v 45.1712576 3.1972432 9.9664269
v 44.9564147 2.5091481 9.2657579
v 45.0631431 2.8836492 9.6160924
v 45.6286651 3.0991670 10.2112389
v 45.2779861 3.4030782 10.3181683
v 44.8483002 2.1818110 8.9140164
v 47.2988956 2.3551622 8.1781733
v 47.2656296 1.9459909 7.4085630
v 47.5192829 2.4341854 8.8647726
v 47.9766904 2.2836353 9.1095847
v 48.2206411 2.5047753 8.6509138
v 47.7632335 2.5937935 8.4075087
v 47.8699620 2.4882210 8.7578432
v 48.9122967 2.1274631 9.0209458
v 48.7861631 2.1177804 9.2446534
v 48.9219992 2.4004522 8.4356480
v 48.4645917 2.5538134 8.1922430
v 48.5713201 2.4354348 8.5439844
v 47.5483906 2.2592725 7.7054328
v 47.7923413 2.2836353 7.2481689
v 47.2115724 1.5786737 6.8865787
v 48.0057981 2.5953552 7.9488379
v 47.6551190 2.4741655 8.0571742
v 48.7085424 2.6100354 7.7349791
v 48.2497488 2.5163320 7.4915740
v 48.3564772 2.5900454 7.8419085
v 48.4936995 2.6259650 7.0329031
v 48.0349059 2.2102344 6.7894980
v 48.1430204 2.4198176 7.1398325
v 46.9662356 2.6746907 10.7050839
v 47.4971055 2.6412699 11.9403999
v 48.9511070 2.7021770 7.2763082
v 49.1950577 2.6759401 6.8190443
v 48.7376502 2.5422566 6.5756392
v 48.8443786 2.7624595 6.9259737
v 49.1659499 2.4819741 7.9783842
v 49.4099006 2.5138333 7.5197133
v 49.8284978 2.3114340 7.5788059
v 50.1112588 2.4997778 7.3058545
v 49.6524652 2.6784389 7.0624494
v 49.8964159 2.8564753 6.6037785
v 49.4390083 2.6806253 6.3603734
v 49.5457368 2.8083742 6.7107079
v 49.3807928 2.1886826 8.6804601
v 49.2726783 2.2948798 8.3287186
v 49.8382003 1.9581723 8.9238652
v 50.7835092 2.0996644 7.6899562
v 51.7288181 1.8310481 7.5788059
v 51.2714106 2.2598972 7.3354008
v 51.3781390 1.9584847 7.6857353
v 50.3552094 2.6768771 6.8471836
v 50.5977740 2.6721920 6.3899197
v 50.1403665 2.7009277 6.1465146
v 50.2470949 2.7371596 6.4968491
v 50.8126170 2.6565747 7.0905887
v 50.4619379 2.5581862 7.1989251
v 51.5139751 2.3186179 6.8767299
v 51.0565676 2.6244033 6.6333248
v 51.1632961 2.4860346 6.9836593
v 50.8417247 2.5713047 5.9312489
v 50.9498392 2.7093610 6.2815834
v 47.5774984 1.7457780 6.5460929
v 48.2788566 2.1577605 6.3308272
v 48.9802147 2.2499021 6.1169683
v 48.6295356 2.2402195 6.2238978
v 49.6815729 2.5038383 5.9017026
v 49.3308938 2.3885831 6.0100389
v 50.0336381 2.3829609 5.7947732
v 42.5321549 4.0799288 16.3315403
v 43.1642089 4.0230821 15.9516595
v 43.4081596 3.9777922 15.4929887
v 43.0560944 3.8094385 15.5999181
v 42.7996690 4.4931607 17.2010452
v 42.9202582 4.1277176 16.4089234
v 42.8911505 4.4481831 17.5682633
v 43.1351012 4.4934730 17.1109994
v 43.5925087 3.9955958 17.3544045
v 43.8364593 3.9665478 16.8957336
v 43.3790518 4.1108510 16.6523285
v 43.4857803 4.2089271 17.0040700
v 43.6216164 4.2585899 16.1950646
v 43.2709373 4.2136123 16.3019940
v 44.0804100 3.5779912 16.4384697
v 44.3603989 3.2266035 15.9404038
v 43.8655671 3.8659728 15.7363938
v 43.9722955 3.8275545 16.0867283
v 44.3285189 3.3021909 17.1405457
v 44.1871384 3.5595628 16.7888042
v 43.6507242 4.0121501 15.0343178
v 43.8946748 3.9606132 14.5770539
v 44.1095178 3.8993937 15.2791299
v 44.9453260 3.5380111 15.0821547
v 44.3534684 4.1461459 14.8204590
v 44.4601969 3.7657102 15.1707935
v 44.5960330 4.1195966 14.3617881
v 44.2453539 4.1639495 14.4701245
v 43.0547083 4.4082030 18.0789919
v 44.0513023 3.4911594 17.5978096
v 44.4962350 3.1425829 17.7370992
v 45.0548266 3.7079265 14.6051932
v 45.2973912 4.0084019 14.1479293
v 44.9467121 3.9843514 14.2548587
v 46.2135923 3.3374859 14.6347395
v 45.7561848 3.6067269 14.3913344
v 46.0001355 4.0118377 13.9326636
v 45.6494564 4.1502064 14.0409999
v 46.4575430 3.4361867 14.1774756
v 46.7014937 3.4480558 13.7188048
v 46.3508146 3.7407227 13.8257342
v 46.5656575 3.0929201 14.5278101
v 47.0521728 3.1422705 13.6118754
v 14.1534839 -0.4881102 -25.0248135
v 37.6545275 -0.8744804 -25.2217887
v 13.3384669 -0.4681201 -24.8236173
v 25.5055067 0.0378780 -24.8798960
v -28.8414362 2.9017652 -18.8088384
f 6594 2383 6593
f 2385 6598 6597
f 6593 6595 6598
f 6598 663 6596
f 6597 6596 2384
f 6599 6600 6603
f 6603 2389 6601
f 6602 6601 2388
f 2384 6606 6600
f 6596 6604 6606
f 6606 2386 6605
f 6600 6605 2389
f 2389 6608 6607
f 6605 2386 6608
f 6608 171 2387
f 2388 6611 6610
f 6601 6607 6611
f 6611 2387 6609
f 6610 6609 664
f 2391 664 6613
f 6612 6613 2390
f 6614 6615 6618
f 6618 2395 6616
f 6617 6616 2394
f 2390 6621 6615
f 6613 6619 6621
f 6621 2392 6620
f 6615 6620 2395
f 2395 6625 6624
f 6620 6622 6625
f 6625 668 6623
f 6624 6623 2393
f 2394 6628 6627
f 6616 6624 6628
f 6628 2393 6626
f 6627 6626 667
f 664 6631 6619
f 6609 6629 6631
f 6631 2398 6630
f 6619 6630 2392
f 2387 6632 6629
f 2387 171 6632
f 6629 6632 2398
f 2398 6635 6634
f 6632 6633 6635
f 6634 665 2397
f 2392 2397 6622
f 6630 6634 2397
f 668 2402 2401
f 668 6636 2402
f 2397 6638 6636
f 665 2399 6638
f 6638 2399 6637
f 6636 6637 2402
f 2402 1 2400
f 667 6640 6639
f 6626 2393 6640
f 6639 2405 2404
f 2393 2401 2405
f 2405 2400 2403
f 2405 2403 6642
f 6642 2403 6641
f 6642 6641 172
f 2407 6647 6646
f 6646 6645 670
f 6651 2394 6650
f 6648 6650 2409
f 2409 6654 6653
f 6650 6627 6654
f 6654 667 6652
f 6653 6652 2408
f 6649 6653 6656
f 6656 2408 6655
f 6643 6655 671
f 671 6660 6659
f 6655 6657 6660
f 6660 2412 6658
f 6659 6658 2411
f 2408 6662 6657
f 6652 6639 6662
f 6662 2404 6661
f 6657 6661 2412
f 2412 6665 6664
f 6661 6642 6665
f 6665 172 6663
f 6664 6663 2410
f 2411 6668 6667
f 6658 6664 6668
f 6668 2410 6666
f 6667 6666 669
f 670 6672 6671
f 6645 6669 6672
f 6672 2415 6670
f 6671 6670 2414
f 2406 6674 6669
f 6644 6659 6674
f 6674 2411 6673
f 6669 6673 2415
f 2415 6677 6676
f 6673 6667 6677
f 6677 669 6675
f 6676 6675 2413
f 2414 6680 6679
f 6670 6676 6680
f 6680 2413 6678
f 6679 6678 45
f 6682 6646 6685
f 6685 670 6683
f 6684 6683 2417
f 673 6689 6688
f 2417 6686 6689
f 6689 2420 6687
f 6688 6687 2419
f 2417 6691 6686
f 6683 6671 6691
f 6691 2414 6690
f 6686 6690 2420
f 2420 6694 6693
f 6690 6679 6694
f 6694 45 6692
f 6693 6692 2418
f 2419 6697 6696
f 6687 6693 6697
f 6697 2418 6695
f 6696 6695 672
f 6700 2422 6699
f 2416 6702 6698
f 6681 6688 6702
f 6702 2419 6701
f 6698 6701 2422
f 2422 6705 6704
f 6701 6696 6705
f 6705 672 6703
f 6704 6703 2421
f 6699 6704 6708
f 6708 2421 6706
f 6707 6706 173
f 6713 2426 6712
f 2423 6716 6711
f 6710 6714 6716
f 6716 2424 6715
f 6711 6715 2426
f 2426 6720 6719
f 6715 6717 6720
f 6720 174 6718
f 6719 6718 2425
f 6712 6719 6721
f 2427 2428 2430
f 2430 677 6723
f 2425 6725 6722
f 6722 2433 2428
f 2425 6728 6725
f 6718 6726 6728
f 6728 2431 6727
f 6725 6727 2433
f 6727 6729 2433
f 2433 675 6730
f 6731 6730 2432
f 2428 6732 2430
f 2428 6731 6732
f 6732 2432 677
f 677 6733 6735
f 6735 2437 6734
f 6735 6734 2436
f 6730 6736 6733
f 6733 2434 2437
f 2434 6737 2437
f 2437 48 6738
f 6724 6739 6742
f 6742 2440 6740
f 6741 6740 2439
f 2429 6744 6739
f 6723 6735 6744
f 6744 2436 6743
f 6739 6743 2440
f 2440 6747 6746
f 6743 6734 6747
f 6747 676 6745
f 6746 6745 2438
f 2439 6750 6749
f 6740 6746 6750
f 6750 2438 6748
f 6749 6748 175
f 2441 2444 6751
f 2441 6752 2444
f 6752 6749 2444
f 2444 175 6753
f 6754 6753 2442
f 2443 6757 6756
f 6757 2442 6755
f 6756 6755 678
f 2446 6761 6760
f 6758 6756 6761
f 6761 678 6759
f 6760 6759 2445
f 6591 2445 6762
f 674 6767 6714
f 6767 2448 6766
f 6714 6766 2424
f 2424 6770 6717
f 6766 6768 6770
f 6770 2447 6769
f 6717 6769 174
f 2450 6774 6773
f 6774 679 6772
f 6773 6772 2449
f 6771 6773 6776
f 6776 2449 6775
f 6763 6775 177
f 177 6780 6779
f 6775 6777 6780
f 6780 2454 6778
f 6779 6778 2453
f 2449 6783 6777
f 6772 6781 6783
f 6783 2451 6782
f 6777 6782 2454
f 2454 6787 6786
f 6782 6784 6787
f 6787 683 6785
f 6786 6785 2452
f 2453 6789 6788
f 6778 6786 6789
f 6789 2452 682
f 679 6791 6781
f 6791 2456 6790
f 6781 6790 2451
f 2456 6794 6793
f 6794 680 6792
f 6793 6792 2455
f 2451 6796 6784
f 6790 6793 6796
f 6796 2455 6795
f 6784 6795 683
f 683 6800 6799
f 6795 6797 6800
f 6800 2460 6798
f 6799 6798 2459
f 2455 6803 6797
f 6792 6801 6803
f 6803 2457 6802
f 6797 6802 2460
f 2460 6807 6806
f 6802 6804 6807
f 6807 46 6805
f 6806 6805 2458
f 6798 6806 6808
f 6808 2458 681
f 682 2452 6809
f 6809 2462 2461
f 6785 6799 2459
f 2452 2459 2462
f 2459 6808 2462
f 2462 681 2479
f 174 6812 6726
f 6769 6810 6812
f 6812 2465 6811
f 6726 6811 2431
f 2447 6815 6810
f 6815 2463 6814
f 6810 6814 2465
f 2465 6819 6818
f 6814 6816 6819
f 6819 685 6817
f 6818 6817 2464
f 2431 6821 6729
f 6811 6818 6821
f 6821 2464 6820
f 6729 6820 675
f 6765 2467 6813
f 6764 6779 6822
f 6765 6822 2467
f 6822 6788 2467
f 2467 682 6823
f 2467 6823 2466
f 2463 6825 6816
f 6813 2467 6825
f 6825 2466 6824
f 6816 6824 685
f 685 6829 6828
f 6824 6826 6829
f 6829 2469 6827
f 6828 6827 2468
f 2466 2469 6826
f 6823 6809 2469
f 2469 2461 176
f 6827 176 2468
f 675 6832 6736
f 6820 6830 6832
f 6832 2471 6831
f 6736 6831 2434
f 2464 6834 6830
f 6817 6828 6834
f 6834 2468 6833
f 6830 6833 2471
f 2471 6837 6836
f 6833 684 6837
f 6837 684 6835
f 6836 6835 2470
f 2434 6839 6737
f 6831 6836 6839
f 6839 2470 6838
f 6737 6838 48
f 48 6842 6738
f 6838 6840 6842
f 6842 2474 6841
f 6738 6841 2473
f 6835 6843 6840
f 6840 2472 2474
f 2472 2475 2474
f 2473 2474 2521
f 2474 689 688
f 6843 2475 2472
f 6843 176 2475
f 176 692 686
f 2475 686 689
f 686 181 2476
f 688 687 6845
f 2478 6845 180
f 2461 2479 692
f 2479 6846 692
f 681 6846 2479
f 681 2482 6846
f 2458 6848 2482
f 6805 6847 6848
f 6848 2480 2482
f 2482 6849 2481
f 2482 690 6849
f 6846 2481 692
f 2481 6849 2484
f 6849 690 2483
f 2484 6850 691
f 2484 2483 6850
f 686 692 691
f 692 2484 691
f 686 691 181
f 181 6851 6853
f 6853 2488 6852
f 6853 6852 2487
f 691 6854 6851
f 6851 2485 6855
f 6851 6855 2488
f 2488 6859 6858
f 6855 6856 6859
f 6859 696 6857
f 6858 6857 2486
f 2487 6862 6861
f 6852 6858 6862
f 6862 2486 6860
f 6861 6860 695
f 691 6865 6854
f 6850 6863 6865
f 6865 2490 6864
f 6854 6864 2485
f 2483 178 6863
f 2490 6866 6867
f 6863 178 6866
f 6867 6866 2489
f 2485 6869 6856
f 6864 6867 6869
f 6869 2489 6868
f 6856 6868 696
f 696 6873 6872
f 6868 6870 6873
f 6873 2494 6871
f 6872 6871 2493
f 2489 693 6870
f 6870 2491 2494
f 2494 6874 6875
f 2491 2 6874
f 6875 6874 2492
f 2493 6878 6877
f 6871 6875 6878
f 6878 2492 6876
f 6877 6876 694
f 695 6882 6881
f 6860 6879 6882
f 6882 2497 6880
f 6881 6880 2496
f 2486 6884 6879
f 6857 6872 6884
f 6884 2493 6883
f 6879 6883 2497
f 2497 6887 6886
f 6883 6877 6887
f 6887 694 6885
f 6886 6885 2495
f 2496 6890 6889
f 6880 6886 6890
f 6890 2495 6888
f 6889 6888 179
f 6892 699 6891
f 180 6891 2499
f 687 699 6845
f 6894 6893 2498
f 2499 6897 6896
f 6891 6894 6897
f 6897 2498 6895
f 6896 6895 698
f 6844 2501 6898
f 687 6898 699
f 2476 2487 2501
f 2476 6853 2487
f 2501 6899 6900
f 6899 695 2500
f 6900 2500 6901
f 699 6901 6893
f 6893 6901 2503
f 2500 6881 6902
f 6902 2496 2504
f 2504 6889 6904
f 6889 179 6903
f 6904 6903 2502
f 2503 6904 6905
f 6905 6904 697
f 698 6909 6908
f 6895 6906 6909
f 6909 2507 6907
f 6908 6907 2506
f 2498 6893 6906
f 6906 2503 2507
f 2507 6905 6911
f 6905 697 6910
f 6911 6910 2505
f 2506 6913 6912
f 6907 6911 6913
f 6913 2505 6912
f 6762 6914 6916
f 6916 2510 6915
f 6592 6915 2383
f 2445 6919 6914
f 6759 6917 6919
f 6919 2508 6918
f 6914 6918 2510
f 2510 6922 2509
f 6918 6920 6922
f 6922 702 6921
f 2383 6924 6595
f 6915 2509 6924
f 6924 2509 6923
f 6595 6923 663
f 678 6927 6917
f 6755 6925 6927
f 6927 2513 6926
f 6917 6926 2508
f 2442 6930 6925
f 6753 6928 6930
f 6930 2511 6929
f 6925 6929 2513
f 6929 6931 700
f 2513 700 2512
f 2508 6932 6920
f 6926 2513 6932
f 6920 6932 702
f 6932 2512 702
f 702 2512 2516
f 700 2526 2512
f 2512 183 2515
f 2516 2512 2515
f 2516 6934 701
f 663 2517 6604
f 6604 2517 2386
f 2509 2516 2517
f 6921 702 2516
f 2517 701 2386
f 175 6937 6928
f 6748 6935 6937
f 6937 2520 6936
f 6928 6936 2511
f 2438 676 6935
f 676 2518 6935
f 6935 2518 2520
f 2520 704 2519
f 2511 6939 6931
f 6936 6938 6939
f 6939 2519 6931
f 676 2521 2518
f 2435 6940 2521
f 2521 688 2478
f 2518 6941 704
f 704 6941 6943
f 6941 2524 6942
f 6943 6942 2523
f 2518 2478 6941
f 6941 2478 2524
f 2524 180 6944
f 6945 6944 2522
f 2523 6942 6947
f 6942 2522 6946
f 6947 6946 703
f 6931 6948 2526
f 2519 6943 6948
f 6948 2523 2526
f 2526 6947 6950
f 6947 703 6949
f 6950 6949 2525
f 6950 2525 6951
f 2514 6951 183
f 183 6955 6954
f 6951 6952 6955
f 6955 2530 6953
f 6954 6953 2529
f 2525 6958 6952
f 6949 6956 6958
f 6958 2527 6957
f 6952 6957 2530
f 2530 6962 6961
f 6957 6959 6962
f 6962 707 6960
f 6961 6960 2528
f 2529 6965 6964
f 6953 6961 6965
f 6965 2528 6963
f 6964 6963 706
f 703 6968 6956
f 6946 6966 6968
f 6968 2532 6967
f 6956 6967 2527
f 2522 6970 6966
f 6944 180 6970
f 6970 2499 6969
f 6966 6969 2532
f 2532 6973 6972
f 6969 6896 6973
f 6973 698 6971
f 6972 6971 2531
f 2527 6975 6959
f 6967 6972 6975
f 6975 2531 6974
f 6959 6974 707
f 707 6978 705
f 6974 6976 6978
f 6978 2533 6977
f 6971 6908 6976
f 6976 2506 2533
f 706 6981 6980
f 6963 2536 6981
f 6981 2536 6979
f 6980 6979 2535
f 2528 6982 2536
f 6960 705 6982
f 2536 705 2534
f 2535 6979 182
f 6979 2534 6983
f 2386 2537 171
f 701 2540 2537
f 171 2537 2396
f 2537 6984 6985
f 2396 6985 2538
f 6633 2538 6986
f 6633 6986 665
f 701 6934 2540
f 2515 6988 6934
f 183 6954 6988
f 6988 2529 6987
f 6934 6987 2540
f 2540 6990 6984
f 6987 6964 6990
f 6990 706 6989
f 6984 6989 2539
f 6984 2539 709
f 709 6992 2542
f 709 2539 6992
f 6992 2543 6991
f 6980 2535 6993
f 2539 6993 2543
f 2543 6996 6995
f 6993 182 6996
f 6996 182 6994
f 6995 6994 2541
f 2542 6999 6998
f 6991 6995 6999
f 6999 2541 6997
f 6998 6997 708
f 6986 2538 2399
f 6985 2542 2538
f 2538 6998 7000
f 2399 2538 2985
f 2399 2985 1
f 2547 7004 2545
f 7004 50 7003
f 7001 2545 710
f 2544 7005 2548
f 2549 2548 7006
f 2549 7006 184
f 2552 184 7011
f 7008 2549 184
f 7011 7010 2550
f 2551 7014 7013
f 7009 7011 7014
f 7014 2550 7012
f 7013 7012 711
f 7007 7015 6801
f 6801 2554 7016
f 6801 7016 2457
f 7018 2551 7017
f 7015 7017 2554
f 2554 7021 7020
f 7017 7013 7021
f 7021 711 7019
f 7020 7019 2553
f 2457 7023 6804
f 7016 7020 7023
f 7023 2553 7022
f 6804 7022 46
f 7026 712 7024
f 7025 7024 2555
f 7028 2555 7027
f 7002 7027 50
f 50 7031 7030
f 7027 7029 7031
f 2555 7033 7029
f 7024 7032 7033
f 7037 2560 7035
f 7036 7035 2559
f 2560 7040 7039
f 7040 714 7038
f 7039 7038 2558
f 2559 7043 7042
f 7035 7039 7043
f 7043 2558 7041
f 7042 7041 185
f 7046 2563 7044
f 7045 7044 2562
f 2563 7050 7049
f 7050 717 7048
f 7049 7048 2561
f 2562 7053 7052
f 7044 7049 7053
f 7053 2561 7051
f 7052 7051 716
f 7055 2564 7054
f 7047 7054 717
f 717 7059 7058
f 7054 7056 7059
f 7059 2567 7057
f 7058 7057 2566
f 2564 7061 7056
f 7061 2559 7060
f 7056 7060 2567
f 2567 7064 7063
f 7060 7042 7064
f 7064 185 7062
f 7063 7062 2565
f 2566 7067 7066
f 7057 7063 7067
f 7067 2565 7065
f 7066 7065 715
f 716 7071 7070
f 7051 7068 7071
f 7071 2570 7069
f 7070 7069 2569
f 2561 7073 7068
f 7048 7058 7073
f 7073 2566 7072
f 7068 7072 2570
f 2570 7076 7075
f 7072 7066 7076
f 7076 715 7074
f 7075 7074 2568
f 2569 7078 7077
f 7069 7075 7078
f 7077 2568 49
f 46 7080 6847
f 7022 7079 7080
f 7080 2572 2480
f 2553 7083 7079
f 7019 7081 7083
f 7083 2571 7082
f 7079 7082 2572
f 7082 720 2572
f 2572 720 7084
f 2572 7084 690
f 711 7087 7081
f 7012 7085 7087
f 7087 2575 7086
f 7081 7086 2571
f 2550 7090 7085
f 7010 7088 7090
f 7090 2573 7089
f 7085 7089 2575
f 2575 7093 7092
f 7089 7091 7093
f 7093 718 2574
f 7086 7092 2571
f 2571 2574 720
f 720 2574 719
f 2574 2576 719
f 690 719 2577
f 690 2577 178
f 184 7006 7088
f 7006 2580 7096
f 7088 7096 2573
f 2548 7099 7095
f 7005 7097 7099
f 7099 2578 7098
f 7095 7098 2580
f 2580 7103 7102
f 7098 7100 7103
f 7103 722 7101
f 7102 7101 2579
f 2573 7104 7091
f 7096 7102 7104
f 7104 2579 718
f 710 7107 7097
f 710 7105 7107
f 7107 2582 7106
f 7097 7106 2578
f 2545 7109 7105
f 7003 7030 7109
f 7109 2556 7108
f 7105 7108 2582
f 2582 7112 7111
f 7108 713 7112
f 7112 713 7110
f 7111 7110 2581
f 2578 7114 7100
f 7106 7111 7114
f 7114 2581 7113
f 7100 7113 722
f 722 7118 7117
f 7113 7115 7118
f 7118 2585 7116
f 7117 7116 2584
f 2581 2557 7115
f 7115 7119 2585
f 2585 7122 7121
f 7119 7034 7122
f 7122 186 7120
f 7121 7120 2583
f 2584 7124 7123
f 7116 7121 7124
f 7123 2583 721
f 718 2587 7094
f 2579 7125 2587
f 7101 7117 7125
f 7125 2584 2587
f 2587 7123 7126
f 7123 721 7126
f 7094 7126 2586
f 2586 7127 7128
f 7126 7129 7127
f 7127 2588 2590
f 2590 7133 7132
f 2590 7130 7133
f 7133 725 7131
f 7132 7131 2589
f 7128 7132 7135
f 7135 2589 7134
f 7135 7134 724
f 2583 7136 721
f 721 2592 7137
f 7129 7137 2588
f 2583 7139 7136
f 7120 7045 7139
f 7139 2562 7138
f 7136 7138 2592
f 2592 7142 7141
f 7138 7052 7142
f 7142 716 7140
f 7141 7140 2591
f 2588 7144 7130
f 7137 7141 7144
f 7144 2591 7143
f 7130 7143 725
f 725 7148 7147
f 7143 7145 7148
f 7148 2595 7146
f 7147 7146 2594
f 2591 7150 7145
f 7140 7070 7150
f 7150 2569 7149
f 7145 7149 2595
f 2595 7151 7152
f 7149 7077 7151
f 7152 7151 2593
f 2594 7155 7154
f 7146 7152 7155
f 7155 2593 7153
f 7154 7153 723
f 724 7159 7158
f 7134 7156 7159
f 7159 2598 7157
f 7158 7157 2597
f 2589 7161 7156
f 7131 7147 7161
f 7161 2594 7160
f 7156 7160 2598
f 2598 7162 2596
f 7160 7154 7162
f 2597 7165 7164
f 7157 2596 7165
f 7165 2596 7163
f 7164 7163 187
f 178 2600 693
f 719 2602 2577
f 719 2576 2602
f 2576 7135 2602
f 2602 724 2601
f 2577 2602 7166
f 2602 2601 727
f 727 7170 7169
f 727 7167 7170
f 7170 2605 7168
f 7169 7168 2604
f 2601 7172 7167
f 724 7158 7172
f 7172 2597 7171
f 7167 7171 2605
f 2605 7175 7174
f 7171 7164 7175
f 7175 187 7173
f 7174 7173 2603
f 2604 7178 7177
f 7168 7174 7178
f 7178 2603 7176
f 7177 7176 726
f 2600 2599 2491
f 7166 7169 2599
f 2599 2604 2607
f 2607 7180 2606
f 2607 7177 7180
f 7180 726 7179
f 2491 2606 2
f 2608 2609 7182
f 191 7185 2612
f 7184 2614 2611
f 2616 7190 7189
f 2611 7187 7190
f 7190 729 7188
f 7189 7188 2615
f 7186 7189 7191
f 732 7195 7194
f 7191 7192 7195
f 7195 2620 7193
f 7194 7193 2619
f 2615 7198 7192
f 7188 7196 7198
f 7198 2617 7197
f 7192 7197 2620
f 2620 7202 7201
f 7197 7199 7202
f 7202 4 7200
f 7201 7200 2618
f 2619 7205 7204
f 7193 7201 7205
f 7205 2618 7203
f 7204 7203 730
f 7206 2622 2621
f 2612 7185 731
f 7185 2619 7207
f 731 7207 2622
f 7207 7204 2622
f 2622 730 7208
f 728 731 7206
f 734 7213 7212
f 734 2627 7213
f 7213 2627 7211
f 7212 7211 2626
f 2627 190 7215
f 7215 190 7214
f 7215 7214 2625
f 2626 7218 7217
f 7211 7215 7218
f 7218 2625 7216
f 7217 7216 733
f 2623 7220 2630
f 7210 7212 7220
f 7220 2626 7219
f 7219 7217 7221
f 7221 733 2628
f 2629 2628 51
f 196 2631 7223
f 2634 7223 2632
f 7225 2632 7224
f 2633 7224 739
f 2637 737 2631
f 2635 7226 737
f 2631 7227 2636
f 2631 2636 740
f 740 7231 7230
f 2636 7228 7231
f 7231 2641 7229
f 7230 7229 2640
f 2636 7234 7228
f 7227 7232 7234
f 7234 2638 7233
f 7228 7233 2641
f 2641 7237 7236
f 7233 7235 7237
f 7236 54 2639
f 2640 7240 7239
f 7229 7236 7240
f 7240 2639 7238
f 7239 7238 738
f 739 7244 7243
f 7224 7241 7244
f 7244 2644 7242
f 7243 7242 2643
f 2632 7246 7241
f 7223 7230 7246
f 7246 2640 7245
f 7241 7245 2644
f 2644 7248 7247
f 7245 7239 7248
f 7248 738 2642
f 2643 7250 7249
f 7242 7247 7250
f 7250 2642 195
f 7254 741 7252
f 7253 7252 2645
f 7256 2645 7255
f 2647 739 7257
f 2647 7257 2646
f 7251 2646 7258
f 7251 7258 741
f 741 7262 7261
f 7258 7259 7262
f 7262 2650 7260
f 7261 7260 2649
f 2646 7264 7259
f 7257 7243 7264
f 7264 2643 7263
f 7259 7263 2650
f 2650 7266 7265
f 7263 7249 7266
f 7266 195 2648
f 2649 7267 7268
f 7260 7265 7267
f 7255 7269 7271
f 7271 2651 7270
f 7181 7270 2609
f 2645 7273 7269
f 7252 7261 7273
f 7273 2649 7272
f 7269 7272 2651
f 7272 7268 7274
f 7270 7274 7183
f 742 746 2653
f 2656 7277 743
f 746 7278 7279
f 7279 2660 2659
f 2655 2657 7281
f 7278 7281 2660
f 2660 7284 7283
f 7281 7282 7284
f 7284 52 7283
f 2653 2659 2661
f 2659 744 2661
f 2662 2661 198
f 194 7286 7222
f 7275 7285 7286
f 7222 2664 2635
f 2652 7288 7285
f 7285 7287 2664
f 2664 7291 7290
f 7290 7289 2663
f 2635 7293 7226
f 2664 7290 7293
f 7293 2663 7292
f 7226 7292 737
f 7294 2667 2666
f 7296 7295 2665
f 2666 7299 7298
f 7299 2665 7297
f 7298 7297 747
f 737 7302 7232
f 7292 7300 7302
f 7302 2669 7301
f 7232 7301 2638
f 2663 7304 7300
f 7289 7294 7304
f 7304 2666 7303
f 7300 7303 2669
f 2669 7307 7306
f 7303 7298 7307
f 7307 747 7305
f 7306 7305 2668
f 2638 7309 7235
f 7301 7306 7309
f 7309 2668 7308
f 7235 7308 54
f 54 7310 2673
f 2668 7313 7310
f 7305 7311 7313
f 7313 2670 7312
f 7310 7312 2673
f 2673 7317 7316
f 7312 7314 7317
f 7317 751 7315
f 7316 7315 2671
f 2672 2671 7319
f 2673 7316 2671
f 7319 7318 750
f 747 7322 7311
f 7297 7320 7322
f 7322 2676 7321
f 7311 7321 2670
f 2665 7325 7320
f 7295 7323 7325
f 7325 2674 7324
f 7320 7324 2676
f 2676 7329 7328
f 7324 7326 7329
f 7329 748 7327
f 7328 7327 2675
f 2670 7331 7314
f 7321 7328 7331
f 7331 2675 7330
f 7314 7330 751
f 7330 7332 7333
f 751 2680 2679
f 2675 7327 7332
f 7327 2677 2680
f 2680 2677 7334
f 7334 202 2678
f 2679 7334 749
f 7334 2678 749
f 750 7338 7337
f 7318 7335 7338
f 7338 2679 7336
f 7337 7336 2682
f 2671 7339 7335
f 7315 751 7339
f 2679 749 7340
f 2682 7340 201
f 198 7342 7323
f 2661 2685 7342
f 7342 2685 7341
f 7323 7341 2674
f 2661 2683 2685
f 2685 7345 7344
f 2685 2683 7345
f 7345 754 7343
f 7344 7343 2684
f 2674 7347 7326
f 7341 7344 7347
f 7347 2684 7346
f 7326 7346 748
f 744 2688 2683
f 7283 7348 7349
f 2658 2686 2688
f 2688 752 7350
f 2683 7350 754
f 754 7354 7353
f 7350 7351 7354
f 7354 2692 7352
f 7353 7352 2691
f 752 7355 2687
f 2687 2689 7356
f 7351 7356 2692
f 2692 7359 7358
f 7356 7357 7359
f 7359 199 2690
f 7352 7358 7360
f 7360 2690 2699
f 2691 2699 753
f 748 7363 2677
f 7346 7361 7363
f 7363 2694 7362
f 2684 7364 7361
f 7343 7353 7364
f 7361 7364 2694
f 7364 2691 2694
f 2694 753 2693
f 7362 2693 2697
f 2677 2697 202
f 202 7365 2696
f 2693 753 2697
f 2697 753 7366
f 753 758 7366
f 2696 7365 7367
f 7367 2695 757
f 2699 2698 7368
f 753 7368 758
f 7368 755 758
f 758 2701 756
f 757 7370 200
f 758 756 200
f 2681 2702 2704
f 2704 7371 7373
f 7373 761 7372
f 7373 7372 2703
f 2704 7373 7375
f 7375 2703 7374
f 7375 7374 760
f 749 2706 2702
f 2678 7376 2706
f 2678 202 7376
f 7376 2696 7367
f 2706 7377 2705
f 2702 2705 7378
f 7371 7378 761
f 761 7379 2707
f 2705 7380 7379
f 7377 757 7380
f 7379 7380 2708
f 7380 200 2708
f 2708 200 3445
f 2708 3445 759
f 2707 2708 759
f 7374 7381 7383
f 7383 2711 7382
f 760 7382 2710
f 2703 7385 7381
f 7372 2707 7385
f 7385 2707 7384
f 7381 7384 2711
f 2711 7384 2709
f 7384 759 7386
f 2710 2709 7388
f 7388 7387 53
f 7391 2713 7390
f 7391 7390 763
f 195 7392 2712
f 2642 7395 7392
f 2642 7393 7395
f 7395 2715 7394
f 7392 7394 2717
f 2717 7399 7398
f 7394 7396 7399
f 7399 765 7397
f 7398 7397 2716
f 2712 7398 762
f 7393 2719 2715
f 2639 2672 7238
f 54 2673 2672
f 7238 2672 2719
f 2719 7402 7401
f 2672 7319 7402
f 7402 750 7400
f 7401 7400 2718
f 2715 7404 7396
f 2719 7401 7404
f 7404 2718 7403
f 7396 7403 765
f 7403 7405 7407
f 7407 2722 7406
f 7407 7406 2721
f 2718 7409 7405
f 7400 7337 7409
f 7409 2682 7408
f 7405 7408 2722
f 2722 7411 2720
f 7408 201 7411
f 7411 201 7410
f 7406 2720 2721
f 2721 2720 7410
f 2721 7410 764
f 7397 7407 2716
f 2716 2721 2724
f 2721 764 2724
f 204 7414 7413
f 7414 2728 7412
f 7413 7412 2727
f 2724 764 2723
f 2723 2725 2728
f 2728 7417 7416
f 7417 768 7415
f 7416 7415 2726
f 2727 7420 7419
f 7412 7416 7420
f 7420 2726 7418
f 7419 7418 767
f 7410 2704 764
f 7375 760 2729
f 764 7375 768
f 768 2732 7422
f 768 2729 2732
f 7422 7421 2731
f 2729 2710 2732
f 2732 7425 7424
f 2710 7388 7425
f 7425 53 7423
f 7424 7423 2730
f 2731 7428 7427
f 7421 7424 7428
f 7428 2730 7426
f 7427 7426 766
f 767 7432 7431
f 7418 7429 7432
f 7432 2735 7430
f 7431 7430 2734
f 2726 7434 7429
f 7415 7422 7434
f 7434 2731 7433
f 7429 7433 2735
f 2735 7437 7436
f 7433 7427 7437
f 7437 766 7435
f 7436 7435 2733
f 2734 7438 203
f 7430 7436 7438
f 189 2714 2614
f 763 2736 7439
f 2714 7439 2738
f 2738 7443 7442
f 7439 7440 7443
f 7443 770 7441
f 7442 7441 2737
f 2614 7445 7187
f 2738 7442 7445
f 7445 2737 7444
f 7187 7444 729
f 7390 2740 2736
f 7389 7413 7447
f 7447 2727 7446
f 2713 7446 2740
f 2740 7449 7448
f 7446 7419 7449
f 7449 767 7448
f 2736 7450 7440
f 2736 7448 7450
f 7440 7450 770
f 770 7454 7453
f 7450 7451 7454
f 7454 2743 7452
f 7453 7452 2742
f 2739 7456 7451
f 7448 7431 7456
f 7456 2734 7455
f 7451 7455 2743
f 7455 203 3413
f 2743 3413 2741
f 7452 2743 2742
f 7457 2741 769
f 729 7460 7196
f 7444 7458 7460
f 7460 2745 7459
f 7196 7459 2617
f 2737 7461 7458
f 7441 7453 7461
f 7461 2742 7457
f 7458 7457 2745
f 2745 7462 7463
f 7463 7462 2744
f 2617 7465 7199
f 7459 7463 7465
f 7465 2744 7464
f 7199 7464 4
f 2747 7471 7470
f 7467 7468 7471
f 7471 206 7469
f 7470 7469 2746
f 7466 7470 7473
f 7473 2746 7472
f 7473 7472 772
f 7474 772 2748
f 7478 7477 2749
f 2749 7481 7480
f 7480 7479 773
f 7476 2749 7482
f 7482 7480 771
f 771 773 7483
f 7484 7483 2750
f 7486 2750 7485
f 7468 7485 206
f 206 7490 7489
f 7485 7487 7490
f 7490 2754 7488
f 7489 7488 2753
f 2750 7493 7487
f 7483 7491 7493
f 7493 2751 7492
f 7487 7492 2754
f 2754 7496 7488
f 7492 7494 7496
f 7496 776 7495
f 7488 7495 2752
f 2753 7488 775
f 773 7498 7491
f 7498 2756 7497
f 7491 7497 2751
f 2751 7502 7494
f 7497 7500 7502
f 7502 2755 7501
f 7494 7501 776
f 776 7505 7495
f 7501 7503 7505
f 7505 2760 7504
f 7495 7504 2759
f 2755 7508 7503
f 7499 7506 7508
f 7508 2757 7507
f 7503 7507 2760
f 2760 7512 7511
f 7507 7509 7512
f 7512 57 7510
f 7511 7510 2758
f 2759 7515 7514
f 7504 7511 7515
f 7515 2758 7513
f 7514 7513 774
f 775 2763 2762
f 7495 2759 2763
f 2763 7518 7517
f 2763 7514 7518
f 7518 774 7516
f 7517 7516 2761
f 2762 7521 7520
f 2762 7517 7521
f 7521 2761 7519
f 7520 7519 205
f 2748 2764 197
f 2654 778 2767
f 2654 2767 7277
f 2746 2753 2764
f 7469 7489 2753
f 2764 775 778
f 778 2762 2768
f 2768 7520 2766
f 7520 205 7522
f 2768 2766 7523
f 7523 2766 777
f 743 7525 7280
f 7277 2765 7525
f 7525 2770 7524
f 7280 7524 2657
f 2765 2767 7526
f 2765 7526 2770
f 2770 7529 7528
f 7526 7523 7529
f 7529 777 7527
f 7528 7527 2769
f 2657 7531 7282
f 7524 7528 7531
f 7531 2769 7530
f 7282 7530 52
f 2773 781 7533
f 2773 7533 2772
f 7537 779 7535
f 7536 7535 2774
f 7539 2774 7538
f 6590 7538 781
f 781 7543 7542
f 7538 7540 7543
f 7543 2778 7541
f 7542 7541 2777
f 2774 7546 7540
f 7535 7544 7546
f 7546 2775 7545
f 7540 7545 2778
f 2778 7550 7549
f 7545 7547 7550
f 7550 207 7548
f 7549 7548 2776
f 2777 7553 7552
f 7541 7549 7553
f 7553 2776 7551
f 7552 7551 780
f 2772 7533 7554
f 7533 2777 7555
f 7554 7555 2780
f 2780 7558 7557
f 7555 7552 7558
f 7558 780 7556
f 7557 7556 2779
f 2780 7557 7560
f 7560 2779 7559
f 7559 7561 7563
f 7563 2784 7562
f 7563 7562 2783
f 2779 7566 7561
f 7556 7564 7566
f 7566 2781 7565
f 7561 7565 2784
f 2784 7570 7569
f 7565 7567 7570
f 7570 785 7568
f 7569 7568 2782
f 2783 7573 7572
f 7562 7569 7573
f 7573 2782 7571
f 7572 7571 784
f 780 7576 7564
f 7551 7574 7576
f 7576 2787 7575
f 7564 7575 2781
f 2776 7579 7574
f 7548 7577 7579
f 7579 2785 7578
f 7574 7578 2787
f 2787 7582 7581
f 7578 2785 7582
f 7582 782 7580
f 7581 7580 2786
f 2781 7584 7567
f 7575 7581 7584
f 7584 2786 7583
f 7567 7583 785
f 785 7587 7586
f 7583 7585 7587
f 7586 2791 2790
f 7580 7588 7585
f 7585 2788 2791
f 2791 55 7589
f 7589 55 2789
f 2790 7589 7590
f 7589 2789 783
f 784 7594 7593
f 7571 7591 7594
f 7594 2794 7592
f 7593 7592 2793
f 2782 7596 7591
f 7568 7586 7596
f 7596 2790 7595
f 7591 7595 2794
f 2794 7599 7598
f 7595 7590 7599
f 7599 783 7597
f 7598 7597 2792
f 2793 7602 7601
f 7592 7598 7602
f 7602 2792 7600
f 7601 7600 208
f 7532 7563 2771
f 2771 2783 7605
f 2771 7605 2797
f 7605 784 7606
f 2797 7606 2796
f 787 7611 7610
f 7607 7608 7611
f 7611 2800 7609
f 7610 7609 2799
f 2796 7613 7608
f 7606 7593 7613
f 7613 2793 7612
f 7608 7612 2800
f 2800 7614 7615
f 7612 7601 7614
f 7615 7614 2798
f 2799 7618 7617
f 7609 7615 7618
f 7618 2798 7616
f 7617 7616 786
f 7604 7619 7621
f 7621 2802 7620
f 7506 7620 2757
f 2795 7623 7619
f 7603 7610 7623
f 7623 2799 7622
f 7619 7622 2802
f 2802 7626 7625
f 7622 7617 7626
f 7626 786 7624
f 7625 7624 2801
f 2757 7628 7509
f 7620 7625 7628
f 7628 2801 7627
f 7509 7627 57
f 57 7631 7630
f 7627 7629 7631
f 7630 2805 790
f 2801 7634 7629
f 7624 7632 7634
f 7634 2803 7633
f 7629 7633 2805
f 2805 7633 2804
f 7633 791 2804
f 2805 2804 2811
f 786 7636 7632
f 7616 7635 7636
f 7636 2806 2803
f 2798 2806 7635
f 7614 208 2806
f 2806 2813 788
f 2803 788 791
f 788 213 791
f 790 2811 2810
f 2811 789 2810
f 2811 2808 789
f 2810 7637 2809
f 208 2814 2806
f 2792 7638 2814
f 7638 2812 2814
f 2814 794 2813
f 783 2812 7638
f 783 2789 2812
f 55 2815 2789
f 2789 2815 7639
f 2789 7639 2817
f 7639 792 7640
f 2817 7640 2816
f 2812 7641 794
f 2812 2817 7641
f 7641 2816 794
f 2816 7640 2820
f 7640 2818 7643
f 2820 7643 2819
f 7643 210 7645
f 2820 2819 793
f 788 2813 2807
f 2813 2820 2807
f 2807 793 7646
f 793 2821 2823
f 7646 798 2822
f 213 7646 797
f 793 2819 2825
f 7645 2824 795
f 2819 795 2825
f 2821 2825 798
f 798 2826 796
f 2826 6 796
f 797 7647 7648
f 7646 2822 7647
f 7648 7647 2828
f 2822 796 2827
f 2828 7649 211
f 7647 2827 7649
f 212 2809 2829
f 2809 7650 2829
f 2808 213 789
f 789 797 2830
f 789 7651 801
f 7651 2830 7652
f 7652 2833 801
f 801 2833 2832
f 2830 7648 2833
f 7648 2828 2831
f 2832 2831 799
f 800 2836 2835
f 7650 2832 2829
f 2829 2832 7653
f 2829 7653 2836
f 7653 799 7654
f 2836 7654 2834
f 7655 2834 56
f 52 7656 7348
f 7656 2839 7657
f 7348 7657 2686
f 2769 7660 7656
f 7527 7658 7660
f 7660 2837 7659
f 7656 7659 2839
f 2839 7662 2838
f 7659 7661 7662
f 2686 7664 752
f 7657 2838 7664
f 7664 2838 7663
f 777 2842 7658
f 2766 7667 2842
f 7522 7665 7667
f 7667 2840 7666
f 2842 7671 7670
f 7666 7668 7671
f 7671 802 7669
f 7670 7669 2841
f 2837 7673 7661
f 7658 7670 7673
f 7673 2841 7672
f 7661 7672 804
f 804 7674 7676
f 7674 2846 7675
f 7676 7675 2845
f 7669 7677 2841
f 2841 2843 7678
f 7674 7678 2846
f 2846 7679 7681
f 7679 215 7680
f 7681 7680 2844
f 7675 7681 2845
f 7682 2844 803
f 752 7663 7355
f 7663 2848 7684
f 7355 7684 2689
f 7662 7676 7683
f 7683 2845 7685
f 7683 7685 2848
f 2848 7682 7684
f 7684 803 2847
f 2689 7687 7357
f 7687 2847 7686
f 7357 7686 199
f 205 7690 7665
f 7519 7688 7690
f 7690 2851 7689
f 7665 7689 2840
f 2761 7693 7688
f 7516 7691 7693
f 7693 2849 7692
f 7688 7692 2851
f 2851 7697 7696
f 7692 7694 7697
f 7697 806 7695
f 7696 7695 2850
f 2840 7699 7668
f 7689 7696 7699
f 7699 2850 7698
f 7668 7698 802
f 774 7513 7691
f 7513 7700 7702
f 7702 2853 7701
f 7691 7701 2849
f 2758 7704 7700
f 7510 7630 7704
f 7704 790 7703
f 7700 7703 2853
f 7703 790 7705
f 2849 7707 7694
f 7701 7705 7707
f 7707 2852 7706
f 7694 7706 806
f 806 7706 7709
f 7706 212 7708
f 7709 7708 2855
f 2852 2810 212
f 7710 212 2854
f 2855 7710 7711
f 7711 2854 805
f 802 7713 7677
f 7698 7712 7713
f 7677 2857 2843
f 2850 7715 7712
f 7695 7709 7715
f 7715 2855 7714
f 7712 7714 2857
f 2857 7718 7717
f 7714 7711 7718
f 7718 805 7716
f 7717 7716 2856
f 2857 7717 2843
f 2843 2856 7719
f 7679 7719 215
f 7719 2861 7721
f 215 7721 2860
f 2856 7724 7720
f 7716 7722 7724
f 7724 2858 7723
f 7720 7723 2861
f 2861 7728 7727
f 7723 7725 7728
f 7728 809 7726
f 7727 7726 2859
f 7721 7727 7730
f 7730 2859 7729
f 2860 7729 808
f 805 2863 7722
f 2854 7731 2863
f 7722 7732 2858
f 2863 7733 7732
f 7731 800 7733
f 7732 7733 2862
f 2858 7735 7725
f 7735 2862 7734
f 7725 7734 809
f 809 7739 7738
f 7734 7736 7739
f 7739 2866 7737
f 7738 7737 2865
f 2862 7741 7736
f 7733 800 7741
f 7741 2835 7740
f 7736 7740 2866
f 2866 7655 7742
f 7655 56 2864
f 2865 7742 7744
f 7742 2864 7743
f 7744 7743 807
f 7729 7745 7747
f 7747 2869 7746
f 7747 7746 2868
f 2859 7749 7745
f 7726 7738 7749
f 7749 2865 7748
f 7745 7748 2869
f 2869 7752 7751
f 7748 7744 7752
f 7752 807 7750
f 7751 7750 2867
f 7746 7751 7754
f 7754 2867 7753
f 7754 7753 214
f 199 7686 7369
f 7686 2870 7369
f 7369 811 7755
f 2698 7755 755
f 2844 7680 2872
f 7680 2860 2872
f 2872 808 2871
f 2872 2860 808
f 2870 2871 811
f 811 2868 2874
f 808 7747 2868
f 2868 7754 7757
f 7757 214 7756
f 7757 7756 2873
f 2874 2873 810
f 755 7758 2700
f 811 2874 7755
f 7755 2874 2876
f 2876 810 2875
f 2700 7758 5
f 7758 2875 5
f 2879 7765 7764
f 7761 7762 7765
f 7765 814 7763
f 7764 7763 2878
f 7759 7764 7767
f 7767 2878 7766
f 7534 7766 779
f 7770 2882 7769
f 7760 7769 2877
f 6709 2880 7772
f 7768 7772 2882
f 2882 7776 7775
f 7772 7773 7776
f 7776 812 7774
f 7775 7774 2881
f 2877 7778 7762
f 7769 7775 7778
f 7778 2881 7777
f 7762 7777 814
f 814 7782 7781
f 7777 7779 7782
f 7782 2886 7780
f 7781 7780 2885
f 2881 7785 7779
f 7774 7783 7785
f 7785 2883 7784
f 7779 7784 2886
f 2886 7789 7788
f 7784 7786 7789
f 7789 218 7787
f 7788 7787 2884
f 2885 7792 7791
f 7780 7788 7792
f 7792 2884 7790
f 7791 7790 813
f 779 7795 7544
f 7766 7793 7795
f 7795 2888 7794
f 7544 7794 2775
f 2878 7797 7793
f 7763 7781 7797
f 7797 2885 7796
f 7793 7796 2888
f 2888 7799 7798
f 7796 7791 7799
f 7799 813 2887
f 2775 7801 7547
f 7794 7798 7801
f 7801 2887 7800
f 7547 7800 207
f 173 7804 7771
f 6706 7802 7804
f 7804 2891 7803
f 7771 7803 2880
f 2421 7807 7802
f 6703 7805 7807
f 7807 2889 7806
f 7802 7806 2891
f 2891 7811 7810
f 7806 7808 7811
f 7811 817 7809
f 7810 7809 2890
f 2880 7803 7773
f 7803 7810 7813
f 7813 2890 7812
f 7773 7812 812
f 672 7816 7805
f 6695 7814 7816
f 7816 2892 7815
f 7805 7815 2889
f 2418 7818 7814
f 6692 7817 7818
f 2892 815 7819
f 2889 7820 7808
f 7815 7819 7820
f 7808 7820 817
f 2893 2895 7822
f 812 7825 7783
f 7812 7823 7825
f 7825 2897 7824
f 7783 7824 2883
f 2890 7809 7823
f 7809 817 2897
f 2897 816 2896
f 2897 7822 816
f 2883 7826 7786
f 7824 2896 7826
f 7786 7826 218
f 218 7826 2900
f 7826 2896 2900
f 2900 7827 820
f 2900 2899 7827
f 7822 216 2898
f 216 818 2901
f 2898 2903 821
f 2901 2902 2903
f 2899 819 2904
f 820 2904 217
f 207 2905 7577
f 7800 2887 2905
f 7577 2905 2785
f 2887 813 2905
f 2785 7828 782
f 7790 7829 7830
f 2884 7787 7829
f 7787 2900 7831
f 7829 7831 2907
f 7831 820 2906
f 7830 2907 823
f 823 2909 2908
f 2906 820 2909
f 2909 217 822
f 7828 2910 7588
f 7588 2910 55
f 7588 55 2788
f 2905 2908 2910
f 45 7833 7817
f 6678 7832 7833
f 7833 2913 815
f 7817 815 2892
f 2413 7836 7832
f 6675 7834 7836
f 7836 2911 7835
f 7832 7835 2913
f 2913 7839 2912
f 7835 7837 7839
f 7839 826 7838
f 815 2912 2894
f 669 7842 7834
f 6666 7840 7842
f 7842 2916 7841
f 7834 7841 2911
f 2410 7845 7840
f 6663 7843 7845
f 7845 2914 7844
f 7840 7844 2916
f 7844 7846 7848
f 7848 824 7847
f 2916 7847 2915
f 2911 7850 7837
f 7841 2916 7850
f 7850 2915 7849
f 7837 7849 826
f 826 7853 7852
f 7849 2915 7853
f 7853 2919 7851
f 7852 7851 2918
f 7847 7854 2919
f 2919 221 2917
f 2918 7855 7857
f 7855 2917 7856
f 7857 7856 825
f 815 2894 2895
f 2912 7859 2921
f 7838 7852 7859
f 7859 2918 7858
f 2921 7862 7861
f 7858 7857 7862
f 7862 825 7860
f 7861 7860 2920
f 2894 7861 7821
f 172 7865 7843
f 6641 7863 7865
f 7865 2924 7864
f 7843 7864 2914
f 2403 666 7863
f 666 2922 7866
f 7863 7866 2924
f 2924 7869 7868
f 7866 2925 7869
f 7869 829 7867
f 7868 7867 2923
f 2914 7870 7846
f 7864 7868 7870
f 7846 2923 824
f 2400 827 2922
f 2922 827 2925
f 827 2926 2925
f 2925 2926 219
f 2928 2927 828
f 2923 7871 7854
f 7854 2929 221
f 2923 7867 7871
f 7867 2928 2929
f 2929 828 221
f 221 828 2931
f 2931 7872 7873
f 7873 2930 2935
f 7873 2935 220
f 2927 830 2932
f 828 2932 2930
f 2932 2933 58
f 2930 2956 831
f 2935 7875 7874
f 7875 831 7876
f 7874 7876 2934
f 7874 2934 2947
f 2920 7879 7821
f 7860 7877 7879
f 7879 2936 7878
f 7821 7878 2937
f 7878 7880 7882
f 7882 833 7881
f 2937 7881 818
f 825 7884 7877
f 7884 2939 7883
f 7877 7883 2936
f 7856 2917 2939
f 2939 220 2938
f 2936 7886 7880
f 7883 2939 7886
f 7886 2938 7885
f 7880 7885 833
f 833 7889 7888
f 7885 2938 7889
f 7889 2942 7887
f 7888 7887 2941
f 2938 7890 2942
f 2942 7890 7892
f 7890 220 7891
f 7892 7891 2940
f 2941 7895 7894
f 7887 7892 7895
f 7895 2940 7893
f 7894 7893 832
f 818 2944 2902
f 818 7897 2944
f 7881 7888 7897
f 7897 2941 7896
f 7896 7894 7898
f 7898 832 2943
f 2902 2944 60
f 2943 7900 2946
f 2943 7899 7900
f 7900 837 2946
f 2946 7901 2945
f 2946 837 7901
f 832 7904 7899
f 7893 7902 7904
f 7904 2949 7903
f 7899 7903 837
f 2940 7905 7902
f 7905 2947 7906
f 7902 7906 2949
f 2949 7906 7903
f 7906 834 2948
f 7903 2948 7907
f 837 7907 7901
f 7901 7907 2951
f 2948 834 7908
f 2948 7908 2950
f 7907 2950 7909
f 2951 7909 835
f 836 2952 224
f 2945 7901 2952
f 7901 2951 2952
f 2952 835 845
f 2952 2951 835
f 2952 845 224
f 220 2947 7905
f 7876 840 2954
f 2954 840 2953
f 2947 2953 834
f 831 2956 840
f 2932 58 2956
f 58 2955 838
f 2956 838 222
f 2956 222 840
f 2953 222 7911
f 7911 839 7910
f 7911 7910 2958
f 834 7911 225
f 7911 2958 225
f 225 2958 2959
f 222 7 839
f 7910 839 842
f 839 7 841
f 2958 842 223
f 224 2961 7912
f 224 2960 2961
f 2960 845 7913
f 2961 2960 2965
f 7909 2950 845
f 7908 2959 2950
f 2950 223 2962
f 2950 2959 223
f 2963 223 843
f 844 2965 2964
f 2960 7913 2965
f 7913 2963 2965
f 2965 843 59
f 55 2967 2815
f 55 822 2967
f 822 846 847
f 2967 847 2966
f 2815 2967 792
f 2967 2966 792
f 822 217 846
f 846 2968 227
f 792 2966 7642
f 7642 2970 2818
f 2966 847 2970
f 2970 2824 2969
f 7644 2969 210
f 217 2971 846
f 846 2971 2968
f 60 2972 819
f 819 2972 849
f 849 2975 7914
f 2972 836 2975
f 2975 224 2973
f 2974 7917 7916
f 7914 2975 7917
f 7917 2973 7915
f 7916 7915 848
f 2971 7914 2977
f 2977 7918 2976
f 2977 7916 7918
f 2968 2976 227
f 227 2976 851
f 2976 852 850
f 7915 7919 2978
f 2973 7912 7919
f 7912 2961 7920
f 7919 7920 2979
f 7920 844 2964
f 2978 852 2976
f 2978 2979 852
f 2979 2964 2980
f 852 2980 850
f 851 850 2981
f 210 2969 7645
f 2824 853 2982
f 2824 2982 795
f 847 227 853
f 227 851 853
f 853 851 2981
f 853 2981 226
f 853 226 2983
f 795 2982 2826
f 2826 2983 6
f 7000 2984 2985
f 1 2985 827
f 708 6997 2984
f 6994 2997 7922
f 7922 2986 7921
f 2541 7921 2988
f 7921 7923 7924
f 2988 7924 2987
f 6997 2988 2984
f 2984 2987 856
f 2987 2992 7925
f 7925 2992 2991
f 2987 2989 2992
f 7924 854 2989
f 2992 2989 2990
f 2991 2990 7927
f 7927 2990 7926
f 7927 7926 855
f 2985 856 2994
f 827 2994 2926
f 856 2991 2994
f 182 6983 2997
f 2534 7928 2997
f 2997 7928 2996
f 7928 859 2996
f 2997 2996 2986
f 7923 2986 854
f 705 6977 2995
f 6977 2998 2999
f 2533 47 6977
f 2998 857 7929
f 2998 7929 2999
f 2995 2999 859
f 859 3001 7930
f 2999 7929 3001
f 7930 3001 858
f 854 3003 2989
f 2996 7930 3003
f 2989 3003 230
f 230 3002 3005
f 3002 3004 863
f 3005 862 3013
f 3005 863 862
f 3000 860 3006
f 3006 3007 63
f 863 861 862
f 3009 861 229
f 2926 2993 219
f 2994 855 7931
f 2993 7931 3011
f 7931 3010 3014
f 219 3011 830
f 7926 3013 3010
f 230 3005 2990
f 2990 3005 3013
f 3010 3012 865
f 3013 862 3009
f 3009 229 891
f 3014 3009 864
f 830 7932 2933
f 830 3011 7932
f 2933 7932 58
f 2505 6910 3016
f 6910 697 7933
f 7933 868 3015
f 6904 2502 7934
f 6903 7935 7937
f 7937 3017 7936
f 2502 7936 3019
f 7936 866 3019
f 3019 866 3018
f 697 7934 868
f 7934 3018 3022
f 868 3022 3021
f 3022 3020 7938
f 3021 7938 867
f 2998 7939 857
f 3015 3021 7939
f 7939 3021 867
f 3024 867 3023
f 857 3023 228
f 857 3024 3023
f 179 7942 7935
f 6888 7940 7942
f 7942 3027 7941
f 7935 7941 3017
f 2495 7945 7940
f 6885 7943 7945
f 7945 3025 7944
f 7940 7944 3027
f 3027 7947 7946
f 7944 3025 7947
f 7947 871 3026
f 3017 7948 866
f 7941 7946 7948
f 7948 3026 3035
f 694 6876 7943
f 6876 3029 7949
f 7943 7949 3025
f 6874 869 7950
f 2492 7950 3029
f 3029 7950 3028
f 7949 3028 7951
f 3025 7951 871
f 3028 7952 3033
f 7950 3030 7952
f 3033 7952 3032
f 3032 231 3031
f 866 3035 3018
f 3026 871 7953
f 871 3032 7953
f 3035 870 3034
f 3018 3035 3020
f 3035 3034 233
f 233 3034 874
f 870 3031 3034
f 231 872 875
f 875 3038 3034
f 3034 3038 873
f 875 61 7954
f 3038 7954 3037
f 3038 3037 873
f 3034 873 3039
f 3039 873 7955
f 3040 3039 7956
f 3040 7956 232
f 3023 3042 228
f 228 3042 3000
f 3023 7958 3042
f 867 7938 7958
f 7958 877 7957
f 3042 7957 3041
f 7957 877 7959
f 3000 3041 860
f 7938 3044 7960
f 7938 7960 877
f 3020 233 3044
f 3044 874 3043
f 877 876 7959
f 7960 3043 876
f 7959 876 3046
f 3043 7961 7962
f 7962 7961 3045
f 860 7964 3007
f 860 7963 7964
f 3041 3046 7963
f 7963 7965 3048
f 7965 876 3048
f 3048 876 7966
f 7967 7966 3047
f 7964 7967 7969
f 7969 3047 7968
f 3007 7968 63
f 63 7973 7972
f 7968 7970 7973
f 7973 3051 7971
f 7972 7971 880
f 3047 7974 7970
f 7966 3049 7974
f 7970 7974 3051
f 7974 3049 881
f 3051 881 3050
f 7971 3051 7975
f 876 3045 3049
f 7961 232 3045
f 3045 878 3052
f 3049 237 879
f 3052 3053 237
f 880 3055 7976
f 7975 3050 3055
f 3055 7977 236
f 3055 3054 7977
f 3039 7955 3056
f 3056 884 878
f 873 7979 7978
f 873 3037 7979
f 7978 7979 3056
f 7954 3057 7981
f 3037 7983 3058
f 7981 3057 7983
f 7983 882 7982
f 7979 3058 884
f 884 3062 3061
f 884 7984 3062
f 3058 7987 7984
f 7982 7986 7987
f 7984 7987 3062
f 7987 234 7985
f 3061 7985 883
f 7985 3060 883
f 878 3061 3053
f 3061 883 3063
f 3053 3063 237
f 237 7988 3065
f 7988 3064 887
f 883 3066 3063
f 883 3060 3066
f 3063 3066 888
f 888 1136 886
f 236 7989 3068
f 7989 3067 3068
f 3054 879 7989
f 3068 3067 889
f 879 3065 3069
f 879 3069 3067
f 879 237 3065
f 890 3070 889
f 3067 890 889
f 864 893 2955
f 864 3072 893
f 2955 2957 838
f 3009 891 3072
f 3072 891 3071
f 893 7991 892
f 3071 7990 3074
f 7990 3073 3074
f 2955 7992 2957
f 861 3075 3076
f 861 3078 3075
f 229 3076 891
f 63 7972 3078
f 3078 880 3077
f 3078 3077 3075
f 3075 3077 895
f 895 3079 3080
f 3077 7976 3079
f 7976 236 3079
f 3080 3079 894
f 891 3081 3073
f 7993 3080 3081
f 3081 894 3073
f 3073 3082 239
f 3082 3068 3083
f 3068 889 3083
f 3082 3083 897
f 3083 62 897
f 239 897 238
f 2957 3084 7
f 2957 7992 3084
f 7992 892 3084
f 3074 239 892
f 892 896 3084
f 3084 238 7
f 2606 7994 7995
f 2 7995 869
f 7179 7996 7994
f 7994 3085 7997
f 7994 7997 3087
f 7997 7998 8000
f 8000 900 7999
f 3087 7999 3086
f 7995 3087 869
f 726 8003 7996
f 7176 8001 8003
f 8003 3090 8002
f 7996 8002 3085
f 2603 8006 8001
f 7173 8004 8006
f 8006 3088 8005
f 8001 8005 3090
f 3090 8009 8008
f 8005 898 8009
f 8009 898 8007
f 8008 8007 3089
f 3085 8011 7998
f 8002 8008 8011
f 8011 3089 8010
f 7998 8010 900
f 900 8015 8014
f 8010 8012 8015
f 8015 3094 8013
f 8014 8013 3093
f 3089 8016 8012
f 8007 3091 8016
f 8012 8016 3094
f 3094 8019 8018
f 8016 242 8019
f 8019 242 8017
f 8018 8017 3092
f 3093 8022 8021
f 8013 8018 8022
f 8022 3092 8020
f 8021 8020 899
f 7999 8014 8023
f 8023 3093 3096
f 3096 8021 8025
f 8025 899 8024
f 8025 8024 3095
f 3030 3095 8026
f 187 7163 8004
f 8004 7163 3088
f 2596 8027 3098
f 8027 903 3098
f 3088 3098 898
f 723 8029 3097
f 7153 8028 8029
f 2593 8031 8028
f 7151 3099 8031
f 8031 3099 8030
f 8028 8030 3101
f 3101 8035 8034
f 8030 8032 8035
f 8035 901 8033
f 8034 8033 3100
f 3097 903 8027
f 8029 8034 903
f 903 3102 3104
f 8033 901 8036
f 3102 3103 3104
f 3102 240 3103
f 3104 3103 902
f 3098 3104 3091
f 3091 902 3105
f 3091 3104 902
f 3091 3105 242
f 3105 907 3106
f 3103 8038 902
f 902 904 3108
f 3108 904 3107
f 907 8039 3111
f 8039 3107 3111
f 904 3161 3107
f 3107 66 3111
f 906 3114 3113
f 3106 3111 3114
f 3114 905 3112
f 3113 3112 241
f 8026 3116 872
f 8024 8040 3095
f 8026 3095 3116
f 3095 3115 3116
f 872 909 3119
f 899 8043 8040
f 8020 8041 8043
f 8043 3117 8042
f 8040 8042 3115
f 3092 8044 8041
f 8017 8037 8044
f 8041 8044 3117
f 8044 3106 906
f 8042 906 8045
f 3115 8045 909
f 8045 3120 909
f 909 3120 3119
f 906 3113 3120
f 3120 3113 3118
f 3113 241 3118
f 3119 3207 908
f 872 3119 875
f 3036 3121 61
f 2568 8046 3099
f 2568 3122 8046
f 7074 8047 3122
f 3124 912 8048
f 3099 3123 8032
f 8032 3123 8049
f 8032 8049 901
f 715 8051 8047
f 7065 8050 8051
f 8047 8051 3122
f 2565 8053 8050
f 7062 8052 8053
f 8053 3125 3127
f 3126 8055 912
f 912 8055 8048
f 8055 3128 8056
f 8048 8056 3130
f 3126 910 3128
f 3128 245 8057
f 3128 3137 245
f 8057 245 3129
f 3130 8060 8059
f 8056 8057 8060
f 8060 3129 8058
f 8059 8058 911
f 901 8061 3102
f 3123 8063 8049
f 8063 3130 8062
f 8049 8062 3132
f 3132 8066 8065
f 8062 8059 8066
f 8066 911 8064
f 8065 8064 3131
f 8061 8065 240
f 240 3131 8038
f 185 8068 8052
f 7041 8067 8068
f 8068 3134 3125
f 2558 8071 8067
f 7038 8069 8071
f 8071 3133 8070
f 8067 8070 3134
f 3134 914 8054
f 8070 8072 914
f 3136 3135 913
f 910 3138 3128
f 914 3136 3138
f 3138 3136 913
f 3138 913 3137
f 245 3142 3141
f 913 3139 8073
f 3137 8073 3142
f 8074 918 3140
f 3141 8075 917
f 913 8076 3139
f 3135 3143 8077
f 3135 8077 3145
f 8077 915 8078
f 3145 8078 3144
f 3139 8080 8074
f 8076 3145 8080
f 8080 3144 8079
f 8074 8079 918
f 918 8084 8083
f 8079 8081 8084
f 8084 3149 8082
f 8083 8082 3148
f 3144 8087 8081
f 8078 8085 8087
f 8087 3146 8086
f 8081 8086 3149
f 3149 8091 8090
f 8086 8088 8091
f 8091 64 8089
f 8090 8089 3147
f 3148 8094 8093
f 8082 8090 8094
f 8094 3147 8092
f 8093 8092 916
f 917 8075 8097
f 8075 3152 8096
f 8097 8096 3151
f 3140 8098 8095
f 3140 8083 8098
f 8098 3148 8095
f 3152 8100 3150
f 8095 8093 8100
f 8100 916 8099
f 3151 8096 244
f 8096 3150 8101
f 8064 8102 8103
f 8103 3153 3155
f 3155 8104 8105
f 8105 920 3154
f 911 8108 8102
f 8058 8106 8108
f 8108 3157 8107
f 8102 8107 3153
f 3129 3141 8106
f 8106 8109 3157
f 3157 8112 8111
f 8109 917 8112
f 8112 917 8110
f 8111 8110 3156
f 3153 8114 8104
f 8107 8111 8114
f 8114 3156 8113
f 8104 8113 920
f 920 8118 8117
f 8113 8115 8118
f 8118 3160 8116
f 8117 8116 3159
f 3156 8120 8115
f 8110 8097 8120
f 8120 3151 8119
f 8115 8119 3160
f 3160 8121 8122
f 8119 244 8121
f 8122 8121 3158
f 3159 8124 919
f 8116 8122 8124
f 8124 3158 8123
f 3154 8125 3161
f 3154 8117 8125
f 8125 919 8126
f 3161 8126 3109
f 8127 3164 8128
f 66 8128 923
f 3109 8130 8127
f 8126 8129 8130
f 8130 3162 3164
f 3164 8131 8133
f 8133 924 8132
f 8133 8132 3163
f 8128 8133 8134
f 919 8136 8129
f 8123 3167 8136
f 8136 3167 8135
f 8129 8135 3162
f 3158 8139 3167
f 8121 8137 8139
f 8139 3165 8138
f 3167 8138 8140
f 8140 8138 3166
f 3162 8140 8131
f 8131 3166 924
f 924 8141 8132
f 8141 3171 8142
f 8132 8142 3170
f 3166 3168 8141
f 8141 3168 3171
f 3171 8143 3169
f 3170 8144 922
f 8142 3169 8144
f 923 3174 3173
f 8132 3170 922
f 3163 922 3174
f 3173 8147 8146
f 8147 3172 8145
f 8146 8145 248
f 244 8101 8137
f 8101 3177 8137
f 3150 8151 8148
f 8099 8149 8151
f 8151 3175 8150
f 8148 8150 3177
f 3177 8153 3176
f 8150 8152 8153
f 8153 926 3182
f 916 8156 8149
f 8092 8154 8156
f 8156 3179 8155
f 8149 8155 3175
f 3147 8159 8154
f 8089 8157 8159
f 8159 3178 8158
f 8154 8158 3179
f 8158 3178 8160
f 8155 8160 8152
f 3182 246 3181
f 3182 3181 249
f 921 3183 3168
f 3176 3182 3183
f 3168 8161 8143
f 8143 8161 249
f 249 3184 3185
f 249 3181 3184
f 3184 930 3190
f 3185 3184 3193
f 3185 3193 929
f 3181 3186 3187
f 3181 3187 3184
f 3184 3187 930
f 3187 3191 930
f 930 3191 3190
f 3187 8162 3191
f 3191 9 3189
f 3190 8163 928
f 929 3193 3192
f 3184 3190 3193
f 3192 3193 247
f 248 8165 8164
f 8145 3172 8165
f 8164 3197 3196
f 3172 3194 3197
f 3197 8166 3195
f 3196 8169 8168
f 3197 3195 8169
f 8169 3195 8167
f 8168 8167 932
f 922 8170 3194
f 8144 3198 8170
f 3169 8143 3198
f 8143 3185 8171
f 8170 3198 933
f 933 3199 8172
f 3200 3730 931
f 932 8174 8173
f 8167 3203 8174
f 8173 3203 3202
f 3195 3200 3203
f 8166 8172 3200
f 3203 3200 3201
f 3202 8176 8175
f 3203 3201 8176
f 8175 3201 65
f 61 3205 7980
f 61 3121 3205
f 7980 3205 3057
f 3121 908 8177
f 3121 8177 3205
f 3205 8177 8180
f 8177 936 8179
f 8180 8179 3204
f 3205 8180 8181
f 3057 8181 882
f 3118 8183 3207
f 8183 934 8184
f 3207 8185 3206
f 8184 934 8185
f 908 8182 8178
f 8182 3206 8178
f 936 8186 8179
f 8178 3211 8186
f 8179 8186 3210
f 8186 251 3209
f 3210 3209 935
f 8181 3213 7986
f 3204 8187 3213
f 3213 8190 8189
f 8187 3210 8190
f 8190 935 8188
f 8189 8188 3212
f 3059 8191 234
f 7986 8189 8191
f 241 8192 8183
f 8192 3216 934
f 8192 3214 8193
f 8192 8193 3216
f 3216 938 3215
f 3111 66 923
f 938 3217 3219
f 3217 8194 8196
f 8194 248 8195
f 8196 8195 3218
f 3219 3218 8197
f 3219 8197 937
f 934 3215 8185
f 3215 3219 3208
f 3208 3221 251
f 251 3221 8198
f 937 3220 3221
f 251 8198 940
f 937 8197 3220
f 8197 3223 3220
f 3218 8201 8197
f 8195 8164 8201
f 8201 3196 8200
f 8197 8200 3223
f 3223 8204 8203
f 8200 8168 8204
f 8204 932 8202
f 8203 8202 3222
f 3220 8203 8199
f 8199 8205 8206
f 941 8206 3225
f 3222 8208 8205
f 8202 8173 8208
f 8208 3202 8207
f 8205 8207 3226
f 3226 8211 8210
f 8207 8175 8211
f 8211 65 8209
f 8210 8209 3224
f 8206 8210 3225
f 3225 3224 8212
f 3225 8212 939
f 940 941 8213
f 941 939 3227
f 8213 3227 250
f 234 8191 3060
f 8191 3231 3060
f 8188 3233 3229
f 3212 3229 3231
f 3229 8214 3230
f 3060 3230 885
f 3209 8215 3233
f 3209 251 8215
f 3233 8215 3232
f 8215 940 3232
f 3229 3232 8214
f 8214 3232 943
f 943 3235 942
f 3232 3228 3235
f 3228 8213 3235
f 3235 250 3234
f 3230 943 885
f 885 943 8
f 943 942 8
f 3238 3237 944
f 3236 3238 3240
f 3240 8220 8219
f 3240 8217 8220
f 8220 3239 8218
f 8219 8218 252
f 243 3243 3143
f 3243 8222 8224
f 8224 946 8223
f 3243 8223 3242
f 3143 8221 8077
f 8221 3242 915
f 8226 8225 3244
f 3241 8228 8222
f 8228 3244 8227
f 8222 8227 946
f 946 8232 8231
f 8227 8229 8232
f 8232 3247 8230
f 8231 8230 3246
f 3244 8234 8229
f 8225 8216 8234
f 8234 3240 8233
f 8229 8233 3247
f 3247 8237 8236
f 8233 8219 8237
f 8237 252 8235
f 8236 8235 3245
f 3246 8240 8239
f 8230 8236 8240
f 8240 3245 8238
f 8239 8238 945
f 915 8243 8085
f 915 8241 8243
f 8243 3249 8242
f 8085 8242 3146
f 3242 8245 8241
f 8223 8231 8245
f 8245 3246 8244
f 8241 8244 3249
f 3249 8248 8247
f 8244 8239 8248
f 8248 945 8246
f 8247 8246 3248
f 3146 8249 8088
f 8242 8247 8249
f 8088 3248 64
f 8251 8250 3251
f 3251 8254 8253
f 8254 3250 8252
f 8253 8252 947
f 947 8258 8257
f 8252 8255 8258
f 8258 3254 8256
f 8257 8256 3253
f 8255 8259 3254
f 3254 8262 8261
f 8261 8260 3252
f 3253 8265 8264
f 8256 8261 8265
f 8265 3252 8263
f 8264 8263 254
f 8266 8267 8270
f 8270 10 8268
f 8269 8268 3256
f 3257 3256 8271
f 3257 8271 948
f 8273 8272 3259
f 8274 948 8275
f 8274 8275 3258
f 3259 8278 8277
f 8272 8274 8278
f 8278 3258 8276
f 8277 8276 253
f 254 8282 8281
f 8263 8279 8282
f 8282 3263 8280
f 8281 8280 3262
f 3252 8284 8279
f 8284 3260 8283
f 8279 8283 3263
f 3263 8288 8287
f 8283 8285 8288
f 8288 952 8286
f 8287 8286 3261
f 8280 8287 8289
f 3265 949 8291
f 8292 8291 3264
f 3260 8294 8285
f 8290 8292 8294
f 8294 3264 8293
f 8285 8293 952
f 952 8298 8297
f 8293 8295 8298
f 8298 3268 8296
f 8297 8296 3267
f 3264 8300 8295
f 8291 8273 8300
f 8300 3259 8299
f 8295 8299 3268
f 3268 8303 8302
f 8299 8277 8303
f 8303 253 8301
f 8302 8301 3266
f 3267 8306 8305
f 8296 8302 8306
f 8306 3266 8304
f 8305 8304 950
f 8289 8307 951
f 3261 8309 8307
f 8286 8297 8309
f 8309 3267 8308
f 8307 8308 3271
f 3271 950 8311
f 8308 8305 950
f 8311 8310 3269
f 951 8311 8313
f 8313 3269 8312
f 3270 8312 67
f 64 8315 8157
f 3248 3274 8315
f 8315 3274 8314
f 8157 8314 3178
f 3274 955 8314
f 8314 3273 3178
f 945 8317 8246
f 8238 8316 8317
f 8246 3277 3272
f 3245 8320 8316
f 8235 8318 8320
f 8320 3275 8319
f 8316 8319 3277
f 8319 8321 8322
f 8322 953 3276
f 3272 8322 955
f 3276 3281 8323
f 8323 3281 3280
f 3276 8325 3281
f 3276 8324 8325
f 3281 8329 8328
f 8325 8326 8329
f 8329 256 8327
f 8328 8327 3279
f 3280 3279 954
f 3178 3273 925
f 3273 954 3282
f 3180 3282 246
f 252 8332 8318
f 8218 8330 8332
f 8332 3285 8331
f 8318 8331 3275
f 3239 8335 8330
f 8217 8333 8335
f 8335 3283 8334
f 8330 8334 3285
f 3285 8339 8338
f 8334 8336 8339
f 8339 957 8337
f 8338 8337 3284
f 3275 8341 8321
f 8331 8338 8341
f 8341 3284 8340
f 8321 8340 953
f 944 8342 8333
f 8333 3287 8343
f 8333 8343 3283
f 3237 8251 8342
f 8251 3251 8344
f 8342 8344 3287
f 3287 8347 8346
f 8344 8253 8347
f 8347 947 8345
f 8346 8345 3286
f 3283 8349 8336
f 8343 8346 8349
f 8349 3286 8348
f 8336 8348 957
f 957 8353 8352
f 8348 8350 8353
f 8353 3290 8351
f 8352 8351 3289
f 3286 8355 8350
f 8345 8257 8355
f 8355 3253 8354
f 8350 8354 3290
f 3290 8358 8357
f 8354 8264 8358
f 8358 254 8356
f 8357 8356 3288
f 3289 8361 8360
f 8351 8357 8361
f 8361 3288 8359
f 8360 8359 956
f 953 8364 8324
f 8340 8362 8364
f 8364 3292 8363
f 8324 8363 3278
f 3284 8365 8362
f 8337 8352 8365
f 8365 3289 8362
f 3292 956 8367
f 8362 8360 956
f 8367 8366 3291
f 3278 8369 8326
f 8363 8367 8369
f 8369 3291 8368
f 8326 8368 256
f 256 8370 8371
f 8371 3296 3295
f 3291 3293 8370
f 8370 3293 3296
f 3293 8372 8373
f 8373 960 3303
f 8373 3303 3294
f 3295 8374 959
f 3296 8373 8374
f 956 8375 3293
f 3288 8376 8375
f 8356 8281 8376
f 8376 3262 3298
f 3298 8377 3297
f 3298 8289 8377
f 3293 3297 8372
f 960 3300 958
f 3297 8377 3300
f 8377 3270 8378
f 8378 67 3299
f 8378 3299 958
f 959 8379 3302
f 3294 3303 8379
f 3303 958 3301
f 8379 3301 255
f 3186 962 927
f 954 3306 3304
f 3279 8380 3306
f 8327 8371 8380
f 3306 959 3305
f 3304 3305 962
f 961 3307 3777
f 8162 927 3188
f 962 961 3309
f 3188 8381 9
f 927 3309 8381
f 3255 8383 8267
f 8383 3310 8382
f 8267 8382 10
f 963 260 8385
f 963 8385 964
f 3 3311 259
f 8386 966 3312
f 8386 3312 968
f 8388 3316 8387
f 8388 8387 3315
f 966 8389 8391
f 8391 3313 8390
f 3312 8390 3316
f 3316 8395 8394
f 8390 8392 8395
f 8395 257 8393
f 8394 8393 3314
f 8387 8394 8397
f 8397 3314 8396
f 3315 8396 967
f 968 8398 8384
f 8384 3318 8399
f 8384 8399 260
f 968 8388 8398
f 8388 3315 8398
f 3318 8402 8401
f 8398 3315 8402
f 8402 967 8400
f 8401 8400 3317
f 8399 8401 8404
f 8404 3317 8403
f 260 8408 8407
f 8403 8405 8408
f 8408 3322 8406
f 8407 8406 3321
f 3317 3322 8405
f 8400 8409 3322
f 3322 8410 8406
f 8406 972 3320
f 3321 3320 971
f 967 8412 8409
f 8396 8411 8412
f 8409 3325 3319
f 3314 8415 8411
f 8393 8413 8415
f 8415 3323 8414
f 8411 8414 3325
f 3325 8418 8410
f 8414 8416 8418
f 8418 969 8417
f 8410 8417 3324
f 8410 3324 972
f 972 8419 8421
f 8419 3329 8420
f 8421 8420 3328
f 3324 8424 8419
f 8417 8422 8424
f 8424 3326 8423
f 8419 8423 3329
f 3329 8428 8427
f 8423 8425 8428
f 8428 71 8426
f 8427 8426 3327
f 3328 8431 8430
f 8420 8427 8431
f 8431 3327 8429
f 8430 8429 970
f 971 3320 3331
f 3320 3328 3332
f 3332 8432 3330
f 3328 8430 8432
f 3331 3332 258
f 3332 3330 3401
f 3333 8433 8436
f 8436 975 8434
f 8435 8434 3334
f 8438 3334 8437
f 8407 3321 3336
f 8439 971 3335
f 3333 8441 8433
f 3311 8439 8441
f 8441 3335 8440
f 8433 8440 975
f 975 8444 8443
f 8440 8442 8444
f 3335 3331 8442
f 8442 3331 3337
f 3337 258 973
f 3334 8447 8445
f 8434 8443 8447
f 8447 3337 3338
f 51 3341 8448
f 2628 3339 3341
f 3341 8453 8452
f 3341 8450 8453
f 8453 978 8451
f 8452 8451 3340
f 8448 8452 8455
f 8455 3340 8454
f 13872 8454 966
f 7216 8456 8449
f 8449 3344 8457
f 8449 8457 3339
f 2625 8460 8456
f 7214 8458 8460
f 8460 3342 8459
f 8456 8459 3344
f 3344 8463 8457
f 8459 8461 8463
f 8463 976 8462
f 8457 8462 3343
f 3339 3343 8450
f 8450 8464 978
f 978 8468 8467
f 8464 8465 8468
f 8468 3348 8466
f 8467 8466 3347
f 3343 8470 8465
f 8462 8469 8470
f 8465 8470 3348
f 3348 8471 8472
f 8470 3345 8471
f 8472 8471 3346
f 3347 8475 8474
f 8466 8472 8475
f 8475 3346 8473
f 8474 8473 977
f 966 8478 8389
f 8454 8476 8478
f 8478 3350 8477
f 8389 8477 3313
f 3340 8480 8476
f 8451 8467 8480
f 8480 3347 8479
f 8476 8479 3350
f 3350 8483 8482
f 8479 8474 8483
f 8483 977 8481
f 8482 8481 3349
f 3313 8485 8392
f 8477 8482 8485
f 8485 3349 8484
f 8392 8484 257
f 190 8488 8458
f 7209 8486 8488
f 8488 3353 8487
f 8458 8487 3342
f 2621 8491 8486
f 7208 8489 8491
f 8491 3351 8490
f 8486 8490 3353
f 3353 8495 8494
f 8490 8492 8495
f 8495 981 8493
f 8494 8493 3352
f 3342 8497 8461
f 8487 8494 8497
f 8497 3352 8496
f 8461 8496 976
f 730 8500 8489
f 7203 8498 8500
f 8500 3356 8499
f 8489 8499 3351
f 2618 8503 8498
f 7200 8501 8503
f 8503 3354 8502
f 8498 8502 3356
f 3356 8505 8504
f 8502 3411 8505
f 8504 979 3355
f 3351 8507 8492
f 8499 8504 8507
f 8507 3355 8506
f 8492 8506 981
f 8506 8508 8509
f 8509 3359 3358
f 3355 8510 8508
f 8510 3357 8508
f 3357 261 980
f 3359 3357 980
f 976 8513 8469
f 8496 8511 8513
f 8513 3361 8512
f 8469 8512 3345
f 3352 8515 8511
f 8493 8509 8515
f 8515 3358 8514
f 8511 8514 3361
f 3361 8518 8517
f 8514 3358 8518
f 8518 980 8516
f 8517 8516 3360
f 8512 3360 8519
f 3345 8519 263
f 263 8521 3364
f 8519 3365 8521
f 8521 3365 8520
f 3360 8523 3365
f 8516 8522 8523
f 3365 3362 8524
f 8524 985 3363
f 8520 8524 8526
f 8526 3363 8525
f 8526 8525 984
f 8522 3366 3362
f 980 982 3366
f 3362 3368 985
f 3368 3366 68
f 3368 68 8527
f 8525 3371 984
f 984 3371 3370
f 3363 985 3371
f 3371 8528 3369
f 3367 8527 8528
f 257 8531 8413
f 8484 8529 8531
f 8531 3374 8530
f 8413 8530 3323
f 3349 8534 8529
f 8481 8532 8534
f 8534 3372 8533
f 8529 8533 3374
f 3374 8535 3373
f 8535 987 8536
f 3323 8538 8416
f 8530 3373 8538
f 8538 3373 8537
f 8416 8537 969
f 8473 3346 8532
f 8532 3375 3372
f 8471 3364 3375
f 8535 3372 987
f 3372 3376 987
f 3375 984 3376
f 3376 3370 262
f 987 262 986
f 969 8541 8422
f 8537 8539 8541
f 8541 3378 8540
f 8422 8540 3326
f 3373 8536 8539
f 8536 987 8542
f 8539 8542 3378
f 3378 8542 8543
f 8543 8542 3377
f 3326 8545 8425
f 8540 8543 8545
f 8545 3377 8544
f 8425 8544 71
f 71 8548 8547
f 8544 8546 8548
f 8547 3381 3380
f 8542 3379 8546
f 8546 3379 3381
f 3381 3379 989
f 3381 989 3380
f 262 3382 988
f 3379 988 990
f 989 3383 266
f 990 988 3383
f 3370 3385 3382
f 8528 3384 3385
f 3385 991 3382
f 8527 68 3384
f 3384 68 991
f 991 264 994
f 3382 3386 988
f 3382 991 3386
f 988 3386 267
f 3386 991 994
f 994 992 3388
f 994 3388 3387
f 3388 11 993
f 267 3389 265
f 266 3383 996
f 267 265 3391
f 3390 995 3392
f 3393 3392 69
f 973 3394 998
f 998 3398 3397
f 997 3395 3398
f 3397 3398 3396
f 998 3397 3399
f 8432 8549 8551
f 8551 3400 8550
f 3330 8550 3401
f 3394 3401 997
f 970 8555 8549
f 8429 8553 8555
f 8555 3403 8554
f 8549 8554 3400
f 3327 8557 8553
f 8426 8547 8557
f 8557 3380 8556
f 8553 8556 3403
f 3403 8556 8558
f 8558 989 3402
f 3400 8559 8552
f 8554 8558 8559
f 8552 3402 1000
f 8561 266 8560
f 8561 8560 3405
f 3405 3404 999
f 1000 8561 997
f 997 3405 3395
f 3395 3406 269
f 3395 999 3406
f 3404 996 1002
f 1002 8562 3408
f 996 3390 8562
f 8562 3393 8563
f 8562 8563 3408
f 3408 8566 8565
f 8563 3393 8566
f 8566 69 8564
f 8565 8564 3407
f 3408 1001 268
f 3408 8565 1001
f 3398 269 3410
f 4 8568 8501
f 7464 2744 8568
f 8501 3412 3354
f 7462 769 3416
f 2744 3416 3412
f 3412 3416 3411
f 2741 1003 3414
f 769 3414 3416
f 3414 272 1004
f 979 3418 3357
f 3411 3416 3418
f 3416 1004 3417
f 3357 3418 261
f 203 3421 3413
f 7438 8570 3421
f 2733 8573 8570
f 7435 8571 8573
f 8573 3419 8572
f 8570 8572 3421
f 3421 8576 3420
f 8572 8574 8576
f 8576 1007 8575
f 3413 8577 1003
f 3421 3420 8577
f 766 8580 8571
f 7426 8578 8580
f 8580 3424 8579
f 8571 8579 3419
f 2730 8583 8578
f 7423 8581 8583
f 8583 3422 8582
f 8578 8582 3424
f 3424 8586 8585
f 8582 8584 8586
f 8585 1005 3423
f 3419 8588 8574
f 8579 8585 8588
f 8588 3423 8587
f 8574 8587 1007
f 1007 8592 8591
f 8587 8589 8592
f 8592 3428 8590
f 8591 8590 3427
f 3423 8593 8589
f 8589 3425 3428
f 8594 270 3426
f 3427 8596 8595
f 8590 8594 8596
f 8595 3426 1006
f 8577 8597 1003
f 1003 3430 8598
f 8569 8598 3415
f 3420 8575 8597
f 8575 3427 8599
f 8597 8599 3430
f 3430 8600 8601
f 8599 8595 8600
f 8601 8600 3429
f 8598 8601 8603
f 8603 3429 8602
f 3415 8602 272
f 8602 3434 3433
f 3429 8607 8604
f 8600 8605 8607
f 8607 3431 8606
f 8604 8606 3434
f 3434 8606 3432
f 8606 1011 8608
f 3433 3432 3439
f 3433 3439 1010
f 1006 8610 8605
f 3426 3436 8610
f 8610 3436 8609
f 8605 8609 3431
f 3426 270 3436
f 3431 8609 1011
f 1011 3435 8608
f 3435 3437 3438
f 3438 3437 1009
f 3437 74 3495
f 1010 1009 271
f 261 1013 3440
f 3433 1010 1004
f 3417 1004 1013
f 1004 1010 3441
f 3441 1010 271
f 982 1012 68
f 53 8612 8581
f 8612 3444 8611
f 8581 8611 3422
f 2709 7386 7387
f 7387 3442 3444
f 3444 3442 8613
f 3442 1016 3443
f 3422 8615 8584
f 8611 8613 8615
f 8615 3443 8614
f 8584 8614 1005
f 7386 1016 3442
f 759 3447 1016
f 1016 3447 3446
f 1016 3446 3443
f 3443 3446 3448
f 3447 275 3471
f 3448 3446 1015
f 1005 3448 8593
f 8614 3443 3448
f 8593 3448 3425
f 3448 1015 270
f 200 3449 3445
f 3449 8616 1019
f 3445 1019 1014
f 2701 5 3449
f 8616 1017 8617
f 8616 8617 3451
f 8616 3451 1019
f 1019 8619 3454
f 3451 8618 8619
f 3451 8622 8618
f 8617 8620 8622
f 8622 3452 8621
f 8618 8621 3455
f 3455 8626 8625
f 8621 8623 8626
f 8626 273 8624
f 8625 8624 3453
f 3454 8629 8628
f 3455 8625 8629
f 8629 3453 8627
f 8628 8627 1018
f 1014 3457 275
f 1019 8630 3457
f 1019 3454 8630
f 8630 8628 8632
f 8632 1018 8631
f 8632 8631 3456
f 3457 3456 8633
f 8633 8634 8636
f 8636 3461 8635
f 275 8635 3460
f 3456 8631 8634
f 8631 3458 8638
f 8634 8638 3461
f 3461 8642 8641
f 8638 8639 8642
f 8642 1023 8640
f 8641 8640 3459
f 3460 3459 1022
f 8635 8641 3459
f 1018 8645 8637
f 8627 8643 8645
f 8645 3464 8644
f 8637 8644 3458
f 3453 8648 8643
f 8624 8646 8648
f 8648 3462 8647
f 8643 8647 3464
f 3464 8652 8651
f 8647 8649 8652
f 8652 1020 8650
f 8651 8650 3463
f 3458 8654 8639
f 8644 8651 8654
f 8654 3463 8653
f 8639 8653 1023
f 8653 8655 8656
f 8656 3466 3467
f 3463 3465 8655
f 8650 8657 3465
f 8655 8658 3466
f 8658 8659 3466
f 1022 3469 3468
f 1022 3468 274
f 3459 8640 3469
f 3469 8660 3468
f 3467 1021 8660
f 270 3470 1008
f 1015 3446 3470
f 3471 1022 1025
f 1025 274 1024
f 1008 3470 3437
f 1025 1024 3472
f 3437 3472 74
f 3472 1028 3473
f 8661 3473 8662
f 74 8662 1027
f 3474 8663 3475
f 8662 3478 8664
f 1027 8664 3477
f 3473 1028 3478
f 8664 3478 3477
f 3477 3476 278
f 274 3480 3474
f 8660 1021 3480
f 3480 1021 3479
f 3480 3479 8663
f 1021 3482 1031
f 1031 3483 3484
f 1031 1029 3483
f 3484 3483 1030
f 8663 3479 279
f 279 1033 3475
f 3483 276 1030
f 1030 12 1034
f 12 1032 1034
f 1033 1034 3486
f 3486 3485 277
f 3478 1026 3476
f 278 3476 8665
f 278 8665 1036
f 3475 1033 3486
f 3476 1035 3487
f 3476 1037 1035
f 1036 8665 8666
f 8665 3487 8666
f 1012 1040 8667
f 68 3488 264
f 1012 8667 3488
f 1040 8670 8669
f 8670 3492 8668
f 8669 8668 3491
f 3489 1038 3492
f 3492 281 3490
f 3491 8673 8672
f 8668 3490 8673
f 8673 3490 8671
f 8672 8671 1039
f 3488 3494 264
f 3488 8667 3494
f 8667 3491 8674
f 8674 1039 8675
f 3494 8675 3493
f 271 1009 1038
f 1009 1042 1038
f 74 1027 3497
f 3495 3497 1042
f 3497 278 3498
f 1042 3497 1041
f 1042 1041 8676
f 3496 8676 3499
f 1038 3496 281
f 281 3499 1044
f 3499 8676 3502
f 8676 3500 8677
f 3502 8677 3501
f 1041 3504 8678
f 8676 8678 3500
f 3498 8679 3504
f 3504 8679 3503
f 8679 1036 8680
f 8678 3503 1045
f 1045 3505 3506
f 3503 8680 3505
f 8680 73 8681
f 3506 8683 8682
f 3506 3505 8683
f 8683 3505 1043
f 1044 3502 8684
f 8684 3502 3507
f 3502 3501 280
f 264 3493 992
f 8675 3508 3493
f 1039 8688 8685
f 8671 8686 8688
f 8688 3510 8687
f 8685 8687 3508
f 3490 1044 8686
f 8686 8684 3510
f 8687 3510 3508
f 3508 3510 1047
f 3510 8689 3511
f 3511 3507 1046
f 1047 3511 1046
f 992 3509 3388
f 3493 1047 3509
f 3509 1046 11
f 2875 8692 3514
f 2875 8690 8692
f 8692 3512 8691
f 8691 8693 8694
f 8694 1050 3513
f 5 8694 3450
f 3450 3513 1017
f 810 8697 8690
f 810 8695 8697
f 8697 3517 8696
f 8690 8696 3512
f 2873 8700 8695
f 7756 8698 8700
f 8700 3515 8699
f 8695 8699 3517
f 3517 8704 8703
f 8699 8701 8704
f 8704 1048 8702
f 8703 8702 3516
f 3512 8706 8693
f 8696 8703 8706
f 8706 3516 8705
f 8693 8705 1050
f 1050 8710 8709
f 8705 8707 8710
f 8710 3521 8708
f 8709 8708 3520
f 3516 8712 8707
f 8702 8711 8712
f 8712 3518 3521
f 3521 284 3519
f 3520 8708 8713
f 8713 8708 1049
f 1017 8716 8620
f 1017 8714 8716
f 8716 3523 8715
f 8620 8715 3452
f 3513 8718 8714
f 3513 8709 8718
f 8718 3520 8717
f 8714 8717 3523
f 3523 8721 8720
f 8717 8713 8721
f 8721 1049 8719
f 8720 8719 3522
f 3452 8723 8623
f 8715 8720 8723
f 8723 3522 8722
f 8623 8722 273
f 214 8726 8698
f 7753 8724 8726
f 8726 3526 8725
f 8698 8725 3515
f 2867 8729 8724
f 7750 8727 8729
f 8729 3524 8728
f 8724 8728 3526
f 3526 8733 8732
f 8728 8730 8733
f 8733 1053 8731
f 8732 8731 3525
f 3515 8735 8701
f 8725 8732 8735
f 8735 3525 8734
f 8701 8734 1048
f 807 7743 8727
f 7743 3528 8736
f 8727 8736 3524
f 3528 1051 3527
f 3524 8738 8730
f 8736 3527 8738
f 8738 3527 8737
f 8730 8737 1053
f 1053 8739 8740
f 8737 3532 8739
f 8740 8739 3531
f 3527 3529 3532
f 3532 282 3530
f 3531 8743 8742
f 8743 3530 8741
f 8742 8741 1052
f 1048 8746 8711
f 8734 8744 8746
f 8746 3534 8745
f 8711 8745 3518
f 3525 8748 8744
f 8731 8740 8748
f 8748 3531 8747
f 8744 8747 3534
f 3534 8751 8750
f 8747 8742 8751
f 8751 1052 8749
f 8750 8749 3533
f 3518 8753 284
f 8745 8750 8753
f 8753 3533 8752
f 284 8756 3537
f 8752 8754 8756
f 8756 3538 8755
f 3533 8759 8754
f 8749 8757 8759
f 8759 3535 8758
f 8754 8758 3538
f 3538 8763 8762
f 8758 8760 8763
f 8763 1057 8761
f 8762 8761 3536
f 3537 8765 1056
f 8755 8762 8765
f 8765 3536 8764
f 1052 8768 8757
f 8741 8766 8768
f 8768 3541 8767
f 8757 8767 3535
f 3530 3539 8766
f 8766 3539 8769
f 8766 8769 3541
f 3541 8773 8772
f 8769 8770 8773
f 8773 1054 8771
f 8772 8771 3540
f 3535 8775 8760
f 8767 8772 8775
f 8775 3540 8774
f 8760 8774 1057
f 1057 8779 8778
f 8774 8776 8779
f 8779 3545 8777
f 8778 8777 3544
f 3540 8782 8776
f 8771 8780 8782
f 8782 3542 8781
f 8776 8781 3545
f 3545 8784 8785
f 8781 8783 8784
f 8785 8784 3543
f 3544 8788 8787
f 8777 8785 8788
f 8788 3543 8786
f 8787 8786 1055
f 8764 8789 8791
f 8791 3548 8790
f 8791 8790 3547
f 3536 8793 8789
f 8761 8778 8793
f 8793 3544 8792
f 8789 8792 3548
f 3548 8796 8795
f 8792 8787 8796
f 8796 1055 8794
f 8795 8794 3546
f 8790 8795 8798
f 8798 3546 8797
f 8798 8797 283
f 273 8801 8646
f 8722 8799 8801
f 8801 3551 8800
f 8646 8800 3462
f 3522 8804 8799
f 8719 8802 8804
f 8804 3549 8803
f 8799 8803 3551
f 3551 8807 8806
f 8803 3549 8807
f 8807 1059 8805
f 8806 8805 3550
f 3462 8809 8649
f 8800 8806 8809
f 8809 3550 8808
f 8649 8808 1020
f 8708 3519 1049
f 1049 3552 8810
f 8802 8810 3549
f 3519 3537 3552
f 3537 1056 8811
f 3549 8810 1059
f 3552 3547 8812
f 8811 8791 3547
f 8812 3547 3554
f 3547 8798 3553
f 3554 8813 8814
f 8814 8813 1058
f 1020 8817 8657
f 8808 8815 8817
f 8817 3556 8816
f 8657 8816 3465
f 3550 1059 8815
f 1059 3554 8814
f 8815 8814 3556
f 3556 1058 8818
f 8818 1058 3555
f 8816 8818 8659
f 8659 3555 72
f 56 8819 2864
f 2834 8820 8819
f 7654 799 8820
f 8820 1062 3557
f 3557 1062 3561
f 3557 3561 1051
f 8819 3557 1051
f 799 3558 1062
f 2831 211 3558
f 3558 1060 1062
f 1062 1060 3560
f 3560 3559 1061
f 1051 3561 3529
f 3561 3560 3529
f 3529 1061 3566
f 3562 1065 3563
f 211 3563 1060
f 796 3564 3562
f 1063 1095 285
f 3565 285 1064
f 3563 3565 3559
f 3559 1064 287
f 1064 1068 287
f 285 1066 1064
f 1064 1066 1068
f 1068 75 1067
f 287 1067 286
f 282 3567 8821
f 3539 8821 8770
f 8821 3567 8822
f 8770 8822 1054
f 3559 287 1061
f 1061 287 1070
f 1070 286 3568
f 3569 3568 1069
f 1054 8824 8780
f 8822 3571 8824
f 8824 3571 8823
f 8780 8823 3542
f 3567 3569 3571
f 3567 1070 3569
f 3571 1069 3570
f 3542 8825 8783
f 8823 3570 8825
f 8825 3570 8783
f 77 8829 8828
f 8783 8826 8829
f 8829 3575 8827
f 8828 8827 3574
f 3570 8830 8826
f 3570 1069 8830
f 8830 3572 3575
f 3575 8831 8832
f 8832 1074 3573
f 3574 8835 8834
f 8827 8832 8835
f 8835 3573 8833
f 8834 8833 1073
f 3568 286 3572
f 286 3576 8836
f 286 8836 3578
f 8836 1071 3577
f 3572 3578 8831
f 3578 3577 8837
f 8831 8837 1074
f 8837 8838 8840
f 8840 3582 8839
f 1074 8839 3581
f 3577 8843 8838
f 3577 8841 8843
f 8843 3579 8842
f 8838 8842 3582
f 3582 8847 8846
f 8842 8844 8847
f 8847 291 8845
f 8846 8845 3580
f 3581 8850 8849
f 8839 8846 8850
f 8850 3580 8848
f 8849 8848 1072
f 1073 8854 8853
f 8833 8851 8854
f 8854 3585 8852
f 8853 8852 3584
f 3573 8856 8851
f 3573 1074 8856
f 8856 3581 8855
f 8851 8855 3585
f 3585 8859 8858
f 8855 8849 8859
f 8859 1072 8857
f 8858 8857 3583
f 3584 8862 8861
f 8852 8858 8862
f 8862 3583 8860
f 8861 8860 290
f 3576 1077 3586
f 3576 3586 8836
f 8836 3586 1071
f 1067 3587 1077
f 3587 1075 1077
f 1077 3589 3586
f 1077 1075 3589
f 3589 288 3588
f 3588 8863 1076
f 8841 3591 3579
f 3586 3588 8864
f 3579 8865 8844
f 3591 8864 8865
f 8844 3590 291
f 3590 8866 291
f 291 3595 8867
f 8868 8867 3594
f 3590 8870 8866
f 8864 1076 8870
f 8870 3592 8869
f 8866 8869 3595
f 3595 8874 8873
f 8869 8871 8874
f 8874 1081 8872
f 8873 8872 3593
f 3594 8877 8876
f 8867 8873 8877
f 8877 3593 8875
f 8876 8875 1080
f 8863 3598 8878
f 1076 8878 3592
f 3588 288 8863
f 8863 3596 3598
f 8879 1078 3597
f 3592 8881 8871
f 8878 8879 8881
f 8881 3597 8880
f 8871 8880 1081
f 1081 8885 8884
f 8880 8882 8885
f 8885 3602 8883
f 8884 8883 3601
f 3597 8888 8882
f 1078 8886 8888
f 8888 3599 8887
f 8882 8887 3602
f 3602 8892 8891
f 8887 8889 8892
f 8892 13 8890
f 8891 8890 3600
f 3601 8895 8894
f 8883 8891 8895
f 8895 3600 8893
f 8894 8893 1079
f 1080 8899 8898
f 8875 8896 8899
f 8899 3605 8897
f 8898 8897 3604
f 3593 8901 8896
f 8872 8884 8901
f 8901 3601 8900
f 8896 8900 3605
f 3605 8904 8903
f 8900 8894 8904
f 8904 1079 8902
f 8903 8902 3603
f 3604 8907 8906
f 8897 8903 8907
f 8907 3603 8905
f 8906 8905 289
f 290 8911 8910
f 8860 8908 8911
f 8911 3609 8909
f 8910 8909 3608
f 3583 8914 8908
f 8857 8912 8914
f 8914 3606 8913
f 8908 8913 3609
f 3609 8918 8917
f 8913 8915 8918
f 8918 1084 8916
f 8917 8916 3607
f 3608 8921 8920
f 8909 8917 8921
f 8921 3607 8919
f 8920 8919 1083
f 1072 8924 8912
f 8848 8922 8924
f 8924 3611 8923
f 8912 8923 3606
f 3580 8926 8922
f 8845 8868 8926
f 8926 3594 8925
f 8922 8925 3611
f 3611 8929 8928
f 8925 8876 8929
f 8929 1080 8927
f 8928 8927 3610
f 3606 8931 8915
f 8923 8928 8931
f 8931 3610 8930
f 8915 8930 1084
f 1084 8935 8934
f 8930 8932 8935
f 8935 3614 8933
f 8934 8933 3613
f 3610 8937 8932
f 8927 8898 8937
f 8937 3604 8936
f 8932 8936 3614
f 3614 8940 8939
f 8936 8906 8940
f 8940 289 8938
f 8939 8938 3612
f 3613 8943 8942
f 8933 8939 8943
f 8943 3612 8941
f 8942 8941 1082
f 1083 8947 8946
f 8919 8944 8947
f 8947 3617 8945
f 8946 8945 3616
f 3607 8949 8944
f 8916 8934 8949
f 8949 3613 8948
f 8944 8948 3617
f 3617 8952 8951
f 8948 8942 8952
f 8952 1082 8950
f 8951 8950 3615
f 3616 8955 8954
f 8945 8951 8955
f 8955 3615 8953
f 8954 8953 76
f 3481 1087 3618
f 3481 3618 1029
f 1058 3621 3555
f 3553 8957 3621
f 3553 8956 8957
f 3621 8957 3620
f 3621 3620 1087
f 1087 3620 8958
f 1087 8958 3618
f 1085 8959 8961
f 8961 3622 8960
f 3620 8960 3623
f 8960 8962 293
f 3623 293 1086
f 8958 3623 1086
f 1029 3618 3624
f 283 8965 8956
f 8797 8963 8965
f 8965 3627 8964
f 8956 8964 3619
f 3546 8968 8963
f 8794 8966 8968
f 8968 3625 8967
f 8963 8967 3627
f 3627 8972 8971
f 8967 8969 8972
f 8972 1089 8970
f 8971 8970 3626
f 8964 8971 3619
f 3619 3626 8973
f 3619 8973 1085
f 1055 8976 8966
f 8786 8974 8976
f 8976 3629 8975
f 8966 8975 3625
f 3543 8978 8974
f 8784 8828 8978
f 8978 3574 8977
f 8974 8977 3629
f 3629 8981 8980
f 8977 8834 8981
f 8981 1073 8979
f 8980 8979 3628
f 3625 8983 8969
f 8975 8980 8983
f 8983 3628 8982
f 8969 8982 1089
f 1089 8987 8986
f 8982 8984 8987
f 8987 3632 8985
f 8986 8985 3631
f 3628 8989 8984
f 8979 8853 8989
f 8989 3584 8988
f 8984 8988 3632
f 3632 8992 8991
f 8988 8861 8992
f 8992 290 8990
f 8991 8990 3630
f 3631 8995 8994
f 8985 8991 8995
f 8995 3630 8993
f 8994 8993 1088
f 1085 8998 8959
f 8973 8996 8998
f 8998 3634 8997
f 8959 8997 3622
f 3626 9000 8996
f 8970 8986 9000
f 9000 3631 8999
f 8996 8999 3634
f 3634 1088 9001
f 8999 8994 1088
f 3622 9003 8962
f 8997 9001 9003
f 9003 3633 9002
f 8962 9002 293
f 9002 3635 3637
f 3637 9004 3636
f 3637 3636 1091
f 3630 9006 8993
f 8990 8910 9006
f 9006 3608 9005
f 8993 9005 3639
f 3639 9009 9008
f 9005 8920 9009
f 9009 1083 9007
f 9008 9007 3638
f 3635 9008 9004
f 9008 3638 9010
f 9004 9010 1092
f 9010 3642 9012
f 1092 9012 3641
f 3638 9014 9011
f 9007 8946 9014
f 9014 3616 9013
f 9011 9013 3642
f 3642 9017 9016
f 9013 8954 9017
f 9017 76 9015
f 9016 9015 3640
f 3641 9020 9019
f 9012 9016 9020
f 9020 3640 9018
f 9019 9018 1090
f 1092 3641 9021
f 3636 9021 3645
f 9021 9019 9023
f 9023 1090 9022
f 3645 9022 3643
f 3644 3645 292
f 276 3646 3647
f 276 3647 12
f 1086 3649 3646
f 293 3637 3649
f 3649 3637 1091
f 3646 1091 3648
f 3648 292 1093
f 1093 292 3650
f 3647 1093 3651
f 6 2983 1063
f 2983 1094 1063
f 226 1097 1094
f 850 3652 226
f 226 3652 1097
f 1097 294 1096
f 1094 1096 296
f 1099 3653 1098
f 296 1098 295
f 1066 1100 75
f 59 1102 3652
f 59 843 1102
f 294 299 1101
f 294 1101 1096
f 1102 3654 299
f 299 3655 1106
f 3655 1104 1105
f 1096 1101 80
f 1101 1107 80
f 1101 1106 1107
f 80 3656 3653
f 3653 3656 302
f 1107 3657 3656
f 1106 298 3657
f 3657 303 1109
f 3656 1109 9024
f 1105 1110 1112
f 3660 1110 3659
f 1112 3659 1111
f 298 1112 303
f 303 1112 1111
f 300 1113 3662
f 1111 3659 1116
f 3662 1113 1114
f 3661 3663 301
f 9024 1118 9025
f 9024 1108 1118
f 1109 3661 3664
f 3664 3665 3666
f 3666 3665 1117
f 3658 9025 3668
f 3668 9025 3667
f 3668 3667 79
f 1100 3672 1119
f 1100 1119 3671
f 75 3671 3670
f 3669 305 1124
f 3671 1124 3670
f 1075 3670 1120
f 1075 1120 3589
f 295 1122 3672
f 3653 302 3674
f 1122 3673 1121
f 1119 3675 3669
f 1122 1121 3675
f 3673 3674 1121
f 1121 3676 9026
f 3674 3668 9027
f 1121 9026 1123
f 1124 3678 3677
f 1124 3677 304
f 305 3675 3678
f 3675 1121 3678
f 288 1120 3596
f 1120 1126 3596
f 3596 1126 3679
f 3596 3679 1078
f 3670 1124 1120
f 1120 1124 3680
f 1120 3680 1126
f 1126 3681 3682
f 3680 304 3681
f 3682 9029 1125
f 1078 9030 8886
f 9030 3684 9031
f 8886 9031 3599
f 9030 3682 3684
f 3682 1125 3684
f 3684 1125 9032
f 3599 9034 8889
f 9031 9032 9034
f 9034 3683 9033
f 8889 9033 13
f 7 238 1103
f 238 1127 308
f 238 308 1103
f 1103 308 297
f 1127 306 1128
f 1128 306 1129
f 1130 1129 3685
f 1130 3685 307
f 297 1132 1104
f 297 1130 1132
f 308 1128 1130
f 1132 307 1131
f 1104 1131 78
f 889 3070 62
f 3070 1133 1135
f 3064 886 235
f 235 886 1133
f 886 1136 1133
f 1136 3686 309
f 1133 1139 311
f 309 3687 1139
f 1139 1137 3690
f 1137 3688 9035
f 1137 9035 3691
f 9035 9036 9038
f 9038 81 9037
f 3691 9037 3689
f 3690 3689 1138
f 311 310 1141
f 1134 83 306
f 1135 311 1141
f 1141 310 1142
f 1134 1141 83
f 83 1144 1157
f 1140 1142 3692
f 1142 315 3692
f 1144 1140 1152
f 1140 3692 1143
f 310 1146 1142
f 9037 9039 3693
f 1138 1145 1146
f 1138 3689 1145
f 1146 312 1142
f 1142 312 315
f 315 3694 1149
f 3694 1150 3695
f 1149 3695 9041
f 3694 3696 1150
f 1150 9042 9043
f 9043 9042 3698
f 3696 15 3697
f 3698 9042 1148
f 1149 9041 3700
f 3695 9045 9041
f 1150 9043 9045
f 9045 3698 9044
f 9041 9044 3701
f 9044 1148 3701
f 3701 1148 3699
f 313 3699 4388
f 1143 3702 1152
f 1143 3692 3702
f 315 1149 3692
f 3692 1149 3702
f 78 3703 1110
f 1131 1155 3703
f 1155 1154 3703
f 1155 1153 1154
f 3703 1154 3704
f 1110 3703 300
f 1157 314 3705
f 3705 314 1156
f 3685 1157 3705
f 3685 3705 1153
f 314 1152 1156
f 1156 1152 1158
f 317 1158 3706
f 1159 3706 316
f 300 3704 1113
f 1154 317 1159
f 1154 1159 3707
f 3707 1441 1160
f 3704 1161 14
f 8 1164 3686
f 1164 1162 1163
f 1162 9046 320
f 3686 1163 309
f 3227 1167 3710
f 250 3710 1162
f 8212 9047 9048
f 9048 3713 3709
f 3224 9051 9047
f 8209 9049 9051
f 9051 3711 9050
f 9047 9050 3713
f 3713 9055 9054
f 9050 9052 9055
f 9055 1165 9053
f 9054 9053 3712
f 3709 3712 9056
f 1167 9060 9059
f 9056 9057 9060
f 9060 3717 9058
f 9059 9058 3716
f 3712 9063 9057
f 9053 9061 9063
f 9063 3714 9062
f 9057 9062 3717
f 3717 9067 9066
f 9062 9064 9067
f 9067 318 9065
f 9066 9065 3715
f 3716 9070 9069
f 9058 9066 9070
f 9070 3715 9068
f 9069 9068 1166
f 3710 9059 9071
f 9071 3716 9072
f 9071 9072 3719
f 9072 9069 9073
f 9073 1166 3718
f 9046 3718 320
f 320 1170 3720
f 9068 9075 9074
f 9074 3721 1170
f 9065 318 9075
f 9075 86 3721
f 1170 86 3720
f 1169 1168 319
f 3687 1172 3722
f 1163 1169 3687
f 1163 3720 1169
f 3687 3725 1172
f 1172 3725 3724
f 3725 319 9076
f 9076 319 3723
f 3724 9079 9078
f 9079 3723 9077
f 9078 9077 1171
f 3722 3727 3688
f 1172 3724 9080
f 3722 9080 3727
f 3727 9083 9082
f 9080 9078 9083
f 9083 1171 9081
f 9082 9081 3726
f 3688 9085 9036
f 3727 9082 9085
f 9085 3726 9084
f 9036 9084 81
f 65 9086 9049
f 9049 3729 3711
f 3201 931 1175
f 3201 1175 3729
f 3729 1175 3728
f 3711 3728 9052
f 9052 3728 1165
f 3192 247 3730
f 931 1173 1175
f 1175 1173 3732
f 9087 3731 3732
f 1165 9088 9061
f 9061 9088 3714
f 3728 1175 3734
f 1175 1174 3734
f 3734 1174 3733
f 9088 3734 9064
f 9064 3733 318
f 3193 928 247
f 247 1178 3735
f 247 3735 3730
f 3730 9089 1173
f 9090 1176 3737
f 928 9091 1178
f 3738 9090 9091
f 9091 3742 9093
f 9093 3742 9092
f 9093 9092 3741
f 3737 3739 3742
f 3737 9094 3739
f 3741 9092 9095
f 9095 3740 1177
f 1173 9089 9087
f 9089 3744 3731
f 1178 9093 3735
f 3735 3741 9096
f 3744 9095 3743
f 3731 9097 3732
f 3731 3743 9097
f 3732 9097 323
f 9097 9098 9099
f 323 3748 3747
f 3743 1177 9098
f 1177 3745 9098
f 3748 1182 9101
f 9098 3749 1182
f 9101 9100 3746
f 9101 3746 9102
f 3747 9102 1181
f 3740 3750 3745
f 3740 321 3750
f 3749 9103 1182
f 3749 1179 9103
f 1179 3751 9103
f 3746 9103 1180
f 1181 9102 1180
f 9100 9103 3746
f 318 3733 86
f 3732 3747 1174
f 3733 1174 1183
f 1183 3752 1186
f 3752 1184 327
f 322 3753 1184
f 322 3754 3756
f 9104 1188 3755
f 3753 3755 1190
f 3755 9105 1190
f 3755 1188 9105
f 1190 9105 324
f 9105 9106 324
f 1190 1189 327
f 1189 3758 1193
f 3758 1191 1193
f 1191 16 1192
f 326 1195 3759
f 327 1193 1195
f 3759 1195 85
f 81 9109 9039
f 9084 9107 9109
f 9109 3762 9108
f 9039 9108 3693
f 3726 9112 9107
f 9081 9110 9112
f 9112 3760 9111
f 9107 9111 3762
f 3762 9116 9115
f 9111 9113 9116
f 9116 1198 9114
f 9115 9114 3761
f 3693 9117 9040
f 9108 9115 9117
f 9117 3761 9040
f 1171 9119 9110
f 9077 3723 9119
f 9119 3764 9118
f 9110 9118 3760
f 3723 1196 3764
f 3764 1196 3763
f 3760 9121 9113
f 9118 3763 9121
f 9121 3763 9120
f 9113 9120 1198
f 1198 9125 9124
f 9120 9122 9125
f 9125 3767 9123
f 9124 9123 3766
f 3763 3765 9126
f 9122 9126 3767
f 3767 9126 9127
f 3766 9130 9129
f 9123 9127 9130
f 9130 329 9128
f 9129 9128 1197
f 9040 3769 1145
f 3761 9132 3769
f 9114 9124 9132
f 9132 3766 9131
f 9131 9129 9133
f 1145 3768 312
f 86 1186 1168
f 1168 1186 1200
f 3765 1200 1199
f 329 3765 1199
f 1200 326 1194
f 1194 3759 85
f 1199 1201 1203
f 9133 3771 3768
f 3768 1203 1202
f 9128 3772 3771
f 329 1199 3772
f 1147 1202 15
f 9 3774 3736
f 3309 961 8381
f 8381 1206 3774
f 3736 3773 1176
f 961 3777 1206
f 3307 3775 3777
f 3777 3776 1206
f 3776 9134 3779
f 9134 3778 3780
f 3779 3780 1205
f 1176 9135 9094
f 9094 9135 3739
f 3774 3779 3773
f 3773 3779 3782
f 3782 1205 3781
f 3739 3781 321
f 9135 3782 3781
f 255 3784 3775
f 3784 9137 1204
f 9137 1209 1204
f 9136 3787 3783
f 3299 9138 9136
f 9136 3785 3787
f 3787 9139 3786
f 3783 3786 9137
f 9137 9140 9141
f 1209 9141 3790
f 3786 9142 9140
f 9140 3788 9143
f 9140 9143 3791
f 9141 3791 9144
f 9144 3789 1208
f 1204 3778 9134
f 1204 3790 3778
f 1204 1209 3790
f 3790 9144 3792
f 3778 3792 3780
f 332 3792 3793
f 3792 1208 9145
f 3793 9145 1212
f 3789 3794 1208
f 1208 3794 1213
f 3794 1210 3795
f 1213 3795 3797
f 9147 89 9148
f 3797 9148 3796
f 1213 3797 1211
f 1213 1211 3799
f 3799 1211 3798
f 3799 3798 331
f 3781 1215 321
f 321 1215 3800
f 3750 3800 1179
f 332 3793 3781
f 3781 1212 1215
f 3800 3799 1214
f 3800 1214 3751
f 1179 3800 3751
f 9103 3751 84
f 67 9151 9138
f 8312 9149 9151
f 9151 3803 9150
f 9138 9150 3785
f 3269 9153 9149
f 8310 3801 9153
f 9153 3801 9152
f 9149 9152 3803
f 3803 9156 9155
f 9152 9154 9156
f 9156 1218 3802
f 3785 9158 9139
f 9150 9155 9158
f 9158 3802 9157
f 9139 9157 1207
f 950 9159 3801
f 8304 3806 9159
f 3266 9162 3806
f 8301 9160 9162
f 9162 3804 9161
f 3806 9161 3805
f 9161 1216 3805
f 3801 3805 9154
f 9154 3805 1218
f 3805 3809 1218
f 3805 1216 3809
f 3809 3807 9164
f 9164 335 3808
f 1218 9164 1217
f 1207 9157 9142
f 9157 3811 3788
f 9157 3802 3811
f 3811 1217 3810
f 3788 3811 330
f 3811 3810 9146
f 253 9167 9160
f 8276 9165 9167
f 9167 3814 9166
f 9160 9166 3804
f 3258 9170 9165
f 8275 9168 9170
f 9170 3812 9169
f 9165 9169 3814
f 3814 9174 9173
f 9169 9171 9174
f 9174 1221 9172
f 9173 9172 3813
f 3804 9176 9163
f 9166 9173 9176
f 9176 3813 9175
f 9163 9175 1216
f 948 9179 9168
f 8271 9177 9179
f 9179 3817 9178
f 9168 9178 3812
f 3256 9182 9177
f 8268 9180 9182
f 9182 3815 9181
f 9177 9181 3817
f 3817 9186 9185
f 9181 9183 9186
f 9186 1219 9184
f 9185 9184 3816
f 3812 9188 9171
f 9178 9185 9188
f 9188 3816 9187
f 9171 9187 1221
f 1221 9192 9191
f 9187 9189 9192
f 9192 3821 9190
f 9191 9190 3820
f 3816 9195 9189
f 9184 9193 9195
f 9195 3818 9194
f 9189 9194 3821
f 3821 9194 9196
f 9196 333 3819
f 3820 9199 9198
f 9190 9196 9199
f 9199 3819 9197
f 9198 9197 1220
f 9172 9191 9200
f 9200 3820 9198
f 9200 9198 3807
f 3807 9198 9202
f 9198 1220 9201
f 9202 9201 3822
f 9202 3822 335
f 335 3822 3825
f 9201 3823 3822
f 3825 9206 9205
f 3822 9203 9206
f 9206 1225 9204
f 9205 9204 3824
f 9205 3824 1224
f 1220 9209 9201
f 9197 9207 9209
f 9209 3828 9208
f 9201 9208 3823
f 3819 9212 9207
f 333 9210 9212
f 9212 3826 9211
f 9207 9211 3828
f 3828 9216 9215
f 9211 9213 9216
f 9216 1222 9214
f 9215 9214 3827
f 3823 9218 9203
f 9208 9215 9218
f 9218 3827 9217
f 9203 9217 1225
f 1225 9222 9221
f 9217 9219 9222
f 9222 3832 9220
f 9221 9220 3831
f 3827 9225 9219
f 9214 9223 9225
f 9225 3829 9224
f 9219 9224 3832
f 3832 9229 9228
f 9224 9226 9229
f 9229 87 9227
f 9228 9227 3830
f 3831 9231 9230
f 9220 9228 9231
f 9230 3830 1223
f 1224 3824 9232
f 9204 9221 9234
f 9234 3831 9233
f 3824 9233 3834
f 3834 1223 3833
f 9232 3834 334
f 1217 9235 3835
f 3810 3835 3836
f 9146 3836 3794
f 3794 3836 1210
f 1217 3808 9235
f 335 3825 3808
f 3808 9205 9236
f 9235 9236 1227
f 1227 334 3838
f 3838 334 9237
f 3838 9237 9239
f 9237 3837 9238
f 9239 9238 1226
f 1210 3840 3795
f 3836 1227 3840
f 3840 9239 9241
f 9239 1226 9240
f 9241 9240 3839
f 3795 9241 9147
f 9147 3839 89
f 3839 9242 9244
f 9244 3844 9243
f 9244 9243 3843
f 3839 9247 9242
f 9240 9245 9247
f 9247 3841 9246
f 9242 9246 3844
f 3844 9251 9250
f 9246 9248 9251
f 9251 1231 9249
f 9250 9249 3842
f 3843 9253 9252
f 9243 9250 9253
f 9252 3842 1230
f 1226 9256 9245
f 9238 9254 9256
f 9256 3847 9255
f 9245 9255 3841
f 3837 9258 9254
f 3837 3845 9258
f 9258 3845 9257
f 9254 9257 3847
f 3847 9257 9260
f 9257 1228 9259
f 9260 9259 3846
f 3841 9262 9248
f 9255 9260 9262
f 9262 3846 9261
f 9248 9261 1231
f 1231 9266 9265
f 9261 9263 9266
f 9266 3850 9264
f 9265 9264 3849
f 3846 9259 9263
f 9259 1228 339
f 9263 339 3850
f 3850 339 9267
f 9267 3865 3848
f 3849 9269 9268
f 9264 9267 9269
f 9268 3848 1229
f 1230 9273 9272
f 3842 9270 9273
f 9273 3853 9271
f 9272 9271 3852
f 3842 9275 9270
f 9249 9265 9275
f 9275 3849 9274
f 9270 9274 3853
f 3853 9278 9277
f 9274 9268 9278
f 9278 1229 9276
f 9277 9276 3851
f 3852 9281 9280
f 9271 9277 9281
f 9281 3851 9279
f 9280 9279 338
f 334 3833 3845
f 3833 3854 3845
f 3854 1234 3855
f 3845 3855 1228
f 3830 3857 9282
f 1223 9282 3854
f 9227 9283 3857
f 3857 1232 3856
f 9282 3856 9284
f 3854 9284 1234
f 1234 3861 3860
f 3856 3858 9284
f 3856 9285 3858
f 3861 336 3859
f 3860 3859 1233
f 3863 1233 3862
f 1228 3863 339
f 1233 3864 9288
f 3862 9288 1237
f 1233 9287 3864
f 3859 336 3866
f 3864 3867 9288
f 9288 3867 1238
f 1238 3871 3870
f 3867 1235 1238
f 1235 3868 3871
f 3871 9289 9291
f 9289 17 9290
f 9291 9290 3869
f 3870 9291 1236
f 9291 3869 1236
f 9288 1238 1237
f 3870 1236 337
f 337 1236 3872
f 337 3872 9292
f 338 9296 9295
f 9279 9293 9296
f 9296 3876 9294
f 9295 9294 3875
f 3851 3873 9293
f 9276 9297 3873
f 9298 3876 3874
f 3875 9300 1240
f 9294 9298 9300
f 9300 3874 9299
f 3848 3878 9297
f 9297 3878 9301
f 9297 9301 3873
f 3848 3865 3878
f 3878 3865 1241
f 3865 1237 3877
f 3877 337 3880
f 3880 337 3879
f 3880 3879 1239
f 1240 9302 3881
f 9302 1239 3881
f 3874 3880 9302
f 9302 3880 1239
f 3881 1239 3904
f 3904 1239 88
f 3751 3882 84
f 84 3882 3754
f 3754 3883 9104
f 9104 3883 1188
f 1214 331 1242
f 1242 3884 3886
f 3886 341 3885
f 1242 3886 3888
f 3886 3885 3908
f 3888 3908 1243
f 3883 3888 9303
f 1188 9303 3757
f 3883 1242 3888
f 3888 1243 9304
f 9303 9304 3887
f 331 3798 3889
f 3889 1245 3890
f 331 3890 1242
f 3796 9306 9305
f 3796 9308 9306
f 9148 9244 9308
f 9308 3843 9307
f 9306 9307 3892
f 3892 9252 9310
f 9252 1230 9309
f 9310 9309 3891
f 9305 9310 9311
f 3889 9311 1245
f 9311 9312 9314
f 9314 3895 9313
f 1245 9313 3894
f 3891 9316 9312
f 9309 9272 9316
f 9316 3852 9315
f 9312 9315 3895
f 3895 9319 9318
f 9315 9280 9319
f 9319 338 9317
f 9318 9317 3893
f 3894 9322 9321
f 9313 9318 9322
f 9322 3893 9320
f 9321 9320 1244
f 1242 3890 3884
f 3890 3897 3884
f 3890 3894 3897
f 3894 9321 9323
f 9323 1244 3896
f 3884 9323 341
f 9323 3896 341
f 341 9324 3885
f 3896 9327 9324
f 3896 9325 9327
f 9327 3898 9326
f 9324 9326 3899
f 9326 3898 9328
f 3899 9328 9329
f 9329 1247 1246
f 1244 9331 9325
f 9320 9330 9331
f 9325 3901 3898
f 3893 9332 9330
f 9317 9295 9332
f 9330 9332 3901
f 9332 1240 3900
f 3898 3900 9333
f 3898 9333 1247
f 1247 3904 3903
f 3900 3881 9333
f 9333 3881 3904
f 3903 3902 340
f 1246 3906 3905
f 9106 3887 3758
f 9304 1243 3887
f 3887 1243 3907
f 3908 1246 1249
f 1243 3908 1249
f 1249 3905 1248
f 3905 340 3909
f 3907 1249 1191
f 1191 1248 16
f 10 9336 9180
f 8382 9334 9336
f 9336 3913 9335
f 9180 9335 3815
f 3310 9338 9334
f 9334 9337 3913
f 3913 9342 9341
f 9337 9339 9342
f 9342 1251 9340
f 9341 9340 3912
f 3815 9344 9183
f 9335 9341 9344
f 9344 3912 9343
f 9183 9343 1219
f 3911 9346 9339
f 9346 3914 9345
f 9339 9345 1251
f 1251 9350 9349
f 9345 9347 9350
f 9350 3918 9348
f 9349 9348 3917
f 3914 9352 9347
f 9352 3915 9351
f 9347 9351 3918
f 3918 9355 9354
f 9351 9353 9355
f 9354 344 3916
f 9348 9354 1250
f 1219 9357 9193
f 9343 9356 9357
f 9193 3920 3818
f 3912 9358 9356
f 9340 9349 9358
f 9356 3917 3920
f 3917 1250 3920
f 3920 1250 3919
f 9362 3924 9360
f 9361 9360 3923
f 9359 9363 3924
f 3924 9367 9366
f 9363 9364 9367
f 9367 342 9365
f 9366 9365 3922
f 3923 9370 9369
f 9360 9366 9370
f 9370 3922 9368
f 9369 9368 1252
f 9373 3923 9372
f 3926 9376 9375
f 9372 9369 9376
f 9376 1252 9374
f 9375 9374 3925
f 3915 9378 9353
f 9371 9375 9378
f 9378 3925 9377
f 9353 9377 344
f 9377 9379 9380
f 9380 3930 3929
f 3925 9381 9379
f 9381 3927 9382
f 9379 9382 3930
f 9382 9383 9385
f 9385 1256 9384
f 3930 9384 3928
f 3929 3928 1255
f 1252 9388 9381
f 9368 9387 9388
f 9388 3933 3927
f 3922 9391 9387
f 9365 9389 9391
f 9391 3931 9390
f 9387 9390 3933
f 3933 9395 9394
f 9390 9392 9395
f 9395 1253 9393
f 9394 9393 3932
f 3927 9397 9383
f 3927 9394 9397
f 9397 3932 9396
f 9383 9396 1256
f 1256 9401 9400
f 9396 9398 9401
f 9401 3937 9399
f 9400 9399 3936
f 3932 9404 9398
f 9393 9402 9404
f 9404 3934 9403
f 9398 9403 3937
f 3937 91 9405
f 9403 3955 91
f 9405 91 3935
f 3936 9408 9407
f 9399 9405 9408
f 9408 3935 9406
f 9407 9406 1254
f 1255 9409 3939
f 9409 3940 3939
f 9384 9400 3928
f 3928 3936 9410
f 9409 9410 3940
f 3940 9413 9412
f 9410 9407 9413
f 9413 1254 9411
f 9412 9411 3938
f 3939 9412 9415
f 9412 3938 9414
f 9415 9414 343
f 9210 3943 3826
f 3919 3941 3943
f 3943 1258 3942
f 3826 9417 9213
f 3826 3943 9417
f 9417 3942 9416
f 9213 9416 1222
f 1250 3944 3941
f 1250 3916 3944
f 344 9380 3916
f 3941 3944 1258
f 9386 3939 9415
f 3944 9415 3945
f 3946 1258 1257
f 1258 3945 1257
f 1222 9419 9223
f 9416 3946 9419
f 9419 3948 9418
f 9223 9418 3829
f 3942 9420 3946
f 3942 1258 9420
f 3946 1257 3948
f 3948 1257 9421
f 9422 9421 3947
f 3829 9424 9226
f 9418 9422 9424
f 9424 3947 9423
f 9226 9423 87
f 3921 9428 9364
f 9425 9426 9428
f 9428 3949 9427
f 9364 9427 342
f 342 9429 9389
f 9429 3951 3931
f 9433 1260 9431
f 9432 9431 3950
f 3931 9435 9392
f 3931 9432 9435
f 9435 3950 9434
f 9392 9434 1253
f 9430 9436 1260
f 1260 9439 9438
f 9439 3954 9437
f 9438 9437 3953
f 9441 9440 3952
f 3953 9444 9443
f 9437 9441 9444
f 9444 3952 9442
f 9443 9442 1259
f 1253 9447 9402
f 9434 9445 9447
f 9447 3956 9446
f 9402 9446 3934
f 3950 9449 9445
f 9431 9438 9449
f 9449 3953 9448
f 9445 9448 3956
f 3956 9451 9450
f 9448 9443 9451
f 9451 1259 9450
f 9446 9450 3955
f 91 1263 3958
f 3955 3957 1263
f 9450 9452 3957
f 9453 1264 1263
f 9442 9455 9452
f 9452 3961 9456
f 9452 9456 3957
f 3952 9459 9455
f 9440 9457 9459
f 9459 3959 9458
f 9455 9458 3961
f 3961 9463 9462
f 9458 9460 9463
f 9463 1261 9461
f 9462 9461 3960
f 9456 9462 9453
f 9453 3960 1264
f 1264 9467 9466
f 1264 9464 9467
f 9467 3965 9465
f 9466 9465 3964
f 3960 9470 9464
f 9461 9468 9470
f 9470 3962 9469
f 9464 9469 3965
f 3965 9474 9473
f 9469 9471 9474
f 9474 348 9472
f 9473 9472 3963
f 3964 9476 9475
f 9465 9473 9476
f 9476 3963 1262
f 1263 9454 3967
f 1263 9478 9454
f 1264 9466 9478
f 9478 3964 9477
f 9454 9477 3968
f 3968 9481 9480
f 9477 9475 9481
f 9481 1262 9479
f 9480 9479 3966
f 3967 9480 347
f 345 9483 9457
f 9457 9482 3959
f 3959 9482 9460
f 9460 3969 1261
f 9471 3970 348
f 348 3970 9484
f 3970 3971 9484
f 9484 3972 9486
f 9486 3972 9485
f 3973 9485 1266
f 9487 3975 1265
f 1266 9491 9490
f 9485 9488 9491
f 9491 3980 9489
f 9490 9489 3979
f 9488 9492 3980
f 3980 9487 9494
f 9487 1265 9493
f 9494 9493 3978
f 9489 9494 9496
f 9496 3978 9495
f 9496 9495 346
f 9497 3984 3983
f 3966 9500 9497
f 9479 9498 9500
f 9500 3981 9499
f 9497 9499 3984
f 9499 9501 3984
f 3984 1269 9502
f 9503 9502 3982
f 3983 9506 9505
f 3983 9503 9506
f 9506 3982 9504
f 9505 9504 1268
f 1262 9509 9498
f 1262 9507 9509
f 9509 3986 9508
f 9498 9508 3981
f 3963 9511 9507
f 9472 9484 9511
f 9511 3973 9510
f 9507 9510 3986
f 3986 9514 9513
f 9510 3973 9514
f 9514 1266 9512
f 9513 9512 3985
f 3981 9516 9501
f 9508 9513 9516
f 9516 3985 9515
f 9501 9515 1269
f 1269 9520 9519
f 9515 9517 9520
f 9520 3989 9518
f 9519 9518 3988
f 3985 9522 9517
f 9512 9490 9522
f 9522 3979 9521
f 9517 9521 3989
f 3989 9521 9523
f 9523 9521 3987
f 3988 9526 9525
f 9518 9523 9526
f 9526 3987 9524
f 9525 9524 1267
f 1268 9530 9529
f 9504 9527 9530
f 9530 3992 9528
f 9529 9528 3991
f 3982 9532 9527
f 9502 9519 9532
f 9532 3988 9531
f 9527 9531 3992
f 3992 9533 3990
f 9531 9525 9533
f 3991 9534 90
f 9528 3990 9534
f 87 9537 9283
f 9423 9535 9537
f 9537 3995 9536
f 9283 9536 1232
f 3947 9539 9535
f 9421 1257 9539
f 9539 3993 9538
f 9535 9538 3995
f 9538 1272 9540
f 9540 1272 3994
f 9536 9540 9541
f 3945 1270 1257
f 1257 1270 3993
f 3993 3996 9542
f 1272 9542 1271
f 3999 350 3998
f 9285 4000 3858
f 3994 1271 9285
f 9285 1271 9543
f 9414 9544 9546
f 9546 4003 9545
f 3938 9549 9544
f 9411 9547 9549
f 9549 4001 9548
f 9544 9548 4003
f 4003 9552 9551
f 9548 9550 9552
f 9552 1274 9551
f 343 9545 4002
f 1254 9555 9547
f 9406 9553 9555
f 9555 4005 9554
f 9547 9554 4001
f 3935 3958 9553
f 9553 3958 4005
f 4005 1263 9556
f 4001 9558 9550
f 9554 9556 9558
f 9558 4004 9557
f 9550 9557 1274
f 1274 9562 9561
f 9557 9559 9562
f 9562 4008 9560
f 9561 9560 4007
f 4004 3967 9559
f 9559 9563 4008
f 4008 4006 9564
f 9563 347 4006
f 9560 9564 9565
f 4007 9565 1273
f 1270 4010 3997
f 4002 9567 4010
f 9551 9561 9567
f 9567 4007 9566
f 9566 4007 4009
f 3997 4009 4013
f 3997 4013 350
f 350 4013 4012
f 4011 1277 9568
f 4011 9568 1276
f 4013 4011 9569
f 1273 4015 4011
f 4006 9497 4015
f 4015 3983 9505
f 4015 9505 4014
f 9505 1268 4014
f 1277 9570 9568
f 9568 9570 4017
f 4014 9572 1277
f 4014 9529 9572
f 9572 3991 9571
f 1277 9571 4018
f 4018 9575 9574
f 9571 90 9575
f 9575 90 9573
f 9574 9573 4016
f 4017 9578 9577
f 9570 9574 9578
f 9578 4016 9576
f 9577 9576 1275
f 1276 4021 9579
f 1276 4017 9580
f 1276 9580 4021
f 4021 9583 9582
f 9580 9577 9583
f 9583 1275 9581
f 9582 9581 4019
f 4020 9586 9585
f 9579 9582 9586
f 9586 4019 9584
f 9585 9584 349
f 9286 9587 9588
f 336 9588 3866
f 9587 4022 4024
f 9588 1279 4023
f 3866 9588 1235
f 1271 4022 9543
f 3998 4012 4022
f 9569 1276 4025
f 4022 9569 4024
f 9569 4025 1279
f 1279 9589 9591
f 9589 4028 9590
f 9591 9590 4027
f 4025 4020 9592
f 9589 9592 4028
f 4028 9595 9594
f 9592 9585 9595
f 9595 349 9593
f 9594 9593 4026
f 4027 9598 9597
f 9590 9594 9598
f 9598 4026 9596
f 9597 9596 1278
f 4023 4030 3868
f 9591 4027 9599
f 4023 9599 4030
f 4030 9602 9601
f 9599 9597 9602
f 9602 1278 9600
f 9601 9600 4029
f 3868 9604 9289
f 3868 9601 9604
f 9604 4029 9603
f 9289 9603 17
f 9606 9605 4031
f 9609 4031 9607
f 9608 9607 1280
f 9613 1280 9611
f 9612 9611 4032
f 9610 9612 18
f 268 9614 4034
f 268 4034 1281
f 1001 4035 4033
f 3407 4035 1001
f 8564 69 4035
f 4035 1282 9614
f 9614 4036 9615
f 9614 9615 1284
f 1284 9615 9618
f 9615 4040 9617
f 9618 9617 4039
f 4036 9619 9616
f 4036 4037 9619
f 9619 4037 4040
f 4040 351 9621
f 4040 9620 351
f 4039 9617 1283
f 9617 4038 9622
f 4034 9618 4041
f 9618 4039 4041
f 4038 4042 4043
f 4043 1285 1283
f 1285 4044 1286
f 1286 4044 4045
f 1286 4045 4046
f 995 1288 9623
f 4035 69 1282
f 69 3392 9624
f 3391 265 4047
f 4047 265 4048
f 265 354 4048
f 1282 9624 4037
f 3392 9623 4049
f 9624 3392 9620
f 9620 4049 351
f 265 3389 1287
f 3387 993 1290
f 3389 1290 1287
f 993 1289 1290
f 4050 4051 1289
f 1289 4051 4052
f 1287 1290 354
f 1290 1289 4053
f 354 4053 1292
f 4053 1293 1292
f 1289 4052 4053
f 4053 4052 1293
f 4052 4054 1293
f 4052 92 4054
f 4054 92 1291
f 1292 1293 4055
f 4049 1295 4057
f 1288 4059 4056
f 4048 354 4059
f 354 1292 4058
f 4058 1292 4060
f 4056 4059 1295
f 4059 4058 9625
f 1295 9625 4061
f 9625 4060 4061
f 4058 4060 9625
f 4061 4060 9626
f 9626 4060 1294
f 1285 4057 4044
f 1295 4061 9626
f 4057 9626 4063
f 4063 1294 4062
f 4057 4063 4044
f 4044 4062 94
f 94 4064 4065
f 4064 4067 9627
f 9627 1299 1298
f 1294 4067 4064
f 4060 353 4067
f 353 4066 4067
f 1296 4068 1299
f 1299 9629 1297
f 1298 4070 4069
f 1298 1299 4070
f 4069 1297 4084
f 4069 4084 357
f 1293 4071 9630
f 4055 9630 4066
f 4066 9630 9631
f 9631 1302 4072
f 9631 4072 9628
f 4066 9628 1296
f 1291 4073 4071
f 4073 1300 4075
f 4075 1300 4074
f 4071 4075 9630
f 4075 4074 1302
f 1302 4074 4076
f 4076 9632 9633
f 9633 355 1301
f 4072 4076 9628
f 4068 9633 9629
f 9629 1301 358
f 1301 355 9634
f 4077 4078 1304
f 355 4079 4077
f 4077 1303 4078
f 1303 4080 4081
f 4081 4080 9635
f 9635 4080 19
f 4081 9635 9636
f 9636 19 356
f 4078 4081 1304
f 4084 4083 1306
f 4084 1306 4092
f 358 9634 9637
f 9637 4077 4083
f 4083 1304 1306
f 9636 356 4085
f 4086 9636 4085
f 4086 4085 1305
f 1306 9638 4087
f 1306 4086 9638
f 4046 4090 4088
f 4044 94 4045
f 4046 4065 4090
f 4065 9627 4090
f 4090 1298 4089
f 4089 4069 4091
f 357 4084 4092
f 11 1309 4051
f 1046 280 4093
f 1046 4093 1309
f 1309 4093 4051
f 8682 1043 4094
f 280 4094 361
f 3505 8681 4095
f 8681 1310 4095
f 1043 4095 1312
f 1312 4097 1311
f 4095 1310 4097
f 4097 359 4096
f 1311 4096 9641
f 4098 4099 9642
f 1315 9642 4100
f 1311 9641 4099
f 9641 4102 4099
f 4099 4102 1316
f 9642 1316 4104
f 4102 1313 9643
f 1316 9643 1314
f 9643 97 4103
f 4100 4104 4105
f 4104 1314 4105
f 4100 4105 360
f 361 1315 4106
f 4106 1315 4107
f 1308 4106 1318
f 352 1318 92
f 1318 1317 4108
f 3487 1035 73
f 277 364 9644
f 277 9644 1319
f 1310 4109 9645
f 4109 1035 4110
f 4110 1319 359
f 1034 1032 3485
f 3485 1322 1321
f 12 3651 1032
f 1322 1320 4111
f 1322 4111 1321
f 3485 1321 364
f 1321 4112 1326
f 364 1326 1325
f 4112 9646 1326
f 4111 362 9647
f 4111 9647 4112
f 1326 9646 1324
f 9647 1323 4113
f 4113 1323 9648
f 9646 4113 4127
f 1325 1326 4114
f 1326 1324 4114
f 359 4115 4101
f 1319 1328 9649
f 359 9649 4115
f 4101 4115 1313
f 9644 364 9650
f 1319 9650 1328
f 1328 9650 4116
f 1328 4116 1327
f 9650 363 9651
f 4116 9651 4117
f 4115 9649 4118
f 9649 1327 4118
f 1313 4118 9643
f 4118 1327 4120
f 97 4120 1331
f 4120 1332 1331
f 4116 4117 4119
f 9651 1329 9652
f 9652 1329 9653
f 4117 9653 4121
f 4119 4117 1332
f 4117 4121 1332
f 1332 4121 4123
f 4121 1334 9654
f 9654 368 1330
f 4123 9654 9655
f 9655 1330 367
f 4124 9655 9657
f 9651 363 1329
f 1324 9658 1335
f 363 1335 4122
f 4113 9648 4127
f 9648 4125 4127
f 4127 9660 9661
f 9661 1333 4126
f 1324 9659 9658
f 9659 4126 9658
f 1335 9662 4130
f 4126 1333 9662
f 9662 4128 4130
f 4130 365 4263
f 4130 4263 4129
f 1329 4122 9653
f 4122 4129 1334
f 1334 4131 368
f 4131 4134 1338
f 368 1338 4133
f 4131 4132 4134
f 4133 1338 1337
f 1334 4132 4131
f 4129 4263 4132
f 4263 1336 4132
f 4132 1336 4134
f 9664 4137 4136
f 1336 4135 9664
f 9664 4135 4137
f 4137 9665 4136
f 1337 4136 4139
f 4139 20 4138
f 4141 1341 4140
f 4141 4140 1340
f 1330 1337 4141
f 1330 4133 1337
f 4139 4138 366
f 4139 366 1341
f 1341 366 1339
f 4140 9668 9667
f 9667 9668 96
f 9668 1339 96
f 92 4108 4073
f 4108 4144 1300
f 4108 1317 4142
f 4142 1344 4143
f 1300 4143 4152
f 1317 4147 9669
f 1317 9669 4142
f 360 4145 4147
f 4147 4145 9669
f 9669 1342 4146
f 4142 4146 1344
f 4146 1342 1344
f 1344 4150 4149
f 1342 4148 4150
f 4150 370 1343
f 1300 4152 4074
f 4143 1344 4152
f 4152 1343 9632
f 9632 4151 355
f 4105 4153 4145
f 1314 1331 9671
f 1314 9671 4153
f 4103 97 1331
f 4153 4124 1342
f 4154 9657 9672
f 9657 367 1345
f 1342 4154 4148
f 4148 9672 4155
f 4155 4156 370
f 370 4156 1347
f 1345 9666 4156
f 9666 4141 1340
f 1340 9667 4158
f 4158 96 1346
f 1347 4157 4160
f 4157 4158 1346
f 4160 1346 4159
f 4151 4161 4079
f 4079 4162 1303
f 1343 4161 4151
f 1343 370 4161
f 4161 1347 4163
f 4162 4163 1350
f 4163 4160 4164
f 4164 4160 9673
f 9673 369 1349
f 1303 1350 4080
f 1350 4164 4080
f 9673 1349 19
f 3651 1353 1320
f 3650 4165 1351
f 3650 1351 1353
f 1351 4166 4167
f 4167 4166 9674
f 9674 373 4183
f 1320 4167 1352
f 292 4169 3650
f 3643 9677 4169
f 9022 9675 9677
f 9677 4168 9676
f 4169 9680 4165
f 9676 9678 9680
f 9680 1356 9679
f 1090 9683 9675
f 9018 9681 9683
f 9683 4172 9682
f 9675 9682 4168
f 3640 9686 9681
f 9015 9684 9686
f 9686 4170 9685
f 9681 9685 4172
f 4172 9690 9689
f 9685 9687 9690
f 9690 1354 9688
f 9689 9688 4171
f 4168 9692 9678
f 9682 9689 9692
f 9692 4171 9691
f 9678 9691 1356
f 1356 9693 9694
f 9693 4173 4174
f 4171 9695 9693
f 4173 9696 4174
f 4174 371 1355
f 1351 9697 4166
f 4165 9699 4176
f 9679 9694 9699
f 9699 4174 9698
f 4176 9698 9697
f 9697 1355 4175
f 4166 4175 373
f 373 4177 1357
f 4177 1358 1357
f 4175 4178 1358
f 1358 100 372
f 1357 372 4181
f 1352 4183 4182
f 4182 4181 1359
f 4182 1357 4181
f 362 1359 1323
f 1323 1359 4245
f 76 9702 9684
f 8953 9700 9702
f 9702 4186 9701
f 9684 9701 4170
f 3615 9705 9700
f 8950 9703 9705
f 9705 4184 9704
f 9700 9704 4186
f 4186 9708 4185
f 9704 9706 9708
f 9708 1362 9707
f 4170 9709 9687
f 9701 4185 9709
f 9709 4185 1354
f 1082 9712 9703
f 8941 9710 9712
f 9712 4189 9711
f 9703 9711 4184
f 3612 9715 9710
f 8938 9713 9715
f 9715 4187 9714
f 9710 9714 4189
f 4189 9719 9718
f 9714 9716 9719
f 9719 1360 9717
f 9718 9717 4188
f 4184 9721 9706
f 9711 9718 9721
f 9721 4188 9720
f 9706 9720 1362
f 9720 9722 1362
f 1362 4192 4191
f 9722 376 4192
f 4192 376 4190
f 4191 4192 9723
f 9723 4190 1361
f 1354 9707 9695
f 9695 4193 4173
f 9707 4191 4193
f 4173 4193 9696
f 289 9726 9713
f 8905 9724 9726
f 9726 4196 9725
f 9713 9725 4187
f 3603 9729 9724
f 8902 9727 9729
f 9729 4194 9728
f 9724 9728 4196
f 9728 9730 9732
f 9732 1365 9731
f 4196 9731 4195
f 4187 9725 9716
f 9725 4195 1360
f 1079 9735 9727
f 8893 9733 9735
f 9735 4199 9734
f 9727 9734 4194
f 3600 9738 9733
f 8890 9736 9738
f 9738 4197 9737
f 9733 9737 4199
f 4199 9742 9741
f 9737 9739 9742
f 9742 1363 9740
f 9741 9740 4198
f 4194 9744 9730
f 9734 9741 9744
f 9744 4198 9743
f 9730 9743 1365
f 1365 9748 9747
f 9743 9745 9748
f 9748 4203 9746
f 9747 9746 4202
f 4198 9751 9745
f 9740 9749 9751
f 9751 4200 9750
f 9745 9750 4203
f 4203 9755 9754
f 9750 9752 9755
f 9755 374 9753
f 9754 9753 4201
f 9746 9754 1364
f 1360 4205 9756
f 9722 9756 376
f 9731 9747 9758
f 9758 4202 9757
f 4195 9757 4205
f 9757 1364 4204
f 9756 4204 4207
f 376 4207 4190
f 4207 1368 4190
f 1364 4210 4206
f 9753 4208 4210
f 4210 4288 1366
f 4206 4209 1369
f 1366 98 4209
f 4209 98 4211
f 1368 1369 375
f 1369 1367 375
f 9696 4213 371
f 371 4213 4178
f 4178 4213 1371
f 1361 4190 4212
f 1371 375 4214
f 1371 4214 100
f 4214 1370 4215
f 100 4215 4218
f 4215 1370 4216
f 4216 1375 9759
f 9759 1375 4217
f 9759 4217 1374
f 4219 1372 1375
f 1370 4219 1375
f 1375 4222 4221
f 1375 1372 4222
f 1372 4220 9760
f 4223 4217 9761
f 4217 9762 9761
f 9762 1373 9761
f 375 4225 4219
f 375 4224 4225
f 4225 1378 1372
f 1367 4211 4224
f 98 4226 4211
f 4228 4227 4220
f 4220 377 1377
f 9760 1377 380
f 1377 9764 4230
f 9764 4229 4230
f 4229 1382 1381
f 9764 4231 4229
f 377 4231 9764
f 9765 1379 4233
f 9765 4233 4232
f 9765 4232 1382
f 1382 21 4234
f 4232 4233 21
f 1381 1382 4235
f 4235 1380 378
f 379 9766 4236
f 4237 1385 4244
f 4238 4237 1384
f 9766 4240 4236
f 1373 4230 9766
f 4240 4230 4239
f 4236 4239 4237
f 1385 9767 4241
f 4239 1381 9767
f 9767 4235 4242
f 4241 1383 4243
f 4242 378 1383
f 4244 4243 99
f 95 4246 4125
f 1359 4248 4245
f 4248 1386 1333
f 1386 4249 4128
f 4249 382 4250
f 4128 4249 9769
f 9769 4250 1387
f 4128 1387 9663
f 4128 9769 1387
f 372 4180 4247
f 4180 1389 4252
f 4247 4252 1386
f 9770 1374 1389
f 9768 4255 4254
f 1374 4223 4255
f 9763 379 4253
f 4255 9763 1388
f 1388 4253 9771
f 9768 4254 4249
f 4249 1388 382
f 9772 4238 4257
f 4257 1392 4264
f 4264 4256 1391
f 1388 9771 9772
f 4253 4238 9771
f 4253 4236 4238
f 4238 1384 1392
f 1392 1384 9773
f 1384 99 4259
f 4259 99 4258
f 1391 4256 9774
f 9774 4262 4261
f 4256 4259 4262
f 4262 4258 4260
f 4258 1390 4260
f 1387 4250 365
f 365 4264 1394
f 365 1394 4263
f 382 9772 4250
f 4250 4257 4264
f 1394 1391 4135
f 1391 4261 381
f 4135 381 4265
f 4265 381 1393
f 4135 4265 9665
f 9665 4265 20
f 13 9777 9736
f 9033 9775 9777
f 9777 4268 9776
f 9736 9776 4197
f 3683 9779 9775
f 9032 1125 9779
f 9779 4266 9778
f 9775 9778 4268
f 4268 9780 9781
f 9778 1397 9780
f 9781 9780 4267
f 4197 9783 9739
f 9776 9781 9783
f 9783 4267 9782
f 9739 9782 1363
f 9029 4270 4266
f 3681 9028 4270
f 9028 4269 1395
f 4266 4270 1397
f 4270 1395 9784
f 1395 4271 4273
f 4273 9785 9787
f 9785 385 9786
f 9787 9786 4272
f 4273 9790 9789
f 4273 9787 9790
f 9790 4272 9788
f 9789 9788 1396
f 1363 9793 9749
f 9782 9791 9793
f 9793 4275 9792
f 9749 9792 4200
f 4267 9795 9791
f 9780 9784 9795
f 9795 4273 9794
f 9791 9794 4275
f 4275 9798 9797
f 9794 9789 9798
f 9798 1396 9796
f 9797 9796 4274
f 4200 9800 9752
f 9792 9797 9800
f 9800 4274 9799
f 9752 9799 374
f 304 3677 4269
f 3677 1123 1399
f 3676 9027 4276
f 9027 1398 4277
f 1123 9026 1399
f 4276 4277 4278
f 9026 4278 9802
f 4269 1399 1395
f 1395 1399 4271
f 1399 9803 4271
f 9785 4281 385
f 385 4281 4280
f 4271 9803 4281
f 9803 1403 9804
f 4281 9804 9805
f 9805 9804 4279
f 9805 4279 1402
f 1399 9802 9803
f 9803 9802 1403
f 4278 9806 4282
f 9802 4278 1403
f 1403 4282 9807
f 9806 1400 9808
f 4282 9808 4283
f 9807 4283 1401
f 1402 9811 9810
f 4279 4286 9811
f 9811 4286 4285
f 4279 9804 4286
f 9804 1403 9812
f 4286 9812 9813
f 9813 9812 4284
f 4285 9813 9814
f 9814 4284 384
f 9799 9815 4208
f 4274 9818 9815
f 9796 9816 9818
f 9818 4287 9817
f 9815 9817 4289
f 4289 9821 4288
f 9817 9819 9821
f 9821 1405 9820
f 1396 9824 9816
f 9788 9822 9824
f 9824 4291 9823
f 9816 9823 4287
f 4272 9826 9822
f 9786 385 9826
f 9826 4280 9825
f 9822 9825 4291
f 4291 9829 9828
f 9825 9805 9829
f 9829 1402 9827
f 9828 9827 4290
f 4287 9831 9819
f 9823 9828 9831
f 9831 4290 9830
f 9819 9830 1405
f 9830 9832 9833
f 9833 4292 4293
f 4290 9835 9832
f 9827 9810 9835
f 9835 4285 9834
f 9832 9834 4292
f 4293 4292 9836
f 4288 4295 98
f 4288 9820 4295
f 4295 1404 4294
f 4293 9836 1404
f 98 4294 4356
f 9025 1117 9838
f 3667 9838 79
f 79 9838 4296
f 9838 1408 4296
f 1117 3665 1408
f 3665 1406 9839
f 3665 9839 4297
f 1117 1408 9838
f 1408 4297 1407
f 4296 1407 4298
f 9801 4298 383
f 301 3663 1406
f 3663 1410 1406
f 4300 386 1410
f 1410 386 1409
f 1406 4301 4303
f 4301 4302 4303
f 4302 1409 1413
f 1409 4304 1413
f 4309 1413 4307
f 4304 4305 1413
f 9840 101 4306
f 1413 4306 1412
f 4303 4309 4308
f 4298 1407 9841
f 383 4310 1400
f 4297 388 1407
f 1407 388 4311
f 1407 4311 9842
f 1407 9842 1415
f 9842 4311 1415
f 4311 4308 9843
f 4311 9844 9845
f 9843 387 9844
f 9845 9844 4312
f 4313 9845 1414
f 4310 9841 4314
f 4314 9841 103
f 1400 4314 9809
f 103 4316 1418
f 9841 1414 4315
f 103 9846 4316
f 9846 1419 9847
f 9845 4312 4319
f 1414 9848 4315
f 9844 387 9849
f 4312 9849 4319
f 4319 9849 4318
f 4315 9850 9846
f 9848 4318 9850
f 9850 4318 1419
f 1419 4322 4321
f 4318 4320 4322
f 4322 392 9851
f 9851 392 1417
f 1418 4325 9852
f 1418 9852 4324
f 9847 4321 4325
f 4321 9851 4325
f 9852 4323 391
f 387 4327 1416
f 4307 4326 1422
f 1412 4330 9855
f 1412 9855 4326
f 9856 4328 9857
f 4306 9857 4330
f 9858 1420 4329
f 9855 9858 4326
f 9853 4329 1422
f 9859 4331 4332
f 1420 4425 9859
f 4331 4424 9860
f 9860 389 1421
f 1416 4334 4320
f 4327 4332 4334
f 9854 9859 4332
f 4334 9863 9862
f 4332 9860 9863
f 9863 1421 9861
f 9862 9861 4333
f 4320 9862 392
f 392 4333 9864
f 4333 9865 4336
f 4336 9865 1426
f 4336 1426 4349
f 4349 9866 1425
f 1421 4338 4335
f 1421 9867 4338
f 9867 4337 4338
f 4335 4337 9865
f 9865 1423 1426
f 1423 4339 4341
f 4341 22 4340
f 9866 4344 9870
f 1425 9870 4343
f 1426 1424 4344
f 4344 1424 9872
f 9872 1424 9871
f 9872 9871 4342
f 4343 9870 9874
f 9870 4342 9873
f 9874 9873 390
f 391 9875 9876
f 4325 4345 9875
f 4347 9880 9879
f 9875 9877 9880
f 9880 1429 9878
f 9879 9878 4346
f 4347 9879 9882
f 9882 4346 9881
f 9882 9881 1428
f 1417 9864 4345
f 9864 4336 4349
f 9883 1425 4348
f 4345 9885 9877
f 4345 9883 9885
f 9885 4348 9884
f 9877 9884 1429
f 1429 9889 9888
f 9884 9886 9889
f 9889 4352 9887
f 9888 9887 4351
f 4348 9891 9886
f 9891 4343 9890
f 9886 9890 4352
f 4352 9894 9893
f 9890 9874 9894
f 9894 390 9892
f 9893 9892 4350
f 4351 9897 9896
f 9887 9893 9897
f 9897 4350 9895
f 9896 9895 1427
f 9881 9898 1428
f 1428 4355 4354
f 4346 9900 9898
f 9878 9888 9900
f 9900 4351 9899
f 9898 9899 4355
f 4355 9901 4353
f 9899 9896 9901
f 9901 1427 4353
f 4354 4353 4370
f 9837 9902 4356
f 4356 1432 4226
f 4226 1432 1376
f 1404 9836 9902
f 9836 4358 9902
f 4292 384 4358
f 4356 4357 1432
f 1432 4361 4360
f 4357 4359 4361
f 1376 4360 4227
f 4227 1439 377
f 384 4284 1430
f 9812 1434 4362
f 4362 4359 1430
f 4284 4362 1430
f 1401 4317 1434
f 4283 9809 1401
f 4317 1418 4363
f 1434 4363 4364
f 4363 4324 4364
f 4363 1418 4324
f 4359 4364 4365
f 4359 4365 4367
f 4364 4366 4365
f 4365 4368 1437
f 4365 1437 1436
f 1433 9876 4366
f 9876 4347 4366
f 4366 9882 4368
f 4368 4370 4369
f 4369 4370 9903
f 4368 1428 4370
f 1428 4354 4370
f 4369 9903 4372
f 9903 102 1435
f 1437 4369 4372
f 4371 4372 1438
f 4372 1435 393
f 377 1439 4231
f 4360 4373 1439
f 1431 394 4373
f 4231 4374 9765
f 9765 9904 1379
f 394 4367 1436
f 4373 4371 1439
f 1439 4371 4374
f 9904 4374 1379
f 1379 1438 4375
f 4233 4375 21
f 1160 1440 4300
f 1160 1441 4376
f 1158 4377 3706
f 4377 395 4379
f 4379 395 4378
f 4377 4379 1442
f 316 4377 397
f 397 1442 4381
f 4381 1446 4380
f 4376 4380 1445
f 1446 1443 4382
f 1446 4382 4380
f 4382 106 4380
f 1445 4380 4384
f 4384 1444 4383
f 386 4385 4304
f 1440 1445 4385
f 1440 4376 1445
f 1445 4387 1448
f 1448 4387 4386
f 1445 4384 4387
f 4387 396 4386
f 4385 1448 1411
f 1411 4386 4305
f 4305 1447 101
f 3700 4388 4389
f 4388 1449 4389
f 4389 1449 1451
f 1450 400 4390
f 82 1451 395
f 3699 4391 4388
f 4388 1454 1449
f 1148 3697 4391
f 3697 1452 9905
f 1452 398 1454
f 4392 398 1453
f 1449 4392 1450
f 4392 1453 4393
f 1450 4393 400
f 4393 9906 400
f 400 4397 9907
f 4390 9907 4396
f 4393 9910 9906
f 1453 9908 9910
f 9910 4394 9909
f 9906 9909 4397
f 4397 9914 9913
f 9909 9911 9914
f 9914 1458 9912
f 9913 9912 4395
f 4396 9917 9916
f 9907 9913 9917
f 9917 4395 9915
f 9916 9915 1457
f 9908 4399 4394
f 4399 4398 9911
f 9911 4398 1458
f 1458 1455 9918
f 9918 4400 4401
f 4401 4400 1456
f 1457 9915 4403
f 9915 4404 4403
f 4395 9920 9919
f 9912 9918 9920
f 9919 4401 4404
f 4401 1456 4404
f 4403 4402 399
f 1450 1459 4378
f 1450 4390 1459
f 4390 4396 9916
f 4390 9916 1459
f 106 399 1444
f 4405 1460 1462
f 399 4402 4405
f 1460 4406 4407
f 1460 1465 4406
f 4407 4406 403
f 4402 4408 1460
f 1456 4400 4408
f 4400 1465 4408
f 4400 104 1465
f 1463 1506 1464
f 1464 401 4409
f 1465 404 4406
f 1465 1464 404
f 4409 1466 1467
f 4410 1467 4417
f 9921 4412 4413
f 4413 9922 4414
f 1467 9921 4413
f 4414 23 402
f 403 1461 4416
f 1461 1470 4415
f 4416 1461 1469
f 4417 1467 1470
f 1470 4413 4419
f 4414 402 1468
f 1476 4419 4418
f 4419 4414 1468
f 101 9923 9856
f 9923 4421 9924
f 9856 9924 4328
f 1447 4420 4421
f 4328 9924 9857
f 9924 1473 1420
f 4386 4420 1447
f 1471 9925 4422
f 4420 4422 4421
f 4420 1471 4422
f 4421 4422 1473
f 4422 9925 4423
f 9925 4407 4423
f 4423 406 9926
f 9926 406 1472
f 1473 4423 4425
f 4425 9926 4424
f 9926 1472 4424
f 396 4383 4420
f 4420 1462 1471
f 4407 403 406
f 406 4426 1472
f 4426 4416 4427
f 4426 4427 1475
f 406 4416 4426
f 4416 1469 1476
f 1468 105 1474
f 9927 4418 4428
f 4427 1476 9927
f 4418 1468 9928
f 9928 1474 405
f 9867 4429 4337
f 4424 1472 9867
f 4429 1478 4337
f 4337 9929 1423
f 1472 4426 4429
f 4429 1475 1478
f 1478 9930 4431
f 9930 4428 4431
f 1475 9927 9930
f 4428 9928 4430
f 1423 9929 4339
f 4337 4431 4430
f 4337 4430 1477
f 4339 4432 9869
f 9929 1477 4432
f 9869 9931 22
f 15 1202 1452
f 1202 1480 1452
f 1203 328 1202
f 1202 1479 1480
f 1479 409 1480
f 1201 85 328
f 409 407 1482
f 409 1482 1484
f 407 4433 1482
f 1483 109 1495
f 398 1480 1455
f 1480 1485 1455
f 1480 1484 1485
f 1485 408 104
f 1455 104 4400
f 1481 4434 9932
f 4434 9936 9935
f 4434 9933 9936
f 9936 412 9934
f 9935 9934 4435
f 9932 9935 9938
f 9938 4435 9937
f 9938 9937 1486
f 1481 4438 407
f 1481 4436 4438
f 1481 9932 4436
f 4436 9938 4438
f 1195 1192 325
f 325 1488 1481
f 16 410 1192
f 1192 410 1488
f 1481 1487 4434
f 9933 4439 9939
f 9933 9939 412
f 412 9942 9941
f 9939 4439 9942
f 9942 1492 9940
f 9941 9940 4441
f 4439 1489 1492
f 4441 9940 9943
f 9943 4440 1491
f 1489 107 4443
f 411 4440 1490
f 4438 9944 9946
f 9946 4444 9945
f 4437 9945 4433
f 9945 9947 4445
f 4433 4445 1482
f 1486 9950 9944
f 9937 9948 9950
f 9950 4447 9949
f 9944 9949 4444
f 4435 9952 9948
f 9934 9941 9952
f 9952 4441 9951
f 9948 9951 4447
f 4447 9943 9953
f 9953 1491 4446
f 4444 9954 9947
f 9949 9953 9954
f 9947 4446 1493
f 4446 1491 4448
f 4448 411 109
f 1482 1493 1483
f 109 4449 1495
f 4449 1494 1496
f 9955 1494 415
f 9955 415 1496
f 1495 415 414
f 411 4452 4449
f 1490 4451 4452
f 1490 4455 4451
f 4443 9956 1490
f 9956 4453 4455
f 4455 1497 4454
f 4451 4454 9957
f 4451 9957 1499
f 1499 4457 4456
f 4456 413 1498
f 4452 1498 415
f 4458 1500 1502
f 415 4450 414
f 414 4450 1504
f 415 1498 4450
f 4450 1501 1503
f 104 4459 1463
f 1505 417 1508
f 1484 1495 4460
f 4460 1507 1505
f 1504 1503 4461
f 1508 4461 4412
f 4461 108 416
f 401 1508 4411
f 4411 1508 1509
f 4411 1509 1466
f 4412 416 9922
f 9922 416 23
f 1466 4412 9921
f 16 1512 410
f 16 3910 1512
f 3910 4463 1511
f 4463 9958 420
f 1512 1511 4464
f 1512 4464 410
f 340 9959 3909
f 9959 4465 4467
f 9960 1515 9961
f 4467 9961 4466
f 4467 4466 9962
f 3909 9962 1510
f 3904 88 3902
f 3902 4468 4465
f 4465 9965 9960
f 4468 9963 9965
f 9965 1513 9964
f 9960 9964 4469
f 9960 4469 9966
f 9960 9966 1515
f 1515 9970 9969
f 9966 9967 9970
f 9970 4473 9968
f 9969 9968 4472
f 4469 9973 9967
f 9964 9971 9973
f 9973 4470 9972
f 9967 9972 4473
f 4473 418 9975
f 9972 9974 418
f 9975 418 4471
f 9968 9975 4472
f 9962 4474 9977
f 1510 9977 4462
f 4466 9979 9976
f 9961 9969 9979
f 9979 4472 9978
f 9976 9978 4474
f 4474 9980 9958
f 9978 1514 9980
f 9958 9980 1519
f 9958 1519 420
f 420 1519 1518
f 1514 4476 9980
f 4471 9981 4476
f 9980 4476 1519
f 9981 4475 4476
f 4476 1516 1519
f 1516 112 4477
f 1519 4477 1518
f 1518 1517 419
f 410 4464 4442
f 1511 4478 4464
f 420 1518 1511
f 1511 1518 4478
f 4464 4478 1521
f 4478 1518 1521
f 1521 419 1520
f 4442 1521 1520
f 1489 1520 107
f 4479 9983 9984
f 4479 9982 9983
f 9984 9983 4480
f 4468 9984 9963
f 9984 4480 9985
f 9963 9985 1513
f 3879 4483 4479
f 337 9292 3879
f 3879 4481 4483
f 4483 9989 9988
f 4483 9986 9989
f 9989 1522 9987
f 9988 9987 4482
f 4483 9988 9982
f 9982 4482 9990
f 9982 9990 1524
f 1524 9994 9993
f 9990 9991 9994
f 9994 4487 9992
f 9993 9992 4486
f 4482 9997 9991
f 9987 9995 9997
f 9997 4484 9996
f 9991 9996 4487
f 4487 9998 9999
f 9999 423 4485
f 4486 10001 10000
f 9992 9999 10001
f 10000 4485 1523
f 9985 4480 9971
f 9983 9993 10002
f 4480 1523 4488
f 10002 10000 1523
f 4470 10003 9974
f 9971 4488 10003
f 10003 4488 9974
f 9292 4491 10004
f 9292 10004 4481
f 3872 4489 10005
f 3872 10005 4491
f 4491 10009 10008
f 10005 10006 10009
f 10009 1527 10007
f 10008 10007 4490
f 4481 10011 9986
f 10004 10008 10011
f 10011 4490 10010
f 9986 10010 1522
f 1236 10014 3872
f 1236 10012 10014
f 10014 4494 10013
f 3872 10013 4489
f 3869 10017 10012
f 9290 10015 10017
f 10017 4492 10016
f 10012 10016 4494
f 4494 10021 10020
f 10016 10018 10021
f 10021 1525 10019
f 10020 10019 4493
f 4489 10023 10006
f 10013 10020 10023
f 10023 4493 10022
f 10006 10022 1527
f 1527 10027 10026
f 10022 10024 10027
f 10027 4498 10025
f 10026 10025 4497
f 4493 10030 10024
f 10019 10028 10030
f 10030 4495 10029
f 10024 10029 4498
f 4498 10032 10031
f 10029 4495 10032
f 10031 421 4496
f 4497 10035 10034
f 10025 10031 10035
f 10035 4496 10033
f 10034 10033 1526
f 1522 10038 9995
f 10010 10036 10038
f 10038 4500 10037
f 9995 10037 4484
f 4490 10040 10036
f 10007 10026 10040
f 10040 4497 10039
f 10036 10039 4500
f 4500 10042 10041
f 10039 10034 10042
f 10042 1526 4499
f 4484 10041 9998
f 10041 4499 423
f 423 4499 4502
f 4502 4499 1531
f 4499 4501 1531
f 4502 1531 10043
f 10043 1531 1530
f 1526 10044 4499
f 10044 4503 4501
f 4496 10045 10044
f 10044 1528 4503
f 4503 1528 10046
f 4503 10046 4501
f 1531 10047 10048
f 4501 4505 10047
f 10048 10047 4504
f 4505 110 10047
f 10047 110 10049
f 10047 10049 4504
f 1530 10050 4506
f 1531 10048 1530
f 10048 4504 1529
f 418 9974 9981
f 9974 4509 4475
f 4488 4507 9974
f 9974 4507 4509
f 4507 10043 4509
f 4509 1533 10051
f 4509 10051 4508
f 1523 4510 4507
f 4485 4502 4510
f 10043 1530 1533
f 10051 4513 4512
f 1533 4506 4513
f 4513 422 4511
f 4512 4513 10052
f 4513 4511 10052
f 4514 1532 112
f 4512 10052 1532
f 112 1537 1550
f 1550 1537 1536
f 10052 4511 4515
f 1537 4519 4518
f 1534 1540 1537
f 1537 4516 4519
f 4519 427 10054
f 10055 10054 4517
f 4518 10055 10057
f 10055 4517 10056
f 10057 10056 1535
f 4518 10057 1536
f 10057 1535 10058
f 1536 10058 4520
f 1536 4520 426
f 10050 1529 422
f 422 4522 1534
f 4522 4521 1540
f 1538 4526 4525
f 1538 4523 4526
f 4523 10059 4526
f 4526 424 10060
f 4526 10060 4524
f 4525 4524 10061
f 4525 10061 1539
f 1540 4528 4516
f 1540 4525 4528
f 4528 10064 10063
f 4528 4525 10064
f 10064 1539 10062
f 10063 10062 4527
f 4516 10066 10053
f 4516 10063 10066
f 10066 4527 10065
f 10053 10065 427
f 427 10069 10068
f 10065 4531 10069
f 10069 4531 10067
f 10068 10067 4530
f 4527 10072 4531
f 10062 10070 10072
f 10072 4529 10071
f 4531 10073 10074
f 10074 10073 1543
f 10067 10074 10075
f 1539 10078 10070
f 10061 10076 10078
f 10078 4534 10077
f 10070 10077 4529
f 4524 10081 10076
f 10060 10079 10081
f 10081 4532 10080
f 10076 10080 4534
f 4534 10084 10083
f 10080 10082 10084
f 10083 1541 4533
f 4529 4533 10073
f 10077 10083 4533
f 10073 4533 1544
f 4533 4536 1544
f 4533 4535 4536
f 10073 1544 1543
f 1543 1542 1852
f 4537 1852 425
f 426 4520 4540
f 10058 10085 10087
f 10087 4538 10086
f 4520 10086 4541
f 4541 10091 10090
f 10086 10088 10091
f 10091 1547 10089
f 10090 10089 4539
f 4540 10094 10093
f 4540 10090 10094
f 10094 4539 10092
f 10093 10092 1546
f 1535 10097 10085
f 10056 10095 10097
f 10097 4543 10096
f 10085 10096 4538
f 4517 10099 10095
f 10054 10068 10099
f 10099 4530 10098
f 10095 10098 4543
f 4543 10100 10101
f 10098 10075 10100
f 10101 10100 4542
f 4538 10102 10088
f 10096 10101 10102
f 10088 4542 1547
f 1547 10105 10104
f 4542 4546 10105
f 10105 4546 10103
f 10104 10103 4545
f 4542 4537 4546
f 4546 425 10106
f 4545 10109 10108
f 10103 10106 10109
f 10109 4544 10107
f 10108 10107 1545
f 1546 10113 10112
f 10092 10110 10113
f 10113 4549 10111
f 10112 10111 4548
f 4539 10115 10110
f 10089 10104 10115
f 10115 4545 10114
f 10110 10114 4549
f 10114 10108 10117
f 10117 1545 10116
f 10117 10116 4547
f 4548 10120 10119
f 10111 10117 10120
f 10120 4547 10118
f 10119 10118 111
f 107 4453 9956
f 107 1520 4453
f 1520 1548 4453
f 4453 1548 1497
f 1520 419 1548
f 419 1517 1548
f 1497 429 4458
f 1517 429 1548
f 1550 1536 1549
f 429 1549 4553
f 1549 4551 4553
f 4551 1553 4552
f 4553 4552 1552
f 1549 4550 4551
f 426 4540 4555
f 4555 10123 10122
f 4555 10093 10123
f 10123 1546 10121
f 10122 10121 4554
f 4550 10122 10124
f 4551 10124 1553
f 10124 10125 10127
f 10127 4558 10126
f 1553 10126 4557
f 4554 10129 10125
f 10121 10112 10129
f 10129 4548 10128
f 10125 10128 4558
f 4558 111 4556
f 10128 10119 111
f 4557 10131 10130
f 10126 4556 10131
f 10131 4556 1551
f 1552 10135 10134
f 1552 10132 10135
f 10135 4561 10133
f 10134 10133 4560
f 4552 4557 10136
f 10132 10136 4561
f 4561 10138 10137
f 10136 10130 10138
f 10138 1551 4559
f 4560 10140 10139
f 10133 10137 10140
f 10140 4559 428
f 429 4553 4458
f 4553 1552 4562
f 4458 4553 1500
f 4553 4562 1555
f 4562 4560 10141
f 1555 10141 4564
f 10141 10139 10142
f 4564 10142 4563
f 4564 4563 1554
f 1500 4564 1554
f 17 10145 10015
f 9603 10143 10145
f 10145 4567 10144
f 10015 10144 4492
f 4029 10148 10143
f 9600 10146 10148
f 10148 4565 10147
f 10143 10147 4567
f 4567 10152 10151
f 10147 10149 10152
f 10152 1558 10150
f 10151 10150 4566
f 4492 10154 10018
f 10144 10151 10154
f 10154 4566 10153
f 10018 10153 1525
f 1278 10157 10146
f 9596 10155 10157
f 10157 4570 10156
f 10146 10156 4565
f 4026 10160 10155
f 9593 10158 10160
f 10160 4568 10159
f 10155 10159 4570
f 4570 10163 10162
f 10159 1556 10163
f 10163 1556 10161
f 10162 10161 4569
f 10156 10162 10149
f 10149 4569 10164
f 10149 10164 1558
f 1558 10167 10166
f 10164 10165 10167
f 10166 4574 4573
f 4569 10169 10165
f 10161 4571 10169
f 10169 4571 10168
f 10165 10168 4574
f 4574 10168 4572
f 10168 432 10170
f 4574 4572 10171
f 1525 10172 10028
f 10153 4566 10172
f 10172 4576 4575
f 10028 4575 4495
f 10150 10166 10173
f 10173 4573 4576
f 4576 1557 4575
f 4495 4575 421
f 349 10176 10158
f 9584 10174 10176
f 10176 4579 10175
f 10158 10175 4568
f 4019 10179 10174
f 9581 10177 10179
f 10179 4577 10178
f 10174 10178 4579
f 4579 10183 10182
f 10178 10180 10183
f 10183 1561 10181
f 10182 10181 4578
f 4568 10185 1556
f 10175 10182 10185
f 10185 4578 10184
f 1275 10188 10177
f 9576 10186 10188
f 10188 4581 10187
f 10177 10187 4577
f 4016 10189 10186
f 9573 90 10189
f 10186 10189 4581
f 4581 10190 4580
f 10189 1559 10190
f 4577 10192 10180
f 10187 4580 10192
f 10192 4580 10191
f 10180 10191 1561
f 1561 10195 10194
f 10191 4584 10195
f 10195 4584 10193
f 10194 10193 4583
f 4580 10196 4584
f 10190 430 10196
f 4584 10196 10193
f 10193 10196 4582
f 10193 4582 1560
f 1556 10184 4571
f 10184 4586 10197
f 4578 10199 4586
f 10181 10194 10199
f 10199 4583 10198
f 4586 10200 4585
f 10198 4583 10200
f 4571 10197 432
f 432 10202 4589
f 10197 10201 10202
f 4585 10205 10201
f 10200 10203 10205
f 10205 4587 10204
f 10201 10204 4590
f 4590 10208 4588
f 10204 10206 10208
f 10208 1565 10207
f 4589 10209 10210
f 10202 4588 10209
f 10210 10209 1564
f 1560 4582 10203
f 10203 10211 4587
f 10196 430 1562
f 4582 1562 10211
f 4587 10211 10206
f 10211 1562 1565
f 1565 1562 10212
f 10212 4594 4593
f 1562 4591 4594
f 4594 115 4592
f 4594 4592 4692
f 4593 4692 1563
f 1564 4596 4595
f 4588 10207 4596
f 4595 1563 431
f 421 1567 1528
f 4575 1557 1567
f 4572 10170 4599
f 10170 4589 10213
f 10213 10210 1564
f 4599 4595 4598
f 1557 4598 1567
f 4598 10214 4601
f 4601 431 4600
f 4601 4600 1566
f 1528 4597 110
f 1567 4601 4597
f 4597 1566 4602
f 90 4605 1559
f 3990 9533 10215
f 10215 4603 4605
f 4603 1570 10216
f 10216 1570 4604
f 4605 10216 10218
f 10218 4604 10217
f 9524 10219 10220
f 10220 4608 4607
f 1267 4607 4603
f 3987 10221 10219
f 9521 346 10221
f 10219 10221 4608
f 4608 10222 4607
f 10221 4606 10222
f 4603 4607 1570
f 4607 4612 4611
f 10222 1568 4612
f 4612 10223 4610
f 10223 434 4610
f 4611 10224 4614
f 4611 4610 10224
f 4614 10224 1569
f 1559 10217 430
f 4604 4611 4614
f 9495 10225 346
f 3978 10227 10225
f 9493 4615 10227
f 10227 4615 10226
f 10225 10226 4617
f 4617 10228 4616
f 346 4617 4616
f 4606 4616 1568
f 1265 3975 4615
f 3977 18 4618
f 4618 1571 4619
f 4615 4619 10226
f 10226 4619 1573
f 1573 10229 4622
f 4619 4620 10229
f 4619 1571 4620
f 10229 4620 4623
f 4623 4631 4622
f 10230 4621 1572
f 4616 10231 10233
f 10233 4625 10232
f 1568 10232 4609
f 4616 10228 10231
f 10228 4622 10230
f 10231 10230 4625
f 4625 10236 10235
f 10236 1572 10234
f 10235 10234 4624
f 4609 10238 10223
f 10232 10235 10238
f 10238 4624 10237
f 10223 10237 434
f 434 10242 10241
f 10237 10239 10242
f 10242 4629 10240
f 10241 10240 4628
f 4624 10245 10239
f 10234 10243 10245
f 10245 4626 10244
f 10239 10244 4629
f 4629 10249 10248
f 10244 10246 10249
f 10249 1577 10247
f 10248 10247 4627
f 4628 10252 10251
f 10240 10248 10252
f 10252 4627 10250
f 10251 10250 1576
f 1572 4621 10243
f 10243 10253 4626
f 10253 1574 4630
f 4626 10253 10246
f 10246 4630 1577
f 1577 10256 10255
f 4630 4634 10256
f 10256 4634 10254
f 10255 10254 4633
f 4630 1574 10257
f 4634 10257 10259
f 10257 113 10258
f 10259 10258 4632
f 4633 10262 10261
f 10254 10259 10262
f 10262 4632 10260
f 10261 10260 1575
f 1576 10264 10265
f 10250 10263 10264
f 10265 10264 4636
f 4627 10267 10263
f 10247 10255 10267
f 10267 4633 10266
f 10263 10266 4637
f 10266 10261 10269
f 10269 1575 10268
f 4637 10268 4635
f 4636 4635 433
f 10264 4637 4635
f 4613 4639 430
f 4613 1569 4639
f 1569 1579 4639
f 4639 4642 4638
f 4639 1579 4642
f 430 4638 1562
f 1569 10224 1579
f 4610 10272 4640
f 4610 10241 10272
f 10272 4628 10271
f 10271 10251 1576
f 10224 4640 1579
f 1579 4643 4642
f 4640 10265 4643
f 10265 4636 433
f 4642 4643 1578
f 4591 1578 4644
f 115 10273 4645
f 4644 1583 10275
f 10275 10274 4645
f 1578 4648 4644
f 4646 1580 4647
f 4644 4648 1583
f 4648 4647 1583
f 1583 4647 10274
f 4647 4649 10276
f 4649 438 10276
f 10274 10276 1581
f 4645 10274 4653
f 4653 4651 4652
f 4651 1581 4652
f 437 4652 4678
f 433 10270 4646
f 10270 4656 10278
f 4635 10280 10277
f 10268 10279 10280
f 10280 4654 4656
f 4656 10284 10283
f 4656 10281 10284
f 10284 1586 10282
f 10283 10282 4655
f 4646 10278 1580
f 10278 4655 1580
f 1575 10287 10279
f 10260 10285 10287
f 10287 4658 10286
f 10279 10286 4654
f 4632 10289 10285
f 10258 113 10289
f 10289 113 10288
f 10285 10288 4658
f 4658 10290 10291
f 10291 1584 4657
f 4654 10293 10281
f 10286 10291 10293
f 10293 4657 10292
f 10281 10292 1586
f 1586 10295 10296
f 10292 10294 10295
f 10296 10295 4661
f 4657 10297 10294
f 10294 10297 4662
f 10297 4659 4662
f 10295 4660 10298
f 10298 4660 1585
f 1580 10299 4664
f 4655 10301 10299
f 10282 10296 10301
f 10301 4661 10300
f 10299 10300 4664
f 10300 10298 1585
f 4664 1585 4649
f 4649 4663 438
f 4663 1590 438
f 4666 4665 1589
f 438 1590 4665
f 4660 4669 1585
f 1585 4669 4663
f 4660 435 4669
f 4669 1587 4668
f 4663 4669 1590
f 1590 4668 4671
f 4668 4672 10302
f 4672 10303 10305
f 10305 26 10304
f 10305 10304 4670
f 10302 10305 1588
f 1589 4665 10306
f 10306 4673 4674
f 4665 4671 4673
f 4671 1588 5368
f 4674 4673 436
f 4678 10307 4677
f 4652 4675 4678
f 10307 1593 4676
f 10307 4676 1592
f 1581 10309 4675
f 1581 4650 10309
f 10276 438 10311
f 10311 4666 10310
f 4650 10310 4680
f 4680 10310 10312
f 10310 1589 10306
f 10312 10306 4679
f 4675 10314 10308
f 10309 10312 10314
f 10314 4679 10313
f 10308 10313 1593
f 1593 10318 10317
f 10313 10315 10318
f 10318 4683 10316
f 10317 10316 4682
f 4679 10320 10315
f 10320 4674 10319
f 10315 10319 4683
f 4683 10322 10321
f 10319 4674 10322
f 10321 436 4681
f 4682 10325 10324
f 10316 10321 10325
f 10325 4681 10323
f 10324 10323 1591
f 1592 4686 10327
f 4676 10329 10326
f 4676 10317 10329
f 10329 4682 10328
f 10326 10328 4686
f 4686 10331 4684
f 10328 10324 10331
f 10331 1591 10330
f 10327 4684 4685
f 4685 4684 114
f 10049 1596 4521
f 4602 1566 10049
f 1566 4687 1596
f 4521 1596 1538
f 431 1594 4600
f 1596 440 4689
f 4689 440 1595
f 1538 4689 4523
f 4689 1595 4688
f 4523 10333 10059
f 4523 4689 10333
f 10333 4688 10332
f 10059 10332 424
f 1563 4690 4691
f 1563 4692 4690
f 4592 115 4692
f 115 4645 1582
f 4690 1582 1598
f 1582 437 1598
f 1594 4691 440
f 4691 1600 440
f 1597 4677 1600
f 437 4678 4677
f 4677 1592 4685
f 4677 4685 4693
f 4693 4685 1599
f 4685 114 1599
f 4693 1599 439
f 1600 439 4698
f 424 10336 10079
f 10332 10334 10336
f 10336 4696 10335
f 10079 10335 4532
f 4688 10337 10334
f 10334 4694 4696
f 4696 10340 10339
f 4694 1602 10340
f 10340 1602 10338
f 10339 10338 4695
f 4532 10342 10082
f 10335 10339 10342
f 10342 4695 10341
f 10082 10341 1541
f 1595 4697 1602
f 1602 4697 10338
f 4697 1600 4698
f 1541 4699 4535
f 4695 10338 4699
f 10338 4698 1601
f 4699 1601 4536
f 18 4702 4618
f 4032 10345 4702
f 9611 10343 10345
f 10345 4700 10344
f 10344 1603 4701
f 4618 4701 1571
f 1280 10348 10343
f 9607 10346 10348
f 10348 4703 10347
f 10343 10347 4700
f 4031 10349 10346
f 4700 10351 1603
f 10347 10350 10351
f 1571 10352 4705
f 4701 10354 10352
f 4701 4704 10354
f 10352 10353 4705
f 10257 4706 113
f 10360 4708 10359
f 4706 10359 4709
f 10359 10361 4709
f 113 10357 10290
f 10290 10357 1584
f 10363 4712 10362
f 10358 10362 4708
f 4712 10368 10367
f 10364 10365 10368
f 10368 1605 10366
f 10367 10366 4711
f 4708 10370 10361
f 10362 10367 10370
f 10370 4711 10369
f 10361 10369 1607
f 1607 10372 4715
f 10369 10371 10372
f 10372 4716 4715
f 4711 10375 10371
f 10366 10373 10375
f 10375 4713 10374
f 10371 10374 4716
f 4716 10379 10378
f 10374 10376 10379
f 10379 443 10377
f 10378 10377 4714
f 4715 10378 1606
f 10378 4714 1606
f 10357 4709 4659
f 4659 1606 4717
f 10382 4720 10381
f 441 10381 4710
f 10384 4718 10383
f 10380 10383 4720
f 4720 10388 10387
f 10383 10385 10388
f 10388 1609 10386
f 10387 10386 4719
f 4710 10390 10365
f 10381 10387 10390
f 10390 4719 10389
f 10365 10389 1605
f 10392 10391 4721
f 4718 10394 10385
f 10394 4721 10393
f 10385 10393 1609
f 1609 10397 10396
f 10393 10395 10397
f 10397 4724 10396
f 4721 10399 10395
f 10395 10398 4724
f 4723 4722 10401
f 10396 10400 4722
f 10401 4722 1608
f 1605 10404 10373
f 10389 10402 10404
f 10404 4726 10403
f 10373 10403 4713
f 4719 10406 10402
f 10386 10396 10406
f 10406 4723 10405
f 10402 10405 4726
f 4726 1608 10407
f 10405 10401 1608
f 4713 10409 10376
f 10403 10407 10409
f 10409 4725 10408
f 10376 10408 443
f 443 10413 10412
f 10408 10410 10413
f 10413 4730 10411
f 10412 10411 4729
f 4725 10416 10410
f 10407 10414 10416
f 10416 4727 10415
f 10410 10415 4730
f 4730 10420 10419
f 10415 10417 10420
f 10420 1612 10418
f 10419 10418 4728
f 4729 10423 10422
f 10411 10419 10423
f 10423 4728 10421
f 10422 10421 1611
f 4722 10424 10414
f 10414 4732 10425
f 10414 10425 4727
f 4732 10429 10428
f 10426 10355 10429
f 10429 1604 10427
f 10428 10427 4731
f 4727 10431 10417
f 10425 10428 10431
f 10431 4731 10430
f 10417 10430 1612
f 1612 10435 10434
f 10430 10432 10435
f 10435 4735 10433
f 10434 10433 4734
f 4731 10437 10432
f 10427 10356 10437
f 10432 10436 4735
f 4735 10440 10439
f 10436 4707 10440
f 10440 116 10438
f 10439 10438 4733
f 4734 10443 10442
f 10433 10439 10443
f 10443 4733 10441
f 10442 10441 1610
f 1611 10445 4737
f 10421 10444 10445
f 4728 10447 10444
f 10418 10434 10447
f 10447 4734 10446
f 10444 10446 4738
f 4738 10450 10449
f 10446 10442 10450
f 10450 1610 10448
f 10449 10448 4736
f 4737 10451 442
f 10445 10449 10451
f 4659 10452 435
f 435 4741 10453
f 435 10453 4667
f 10452 4739 4741
f 4741 10456 10453
f 4741 10454 10456
f 10456 1614 10455
f 10453 10455 4740
f 1606 10459 4717
f 1606 10457 10459
f 10459 4743 10458
f 4717 10458 4739
f 4714 10461 10457
f 10377 10412 10461
f 10461 4729 10460
f 10457 10460 4743
f 4743 10463 10462
f 10460 10422 10463
f 10462 1611 4742
f 4739 10465 10454
f 10458 10462 10465
f 10465 4742 10464
f 10454 10464 1614
f 1614 10469 10468
f 10464 10466 10469
f 10469 4746 10467
f 10468 10467 4745
f 4742 10471 10466
f 1611 4737 10471
f 10471 4737 10470
f 10466 10470 4746
f 4746 10474 10473
f 10470 442 10474
f 10474 442 10472
f 10473 10472 4744
f 4745 10477 10476
f 10467 10473 10477
f 10477 4744 10475
f 10476 10475 1613
f 4667 10478 1587
f 4740 10480 10478
f 10455 10468 10480
f 10480 4745 10479
f 10478 10479 4748
f 10479 10476 10481
f 10481 1613 4747
f 1587 4748 10303
f 4085 356 4753
f 4752 1616 4753
f 1305 4753 4751
f 4751 4753 1618
f 4753 1616 1618
f 1618 4754 4755
f 4755 4754 1617
f 356 4756 4752
f 4752 1621 1616
f 19 4757 4756
f 4756 4758 4752
f 1621 4759 10482
f 10482 444 1620
f 10482 1620 10483
f 1616 10483 4760
f 4754 4760 446
f 4760 4764 4763
f 4763 4764 4762
f 4760 10483 4764
f 10483 4761 4764
f 4764 1624 10484
f 4764 10484 4762
f 1620 10485 4767
f 444 10486 10485
f 10487 1622 4766
f 4761 4766 1624
f 4767 10487 4766
f 1624 4768 10488
f 4768 10489 10490
f 4769 10490 10491
f 4762 10492 10493
f 10493 4769 4771
f 4762 10488 10492
f 10491 117 4770
f 4769 10491 4771
f 4771 4770 10494
f 4771 10494 445
f 1617 10496 10495
f 446 4763 10496
f 10496 4763 4772
f 4763 4762 1623
f 4772 1623 4773
f 1623 10493 4775
f 10493 4771 10498
f 10493 10498 4775
f 4775 10498 4774
f 445 10494 4776
f 1626 10500 4778
f 10494 4779 4776
f 4770 10502 10494
f 4779 4780 10503
f 4779 10503 10499
f 10502 4780 4779
f 1629 447 4781
f 4782 1629 10504
f 10504 4781 1628
f 10500 4782 4777
f 4782 10504 10505
f 10505 1628 4783
f 10501 4783 448
f 4784 1632 4785
f 4783 4784 448
f 1628 4781 10506
f 10506 4788 4784
f 4781 4786 4788
f 10507 1630 4787
f 4784 10507 4787
f 4787 4792 10508
f 10508 4792 4791
f 4792 4789 10509
f 4792 10509 10510
f 10509 27 10510
f 4791 10510 1631
f 4785 10508 4793
f 4757 1635 4758
f 4758 1635 1619
f 369 4794 4757
f 4757 1633 4795
f 4757 4795 1635
f 1635 4795 451
f 1633 4796 4795
f 4795 10512 451
f 1619 451 1634
f 4759 1634 444
f 4159 1346 4794
f 4794 1638 4796
f 4794 4796 1633
f 4797 1636 4798
f 1638 4798 4800
f 4799 449 1637
f 1638 4800 4796
f 4796 4800 10512
f 10512 4801 10513
f 10513 4801 4802
f 1637 10514 4801
f 4802 1642 1641
f 10514 4803 4801
f 4801 4803 4802
f 4802 1639 1642
f 1639 10516 10517
f 1639 10518 10516
f 10517 10519 1640
f 10520 4806 4805
f 1641 10517 10520
f 10520 1640 4806
f 4806 1640 450
f 10521 1644 1622
f 4765 10521 10487
f 10486 4807 4765
f 451 10513 10486
f 10513 4802 4807
f 10521 4807 1644
f 4807 10520 1644
f 1644 4805 4809
f 4809 4805 10522
f 10522 450 4808
f 10522 4808 1643
f 4809 10522 10489
f 10489 1643 117
f 96 4810 4797
f 4797 1647 1636
f 1339 4813 4810
f 1339 4812 4813
f 1647 1645 4811
f 1645 4814 4816
f 4816 4815 10524
f 10524 4815 1646
f 4811 4816 10524
f 4811 10524 4799
f 4799 10524 4817
f 4138 4819 4812
f 4812 1650 10523
f 4812 10523 1645
f 20 4818 4819
f 1648 452 4823
f 4823 452 4821
f 4822 4823 1649
f 1649 4821 10525
f 4822 1649 4824
f 10523 4822 4814
f 4814 4824 454
f 454 10526 10527
f 10527 1654 1653
f 10525 10528 4825
f 4825 4828 10529
f 4821 452 10528
f 10528 4826 4828
f 4828 1651 10529
f 10529 1651 4827
f 10526 4827 1654
f 1654 10530 4831
f 4827 4829 4830
f 4829 118 4852
f 10530 4830 1652
f 1653 4832 4833
f 1654 4831 4832
f 4833 10531 10532
f 4833 4832 10531
f 10532 10531 453
f 449 4817 10514
f 10514 4836 4803
f 1646 4834 4836
f 4836 10533 10515
f 10533 1656 4835
f 10515 4835 1639
f 4815 454 1646
f 454 10527 4834
f 10533 1653 1656
f 1656 10534 10536
f 10536 4839 10535
f 10536 10535 4838
f 1653 4833 10534
f 10534 4833 10537
f 10534 10537 4839
f 4839 10540 10539
f 10537 10532 10540
f 10540 453 10538
f 10539 10538 4837
f 4838 4837 1655
f 10535 10539 4837
f 4835 10542 10518
f 10518 4841 4804
f 4835 10536 10542
f 10542 4838 10543
f 10542 10543 4841
f 4841 10543 4840
f 4804 4840 10519
f 10519 4844 120
f 4840 4842 4844
f 4842 4846 1660
f 4843 1659 4882
f 4843 1660 1659
f 4837 4845 10541
f 10541 10544 4846
f 4846 1657 458
f 1659 4848 1674
f 1659 4847 4848
f 1660 458 4847
f 4848 1658 457
f 453 10531 4845
f 10546 1662 4850
f 4845 10546 10544
f 10546 4850 1657
f 4830 4852 4849
f 4852 118 4853
f 10546 4853 1662
f 1662 4853 10548
f 10548 10547 4856
f 4853 4854 10547
f 10547 455 4855
f 4856 10551 10550
f 10551 4855 10549
f 10550 10549 1661
f 10548 4856 10552
f 10552 10550 10553
f 1657 4857 458
f 4857 4858 4859
f 1661 10555 4857
f 10549 10554 10555
f 10555 4862 4858
f 4855 4860 4862
f 4862 10559 10558
f 4862 10556 10559
f 10559 1663 10557
f 10558 10557 4861
f 4858 4861 1666
f 1666 28 4864
f 4861 10560 28
f 10560 4863 28
f 4859 4864 1665
f 1665 1664 456
f 457 10561 4883
f 457 1658 10561
f 4883 4867 1668
f 4867 1669 4866
f 4847 458 4865
f 1669 4869 4866
f 4865 1665 4869
f 4869 1665 4868
f 4868 456 1667
f 4871 4870 119
f 10502 4872 4780
f 1643 10562 10502
f 4872 1672 4873
f 4780 4872 1627
f 10562 4874 4872
f 4874 10563 4875
f 4872 4875 1672
f 4875 1670 1672
f 1672 4876 4878
f 4878 460 1671
f 4873 4877 1627
f 450 4881 4808
f 450 4879 4881
f 450 10565 4879
f 4881 1674 4880
f 4874 4880 10563
f 10565 4882 4879
f 10565 4843 4882
f 4882 1659 4879
f 1674 4883 4884
f 4884 4883 1673
f 10563 4884 1670
f 1670 4884 10564
f 10564 4884 460
f 4884 1673 460
f 460 1673 4886
f 4886 1673 10566
f 4886 10566 1676
f 1673 4871 4885
f 4871 119 4887
f 4885 4887 1675
f 1676 1675 459
f 447 10567 4781
f 4781 10567 4786
f 447 4888 10567
f 10567 1678 1630
f 4786 10567 4788
f 1671 460 4888
f 4789 1678 459
f 4789 459 1677
f 1630 4789 4792
f 4789 1677 27
f 1393 1679 4820
f 4818 4820 1648
f 1679 4889 4891
f 1679 4896 4889
f 4889 463 10568
f 10568 463 4890
f 10568 4890 1680
f 4820 4891 452
f 381 4893 1679
f 1390 1681 4892
f 4893 4894 1683
f 1683 1691 4896
f 1691 461 463
f 463 461 1682
f 4893 1683 4896
f 463 1682 1686
f 463 1686 4890
f 4890 1686 4897
f 1686 4898 4899
f 4899 10569 1684
f 4897 4899 1685
f 1685 1684 462
f 4826 4900 1688
f 4826 1688 1651
f 1680 4890 4826
f 1688 4901 1687
f 4900 1685 4901
f 1685 462 4901
f 1651 1688 4829
f 1688 1687 4902
f 1688 4902 4829
f 4829 4902 118
f 4243 4903 1681
f 4903 4904 1691
f 4904 4905 466
f 1691 4906 1690
f 1691 1690 4895
f 4907 4904 4903
f 4904 1694 1689
f 1380 4375 4907
f 4375 4908 4907
f 4907 4908 1692
f 4907 1692 1694
f 1692 464 1694
f 1689 4909 1693
f 4905 1693 466
f 466 1697 4906
f 4909 4911 1693
f 4910 4912 10570
f 4910 10570 1697
f 10570 4915 4914
f 4912 4913 4915
f 4912 1695 4913
f 4914 121 4931
f 4914 4931 1696
f 1697 4916 4917
f 1697 4914 4916
f 1690 4918 4895
f 4895 4918 1699
f 1699 4917 4898
f 4918 1697 4917
f 4917 465 1698
f 1682 1699 4898
f 4898 1698 123
f 4920 1703 10572
f 4920 10572 4919
f 1698 1700 4921
f 123 4921 4920
f 4921 10574 4924
f 4921 1700 10574
f 10574 4922 10575
f 10575 470 4923
f 1703 10573 10576
f 10576 4923 1701
f 1702 4919 10577
f 10577 4927 4926
f 10572 1703 4927
f 4927 10576 10579
f 10576 1701 10578
f 10579 10578 4925
f 4926 10580 469
f 4927 10579 10580
f 4917 4916 465
f 4916 1696 4928
f 4916 4928 465
f 1696 4931 4928
f 121 1704 4931
f 4931 1704 10582
f 4931 10582 4930
f 4928 4930 1706
f 10582 4932 4934
f 4934 467 10583
f 4934 4932 467
f 10583 467 4933
f 1706 10583 1705
f 10583 4933 10584
f 465 10581 4936
f 4936 1705 4935
f 4922 4935 470
f 470 10585 4939
f 470 4935 10585
f 4937 1710 4938
f 4939 10585 10586
f 10586 10585 1709
f 10584 4933 4937
f 467 10587 4940
f 4933 10588 4941
f 4940 1707 10588
f 10588 1707 4941
f 4937 4941 1710
f 10589 4945 4944
f 4941 10590 10589
f 10589 4942 4945
f 4945 10593 10592
f 10593 29 10591
f 10592 10591 4943
f 4944 10596 10595
f 4945 10592 10596
f 10596 4943 10594
f 10595 10594 1708
f 1709 4948 4947
f 10585 4938 4948
f 4938 4944 4948
f 10595 1708 10597
f 10595 10597 4946
f 4947 4946 468
f 4948 10595 4946
f 469 10580 4951
f 10580 4952 4951
f 10578 10599 10600
f 4925 10600 4952
f 10600 10601 10603
f 10603 1713 10602
f 4952 10602 4950
f 4951 10606 10605
f 4951 4952 10606
f 10606 4950 10604
f 10605 10604 1712
f 1701 10607 10599
f 10607 4954 4949
f 470 4939 10586
f 4923 10586 4954
f 10609 1709 10608
f 4954 10608 4953
f 4949 10611 10601
f 4949 4954 10611
f 10611 4953 10610
f 10601 10610 1713
f 1713 10615 10614
f 10610 10612 10615
f 10615 4957 10613
f 10614 10613 4956
f 4953 10616 10612
f 10608 4947 10616
f 10612 10616 4957
f 4957 10619 10618
f 10616 468 10619
f 10619 468 10617
f 10618 10617 4955
f 4956 10622 10621
f 10613 10618 10622
f 10622 4955 10620
f 10621 10620 1711
f 1712 10625 10624
f 10604 4950 10625
f 10625 4960 10623
f 10624 10623 4959
f 10602 10614 10626
f 4950 10626 4960
f 4960 10629 10628
f 10626 10621 10629
f 10629 1711 10627
f 10628 10627 4958
f 4959 10632 10631
f 10623 10628 10632
f 10632 4958 10630
f 10631 10630 122
f 4901 462 4962
f 4962 1714 1716
f 1716 4965 4964
f 1714 4963 4965
f 4965 4963 472
f 118 1716 4853
f 1716 4964 4854
f 4854 1715 455
f 1684 10633 4966
f 4966 4968 10634
f 4968 1702 10635
f 4966 10634 1718
f 4967 4971 4970
f 4967 10577 4971
f 10577 4926 4971
f 4971 469 4969
f 4970 4969 4972
f 4972 10636 1717
f 1714 4972 4963
f 1718 4970 10637
f 10637 4970 4972
f 4972 1717 472
f 472 4976 4975
f 472 1717 4976
f 1717 4973 10639
f 4976 10639 10641
f 10639 1721 10640
f 10641 10640 4974
f 4975 10644 10643
f 10638 10641 10644
f 10644 4974 10642
f 10643 10642 1720
f 10645 4978 4973
f 4969 10646 10636
f 4969 4951 10646
f 10636 10646 4978
f 4978 10649 10648
f 10646 10605 10649
f 10649 1712 10647
f 10648 10647 4977
f 4973 10651 1721
f 4973 10648 10651
f 10651 4977 10650
f 1721 10655 10654
f 10650 10652 10655
f 10655 4981 10653
f 10654 10653 4980
f 4977 10657 10652
f 10647 10624 10657
f 10657 4959 10656
f 10652 10656 4981
f 4981 10660 10659
f 10656 10631 10660
f 10660 122 10658
f 10659 10658 4979
f 4980 10663 10662
f 10653 10659 10663
f 10663 4979 10661
f 10662 10661 1719
f 1720 10667 10666
f 10642 10664 10667
f 10667 4984 10665
f 10666 10665 4983
f 4974 10669 10664
f 10640 10654 10669
f 10669 4980 10668
f 10664 10668 4984
f 4984 10672 10671
f 10668 10662 10672
f 10672 1719 10670
f 10671 10670 4982
f 4983 10675 10674
f 10665 10671 10675
f 10675 4982 10673
f 10674 10673 471
f 10676 4987 10677
f 455 10677 4860
f 1715 10678 10676
f 10676 4985 4987
f 4987 10682 10681
f 4985 10679 10682
f 10682 1723 10680
f 10681 10680 4986
f 4860 10684 10556
f 10677 10681 10684
f 10684 4986 10683
f 10556 10683 1663
f 1715 4989 10678
f 1715 4975 4989
f 4989 10687 10686
f 4989 10643 10687
f 10687 1720 10685
f 10686 10685 4988
f 4985 10689 10679
f 10678 10686 10689
f 10689 4988 10688
f 10679 10688 1723
f 1723 10693 10692
f 10688 10690 10693
f 10693 4992 10691
f 10692 10691 4991
f 4988 10695 10690
f 10685 10666 10695
f 10695 4983 10694
f 10690 10694 4992
f 10694 10674 10696
f 10696 471 4990
f 4991 10697 1722
f 10691 10696 10697
f 1663 10699 10560
f 10683 10698 10699
f 10699 4994 4863
f 4986 10700 10698
f 10680 10692 10700
f 10700 4991 4994
f 4994 1722 4993
f 4863 4993 28
f 4375 4995 4908
f 4995 1726 4996
f 1438 4995 4375
f 4997 1724 4998
f 4995 4998 1726
f 1726 5000 4996
f 4998 4999 10702
f 4996 5000 1725
f 4908 4996 1725
f 1692 1725 464
f 4997 5002 1724
f 102 5003 1435
f 5001 1727 1729
f 1729 5004 5005
f 1727 473 5004
f 5005 5009 1728
f 5002 5005 4999
f 5005 1728 4999
f 10702 5006 475
f 4999 1728 5006
f 5006 1728 5008
f 1728 1730 1732
f 5008 5013 5012
f 1732 5010 5013
f 5013 126 5011
f 5012 5011 1731
f 5008 5012 5007
f 5014 1731 10703
f 5014 10703 474
f 4911 1734 1695
f 5000 475 1725
f 1725 475 1734
f 1734 5014 474
f 1695 1733 5015
f 4913 5015 10571
f 102 1737 5003
f 4353 5016 1737
f 5003 1737 5001
f 5001 5017 1727
f 9895 4350 5016
f 9892 1735 10704
f 10704 1735 5019
f 5019 1735 5018
f 5016 5018 1737
f 1737 5018 5017
f 5018 478 5017
f 5017 478 1736
f 5017 1736 5043
f 390 10707 1735
f 9873 5022 10707
f 10707 5022 10706
f 4342 10710 5022
f 9871 10708 10710
f 10710 5020 10709
f 5022 10713 10706
f 10709 10711 10713
f 10713 1740 10712
f 10706 10712 5021
f 10706 5021 1735
f 1424 10716 10708
f 4340 10714 10716
f 10716 5025 10715
f 10708 10715 5020
f 22 10717 10714
f 10714 5023 10718
f 10714 10718 5025
f 5025 10722 10721
f 10718 10719 10722
f 10722 1738 10720
f 10721 10720 5024
f 5020 10724 10711
f 10715 10721 10724
f 10724 5024 10723
f 10711 10723 1740
f 1740 10728 10727
f 10723 10725 10728
f 10728 5029 10726
f 10727 10726 5028
f 5024 10731 10725
f 10720 10729 10731
f 10731 5026 10730
f 10725 10730 5029
f 5029 10735 10734
f 10730 10732 10735
f 10735 476 10733
f 10734 10733 5027
f 5028 10738 10737
f 10726 10734 10738
f 10738 5027 10736
f 10737 10736 1739
f 10712 5028 5021
f 5021 10737 5030
f 10737 1739 5030
f 1735 5030 478
f 478 5034 5033
f 478 10739 5034
f 10739 5031 5034
f 5034 1744 5032
f 5033 5034 10740
f 5034 5032 1743
f 1739 10742 10739
f 10736 10741 10742
f 10739 5037 5031
f 5027 10745 10741
f 10733 10743 10745
f 10745 5035 10744
f 10741 10744 5037
f 5037 10749 10748
f 10744 10746 10749
f 10749 1741 10747
f 10748 10747 5036
f 5037 10748 5031
f 5031 5036 1744
f 1744 5041 10751
f 5036 10754 10750
f 10747 10752 10754
f 10754 5038 10753
f 10750 10753 5041
f 5041 10758 10757
f 10753 10755 10758
f 10758 124 10756
f 10757 10756 5039
f 5040 10761 10760
f 10751 10757 10761
f 10761 5039 10759
f 10760 10759 1742
f 5032 5040 5042
f 473 1746 5044
f 5009 5044 1730
f 1736 5046 5043
f 10705 5033 5046
f 1746 5045 10762
f 5045 5049 5048
f 10740 477 5049
f 5048 5047 10763
f 10764 10763 1745
f 10762 5048 5051
f 5051 10766 5050
f 5051 10764 10766
f 10766 1745 10765
f 5010 5050 126
f 126 5054 1749
f 5050 10767 5054
f 10767 5052 10768
f 10769 1750 5053
f 5054 10769 5053
f 1745 10763 10767
f 10763 5057 10771
f 10767 10771 5052
f 5047 10773 10770
f 5049 10772 10773
f 10770 10773 5057
f 10773 1747 5057
f 5057 1747 10774
f 10775 10774 5056
f 5052 10775 10768
f 10775 5056 10776
f 10768 10776 1750
f 10776 5061 5059
f 1750 5059 5060
f 10774 10777 5056
f 5056 5058 5061
f 5061 482 5059
f 5060 5059 10780
f 10780 10779 1748
f 1749 5053 5063
f 5053 5064 10781
f 5053 5060 5064
f 5064 10784 10783
f 10784 1748 10782
f 10783 10782 5062
f 5063 10786 481
f 10781 10783 10786
f 10786 5062 10785
f 5042 10787 10772
f 10772 5067 5055
f 1742 10788 10787
f 10787 5065 10789
f 10787 10789 5067
f 10789 1753 5066
f 1742 10792 10788
f 10759 10790 10792
f 10792 5070 10791
f 10788 10791 5065
f 5039 10795 10790
f 10756 10793 10795
f 10795 5068 10794
f 10790 10794 5070
f 5070 10799 10798
f 10794 10796 10799
f 10799 1751 10797
f 10798 10797 5069
f 5065 10801 1753
f 10791 10798 10801
f 10801 5069 10800
f 1753 10803 10804
f 10800 10802 10803
f 10804 10803 5073
f 5069 10807 10802
f 10797 10805 10807
f 10807 5071 10806
f 10802 10806 5074
f 5074 10809 5072
f 10806 10808 10809
f 5073 5072 1752
f 5066 10810 10777
f 10777 5076 5058
f 5066 10804 10810
f 10810 1752 10811
f 5076 10811 5075
f 5058 5075 482
f 482 10813 5079
f 482 5075 10813
f 10813 5080 10812
f 10811 10814 10816
f 10816 5077 10815
f 5075 10815 5080
f 5080 10820 10819
f 10815 10817 10820
f 10820 1757 10818
f 10819 10818 5078
f 5079 10823 10822
f 10812 10819 10823
f 10823 5078 10821
f 10822 10821 1756
f 1752 10826 10814
f 5072 10824 10826
f 10826 5083 10825
f 10814 10825 5077
f 10824 5081 10827
f 10824 10827 5083
f 5083 10831 10830
f 10827 10828 10831
f 10831 1754 10829
f 10830 10829 5082
f 5077 10833 10817
f 10825 10830 10833
f 10833 5082 10832
f 10817 10832 1757
f 1757 10837 10836
f 10832 10834 10837
f 10837 5086 10835
f 10836 10835 5085
f 5082 10840 10834
f 10829 10838 10840
f 10840 5084 10839
f 10834 10839 5086
f 5086 10842 10843
f 10839 10841 10842
f 10843 10842 1755
f 5085 10843 1755
f 1756 10847 10846
f 10821 10844 10847
f 10847 5089 10845
f 10846 10845 5088
f 5078 10849 10844
f 10818 10836 10849
f 10849 5085 10848
f 10844 10848 5089
f 5089 10850 5087
f 10848 1755 10850
f 5088 10853 10852
f 10845 5087 10853
f 10853 5087 10851
f 10852 10851 480
f 10785 10854 10856
f 10856 5093 10855
f 10856 10855 5092
f 5062 10859 10854
f 10782 10857 10859
f 10859 5090 10858
f 10854 10858 5093
f 5093 10863 10862
f 10858 10860 10863
f 10863 1760 10861
f 10862 10861 5091
f 10855 10862 10865
f 10865 5091 10864
f 5092 10864 1759
f 1748 10867 10857
f 10779 5095 10867
f 10867 5095 10866
f 10857 10866 5090
f 5059 10778 5095
f 5095 10870 10869
f 10778 10822 10870
f 10870 1756 10868
f 10869 10868 5094
f 5090 10872 10860
f 10866 10869 10872
f 10872 5094 10871
f 10860 10871 1760
f 1760 10876 10875
f 10871 10873 10876
f 10876 5098 10874
f 10875 10874 5097
f 5094 10878 10873
f 10868 10846 10878
f 10878 5088 10877
f 10873 10877 5098
f 5098 10881 10880
f 10877 10852 10881
f 10881 480 10879
f 10880 10879 5096
f 5097 10884 10883
f 10874 10880 10884
f 10884 5096 10882
f 10883 10882 1758
f 1759 10888 10887
f 10864 10885 10888
f 10888 5101 10886
f 10887 10886 5100
f 5091 10890 10885
f 10861 10875 10890
f 10890 5097 10889
f 10885 10889 5101
f 5101 10893 10892
f 10889 10883 10893
f 10893 1758 10891
f 10892 10891 5099
f 5100 10896 10895
f 10886 10892 10896
f 10896 5099 10894
f 10895 10894 125
f 121 10898 4929
f 10571 10897 10898
f 10898 5104 4929
f 5015 10899 10897
f 10899 5102 10900
f 10897 10900 5104
f 10900 10901 10902
f 5104 1763 5103
f 4929 5104 1704
f 1733 5105 5102
f 5105 1761 5106
f 5102 5106 10903
f 10901 10903 1763
f 10903 5110 10904
f 10904 5110 5109
f 5106 5107 5110
f 5109 484 5108
f 1704 10905 10582
f 10582 10905 4932
f 5103 5109 5111
f 10905 5111 4932
f 474 10703 5105
f 10703 5113 5105
f 1731 5112 5113
f 1731 5011 10906
f 1731 10906 5112
f 5011 10907 10906
f 10906 10907 5114
f 5112 5114 1765
f 1765 5117 10908
f 1765 10908 5116
f 10907 5063 5114
f 5114 481 5115
f 5116 10908 1764
f 10908 5115 1764
f 1761 5118 10909
f 5113 5116 1761
f 5113 1765 5116
f 1761 5116 5118
f 5107 10909 484
f 10909 10910 10912
f 10912 5122 10911
f 10912 10911 5121
f 5118 10913 10910
f 10910 5119 5122
f 5122 1768 10914
f 10915 10914 5120
f 5121 10918 10917
f 10911 10915 10918
f 10918 5120 10916
f 10917 10916 1767
f 1764 10919 10913
f 10913 5124 10920
f 10913 10920 5119
f 5115 10856 10919
f 10919 5092 1759
f 5124 1759 5123
f 5119 5123 1768
f 1768 10921 10922
f 10922 10921 5126
f 10887 5100 5127
f 5127 10925 10924
f 5127 10895 10925
f 10925 125 10923
f 10924 10923 5125
f 5126 10927 10926
f 10921 10924 10927
f 10926 5125 1766
f 1767 10931 10930
f 10916 10928 10931
f 10931 5130 10929
f 10930 10929 5129
f 10914 10922 10928
f 10928 5126 10932
f 10928 10932 5130
f 5130 10935 10934
f 10932 10926 10935
f 10935 1766 10933
f 10934 10933 5128
f 5129 10938 10937
f 10929 10934 10938
f 10938 5128 10936
f 10937 10936 483
f 10587 5133 10939
f 10587 10939 4940
f 5111 5133 10587
f 1762 5131 5133
f 4940 10939 1707
f 10939 5132 1707
f 5108 5135 5131
f 5108 10941 5135
f 484 10912 10941
f 10941 5121 10940
f 5135 10944 10943
f 10940 10917 10944
f 10944 1767 10942
f 10943 10942 5134
f 5131 10945 1770
f 5131 10943 10945
f 10945 10946 5138
f 1770 5138 5137
f 5134 10948 10946
f 10942 10930 10948
f 10948 5129 10947
f 10946 10947 5138
f 5138 10949 5136
f 10947 10937 10949
f 5138 5136 1769
f 1707 10951 10590
f 1707 5132 10951
f 10951 5140 10950
f 10590 10950 4942
f 5133 1770 5132
f 5132 5137 5140
f 5140 10952 5139
f 10950 5140 10953
f 4942 10953 29
f 22 9931 10717
f 9931 5141 10717
f 4432 5141 9931
f 5023 5142 10719
f 10719 10954 1738
f 4430 5143 1771
f 1738 10956 10729
f 10956 5144 10955
f 10729 10955 5026
f 10954 1772 10957
f 5026 10959 10732
f 10955 5144 10959
f 10959 5144 10958
f 10732 10958 476
f 405 1775 5143
f 1474 5145 1775
f 1775 5147 5143
f 5145 1773 1775
f 1775 5148 5147
f 5148 10960 5147
f 10960 485 5147
f 5147 1776 1774
f 5143 5150 5149
f 5143 5147 5150
f 5150 1774 5149
f 5150 5147 1774
f 5149 10961 5151
f 5151 1778 1777
f 1778 129 5152
f 1778 5152 1777
f 1777 10962 486
f 476 10965 10743
f 10958 10963 10965
f 10965 5154 10964
f 10743 10964 5035
f 5144 10957 10963
f 10957 1780 10966
f 10963 10966 5154
f 5154 10966 10967
f 10967 10966 5153
f 5035 10969 10746
f 10964 10967 10969
f 10969 5153 10968
f 10746 10968 1741
f 1772 487 10957
f 487 1777 1780
f 5155 1780 1779
f 1741 5157 10752
f 10968 5153 5157
f 10752 10970 5038
f 10966 5155 5153
f 5153 5155 5157
f 5157 10971 10972
f 10972 10971 5156
f 5038 10974 10755
f 10970 10972 10974
f 10974 5156 10973
f 10755 10973 124
f 1468 5158 105
f 5158 10975 105
f 105 10975 5145
f 1468 5159 5158
f 10975 1781 1773
f 1773 5146 5148
f 1773 1781 5146
f 10960 490 485
f 402 5161 1781
f 10960 1783 490
f 490 5162 5164
f 1783 488 5162
f 5162 1784 5163
f 5162 5163 1787
f 5163 127 1786
f 1786 127 1785
f 1786 1785 1795
f 490 5164 485
f 485 1786 1789
f 1786 489 1789
f 1789 489 1788
f 1776 1789 129
f 129 1788 5165
f 1788 1793 5165
f 1788 1790 1793
f 1793 493 5173
f 1793 5173 1791
f 5165 1793 1792
f 1792 1791 10976
f 10976 1791 5166
f 10976 5166 10977
f 10976 10977 492
f 127 1836 1785
f 1795 1785 1794
f 1785 491 1794
f 1790 489 1794
f 1790 1794 493
f 1794 1796 31
f 493 1797 5167
f 10977 10978 10980
f 10980 5171 10979
f 492 10979 5170
f 5166 5168 10981
f 10978 10981 5171
f 5171 10985 10984
f 10981 10982 10985
f 10985 1799 10983
f 10984 10983 5169
f 5170 10988 10987
f 10979 10984 10988
f 10988 5169 10986
f 10987 10986 1798
f 1791 5173 5168
f 5173 493 5172
f 5168 5172 10982
f 10982 10989 1799
f 1799 5174 10990
f 5172 5167 5174
f 5172 493 5167
f 1798 10994 10993
f 10986 10991 10994
f 10994 5177 10992
f 10993 10992 5176
f 5169 10996 10991
f 10983 10990 10996
f 10991 10995 5177
f 5177 10998 10997
f 5176 11001 11000
f 10992 10997 11001
f 11001 5175 10999
f 11000 10999 128
f 124 11004 10793
f 10973 11002 11004
f 11004 5180 11003
f 10793 11003 5068
f 5156 11007 11002
f 10971 11005 11007
f 11007 5178 11006
f 11002 11006 5180
f 5180 11010 11009
f 11006 11008 11010
f 11009 1802 5179
f 5068 11012 10796
f 11003 11009 11012
f 11012 5179 11011
f 10796 11011 1751
f 1779 486 5178
f 486 1800 5181
f 5178 5181 11013
f 11008 11013 1802
f 11013 5181 5184
f 5181 495 11014
f 5184 11014 5183
f 5184 11015 11016
f 11016 11015 1801
f 1751 11019 10805
f 11011 11017 11019
f 11019 5186 11018
f 10805 11018 5071
f 5179 11020 11017
f 1802 11013 11020
f 11020 5184 11016
f 11017 11016 5186
f 5186 1801 11021
f 11021 1801 5185
f 5071 11022 10808
f 11018 11021 11022
f 10808 11022 479
f 10962 5187 11024
f 10962 11024 5189
f 11024 1804 5189
f 5189 1804 11025
f 5189 11025 5188
f 486 5189 1800
f 1777 5152 11023
f 5152 5191 11026
f 11023 11026 5187
f 5152 5165 5191
f 5191 1792 5190
f 5187 5191 1804
f 1804 11029 5193
f 5190 11027 11029
f 11029 5194 11028
f 11027 10976 11030
f 5194 11030 5192
f 5193 11028 11032
f 11028 5192 11031
f 11032 11031 1803
f 5181 5196 5182
f 11025 5193 11033
f 5188 11033 5196
f 5196 11036 11035
f 11033 11032 11036
f 11036 1803 11034
f 11035 11034 5195
f 11035 5195 5182
f 11037 5200 11038
f 495 11038 5199
f 5195 11040 11037
f 11040 5197 11039
f 11037 11039 5200
f 5200 11044 11043
f 11039 11041 11044
f 11044 1807 11042
f 11043 11042 5198
f 5199 11047 11046
f 11038 11043 11047
f 11047 5198 11045
f 11046 11045 1806
f 1803 11031 11034
f 11031 5192 5197
f 5170 10987 11049
f 11049 1798 11048
f 11049 11048 5201
f 5197 11051 11041
f 5197 11049 11051
f 11051 5201 11050
f 11041 11050 1807
f 1807 11055 11054
f 11050 11052 11055
f 11055 5204 11053
f 11054 11053 5203
f 5201 11057 11052
f 11048 10993 11057
f 11057 5176 11056
f 11052 11056 5204
f 5204 11059 11058
f 11056 11000 11059
f 11059 128 5202
f 5203 11062 11061
f 11053 11058 11062
f 11062 5202 11060
f 11061 11060 1805
f 1806 11066 11065
f 11045 11063 11066
f 11066 5207 11064
f 11065 11064 5206
f 5198 11068 11063
f 11042 11054 11068
f 11068 5203 11067
f 11063 11067 5207
f 5207 11070 11069
f 11067 11061 11070
f 11070 1805 5205
f 5206 11073 11072
f 11064 11069 11073
f 11073 5205 11071
f 11072 11071 494
f 479 11074 10824
f 11074 5210 5081
f 1801 11075 5185
f 5185 5208 11076
f 11074 11076 5210
f 5210 11080 11079
f 11076 11077 11080
f 11080 1809 11078
f 11079 11078 5209
f 5081 11082 10828
f 5081 11079 11082
f 11082 5209 11081
f 10828 11081 1754
f 1801 11015 11075
f 11015 5183 11075
f 5183 11085 11084
f 11014 11046 11085
f 11085 1806 11083
f 11084 11083 5211
f 5208 11087 11077
f 11075 11084 11087
f 11087 5211 11086
f 11077 11086 1809
f 1809 11091 11090
f 11086 11088 11091
f 11091 5214 11089
f 11090 11089 5213
f 5211 11093 11088
f 11083 11065 11093
f 11093 5206 11092
f 11088 11092 5214
f 5214 11096 11095
f 11092 11072 11096
f 11096 494 11094
f 11095 11094 5212
f 5213 5212 11097
f 11089 11095 5212
f 1754 11100 10838
f 11081 11098 11100
f 11100 5216 11099
f 10838 11099 5084
f 5209 11102 11098
f 11078 11090 11102
f 11102 5213 11101
f 11098 11101 5216
f 5216 11105 11104
f 11101 11097 11105
f 11105 1808 11103
f 11104 11103 5215
f 5084 11107 10841
f 11099 11104 11107
f 11107 5215 11106
f 10841 11106 30
f 23 1782 5160
f 5217 1811 1782
f 1782 1810 5219
f 1810 5218 5219
f 5218 498 488
f 1782 5219 5161
f 416 5220 5217
f 496 1822 5222
f 1812 497 5223
f 5223 5224 1814
f 1784 5223 5163
f 1503 24 108
f 108 1815 1817
f 1815 5225 1817
f 1817 501 11108
f 11108 501 1816
f 1811 1817 5221
f 496 1816 5226
f 5225 499 501
f 501 5227 5226
f 499 5228 1818
f 1820 1818 5230
f 5230 130 1819
f 1820 5230 5231
f 5231 1819 500
f 496 5226 1822
f 1820 5231 1821
f 1812 1821 132
f 132 1825 504
f 1821 11110 1825
f 1821 11109 11110
f 500 11111 11109
f 11111 5232 11112
f 11109 11112 5234
f 11112 11113 11114
f 11114 1823 5233
f 1825 1824 504
f 500 11116 11111
f 500 1819 11116
f 11116 5236 11115
f 11111 11115 5232
f 5236 11120 11119
f 1819 11117 11120
f 11120 1828 11118
f 11119 11118 5235
f 5232 11121 11113
f 11115 11119 11121
f 11121 5235 1823
f 130 5239 1819
f 130 5237 5239
f 5239 11122 11124
f 11124 1826 11123
f 11124 11123 5238
f 1819 11124 11117
f 11124 5238 11125
f 11117 11125 1828
f 1828 11129 11128
f 11125 11126 11129
f 11129 5243 11127
f 11128 11127 5242
f 5238 11132 11126
f 11123 11130 11132
f 11132 5240 11131
f 11126 11131 5243
f 5243 11136 11135
f 11131 11133 11136
f 11136 502 11134
f 11135 11134 5241
f 5242 11137 5244
f 11127 11135 11137
f 5244 5241 1827
f 1823 5244 5233
f 5235 5242 1823
f 11118 11128 5242
f 5233 1827 505
f 5248 11140 5247
f 5245 11138 11140
f 11140 1832 11139
f 5247 11139 5246
f 5247 5246 11141
f 5247 11141 1831
f 5241 5251 1827
f 1827 5251 5245
f 5241 11142 5251
f 11142 5249 5251
f 5251 11143 11144
f 11144 1829 5250
f 5245 11146 11138
f 5245 11144 11146
f 11146 5250 11145
f 11138 11145 1832
f 1832 11150 11149
f 11145 11147 11150
f 11150 5255 11148
f 11149 11148 5254
f 5250 11152 11147
f 1829 11151 11152
f 11152 5252 5255
f 5255 11154 11153
f 5255 5252 11154
f 11154 32 5253
f 5254 11156 1830
f 11148 11153 11156
f 11156 5253 11155
f 11141 11157 1831
f 5246 11139 11157
f 11139 5254 11157
f 11157 1830 5256
f 5257 5256 11158
f 504 5258 1834
f 504 1834 131
f 1824 1831 5258
f 505 5247 1831
f 5258 1831 5260
f 5258 5260 1834
f 1831 5257 5260
f 5257 11158 5260
f 5260 503 5259
f 1834 5259 1833
f 1834 1833 131
f 1814 5261 127
f 5261 1835 1836
f 1836 507 1785
f 497 132 5261
f 5261 504 1835
f 1835 1837 507
f 1835 504 1837
f 491 506 1796
f 507 1837 506
f 1796 506 1838
f 1796 1838 31
f 1839 508 1815
f 1815 1840 5225
f 4559 1551 5262
f 1551 5263 5262
f 5262 5263 1842
f 5263 1841 1842
f 508 1843 1845
f 5265 1845 1844
f 5265 1844 5266
f 1847 5268 5228
f 5266 509 11161
f 11161 509 11160
f 5268 11160 5267
f 5228 5268 1846
f 5268 5267 1846
f 5229 1846 130
f 111 10118 11159
f 10118 5270 1841
f 10116 11162 11163
f 11163 5269 5270
f 5270 1850 1841
f 10107 11164 11162
f 11162 5273 11165
f 11162 11165 5269
f 4544 11166 11164
f 4544 425 11166
f 11164 11166 5273
f 5273 11167 11168
f 11166 1848 11167
f 11168 11167 5272
f 5269 11170 1850
f 11165 11168 11170
f 11170 5272 11169
f 1850 5274 1849
f 11169 11171 5274
f 5272 11172 11171
f 11171 512 5274
f 1841 5275 1842
f 1841 1849 5275
f 425 1852 5271
f 5271 5276 1848
f 1542 25 5279
f 1542 5279 1852
f 1852 5279 5278
f 5277 510 5279
f 5278 510 1851
f 11172 5280 512
f 1852 5278 5276
f 5276 5278 5280
f 5280 5278 1851
f 512 5283 5291
f 5280 1851 5283
f 5281 1856 5282
f 510 1853 1851
f 1851 1853 5281
f 5281 1853 5362
f 5281 5362 5284
f 5284 5287 1856
f 1856 5287 11173
f 5284 5362 5287
f 5362 5285 5287
f 5287 133 11175
f 5287 5285 133
f 11175 11174 5286
f 5282 11178 11177
f 11173 11175 11178
f 11178 5286 11176
f 11177 11176 1854
f 5289 1854 11179
f 1855 5288 511
f 5264 5290 1843
f 5291 5283 1858
f 1858 1855 11180
f 1858 11180 5293
f 5294 511 11181
f 11182 11181 5292
f 5293 11185 11184
f 11180 11182 11185
f 11185 5292 11183
f 11184 11183 1857
f 1843 5296 134
f 5290 5293 5296
f 5296 11187 5295
f 5293 11184 11187
f 11187 1857 11186
f 134 11188 1861
f 11188 5297 1861
f 11186 11189 11188
f 5297 1862 1861
f 1857 11192 11189
f 11183 11190 11192
f 11192 5299 11191
f 11189 11191 5297
f 5292 11195 11190
f 11181 11193 11195
f 11195 5298 11194
f 11190 11194 5299
f 5299 11198 11197
f 11194 11196 11198
f 11191 11197 1862
f 1862 5300 5302
f 5300 515 5301
f 5302 5301 1860
f 1861 5302 5303
f 511 11201 11193
f 5288 11199 11201
f 11201 5306 11200
f 11193 11200 5298
f 11179 11202 11199
f 11199 5304 5306
f 5306 11203 11204
f 11204 1865 5305
f 5298 5305 11196
f 11200 11204 5305
f 11196 5305 1859
f 1854 11207 11202
f 11176 11205 11207
f 11207 5309 11206
f 11202 11206 5304
f 5286 11209 11205
f 11174 5414 11209
f 11209 5307 11208
f 11205 11208 5309
f 5309 11212 11211
f 11208 5307 11212
f 11212 1863 11210
f 11211 11210 5308
f 5304 11214 11203
f 11206 11211 11214
f 11214 5308 11213
f 11203 11213 1865
f 11213 5312 1865
f 1865 5312 11215
f 1865 11215 1864
f 5308 11217 5312
f 11210 5310 11217
f 11217 5310 11216
f 5312 11216 11215
f 11216 513 5311
f 1859 1864 5300
f 5300 1869 515
f 515 11218 5313
f 1864 5311 5300
f 5311 513 1866
f 5311 1866 1869
f 1869 5317 5316
f 1866 5314 1869
f 1869 5314 5317
f 5316 5317 5315
f 1868 11222 11221
f 5313 11219 11222
f 11222 5320 11220
f 11221 11220 5319
f 5313 11218 11219
f 11219 11218 5320
f 5320 11225 11224
f 11218 5315 11225
f 11225 1867 11223
f 11224 11223 5318
f 5319 11228 11227
f 11220 11224 11228
f 11228 5318 11226
f 5303 1860 514
f 514 1870 1871
f 1860 5322 1870
f 5301 5313 5322
f 5322 5313 1868
f 5321 5319 11229
f 5237 1874 5324
f 11122 5324 11230
f 11122 11230 1826
f 11160 5325 5327
f 5327 1872 11232
f 1846 5326 1874
f 1874 5329 5330
f 5326 11232 1874
f 11232 5328 11233
f 1874 11233 5329
f 11233 517 11235
f 5330 5329 11236
f 11237 11236 1873
f 1826 11240 11130
f 11230 11238 11240
f 11240 5332 11239
f 11130 11239 5240
f 11238 5330 11241
f 11238 11241 5332
f 5332 11244 11243
f 11241 11237 11244
f 11244 1873 11242
f 11243 11242 5331
f 5240 11246 11133
f 11239 11243 11246
f 11246 5331 11245
f 11133 11245 502
f 509 1876 11231
f 11231 1876 5325
f 5325 11247 1872
f 1844 5303 1876
f 1844 1861 5303
f 1872 5333 5328
f 5303 514 5335
f 5335 1875 5334
f 5328 11248 11234
f 5333 5335 11248
f 11234 11248 517
f 11248 5334 517
f 11235 5338 5337
f 5338 5334 5336
f 5337 11249 11250
f 5338 5336 11249
f 11250 11249 1878
f 5334 1875 1879
f 514 1871 1875
f 1879 5323 5340
f 1879 5340 5339
f 5339 11252 11251
f 1878 11256 11255
f 11249 11253 11256
f 11256 5343 11254
f 11255 11254 5342
f 5336 5339 11253
f 11253 11257 5343
f 5343 11260 11259
f 11257 11251 11260
f 11260 1877 11258
f 11259 11258 5341
f 5342 11263 11262
f 11254 11259 11263
f 11263 5341 11261
f 11262 11261 516
f 502 11266 11142
f 11245 11264 11266
f 11266 5346 11265
f 11142 11265 5249
f 5331 11269 11264
f 11242 11267 11269
f 11269 5344 11268
f 11264 11268 5346
f 5346 11273 11272
f 11268 11270 11273
f 11273 1881 11271
f 11272 11271 5345
f 5249 11275 11143
f 11265 11272 11275
f 11275 5345 11274
f 11143 11274 1829
f 1873 11276 11267
f 11276 5348 11277
f 11267 11277 5344
f 5329 11278 11276
f 11276 11278 5348
f 5348 11281 11280
f 11278 11250 11281
f 11281 1878 11279
f 11280 11279 5347
f 5344 11283 11270
f 11277 11280 11283
f 11283 5347 11282
f 11270 11282 1881
f 1881 11287 11286
f 11282 11284 11287
f 11287 5351 11285
f 11286 11285 5350
f 5347 11289 11284
f 11279 11255 11289
f 11289 5342 11288
f 11284 11288 5351
f 5351 11292 11291
f 11288 11262 11292
f 11292 516 11290
f 11291 11290 5349
f 5350 11295 11294
f 11285 11291 11295
f 11295 5349 11293
f 11294 11293 1880
f 1829 11298 11151
f 11274 11296 11298
f 11298 5353 11297
f 11151 11297 5252
f 5345 11300 11296
f 11271 11286 11300
f 11300 5350 11299
f 11296 11299 5353
f 11299 11294 5353
f 5353 1880 11301
f 11302 11301 5352
f 11297 11302 5252
f 5252 5352 32
f 1601 1882 1884
f 4698 439 1882
f 1884 520 5355
f 25 510 5277
f 5354 5355 510
f 5355 1883 510
f 439 5356 1882
f 1882 5356 520
f 1882 520 1884
f 518 1887 1889
f 1887 5357 11303
f 1887 11303 5358
f 510 5361 1853
f 510 1883 5361
f 5361 1891 1853
f 1853 5360 5362
f 1883 520 1891
f 5355 520 1883
f 520 1889 1891
f 1891 5359 5360
f 5360 519 1890
f 5362 1890 5285
f 10330 11306 11305
f 11305 5363 1894
f 1591 11309 11306
f 10323 11307 11309
f 11309 5365 11308
f 11306 11308 5363
f 4681 11310 11307
f 436 1892 11310
f 11307 11310 5365
f 11310 1892 5364
f 11308 5364 5363
f 5363 5364 5367
f 5363 5367 1894
f 5364 5366 5367
f 1894 5367 1885
f 436 4673 1892
f 4673 5368 1892
f 1588 5371 5368
f 10304 26 4670
f 4670 5369 5371
f 5371 5369 5370
f 5370 1895 11311
f 5368 5370 1897
f 1897 5373 5366
f 5370 11311 1897
f 11311 5372 1897
f 1897 5372 5373
f 5366 5373 1896
f 5366 1896 523
f 523 11312 5376
f 1896 11313 11312
f 11312 5374 5377
f 5377 11317 11316
f 5374 11314 11317
f 11317 1901 11315
f 11316 11315 5375
f 5376 11320 11319
f 5377 11316 11320
f 11320 5375 11318
f 11319 11318 1900
f 11313 5380 11321
f 11313 11321 5374
f 5373 11322 5380
f 5380 11323 5379
f 5374 11325 11314
f 11321 5379 11325
f 11325 5379 11324
f 11314 11324 1901
f 1901 11328 11327
f 11324 5383 11328
f 11328 5383 11326
f 11327 11326 5382
f 5379 11329 5383
f 5383 11329 5381
f 11329 135 11330
f 5382 11333 11332
f 11326 5381 11333
f 11333 5381 11331
f 11332 11331 1899
f 1900 11336 11335
f 11318 11334 11336
f 11336 5386 5385
f 5375 11338 11334
f 11315 11327 11338
f 11338 5382 11337
f 11334 11337 5386
f 5386 11340 11339
f 11337 11332 11340
f 11340 1899 11339
f 5385 11342 5389
f 5385 11339 11342
f 11342 5384 11341
f 5389 11341 522
f 518 1893 1887
f 1893 5387 1903
f 5387 11335 1903
f 1903 5385 5389
f 5389 11343 1902
f 1887 5388 5357
f 5357 5388 11345
f 5388 1902 11344
f 11345 11344 5390
f 5357 11345 11303
f 11345 5390 11346
f 11303 11346 136
f 136 11350 11349
f 11346 11347 11350
f 11350 5394 11348
f 11349 11348 5393
f 5390 11353 11347
f 11344 11351 11353
f 11353 5391 11352
f 11347 11352 5394
f 5394 11357 11356
f 11352 11354 11357
f 11357 1907 11355
f 11356 11355 5392
f 5393 11360 11359
f 11348 11356 11360
f 11360 5392 11358
f 11359 11358 1906
f 1902 5397 11351
f 11351 5397 11361
f 11351 11361 5391
f 1902 11364 5397
f 11343 11362 11364
f 11364 5395 11363
f 5397 11368 11367
f 11363 11365 11368
f 11368 1904 11366
f 11367 11366 5396
f 5391 11367 11354
f 11367 5396 11369
f 11354 11369 1907
f 1907 11373 11372
f 11369 11370 11373
f 11373 5401 11371
f 11372 11371 5400
f 5396 11376 11370
f 11366 11374 11376
f 11376 5398 11375
f 11370 11375 5401
f 5401 11380 11379
f 11375 11377 11380
f 11380 525 11378
f 11379 11378 5399
f 5400 11383 11382
f 11371 11379 11383
f 11383 5399 11381
f 11382 11381 1905
f 1906 11358 524
f 5392 11385 5403
f 11355 11372 11385
f 11385 5400 11384
f 5403 11388 11387
f 11384 11382 11388
f 11388 1905 11386
f 11387 11386 5402
f 11358 11387 11389
f 522 11392 11362
f 11341 11390 11392
f 11392 5406 11391
f 11362 11391 5395
f 5384 11394 11390
f 11339 11393 11394
f 11390 11394 5406
f 5406 11395 11397
f 11395 1909 11396
f 11397 11396 5405
f 5395 11397 11365
f 11397 5405 11398
f 11365 11398 1904
f 1899 11400 11393
f 11331 11330 11400
f 11400 5408 11399
f 11393 11399 5404
f 11330 1908 11401
f 11330 11401 5408
f 5408 11401 11402
f 5404 11404 11395
f 11399 11402 11404
f 11404 5407 11403
f 11395 11403 1909
f 1904 11406 11374
f 11398 11405 11406
f 11406 5410 5398
f 5405 11396 11405
f 5398 11409 11377
f 5398 11407 11409
f 11409 5409 11408
f 11377 11408 525
f 11386 11410 5402
f 1905 11413 11410
f 11381 11411 11413
f 11413 5412 11412
f 11410 11412 5411
f 5285 1912 5414
f 1912 1911 5413
f 5414 1912 1863
f 1890 1910 5415
f 5415 5416 1911
f 5416 526 5417
f 5413 1911 513
f 519 5420 1910
f 519 5418 5420
f 11414 1914 5419
f 1888 5422 11415
f 5358 11417 1888
f 11304 11349 11417
f 11417 5393 11416
f 1888 11416 5422
f 5422 11419 11418
f 11416 11359 11419
f 11418 1906 5421
f 5418 11415 11414
f 11415 5421 11420
f 11414 11420 1914
f 1914 11421 11423
f 11421 5425 11422
f 11423 11422 5424
f 5421 524 5425
f 5425 524 11424
f 11425 11424 5423
f 11422 11425 5424
f 11426 5423 1913
f 1910 11427 5416
f 11427 5427 11428
f 5419 5424 11429
f 11427 11429 5427
f 5427 11432 11431
f 11429 11426 11432
f 11432 1913 11430
f 11431 11430 5426
f 5416 11434 526
f 11428 11431 11434
f 11434 5426 11433
f 526 11438 11437
f 11433 11435 11438
f 11438 5431 11436
f 11437 11436 5430
f 5426 11441 11435
f 11430 11439 11441
f 11441 5428 11440
f 11435 11440 5431
f 5431 11445 11444
f 11440 11442 11445
f 11445 1916 11443
f 11444 11443 5429
f 5430 11448 11447
f 11436 11444 11448
f 11448 5429 11446
f 11447 11446 1915
f 1913 11449 11439
f 5423 11424 11449
f 11439 11449 5428
f 11450 5433 5432
f 5428 11450 11442
f 11450 5432 11451
f 11442 11451 1916
f 1916 11455 11454
f 11451 11452 11455
f 11455 5435 11453
f 11454 11453 5434
f 5432 11456 11452
f 1915 11459 5436
f 11446 11457 11459
f 11459 5437 11458
f 5429 11461 11457
f 11443 11454 11461
f 11461 5434 11460
f 11457 11460 5437
f 5437 11463 11462
f 11458 11462 11464
f 513 1918 1866
f 1866 1918 5438
f 1911 5417 5440
f 1911 5440 1918
f 5417 5430 11465
f 5417 11465 5440
f 5440 11465 11466
f 11465 1915 11466
f 5440 5439 1918
f 5439 5443 11468
f 11468 5443 11467
f 11468 11467 5442
f 5439 11470 5443
f 11466 5436 11470
f 11470 5436 11469
f 5443 11471 11472
f 11469 11464 11471
f 11472 11471 5441
f 5442 5441 11474
f 11467 11472 5441
f 11474 11473 1917
f 1866 5438 5314
f 11468 5442 11475
f 5438 11475 5314
f 5314 11478 11477
f 11475 11474 11478
f 11478 1917 11476
f 11477 11476 5444
f 5314 11479 5317
f 5314 11477 11479
f 11479 5444 33
f 26 5447 5369
f 4747 5445 5447
f 4747 1613 5445
f 5447 11483 11482
f 5447 11480 11483
f 11483 1921 11481
f 11482 11481 5446
f 11482 5446 11484
f 5369 11484 1895
f 10475 11485 11487
f 11487 5450 11486
f 1613 11486 5445
f 4744 10472 11485
f 10472 5448 11488
f 11485 11488 5450
f 5450 11491 11490
f 11488 5448 11491
f 11491 1919 11489
f 11490 11489 5449
f 5445 11493 11480
f 11486 11490 11493
f 11493 5449 11492
f 11480 11492 1921
f 1921 11496 11495
f 11492 11494 11496
f 11496 5454 5453
f 5449 11499 11494
f 11489 11497 11499
f 11499 5451 11498
f 11494 11498 5454
f 5454 11503 11502
f 11498 11500 11503
f 11503 528 11501
f 11502 11501 5452
f 5453 11506 11505
f 5453 11502 11506
f 11506 5452 11504
f 11505 11504 1920
f 1895 11508 11311
f 11484 11507 11508
f 11311 11508 5372
f 5446 11510 11507
f 11481 11495 11510
f 11510 5453 11509
f 11507 11509 5456
f 11509 11505 11511
f 11511 1920 5455
f 11508 11511 5372
f 5372 5455 521
f 442 5459 1923
f 10451 4736 5459
f 10448 11512 11513
f 4736 11513 5459
f 5459 11513 1923
f 5448 5458 1919
f 1610 11516 11512
f 10441 11514 11516
f 11516 5462 11515
f 11512 11515 5457
f 4733 11517 11514
f 11517 5460 11518
f 11514 11518 5462
f 5462 11522 11521
f 11518 11519 11522
f 11522 1922 11520
f 11521 5461 5457
f 1923 5457 11523
f 5457 5464 11523
f 1919 11524 11497
f 11524 5466 11525
f 11497 11525 5451
f 1923 11523 11524
f 11524 5463 5466
f 11527 11526 5465
f 5451 11529 11500
f 11525 11527 11529
f 11529 5465 11528
f 11500 11528 528
f 528 11533 11532
f 11528 11530 11533
f 11533 5470 11531
f 11532 11531 5469
f 5465 11536 11530
f 11526 11534 11536
f 11536 5467 11535
f 11530 11535 5470
f 5470 11540 11539
f 11535 11537 11540
f 11540 1926 11538
f 11539 11538 5468
f 5469 11542 11541
f 11531 11539 11542
f 11541 5468 1925
f 5467 5471 11537
f 11537 11543 1926
f 11543 11544 11545
f 11545 5473 5472
f 1925 5476 5475
f 11538 11545 5472
f 5468 5472 5476
f 5476 11546 5474
f 5475 5476 527
f 5476 5474 527
f 521 5479 11548
f 11322 11548 5378
f 5455 11551 11547
f 5455 11549 11551
f 11551 5477 11550
f 11547 11550 5479
f 5479 11555 11554
f 11550 11552 11555
f 11555 1928 11553
f 11554 11553 5478
f 5378 11548 11323
f 11548 5478 11556
f 11323 11556 1898
f 1920 11559 11549
f 11504 11557 11559
f 11559 5481 11558
f 11549 11558 5477
f 5452 11561 11557
f 11501 11532 11561
f 11561 5469 11560
f 11557 11560 5481
f 5481 11564 11563
f 11560 11541 11564
f 11564 1925 11562
f 11563 11562 5480
f 5477 11566 11552
f 11558 11563 11566
f 11566 5480 11565
f 11552 11565 1928
f 1928 11570 11569
f 11565 11567 11570
f 11570 5484 11568
f 11569 11568 5483
f 5480 11571 11567
f 11562 1925 11571
f 11567 5475 5484
f 5484 11572 5482
f 5475 527 11572
f 11572 527 5482
f 5483 11568 5485
f 11568 5482 1927
f 11556 5486 11574
f 1898 11574 135
f 5478 11575 11573
f 11553 11569 11575
f 11573 5483 5486
f 5485 1927 11576
f 11574 5485 11577
f 116 11579 11517
f 11517 11578 5460
f 135 11577 1908
f 5485 11576 5488
f 11577 1929 11580
f 1927 11581 5487
f 5482 5489 11581
f 527 11582 5489
f 11582 5491 11583
f 5474 11584 11582
f 11546 5490 11584
f 11584 5490 5491
f 1631 4790 5492
f 4790 11586 5496
f 5496 11586 11587
f 11587 1930 5495
f 5496 11587 11585
f 11585 5495 11588
f 11585 11588 1931
f 11588 11589 11590
f 5495 11592 11589
f 11592 5497 11591
f 11589 11591 5500
f 5500 11593 5498
f 11591 529 11593
f 11593 529 5498
f 11595 5498 11594
f 5498 11597 11596
f 11596 5501 5502
f 27 5507 5494
f 5494 11601 5508
f 5494 5507 11601
f 5494 5508 11586
f 11586 11602 1930
f 1677 5510 5507
f 1934 5519 532
f 5507 532 5511
f 1936 5511 5535
f 11602 5508 11603
f 1930 11603 5497
f 5508 1935 11603
f 11603 11604 5512
f 5497 11603 529
f 459 1675 5509
f 5509 1939 1934
f 4887 5513 1937
f 5509 5514 1939
f 5514 5518 11605
f 11605 5518 5517
f 5514 5515 11606
f 11606 530 11607
f 11607 530 5516
f 5517 5516 1938
f 5518 11607 5516
f 1934 11605 5519
f 11605 5517 5519
f 5519 1938 532
f 532 5520 5522
f 5522 1943 5521
f 5516 11608 5520
f 11608 5523 5524
f 5524 5565 1940
f 5520 5524 1943
f 11609 5528 11610
f 1943 11610 5527
f 11609 5525 5528
f 5528 11614 11613
f 5528 11611 11614
f 11614 140 11612
f 11613 11612 5526
f 5527 11617 11616
f 11610 11613 11617
f 11617 5526 11615
f 11616 11615 1941
f 5521 11620 11619
f 5527 11616 11620
f 11620 1941 11618
f 11619 11618 5529
f 1942 11619 5530
f 5530 5529 531
f 11603 5512 11597
f 11597 5533 11621
f 11597 11621 5501
f 11604 5531 11622
f 5512 11622 5533
f 5533 11625 11624
f 11622 1945 11625
f 11625 1945 11623
f 11624 11623 5532
f 5501 11624 11598
f 11624 5532 5503
f 11598 5503 1932
f 1935 5535 5531
f 5531 5534 11626
f 1945 11627 11623
f 11623 5538 5537
f 5534 5530 11628
f 11627 11628 5538
f 5538 11628 11629
f 11629 531 5536
f 5538 11629 11630
f 11630 5536 1944
f 5537 11630 11631
f 11631 1944 5539
f 5503 11631 137
f 4871 1667 4870
f 119 1947 5540
f 5513 5544 1937
f 4870 5542 1947
f 4870 5541 5542
f 1947 5542 5543
f 5543 5542 1946
f 1937 5544 5514
f 5514 1946 5515
f 456 1664 5541
f 28 5545 1664
f 1664 1948 5546
f 5545 5629 1948
f 1664 5546 5549
f 1948 5547 5550
f 11632 533 5548
f 5546 11632 1949
f 5541 5549 535
f 5549 1949 5553
f 5553 5551 11633
f 11633 1953 5552
f 11633 5552 1952
f 5548 5556 5551
f 533 11634 5556
f 5556 11635 11636
f 11636 1950 5555
f 5551 5555 1953
f 1953 5555 11638
f 11638 5560 11637
f 11638 11637 5559
f 11639 5557 11640
f 5555 11640 5560
f 5560 11643 11642
f 11643 138 11641
f 11642 11641 5558
f 5559 11646 11645
f 11637 11642 11646
f 11646 5558 11644
f 11645 11644 1951
f 11647 5563 5562
f 5552 11638 11647
f 11638 5559 11648
f 11647 11648 5563
f 5563 11651 11650
f 11648 11645 11651
f 11651 1951 11649
f 11650 11649 5561
f 5562 11654 11653
f 5562 11650 11654
f 11654 5561 11652
f 11653 11652 534
f 530 5564 5523
f 5515 5564 530
f 5564 1955 5523
f 5523 11655 5565
f 1946 5566 5564
f 5542 5553 5566
f 5566 1952 1955
f 1955 5568 11655
f 1955 5569 5568
f 1952 11647 5569
f 5569 5562 11653
f 5569 11653 5567
f 11653 534 5567
f 5568 5567 11656
f 1940 11657 11609
f 11609 5571 5525
f 5565 11655 11657
f 11655 5568 11658
f 11657 11658 5571
f 5571 11658 11660
f 11658 1954 11659
f 11660 11659 5570
f 5525 11662 11611
f 5571 11660 11662
f 11662 5570 11661
f 11611 11661 140
f 140 11666 11665
f 11661 11663 11666
f 11666 5575 11664
f 11665 11664 5574
f 5570 11669 11663
f 11659 11667 11669
f 11669 5572 11668
f 11663 11668 5575
f 5575 11673 11672
f 11668 11670 11673
f 11673 1959 11671
f 11672 11671 5573
f 11664 11672 11674
f 11674 5573 1958
f 1954 11677 11667
f 11656 11675 11677
f 11677 5578 11676
f 11667 11676 5572
f 5567 11679 11675
f 5567 534 11679
f 11679 5576 11678
f 11675 11678 5578
f 5578 11683 11682
f 11678 11680 11683
f 11683 1956 11681
f 11682 11681 5577
f 5572 11685 11670
f 11676 11682 11685
f 11685 5577 11684
f 11670 11684 1959
f 1959 11686 5581
f 11686 5582 5581
f 5577 11688 11686
f 11681 11687 11688
f 11688 5579 5582
f 5582 11690 5580
f 5582 11689 11690
f 11690 539 5580
f 5581 5580 11691
f 11691 5580 1957
f 11671 5581 11692
f 11692 5581 11691
f 11692 11691 5583
f 11691 1957 538
f 5583 11691 538
f 11652 11693 534
f 534 5586 11694
f 534 11694 5576
f 5561 11697 11693
f 11649 11695 11697
f 11697 5584 11696
f 11693 11696 5586
f 5586 11701 11700
f 11696 11698 11701
f 11701 1962 11699
f 11700 11699 5585
f 5576 11703 11680
f 11694 11700 11703
f 11703 5585 11702
f 11680 11702 1956
f 1951 11706 11695
f 11644 11704 11706
f 11706 5589 11705
f 11695 11705 5584
f 5558 11709 11704
f 11641 11707 11709
f 11709 5587 11708
f 11704 11708 5589
f 5589 11713 11712
f 11708 11710 11713
f 11713 1960 11711
f 11712 11711 5588
f 5584 11715 11698
f 11705 11712 11715
f 11715 5588 11714
f 11698 11714 1962
f 1962 11719 11718
f 11714 11716 11719
f 11719 5593 11717
f 11718 11717 5592
f 5588 11722 11716
f 11711 11720 11722
f 11722 5590 11721
f 11716 11721 5593
f 5593 11721 5591
f 11721 536 11723
f 5592 11725 11724
f 11717 5591 11725
f 11725 5591 1961
f 1956 11728 11687
f 11702 11726 11728
f 11728 5595 11727
f 11687 11727 5579
f 5585 11730 11726
f 11699 11718 11730
f 11730 5592 11729
f 11726 11729 5595
f 5595 11733 11732
f 11729 11724 11733
f 11733 1961 11731
f 11732 11731 5594
f 5579 11735 11689
f 11727 11732 11735
f 11735 5594 11734
f 11689 11734 539
f 11734 11736 11738
f 11738 5599 11737
f 539 11737 5598
f 5594 11741 11736
f 11731 11739 11741
f 11741 5596 11740
f 11736 11740 5599
f 5599 11742 11743
f 11743 1966 5597
f 5598 11743 5597
f 1961 11744 11739
f 11739 5602 11745
f 11739 11745 5596
f 5591 11723 11744
f 11723 5600 11747
f 11744 11747 5602
f 5602 11750 11745
f 11747 11748 11750
f 11750 1963 11749
f 11745 11749 5601
f 5596 5601 11751
f 11742 11751 1966
f 1966 5605 11753
f 11751 5601 5605
f 11753 11752 5604
f 11749 5603 11755
f 5601 11755 5605
f 5605 11757 11752
f 11755 11756 11757
f 5604 11752 1964
f 5597 11759 11758
f 1966 11753 11759
f 11758 11759 1964
f 11759 5604 1964
f 11758 1964 5607
f 5607 5606 537
f 538 11760 11762
f 11760 5609 11761
f 11762 11761 5610
f 11760 5608 5609
f 5608 1969 5609
f 5610 11765 11764
f 11761 5609 11765
f 11765 5609 11763
f 11764 11763 1968
f 5580 11766 1957
f 1957 5611 5608
f 5580 539 11766
f 11766 5598 11767
f 11766 11767 5611
f 11767 5597 1965
f 5608 5611 1969
f 11758 5607 1969
f 5607 537 5612
f 1969 5607 5612
f 11763 5613 1976
f 5612 1967 6225
f 5612 6225 139
f 1976 5612 139
f 5539 5616 11768
f 1944 11769 5539
f 5539 5614 5616
f 5616 1971 5615
f 11768 5616 11770
f 11770 5615 11600
f 11769 1970 5614
f 5536 11771 11769
f 11769 11771 1970
f 11771 5617 1970
f 5614 1970 11772
f 5614 11772 1971
f 11772 541 13870
f 5615 11772 13870
f 531 1973 11771
f 5529 5618 1973
f 11618 1941 5618
f 11615 11773 11774
f 1941 5620 5618
f 5526 11775 11773
f 11612 11665 11775
f 11773 5574 5620
f 5620 1958 5619
f 5618 5620 1973
f 5619 11776 5621
f 1958 5573 11776
f 11776 5583 5621
f 5621 11777 1972
f 1973 5621 541
f 541 11778 1975
f 1972 11779 11778
f 11778 5622 5624
f 11780 1976 5623
f 1972 11781 11779
f 11779 5625 5622
f 1972 11777 11781
f 11777 5610 11782
f 11781 11782 5625
f 5625 11784 11783
f 11782 11764 11784
f 11783 1968 1976
f 5622 11783 11780
f 5623 1976 1974
f 1968 11763 1976
f 5623 1974 1975
f 1978 1975 5626
f 1978 5626 5627
f 5626 540 1977
f 28 4993 5545
f 4993 5628 5545
f 5545 11785 5629
f 5628 1981 11785
f 1722 10697 10701
f 10701 5632 5628
f 4990 471 11786
f 5632 11789 11788
f 11786 11787 11789
f 11789 1979 11788
f 5632 11788 1981
f 5631 5635 5634
f 11788 11790 5635
f 5635 544 5634
f 1948 11791 5547
f 11791 5637 5547
f 5629 11785 11791
f 11785 5634 5637
f 5547 11792 11632
f 11632 5636 533
f 11793 5640 5630
f 4982 11795 11793
f 10670 11794 11795
f 11795 5638 5640
f 5640 11796 11797
f 5640 11797 5639
f 5630 11799 11787
f 5630 5640 11799
f 11799 5639 11798
f 11787 11798 1979
f 10661 11800 11794
f 11794 5642 5638
f 4979 11803 11800
f 10658 11801 11803
f 11803 5641 11802
f 11800 11802 5642
f 11802 11804 11805
f 5638 5642 11796
f 1984 11809 11808
f 11796 11806 11809
f 11809 5646 11807
f 11808 11807 5645
f 5642 11812 11806
f 11805 11810 11812
f 11812 5643 11811
f 11806 11811 5646
f 5646 11816 11815
f 11811 11813 11816
f 11816 542 11814
f 11815 11814 5644
f 5645 11819 11818
f 11807 11815 11819
f 11819 5644 11817
f 11818 11817 1983
f 1979 11822 11790
f 11798 11820 11822
f 11822 5648 11821
f 11790 11821 5633
f 5639 11824 11820
f 11797 11808 11824
f 11824 5645 11823
f 11820 11823 5648
f 5648 11827 11826
f 11823 11818 11827
f 11827 1983 11825
f 11826 11825 5647
f 5633 11828 544
f 11821 11826 11828
f 11828 5647 544
f 11825 11830 11829
f 11829 5649 5652
f 5649 11831 5652
f 5652 1988 11832
f 5652 11832 5650
f 5651 11835 11834
f 11835 5650 11833
f 11834 11833 1987
f 1983 11838 11830
f 11817 11836 11838
f 11838 5655 11837
f 11830 11837 5649
f 5644 11841 11836
f 11814 11839 11841
f 11841 5653 11840
f 11836 11840 5655
f 5655 11845 11844
f 11840 11842 11845
f 11845 1985 11843
f 11844 11843 5654
f 5649 11847 11831
f 11837 11844 11847
f 11847 5654 11846
f 11831 11846 1988
f 1988 11851 11850
f 11846 11848 11851
f 11851 5659 11849
f 11850 11849 5658
f 5654 11854 11848
f 11843 11852 11854
f 11854 5656 11853
f 11848 11853 5659
f 5659 11858 11857
f 11853 11855 11858
f 11858 142 11856
f 11857 11856 5657
f 5658 11861 11860
f 11849 11857 11861
f 11861 5657 11859
f 11860 11859 1986
f 1987 11865 11864
f 11833 11862 11865
f 11865 5662 11863
f 11864 11863 5661
f 5650 11867 11862
f 11832 11850 11867
f 11867 5658 11866
f 11862 11866 5662
f 5662 11870 11869
f 11866 11860 11870
f 11870 1986 11868
f 11869 11868 5660
f 5661 11873 11872
f 11863 11869 11873
f 11873 5660 11871
f 11872 11871 543
f 533 11874 11634
f 11874 5665 11875
f 11634 11875 5554
f 11874 5663 5665
f 5665 11876 11875
f 11875 1990 5664
f 5554 5664 11635
f 11635 5664 1950
f 1980 11877 11792
f 1980 5667 11877
f 11792 11877 5663
f 1980 5651 5667
f 11878 1987 11879
f 11878 11879 5666
f 5663 11877 11876
f 11877 5666 11880
f 11876 11880 1990
f 1990 11884 11883
f 11880 11881 11884
f 11884 5670 11882
f 11883 11882 5669
f 5666 11886 11881
f 11879 11864 11886
f 11886 5661 11885
f 11881 11885 5670
f 5670 11889 11888
f 11885 11872 11889
f 11889 543 11887
f 11888 11887 5668
f 5669 11892 11891
f 11882 11888 11892
f 11892 5668 11890
f 11891 11890 1989
f 1950 11893 11639
f 11893 5672 5557
f 5664 11895 11893
f 1990 11883 11895
f 11895 5669 11894
f 11893 11894 5672
f 5672 11898 11897
f 11894 11891 11898
f 11898 1989 11896
f 11897 11896 5671
f 5557 11900 11640
f 5557 11897 11900
f 11900 5671 11899
f 11640 11899 138
f 122 11903 11801
f 10630 11901 11903
f 11903 5675 11902
f 11801 11902 5641
f 4958 11906 11901
f 10627 11904 11906
f 11906 5673 11905
f 11901 11905 5675
f 5675 11910 11909
f 11905 11907 11910
f 11910 1993 11908
f 11909 11908 5674
f 5641 11912 11804
f 11902 11909 11912
f 11912 5674 11911
f 11804 11911 1982
f 1711 11914 11904
f 11914 5678 11913
f 11904 11913 5673
f 4955 11916 10620
f 10617 11915 11916
f 10620 11916 5678
f 5678 11920 11919
f 11916 11917 11920
f 11920 1991 11918
f 11919 11918 5677
f 5673 11922 11907
f 11913 11919 11922
f 11922 5677 11921
f 11907 11921 1993
f 1993 11926 11925
f 11921 11923 11926
f 11926 5682 11924
f 11925 11924 5681
f 5677 11929 11923
f 11918 11927 11929
f 11929 5679 11928
f 11923 11928 5682
f 5682 11933 11932
f 11928 11930 11933
f 11933 546 11931
f 11932 11931 5680
f 5681 11936 11935
f 11924 11932 11936
f 11936 5680 11934
f 11935 11934 1992
f 1982 11939 11810
f 11911 11937 11939
f 11939 5684 11938
f 11810 11938 5643
f 5674 11941 11937
f 11908 11925 11941
f 11941 5681 11940
f 11937 11940 5684
f 5684 11944 11943
f 11940 11935 11944
f 11944 1992 11942
f 11943 11942 5683
f 11938 11943 11813
f 11813 5683 11945
f 11813 11945 542
f 468 10598 11915
f 10598 5687 11947
f 11915 11947 5676
f 4946 10597 11946
f 10597 5685 5687
f 5687 11950 5686
f 5687 11948 11950
f 11950 1996 11949
f 5676 11947 11917
f 11947 5686 11951
f 11917 11951 1991
f 1708 11954 5685
f 10594 11952 11954
f 11954 5690 11953
f 4943 11957 11952
f 10591 11955 11957
f 11957 5688 11956
f 11952 11956 5690
f 5690 11961 11960
f 11956 11958 11961
f 11961 1994 11959
f 11960 11959 5689
f 5685 11963 11948
f 11953 11960 11963
f 11963 5689 11962
f 11948 11962 1996
f 1996 11967 11966
f 11962 11964 11967
f 11967 5694 11965
f 11966 11965 5693
f 5689 11970 11964
f 11959 11968 11970
f 11970 5691 11969
f 11964 11969 5694
f 5694 11974 11973
f 11969 11971 11974
f 11974 545 11972
f 11973 11972 5692
f 5693 11977 11976
f 11965 11973 11977
f 11977 5692 11975
f 11976 11975 1995
f 1991 11980 11927
f 11951 11978 11980
f 11980 5696 11979
f 11927 11979 5679
f 5686 11982 11978
f 11949 11966 11982
f 11982 5693 11981
f 11978 11981 5696
f 5696 11985 11984
f 11981 11976 11985
f 11985 1995 11983
f 11984 11983 5695
f 5679 11987 11930
f 11979 11984 11987
f 11987 5695 11986
f 11930 11986 546
f 546 11991 11990
f 11986 11988 11991
f 11991 5700 11989
f 11990 11989 5699
f 5695 11994 11988
f 11983 11992 11994
f 11994 5697 11993
f 11988 11993 5700
f 5700 11995 11996
f 11993 5697 11995
f 11996 11995 5698
f 5699 11999 11998
f 11989 11996 11999
f 11999 5698 11997
f 11998 11997 1999
f 1995 12001 11992
f 11975 12000 12001
f 11992 12001 5697
f 5692 12002 12000
f 11972 5701 12002
f 12000 12002 5703
f 12002 12003 12004
f 5703 12004 5702
f 12001 5702 2000
f 2000 5702 12005
f 2000 12005 1998
f 12004 5704 12007
f 5702 12011 12010
f 12007 12008 12011
f 12011 141 12009
f 12010 12009 5705
f 12005 12010 12012
f 1999 12014 12013
f 11997 5698 12014
f 11995 1998 5706
f 542 12018 11839
f 11945 12016 12018
f 12018 5710 12017
f 11839 12017 5653
f 5683 12021 12016
f 11942 12019 12021
f 12021 5708 12020
f 12016 12020 5710
f 5710 12025 12024
f 12020 12022 12025
f 12025 2001 12023
f 12024 12023 5709
f 5653 12027 11842
f 12017 12024 12027
f 12027 5709 12026
f 11842 12026 1985
f 1992 12030 12019
f 11934 12028 12030
f 12030 5712 12029
f 12019 12029 5708
f 5680 12032 12028
f 11931 11990 12032
f 12032 5699 12031
f 12028 12031 5712
f 5712 12035 12034
f 12031 11998 12035
f 12035 1999 12033
f 12034 12033 5711
f 5708 12037 12022
f 12029 12034 12037
f 12037 5711 12036
f 12022 12036 2001
f 2001 12041 12040
f 12036 12038 12041
f 12041 5715 12039
f 12040 12039 5714
f 5711 12043 12038
f 12033 12013 12043
f 12043 5707 12042
f 12038 12042 5715
f 5715 12044 12045
f 12042 12015 12044
f 12045 12044 5713
f 5714 12039 12047
f 12039 5713 12046
f 1985 12050 11852
f 12026 12048 12050
f 12050 5717 12049
f 11852 12049 5656
f 5709 12052 12048
f 12023 12040 12052
f 12052 5714 12051
f 12048 12051 5717
f 5717 12055 12054
f 12051 12047 12055
f 12054 12053 5716
f 5656 12057 11855
f 12049 12054 12057
f 12057 5716 12056
f 11855 12056 142
f 142 12059 12058
f 12009 12060 12061
f 138 12064 11707
f 11899 12062 12064
f 12064 5722 12063
f 11707 12063 5587
f 5671 12067 12062
f 11896 12065 12067
f 12067 5720 12066
f 12062 12066 5722
f 5722 12071 12070
f 12066 12068 12071
f 12071 2004 12069
f 12070 12069 5721
f 5587 12073 11710
f 12063 12070 12073
f 12073 5721 12072
f 11710 12072 1960
f 1989 12076 12065
f 11890 12074 12076
f 12076 5725 12075
f 12065 12075 5720
f 5668 12079 12074
f 11887 12077 12079
f 12079 5723 12078
f 12074 12078 5725
f 5725 12078 12082
f 12078 2002 12081
f 12082 12081 5724
f 5720 12082 12068
f 12082 5724 12083
f 12068 12083 2004
f 2004 12085 12084
f 12083 5724 12085
f 12085 5729 12084
f 5724 12086 5729
f 5729 12088 5727
f 12086 5726 12088
f 12088 548 12087
f 5728 12091 12090
f 12084 5727 12091
f 12091 5727 12089
f 12090 12089 2003
f 1960 12094 11720
f 12072 12092 12094
f 12094 5731 12093
f 11720 12093 5590
f 5721 12096 12092
f 12069 12084 12096
f 12096 5728 12095
f 12092 12095 5731
f 5731 12099 12098
f 12095 12090 12099
f 12099 2003 12097
f 12098 12097 5730
f 5590 12101 536
f 12093 12098 12101
f 12101 5730 12100
f 543 12104 12077
f 11871 12102 12104
f 12104 5734 12103
f 12077 12103 5723
f 5660 12107 12102
f 11868 12105 12107
f 12107 5732 12106
f 12102 12106 5734
f 5734 12109 12103
f 12106 12108 12109
f 12109 2005 5733
f 5723 12103 12080
f 12103 5733 2002
f 1986 12112 12105
f 11859 12110 12112
f 12112 5736 12111
f 12105 12111 5732
f 5657 12114 12110
f 11856 12058 12114
f 12114 5718 12113
f 12110 12113 5736
f 5736 12117 12116
f 12116 12115 5735
f 5732 12119 12108
f 12111 12116 12119
f 12119 5735 12118
f 12108 12118 2005
f 2005 12123 12122
f 12118 12120 12123
f 12123 5738 12121
f 12122 12121 5737
f 12121 12124 12125
f 2002 5740 12081
f 12081 12126 5726
f 5733 12128 5740
f 5733 12122 12128
f 12128 5737 12127
f 5740 12127 12126
f 12130 5739 12129
f 5726 12129 548
f 548 12133 12132
f 12129 5739 12133
f 12133 5743 12131
f 12132 12131 5742
f 5742 12135 12136
f 12131 12134 12135
f 12136 12135 2006
f 2006 5745 12137
f 5744 12137 547
f 536 12140 11746
f 12100 12138 12140
f 12140 5748 12139
f 11746 12139 5600
f 5730 12143 12138
f 12097 12141 12143
f 12143 5746 12142
f 12138 12142 5748
f 5748 12147 12146
f 12142 12144 12147
f 12147 2008 12145
f 12146 12145 5747
f 5600 12149 11748
f 12139 12146 12149
f 12149 5747 12148
f 11748 12148 1963
f 2003 12152 12141
f 12089 12150 12152
f 12152 5750 12151
f 12141 12151 5746
f 5727 12154 12150
f 12087 12132 12154
f 12154 5742 12153
f 12150 12153 5750
f 5750 12156 5749
f 12153 12136 12156
f 12156 2006 12155
f 5746 12158 12144
f 12151 5749 12158
f 12158 5749 12157
f 12144 12157 2008
f 2008 5753 12159
f 5749 5744 5753
f 12155 12137 5744
f 5744 547 12160
f 5753 12160 5751
f 5752 5753 2007
f 1963 12163 11754
f 12148 12161 12163
f 12163 5755 12162
f 11754 12162 5603
f 5747 12165 12161
f 12145 12159 12165
f 12165 5752 12164
f 12161 12164 5755
f 5755 12168 12167
f 12164 5752 12168
f 12168 2007 12166
f 12167 12166 5754
f 5603 12170 11756
f 12162 12167 12170
f 12170 5754 12169
f 11756 12169 35
f 29 12172 11955
f 10953 5139 12172
f 12172 5758 12171
f 11955 12171 5688
f 5139 12173 5758
f 5758 12177 12176
f 12173 12174 12177
f 12177 2011 12175
f 12176 12175 5757
f 5688 12179 11958
f 12171 12176 12179
f 12179 5757 12178
f 11958 12178 1994
f 1769 5761 5756
f 5136 12183 12180
f 10949 12181 12183
f 12183 5759 12182
f 12180 12182 5761
f 5761 12187 12186
f 12182 12184 12187
f 12187 2009 12185
f 12186 12185 5760
f 5756 12189 12174
f 5756 12186 12189
f 12189 5760 12188
f 12174 12188 2011
f 2011 12193 12192
f 12188 12190 12193
f 12193 5765 12191
f 12192 12191 5764
f 5760 12196 12190
f 12185 12194 12196
f 12196 5762 12195
f 12190 12195 5765
f 5765 12200 12199
f 12195 12197 12200
f 12200 550 12198
f 12199 12198 5763
f 5764 12203 12202
f 12191 12199 12203
f 12203 5763 12201
f 12202 12201 2010
f 1994 12206 11968
f 12178 12204 12206
f 12206 5767 12205
f 11968 12205 5691
f 5757 12208 12204
f 12175 12192 12208
f 12208 5764 12207
f 12204 12207 5767
f 5767 12211 12210
f 12207 12202 12211
f 12211 2010 12209
f 12210 12209 5766
f 5691 12213 11971
f 12205 12210 12213
f 12213 5766 12212
f 11971 12212 545
f 483 12216 12181
f 10936 12214 12216
f 12216 5770 12215
f 12181 12215 5759
f 5128 12219 12214
f 10933 12217 12219
f 12219 5768 12218
f 12214 12218 5770
f 5770 12223 12222
f 12218 12220 12223
f 12223 2014 12221
f 12222 12221 5769
f 5759 12225 12184
f 12215 12222 12225
f 12225 5769 12224
f 12184 12224 2009
f 1766 12227 12217
f 12227 5773 12226
f 12217 12226 5768
f 10923 12228 12230
f 12230 5771 12229
f 5125 12229 5773
f 5773 12233 12232
f 12233 2012 12231
f 12232 12231 5772
f 5768 12235 12220
f 12226 12232 12235
f 12235 5772 12234
f 12220 12234 2014
f 2014 12239 12238
f 12234 12236 12239
f 12239 5777 12237
f 12238 12237 5776
f 5772 12242 12236
f 12231 12240 12242
f 12242 5774 12241
f 12236 12241 5777
f 5777 12246 12245
f 12241 12243 12246
f 12246 549 12244
f 12245 12244 5775
f 5776 12249 12248
f 12237 12245 12249
f 12249 5775 12247
f 12248 12247 2013
f 2009 12252 12194
f 12224 12250 12252
f 12252 5779 12251
f 12194 12251 5762
f 5769 12254 12250
f 12221 12238 12254
f 12254 5776 12253
f 12250 12253 5779
f 5779 12257 12256
f 12253 12248 12257
f 12257 2013 12255
f 12256 12255 5778
f 5762 12259 12197
f 12251 12256 12259
f 12259 5778 12258
f 12197 12258 550
f 550 12260 5781
f 12255 12261 12262
f 2013 12263 12261
f 12247 5775 12263
f 12263 5783 5780
f 12244 12264 12266
f 12266 5782 12265
f 5775 12265 5783
f 545 12269 5701
f 12212 12267 12269
f 12269 5786 12268
f 5766 12272 12267
f 12209 12270 12272
f 12272 5784 12271
f 12267 12271 5786
f 5786 12275 12274
f 12271 5784 12275
f 12275 2016 12273
f 12274 12273 5785
f 5701 12276 12003
f 12268 12274 12276
f 12276 5785 1997
f 12201 12277 12270
f 5763 5781 12277
f 1997 12279 12006
f 1997 5788 12279
f 12279 5788 12278
f 12006 12278 5704
f 5785 12273 5788
f 5788 12280 12281
f 5704 12283 12008
f 12278 12281 12283
f 12283 5787 12282
f 12008 12282 141
f 125 12285 12228
f 10894 12284 12285
f 12285 5791 5771
f 5099 12288 12284
f 10891 12286 12288
f 12288 5789 12287
f 12284 12287 5791
f 5791 12292 12291
f 12287 12289 12292
f 12292 2019 12290
f 12291 12290 5790
f 5771 5790 12229
f 5771 12291 5790
f 1758 5794 12286
f 10882 12293 5794
f 12286 5793 5789
f 5096 12295 12293
f 10879 12294 12295
f 12295 5792 5794
f 5794 2017 5793
f 5789 5793 12289
f 12289 12296 2019
f 2019 12298 12297
f 12296 5798 12298
f 12298 5798 12297
f 5793 5795 5798
f 5798 552 5796
f 5797 12299 12301
f 12299 5796 12300
f 12301 12300 2018
f 2012 12302 12240
f 12302 5800 12303
f 12240 12303 5774
f 5790 5797 12302
f 12290 12297 5797
f 5800 12306 12305
f 5800 12301 12306
f 12306 2018 12304
f 12305 12304 5799
f 5774 12308 12243
f 12303 12305 12308
f 12308 5799 12307
f 12243 12307 549
f 480 12311 12294
f 10851 12309 12311
f 12311 5803 12310
f 12294 12310 5792
f 5087 5801 12309
f 12309 12312 5803
f 5803 12316 12315
f 12312 12313 12316
f 12316 2022 12314
f 12315 12314 5802
f 5792 12317 2017
f 12310 12315 12317
f 1755 5805 10850
f 1755 12318 5805
f 10850 5805 5801
f 10842 30 12318
f 5801 5805 12313
f 5805 5804 12319
f 12313 12319 2022
f 2022 12323 12322
f 12319 12320 12323
f 12323 5809 12321
f 12322 12321 5808
f 5804 5806 12324
f 12320 12324 5809
f 5809 12327 12326
f 12324 551 12327
f 12327 551 12325
f 12326 12325 5807
f 5808 12330 12329
f 12321 12326 12330
f 12330 5807 12328
f 12329 12328 2021
f 12317 12331 12332
f 2017 12332 5795
f 5802 12334 12331
f 12314 12322 12334
f 12334 5808 12333
f 12331 12333 5811
f 5811 12337 12336
f 12333 12329 12337
f 12337 2021 12335
f 12336 12335 5810
f 12332 5810 12338
f 5795 12338 552
f 12338 5815 12339
f 552 12339 5814
f 12335 12340 12341
f 12341 5812 5815
f 5815 12343 12339
f 5815 12342 12343
f 12343 2026 5813
f 12339 5813 12344
f 5814 12344 2025
f 2021 12347 12340
f 12328 12345 12347
f 12347 5818 12346
f 12340 12346 5812
f 5807 12348 12345
f 12345 5816 5818
f 5818 12352 12351
f 5816 12349 12352
f 12352 2023 12350
f 12351 12350 5817
f 5812 12354 12342
f 12346 12351 12354
f 12354 5817 12353
f 12342 12353 2026
f 2026 12357 12356
f 12353 12355 12357
f 12357 5821 12356
f 5817 12360 12355
f 12350 12358 12360
f 12360 5819 12359
f 12355 12359 5821
f 5821 12364 12363
f 12359 12361 12364
f 12364 143 12362
f 12363 12362 5820
f 12356 12363 12366
f 12366 5820 12365
f 5813 12356 12367
f 5813 12367 5822
f 549 12370 12264
f 12307 12368 12370
f 12370 5824 12369
f 12264 12369 5782
f 5799 12373 12368
f 12304 12371 12373
f 12373 5823 12372
f 12368 12372 5824
f 5824 12376 12375
f 12372 12374 12376
f 5782 12377 2015
f 12369 12375 12377
f 2018 12378 12371
f 12378 5826 12379
f 12371 12379 5823
f 5796 552 12378
f 12378 5814 5826
f 5826 2025 5825
f 5823 12381 12374
f 12379 12380 12381
f 5820 12384 12382
f 12362 12383 12384
f 141 12388 12060
f 12282 12386 12388
f 12388 5828 12387
f 12060 12387 5719
f 11106 12389 5831
f 30 5831 2020
f 5215 11103 12389
f 11103 5829 12391
f 12389 12391 5831
f 5831 2029 5830
f 12391 12392 2029
f 11097 12393 1808
f 1808 5834 12394
f 12390 12394 5829
f 5212 12395 12393
f 12395 5832 2027
f 12393 2027 5834
f 5829 12397 12392
f 12394 5834 12397
f 12397 5833 12396
f 12392 12396 2029
f 12396 5835 5836
f 5835 12398 5836
f 5836 555 12399
f 5836 12399 2028
f 2029 5836 5837
f 2020 5830 5804
f 5830 5837 5806
f 5830 2029 5837
f 5806 2028 551
f 494 5832 12395
f 5205 5838 5839
f 5832 5839 2027
f 2031 5841 5842
f 5842 5841 2030
f 5839 5842 5835
f 5842 2030 12400
f 12400 2030 5843
f 5842 12400 12398
f 12398 5843 555
f 555 5847 12401
f 555 5843 5847
f 12401 5847 5846
f 2030 5844 5843
f 5843 5844 5847
f 5847 5845 12402
f 5846 12402 2034
f 5841 5848 5844
f 5841 553 5848
f 5845 5844 2035
f 5844 5853 12403
f 2035 12403 5852
f 5849 12405 5853
f 5849 12404 12405
f 12405 12406 12408
f 12408 146 12407
f 5853 12407 5851
f 5852 12411 12410
f 12403 5853 12411
f 12411 5851 12409
f 12410 12409 2033
f 12402 5856 2034
f 2034 5856 12412
f 5845 12413 5856
f 5856 12416 12415
f 5852 12410 12416
f 12416 2033 12414
f 12415 12414 5854
f 5855 12412 12417
f 12417 5854 554
f 551 12418 12348
f 12418 5859 12419
f 12348 12419 5816
f 12418 5857 5859
f 5859 2037 12421
f 12422 12421 5858
f 5816 12424 12349
f 12419 12422 12424
f 12424 5858 12423
f 12349 12423 2023
f 2028 12425 12418
f 12425 5861 5857
f 2028 12399 12425
f 12399 5846 12426
f 12425 12426 5861
f 5861 12428 12427
f 12426 5846 12428
f 12428 2034 5860
f 5857 5860 12420
f 2037 12432 12431
f 12420 12429 12432
f 12432 5864 12430
f 12431 12430 5863
f 5860 12433 12429
f 5860 5855 12433
f 12429 12433 5864
f 5864 12436 12435
f 12433 12417 12436
f 12436 554 12434
f 12435 12434 5862
f 5863 12439 12438
f 12430 12435 12439
f 12439 5862 12437
f 12438 12437 2036
f 2023 12442 12358
f 12423 12440 12442
f 12442 5866 12441
f 12358 12441 5819
f 5858 12444 12440
f 12421 12431 12444
f 12444 5863 12443
f 12440 12443 5866
f 5866 12447 12446
f 12443 12438 12447
f 12447 2036 12445
f 12446 12445 5865
f 5819 12449 12361
f 12441 12446 12449
f 12449 5865 12448
f 12361 12448 143
f 2038 558 5867
f 5840 5868 5869
f 5868 2039 5869
f 5840 5869 553
f 31 5871 2040
f 31 2040 5872
f 5870 5872 2042
f 2042 5874 2041
f 5874 556 5873
f 5874 5873 12451
f 2042 2041 12452
f 12452 2041 5875
f 2038 5876 558
f 558 12453 5879
f 5876 5875 12453
f 5875 5877 12455
f 5875 12455 5880
f 5880 12459 12458
f 12455 12456 12459
f 12459 2046 12457
f 12458 12457 5878
f 5879 12462 12461
f 12453 12458 12462
f 12462 5878 12460
f 12461 12460 2045
f 2041 12465 12454
f 12451 12463 12465
f 12465 5883 12464
f 12454 12464 5877
f 5873 12450 12463
f 12450 5881 12466
f 12463 12466 5883
f 5883 12470 12469
f 12466 12467 12470
f 12470 2043 12468
f 12469 12468 5882
f 5877 12472 12456
f 12464 12469 12472
f 12472 5882 12471
f 12456 12471 2046
f 2046 12475 12474
f 12471 12473 12475
f 12474 5887 5886
f 5882 12478 12473
f 12468 12476 12478
f 12478 5884 12477
f 12473 12477 5887
f 5887 12479 12480
f 12480 144 5885
f 12480 5885 2044
f 2045 557 5888
f 5878 12474 12460
f 12460 5886 557
f 5869 5889 12482
f 553 12482 5890
f 12482 2048 12484
f 553 5890 2032
f 2039 12485 12481
f 12485 5892 12486
f 12481 12486 5889
f 5867 558 12485
f 558 5879 12487
f 12485 12487 5892
f 5892 12490 12489
f 12487 12461 12490
f 12490 2045 12488
f 12489 12488 5891
f 5889 12492 12483
f 12486 12489 12492
f 12492 5891 12491
f 12483 12491 2048
f 2048 12496 12495
f 12491 12493 12496
f 12496 5895 12494
f 12495 12494 5894
f 5891 5888 12493
f 12488 2045 5888
f 12493 5888 5895
f 5894 12499 12498
f 12494 5895 12499
f 12499 5893 12497
f 12498 12497 2047
f 2032 5897 12501
f 12404 12501 5850
f 5890 12503 12500
f 12484 12495 12503
f 12503 5894 12502
f 12500 12502 5897
f 5897 12506 12505
f 12502 12498 12506
f 12506 2047 12504
f 12505 12504 5896
f 5850 12508 12406
f 12501 12505 12508
f 12508 5896 12507
f 12406 12507 146
f 146 12512 12511
f 12507 12509 12512
f 12512 5901 12510
f 12511 12510 5900
f 5896 12514 12509
f 12504 12513 12514
f 12514 5898 5901
f 5901 5898 2051
f 5900 2051 12516
f 2051 5899 12515
f 12516 12515 2050
f 2047 5903 12513
f 5895 557 5893
f 5898 5902 2051
f 2050 12515 12518
f 12515 5899 12517
f 12518 12517 5904
f 2051 5902 5899
f 5904 12519 561
f 557 5905 2049
f 144 12520 5885
f 5885 5906 5908
f 5908 2052 2054
f 5908 12521 2052
f 2054 2052 5907
f 5907 12522 5911
f 5911 5910 2053
f 5907 12524 12522
f 2052 12523 12524
f 12524 5909 12522
f 5911 12522 5910
f 12522 559 5910
f 5913 2057 12525
f 5912 5916 5913
f 12526 5914 5916
f 12527 2055 5915
f 2057 5915 5918
f 5915 5917 5919
f 12519 5920 5921
f 5921 2059 12528
f 143 12448 12383
f 12448 5925 12385
f 12383 12385 5827
f 12445 12532 12534
f 12534 5923 12533
f 5865 12533 5925
f 12533 12535 12537
f 12537 2062 12536
f 12537 12536 5924
f 2036 12540 12532
f 12437 12538 12540
f 12540 5928 12539
f 12532 12539 5923
f 5862 12541 12538
f 12434 554 12541
f 12541 5926 5928
f 5928 5926 12542
f 12542 2060 5927
f 5923 12544 12535
f 12539 12542 12544
f 12544 5927 12543
f 12535 12543 2062
f 12543 12545 12547
f 12547 5932 12546
f 12547 12546 5931
f 5927 12550 12545
f 5927 12548 12550
f 12550 5929 12549
f 12545 12549 5932
f 5932 12554 12553
f 12549 12551 12554
f 12554 563 12552
f 12553 12552 5930
f 12546 12553 12556
f 12556 5930 12555
f 5931 12555 2061
f 12536 12547 5924
f 5924 5931 12557
f 5854 5935 554
f 554 5935 12558
f 554 12558 5926
f 5854 12561 5935
f 12414 12559 12561
f 12561 5933 12560
f 5935 12564 5934
f 12560 12562 12564
f 12564 2064 12563
f 12558 5934 2060
f 2033 12567 12559
f 12409 12565 12567
f 12567 5937 12566
f 12559 12566 5933
f 5851 12569 12565
f 12407 12511 12569
f 12569 5900 12568
f 12565 12568 5937
f 5937 12572 12571
f 12568 12516 12572
f 12572 2050 12570
f 12571 12570 5936
f 5933 12574 12562
f 12566 12571 12574
f 12574 5936 12573
f 12562 12573 2064
f 2064 12578 12577
f 12573 12575 12578
f 12578 5940 12576
f 12577 12576 5939
f 5936 12580 12575
f 12570 12518 12580
f 12580 5904 12579
f 12575 12579 5940
f 5940 12582 12581
f 12579 5904 12582
f 12581 561 5938
f 5939 12585 12584
f 12576 12581 12585
f 12585 5938 12583
f 12584 12583 2063
f 2060 12588 12548
f 2060 12586 12588
f 12588 5942 12587
f 12548 12587 5929
f 5934 12590 12586
f 12563 12577 12590
f 12590 5939 12589
f 12586 12589 5942
f 5942 12593 12592
f 12589 12584 12593
f 12593 2063 12591
f 12592 12591 5941
f 5929 12595 12551
f 12587 12592 12595
f 12595 5941 12594
f 12551 12594 563
f 563 12599 12598
f 12594 12596 12599
f 12599 5946 12597
f 12598 12597 5945
f 5941 12602 12596
f 12591 12600 12602
f 12602 5943 12601
f 12596 12601 5946
f 5946 12606 12605
f 12601 12603 12606
f 12606 2067 12604
f 12605 12604 5944
f 5945 12609 12608
f 12597 12605 12609
f 12609 5944 12607
f 12608 12607 2066
f 2063 12612 12600
f 12583 12610 12612
f 12612 5948 12611
f 12600 12611 5943
f 5938 12614 12610
f 561 12519 12614
f 12614 5921 12613
f 12610 12613 5948
f 5948 12616 12615
f 12613 12528 12616
f 12616 2059 5947
f 5943 12618 12603
f 12611 12615 12618
f 12618 5947 12617
f 12603 12617 2067
f 2067 12621 12620
f 12617 12619 12621
f 12620 5950 5949
f 5947 12529 12619
f 5949 12622 2065
f 5950 145 12622
f 12622 145 2065
f 12607 12623 5953
f 5944 12625 12623
f 12604 12620 12625
f 12625 5949 12624
f 12623 12624 5953
f 5953 12628 12627
f 12624 2065 12628
f 12628 2065 12626
f 12627 12626 5951
f 5952 5951 12629
f 5952 12629 562
f 12555 12631 12632
f 2061 5955 5954
f 5930 12634 12631
f 12552 12598 12634
f 12634 5945 12633
f 12631 12633 5955
f 5955 12608 12630
f 2066 5952 5956
f 12635 5959 12636
f 1838 12636 5871
f 12635 5957 5959
f 5959 12639 12638
f 5959 5957 12639
f 12639 2068 12637
f 12638 12637 5958
f 12636 5958 12640
f 5871 12640 2070
f 5958 12643 12640
f 12637 12641 12643
f 12643 5960 12642
f 12640 12642 5962
f 5962 12647 12646
f 12642 12644 12647
f 12647 566 12645
f 12646 12645 5961
f 2070 12650 12649
f 2070 12646 12650
f 12650 5961 12648
f 12649 12648 2069
f 2040 5963 5872
f 12649 2069 12651
f 5872 5963 556
f 506 2073 12635
f 12635 2073 5957
f 506 2071 2073
f 5957 2073 2068
f 2073 564 2072
f 2068 12652 12641
f 2073 2072 12652
f 12641 12652 5960
f 12652 2072 12644
f 12644 5964 566
f 566 5968 12653
f 12654 12653 5967
f 5964 5965 5968
f 5968 12655 5966
f 5967 12653 12657
f 12653 5966 12656
f 12657 12656 2076
f 2072 564 5965
f 5965 5970 12658
f 5965 12658 2077
f 2077 12658 12655
f 12658 5974 12659
f 12655 12659 5973
f 5970 5971 12660
f 5970 12660 5974
f 5974 12664 12663
f 12660 12661 12664
f 12664 149 12662
f 12663 12662 5972
f 5973 12667 12666
f 12659 12663 12667
f 12667 5972 12665
f 12666 12665 2075
f 2076 12671 12670
f 12656 12668 12671
f 12671 5977 12669
f 12670 12669 5976
f 5966 12673 12668
f 12673 5973 12672
f 12668 12672 5977
f 5977 12675 12674
f 12672 12666 12675
f 12674 2075 5975
f 5976 12678 12677
f 12669 12674 12678
f 12678 5975 12676
f 12677 12676 565
f 556 5980 5881
f 12651 5978 5980
f 5980 2079 12681
f 5881 12681 5979
f 5881 5979 12467
f 12467 12682 2043
f 2069 12685 12679
f 12648 12683 12685
f 12685 5982 12684
f 12679 12684 5978
f 5961 12654 12683
f 12654 5967 12686
f 12683 12686 5982
f 5982 12689 12688
f 12686 12657 12689
f 12689 2076 12687
f 12688 12687 5981
f 5978 12691 12680
f 12684 12688 12691
f 12691 5981 12690
f 12680 12690 2079
f 2079 12695 12694
f 12690 12692 12695
f 12695 5985 12693
f 12694 12693 5984
f 5981 12697 12692
f 12687 12670 12697
f 12697 5976 12696
f 12692 12696 5985
f 5985 12700 12699
f 12696 12677 12700
f 12700 565 12698
f 12699 12698 5983
f 5984 12703 12702
f 12693 12699 12703
f 12703 5983 12701
f 12702 12701 2078
f 2043 12705 12476
f 12682 12704 12705
f 12705 5987 5884
f 5979 12707 12704
f 12681 12694 12707
f 12707 5984 12706
f 12704 12706 5987
f 5987 12709 12708
f 12706 12702 12709
f 12708 2078 5986
f 5884 12708 12479
f 12479 5986 144
f 131 2082 2071
f 5259 5988 1833
f 1833 2080 5989
f 5989 5990 569
f 2071 2081 564
f 2082 2081 2071
f 503 5993 5988
f 1830 5991 5993
f 5993 2085 5992
f 5993 5992 2080
f 5253 12710 5991
f 5991 5994 5995
f 5994 12711 5995
f 5995 2083 2085
f 5991 5995 2085
f 2085 12712 12714
f 12714 5999 12713
f 12714 12713 5998
f 2083 12715 12712
f 12712 5996 12716
f 12712 12716 5999
f 5999 12720 12719
f 12716 12717 12720
f 12720 567 12718
f 12719 12718 5997
f 12713 12719 12722
f 12722 5997 12721
f 12722 12721 2084
f 2080 6001 5990
f 5992 12714 2080
f 2080 5998 6001
f 5998 12722 6000
f 6000 2084 12723
f 5990 12724 569
f 12724 6005 6004
f 6000 12723 6005
f 12723 6002 6005
f 6005 2088 12726
f 2084 12729 12725
f 12721 12727 12729
f 12729 6008 12728
f 12725 12728 6002
f 5997 12732 12727
f 12718 12730 12732
f 12732 6006 12731
f 12727 12731 6008
f 6008 12733 12734
f 12731 2086 12733
f 12734 12733 6007
f 6002 12734 2088
f 2088 6007 12726
f 6003 147 568
f 2081 2090 5969
f 5969 6009 12735
f 5969 12735 2074
f 569 6004 2087
f 2081 6003 2090
f 2090 6003 12737
f 6009 12736 2089
f 12735 6012 12738
f 2074 12738 5971
f 12735 12739 6012
f 6012 12742 12741
f 12739 2089 12742
f 12742 2089 12740
f 12741 12740 6011
f 5971 12744 12661
f 12738 12741 12744
f 12744 6011 12743
f 12661 12743 149
f 149 12748 12747
f 12743 12745 12748
f 12748 6016 12746
f 12747 12746 6015
f 6011 12751 12745
f 12740 12749 12751
f 12751 6013 12750
f 12745 12750 6016
f 6016 12755 12754
f 12750 12752 12755
f 12755 2094 12753
f 12754 12753 6014
f 6015 12758 12757
f 12746 12754 12758
f 12758 6014 12756
f 12757 12756 2093
f 2089 6018 12749
f 12736 6010 6018
f 12749 6018 6013
f 6018 6027 12759
f 12759 2091 6017
f 6013 12761 12752
f 6018 12759 12761
f 12761 6017 12760
f 12752 12760 2094
f 2094 12765 12764
f 12760 12762 12765
f 12765 6022 12763
f 12764 12763 6021
f 6017 6019 12762
f 12762 12766 6022
f 6022 12770 12769
f 12766 12767 12770
f 12770 573 12768
f 12769 12768 6020
f 6021 12772 2092
f 12763 12769 12772
f 12772 6020 12771
f 2093 12756 12773
f 12756 6025 6024
f 6014 12775 6025
f 12753 12764 12775
f 12775 6021 12774
f 12774 2092 6023
f 6026 2097 6027
f 147 2095 6026
f 147 6028 2095
f 6026 12776 2097
f 12776 570 12777
f 2097 6029 6030
f 6030 12778 2096
f 6027 2097 6030
f 2091 6030 12767
f 573 12782 12781
f 12767 12779 12782
f 12782 6034 12780
f 12781 12780 6033
f 6030 12785 12779
f 2096 12783 12785
f 12785 6031 12784
f 12779 12784 6034
f 6034 12789 12788
f 12784 12786 12789
f 12789 2101 12787
f 12788 12787 6032
f 6033 12792 12791
f 12780 12788 12792
f 12792 6032 12790
f 12791 12790 2100
f 2096 12794 12783
f 12794 6037 12793
f 12783 12793 6031
f 6029 12777 12778
f 12777 6035 12796
f 12778 12796 6037
f 6037 12800 12799
f 12796 12797 12800
f 12800 2098 12798
f 12799 12798 6036
f 6031 12802 12786
f 12793 12799 12802
f 12802 6036 12801
f 12786 12801 2101
f 12801 6041 12803
f 12803 6041 6040
f 12798 12804 6041
f 6041 6038 6039
f 6040 6039 2099
f 2100 12807 12806
f 12790 12805 12807
f 12807 6042 6043
f 12787 12803 12805
f 12805 6040 6042
f 6023 12808 572
f 2092 12809 12808
f 12808 6044 6046
f 6046 12813 12812
f 6046 12810 12813
f 12813 2104 12811
f 12812 12811 6045
f 572 12812 12815
f 12815 6045 12814
f 12815 12814 2103
f 2092 12818 12809
f 12771 12816 12818
f 12818 6048 12817
f 12809 12817 6044
f 6020 12820 12816
f 12768 12781 12820
f 12820 6033 12819
f 12816 12819 6048
f 6048 12823 12822
f 12819 12791 12823
f 12823 2100 12821
f 12822 12821 6047
f 6044 12824 12810
f 12817 12822 12824
f 12810 6047 2104
f 2104 12825 12811
f 6047 6051 12825
f 12811 12825 6050
f 12821 12806 6051
f 6051 12826 12825
f 6051 6043 12826
f 12825 12826 6049
f 6050 6049 2102
f 2103 12830 12829
f 12814 12827 12830
f 12830 6054 12828
f 12829 12828 6053
f 6045 12832 12827
f 12832 6050 12831
f 12827 12831 6054
f 6054 12834 6052
f 12831 6050 12834
f 12834 2102 12833
f 6053 12837 12836
f 12828 6052 12837
f 12837 6052 12835
f 12836 12835 148
f 144 12840 12520
f 5986 12838 12840
f 12840 6057 12839
f 12520 12839 5906
f 12838 6055 6057
f 6057 12843 12842
f 6057 12841 12843
f 12843 2107 12842
f 5906 12845 12521
f 12839 12842 12845
f 12845 6056 12844
f 12521 12844 2052
f 2078 12847 12838
f 12701 12846 12847
f 12838 6059 6055
f 5983 12849 12846
f 12698 12848 12849
f 12846 12849 6059
f 6055 6059 12841
f 12841 6060 12850
f 2107 12850 6062
f 6059 2105 6060
f 6062 12850 2106
f 12844 12851 12523
f 12523 6064 12852
f 12523 12852 5909
f 6056 12854 12851
f 12842 2107 12854
f 12854 6062 12853
f 12851 12853 6064
f 6064 12857 12856
f 12853 6062 12857
f 12857 2106 12855
f 12856 12855 6063
f 5909 12859 559
f 12852 12856 12859
f 12859 6063 12858
f 565 12861 12848
f 12676 12860 12861
f 12861 6067 6058
f 5975 12862 12860
f 12860 6065 6067
f 6067 12863 6066
f 6058 6067 2105
f 2075 12864 12862
f 12665 6069 12864
f 12862 12864 6065
f 5972 12866 6069
f 12662 12747 12866
f 12866 6015 12865
f 6069 12865 12867
f 12865 2093 12773
f 12867 12773 6068
f 6065 12867 2109
f 2109 6068 12863
f 12863 6070 6071
f 12773 6024 6023
f 6068 6023 6070
f 6071 6070 2108
f 2105 6066 2108
f 2105 2108 6060
f 6066 6071 2108
f 6060 2108 575
f 2108 6074 575
f 2108 6072 6074
f 6074 12871 12870
f 6074 12868 12871
f 12871 2112 12869
f 12870 12869 6073
f 575 12870 12873
f 12873 6073 12872
f 12873 12872 2111
f 6070 572 6072
f 6072 12874 6075
f 6072 12815 12874
f 6072 6075 12868
f 2112 12878 12877
f 12868 12875 12878
f 12878 6078 12876
f 12877 12876 6077
f 6075 12880 12875
f 12874 12829 12880
f 12880 6053 12879
f 12875 12879 6078
f 6078 12883 12882
f 12879 12836 12883
f 12883 148 12881
f 12882 12881 6076
f 6077 12886 12885
f 12876 12882 12886
f 12886 6076 12884
f 12885 12884 2110
f 2111 12890 12889
f 12872 12887 12890
f 12890 6081 12888
f 12889 12888 6080
f 6073 12892 12887
f 12869 12877 12892
f 12892 6077 12891
f 12887 12891 6081
f 6081 12894 12893
f 12891 12885 12894
f 12894 2110 6079
f 6080 12897 12896
f 12888 12893 12897
f 12897 6079 12895
f 12896 12895 574
f 559 12899 12526
f 12858 12898 12899
f 12526 6084 5914
f 6063 12902 12898
f 12855 12900 12902
f 12902 6082 12901
f 12898 12901 6084
f 6084 12906 12905
f 12901 12903 12906
f 12906 2114 12904
f 12905 12904 6083
f 5914 12907 12527
f 6084 12905 12907
f 12527 6083 2055
f 2106 12850 12900
f 12850 6061 12908
f 12900 12908 6082
f 6082 12911 12903
f 12908 12909 12911
f 12911 6085 12910
f 12903 12910 2114
f 2114 12915 12914
f 12910 12912 12915
f 12915 6088 12913
f 12914 12913 6087
f 6085 12917 12912
f 12909 12889 12917
f 12917 6080 12916
f 12912 12916 6088
f 6088 12918 12919
f 12916 12896 12918
f 12919 12918 6086
f 6087 12922 12921
f 12913 12919 12922
f 12922 6086 12920
f 12921 12920 2113
f 6083 12924 2055
f 12904 12914 12924
f 12924 6087 12923
f 2055 12923 6089
f 12923 12921 12926
f 12926 2113 12925
f 12926 12925 36
f 6089 12926 36
f 32 5352 12710
f 12710 6092 5994
f 11301 12927 12929
f 12929 6090 12928
f 5352 12928 6092
f 6092 12933 12932
f 12928 12930 12933
f 12933 2117 12931
f 12932 12931 6091
f 5994 12932 12711
f 12711 6091 12934
f 12711 12934 2083
f 1880 12937 12927
f 11293 12935 12937
f 12937 6095 12936
f 12927 12936 6090
f 5349 12940 12935
f 11290 12938 12940
f 12940 6093 12939
f 12935 12939 6095
f 6095 12944 12943
f 12939 12941 12944
f 12944 2115 12942
f 12943 12942 6094
f 6090 12946 12930
f 12936 12943 12946
f 12946 6094 12945
f 12930 12945 2117
f 2117 12949 12948
f 12945 12947 12949
f 12948 6099 6098
f 6094 12951 12947
f 12942 12950 12951
f 12947 12951 6099
f 6099 578 12952
f 6098 12952 12953
f 12953 6097 2116
f 2083 12956 12715
f 12934 12954 12956
f 12956 6101 12955
f 12715 12955 5996
f 6091 12958 12954
f 12931 12948 12958
f 12958 6098 12957
f 12954 12957 6101
f 6101 12961 12960
f 12957 12953 12961
f 12961 2116 12959
f 12960 12959 6100
f 5996 12963 12717
f 12955 12960 12963
f 12963 6100 12962
f 12717 12962 567
f 516 12966 12938
f 11261 12964 12966
f 12938 12965 6093
f 12968 12967 6102
f 6093 12970 12941
f 12965 12968 12970
f 12970 6102 12969
f 12941 12969 2115
f 12972 12971 6104
f 12975 576 12973
f 12974 12973 6103
f 6104 12978 12977
f 12971 12974 12978
f 12978 6103 12976
f 12977 12976 2118
f 2115 12980 12950
f 12969 12979 12980
f 12980 6106 6096
f 6102 12982 12979
f 12982 12972 12981
f 12979 12981 6106
f 6106 12984 12983
f 12981 12977 12984
f 12984 2118 6105
f 6096 12983 578
f 12983 6105 578
f 6105 6107 6109
f 6109 2122 6108
f 578 6109 2121
f 6109 6108 2121
f 12976 12985 12987
f 12987 6112 12986
f 2118 12986 6107
f 6103 12990 12985
f 12973 12988 12990
f 12990 6110 12989
f 12985 12989 6112
f 6112 12994 12993
f 12989 12991 12994
f 12994 2119 12992
f 12993 12992 6111
f 12986 12993 6107
f 6107 6111 12995
f 6107 12995 2122
f 12995 6116 12997
f 2122 12997 6115
f 6111 13000 12996
f 12992 12998 13000
f 13000 6113 12999
f 12996 12999 6116
f 6116 13004 13003
f 12999 13001 13004
f 13004 150 13002
f 13003 13002 6114
f 12997 13003 13006
f 13006 6114 13005
f 6115 13005 2120
f 6118 13009 13008
f 6108 6115 13009
f 13009 2120 13007
f 13008 13007 6117
f 2121 6118 577
f 6118 6117 577
f 567 13012 12730
f 12962 13010 13012
f 13012 6121 13011
f 12730 13011 6006
f 6100 13015 13010
f 12959 13013 13015
f 13015 6119 13014
f 13010 13014 6121
f 6121 13014 13017
f 13014 2124 13016
f 13017 13016 6120
f 6006 13019 2086
f 13011 13017 13019
f 13019 6120 13018
f 2116 6097 13013
f 13013 6123 6119
f 6097 578 6122
f 6097 6122 6123
f 6123 6122 2124
f 2124 6122 13016
f 2121 577 2123
f 2086 13020 6007
f 13020 6124 6007
f 6120 13016 13020
f 6124 2123 6125
f 5318 13024 13022
f 11223 13023 13024
f 1867 13027 13023
f 5315 13025 13027
f 13027 6131 13026
f 13023 13026 6128
f 5315 13030 13025
f 5317 13028 13030
f 13030 6129 13029
f 13025 13029 6131
f 6131 13034 13033
f 13029 13031 13034
f 13034 2126 13032
f 13033 13032 6130
f 13026 13033 13036
f 13036 6130 13035
f 13035 13037 13039
f 13039 6135 13038
f 6130 13042 13037
f 13032 13040 13042
f 13042 6132 13041
f 13037 13041 6135
f 6135 13045 13044
f 13044 13043 6133
f 6134 13048 13047
f 13038 13044 13048
f 13048 6133 13046
f 13047 13046 2127
f 13050 2127 13049
f 13051 6140 13053
f 579 13053 6139
f 6136 13055 13052
f 13049 2127 13055
f 13055 6137 6140
f 13052 13055 6140
f 6140 2129 13056
f 6139 13059 13058
f 13053 13056 13059
f 13059 6138 13057
f 13058 13057 2128
f 2127 13062 13054
f 13046 13060 13062
f 13062 6141 13061
f 13054 13061 6137
f 6133 13064 13060
f 13060 13063 6141
f 6141 13066 13065
f 6137 13067 2129
f 13061 13065 13067
f 2128 13069 13068
f 576 13071 12988
f 13021 6127 13071
f 13071 6146 13070
f 12988 13070 6110
f 6127 6144 13072
f 6127 13072 6146
f 6146 13072 13074
f 13072 2131 13073
f 13074 13073 6145
f 6110 13076 12991
f 13070 13074 13076
f 13076 6145 13075
f 12991 13075 2119
f 6126 13077 6148
f 6148 13080 13079
f 13077 13058 13080
f 13080 2128 13078
f 13079 13078 6147
f 2125 13079 13081
f 6144 13081 2131
f 2131 13085 13084
f 13081 13082 13085
f 13085 6151 13083
f 13084 13083 6150
f 6147 13087 13082
f 13078 13068 13087
f 13087 6143 13086
f 13082 13086 6151
f 6151 13090 13089
f 13089 13088 6149
f 6150 13093 13092
f 13083 13089 13093
f 13093 6149 13091
f 13092 13091 2130
f 2119 13096 12998
f 13075 13094 13096
f 13096 6153 13095
f 12998 13095 6113
f 6145 13098 13094
f 13073 13084 13098
f 13098 6150 13097
f 13094 13097 6153
f 6153 13101 13100
f 13097 13092 13101
f 13101 2130 13099
f 13100 13099 6152
f 6113 13103 13001
f 13095 13100 13103
f 13103 6152 13102
f 13001 13102 150
f 150 13107 13106
f 13102 13104 13107
f 13107 6157 13105
f 13106 13105 6156
f 6152 13110 13104
f 13099 13108 13110
f 13110 6154 13109
f 13104 13109 6157
f 6157 13113 13112
f 13109 2134 13113
f 13113 2134 13111
f 13112 13111 6155
f 6156 13116 13115
f 13105 13112 13116
f 13116 6155 13114
f 13115 13114 2133
f 2130 13118 13108
f 13091 13117 13118
f 13108 6158 6154
f 6149 13119 13117
f 2133 13123 13122
f 13114 13120 13123
f 13123 6163 13121
f 13122 13121 6162
f 13111 6160 13120
f 13120 6159 13124
f 13120 13124 6163
f 6163 13127 13126
f 13124 6159 13127
f 13127 2132 13125
f 13126 13125 6161
f 6162 13130 13129
f 13121 13126 13130
f 13130 6161 13128
f 13129 13128 580
f 580 13133 6166
f 13128 13131 13133
f 13133 6167 13132
f 6161 13136 13131
f 13125 13134 13136
f 13136 6164 13135
f 13131 13135 6167
f 6167 13140 13139
f 13135 13137 13140
f 13140 2137 13138
f 13139 13138 6165
f 6166 13141 13142
f 13132 13139 13141
f 13142 13141 2136
f 2132 13144 13134
f 13144 6168 13143
f 13134 13143 6164
f 6164 13145 13137
f 13143 2135 13145
f 13141 6170 13146
f 6165 6169 6170
f 2123 6171 6172
f 6028 6172 2140
f 6172 13148 13149
f 13149 6176 6175
f 6172 6173 13148
f 13148 13150 6176
f 6176 13153 13152
f 13153 582 13151
f 13152 13151 6174
f 6175 13155 2139
f 6175 13152 13155
f 13155 6174 13154
f 2140 13149 6178
f 2139 13156 6177
f 2095 2139 12776
f 12776 6177 570
f 13147 6180 6171
f 6117 13158 13147
f 13007 13157 13158
f 13158 6179 6180
f 6180 2142 6171
f 6180 13159 2142
f 2120 13005 13157
f 13005 6182 6179
f 13002 13106 13160
f 13160 6156 13161
f 13160 13161 6182
f 6182 13164 13163
f 13161 13115 13164
f 13164 2133 13162
f 13163 13162 6181
f 6179 13163 13159
f 13159 6185 2142
f 2142 6185 6184
f 6181 13166 6185
f 13162 13122 13166
f 13166 6162 13165
f 6185 13167 6184
f 13165 13129 13167
f 13167 580 6183
f 6184 6183 2141
f 6187 2141 6186
f 6173 6187 13150
f 13150 6187 582
f 582 13170 13169
f 6187 6186 13170
f 13170 6190 13168
f 13169 13168 6189
f 6190 6192 6188
f 6186 2145 6192
f 6189 13173 13172
f 13168 6188 13173
f 13173 6188 13171
f 13172 13171 2144
f 2141 6191 2145
f 6183 6166 13174
f 13174 13142 13175
f 2145 6193 6192
f 2145 6191 6193
f 13175 13146 13176
f 6191 13176 6193
f 2144 13181 13180
f 13171 13178 13181
f 13181 6196 13179
f 13180 13179 6195
f 6188 13182 13178
f 6196 13177 6194
f 6195 13183 13184
f 13179 6194 13183
f 13184 13183 581
f 6177 13185 570
f 570 6199 13186
f 12795 13186 6035
f 6177 13189 13185
f 13156 13187 13189
f 13189 6197 13188
f 13185 13188 6199
f 6199 13193 13192
f 13188 13190 13193
f 13193 2147 13191
f 13192 13191 6198
f 6035 13194 12797
f 13186 13192 13194
f 13194 6198 2098
f 2139 13197 13187
f 13154 13195 13197
f 13197 6201 13196
f 13187 13196 6197
f 6174 13199 13195
f 13151 13169 13199
f 13199 6189 13198
f 13195 13198 6201
f 6201 13202 13201
f 13198 13172 13202
f 13202 2144 13200
f 13201 13200 6200
f 6197 13204 13190
f 13196 13201 13204
f 13204 6200 13203
f 13190 13203 2147
f 2147 13208 13207
f 13203 13205 13208
f 13208 6204 13206
f 13207 13206 6203
f 6200 13210 13205
f 13200 13180 13210
f 13210 6195 13209
f 13205 13209 6204
f 6204 13184 13212
f 13184 581 13211
f 13212 13211 6202
f 6203 13215 13214
f 13206 13212 13215
f 13215 6202 13213
f 13214 13213 2146
f 2098 13216 12804
f 6198 13217 13216
f 13191 13207 13217
f 13217 6203 6206
f 6206 13214 13219
f 13219 2146 13218
f 13219 13218 6205
f 12804 13219 6038
f 6038 6205 37
f 33 13222 13028
f 33 13220 13222
f 13222 6209 13221
f 13028 13221 6129
f 5444 11476 13220
f 11476 13223 13225
f 13225 6207 13224
f 13220 13224 6209
f 6209 13228 13227
f 13224 13226 13228
f 6129 13230 13031
f 13221 13227 13230
f 13230 6208 13229
f 13031 13229 2126
f 1917 13232 13223
f 2126 13233 13040
f 1977 6210 34
f 2148 6211 6212
f 1977 540 6210
f 1974 6213 540
f 540 6213 2151
f 139 13234 6213
f 13235 2149 2151
f 6213 13235 2151
f 2151 6215 6211
f 2151 2149 6215
f 6215 583 6214
f 6211 6214 2150
f 6211 2150 584
f 6214 13236 6218
f 6214 13238 13236
f 6214 583 13238
f 13238 6216 13237
f 13236 13237 6218
f 13237 13239 13241
f 13241 2152 13240
f 13241 13240 6217
f 2150 13241 2155
f 6217 13242 13244
f 13244 6222 13243
f 13244 13243 6221
f 6217 13247 13242
f 13240 13245 13247
f 13247 6219 13246
f 13242 13246 6222
f 6222 13250 13249
f 13246 13248 13250
f 13250 153 6220
f 6221 13252 13251
f 13243 13249 13252
f 13252 6220 2153
f 2155 13244 6224
f 6224 13251 6223
f 13251 2153 6223
f 13234 6227 13253
f 13234 13253 6213
f 139 6225 13234
f 13234 6225 6227
f 6213 13253 13235
f 13253 6226 2149
f 1967 6230 6225
f 5612 6230 1967
f 537 6228 6230
f 6230 13257 13256
f 6230 13254 13257
f 13257 2156 13255
f 13256 13255 6229
f 6225 13256 2158
f 13256 13258 13260
f 13260 6234 13259
f 2158 13259 6233
f 6229 13263 13258
f 13255 13261 13263
f 13263 6231 13262
f 13258 13262 6234
f 6234 13267 13266
f 13262 13264 13267
f 13267 587 13265
f 13266 13265 6232
f 6233 13270 13269
f 13259 13266 13270
f 13270 6232 13268
f 13269 13268 2157
f 13271 6233 13272
f 13271 13272 6236
f 13272 13269 13274
f 13274 2157 13273
f 6236 13273 6235
f 2149 6236 6215
f 6236 6235 13275
f 6215 13275 583
f 537 13277 6228
f 5606 13276 13277
f 5606 6237 13276
f 6239 2161 13278
f 6228 13280 13254
f 13277 13278 13280
f 13280 6238 13279
f 13254 13279 2156
f 1964 2159 6237
f 2161 585 6240
f 2156 13282 13261
f 13279 6241 13282
f 13282 6241 13281
f 13261 13281 6231
f 6238 6240 6241
f 13278 2161 6240
f 6231 13284 13264
f 13281 2160 13284
f 13284 2160 13283
f 13264 13283 587
f 587 13287 13286
f 13283 6244 13287
f 13287 6244 13285
f 13286 13285 6243
f 6244 6245 6242
f 6243 13290 13289
f 13285 6242 13290
f 13290 6242 13288
f 13289 13288 2164
f 2160 2162 2165
f 2165 2162 6245
f 2162 2163 6245
f 2164 13293 13292
f 13288 6248 13293
f 13293 6248 13291
f 13292 13291 6247
f 6242 6245 6248
f 13294 2163 6261
f 13294 6261 6246
f 6247 13296 13295
f 13291 13294 13296
f 13295 6246 586
f 13275 13297 13298
f 583 6251 6216
f 6235 13301 13297
f 13273 13299 13301
f 13301 6249 13300
f 13297 13300 6251
f 6251 13305 13304
f 13300 13302 13305
f 13305 2167 13303
f 13304 13303 6250
f 6216 13307 13239
f 6251 13304 13307
f 13307 6250 13306
f 13239 13306 2152
f 2157 13310 13299
f 13268 13308 13310
f 13310 6253 13309
f 13299 13309 6249
f 6232 13312 13308
f 13265 13286 13312
f 13312 6243 13311
f 13308 13311 6253
f 6253 13315 13314
f 13311 13289 13315
f 13315 2164 13313
f 13314 13313 6252
f 6249 13316 13302
f 13309 13314 13316
f 13302 6252 2167
f 6252 6255 2166
f 6252 13318 6255
f 13313 13292 13318
f 13318 6247 13317
f 6255 13320 6254
f 13317 13295 13320
f 13320 586 13319
f 2152 13323 13245
f 13306 13321 13323
f 13323 6256 13322
f 13245 13322 6219
f 6250 13324 13321
f 13303 2166 13324
f 13324 2166 6256
f 13322 6256 13248
f 153 6257 6258
f 153 6258 6269
f 6254 13319 6257
f 6259 591 2173
f 6258 2168 6260
f 586 13327 13319
f 6246 13325 13327
f 13327 6263 13326
f 13319 13326 6259
f 6246 6261 13325
f 13325 6261 6263
f 6263 2171 13328
f 13328 2171 6262
f 13326 13328 13330
f 13330 6262 13329
f 6259 13329 591
f 151 588 2174
f 2163 2174 2171
f 2171 2174 6264
f 6264 2174 2170
f 13329 13331 591
f 2171 6264 13331
f 13331 6264 591
f 591 2170 2173
f 2174 588 6265
f 2173 2170 589
f 2170 6265 589
f 590 6260 6267
f 6267 6260 2176
f 6260 2173 589
f 2176 2175 152
f 6260 589 2176
f 6223 13332 13333
f 6223 13334 13332
f 6268 2169 13335
f 2153 6220 13334
f 6220 153 6269
f 6271 590 13337
f 13337 13336 6270
f 13871 13340 13339
f 6271 13337 13340
f 13340 6270 13338
f 13339 13338 2177
f 2177 13342 6274
f 13338 13341 13342
f 13342 6266 6274
f 6270 6266 13341
f 13336 6267 6266
f 12169 13343 13344
f 35 13344 2159
f 12166 13345 5754
f 5754 6275 13343
f 13343 6275 6276
f 2007 6279 13345
f 2007 5751 6279
f 13345 13346 6275
f 5751 13347 6279
f 6279 13349 13346
f 13346 13348 6278
f 13344 2178 585
f 585 6280 2162
f 6280 2180 151
f 594 6282 2182
f 2181 593 2289
f 6282 2181 6283
f 151 2184 588
f 2179 592 2184
f 592 6281 596
f 596 2182 2186
f 596 2186 595
f 588 2183 38
f 2183 595 2187
f 2190 39 2189
f 2188 6284 13351
f 598 13351 6286
f 6286 13355 13354
f 13351 13352 13355
f 13355 2193 13353
f 13354 13353 6285
f 13350 6285 13356
f 2188 6288 6284
f 6284 6288 13352
f 6288 6287 13357
f 13352 13357 2193
f 2193 13357 13358
f 13358 6291 6290
f 6287 2190 6291
f 6291 2190 6289
f 6290 6291 13359
f 6291 6289 2191
f 2192 13363 13362
f 13356 13360 13363
f 13363 6293 13361
f 13362 13361 6292
f 6285 13365 13360
f 13353 13358 13365
f 13365 6290 13364
f 13360 13364 6293
f 6293 13367 13366
f 13364 13359 13367
f 13366 2191 155
f 6292 13366 13368
f 13369 6292 6295
f 13368 155 2308
f 6294 2308 2194
f 12626 6296 13370
f 5951 13370 6298
f 6298 2197 13373
f 13370 13371 2197
f 13373 13372 6297
f 145 12531 6296
f 6296 6299 13371
f 2197 13371 13374
f 13371 600 2196
f 6299 2195 600
f 13375 6300 2199
f 12531 6304 13377
f 12531 13377 6299
f 5922 12530 13376
f 12530 6302 6304
f 6304 13378 13377
f 6304 6302 13378
f 13378 2202 6303
f 6299 6303 2195
f 2058 6305 2202
f 6305 603 2201
f 2204 6308 2200
f 603 2200 2207
f 601 2205 6309
f 601 6309 2207
f 6309 156 2206
f 600 6306 2198
f 600 2198 13375
f 2201 603 2209
f 2201 2209 2198
f 603 2207 2209
f 2198 6300 13375
f 2198 602 6300
f 6300 2208 158
f 602 2206 2208
f 2210 6310 6311
f 6311 6310 2211
f 2212 2210 6311
f 2213 6312 6314
f 6312 13382 13381
f 6312 604 13382
f 13382 604 13380
f 13381 13380 6313
f 6314 13385 13384
f 6314 13381 13385
f 13385 6313 13383
f 13384 13383 2214
f 2210 6316 6310
f 2210 6314 6316
f 6316 13387 13379
f 6316 13384 13387
f 13387 2214 13386
f 13379 13386 6315
f 13379 6315 607
f 13386 13388 6315
f 6315 6317 6320
f 6320 2218 13390
f 6320 13390 6318
f 2214 13393 13388
f 13383 13391 13393
f 13393 6323 13392
f 13388 13392 6317
f 6313 13396 13391
f 13380 13394 13396
f 13396 6321 13395
f 13391 13395 6323
f 13395 13397 13399
f 13399 2215 13398
f 6323 13398 6322
f 6317 13401 13389
f 13392 6323 13401
f 13401 6322 13400
f 13389 13400 2218
f 2218 13405 13404
f 13400 13402 13405
f 13405 6327 13403
f 13404 13403 6326
f 6322 13408 13402
f 13398 13406 13408
f 13408 6324 13407
f 13402 13407 6327
f 6327 40 13410
f 13407 13409 40
f 13410 40 6325
f 6326 13410 2216
f 2217 6318 605
f 13390 6326 13411
f 13411 2216 13412
f 6318 13412 605
f 2211 6328 2220
f 6328 2221 2220
f 6310 6319 6328
f 6319 2217 2221
f 2221 6329 2219
f 2220 2219 13413
f 13413 2219 6331
f 2220 2221 2219
f 6331 6330 157
f 2199 2212 6301
f 6301 6311 2222
f 6301 2212 6311
f 606 2211 609
f 2224 2223 6332
f 36 13415 6307
f 12925 13414 13415
f 6307 2226 2203
f 2113 13418 13414
f 12920 13416 13418
f 13418 6336 13417
f 13414 13417 6333
f 6086 13419 13416
f 12918 574 13419
f 13416 13419 6336
f 6336 2225 13417
f 13417 2225 6335
f 6333 13417 2226
f 6335 2225 6308
f 2203 6335 6308
f 12895 2229 6334
f 6079 2229 12895
f 6079 13420 2229
f 12884 13421 2110
f 2110 6337 13420
f 6076 13422 13421
f 13420 2227 2229
f 6334 610 2225
f 610 6340 2228
f 2233 2230 13423
f 6339 6342 6343
f 2233 13423 6339
f 13423 6341 13424
f 6339 13424 6342
f 6343 6342 2231
f 6339 6343 13426
f 13426 6346 13425
f 13426 13425 6345
f 6346 2231 6344
f 6345 13427 13428
f 13427 6344 611
f 6308 2235 601
f 610 2228 2235
f 2235 2232 2205
f 2232 6345 6347
f 13428 611 2234
f 6347 13428 2234
f 2205 6347 156
f 148 13430 13422
f 12835 13429 13430
f 13422 6350 6337
f 6052 12833 13429
f 12833 6348 13431
f 13429 13431 6350
f 6350 13431 6349
f 6337 6349 2227
f 13433 6353 13434
f 2102 13434 6348
f 6049 13437 13433
f 12826 13435 13437
f 13437 6351 13436
f 13433 13436 6353
f 6353 2236 13439
f 13439 13438 6352
f 6348 13441 13432
f 13434 13439 13441
f 13441 6352 13440
f 13432 13440 2238
f 13440 13442 2238
f 6352 13444 13442
f 13438 13443 13444
f 13444 6354 6356
f 6356 614 2237
f 2238 6356 2237
f 6349 6355 6338
f 13431 2238 6355
f 6338 6355 6340
f 6338 6340 610
f 571 13446 13435
f 6043 6359 13446
f 13446 6359 13445
f 13435 13445 6351
f 6042 6357 6359
f 6359 6357 6358
f 6351 6358 2236
f 6039 37 2099
f 37 6360 13447
f 2099 13447 6361
f 13447 2239 13449
f 2099 6361 2241
f 6361 13452 6365
f 13449 13450 13452
f 13452 6362 13451
f 6365 13455 6363
f 13451 13453 13455
f 13455 612 13454
f 6364 13458 13457
f 2241 6363 13458
f 13458 6363 13456
f 13457 13456 2240
f 6357 2241 6364
f 6358 6364 6354
f 6364 13457 13459
f 13459 2240 6366
f 6354 6366 614
f 614 6370 6369
f 6366 13463 13460
f 6366 13461 13463
f 13463 6367 13462
f 13460 13462 6370
f 6370 13467 13466
f 13462 13464 13467
f 13467 2245 13465
f 13466 13465 6368
f 6369 13470 13469
f 6369 13466 13470
f 13470 6368 13468
f 13469 13468 2244
f 2240 13472 13461
f 13456 13471 13472
f 13461 13472 6367
f 6363 13474 13471
f 13454 13473 13474
f 13471 6371 6373
f 6373 13477 6372
f 6371 13475 13477
f 13477 2242 13476
f 6367 13478 13464
f 13472 6372 13478
f 13478 6372 2245
f 2245 6377 13479
f 13479 6377 6376
f 6372 13476 6377
f 13476 6374 6377
f 6377 159 13481
f 13482 13481 6375
f 6376 13484 13483
f 6376 13482 13484
f 13484 6375 2243
f 2244 13488 13487
f 13468 13485 13488
f 13488 6380 13486
f 13487 13486 6379
f 6368 13490 13485
f 13465 13479 13490
f 13490 6376 13489
f 13485 13489 6380
f 13489 13483 13491
f 13491 2243 6378
f 6379 13492 13493
f 13486 6380 13492
f 13493 13492 613
f 6355 2237 6340
f 6340 13494 13495
f 6340 13495 2233
f 2237 6382 6340
f 614 6369 2237
f 2237 6369 6382
f 6382 2244 13496
f 13494 13496 6381
f 13494 6381 2247
f 2247 13499 13498
f 2247 13497 13499
f 13499 6385 6384
f 6381 13501 13497
f 13496 13487 13501
f 13501 6379 13500
f 13497 13500 6385
f 6385 13503 13502
f 13500 13493 13503
f 13503 613 6383
f 6384 13502 6386
f 13502 6383 13504
f 6386 13504 2246
f 2230 13498 13423
f 13423 6386 6341
f 13498 6384 6386
f 13424 13506 160
f 13506 13507 13509
f 13509 6390 13508
f 160 13508 6389
f 6341 13512 13507
f 13505 13510 13512
f 13512 6387 13511
f 13507 13511 6390
f 6390 13516 13515
f 13511 13513 13516
f 13516 2251 13514
f 13515 13514 6388
f 6389 13519 13518
f 13508 13515 13519
f 13519 6388 13517
f 13518 13517 2250
f 2246 6393 13510
f 13510 13520 6387
f 6383 6391 13504
f 6383 13521 6391
f 13504 6391 6393
f 6393 2248 13522
f 6387 13524 13513
f 13520 13522 13524
f 13524 6392 13523
f 13513 13523 2251
f 2251 13527 13526
f 13523 6392 13527
f 13526 13525 6394
f 6394 13530 13529
f 13529 13528 2249
f 2250 13534 13533
f 13517 13531 13534
f 13534 6397 13532
f 13533 13532 6396
f 6388 13535 13531
f 13514 13526 13535
f 13535 6394 13529
f 13531 13529 6397
f 6397 13538 13537
f 13537 13536 6395
f 6396 13541 13540
f 13532 13537 13541
f 13541 6395 13539
f 13540 13539 615
f 13521 6398 13542
f 13521 13542 6391
f 6398 2252 13542
f 13542 2252 6399
f 6391 13543 2248
f 2243 6400 13544
f 6375 13481 6400
f 2248 6399 6392
f 615 13547 13546
f 13539 13545 13547
f 13547 2254 6401
f 6395 13548 13545
f 6401 2254 2253
f 156 2257 2213
f 2234 2255 2257
f 2257 2255 6403
f 2255 6404 6407
f 6407 617 13550
f 6407 13550 6405
f 6403 6407 13552
f 13552 6405 13551
f 6406 13551 2256
f 2213 13553 6312
f 2213 6403 13553
f 6403 6406 6409
f 13553 6409 6408
f 6312 13553 604
f 13553 6408 604
f 6344 2231 6410
f 611 6411 2255
f 2231 6413 13555
f 2231 13555 6410
f 6342 6413 13554
f 6342 160 6413
f 6413 13556 6412
f 6413 13518 13556
f 13556 2250 6412
f 6410 13555 2259
f 13555 6412 13557
f 2259 13557 6415
f 6412 13533 13557
f 13533 6396 13558
f 13557 13558 6416
f 6416 13561 13560
f 13558 13540 13561
f 13561 615 13559
f 13560 13559 6414
f 6415 13564 13563
f 6416 13560 13564
f 13564 6414 13562
f 13563 13562 2258
f 2255 6418 13565
f 2255 13565 6404
f 6411 6415 6418
f 6418 13568 13567
f 6418 13563 13568
f 13568 2258 13566
f 13567 13566 6417
f 13565 13567 6404
f 6404 6417 13549
f 617 13572 13571
f 13549 13569 13572
f 13572 6422 13570
f 13571 13570 6421
f 6417 13575 13569
f 13566 13573 13575
f 13575 6419 13574
f 13569 13574 6422
f 6422 13578 13570
f 13574 13576 13578
f 13578 2262 13577
f 13570 13577 6420
f 6421 13581 13580
f 13581 6420 13579
f 13580 13579 2261
f 2258 13584 13573
f 13562 13582 13584
f 13584 6424 13583
f 13573 13583 6419
f 6414 13585 13582
f 13559 13546 13585
f 13582 6401 6424
f 6424 13588 13587
f 6401 2253 13588
f 13588 2253 13586
f 13587 13586 6423
f 6419 13590 13576
f 13583 13587 13590
f 13590 6423 13589
f 13576 13589 2262
f 2262 13594 13593
f 13589 13591 13594
f 13594 6427 13592
f 13593 13592 6426
f 6423 6402 13591
f 6426 6425 13595
f 13595 6425 2260
f 2261 13599 13598
f 13579 13596 13599
f 13599 6430 13597
f 13598 13597 6429
f 6420 13601 13596
f 13577 13593 13601
f 13601 6426 13600
f 13596 13600 6430
f 6430 13603 13602
f 13600 13595 13603
f 13602 2260 6428
f 6429 13605 616
f 13597 13602 13605
f 13605 6428 13604
f 604 13608 13394
f 604 13606 13608
f 13608 6433 13607
f 13394 13607 6321
f 6408 13611 13606
f 6409 13609 13611
f 13611 6431 13610
f 13606 13610 6433
f 6433 13615 13614
f 13610 13612 13615
f 13615 2264 13613
f 13614 13613 6432
f 6321 13617 13397
f 13607 13614 13617
f 13617 6432 13616
f 13397 13616 2215
f 2256 13620 13609
f 13551 13618 13620
f 13620 6435 13619
f 13609 13619 6431
f 6405 13622 13618
f 13550 13571 13622
f 13622 6421 13621
f 13618 13621 6435
f 6435 13625 13624
f 13621 13580 13625
f 13625 2261 13623
f 13624 13623 6434
f 6431 13626 13612
f 13619 13624 13626
f 13626 6434 2264
f 13627 6437 2263
f 6434 13628 13627
f 13623 13598 13628
f 13627 6429 6437
f 6429 616 6436
f 2215 13630 13406
f 13616 13629 13630
f 13406 6439 6324
f 6432 13631 13629
f 13613 13627 13631
f 13629 13631 6439
f 13631 2263 6439
f 6439 2263 6438
f 13409 6438 40
f 37 13634 6360
f 6205 13632 13634
f 13634 6442 13633
f 6205 13637 13632
f 13218 13635 13637
f 13637 6440 13636
f 13632 13636 6442
f 6442 13641 13640
f 13636 13638 13641
f 13641 2266 13639
f 13640 13639 6441
f 6360 13643 13448
f 13633 13640 13643
f 13643 6441 13642
f 13448 13642 2239
f 2146 6444 13635
f 13213 6202 6444
f 13635 6444 6440
f 13211 581 6202
f 6440 13644 13638
f 13644 6443 13645
f 13638 13645 2266
f 2266 13649 13648
f 13645 13646 13649
f 13649 6446 13647
f 13648 13647 6445
f 13647 13650 13651
f 2239 13654 13450
f 13642 13652 13654
f 13654 6448 13653
f 13450 13653 6362
f 6441 13656 13652
f 13639 13648 13656
f 13656 6445 13655
f 13652 13655 6448
f 6448 13657 13658
f 13655 13651 13657
f 13658 13657 6447
f 6362 13660 13453
f 13653 13658 13660
f 13660 6447 13659
f 13453 13659 612
f 6194 2143 13661
f 612 13663 13473
f 13659 6447 13663
f 13663 6451 13662
f 13473 13662 6371
f 13657 2265 6449
f 6447 13664 6451
f 6371 13665 13475
f 13662 6451 13665
f 13475 6450 2242
f 2242 13667 13480
f 13667 6452 13666
f 13480 13666 6374
f 6374 159 6377
f 13666 13668 159
f 152 2175 2275
f 2175 2269 2275
f 589 2172 6453
f 6265 2270 2172
f 2172 619 2271
f 2271 619 2274
f 621 6453 2269
f 6453 620 2269
f 2272 161 2273
f 2274 2272 620
f 2175 621 2269
f 2268 2273 2276
f 2273 622 2280
f 2273 2280 624
f 2280 6455 6458
f 6455 6456 6459
f 6456 41 13669
f 6459 13669 6457
f 6458 13672 13671
f 13672 6457 13670
f 13671 13670 2279
f 6454 6458 6460
f 6458 13671 13673
f 13673 2279 623
f 38 2187 2270
f 2187 2282 2270
f 2187 595 2282
f 6463 627 2283
f 6461 6462 2282
f 2186 2284 6461
f 2284 625 6462
f 627 164 2286
f 2286 164 2285
f 2286 2285 626
f 6463 2283 619
f 2283 2286 626
f 154 6283 2284
f 2284 2289 625
f 2181 2289 6283
f 2289 2288 625
f 6465 6464 630
f 2290 6466 2291
f 630 6464 6467
f 6464 2291 6467
f 630 6467 629
f 6467 2293 629
f 2291 2292 6468
f 6468 2292 2293
f 2314 2313 162
f 2293 6469 629
f 625 2288 627
f 2288 2294 627
f 6470 629 6471
f 6470 6471 2294
f 627 2294 164
f 164 2294 2296
f 2294 6471 2296
f 6471 634 2297
f 2296 2297 6472
f 2296 6472 633
f 162 2298 2299
f 2298 631 2299
f 634 2299 2295
f 2299 2301 2295
f 2299 2300 2302
f 2300 6473 42
f 2301 632 6474
f 2301 2302 632
f 6472 2295 2304
f 2295 6475 6476
f 6475 6474 13675
f 6474 632 13674
f 13675 13674 2303
f 6476 13675 2303
f 2304 6476 163
f 6476 2303 163
f 161 2277 2273
f 164 2296 6478
f 2285 6478 636
f 2277 2285 636
f 6480 6479 2306
f 6478 2304 6477
f 636 2305 6479
f 6477 163 2305
f 6479 2305 635
f 622 2307 2278
f 2306 635 6456
f 2278 2307 6456
f 2307 2306 6456
f 6456 635 41
f 639 2312 2314
f 2309 637 2312
f 2312 2310 2311
f 2312 2311 638
f 2314 2312 638
f 2191 6289 155
f 155 2316 2308
f 6289 597 2316
f 2316 597 6482
f 2308 2316 637
f 2190 2189 597
f 39 2317 2189
f 642 2320 2319
f 637 2315 2310
f 6482 642 2319
f 2319 641 2321
f 6481 2321 167
f 6483 646 6484
f 641 165 2322
f 165 2325 2322
f 13676 643 6485
f 6483 6485 2326
f 6483 2326 646
f 646 6487 6484
f 2326 6486 6487
f 6487 6486 2328
f 6488 2327 6486
f 6486 2327 2328
f 2328 43 644
f 6489 2328 2330
f 6489 2330 2329
f 2323 6484 6489
f 2330 644 166
f 2313 2332 631
f 2313 2331 2332
f 2331 648 2332
f 2311 2324 2331
f 2311 167 2324
f 2324 2323 645
f 2324 2329 2333
f 2333 166 647
f 631 2332 2299
f 2300 2335 6473
f 648 2333 2335
f 2335 2333 647
f 2335 647 2334
f 6473 2334 42
f 39 608 2317
f 608 6491 6490
f 608 6332 6491
f 6491 2336 2338
f 2338 2336 2337
f 2336 651 2337
f 2318 2337 640
f 2223 6493 6492
f 6492 2339 2341
f 2341 2339 2336
f 6494 13680 13679
f 6494 13677 13680
f 13680 2345 13678
f 13679 13678 6495
f 651 13679 2344
f 13679 6495 2344
f 649 6496 13681
f 2340 13681 13683
f 13681 2342 13682
f 13683 13682 6497
f 6494 13685 13677
f 2340 13683 13685
f 13685 6497 13684
f 13677 13684 2345
f 2345 13687 6499
f 13684 13686 13687
f 13687 6500 6499
f 6497 6500 13686
f 13682 13688 6500
f 6500 170 2343
f 6495 13689 2344
f 13678 6499 13689
f 2344 13689 6501
f 13689 2343 6501
f 2337 650 640
f 2337 651 650
f 650 2346 2320
f 157 6504 6493
f 6330 6502 6504
f 6504 2347 6503
f 6493 6503 2339
f 2219 6329 6330
f 2349 6505 6507
f 6507 654 2348
f 2339 6507 649
f 605 6508 6329
f 605 13412 6508
f 6329 2352 2347
f 2216 6510 6508
f 40 6438 6509
f 6325 6509 6510
f 13690 2350 2352
f 6508 13690 2352
f 6513 13691 6505
f 6513 6511 13692
f 13694 652 13693
f 13694 13693 6512
f 6505 13691 2351
f 2347 6505 2349
f 2352 6513 6505
f 6505 2351 13695
f 6505 13695 654
f 654 13699 13698
f 654 13696 13699
f 13699 6518 13697
f 13698 13697 6517
f 6514 13702 13696
f 13695 13700 13702
f 13702 6515 13701
f 13696 13701 6518
f 6518 13706 13705
f 13701 13703 13706
f 13706 2356 13704
f 13705 13704 6516
f 6517 13709 13708
f 13697 13705 13709
f 13709 6516 13707
f 13708 13707 2355
f 2351 13712 13700
f 13691 13710 13712
f 13712 6521 13711
f 13700 13711 6515
f 6512 13715 13710
f 13693 13713 13715
f 13715 6519 13714
f 13710 13714 6521
f 6521 13719 13718
f 13714 13716 13719
f 13719 2353 13717
f 13718 13717 6520
f 6515 13721 13703
f 13711 13718 13721
f 13721 6520 13720
f 13703 13720 2356
f 2356 13725 13724
f 13720 13722 13725
f 13725 6525 13723
f 13724 13723 6524
f 6520 13728 13722
f 13717 13726 13728
f 13728 6522 13727
f 13722 13727 6525
f 6525 13731 13730
f 13727 13729 13731
f 13731 168 6523
f 6524 13734 13733
f 13723 13730 13734
f 13734 6523 13732
f 13733 13732 2354
f 2355 13738 13737
f 13707 13735 13738
f 13738 6528 13736
f 13737 13736 6527
f 6516 13740 13735
f 13704 13724 13740
f 13740 6524 13739
f 13735 13739 6528
f 6528 13741 13742
f 13739 13733 13741
f 13742 13741 6526
f 6527 13745 13744
f 13736 13742 13745
f 13745 6526 13743
f 13744 13743 653
f 6507 2348 6496
f 6496 13749 13748
f 6529 13746 13749
f 13749 2358 13747
f 13748 13747 6530
f 6496 13751 13681
f 6496 13748 13751
f 13751 6530 13750
f 13681 13750 2342
f 2348 6506 6529
f 6506 13754 13753
f 6517 13708 13754
f 13754 2355 13752
f 13753 13752 6531
f 6529 13756 13746
f 6529 13753 13756
f 13756 6531 13755
f 13746 13755 2358
f 2358 13759 13758
f 13755 13757 13759
f 13759 6534 6533
f 6531 13761 13757
f 13752 13737 13761
f 13761 6527 13760
f 13757 13760 6534
f 13760 13744 6532
f 6498 6533 2357
f 2342 6535 13688
f 6530 13762 6535
f 13747 13758 13762
f 13762 6533 6535
f 2357 6538 2361
f 2357 6536 6538
f 6538 2362 13763
f 6538 13763 6537
f 2361 6537 13764
f 2357 6540 6536
f 6532 653 6540
f 653 2359 6540
f 6540 2359 6539
f 6536 6539 13765
f 2362 13769 13768
f 13765 13766 13769
f 13769 6543 13767
f 13768 13767 6542
f 6539 658 13766
f 6539 2359 658
f 13766 658 6543
f 6543 13771 13770
f 13771 658 13770
f 6542 13774 13773
f 13767 13770 13774
f 13774 6541 13772
f 13773 13772 2360
f 2361 13764 13777
f 13764 6546 13776
f 13777 13776 6545
f 6537 13779 13775
f 13763 13768 13779
f 13779 6542 13778
f 13775 13778 6546
f 6546 13782 13781
f 13778 13773 13782
f 13782 2360 13780
f 13781 13780 6544
f 6545 13785 13784
f 13776 13781 13785
f 13785 6544 13783
f 13784 13783 657
f 653 6548 2359
f 6526 6547 13786
f 13786 6547 6548
f 6547 2364 2363
f 2354 13787 6547
f 13732 6523 13787
f 2363 655 6549
f 6548 2363 2359
f 2359 2363 658
f 658 6550 6541
f 2363 6549 6550
f 6541 6550 2366
f 655 2365 6549
f 6549 2365 44
f 2366 6550 6557
f 6557 6550 656
f 6550 44 656
f 657 13791 13790
f 13783 13788 13791
f 13791 6554 13789
f 13790 13789 6553
f 6544 6551 13788
f 13780 13792 6551
f 13788 13793 6554
f 6554 13794 13796
f 13794 2369 13795
f 13796 13795 6552
f 6553 13799 13798
f 13789 13796 13799
f 13799 6552 13797
f 13798 13797 2368
f 2360 13801 13792
f 13772 13800 13801
f 13792 6555 6551
f 13800 13802 6555
f 6555 2366 2369
f 6551 2369 13794
f 2369 6557 13803
f 6556 13806 13805
f 13803 656 13806
f 13806 656 13804
f 13805 13804 2367
f 2368 13810 13809
f 13797 13807 13810
f 13810 6560 13808
f 13809 13808 6559
f 6552 13812 13807
f 13795 13803 13812
f 13812 6556 13811
f 13807 13811 6560
f 6560 13815 13814
f 13811 13805 13815
f 13815 2367 13813
f 13814 13813 6558
f 6559 13817 13816
f 13808 13814 13817
f 13817 6558 169
f 2346 2372 2325
f 2346 2370 2372
f 2372 2370 660
f 2372 660 2325
f 650 6501 2346
f 2361 13777 6561
f 6501 6561 2370
f 13777 6545 13818
f 13818 13784 6562
f 6562 657 13819
f 6561 6562 6563
f 6563 6562 2373
f 2370 6563 660
f 6563 2373 2376
f 6563 2376 6564
f 6562 13821 2373
f 13819 13790 13821
f 13821 6553 13820
f 2373 13823 6565
f 13820 13798 13823
f 13823 2368 13822
f 6565 6568 6567
f 13822 13809 13824
f 13824 6559 6568
f 6567 169 6566
f 6567 6566 2374
f 2375 6567 6569
f 2376 6565 6567
f 2325 2371 6488
f 660 6564 2327
f 6569 659 2377
f 2327 2375 43
f 6438 6570 6509
f 2263 13825 6438
f 6570 13828 13690
f 6570 13826 13828
f 13828 2380 13827
f 13690 13827 6571
f 13690 6571 2350
f 6436 13829 13825
f 13825 6574 13830
f 13825 13830 6570
f 6436 13831 13829
f 13829 6572 13832
f 13829 13832 6574
f 6574 13836 13835
f 13832 13833 13836
f 13836 2378 13834
f 13835 13834 6573
f 6570 13838 13826
f 13830 13835 13838
f 13838 6573 13837
f 13826 13837 2380
f 2380 13842 13841
f 13837 13839 13842
f 13842 6577 13840
f 13841 13840 6576
f 6573 13844 13839
f 13834 13843 13844
f 13844 661 6575
f 13839 6575 6577
f 6576 13840 2379
f 2350 6579 13846
f 6513 13846 6511
f 6571 6576 13845
f 13827 13841 6576
f 13845 13847 6579
f 6579 13850 13849
f 13847 2379 13850
f 13850 2379 13848
f 13849 13848 6578
f 6511 13852 13692
f 13846 13849 13852
f 13852 6578 13851
f 13692 13851 652
f 616 13853 13831
f 13831 6581 6572
f 6428 2381 13853
f 13853 2381 6581
f 6581 2381 6580
f 6572 6581 13833
f 6581 6580 13854
f 13833 13854 2378
f 2260 6582 2381
f 2378 13855 13843
f 652 13858 13713
f 13851 13856 13858
f 13858 6587 13857
f 13713 13857 6519
f 6578 13848 13856
f 13856 6585 6587
f 6587 2382 13860
f 13860 13859 6586
f 6519 13862 13716
f 13857 13860 13862
f 13862 6586 13861
f 13716 13861 2353
f 6575 661 6584
f 2353 13865 13726
f 13861 13863 13865
f 13865 6589 13864
f 13726 13864 6522
f 6586 13866 13863
f 13859 6588 13866
f 6522 13867 13729
f 2365 662 44
f 13867 6522 13864
f 6588 13859 2382
f 13866 6586 13859
f 13864 13726 13865
f 6589 13865 13863
f 13863 13861 6586
f 13865 2353 13861
f 6585 2379 13840
f 6585 13840 6584
f 6584 13840 6575
f 13861 13716 13862
f 6586 13862 13860
f 13860 13857 6587
f 13862 6519 13857
f 13859 13860 2382
f 2382 6587 6585
f 6585 13856 13848
f 6585 13848 2379
f 13857 13713 13858
f 6587 13858 13856
f 13856 13851 6578
f 13858 652 13851
f 13855 2378 13854
f 6582 2260 6583
f 6583 2260 6425
f 13854 13833 6581
f 2381 6428 2260
f 6581 13831 13853
f 13853 13604 6428
f 13853 616 13604
f 13851 13692 13852
f 6578 13852 13849
f 13849 13846 6579
f 13852 6511 13846
f 13848 13849 13850
f 2379 13847 6576
f 13850 6579 13847
f 13847 13845 6576
f 13841 13827 2380
f 6576 6571 13827
f 13846 6513 2350
f 6579 2350 13845
f 13845 2350 6571
f 6575 13840 6577
f 6575 13839 13844
f 661 13844 13843
f 13843 13834 2378
f 13844 6573 13834
f 13840 13841 13842
f 6577 13842 13839
f 13839 13837 6573
f 13842 2380 13837
f 13837 13826 13838
f 6573 13838 13835
f 13835 13830 6574
f 13838 6570 13830
f 13834 13835 13836
f 2378 13836 13833
f 13833 13832 6572
f 13836 6574 13832
f 6572 13829 13831
f 13831 6436 616
f 6574 13825 13829
f 13825 2263 6436
f 13690 6509 6570
f 13827 13690 13828
f 2380 13828 13826
f 6570 6438 13825
f 2377 43 2375
f 2377 2375 6569
f 2327 2371 660
f 2375 2327 6564
f 2327 6488 2371
f 6488 643 2325
f 659 6569 2374
f 2374 6569 6567
f 6567 6564 2376
f 6567 2375 6564
f 169 6567 6568
f 169 6568 13816
f 13816 6568 6559
f 6568 6565 13824
f 6559 13824 13809
f 13809 13822 2368
f 13824 6565 13822
f 6565 2376 2373
f 13822 6565 13823
f 2368 13823 13798
f 13798 13820 6553
f 13823 2373 13820
f 13820 2373 13821
f 6553 13821 13790
f 13790 13819 657
f 13821 6562 13819
f 6564 660 6563
f 6563 2370 6561
f 657 6562 13784
f 13784 13818 6545
f 6562 6561 13818
f 13818 6561 13777
f 6561 6501 2361
f 2361 6501 170
f 6501 2343 170
f 2370 2346 6501
f 2371 2325 660
f 2325 165 2346
f 169 13816 13817
f 6558 13817 13814
f 13814 13808 6560
f 13817 6559 13808
f 13813 13814 13815
f 2367 13815 13805
f 13805 13811 6556
f 13815 6560 13811
f 13811 13807 13812
f 6556 13812 13803
f 13803 13795 2369
f 13812 6552 13795
f 13808 13809 13810
f 6560 13810 13807
f 13807 13797 6552
f 13810 2368 13797
f 13804 13805 13806
f 656 13803 6557
f 13806 6556 13803
f 2369 6551 6555
f 6557 2369 2366
f 2366 13802 6541
f 2366 6555 13802
f 13802 13800 6541
f 6541 13770 658
f 6555 13792 13801
f 6555 13801 13800
f 13800 13772 6541
f 13801 2360 13772
f 13797 13798 13799
f 6552 13799 13796
f 13796 13789 6554
f 13799 6553 13789
f 13795 13796 13794
f 13794 13793 6551
f 13794 6554 13793
f 13793 13788 6551
f 13792 13780 2360
f 6551 6544 13780
f 13789 13790 13791
f 6554 13791 13788
f 13788 13783 6544
f 13791 657 13783
f 44 6550 6549
f 6550 658 2363
f 655 2363 2364
f 2364 6547 13787
f 13787 2354 13732
f 2363 6548 6547
f 6547 13741 2354
f 6547 6526 13741
f 6548 653 13786
f 13786 13743 6526
f 13786 653 13743
f 13783 13784 13785
f 6544 13785 13781
f 13781 13776 6546
f 13785 6545 13776
f 13780 13781 13782
f 2360 13782 13773
f 13773 13778 6542
f 13782 6546 13778
f 13778 13775 13779
f 6542 13779 13768
f 13768 13763 2362
f 13779 6537 13763
f 13776 13777 13764
f 6546 13764 13775
f 13775 13764 6537
f 13772 13773 13774
f 6541 13774 13770
f 13770 13767 6543
f 13774 6542 13767
f 13771 6543 658
f 13767 13768 13769
f 6543 13769 13766
f 13766 13765 6539
f 13769 2362 13765
f 13765 2362 6536
f 6539 6536 6540
f 6540 6533 6532
f 6540 2357 6533
f 6537 2361 6538
f 2362 6538 6536
f 2361 170 2357
f 2357 170 6498
f 6498 6535 6533
f 6533 13762 13758
f 13758 13747 2358
f 13762 6530 13747
f 6498 13688 6535
f 6535 13750 6530
f 6535 2342 13750
f 6532 6533 6534
f 653 6532 13744
f 13744 13760 6527
f 6532 6534 13760
f 13760 13757 13761
f 6527 13761 13737
f 13737 13752 2355
f 13761 6531 13752
f 6533 13758 13759
f 6534 13759 13757
f 13757 13755 6531
f 13759 2358 13755
f 13755 13746 13756
f 6531 13756 13753
f 13753 6529 6506
f 13752 13753 13754
f 2355 13754 13708
f 13754 6506 6517
f 6517 6506 13698
f 13698 6506 654
f 13750 13681 13751
f 6530 13751 13748
f 13747 13748 13749
f 2358 13749 13746
f 13749 6496 6529
f 6529 6496 2348
f 6496 649 6507
f 13743 13744 13745
f 6526 13745 13742
f 13742 13736 6528
f 13745 6527 13736
f 2354 13741 13733
f 13733 13739 6524
f 13741 6528 13739
f 13739 13735 13740
f 6524 13740 13724
f 13724 13704 2356
f 13740 6516 13704
f 13736 13737 13738
f 6528 13738 13735
f 13735 13707 6516
f 13738 2355 13707
f 13732 13733 13734
f 6523 13734 13730
f 13730 13723 6525
f 13734 6524 13723
f 6523 13730 13731
f 168 13731 13729
f 13729 13727 6522
f 13731 6525 13727
f 13727 13722 13728
f 6522 13728 13726
f 13726 13717 2353
f 13728 6520 13717
f 13723 13724 13725
f 6525 13725 13722
f 13722 13720 6520
f 13725 2356 13720
f 13720 13703 13721
f 6520 13721 13718
f 13718 13711 6521
f 13721 6515 13711
f 13717 13718 13719
f 2353 13719 13716
f 13716 13714 6519
f 13719 6521 13714
f 13714 13710 13715
f 6519 13715 13713
f 13713 13693 652
f 13715 6512 13693
f 13711 13700 13712
f 6521 13712 13710
f 13710 13691 6512
f 13712 2351 13691
f 13707 13708 13709
f 6516 13709 13705
f 13705 13697 6518
f 13709 6517 13697
f 13704 13705 13706
f 2356 13706 13703
f 13703 13701 6515
f 13706 6518 13701
f 13701 13696 13702
f 6515 13702 13700
f 13700 13695 2351
f 13702 6514 13695
f 13697 13698 13699
f 6518 13699 13696
f 13696 654 6514
f 6514 654 13695
f 6505 2347 2352
f 6512 13691 13694
f 13694 13691 6513
f 652 13694 13692
f 13694 6513 13692
f 6513 2352 2350
f 13690 6508 6510
f 13690 6510 6509
f 6509 6325 40
f 6510 2216 6325
f 2352 6329 6508
f 6508 13412 2216
f 6507 2339 2349
f 2349 2339 6503
f 6506 2348 654
f 654 6507 6505
f 2347 6502 6329
f 6329 2221 605
f 6502 6330 6329
f 6503 6493 6504
f 2349 6503 2347
f 2347 6504 6502
f 6504 157 6330
f 165 2320 2346
f 2344 650 651
f 6501 650 2344
f 2343 13689 6499
f 6499 13678 2345
f 13689 6495 13678
f 2343 6499 6500
f 170 6500 6498
f 6498 6500 13688
f 13688 13682 2342
f 6500 6497 13682
f 6500 13687 13686
f 13686 13684 6497
f 13687 2345 13684
f 13684 13677 13685
f 6497 13685 13683
f 13685 6494 2340
f 13682 13683 13681
f 13681 2340 649
f 13679 651 6494
f 13678 13679 13680
f 2345 13680 13677
f 6494 651 2340
f 651 2336 649
f 2336 6332 2341
f 2340 651 649
f 649 2336 2339
f 2339 6492 6493
f 6493 2223 157
f 2341 6332 6492
f 6492 6332 2223
f 6332 608 2224
f 2337 2317 2338
f 2337 2318 2317
f 2338 6490 6491
f 2336 6491 6332
f 2338 2317 6490
f 6490 2317 608
f 2334 6473 2335
f 2335 2332 648
f 2335 2300 2332
f 2300 2299 2332
f 166 2329 2330
f 166 2333 2329
f 6489 2329 645
f 2333 648 2324
f 648 2331 2324
f 2329 2324 645
f 2331 638 2311
f 2331 2313 638
f 631 2298 2313
f 2298 162 2313
f 644 2330 2328
f 2328 6489 6484
f 6489 645 2323
f 43 2328 2327
f 6488 6485 643
f 6488 6486 6485
f 6486 2326 6485
f 2328 6484 6487
f 6487 646 2326
f 6485 6483 13676
f 643 13676 2322
f 643 2322 2325
f 2323 2324 167
f 6484 2323 6483
f 6483 2323 13676
f 13676 2323 2322
f 2323 167 2321
f 2323 2321 2322
f 2322 2321 641
f 167 2310 6481
f 2321 6481 2319
f 2319 2315 6482
f 6481 2310 2315
f 2319 6481 2315
f 641 2319 2320
f 165 641 2320
f 2320 642 640
f 650 2320 640
f 640 642 2318
f 642 6482 2318
f 2318 2189 2317
f 6482 597 2189
f 2318 6482 2189
f 2315 637 2316
f 2315 2316 6482
f 2316 155 6289
f 2313 2314 638
f 2314 628 639
f 167 2311 2310
f 2310 2312 637
f 2312 639 2309
f 637 2194 2308
f 2306 2307 6480
f 6480 2277 636
f 2307 622 6480
f 6480 622 2277
f 635 2306 6479
f 2305 636 6477
f 6477 636 6478
f 2304 6478 633
f 6479 6480 636
f 633 6478 2296
f 6478 2285 164
f 2277 626 2285
f 622 2273 2277
f 2277 161 626
f 163 6477 2304
f 13675 6476 6475
f 13674 13675 6474
f 6474 6475 2301
f 2301 6475 2295
f 6476 2304 2295
f 2304 633 6472
f 42 632 2302
f 42 2302 2300
f 2302 2301 2299
f 2299 634 162
f 2295 6472 2297
f 2295 2297 634
f 2297 2296 6471
f 634 6471 629
f 6470 2294 2288
f 629 6470 630
f 6470 2287 630
f 6470 2288 2287
f 634 629 162
f 162 629 6469
f 162 6469 2314
f 2314 6469 2292
f 6469 2293 2292
f 2314 2292 628
f 2292 6466 628
f 2292 2291 6466
f 2293 6467 6468
f 6468 6467 2291
f 2291 6464 2290
f 630 2287 6465
f 2288 2289 2287
f 2287 2289 6465
f 6465 2289 593
f 2289 2284 6283
f 626 161 2272
f 2272 619 2283
f 626 2272 2283
f 2286 2283 627
f 627 6462 625
f 2284 2186 154
f 6462 6461 2284
f 6461 595 2186
f 6463 619 2282
f 619 2270 2282
f 6463 2282 6462
f 627 6463 6462
f 6461 2282 595
f 623 2281 6460
f 6460 2281 13869
f 623 6460 13673
f 2279 13673 13671
f 13673 6460 6458
f 6458 6454 2280
f 6460 624 6454
f 13670 13671 13672
f 6457 13672 6459
f 13672 6458 6459
f 13669 6459 6456
f 6456 6455 2278
f 6459 6458 6455
f 6455 2280 2278
f 2278 2280 622
f 6454 624 2280
f 624 2276 2273
f 2273 2268 620
f 620 2268 2269
f 2268 2275 2269
f 2268 618 2275
f 2273 620 2272
f 2272 2274 619
f 620 6453 2274
f 2274 6453 2271
f 2271 6453 2172
f 619 2172 2270
f 2270 6265 38
f 621 2175 589
f 621 589 6453
f 2275 2267 152
f 13668 13666 6452
f 159 6374 13666
f 13666 13480 13667
f 13667 2242 6450
f 6450 13475 13665
f 6450 13665 6451
f 13665 6371 13662
f 13664 6447 6449
f 6449 6447 13657
f 13662 13473 13663
f 6451 13663 6447
f 13663 612 13659
f 13661 13183 6194
f 13659 13453 13660
f 6447 13660 13658
f 13658 13653 6448
f 13660 6362 13653
f 2265 13657 13651
f 13651 13655 6445
f 13657 6448 13655
f 13655 13652 13656
f 6445 13656 13648
f 13648 13639 2266
f 13656 6441 13639
f 13653 13450 13654
f 6448 13654 13652
f 13652 13642 6441
f 13654 2239 13642
f 13650 13647 6446
f 13651 6445 13647
f 13647 13648 13649
f 6446 13649 13646
f 13646 13645 6443
f 13649 2266 13645
f 13645 13638 13644
f 6444 2146 13213
f 13642 13448 13643
f 6441 13643 13640
f 13640 13633 6442
f 13643 6360 13633
f 13639 13640 13641
f 2266 13641 13638
f 13638 13636 6440
f 13641 6442 13636
f 13636 13632 13637
f 6440 13637 13635
f 13635 13218 2146
f 13637 6205 13218
f 13633 6360 13634
f 6442 13634 13632
f 13634 37 6205
f 6438 13409 6439
f 13409 6324 6439
f 2263 13631 13627
f 13627 13613 2264
f 13631 6432 13613
f 6439 13406 13630
f 6439 13630 13629
f 13629 13616 6432
f 13630 2215 13616
f 6436 2263 6437
f 6436 6437 6429
f 6429 13627 13628
f 6429 13628 13598
f 13598 13623 2261
f 13628 6434 13623
f 13627 2264 6434
f 2264 13612 13626
f 6434 13626 13624
f 13624 13619 6435
f 13626 6431 13619
f 13623 13624 13625
f 2261 13625 13580
f 13580 13621 6421
f 13625 6435 13621
f 13621 13618 13622
f 6421 13622 13571
f 13571 13550 617
f 13622 6405 13550
f 13619 13609 13620
f 6435 13620 13618
f 13618 13551 6405
f 13620 2256 13551
f 13616 13397 13617
f 6432 13617 13614
f 13614 13607 6433
f 13617 6321 13607
f 13613 13614 13615
f 2264 13615 13612
f 13612 13610 6431
f 13615 6433 13610
f 13610 13606 13611
f 6431 13611 13609
f 13609 6409 2256
f 13611 6408 6409
f 13607 13394 13608
f 6433 13608 13606
f 13606 604 6408
f 13604 616 13605
f 6428 13605 13602
f 13602 13597 6430
f 13605 6429 13597
f 2260 13602 13603
f 2260 13603 13595
f 13595 13600 6426
f 13603 6430 13600
f 13600 13596 13601
f 6426 13601 13593
f 13593 13577 2262
f 13601 6420 13577
f 13597 13598 13599
f 6430 13599 13596
f 13596 13579 6420
f 13599 2261 13579
f 6425 6426 13592
f 6402 13586 2253
f 6402 6423 13586
f 13592 13593 13594
f 6427 13594 13591
f 13591 13589 6423
f 13594 2262 13589
f 13589 13576 13590
f 6423 13590 13587
f 13587 13583 6424
f 13590 6419 13583
f 13586 13587 13588
f 13588 6424 6401
f 6401 13582 13585
f 6401 13585 13546
f 13546 13559 615
f 13585 6414 13559
f 13583 13573 13584
f 6424 13584 13582
f 13582 13562 6414
f 13584 2258 13562
f 13579 13580 13581
f 6420 13581 13570
f 13581 6421 13570
f 13577 13570 13578
f 2262 13578 13576
f 13576 13574 6419
f 13578 6422 13574
f 13574 13569 13575
f 6419 13575 13573
f 13573 13566 2258
f 13575 6417 13566
f 13570 13571 13572
f 6422 13572 13569
f 13569 13549 6417
f 13572 617 13549
f 6417 6404 13567
f 13567 13565 6418
f 13566 13567 13568
f 2258 13568 13563
f 13563 6418 6415
f 6415 6411 2259
f 6418 2255 6411
f 13562 13563 13564
f 6414 13564 13560
f 13564 6415 6416
f 13559 13560 13561
f 615 13561 13540
f 13540 13558 6396
f 13561 6416 13558
f 13558 13557 13533
f 13533 6412 2250
f 6416 6415 13557
f 13557 2259 13555
f 6412 13555 6413
f 2250 13556 13518
f 13518 6413 6389
f 6389 6413 160
f 6413 2231 13554
f 13554 2231 6342
f 6411 611 2259
f 2259 611 6410
f 6410 611 6344
f 2256 6409 6406
f 6409 13553 6403
f 13551 6406 13552
f 6405 13552 6407
f 13552 6406 6403
f 617 6407 13549
f 13549 6407 6404
f 6407 6403 2255
f 2255 2234 611
f 6403 2213 2257
f 2257 156 2234
f 13548 6395 13536
f 6401 13546 13547
f 2254 13547 13545
f 13545 13539 6395
f 13547 615 13539
f 6399 2248 13543
f 13544 6398 2243
f 6400 2243 6375
f 6399 13543 13542
f 13543 6391 13542
f 6398 13521 6378
f 6398 6378 2243
f 13521 13492 6378
f 13521 613 13492
f 13539 13540 13541
f 6395 13541 13537
f 13537 13532 6397
f 13541 6396 13532
f 13536 13537 13538
f 2249 13538 13529
f 13538 6397 13529
f 13529 13531 13535
f 6394 13535 13526
f 13526 13514 2251
f 13535 6388 13514
f 13532 13533 13534
f 6397 13534 13531
f 13531 13517 6388
f 13534 2250 13517
f 13528 13529 13530
f 6392 13522 2248
f 13525 13526 13527
f 13527 2251 13523
f 13523 13513 13524
f 6392 13524 13522
f 13522 13520 6393
f 13524 6387 13520
f 2248 6393 6391
f 13521 6383 613
f 13520 13510 6393
f 6393 2246 13504
f 13517 13518 13519
f 6388 13519 13515
f 13515 13508 6390
f 13519 6389 13508
f 13514 13515 13516
f 2251 13516 13513
f 13513 13511 6387
f 13516 6390 13511
f 13511 13507 13512
f 6387 13512 13510
f 13510 13505 2246
f 13512 6341 13505
f 13508 160 13509
f 6390 13509 13507
f 13507 13506 6341
f 13509 160 13506
f 13506 13424 6341
f 13505 6341 6386
f 2246 13505 6386
f 13498 13495 2247
f 13498 2230 13495
f 6386 13423 13498
f 13504 6386 13502
f 13502 6384 6385
f 6383 13502 13503
f 613 13503 13493
f 13493 13500 6379
f 13503 6385 13500
f 13500 13497 13501
f 6379 13501 13487
f 13487 13496 2244
f 13501 6381 13496
f 6384 13498 13499
f 6385 13499 13497
f 13497 2247 6381
f 13494 6340 6382
f 13496 13494 6382
f 2244 6382 13469
f 13469 6382 6369
f 2230 2233 13495
f 2247 13495 13494
f 6378 13492 6380
f 13492 6379 13486
f 6378 6380 13491
f 2243 13491 13483
f 13483 13489 6376
f 13491 6380 13489
f 13489 13485 13490
f 6376 13490 13479
f 13479 13465 2245
f 13490 6368 13465
f 13486 13487 13488
f 6380 13488 13485
f 13485 13468 6368
f 13488 2244 13468
f 2243 13483 13484
f 6375 13484 13482
f 13482 6376 6377
f 13481 13482 6377
f 6374 13476 13480
f 13480 13476 2242
f 6377 2245 6372
f 2245 13464 13478
f 6372 13472 6373
f 13478 6367 13472
f 13476 6372 13477
f 2242 13477 13475
f 13477 6373 6371
f 6371 13471 13474
f 6371 13474 13473
f 13473 13454 612
f 13474 6363 13454
f 6373 13472 13471
f 13471 13456 6363
f 13472 2240 13456
f 13468 13469 13470
f 6368 13470 13466
f 13466 6369 6370
f 13465 13466 13467
f 2245 13467 13464
f 13464 13462 6367
f 13467 6370 13462
f 13462 13460 13463
f 6367 13463 13461
f 13461 6366 2240
f 6370 614 13460
f 13460 614 6366
f 6366 6354 13459
f 2240 13459 13457
f 13459 6354 6364
f 6364 6358 6357
f 6354 13443 6358
f 13456 13457 13458
f 6363 2241 6365
f 13458 6364 2241
f 13454 6363 13455
f 612 13455 13453
f 13453 13451 6362
f 13455 6365 13451
f 13451 6365 13452
f 6362 13452 13450
f 13450 13449 2239
f 13452 6361 13449
f 6365 2241 6361
f 2241 6357 2099
f 13449 6361 13447
f 2239 13447 13448
f 13448 13447 6360
f 13447 2099 37
f 13443 2236 6358
f 6358 13445 6359
f 6358 6351 13445
f 6357 6042 2099
f 13445 13435 13446
f 6359 6043 6042
f 13446 571 6043
f 6355 6349 13431
f 2237 6355 2238
f 614 6356 6354
f 6356 13442 13444
f 6354 13444 13443
f 13443 13438 2236
f 13444 6352 13438
f 6356 2238 13442
f 13442 13440 6352
f 13440 13432 13441
f 6352 13441 13439
f 13439 13434 6353
f 13441 6348 13434
f 13438 13439 2236
f 2236 13436 6351
f 2236 6353 13436
f 13436 13433 13437
f 6351 13437 13435
f 13435 12826 571
f 13437 6049 12826
f 13434 2102 13433
f 13433 2102 6049
f 6338 2227 6349
f 6349 6337 6350
f 2238 13431 13432
f 13432 13431 6348
f 13431 13429 12833
f 6348 12833 2102
f 6350 13422 13430
f 6350 13430 13429
f 13429 12835 6052
f 13430 148 12835
f 2234 156 6347
f 13428 6347 6345
f 6345 2232 13426
f 6347 2205 2232
f 2232 2235 6339
f 6339 2235 2228
f 2205 601 2235
f 2235 6308 610
f 611 13428 13427
f 13427 13425 6346
f 13427 6345 13425
f 6344 13427 6346
f 2231 6346 6343
f 6346 13426 6343
f 13426 2232 6339
f 160 6342 13424
f 13424 6339 13423
f 2233 2228 6340
f 2233 6339 2228
f 610 6334 2229
f 6338 610 2227
f 610 2229 2227
f 2227 13420 6337
f 6337 13421 13422
f 13422 12881 148
f 13422 6076 12881
f 6337 2110 13421
f 13421 12884 6076
f 13420 6079 2110
f 6334 574 12895
f 6335 2203 2226
f 610 6308 2225
f 6335 2226 13417
f 2225 13419 6334
f 2225 6336 13419
f 6334 13419 574
f 13419 6086 12918
f 13417 13414 13418
f 6336 13418 13416
f 13416 12920 6086
f 13418 2113 12920
f 2226 13415 6333
f 2226 6307 13415
f 6333 13415 13414
f 13414 12925 2113
f 13415 36 12925
f 2220 609 2211
f 606 2222 6311
f 2212 2199 158
f 6330 6331 2219
f 605 2221 2217
f 2221 6328 6319
f 6319 6310 607
f 6328 2211 6310
f 2211 606 6311
f 2216 13411 6326
f 13412 6318 13411
f 13411 6318 13390
f 6326 13390 13404
f 13404 13390 2218
f 6325 2216 13410
f 13410 13403 6327
f 13410 6326 13403
f 13409 13407 6324
f 40 6327 13407
f 13407 13402 13408
f 6324 13408 13406
f 13406 13398 2215
f 13408 6322 13398
f 13403 13404 13405
f 6327 13405 13402
f 13402 13400 6322
f 13405 2218 13400
f 13400 13389 13401
f 6322 13401 6323
f 13401 6317 13392
f 13398 6323 13399
f 2215 13399 13397
f 13397 13395 6321
f 13399 6323 13395
f 13395 13391 13396
f 6321 13396 13394
f 13394 13380 604
f 13396 6313 13380
f 13392 13388 13393
f 6323 13393 13391
f 13391 13383 6313
f 13393 2214 13383
f 6318 2217 6320
f 2217 6319 6320
f 2218 6320 13389
f 13389 6320 6317
f 6317 6315 13388
f 13388 13386 2214
f 6320 6319 607
f 6320 607 6315
f 13379 6310 6316
f 13386 13379 13387
f 2214 13387 13384
f 13384 6316 6314
f 6314 2210 2213
f 13383 13384 13385
f 6313 13385 13381
f 13381 6314 6312
f 13380 13381 13382
f 2213 2206 156
f 2213 2210 2206
f 607 6310 13379
f 2212 158 2208
f 2210 2212 2208
f 2210 2208 2206
f 2208 6300 602
f 602 2198 2209
f 602 2209 2207
f 2198 6306 2201
f 2206 602 6309
f 6309 602 2207
f 156 6309 2205
f 601 2207 2200
f 2200 560 2204
f 601 2200 6308
f 6307 2056 36
f 2200 6305 560
f 2201 6306 2195
f 2195 6303 2202
f 2201 2195 2202
f 603 6305 2200
f 2201 2202 6305
f 2202 6302 2058
f 6303 6299 13377
f 6303 13377 13378
f 2202 13378 6302
f 6304 13376 12530
f 6304 12531 13376
f 13376 12531 5922
f 158 2199 6300
f 13374 13372 2197
f 13374 6297 13372
f 6306 600 2195
f 2196 13374 13371
f 600 13371 6299
f 6299 6296 12531
f 6296 2065 145
f 13372 13373 2197
f 13371 13370 6296
f 2197 6298 13370
f 13370 5951 12626
f 6296 12626 2065
f 6298 12629 5951
f 2308 6294 13368
f 13368 6295 6292
f 6292 13369 13362
f 13362 13369 2192
f 155 13368 13366
f 13366 13361 6293
f 13366 6292 13361
f 2191 13366 13367
f 2191 13367 13359
f 13359 13364 6290
f 13367 6293 13364
f 13364 13360 13365
f 6290 13365 13358
f 13358 13353 2193
f 13365 6285 13353
f 13361 13362 13363
f 6293 13363 13360
f 13360 13356 6285
f 13363 2192 13356
f 2191 13359 6291
f 597 6289 2190
f 6291 13358 13357
f 6291 13357 6287
f 13357 13352 6288
f 2190 6287 599
f 6287 6288 599
f 6285 13350 13354
f 13353 13354 13355
f 2193 13355 13352
f 13352 13351 6284
f 13355 6286 13351
f 13351 598 2188
f 6288 2188 599
f 2187 38 2183
f 595 2183 596
f 154 2186 2182
f 154 2182 6283
f 2182 596 2185
f 2182 2185 594
f 596 6281 2185
f 2183 588 2184
f 2183 2184 596
f 596 2184 592
f 2184 151 2179
f 6283 2182 6282
f 2179 151 2180
f 151 2162 6280
f 2178 13344 6276
f 585 2159 13344
f 6278 6275 13346
f 13348 13346 13349
f 13349 6279 13347
f 13347 5751 6277
f 6277 5751 12160
f 13346 13345 6279
f 6275 5754 13345
f 13345 12166 2007
f 6276 13344 13343
f 13343 12169 5754
f 13344 35 12169
f 2176 6274 6266
f 6267 13336 590
f 6266 6270 13336
f 6266 13342 13341
f 13341 13338 6270
f 13342 2177 13338
f 2177 6272 13339
f 13339 6273 13871
f 6271 13335 2169
f 13338 13339 13340
f 6270 13340 13337
f 13340 13871 6271
f 13336 13337 590
f 590 6271 2169
f 2169 6268 13334
f 2169 13334 6269
f 6269 13334 6220
f 6268 13332 13334
f 13334 6223 2153
f 6268 13333 13332
f 2175 2176 589
f 6260 2168 2173
f 2176 6266 6267
f 2172 589 6265
f 6265 2170 2174
f 38 6265 588
f 2170 591 6264
f 13331 6262 2171
f 13331 13329 6262
f 2171 6261 2163
f 2174 2163 151
f 13329 6259 13330
f 6262 13330 13328
f 13328 13326 6263
f 13330 6259 13326
f 2171 6263 6261
f 13326 13319 13327
f 6263 13327 13325
f 13327 586 6246
f 590 2169 6260
f 6260 2169 6258
f 2173 6257 6259
f 2173 2168 6257
f 6259 6257 13319
f 6257 2166 6254
f 2169 6269 6258
f 2168 6258 6257
f 6257 6256 2166
f 6257 153 6256
f 153 13248 6256
f 13248 6219 13322
f 6256 13321 13324
f 2166 13303 2167
f 13324 6250 13303
f 13322 13245 13323
f 6256 13323 13321
f 13321 13306 6250
f 13323 2152 13306
f 6254 2166 6255
f 13319 6254 13320
f 586 13320 13295
f 13295 13317 6247
f 13320 6255 13317
f 13317 6255 13318
f 6247 13318 13292
f 13292 13313 2164
f 13318 6252 13313
f 2166 2167 6252
f 6252 13302 13316
f 6252 13316 13314
f 13314 13309 6253
f 13316 6249 13309
f 13313 13314 13315
f 2164 13315 13289
f 13289 13311 6243
f 13315 6253 13311
f 13311 13308 13312
f 6243 13312 13286
f 13286 13265 587
f 13312 6232 13265
f 13309 13299 13310
f 6253 13310 13308
f 13308 13268 6232
f 13310 2157 13268
f 13306 13239 13307
f 6250 13307 13304
f 13307 6216 6251
f 13303 13304 13305
f 2167 13305 13302
f 13302 13300 6249
f 13305 6251 13300
f 13300 13297 13301
f 6249 13301 13299
f 13299 13273 2157
f 13301 6235 13273
f 6251 583 13298
f 6251 13298 13297
f 13297 13275 6235
f 13298 583 13275
f 6246 13295 13296
f 6246 13296 13294
f 13294 13291 6248
f 13296 6247 13291
f 2163 13294 6245
f 13294 6248 6245
f 13291 13292 13293
f 6248 13288 6242
f 13293 2164 13288
f 151 2163 2162
f 2162 2160 6240
f 13288 13289 13290
f 6242 13285 6244
f 13290 6243 13285
f 6245 6244 2165
f 2165 6244 2160
f 13285 13286 13287
f 6244 13283 2160
f 13287 587 13283
f 13283 13264 13284
f 2160 13281 6241
f 13284 6231 13281
f 2160 6241 6240
f 6240 6238 13278
f 13281 13261 13282
f 6241 13279 6238
f 13282 2156 13279
f 2162 6240 585
f 585 2161 2159
f 2161 6237 2159
f 2159 11752 35
f 2159 1964 11752
f 13279 13254 13280
f 6238 13280 13278
f 13278 13277 6239
f 13280 6228 13277
f 2161 6239 6237
f 6239 13276 6237
f 6237 5606 1964
f 6239 13277 13276
f 13277 537 5606
f 13275 6215 6236
f 13273 6236 13274
f 2157 13274 13269
f 13269 13272 6233
f 13274 6236 13272
f 6233 13271 2158
f 13271 6226 2158
f 6236 2149 13271
f 13271 2149 6226
f 13268 13269 13270
f 6232 13270 13266
f 13266 13259 6234
f 13270 6233 13259
f 13265 13266 13267
f 587 13267 13264
f 13264 13262 6231
f 13267 6234 13262
f 13262 13258 13263
f 6231 13263 13261
f 13261 13255 2156
f 13263 6229 13255
f 13259 2158 13260
f 6234 13260 13258
f 13258 13256 6229
f 13260 2158 13256
f 13256 6225 6230
f 13255 13256 13257
f 2156 13257 13254
f 13254 6230 6228
f 6230 5612 537
f 2149 13235 13253
f 6226 13253 6227
f 2158 6226 6227
f 2158 6227 6225
f 6223 2154 6224
f 13251 6224 6221
f 6221 6224 13244
f 6224 2154 2155
f 2153 13251 13252
f 6220 13252 13249
f 13249 13243 6222
f 13252 6221 13243
f 6220 13249 13250
f 153 13250 13248
f 13248 13246 6219
f 13250 6222 13246
f 13246 13242 13247
f 6219 13247 13245
f 13245 13240 2152
f 13247 6217 13240
f 6222 13244 13242
f 13244 2155 6217
f 6217 2155 13241
f 13241 2150 6218
f 2152 13241 13239
f 13239 13237 6216
f 13241 6218 13237
f 13237 13236 13238
f 6216 13238 583
f 6218 2150 6214
f 2155 584 2150
f 6211 2148 2151
f 6214 6211 6215
f 6213 1974 139
f 2148 6210 540
f 2151 2148 540
f 540 5626 1974
f 13233 2126 13229
f 13231 5441 11471
f 13231 11473 5441
f 13232 1917 11473
f 13229 13031 13230
f 6208 13230 13227
f 13227 13221 6209
f 13230 6129 13221
f 13226 13224 6207
f 13228 6209 13224
f 13224 13220 13225
f 6207 13225 13223
f 13223 11476 1917
f 13220 11476 13225
f 13221 13028 13222
f 6209 13222 13220
f 13220 33 5444
f 6205 6038 13219
f 13219 12804 6206
f 2146 13219 13214
f 13214 6206 6203
f 6206 13216 13217
f 6203 13217 13207
f 13207 13191 2147
f 13217 6198 13191
f 6206 12804 13216
f 13216 2098 6198
f 13213 13214 13215
f 6202 13215 13212
f 13212 13206 6204
f 13215 6203 13206
f 13211 13212 13184
f 13184 13209 6195
f 13184 6204 13209
f 13209 13205 13210
f 6195 13210 13180
f 13180 13200 2144
f 13210 6200 13200
f 13206 13207 13208
f 6204 13208 13205
f 13205 13203 6200
f 13208 2147 13203
f 13203 13190 13204
f 6200 13204 13201
f 13201 13196 6201
f 13204 6197 13196
f 13200 13201 13202
f 2144 13202 13172
f 13172 13198 6189
f 13202 6201 13198
f 13198 13195 13199
f 6189 13199 13169
f 13169 13151 582
f 13199 6174 13151
f 13196 13187 13197
f 6201 13197 13195
f 13195 13154 6174
f 13197 2139 13154
f 2098 12797 13194
f 6198 13194 13192
f 13192 13186 6199
f 13194 6035 13186
f 13191 13192 13193
f 2147 13193 13190
f 13190 13188 6197
f 13193 6199 13188
f 13188 13185 13189
f 6197 13189 13187
f 13187 13156 2139
f 13189 6177 13156
f 13186 12795 570
f 6199 570 13185
f 6194 13179 6196
f 13183 6195 13179
f 2143 6194 13177
f 13182 6188 6192
f 13179 13180 13181
f 13178 13171 6188
f 13181 2144 13171
f 13146 13175 2136
f 13176 6191 13175
f 2136 13175 13142
f 13142 13174 6166
f 13175 6191 13174
f 6166 6183 580
f 6191 2141 13174
f 13174 2141 6183
f 13171 13172 13173
f 6188 13168 6190
f 13173 6189 13168
f 6192 6190 6186
f 2145 6186 2141
f 13168 13169 13170
f 6190 13170 6186
f 13170 582 6187
f 6187 6173 2138
f 2141 6187 6184
f 6187 6171 6184
f 6184 6171 2142
f 6187 2138 6171
f 6183 6184 13167
f 580 13167 13129
f 13129 13165 6162
f 13167 6185 13165
f 13165 6185 13166
f 6162 13166 13122
f 13122 13162 2133
f 13166 6181 13162
f 6185 13159 6181
f 6181 13159 13163
f 13163 6179 6182
f 13162 13163 13164
f 2133 13164 13115
f 13115 13161 6156
f 13164 6182 13161
f 6156 13160 13106
f 13106 13002 150
f 13160 6114 13002
f 6179 13157 13005
f 6182 13005 13160
f 13160 13005 6114
f 13159 6180 6179
f 6180 13147 13158
f 6179 13158 13157
f 13157 13007 2120
f 13158 6117 13007
f 13147 577 6117
f 6177 12776 2139
f 2139 2095 6178
f 2139 6178 6175
f 6175 6178 13149
f 13154 2139 13155
f 6174 13155 13152
f 13152 6175 6176
f 13151 13152 13153
f 582 13153 13150
f 13153 6176 13150
f 13150 13148 6173
f 6173 6172 2138
f 6176 13149 13148
f 13149 2140 6172
f 6172 6028 2123
f 2138 6172 6171
f 6171 2123 13147
f 13147 2123 577
f 2140 6178 6028
f 6028 6125 2123
f 6028 147 6125
f 6169 13138 2137
f 6169 6165 13138
f 6170 13141 6165
f 13146 2136 13141
f 2137 13137 13145
f 2135 13143 6168
f 13145 6164 13143
f 13143 13134 13144
f 6165 13141 13139
f 13139 13132 6167
f 13141 6166 13132
f 13138 13139 13140
f 2137 13140 13137
f 13137 13135 6164
f 13140 6167 13135
f 13135 13131 13136
f 6164 13136 13134
f 13134 13125 2132
f 13136 6161 13125
f 13132 6166 13133
f 6167 13133 13131
f 13131 13128 6161
f 13133 580 13128
f 13128 13129 13130
f 6161 13130 13126
f 13126 13121 6163
f 13130 6162 13121
f 13125 13126 13127
f 2132 13127 6159
f 13127 6163 13124
f 6159 13120 6160
f 13120 6155 13111
f 13121 13122 13123
f 6163 13123 13120
f 13120 13114 6155
f 13123 2133 13114
f 2134 6154 6158
f 13119 6149 13088
f 6158 13108 13118
f 6158 13118 13117
f 13117 13091 6149
f 13118 2130 13091
f 13114 13115 13116
f 6155 13116 13112
f 13112 13105 6157
f 13116 6156 13105
f 13111 13112 13113
f 2134 13109 6154
f 13113 6157 13109
f 13109 13104 13110
f 6154 13110 13108
f 13108 13099 2130
f 13110 6152 13099
f 13105 13106 13107
f 6157 13107 13104
f 13104 13102 6152
f 13107 150 13102
f 13102 13001 13103
f 6152 13103 13100
f 13100 13095 6153
f 13103 6113 13095
f 13099 13100 13101
f 2130 13101 13092
f 13092 13097 6150
f 13101 6153 13097
f 13097 13094 13098
f 6150 13098 13084
f 13084 13073 2131
f 13098 6145 13073
f 13095 12998 13096
f 6153 13096 13094
f 13094 13075 6145
f 13096 2119 13075
f 13091 13092 13093
f 6149 13093 13089
f 13089 13083 6151
f 13093 6150 13083
f 13088 13089 13090
f 13090 6151 13086
f 13086 13082 13087
f 6143 13087 13068
f 13068 13078 2128
f 13087 6147 13078
f 13083 13084 13085
f 6151 13085 13082
f 13082 13081 6147
f 13085 2131 13081
f 6147 13081 13079
f 13079 2125 6148
f 13081 6144 2125
f 13078 13079 13080
f 2128 13080 13058
f 13058 13077 6139
f 13080 6148 13077
f 6139 13077 579
f 13077 6126 579
f 13075 12991 13076
f 6145 13076 13074
f 13074 13070 6146
f 13076 6110 13070
f 13073 13074 13072
f 2131 13072 6144
f 6144 6127 2125
f 13070 12988 13071
f 6146 13071 6127
f 13071 576 13021
f 6142 13056 2129
f 6142 6138 13056
f 13069 2128 13057
f 13065 13061 6141
f 13067 6137 13061
f 13066 6141 13063
f 13063 13060 13064
f 13064 6133 13043
f 13061 13054 13062
f 6141 13062 13060
f 13060 13046 6133
f 13062 2127 13046
f 13057 13058 13059
f 6138 13059 13056
f 13056 13053 6140
f 13059 6139 13053
f 2129 6140 6137
f 6137 13055 13054
f 13055 2127 13054
f 13055 6136 13049
f 13053 579 13051
f 6140 13051 13052
f 2127 13050 13047
f 13046 13047 13048
f 6133 13048 13044
f 13044 13038 6135
f 13048 6134 13038
f 13045 6135 13041
f 13041 13037 13042
f 6132 13042 13040
f 13040 13032 2126
f 13042 6130 13032
f 6135 13039 13037
f 13037 13035 6130
f 6130 13036 13033
f 13033 13026 6131
f 13036 6128 13026
f 13032 13033 13034
f 2126 13034 13031
f 13031 13029 6129
f 13034 6131 13029
f 13029 13025 13030
f 6129 13030 13028
f 13028 5317 33
f 13030 5315 5317
f 13026 13023 13027
f 6131 13027 13025
f 13027 1867 5315
f 6128 13024 13023
f 13023 11223 1867
f 13024 5318 11223
f 13022 11226 5318
f 6125 6007 6124
f 6124 13020 13016
f 13020 13018 6120
f 13020 2086 13018
f 2123 6124 6122
f 2123 6122 2121
f 6124 13016 6122
f 2124 6119 6123
f 2121 6122 578
f 6123 13013 6097
f 13018 2086 13019
f 6120 13019 13017
f 13017 13011 6121
f 13019 6006 13011
f 13016 13017 13014
f 2124 13014 6119
f 13014 13010 13015
f 6119 13015 13013
f 13013 12959 2116
f 13015 6100 12959
f 13011 12730 13012
f 6121 13012 13010
f 13010 12962 6100
f 13012 567 12962
f 6117 6118 13008
f 13007 13008 13009
f 2120 13009 6115
f 13009 6118 6108
f 6115 6108 2122
f 6118 2121 6108
f 13005 6115 13006
f 6114 13006 13003
f 13003 12997 6116
f 13006 6115 12997
f 13002 13003 13004
f 150 13004 13001
f 13001 12999 6113
f 13004 6116 12999
f 12999 12996 13000
f 6113 13000 12998
f 12998 12992 2119
f 13000 6111 12992
f 12997 2122 12995
f 6116 12995 12996
f 12996 12995 6111
f 6111 6107 12993
f 12993 12986 6112
f 12992 12993 12994
f 2119 12994 12991
f 12991 12989 6110
f 12994 6112 12989
f 12989 12985 12990
f 6110 12990 12988
f 12988 12973 576
f 12990 6103 12973
f 12986 2118 12987
f 6112 12987 12985
f 12985 12976 6103
f 12987 2118 12976
f 2122 6109 6107
f 6107 6105 2118
f 6109 578 6105
f 12983 6096 6106
f 6105 12983 12984
f 2118 12984 12977
f 12977 12981 6104
f 12984 6106 12981
f 12981 12979 12982
f 12981 12972 6104
f 12982 6102 12967
f 6096 12950 12980
f 6106 12980 12979
f 12979 12969 6102
f 12980 2115 12969
f 12976 12977 12978
f 6103 12978 12974
f 12978 6104 12971
f 12973 12974 12975
f 12969 12941 12970
f 6102 12970 12968
f 12970 6093 12965
f 12965 12938 12966
f 12964 11261 5341
f 12966 516 11261
f 12962 12717 12963
f 6100 12963 12960
f 12960 12955 6101
f 12963 5996 12955
f 12959 12960 12961
f 2116 12961 12953
f 12953 12957 6098
f 12961 6101 12957
f 12957 12954 12958
f 6098 12958 12948
f 12948 12931 2117
f 12958 6091 12931
f 12955 12715 12956
f 6101 12956 12954
f 12954 12934 6091
f 12956 2083 12934
f 6097 12953 12952
f 12952 6098 6099
f 6097 12952 578
f 578 12951 6096
f 578 6099 12951
f 6096 12951 12950
f 12950 12942 2115
f 12951 6094 12942
f 6099 12948 12949
f 6099 12949 12947
f 12947 12945 6094
f 12949 2117 12945
f 12945 12930 12946
f 6094 12946 12943
f 12943 12936 6095
f 12946 6090 12936
f 12942 12943 12944
f 2115 12944 12941
f 12941 12939 6093
f 12944 6095 12939
f 12939 12935 12940
f 6093 12940 12938
f 12938 11290 516
f 12940 5349 11290
f 12936 12927 12937
f 6095 12937 12935
f 12935 11293 5349
f 12937 1880 11293
f 6091 12711 12932
f 12932 5994 6092
f 12931 12932 12933
f 2117 12933 12930
f 12930 12928 6090
f 12933 6092 12928
f 12928 5352 12929
f 6090 12929 12927
f 12927 11301 1880
f 12929 5352 11301
f 6092 12710 5352
f 36 5917 6089
f 2113 12926 12921
f 12921 12923 6087
f 12926 6089 12923
f 12923 2055 12924
f 6087 12924 12914
f 12914 12904 2114
f 12924 6083 12904
f 6089 5917 2055
f 12920 12921 12922
f 6086 12922 12919
f 12919 12913 6088
f 12922 6087 12913
f 574 12918 12896
f 12896 12916 6080
f 12918 6088 12916
f 12916 12912 12917
f 6080 12917 12889
f 12889 12909 2111
f 12917 6085 12909
f 12913 12914 12915
f 6088 12915 12912
f 12912 12910 6085
f 12915 2114 12910
f 12910 12903 12911
f 6085 12911 12909
f 12909 12908 6061
f 12911 6082 12908
f 2111 12909 12873
f 12909 6061 12873
f 12873 6061 575
f 575 6061 6060
f 12908 12900 12850
f 6083 12527 12907
f 6083 12907 12905
f 12907 5914 6084
f 12904 12905 12906
f 2114 12906 12903
f 12903 12901 6082
f 12906 6084 12901
f 12901 12898 12902
f 6082 12902 12900
f 12900 12855 2106
f 12902 6063 12855
f 6084 12526 12899
f 6084 12899 12898
f 12898 12858 6063
f 12899 559 12858
f 12895 12896 12897
f 6079 12897 12893
f 12893 12888 6081
f 12897 6080 12888
f 6079 12893 12894
f 2110 12894 12885
f 12885 12891 6077
f 12894 6081 12891
f 12891 12887 12892
f 6077 12892 12877
f 12877 12869 2112
f 12892 6073 12869
f 12888 12889 12890
f 6081 12890 12887
f 12887 12872 6073
f 12890 2111 12872
f 12884 12885 12886
f 6076 12886 12882
f 12882 12876 6078
f 12886 6077 12876
f 12881 12882 12883
f 148 12883 12836
f 12836 12879 6053
f 12883 6078 12879
f 12879 12875 12880
f 6053 12880 12829
f 12829 12874 2103
f 12880 6075 12874
f 12876 12877 12878
f 6078 12878 12875
f 12875 12868 6075
f 12878 2112 12868
f 2103 12874 12815
f 12815 6072 572
f 6072 2108 6070
f 6073 12873 12870
f 12870 575 6074
f 12869 12870 12871
f 2112 12871 12868
f 12868 6074 6072
f 6071 6066 12863
f 572 6070 6023
f 6023 6068 12773
f 6070 12863 6068
f 6068 2109 12867
f 12867 12864 6069
f 12867 6065 12864
f 12773 12867 12865
f 2093 12865 12757
f 12757 12865 6015
f 12865 6069 12866
f 6015 12866 12747
f 12747 12662 149
f 12866 5972 12662
f 6069 12665 5972
f 12864 2075 12665
f 6066 2105 6067
f 12863 6067 2109
f 2109 6067 6065
f 6065 12860 12862
f 12862 5975 2075
f 6058 12848 12861
f 6067 12861 12860
f 12860 12676 5975
f 12861 565 12676
f 12858 559 12859
f 6063 12859 12856
f 12856 12852 6064
f 12859 5909 12852
f 12855 12856 12857
f 2106 12857 6062
f 12857 6064 12853
f 12853 12851 12854
f 6062 12854 2107
f 12854 6056 12842
f 6064 12523 12851
f 12851 12844 6056
f 12523 2052 12844
f 6061 12850 6060
f 12850 2107 12841
f 6060 12841 6059
f 2105 12849 6058
f 2105 6059 12849
f 6058 12849 12848
f 12848 12698 565
f 12849 5983 12698
f 6059 12838 12847
f 6059 12847 12846
f 12846 12701 5983
f 12847 2078 12701
f 12844 12521 12845
f 6056 12845 12842
f 12842 12839 6057
f 12845 5906 12839
f 2107 12843 12841
f 12841 6057 6055
f 12838 5986 2078
f 12839 12520 12840
f 6057 12840 12838
f 12840 144 5986
f 12835 12836 12837
f 6052 12828 6054
f 12837 6053 12828
f 12833 6052 12834
f 2102 12834 6050
f 12834 6054 12831
f 12831 12827 12832
f 6050 12832 12811
f 12832 6045 12811
f 12828 12829 12830
f 6054 12830 12827
f 12827 12814 6045
f 12830 2103 12814
f 6049 6050 12825
f 571 12826 6043
f 6043 6051 12806
f 12806 12821 2100
f 6051 6047 12821
f 12825 2104 6047
f 6047 12810 12824
f 6047 12824 12822
f 12822 12817 6048
f 12824 6044 12817
f 12821 12822 12823
f 2100 12823 12791
f 12791 12819 6033
f 12823 6048 12819
f 12819 12816 12820
f 6033 12820 12781
f 12781 12768 573
f 12820 6020 12768
f 12817 12809 12818
f 6048 12818 12816
f 12816 12771 6020
f 12818 2092 12771
f 6045 12815 12812
f 12812 572 6046
f 12811 12812 12813
f 2104 12813 12810
f 12810 6046 6044
f 6044 12808 12809
f 12808 6023 2092
f 6046 572 12808
f 2099 6042 6040
f 6040 12805 12803
f 12803 12787 2101
f 12805 6032 12787
f 6043 12806 12807
f 6042 12807 12805
f 12805 12790 6032
f 12807 2100 12790
f 6039 6040 6041
f 37 6039 6038
f 6038 6041 12804
f 12804 12798 2098
f 6041 6036 12798
f 6041 12801 6036
f 12803 2101 12801
f 12801 12786 12802
f 6036 12802 12799
f 12799 12793 6037
f 12802 6031 12793
f 12798 12799 12800
f 2098 12800 12797
f 12797 12796 6035
f 12800 6037 12796
f 12796 12778 12777
f 6035 12777 12795
f 12795 12777 570
f 12793 12783 12794
f 6037 12794 12778
f 12794 2096 12778
f 12790 12791 12792
f 6032 12792 12788
f 12788 12780 6034
f 12792 6033 12780
f 12787 12788 12789
f 2101 12789 12786
f 12786 12784 6031
f 12789 6034 12784
f 12784 12779 12785
f 6031 12785 12783
f 12785 6030 2096
f 12780 12781 12782
f 6034 12782 12779
f 12779 12767 6030
f 12782 573 12767
f 12767 6019 2091
f 6030 2091 6027
f 12778 6030 6029
f 12777 6029 12776
f 6029 2097 12776
f 12776 6026 2095
f 6178 2095 6028
f 6027 568 6026
f 6026 568 147
f 6023 6024 12774
f 12774 6024 6025
f 2092 12774 6021
f 12774 6025 12775
f 6021 12775 12764
f 12764 12753 2094
f 12775 6014 12753
f 6024 12773 12756
f 6025 12756 6014
f 12771 2092 12772
f 6020 12772 12769
f 12769 12763 6022
f 12772 6021 12763
f 12768 12769 12770
f 573 12770 12767
f 12767 12766 6019
f 12770 6022 12766
f 12766 12762 6019
f 6019 6017 2091
f 12763 12764 12765
f 6022 12765 12762
f 12762 12760 6017
f 12765 2094 12760
f 12760 12752 12761
f 6017 12761 12759
f 12761 6013 6018
f 2091 12759 6027
f 6027 6018 568
f 6018 6010 568
f 568 6010 12737
f 6018 2089 12736
f 12756 12757 12758
f 6014 12758 12754
f 12754 12746 6016
f 12758 6015 12746
f 12753 12754 12755
f 2094 12755 12752
f 12752 12750 6013
f 12755 6016 12750
f 12750 12745 12751
f 6013 12751 12749
f 12749 12740 2089
f 12751 6011 12740
f 12746 12747 12748
f 6016 12748 12745
f 12745 12743 6011
f 12748 149 12743
f 12743 12661 12744
f 6011 12744 12741
f 12741 12738 6012
f 12744 5971 12738
f 12740 12741 12742
f 2089 12739 6009
f 12742 6012 12739
f 12739 12735 6009
f 12738 2074 12735
f 6010 12736 12737
f 12737 12736 2090
f 568 12737 6003
f 6003 2081 2087
f 12736 6009 2090
f 2087 2081 569
f 6009 5969 2090
f 5969 564 2081
f 147 6003 12726
f 147 12726 6007
f 147 6007 6125
f 6007 12733 2086
f 6007 2088 12734
f 12734 12728 6008
f 12734 6002 12728
f 2086 12731 6006
f 12733 6008 12731
f 12731 12727 12732
f 6006 12732 12730
f 12730 12718 567
f 12732 5997 12718
f 12728 12725 12729
f 6008 12729 12727
f 12727 12721 5997
f 12729 2084 12721
f 6003 2087 6004
f 6003 6004 12726
f 12726 6004 6005
f 2088 6005 6002
f 6002 12723 12725
f 12725 12723 2084
f 6004 569 12724
f 6005 12724 6000
f 12724 5990 6000
f 6000 5990 6001
f 2084 6000 12722
f 6000 6001 5998
f 5998 2080 12714
f 12714 5992 2085
f 5997 12722 12719
f 12719 12713 5999
f 12722 5998 12713
f 12718 12719 12720
f 567 12720 12717
f 12717 12716 5996
f 12720 5999 12716
f 5996 12712 12715
f 12712 2085 2083
f 5999 12714 12712
f 2083 5995 12711
f 5994 5991 12710
f 12710 5253 32
f 5991 11155 5253
f 5991 1830 11155
f 2080 5988 5993
f 2085 5993 5991
f 5993 5256 1830
f 5993 11158 5256
f 5993 503 11158
f 569 2081 2082
f 5990 5989 2080
f 569 2082 5989
f 5989 2082 1833
f 2080 1833 5988
f 5988 5259 503
f 2082 131 1833
f 5986 12479 12708
f 12708 5884 5987
f 2078 12708 12709
f 2078 12709 12702
f 12702 12706 5984
f 12709 5987 12706
f 12706 12704 12707
f 5984 12707 12694
f 12694 12681 2079
f 12707 5979 12681
f 5884 12476 12705
f 5987 12705 12704
f 12704 12682 5979
f 12705 2043 12682
f 12701 12702 12703
f 5983 12703 12699
f 12699 12693 5985
f 12703 5984 12693
f 12698 12699 12700
f 565 12700 12677
f 12677 12696 5976
f 12700 5985 12696
f 12696 12692 12697
f 5976 12697 12670
f 12670 12687 2076
f 12697 5981 12687
f 12693 12694 12695
f 5985 12695 12692
f 12692 12690 5981
f 12695 2079 12690
f 12690 12680 12691
f 5981 12691 12688
f 12688 12684 5982
f 12691 5978 12684
f 12687 12688 12689
f 2076 12689 12657
f 12657 12686 5967
f 12689 5982 12686
f 12686 12683 12654
f 12654 12645 566
f 12654 5961 12645
f 12684 12679 12685
f 5982 12685 12683
f 12683 12648 5961
f 12685 2069 12648
f 12682 12467 5979
f 12681 5881 5980
f 2079 5980 12680
f 12680 5980 5978
f 5980 5963 12651
f 5978 12651 12679
f 12679 12651 2069
f 5980 556 5963
f 12676 12677 12678
f 5975 12678 12674
f 12674 12669 5977
f 12678 5976 12669
f 2075 12674 12675
f 2075 12675 12666
f 12666 12672 5973
f 12675 5977 12672
f 12672 12668 12673
f 5973 12673 12655
f 12673 5966 12655
f 12669 12670 12671
f 5977 12671 12668
f 12668 12656 5966
f 12671 2076 12656
f 12665 12666 12667
f 5972 12667 12663
f 12663 12659 5974
f 12667 5973 12659
f 12662 12663 12664
f 149 12664 12661
f 12661 12660 5971
f 12664 5974 12660
f 5971 5970 2074
f 12659 12655 12658
f 5974 12658 5970
f 5970 5965 564
f 2074 5970 5969
f 5970 564 5969
f 12656 12657 12653
f 5966 12653 5968
f 12655 5968 2077
f 2077 5968 5965
f 5965 5964 2072
f 12653 12654 566
f 5968 566 5964
f 5964 12644 2072
f 12644 5960 12652
f 12652 2068 2073
f 564 2073 2071
f 2071 1837 131
f 2071 506 1837
f 12651 5963 12649
f 12649 5963 2070
f 5963 2040 2070
f 12648 12649 12650
f 5961 12650 12646
f 12646 2070 5962
f 12645 12646 12647
f 566 12647 12644
f 12644 12642 5960
f 12647 5962 12642
f 12642 12640 12643
f 5960 12643 12641
f 12641 12637 2068
f 12643 5958 12637
f 5962 2070 12640
f 12640 5871 12636
f 5958 12636 12638
f 12638 12636 5959
f 12637 12638 12639
f 2068 12639 5957
f 12635 1838 506
f 12636 1838 12635
f 2070 2040 5871
f 5871 31 1838
f 562 5956 5952
f 12630 5954 5955
f 2066 12630 12608
f 12608 12633 5945
f 12608 5955 12633
f 12633 12631 12634
f 5945 12634 12598
f 12598 12552 563
f 12634 5930 12552
f 5955 2061 12632
f 5955 12632 12631
f 12631 12555 5930
f 12632 2061 12555
f 5951 5952 12627
f 12627 5952 5953
f 12626 12627 12628
f 2065 12624 5949
f 12628 5953 12624
f 12624 12623 12625
f 5949 12625 12620
f 12620 12604 2067
f 12625 5944 12604
f 5952 2066 5953
f 12623 12607 5944
f 5953 2066 12607
f 12622 5949 5950
f 145 5950 12619
f 145 12619 12529
f 12529 5947 2059
f 5950 12620 12621
f 5950 12621 12619
f 12619 12617 5947
f 12621 2067 12617
f 12617 12603 12618
f 5947 12618 12615
f 12615 12611 5948
f 12618 5943 12611
f 5947 12615 12616
f 2059 12616 12528
f 12528 12613 5921
f 12616 5948 12613
f 12613 12610 12614
f 5921 12614 12519
f 12614 5938 561
f 12611 12600 12612
f 5948 12612 12610
f 12610 12583 5938
f 12612 2063 12583
f 12607 12608 12609
f 5944 12609 12605
f 12605 12597 5946
f 12609 5945 12597
f 12604 12605 12606
f 2067 12606 12603
f 12603 12601 5943
f 12606 5946 12601
f 12601 12596 12602
f 5943 12602 12600
f 12600 12591 2063
f 12602 5941 12591
f 12597 12598 12599
f 5946 12599 12596
f 12596 12594 5941
f 12599 563 12594
f 12594 12551 12595
f 5941 12595 12592
f 12592 12587 5942
f 12595 5929 12587
f 12591 12592 12593
f 2063 12593 12584
f 12584 12589 5939
f 12593 5942 12589
f 12589 12586 12590
f 5939 12590 12577
f 12577 12563 2064
f 12590 5934 12563
f 12587 12548 12588
f 5942 12588 12586
f 12586 2060 5934
f 12583 12584 12585
f 5938 12585 12581
f 12581 12576 5940
f 12585 5939 12576
f 561 12581 12582
f 561 12582 5904
f 12582 5940 12579
f 12579 12575 12580
f 5904 12580 12518
f 12518 12570 2050
f 12580 5936 12570
f 12576 12577 12578
f 5940 12578 12575
f 12575 12573 5936
f 12578 2064 12573
f 12573 12562 12574
f 5936 12574 12571
f 12571 12566 5937
f 12574 5933 12566
f 12570 12571 12572
f 2050 12572 12516
f 12516 12568 5900
f 12572 5937 12568
f 12568 12565 12569
f 5900 12569 12511
f 12511 12407 146
f 12569 5851 12407
f 12566 12559 12567
f 5937 12567 12565
f 12565 12409 5851
f 12567 2033 12409
f 2060 5926 12558
f 5934 12558 5935
f 12563 5934 12564
f 2064 12564 12562
f 12562 12560 5933
f 12564 5935 12560
f 12560 5935 12561
f 5933 12561 12559
f 12559 12414 2033
f 12561 5854 12414
f 2061 12557 5931
f 5931 5924 12547
f 12547 12536 2062
f 12555 5931 12556
f 5930 12556 12553
f 12553 12546 5932
f 12556 5931 12546
f 12552 12553 12554
f 563 12554 12551
f 12551 12549 5929
f 12554 5932 12549
f 12549 12545 12550
f 5929 12550 12548
f 12548 5927 2060
f 5932 12547 12545
f 12545 12543 5927
f 12547 2062 12543
f 12543 12535 12544
f 5927 12544 12542
f 12542 12539 5928
f 12544 5923 12539
f 2060 12542 5926
f 5928 12538 12541
f 5926 12541 554
f 12541 5862 12434
f 12539 12532 12540
f 5928 12540 12538
f 12538 12437 5862
f 12540 2036 12437
f 5924 12385 12537
f 12537 12385 5925
f 2062 12537 12535
f 12535 12533 5923
f 12537 5925 12533
f 12533 5865 12534
f 5923 12534 12532
f 12532 12445 2036
f 12534 5865 12445
f 12385 12383 12448
f 5925 12448 5865
f 2059 5921 5920
f 5918 12525 2057
f 36 2056 5919
f 36 5919 5917
f 5917 5915 2055
f 5919 5918 5915
f 5915 2057 5916
f 2057 5913 5916
f 5915 5916 12527
f 12527 5916 5914
f 12526 5910 559
f 5916 5912 12526
f 12526 5912 5910
f 2053 5905 5911
f 5911 5905 2054
f 5912 2053 5910
f 559 12522 5909
f 5909 12524 12523
f 12524 5907 2052
f 5911 2054 5907
f 2054 5905 5908
f 12521 5908 5906
f 5906 5885 12520
f 5908 5905 2044
f 5908 2044 5885
f 2053 2049 5905
f 5905 5886 2044
f 5905 557 5886
f 12519 5904 12517
f 12517 12518 12515
f 2049 5893 557
f 5898 12513 5903
f 5903 12497 5893
f 5903 2047 12497
f 12515 12516 2051
f 2051 12510 5901
f 2051 5900 12510
f 5901 12509 12514
f 5898 12514 12513
f 12513 12504 2047
f 12514 5896 12504
f 12510 12511 12512
f 5901 12512 12509
f 12509 12507 5896
f 12512 146 12507
f 12507 12406 12508
f 5896 12508 12505
f 12505 12501 5897
f 12508 5850 12501
f 12504 12505 12506
f 2047 12506 12498
f 12498 12502 5894
f 12506 5897 12502
f 12502 12500 12503
f 5894 12503 12495
f 12495 12484 2048
f 12503 5890 12484
f 12501 12404 2032
f 5897 2032 12500
f 12500 2032 5890
f 12497 12498 12499
f 5893 12499 5895
f 12499 5894 12494
f 557 5895 5888
f 5888 5891 12488
f 12494 12495 12496
f 5895 12496 12493
f 12493 12491 5891
f 12496 2048 12491
f 12491 12483 12492
f 5891 12492 12489
f 12489 12486 5892
f 12492 5889 12486
f 12488 12489 12490
f 2045 12490 12461
f 12461 12487 5879
f 12490 5892 12487
f 12487 12485 558
f 12486 12481 12485
f 12485 2039 5867
f 2032 5848 553
f 12484 5890 12482
f 2048 12482 12483
f 12483 12482 5889
f 12482 553 5869
f 5889 5869 12481
f 12481 5869 2039
f 2044 5886 12480
f 5886 12460 12474
f 12474 12457 2046
f 12474 5878 12457
f 557 2045 12460
f 12480 5886 5887
f 144 12480 12479
f 12479 12477 5884
f 12479 5887 12477
f 12477 12473 12478
f 5884 12478 12476
f 12476 12468 2043
f 12478 5882 12468
f 5887 12474 12475
f 5887 12475 12473
f 12473 12471 5882
f 12475 2046 12471
f 12471 12456 12472
f 5882 12472 12469
f 12469 12464 5883
f 12472 5877 12464
f 12468 12469 12470
f 2043 12470 12467
f 12467 12466 5881
f 12470 5883 12466
f 12466 12463 12450
f 5881 12450 556
f 12464 12454 12465
f 5883 12465 12463
f 12463 12451 5873
f 12465 2041 12451
f 12460 12461 12462
f 5878 12462 12458
f 12458 12453 5880
f 12462 5879 12453
f 12457 12458 12459
f 2046 12459 12456
f 12456 12455 5877
f 12459 5880 12455
f 5877 5875 12454
f 12454 5875 2041
f 5880 12453 5875
f 12453 558 5876
f 5875 5876 12452
f 12452 5876 2042
f 12451 2041 5874
f 12450 5873 556
f 556 5874 5872
f 5874 2042 5872
f 5872 5870 31
f 2039 5868 5867
f 12448 12361 12449
f 5865 12449 12446
f 12446 12441 5866
f 12449 5819 12441
f 12445 12446 12447
f 2036 12447 12438
f 12438 12443 5863
f 12447 5866 12443
f 12443 12440 12444
f 5863 12444 12431
f 12431 12421 2037
f 12444 5858 12421
f 12441 12358 12442
f 5866 12442 12440
f 12440 12423 5858
f 12442 2023 12423
f 12437 12438 12439
f 5862 12439 12435
f 12435 12430 5864
f 12439 5863 12430
f 12434 12435 12436
f 554 12436 12417
f 12417 12433 5855
f 12436 5864 12433
f 5855 5860 2034
f 12430 12431 12432
f 5864 12432 12429
f 12429 12420 5860
f 12432 2037 12420
f 5860 5857 12427
f 12427 5857 5861
f 5860 12427 12428
f 2034 12428 5846
f 12428 5861 12426
f 12426 12425 12399
f 5846 12399 12401
f 12401 12399 555
f 5857 12418 12425
f 12423 12349 12424
f 5858 12424 12422
f 12422 12419 5859
f 12424 5816 12419
f 12421 12422 5859
f 2037 5859 12420
f 12420 5859 5857
f 12419 12348 12418
f 12418 551 2028
f 5854 12417 12412
f 5854 12412 12415
f 12415 12412 5856
f 12414 12415 12416
f 2033 12416 12410
f 12416 5856 5852
f 5852 5856 12413
f 5852 12413 2035
f 12413 5845 2035
f 12412 5855 2034
f 5856 12402 5845
f 12409 12410 12411
f 5851 12411 5853
f 12411 5852 12403
f 12407 5853 12408
f 146 12408 12406
f 12406 12405 5850
f 12408 5853 12405
f 5850 12405 12404
f 12404 5849 2032
f 5853 5844 5849
f 12403 2035 5844
f 5849 5844 5848
f 2032 5849 5848
f 5844 2030 5841
f 12402 5846 5847
f 5845 5847 5844
f 5843 12398 12400
f 12398 5835 5842
f 5842 5839 2031
f 553 5841 5840
f 5838 5205 1805
f 1805 11060 5202
f 2031 5839 5838
f 5839 5832 5205
f 5832 11071 5205
f 5832 494 11071
f 2028 5806 5837
f 5806 5804 5830
f 2028 5837 5836
f 555 5836 12398
f 5835 12396 5833
f 5835 5833 5839
f 5839 5833 2027
f 5836 2029 12396
f 12396 12392 12397
f 5833 12397 5834
f 12397 5829 12394
f 5833 5834 2027
f 2027 12393 12395
f 12395 11094 494
f 12395 5212 11094
f 12394 12390 1808
f 5834 1808 12393
f 12393 11097 5212
f 5830 2020 5831
f 12392 12391 5829
f 2029 5831 12391
f 12391 12389 11103
f 5829 11103 12390
f 12390 11103 1808
f 12389 11106 5215
f 5831 30 11106
f 12387 12060 12388
f 5828 12388 12386
f 12386 12282 5787
f 12388 141 12282
f 5827 12382 12384
f 5827 12384 12383
f 12383 12362 143
f 12384 5820 12362
f 12382 12365 5820
f 5825 12381 12380
f 12380 12379 5826
f 12381 5823 12379
f 5825 12380 5826
f 2025 5826 5814
f 5814 12378 552
f 12379 12371 12378
f 12378 12300 5796
f 12378 2018 12300
f 12375 12369 5824
f 12377 5782 12369
f 12374 12372 5823
f 12376 5824 12372
f 12372 12368 12373
f 5823 12373 12371
f 12371 12304 2018
f 12373 5799 12304
f 12369 12264 12370
f 5824 12370 12368
f 12368 12307 5799
f 12370 549 12307
f 2024 12367 12356
f 12356 5813 2026
f 5822 12344 5813
f 5820 12366 12363
f 12363 12356 5821
f 12366 2024 12356
f 12362 12363 12364
f 143 12364 12361
f 12361 12359 5819
f 12364 5821 12359
f 12359 12355 12360
f 5819 12360 12358
f 12358 12350 2023
f 12360 5817 12350
f 5821 12357 12355
f 12355 12353 5817
f 12357 2026 12353
f 12353 12342 12354
f 5817 12354 12351
f 12351 12346 5818
f 12354 5812 12346
f 12350 12351 12352
f 2023 12352 12349
f 12352 5818 5816
f 5816 12345 12348
f 12348 12325 551
f 12348 5807 12325
f 12346 12340 12347
f 5818 12347 12345
f 12345 12328 5807
f 12347 2021 12328
f 12344 5814 12339
f 5813 12339 12343
f 2026 12343 12342
f 12342 5815 5812
f 5815 5810 12341
f 5812 12341 12340
f 12340 12335 2021
f 12341 5810 12335
f 12339 552 12338
f 5815 12338 5810
f 12338 5795 12332
f 5810 12332 12336
f 12336 12332 5811
f 12335 12336 12337
f 2021 12337 12329
f 12329 12333 5808
f 12337 5811 12333
f 12333 12331 12334
f 5808 12334 12322
f 12322 12314 2022
f 12334 5802 12314
f 5811 12332 12331
f 12331 12317 5802
f 12332 2017 12317
f 12328 12329 12330
f 5807 12330 12326
f 12326 12321 5809
f 12330 5808 12321
f 12325 12326 12327
f 551 12324 5806
f 12327 5809 12324
f 12324 12320 5804
f 12321 12322 12323
f 5809 12323 12320
f 12320 12319 5804
f 12323 2022 12319
f 12319 12313 5805
f 5804 5805 2020
f 2020 5805 12318
f 2020 12318 30
f 12318 1755 10842
f 5802 12317 12315
f 12315 12310 5803
f 12317 5792 12310
f 12314 12315 12316
f 2022 12316 12313
f 12313 12312 5801
f 12316 5803 12312
f 12312 12309 5801
f 5801 5087 10850
f 12310 12294 12311
f 5803 12311 12309
f 12309 10851 5087
f 12311 480 10851
f 12307 12243 12308
f 5799 12308 12305
f 12305 12303 5800
f 12308 5774 12303
f 12304 12305 12306
f 2018 12306 12301
f 12301 5800 5797
f 5800 12302 5797
f 12297 12290 2019
f 5797 5790 12290
f 12303 12240 12302
f 12302 2012 5790
f 12300 12301 12299
f 12299 12297 5798
f 12299 5797 12297
f 5796 12299 5798
f 552 5798 5795
f 5795 5793 2017
f 5798 12296 5793
f 12298 2019 12296
f 12296 12289 5793
f 2017 5794 5792
f 5794 12293 12295
f 5792 12295 12294
f 12294 10879 480
f 12295 5096 10879
f 5793 12286 5794
f 12293 10882 5096
f 5794 1758 10882
f 2012 12229 5790
f 12291 5771 5791
f 12290 12291 12292
f 2019 12292 12289
f 12289 12287 5789
f 12292 5791 12287
f 12287 12284 12288
f 5789 12288 12286
f 12286 10891 1758
f 12288 5099 10891
f 5771 12228 12285
f 5791 12285 12284
f 12284 10894 5099
f 12285 125 10894
f 12282 12008 12283
f 5787 12283 12281
f 12281 12278 5788
f 12283 5704 12278
f 12280 5788 12273
f 12278 12006 12279
f 5788 1997 5785
f 5781 12198 550
f 5781 5763 12198
f 12277 12201 5763
f 12270 2010 12201
f 1997 12003 12276
f 5785 12276 12274
f 12274 12268 5786
f 12276 5701 12268
f 12273 12274 12275
f 2016 12275 5784
f 12275 5786 12271
f 12271 12267 12272
f 5784 12272 12270
f 12270 12209 2010
f 12272 5766 12209
f 12268 5701 12269
f 5786 12269 12267
f 12267 12212 5766
f 12269 545 12212
f 2015 12265 5782
f 12265 5775 12266
f 5782 12266 12264
f 12264 12244 549
f 12266 5775 12244
f 5780 12261 12263
f 5783 12263 5775
f 12263 2013 12247
f 12261 12255 2013
f 12262 5778 12255
f 12260 550 12258
f 12258 12197 12259
f 5778 12259 12256
f 12256 12251 5779
f 12259 5762 12251
f 12255 12256 12257
f 2013 12257 12248
f 12248 12253 5776
f 12257 5779 12253
f 12253 12250 12254
f 5776 12254 12238
f 12238 12221 2014
f 12254 5769 12221
f 12251 12194 12252
f 5779 12252 12250
f 12250 12224 5769
f 12252 2009 12224
f 12247 12248 12249
f 5775 12249 12245
f 12245 12237 5777
f 12249 5776 12237
f 12244 12245 12246
f 549 12246 12243
f 12243 12241 5774
f 12246 5777 12241
f 12241 12236 12242
f 5774 12242 12240
f 12240 12231 2012
f 12242 5772 12231
f 12237 12238 12239
f 5777 12239 12236
f 12236 12234 5772
f 12239 2014 12234
f 12234 12220 12235
f 5772 12235 12232
f 12232 12226 5773
f 12235 5768 12226
f 12231 12232 12233
f 2012 12233 12229
f 12233 5773 12229
f 12229 5125 12230
f 5771 12230 12228
f 12228 10923 125
f 12230 5125 10923
f 12226 12217 12227
f 5773 12227 5125
f 12227 1766 5125
f 12224 12184 12225
f 5769 12225 12222
f 12222 12215 5770
f 12225 5759 12215
f 12221 12222 12223
f 2014 12223 12220
f 12220 12218 5768
f 12223 5770 12218
f 12218 12214 12219
f 5768 12219 12217
f 12217 10933 1766
f 12219 5128 10933
f 12215 12181 12216
f 5770 12216 12214
f 12214 10936 5128
f 12216 483 10936
f 12212 11971 12213
f 5766 12213 12210
f 12210 12205 5767
f 12213 5691 12205
f 12209 12210 12211
f 2010 12211 12202
f 12202 12207 5764
f 12211 5767 12207
f 12207 12204 12208
f 5764 12208 12192
f 12192 12175 2011
f 12208 5757 12175
f 12205 11968 12206
f 5767 12206 12204
f 12204 12178 5757
f 12206 1994 12178
f 12201 12202 12203
f 5763 12203 12199
f 12199 12191 5765
f 12203 5764 12191
f 12198 12199 12200
f 550 12200 12197
f 12197 12195 5762
f 12200 5765 12195
f 12195 12190 12196
f 5762 12196 12194
f 12194 12185 2009
f 12196 5760 12185
f 12191 12192 12193
f 5765 12193 12190
f 12190 12188 5760
f 12193 2011 12188
f 12188 12174 12189
f 5760 12189 12186
f 12186 5756 5761
f 12185 12186 12187
f 2009 12187 12184
f 12184 12182 5759
f 12187 5761 12182
f 12182 12180 12183
f 5759 12183 12181
f 12181 10949 483
f 12183 5136 10949
f 5756 12173 1769
f 5761 1769 12180
f 12180 1769 5136
f 12178 11958 12179
f 5757 12179 12176
f 12176 12171 5758
f 12179 5688 12171
f 12175 12176 12177
f 2011 12177 12174
f 12174 12173 5756
f 12177 5758 12173
f 12173 10952 1769
f 12173 5139 10952
f 12171 11955 12172
f 5758 12172 5139
f 12172 29 10953
f 12169 11756 12170
f 5754 12170 12167
f 12167 12162 5755
f 12170 5603 12162
f 12166 12167 12168
f 2007 12168 5752
f 12168 5755 12164
f 12164 12161 12165
f 5752 12165 12159
f 12159 12145 2008
f 12165 5747 12145
f 12162 11754 12163
f 5755 12163 12161
f 12161 12148 5747
f 12163 1963 12148
f 5751 2007 5753
f 12160 5753 5744
f 12137 12155 2006
f 5744 5749 12155
f 5752 12159 5753
f 5753 12157 5749
f 5753 2008 12157
f 12157 12144 12158
f 5749 12151 5750
f 12158 5746 12151
f 12155 5749 12156
f 2006 12156 12136
f 12136 12153 5742
f 12156 5750 12153
f 12153 12150 12154
f 5742 12154 12132
f 12132 12087 548
f 12154 5727 12087
f 12151 12141 12152
f 5750 12152 12150
f 12150 12089 5727
f 12152 2003 12089
f 12148 11748 12149
f 5747 12149 12146
f 12146 12139 5748
f 12149 5600 12139
f 12145 12146 12147
f 2008 12147 12144
f 12144 12142 5746
f 12147 5748 12142
f 12142 12138 12143
f 5746 12143 12141
f 12141 12097 2003
f 12143 5730 12097
f 12139 11746 12140
f 5748 12140 12138
f 12138 12100 5730
f 12140 536 12100
f 5745 12135 5741
f 5745 2006 12135
f 5741 12135 12134
f 12134 12131 5743
f 12135 5742 12131
f 12131 12132 12133
f 5743 12133 5739
f 12133 548 12129
f 12129 5726 12130
f 12130 5726 12126
f 12127 5740 12128
f 5737 12128 12122
f 12122 5733 2005
f 12126 12081 5740
f 5740 2002 5733
f 12124 12121 5738
f 12125 5737 12121
f 12121 12122 12123
f 5738 12123 12120
f 12120 12118 5735
f 12123 2005 12118
f 12118 12108 12119
f 5735 12119 12116
f 12116 12111 5736
f 12119 5732 12111
f 12115 12116 12117
f 12117 5736 12113
f 12113 12110 12114
f 5718 12114 12058
f 12058 11856 142
f 12114 5657 11856
f 12111 12105 12112
f 5736 12112 12110
f 12110 11859 5657
f 12112 1986 11859
f 2002 12080 12103
f 5733 12103 12109
f 2005 12109 12108
f 12108 12106 5732
f 12109 5734 12106
f 12106 12102 12107
f 5732 12107 12105
f 12105 11868 1986
f 12107 5660 11868
f 12103 12077 12104
f 5734 12104 12102
f 12102 11871 5660
f 12104 543 11871
f 12100 536 12101
f 5730 12101 12098
f 12098 12093 5731
f 12101 5590 12093
f 12097 12098 12099
f 2003 12099 12090
f 12090 12095 5728
f 12099 5731 12095
f 12095 12092 12096
f 5728 12096 12084
f 12084 12069 2004
f 12096 5721 12069
f 12093 11720 12094
f 5731 12094 12092
f 12092 12072 5721
f 12094 1960 12072
f 12089 12090 12091
f 5727 12084 5729
f 12091 5728 12084
f 12087 5727 12088
f 548 12088 5726
f 12088 5729 12086
f 5726 12086 12081
f 12086 5724 12081
f 5729 12085 5724
f 12085 2004 12083
f 12083 12068 12082
f 12082 12075 5725
f 12082 5720 12075
f 12081 12082 12078
f 2002 12078 12080
f 12080 12078 5723
f 12078 12074 12079
f 5723 12079 12077
f 12077 11887 543
f 12079 5668 11887
f 12075 12065 12076
f 5725 12076 12074
f 12074 11890 5668
f 12076 1989 11890
f 12072 11710 12073
f 5721 12073 12070
f 12070 12063 5722
f 12073 5587 12063
f 12069 12070 12071
f 2004 12071 12068
f 12068 12066 5720
f 12071 5722 12066
f 12066 12062 12067
f 5720 12067 12065
f 12065 11896 1989
f 12067 5671 11896
f 12063 11707 12064
f 5722 12064 12062
f 12062 11899 5671
f 12064 138 11899
f 5719 12061 12060
f 12060 12009 141
f 12059 142 12056
f 12056 11855 12057
f 5716 12057 12054
f 12054 12049 5717
f 12057 5656 12049
f 12053 12054 12055
f 12047 12051 5714
f 12055 5717 12051
f 12051 12048 12052
f 5714 12052 12040
f 12040 12023 2001
f 12052 5709 12023
f 12049 11852 12050
f 5717 12050 12048
f 12048 12026 5709
f 12050 1985 12026
f 12046 12047 12039
f 5713 12039 12045
f 12045 12039 5715
f 12015 12042 5707
f 12044 5715 12042
f 12042 12038 12043
f 5707 12043 12013
f 12013 12033 1999
f 12043 5711 12033
f 12039 12040 12041
f 5715 12041 12038
f 12038 12036 5711
f 12041 2001 12036
f 12036 12022 12037
f 5711 12037 12034
f 12034 12029 5712
f 12037 5708 12029
f 12033 12034 12035
f 1999 12035 11998
f 11998 12031 5699
f 12035 5712 12031
f 12031 12028 12032
f 5699 12032 11990
f 11990 11931 546
f 12032 5680 11931
f 12029 12019 12030
f 5712 12030 12028
f 12028 11934 5680
f 12030 1992 11934
f 12026 11842 12027
f 5709 12027 12024
f 12024 12017 5710
f 12027 5653 12017
f 12023 12024 12025
f 2001 12025 12022
f 12022 12020 5708
f 12025 5710 12020
f 12020 12016 12021
f 5708 12021 12019
f 12019 11942 1992
f 12021 5683 11942
f 12017 11839 12018
f 5710 12018 12016
f 12016 11945 5683
f 12018 542 11945
f 5706 5698 11995
f 1998 11995 2000
f 12014 1999 11997
f 5705 12012 12010
f 12010 12005 5702
f 12012 1998 12005
f 12009 12010 12011
f 141 12011 12008
f 12008 12007 5704
f 12011 5702 12007
f 12007 5702 12004
f 5704 12004 12006
f 12006 12004 1997
f 2000 5697 12001
f 5702 12001 5703
f 1997 12004 12003
f 12003 12002 5701
f 12004 5703 12002
f 5701 11972 545
f 12002 5692 11972
f 5703 12001 12000
f 12000 11975 5692
f 12001 1995 11975
f 11997 11998 11999
f 5698 11999 11996
f 11996 11989 5700
f 11999 5699 11989
f 2000 11995 5697
f 11995 5700 11993
f 11993 11988 11994
f 5697 11994 11992
f 11992 11983 1995
f 11994 5695 11983
f 11989 11990 11991
f 5700 11991 11988
f 11988 11986 5695
f 11991 546 11986
f 11986 11930 11987
f 5695 11987 11984
f 11984 11979 5696
f 11987 5679 11979
f 11983 11984 11985
f 1995 11985 11976
f 11976 11981 5693
f 11985 5696 11981
f 11981 11978 11982
f 5693 11982 11966
f 11966 11949 1996
f 11982 5686 11949
f 11979 11927 11980
f 5696 11980 11978
f 11978 11951 5686
f 11980 1991 11951
f 11975 11976 11977
f 5692 11977 11973
f 11973 11965 5694
f 11977 5693 11965
f 11972 11973 11974
f 545 11974 11971
f 11971 11969 5691
f 11974 5694 11969
f 11969 11964 11970
f 5691 11970 11968
f 11968 11959 1994
f 11970 5689 11959
f 11965 11966 11967
f 5694 11967 11964
f 11964 11962 5689
f 11967 1996 11962
f 11962 11948 11963
f 5689 11963 11960
f 11960 11953 5690
f 11963 5685 11953
f 11959 11960 11961
f 1994 11961 11958
f 11958 11956 5688
f 11961 5690 11956
f 11956 11952 11957
f 5688 11957 11955
f 11955 10591 29
f 11957 4943 10591
f 11953 5685 11954
f 5690 11954 11952
f 11952 10594 4943
f 11954 1708 10594
f 11951 11917 11947
f 5686 11947 5687
f 11949 5686 11950
f 1996 11950 11948
f 11948 5687 5685
f 5687 11946 10597
f 5685 10597 1708
f 11947 11915 10598
f 5687 10598 11946
f 11946 10598 4946
f 5683 11813 11943
f 11943 11938 5684
f 11813 5643 11938
f 11942 11943 11944
f 1992 11944 11935
f 11935 11940 5681
f 11944 5684 11940
f 11940 11937 11941
f 5681 11941 11925
f 11925 11908 1993
f 11941 5674 11908
f 11938 11810 11939
f 5684 11939 11937
f 11937 11911 5674
f 11939 1982 11911
f 11934 11935 11936
f 5680 11936 11932
f 11932 11924 5682
f 11936 5681 11924
f 11931 11932 11933
f 546 11933 11930
f 11930 11928 5679
f 11933 5682 11928
f 11928 11923 11929
f 5679 11929 11927
f 11927 11918 1991
f 11929 5677 11918
f 11924 11925 11926
f 5682 11926 11923
f 11923 11921 5677
f 11926 1993 11921
f 11921 11907 11922
f 5677 11922 11919
f 11919 11913 5678
f 11922 5673 11913
f 11918 11919 11920
f 1991 11920 11917
f 11917 11916 5676
f 11920 5678 11916
f 5676 11916 11915
f 11915 10617 468
f 11916 4955 10617
f 11913 11904 11914
f 5678 11914 10620
f 11914 1711 10620
f 11911 11804 11912
f 5674 11912 11909
f 11909 11902 5675
f 11912 5641 11902
f 11908 11909 11910
f 1993 11910 11907
f 11907 11905 5673
f 11910 5675 11905
f 11905 11901 11906
f 5673 11906 11904
f 11904 10627 1711
f 11906 4958 10627
f 11902 11801 11903
f 5675 11903 11901
f 11901 10630 4958
f 11903 122 10630
f 11899 11640 11900
f 5671 11900 11897
f 11897 5557 5672
f 11896 11897 11898
f 1989 11898 11891
f 11891 11894 5669
f 11898 5672 11894
f 11894 11893 11895
f 5669 11895 11883
f 11895 5664 1990
f 5557 11639 11893
f 11893 1950 5664
f 11890 11891 11892
f 5668 11892 11888
f 11888 11882 5670
f 11892 5669 11882
f 11887 11888 11889
f 543 11889 11872
f 11872 11885 5661
f 11889 5670 11885
f 11885 11881 11886
f 5661 11886 11864
f 11864 11879 1987
f 11886 5666 11879
f 11882 11883 11884
f 5670 11884 11881
f 11881 11880 5666
f 11884 1990 11880
f 11880 11876 11877
f 5666 11877 11878
f 11878 11877 5667
f 1987 11878 11834
f 11834 11878 5651
f 11878 5667 5651
f 5651 1980 544
f 5664 5554 11875
f 1990 11875 11876
f 11876 5665 5663
f 5663 11874 5636
f 5663 5636 11792
f 11875 11634 11874
f 11874 533 5636
f 11871 11872 11873
f 5660 11873 11869
f 11869 11863 5662
f 11873 5661 11863
f 11868 11869 11870
f 1986 11870 11860
f 11860 11866 5658
f 11870 5662 11866
f 11866 11862 11867
f 5658 11867 11850
f 11850 11832 1988
f 11867 5650 11832
f 11863 11864 11865
f 5662 11865 11862
f 11862 11833 5650
f 11865 1987 11833
f 11859 11860 11861
f 5657 11861 11857
f 11857 11849 5659
f 11861 5658 11849
f 11856 11857 11858
f 142 11858 11855
f 11855 11853 5656
f 11858 5659 11853
f 11853 11848 11854
f 5656 11854 11852
f 11852 11843 1985
f 11854 5654 11843
f 11849 11850 11851
f 5659 11851 11848
f 11848 11846 5654
f 11851 1988 11846
f 11846 11831 11847
f 5654 11847 11844
f 11844 11837 5655
f 11847 5649 11837
f 11843 11844 11845
f 1985 11845 11842
f 11842 11840 5653
f 11845 5655 11840
f 11840 11836 11841
f 5653 11841 11839
f 11839 11814 542
f 11841 5644 11814
f 11837 11830 11838
f 5655 11838 11836
f 11836 11817 5644
f 11838 1983 11817
f 11833 11834 11835
f 5650 11835 5652
f 11835 5651 5652
f 1988 5652 11831
f 5649 11829 11830
f 11830 11825 1983
f 11829 5647 11825
f 5652 5651 544
f 5652 544 11829
f 11829 544 5647
f 5647 11828 11826
f 11826 11821 5648
f 11828 5633 11821
f 11825 11826 11827
f 1983 11827 11818
f 11818 11823 5645
f 11827 5648 11823
f 11823 11820 11824
f 5645 11824 11808
f 11808 11797 1984
f 11824 5639 11797
f 11821 11790 11822
f 5648 11822 11820
f 11820 11798 5639
f 11822 1979 11798
f 11817 11818 11819
f 5644 11819 11815
f 11815 11807 5646
f 11819 5645 11807
f 11814 11815 11816
f 542 11816 11813
f 11813 11811 5643
f 11816 5646 11811
f 11811 11806 11812
f 5643 11812 11810
f 11810 11805 1982
f 11812 5642 11805
f 11807 11808 11809
f 5646 11809 11806
f 11806 11796 5642
f 11809 1984 11796
f 1982 11805 11804
f 11804 11802 5641
f 11805 5642 11802
f 11802 11800 11803
f 5641 11803 11801
f 11801 10658 122
f 11803 4979 10658
f 5642 11794 11800
f 11800 10661 4979
f 11794 1719 10661
f 11798 11787 11799
f 5639 11799 5640
f 1984 11797 11796
f 11796 5640 5638
f 5640 11793 11795
f 5638 11795 11794
f 11794 10670 1719
f 11795 4982 10670
f 5630 471 11793
f 11793 10673 4982
f 11793 471 10673
f 5636 11632 11792
f 11792 5547 5637
f 1980 11792 5637
f 5637 11791 11785
f 5634 11785 5631
f 5631 11785 1981
f 11791 1948 5629
f 1980 5637 5634
f 1980 5634 544
f 544 5635 5633
f 5633 5635 11790
f 11790 11788 1979
f 5635 5631 11788
f 5631 1981 11788
f 1981 5628 5632
f 1979 11789 11787
f 11787 11786 5630
f 11789 5632 11786
f 5630 11786 471
f 5632 10701 10697
f 5632 10697 11786
f 11786 10697 4990
f 11785 5545 5628
f 5628 4993 10701
f 1977 5506 5627
f 1977 5627 5626
f 1978 13868 1975
f 1975 13868 541
f 1974 5626 1975
f 139 1974 1976
f 1976 11780 11783
f 11783 5622 5625
f 1968 11783 11784
f 1968 11784 11764
f 11764 11782 5610
f 11784 5625 11782
f 11782 11781 11777
f 5610 11777 11762
f 11762 11777 538
f 5625 11779 11781
f 5623 1975 5624
f 5623 5624 11780
f 11780 5624 5622
f 5622 11778 11779
f 11778 541 1972
f 5624 1975 11778
f 1972 541 5621
f 541 5617 1973
f 541 1970 5617
f 11777 5621 538
f 538 5621 5583
f 5583 11776 5573
f 11776 5619 1958
f 5621 1973 5619
f 5619 1973 5620
f 1958 5620 11674
f 11674 5620 5574
f 5574 11773 11775
f 5574 11775 11665
f 11665 11612 140
f 11775 5526 11612
f 5620 1941 11774
f 5620 11774 11773
f 11773 11615 5526
f 11774 1941 11615
f 5618 5529 11618
f 5617 11771 1973
f 1973 531 5529
f 11772 5615 1971
f 13870 11600 5615
f 541 11772 1970
f 11771 5536 531
f 11769 1944 5536
f 5615 11770 5616
f 11770 5504 11768
f 1971 5616 5614
f 5614 5539 11769
f 11768 11599 5539
f 5612 1976 5613
f 5613 5609 1969
f 5613 11763 5609
f 5612 5613 1969
f 11758 5611 1965
f 11758 1969 5611
f 5597 11767 5598
f 1965 5611 11767
f 5598 11766 539
f 5611 1957 11766
f 11763 11764 11765
f 11765 5610 11761
f 5608 11760 1957
f 11760 538 1957
f 11761 11762 11760
f 5606 5607 1964
f 5604 11759 11753
f 11759 5597 1966
f 11758 1965 5597
f 35 11752 11757
f 35 11757 11756
f 11756 11755 5603
f 11757 5605 11755
f 11755 5601 11749
f 5603 11749 11754
f 11754 11749 1963
f 11752 11753 5605
f 5605 1966 11751
f 11751 11742 5596
f 5601 5596 11745
f 11749 11745 11750
f 1963 11750 11748
f 11748 11747 5600
f 11750 5602 11747
f 11747 11744 11723
f 5600 11723 11746
f 11746 11723 536
f 5602 11739 11744
f 11744 1961 5591
f 11743 11737 5599
f 11743 5598 11737
f 1966 11743 11742
f 11742 11740 5596
f 11742 5599 11740
f 11740 11736 11741
f 5596 11741 11739
f 11739 11731 1961
f 11741 5594 11731
f 11737 539 11738
f 5599 11738 11736
f 11736 11734 5594
f 11738 539 11734
f 11734 11689 11735
f 5594 11735 11732
f 11732 11727 5595
f 11735 5579 11727
f 11731 11732 11733
f 1961 11733 11724
f 11724 11729 5592
f 11733 5595 11729
f 11729 11726 11730
f 5592 11730 11718
f 11718 11699 1962
f 11730 5585 11699
f 11727 11687 11728
f 5595 11728 11726
f 11726 11702 5585
f 11728 1956 11702
f 1961 11724 11725
f 5591 11717 5593
f 11725 5592 11717
f 11723 5591 11721
f 536 11721 5590
f 11721 11716 11722
f 5590 11722 11720
f 11720 11711 1960
f 11722 5588 11711
f 11717 11718 11719
f 5593 11719 11716
f 11716 11714 5588
f 11719 1962 11714
f 11714 11698 11715
f 5588 11715 11712
f 11712 11705 5589
f 11715 5584 11705
f 11711 11712 11713
f 1960 11713 11710
f 11710 11708 5587
f 11713 5589 11708
f 11708 11704 11709
f 5587 11709 11707
f 11707 11641 138
f 11709 5558 11641
f 11705 11695 11706
f 5589 11706 11704
f 11704 11644 5558
f 11706 1951 11644
f 11702 11680 11703
f 5585 11703 11700
f 11700 11694 5586
f 11703 5576 11694
f 11699 11700 11701
f 1962 11701 11698
f 11698 11696 5584
f 11701 5586 11696
f 11696 11693 11697
f 5584 11697 11695
f 11695 11649 1951
f 11697 5561 11649
f 5586 534 11693
f 11693 11652 5561
f 5581 11671 1959
f 11692 5573 11671
f 5583 5573 11692
f 5580 5581 5582
f 539 11690 11689
f 11689 5582 5579
f 5582 11686 11688
f 5579 11688 11687
f 11687 11681 1956
f 11688 5577 11681
f 11686 11684 5577
f 11686 1959 11684
f 11684 11670 11685
f 5577 11685 11682
f 11682 11676 5578
f 11685 5572 11676
f 11681 11682 11683
f 1956 11683 11680
f 11680 11678 5576
f 11683 5578 11678
f 11678 11675 11679
f 5576 11679 534
f 11676 11667 11677
f 5578 11677 11675
f 11675 11656 5567
f 11677 1954 11656
f 5573 11674 11672
f 11672 11664 5575
f 11674 5574 11664
f 11671 11672 11673
f 1959 11673 11670
f 11670 11668 5572
f 11673 5575 11668
f 11668 11663 11669
f 5572 11669 11667
f 11667 11659 1954
f 11669 5570 11659
f 11664 11665 11666
f 5575 11666 11663
f 11663 11661 5570
f 11666 140 11661
f 11661 11611 11662
f 5570 11662 11660
f 11662 5525 5571
f 11659 11660 11658
f 1954 11658 11656
f 11656 11658 5568
f 11658 11657 11655
f 5571 11609 11657
f 11657 1940 5565
f 5567 5568 5569
f 5562 5569 11647
f 5569 1955 1952
f 1955 5564 5566
f 1952 5566 5553
f 5553 5542 535
f 5566 1946 5542
f 11655 5523 1955
f 5564 5515 1946
f 5523 11608 530
f 11652 11653 11654
f 5561 11654 11650
f 11650 5562 5563
f 11649 11650 11651
f 1951 11651 11645
f 11645 11648 5559
f 11651 5563 11648
f 11648 11647 11638
f 11638 5552 1953
f 11647 1952 5552
f 11644 11645 11646
f 5558 11646 11642
f 11642 11637 5560
f 11646 5559 11637
f 11641 11642 11643
f 138 11643 11640
f 11643 5560 11640
f 11640 5555 11639
f 11639 5555 1950
f 5560 11638 5555
f 5555 5551 11636
f 11636 5551 5556
f 1950 11636 11635
f 11635 5556 5554
f 5554 5556 11634
f 5556 5548 533
f 5551 1949 5548
f 11633 1952 5553
f 1953 11633 5551
f 5551 5553 1949
f 5553 535 5549
f 5549 5541 1664
f 5548 1949 11632
f 11632 5546 5550
f 1949 5549 5546
f 11632 5550 5547
f 5550 5546 1948
f 1948 1664 5545
f 1664 4864 28
f 1946 5544 5543
f 5543 5544 1947
f 5544 5540 1947
f 1946 5514 5544
f 535 5542 5541
f 5541 4870 1667
f 5541 1667 456
f 5544 5513 5540
f 5540 5513 119
f 1947 119 4870
f 5539 137 11631
f 1944 11631 11630
f 11631 5503 5537
f 5537 5503 5532
f 5537 5532 11623
f 5536 11630 11629
f 11630 5537 5538
f 531 11629 11628
f 531 11628 5530
f 11628 11627 5534
f 5530 5534 1942
f 5538 11623 11627
f 11627 11626 5534
f 11627 1945 11626
f 11626 1945 5531
f 5534 5531 1942
f 1942 5531 5535
f 1942 5535 5522
f 5535 5511 5522
f 5503 11598 11624
f 11624 11621 5533
f 11624 5501 11621
f 11623 11624 11625
f 1945 11622 5531
f 11625 5533 11622
f 11622 5512 11604
f 5531 11604 1935
f 5533 11597 5512
f 11597 529 11603
f 5529 5530 11619
f 11619 1942 5521
f 11618 11619 11620
f 1941 11620 11616
f 11620 5521 5527
f 5527 5521 1943
f 11615 11616 11617
f 5526 11617 11613
f 11613 11610 5528
f 11617 5527 11610
f 11612 11613 11614
f 140 11614 11611
f 11611 5528 5525
f 11609 5524 1940
f 11610 1943 11609
f 11609 1943 5524
f 5565 5524 5523
f 11608 5516 530
f 5524 5520 11608
f 5520 1938 5516
f 5521 1942 5522
f 1943 5522 5520
f 5520 532 1938
f 1938 5519 5517
f 11605 1934 1939
f 5516 5517 5518
f 530 11606 5515
f 11607 5518 11606
f 11606 5518 5514
f 11605 1939 5514
f 5514 5509 1675
f 5514 1675 1937
f 1937 1675 4887
f 5513 4887 119
f 11604 11603 1935
f 1935 11601 1936
f 1935 5508 11601
f 11603 1930 11602
f 5535 1935 1936
f 5522 5511 532
f 532 5507 1934
f 5511 1936 5507
f 1934 5507 5510
f 1934 5510 5509
f 5509 5510 459
f 5510 1677 459
f 11602 11586 5508
f 1936 11601 5507
f 5507 27 1677
f 13870 1933 5505
f 13870 5505 11600
f 1932 5502 11598
f 11598 5502 5501
f 5501 11596 11597
f 11597 5498 529
f 11596 11594 5498
f 5498 5499 5500
f 529 11591 5497
f 11593 5500 11591
f 11591 11589 11592
f 5497 11592 1930
f 11592 5495 1930
f 5500 11590 11589
f 11589 11588 5495
f 5495 11585 11587
f 11585 5492 5496
f 1930 11587 11586
f 11586 4790 5494
f 5494 10510 27
f 5494 4790 10510
f 5496 5492 4790
f 11585 5493 5492
f 5492 10511 1631
f 5491 11582 11584
f 5490 11546 1924
f 11584 5474 11546
f 11583 5489 11582
f 11582 527 5474
f 5489 5482 527
f 11581 1927 5482
f 11580 1908 11577
f 1929 11577 5488
f 5487 11576 1927
f 5488 11577 5485
f 11578 11517 11579
f 11577 135 11574
f 5485 11574 5486
f 5485 5486 5483
f 5483 11573 11575
f 5483 11575 11569
f 11569 11553 1928
f 11575 5478 11553
f 11574 1898 11556
f 5486 11556 11573
f 11573 11556 5478
f 1927 5485 11568
f 5482 11568 5484
f 11572 5484 5475
f 5475 11567 11571
f 5475 11571 1925
f 11571 5480 11562
f 11568 11569 11570
f 5484 11570 11567
f 11567 11565 5480
f 11570 1928 11565
f 11565 11552 11566
f 5480 11566 11563
f 11563 11558 5481
f 11566 5477 11558
f 11562 11563 11564
f 1925 11564 11541
f 11541 11560 5469
f 11564 5481 11560
f 11560 11557 11561
f 5469 11561 11532
f 11532 11501 528
f 11561 5452 11501
f 11558 11549 11559
f 5481 11559 11557
f 11557 11504 5452
f 11559 1920 11504
f 11556 11323 11548
f 5478 11548 11554
f 11554 11548 5479
f 11553 11554 11555
f 1928 11555 11552
f 11552 11550 5477
f 11555 5479 11550
f 11550 11547 11551
f 5477 11551 11549
f 11549 5455 1920
f 11548 11322 521
f 5479 521 11547
f 11547 521 5455
f 11546 5476 1924
f 1924 5476 5472
f 11545 11538 1926
f 5472 5468 11538
f 5476 1925 5468
f 1924 5472 5473
f 5473 11545 11544
f 11544 11543 5471
f 11545 1926 11543
f 11543 11537 5471
f 5468 11541 11542
f 5468 11542 11539
f 11539 11531 5470
f 11542 5469 11531
f 11538 11539 11540
f 1926 11540 11537
f 11537 11535 5467
f 11540 5470 11535
f 11535 11530 11536
f 5467 11536 11534
f 11536 5465 11526
f 11531 11532 11533
f 5470 11533 11530
f 11530 11528 5465
f 11533 528 11528
f 11528 11500 11529
f 5465 11529 11527
f 11527 11525 5466
f 11529 5451 11525
f 5463 11524 11523
f 11524 5458 1923
f 11525 11497 11524
f 11524 1919 5458
f 5464 5457 5461
f 11521 11515 5462
f 11521 5457 11515
f 11520 11521 11522
f 1922 11522 11519
f 11519 11518 5460
f 11522 5462 11518
f 11518 11514 11517
f 11517 10438 116
f 11517 4733 10438
f 11515 11512 11516
f 5462 11516 11514
f 11514 10441 4733
f 11516 1610 10441
f 5458 5448 1923
f 1923 11513 5457
f 5457 11513 11512
f 11512 10448 1610
f 11513 4736 10448
f 5459 442 10451
f 5455 5372 11511
f 11511 11508 5456
f 1920 11511 11505
f 11505 11509 5453
f 11511 5456 11509
f 11509 11507 11510
f 5453 11510 11495
f 11495 11481 1921
f 11510 5446 11481
f 5456 11508 11507
f 11507 11484 5446
f 11508 1895 11484
f 11504 11505 11506
f 5452 11506 11502
f 11502 5453 5454
f 11501 11502 11503
f 528 11503 11500
f 11500 11498 5451
f 11503 5454 11498
f 11498 11494 11499
f 5451 11499 11497
f 11497 11489 1919
f 11499 5449 11489
f 5453 11495 11496
f 5454 11496 11494
f 11494 11492 5449
f 11496 1921 11492
f 11492 11480 11493
f 5449 11493 11490
f 11490 11486 5450
f 11493 5445 11486
f 11489 11490 11491
f 1919 11491 5448
f 11491 5450 11488
f 11488 11485 10472
f 5448 10472 1923
f 1923 10472 442
f 11486 1613 11487
f 5450 11487 11485
f 11485 10475 4744
f 11487 1613 10475
f 11484 5369 11482
f 11482 5369 5447
f 11481 11482 11483
f 1921 11483 11480
f 11480 5447 5445
f 5447 10303 4747
f 5447 26 10303
f 33 5317 11479
f 5444 11479 11477
f 11476 11477 11478
f 1917 11478 11474
f 11474 11475 5442
f 11478 5314 11475
f 11475 5438 11468
f 11468 5438 1918
f 11473 11474 5441
f 11472 11467 5443
f 5441 5442 11467
f 11464 11469 5436
f 11471 5443 11469
f 11469 5443 11470
f 5436 11466 1915
f 11470 5439 11466
f 11468 1918 5439
f 5439 5440 11466
f 1915 11465 11447
f 11447 11465 5430
f 5430 5417 11437
f 11437 5417 526
f 1918 513 1911
f 11462 11458 5437
f 11464 5436 11458
f 11463 5437 11460
f 11460 11457 11461
f 5434 11461 11454
f 11454 11443 1916
f 11461 5429 11443
f 11458 5436 11459
f 5437 11459 11457
f 11457 11446 5429
f 11459 1915 11446
f 11456 5432 5433
f 11453 11454 11455
f 5435 11455 11452
f 11452 11451 5432
f 11455 1916 11451
f 11451 11442 11450
f 11450 11449 5433
f 11450 5428 11449
f 5433 11449 11424
f 11449 1913 5423
f 11446 11447 11448
f 5429 11448 11444
f 11444 11436 5431
f 11448 5430 11436
f 11443 11444 11445
f 1916 11445 11442
f 11442 11440 5428
f 11445 5431 11440
f 11440 11435 11441
f 5428 11441 11439
f 11439 11430 1913
f 11441 5426 11430
f 11436 11437 11438
f 5431 11438 11435
f 11435 11433 5426
f 11438 526 11433
f 11433 526 11434
f 5426 11434 11431
f 11431 11428 5427
f 11434 5416 11428
f 11430 11431 11432
f 1913 11432 11426
f 11426 11429 5424
f 11432 5427 11429
f 11429 11427 5419
f 5424 5419 11423
f 11423 5419 1914
f 11428 5416 11427
f 11427 1910 5419
f 5423 11426 5424
f 5423 5424 11425
f 11425 11422 5425
f 11424 11425 5425
f 5425 11421 5421
f 524 5421 1906
f 11422 11423 11421
f 11421 11420 5421
f 11421 1914 11420
f 11420 11414 11415
f 5421 11415 11418
f 11418 11415 5422
f 1906 11418 11419
f 1906 11419 11359
f 11359 11416 5393
f 11419 5422 11416
f 11416 1888 11417
f 5393 11417 11349
f 11349 11304 136
f 11417 5358 11304
f 11415 5418 1888
f 5419 1910 5420
f 5419 5420 11414
f 11414 5420 5418
f 5418 1889 1888
f 5418 519 1889
f 513 5310 5413
f 5413 5310 1863
f 5417 1911 5416
f 5416 5415 1910
f 1911 1912 5415
f 1912 1890 5415
f 1910 1890 519
f 5413 1863 1912
f 1863 5307 5414
f 1912 5285 1890
f 5414 133 5285
f 11412 11410 11413
f 5412 11413 11411
f 11411 11381 5399
f 11413 1905 11381
f 5411 5402 11410
f 11410 11386 1905
f 11408 11377 11409
f 5409 11409 11407
f 11407 5398 5410
f 5398 11374 11406
f 5410 11406 11405
f 11405 11398 5405
f 11406 1904 11398
f 11403 11395 11404
f 5407 11404 11402
f 11402 11399 5408
f 11404 5404 11399
f 1908 11330 135
f 11399 11393 11400
f 5408 11400 11330
f 11330 11331 5381
f 11400 1899 11331
f 11398 11365 11397
f 11397 11391 5406
f 11397 5395 11391
f 11396 11397 11395
f 11395 11394 5404
f 11395 5406 11394
f 5404 11394 11393
f 11393 11339 1899
f 11394 5384 11339
f 11391 11362 11392
f 5406 11392 11390
f 11390 11341 5384
f 11392 522 11341
f 5402 11389 11387
f 11387 11358 5403
f 11389 524 11358
f 11386 11387 11388
f 1905 11388 11382
f 11382 11384 5400
f 11388 5403 11384
f 11384 5403 11385
f 5400 11385 11372
f 11372 11355 1907
f 11385 5392 11355
f 5403 11358 5392
f 11381 11382 11383
f 5399 11383 11379
f 11379 11371 5401
f 11383 5400 11371
f 11378 11379 11380
f 525 11380 11377
f 11377 11375 5398
f 11380 5401 11375
f 11375 11370 11376
f 5398 11376 11374
f 11374 11366 1904
f 11376 5396 11366
f 11371 11372 11373
f 5401 11373 11370
f 11370 11369 5396
f 11373 1907 11369
f 11369 11354 11367
f 11367 11361 5397
f 11367 5391 11361
f 11366 11367 11368
f 1904 11368 11365
f 11365 11363 5395
f 11368 5397 11363
f 11363 5397 11364
f 5395 11364 11362
f 11362 11343 522
f 11364 1902 11343
f 11358 11359 11360
f 5392 11360 11356
f 11356 11348 5394
f 11360 5393 11348
f 11355 11356 11357
f 1907 11357 11354
f 11354 11352 5391
f 11357 5394 11352
f 11352 11347 11353
f 5391 11353 11351
f 11351 11344 1902
f 11353 5390 11344
f 11348 11349 11350
f 5394 11350 11347
f 11347 11346 5390
f 11350 136 11346
f 11346 11303 11345
f 11344 11345 5388
f 5388 1893 1903
f 5388 1887 1893
f 1902 5388 5389
f 522 11343 5389
f 5385 1903 11335
f 11335 5387 1900
f 5389 5388 1903
f 1900 5387 11319
f 11319 5387 5376
f 5387 1893 5376
f 5376 1893 523
f 11341 5389 11342
f 5384 11342 11339
f 11339 5385 5386
f 1899 11340 11332
f 11332 11337 5382
f 11340 5386 11337
f 11337 11334 11338
f 5382 11338 11327
f 11327 11315 1901
f 11338 5375 11315
f 5385 11335 11336
f 5386 11336 11334
f 11334 11318 5375
f 11336 1900 11318
f 11331 11332 11333
f 5381 11326 5383
f 11333 5382 11326
f 11330 5381 11329
f 135 11329 1898
f 11329 5379 1898
f 11326 11327 11328
f 5383 11324 5379
f 11328 1901 11324
f 11324 11314 11325
f 5379 11321 5380
f 11325 5374 11321
f 1898 5379 11323
f 11323 5380 5378
f 5378 5380 11322
f 11322 5373 521
f 11313 1896 5380
f 11318 11319 11320
f 5375 11320 11316
f 11320 5376 5377
f 11315 11316 11317
f 1901 11317 11314
f 11317 5377 5374
f 5374 11312 11313
f 5377 5376 11312
f 11312 523 1896
f 5366 1892 1897
f 5380 1896 5373
f 521 5373 5372
f 5370 5368 5371
f 1895 5370 5369
f 5369 4670 26
f 5371 1588 4670
f 1897 1892 5368
f 1893 518 1885
f 1893 1885 5367
f 1893 5367 523
f 523 5367 5366
f 5366 5364 1892
f 5364 11308 5365
f 5364 5365 11310
f 11310 4681 436
f 11308 11306 11309
f 5365 11309 11307
f 11307 10323 4681
f 11309 1591 10323
f 5363 11305 11306
f 11306 10330 1591
f 11305 4684 10330
f 1894 114 11305
f 11305 114 4684
f 1890 5362 5360
f 519 5360 5359
f 5359 1891 1889
f 5360 1853 1891
f 1891 5361 1883
f 519 5359 1889
f 1888 1889 5358
f 136 11304 11303
f 11304 5358 11303
f 5358 1889 1887
f 1889 520 518
f 518 520 5356
f 518 5356 1886
f 518 1886 1885
f 1885 1886 1599
f 1885 1599 1894
f 1894 1599 114
f 5356 439 1886
f 1886 439 1599
f 510 25 5354
f 5355 5354 1884
f 1882 1601 4698
f 1884 5354 1601
f 5354 4536 1601
f 5354 25 4536
f 5352 5252 11302
f 11302 11297 5353
f 11301 11302 5353
f 1880 5353 11294
f 11294 11299 5350
f 11299 11296 11300
f 5350 11300 11286
f 11286 11271 1881
f 11300 5345 11271
f 11297 11151 11298
f 5353 11298 11296
f 11296 11274 5345
f 11298 1829 11274
f 11293 11294 11295
f 5349 11295 11291
f 11291 11285 5351
f 11295 5350 11285
f 11290 11291 11292
f 516 11292 11262
f 11262 11288 5342
f 11292 5351 11288
f 11288 11284 11289
f 5342 11289 11255
f 11255 11279 1878
f 11289 5347 11279
f 11285 11286 11287
f 5351 11287 11284
f 11284 11282 5347
f 11287 1881 11282
f 11282 11270 11283
f 5347 11283 11280
f 11280 11277 5348
f 11283 5344 11277
f 11279 11280 11281
f 1878 11281 11250
f 11250 11278 5337
f 11281 5348 11278
f 5337 11278 11235
f 11278 5329 11235
f 11277 11267 11276
f 11276 11236 5329
f 11276 1873 11236
f 11274 11143 11275
f 5345 11275 11272
f 11272 11265 5346
f 11275 5249 11265
f 11271 11272 11273
f 1881 11273 11270
f 11270 11268 5344
f 11273 5346 11268
f 11268 11264 11269
f 5344 11269 11267
f 11267 11242 1873
f 11269 5331 11242
f 11265 11142 11266
f 5346 11266 11264
f 11264 11245 5331
f 11266 502 11245
f 11261 11262 11263
f 5341 11263 11259
f 11259 11254 5343
f 11263 5342 11254
f 11258 11259 11260
f 1877 11260 11251
f 11251 11257 5339
f 11260 5343 11257
f 11257 11253 5339
f 5339 5336 1879
f 11254 11255 11256
f 5343 11256 11253
f 11253 11249 5336
f 11256 1878 11249
f 11252 5339 5340
f 5323 1879 1875
f 5323 1875 1871
f 11249 5337 5338
f 1879 5336 5334
f 5338 11235 517
f 5338 517 5334
f 5334 11248 5335
f 11248 5328 5333
f 5335 5333 5303
f 5303 5333 1876
f 5333 1872 11247
f 1875 5335 514
f 5333 11247 1876
f 11247 5325 1876
f 11245 11133 11246
f 5331 11246 11243
f 11243 11239 5332
f 11246 5240 11239
f 11242 11243 11244
f 1873 11244 11237
f 11237 11241 5330
f 11244 5332 11241
f 5330 11238 1874
f 11238 5324 1874
f 11239 11130 11240
f 5332 11240 11238
f 11238 11230 5324
f 11240 1826 11230
f 11236 11237 5330
f 11235 5329 11233
f 517 11233 11234
f 11234 11233 5328
f 11233 1874 11232
f 5328 11232 1872
f 5326 1846 5327
f 11232 5326 5327
f 1872 5327 5325
f 5327 5267 11160
f 5325 11160 11231
f 11231 11160 509
f 5327 1846 5267
f 5324 11122 5237
f 1874 5237 1846
f 1846 5237 130
f 11227 11229 5319
f 5319 5321 11221
f 11221 5321 1868
f 5321 1870 5322
f 5321 5322 1868
f 5313 5301 515
f 5322 1860 5301
f 1870 514 1860
f 11226 11227 11228
f 5318 11228 11224
f 11224 11220 5320
f 11228 5319 11220
f 11223 11224 11225
f 1867 11225 5315
f 5315 11218 5316
f 11225 5320 11218
f 5316 11218 1869
f 11220 11221 11222
f 5320 11222 11219
f 11222 1868 5313
f 1869 5300 5311
f 5311 1864 11215
f 11218 515 1869
f 1864 5305 1865
f 1864 1859 5305
f 5311 11215 11216
f 513 11216 5310
f 11216 5312 11217
f 5310 11210 1863
f 11217 5308 11210
f 5312 11213 5308
f 11213 11203 11214
f 5308 11214 11211
f 11211 11206 5309
f 11214 5304 11206
f 11210 11211 11212
f 1863 11212 5307
f 11212 5309 11208
f 11208 11205 11209
f 5307 11209 5414
f 5414 11174 133
f 11209 5286 11174
f 11206 11202 11207
f 5309 11207 11205
f 11205 11176 5286
f 11207 1854 11176
f 11204 11200 5306
f 5305 5298 11200
f 1865 11204 11203
f 11203 5306 5304
f 5304 11199 11202
f 11202 11179 1854
f 11199 5288 11179
f 11200 11193 11201
f 5306 11201 11199
f 11201 511 5288
f 1860 5303 5302
f 5301 5302 5300
f 5300 1862 1859
f 1859 1862 11197
f 11197 11191 5299
f 1862 5297 11191
f 1859 11197 11198
f 1859 11198 11196
f 11196 11194 5298
f 11198 5299 11194
f 11194 11190 11195
f 5298 11195 11193
f 11193 11181 511
f 11195 5292 11181
f 11191 11189 11192
f 5299 11192 11190
f 11190 11183 5292
f 11192 1857 11183
f 5302 1861 1862
f 5297 11188 11189
f 11189 11186 1857
f 11188 5295 11186
f 11188 134 5295
f 5295 134 5296
f 11186 5295 11187
f 1857 11187 11184
f 11187 5296 5293
f 5293 5290 1858
f 5296 1843 5290
f 11183 11184 11185
f 5292 11185 11182
f 11182 11180 5294
f 11185 5293 11180
f 11181 11182 5294
f 511 5294 1855
f 5294 11180 1855
f 1858 5264 5291
f 1855 1858 5283
f 5291 1849 512
f 5290 5264 1858
f 5264 5275 5291
f 5291 5275 1849
f 5264 508 5275
f 5275 508 1842
f 5288 1855 5289
f 11179 5288 5289
f 1854 5289 11177
f 11177 5289 5282
f 5289 5283 5282
f 5289 1855 5283
f 11176 11177 11178
f 5286 11178 11175
f 11175 11173 5287
f 11178 5282 11173
f 11174 11175 133
f 11173 5282 1856
f 5282 5283 5281
f 1856 5281 5284
f 5281 5283 1851
f 5283 512 5280
f 5280 11172 5276
f 11172 1848 5276
f 510 5278 5279
f 5277 5279 25
f 5276 5271 1852
f 1849 1841 1850
f 512 1849 5274
f 512 11171 11172
f 11172 11167 1848
f 11172 5272 11167
f 11171 11169 5272
f 5274 1850 11169
f 11169 1850 11170
f 5272 11170 11168
f 11168 11165 5273
f 11170 5269 11165
f 1848 11166 5271
f 11167 5273 11166
f 5271 11166 425
f 5273 11162 11164
f 11164 10107 4544
f 11162 1545 10107
f 1850 5270 5269
f 5270 4547 11163
f 5269 11163 11162
f 11162 10116 1545
f 11163 4547 10116
f 1841 11159 10118
f 5270 10118 4547
f 1846 5229 5228
f 5229 1818 5228
f 11160 5268 11161
f 509 5266 1844
f 11161 5268 5266
f 5268 1847 5266
f 5266 1847 1840
f 5266 1840 5265
f 5265 1840 508
f 1847 499 1840
f 1847 5228 499
f 1876 509 1844
f 1861 1844 1845
f 1861 1845 134
f 134 1845 1843
f 1843 508 5264
f 1845 5265 508
f 508 1839 1842
f 5263 11159 1841
f 11159 4556 111
f 5263 1551 11159
f 11159 1551 4556
f 1842 1839 5262
f 5262 428 4559
f 499 5225 1840
f 1815 24 1839
f 1840 1815 508
f 1839 4563 10142
f 1839 10142 5262
f 5262 10142 428
f 1839 24 4563
f 24 1554 4563
f 506 491 507
f 131 1837 504
f 504 5261 132
f 491 1785 507
f 507 1836 1835
f 5261 5224 497
f 5261 1814 5224
f 1836 127 5261
f 503 5260 11158
f 5259 1834 5260
f 1831 1824 505
f 5247 505 5248
f 5258 504 1824
f 1830 11157 5254
f 5256 5257 11157
f 5254 11139 11149
f 11149 11139 1832
f 5257 1831 11157
f 11157 11141 5246
f 11155 1830 11156
f 5253 11156 11153
f 11153 11148 5255
f 11156 5254 11148
f 5253 11153 11154
f 32 11154 5252
f 5255 11147 11152
f 5252 11152 11151
f 11152 5250 1829
f 11148 11149 11150
f 5255 11150 11147
f 11147 11145 5250
f 11150 1832 11145
f 11145 11138 11146
f 5250 11146 11144
f 11144 5245 5251
f 1829 11144 11143
f 11143 5251 5249
f 11142 11134 502
f 11142 5241 11134
f 11139 5247 11140
f 1832 11140 11138
f 11140 5248 5245
f 5245 5248 1827
f 5248 505 1827
f 1827 5233 5244
f 5244 1823 5242
f 11128 11118 1828
f 5242 5235 11118
f 5241 5244 11137
f 5241 11137 11135
f 11135 11127 5243
f 11137 5242 11127
f 11134 11135 11136
f 502 11136 11133
f 11133 11131 5240
f 11136 5243 11131
f 11131 11126 11132
f 5240 11132 11130
f 11130 11123 1826
f 11132 5238 11123
f 11127 11128 11129
f 5243 11129 11126
f 11126 11125 5238
f 11129 1828 11125
f 11125 11117 11124
f 11124 1819 5239
f 1826 11124 11122
f 11122 5239 5237
f 1823 11113 11121
f 5235 11121 11119
f 11119 11115 5236
f 11121 5232 11115
f 11118 11119 11120
f 1828 11120 11117
f 11120 5236 1819
f 11115 11111 11116
f 5236 11116 1819
f 1824 1825 5233
f 505 1824 5233
f 5233 1825 11114
f 11114 11110 5234
f 11114 1825 11110
f 1823 11114 11113
f 11113 11112 5232
f 11114 5234 11112
f 11112 11109 11111
f 5234 11110 11109
f 11109 1821 500
f 1825 132 1821
f 132 497 1812
f 1821 1812 1822
f 500 1821 5231
f 1821 1822 1820
f 1820 1822 5226
f 1820 5226 5227
f 5226 1816 501
f 1819 5231 5230
f 130 5230 5229
f 5229 5230 1818
f 1820 5227 1818
f 1818 5227 499
f 5227 501 499
f 496 5221 1817
f 1816 496 11108
f 11108 496 1817
f 501 1817 5225
f 1815 108 24
f 1811 5220 108
f 1817 1811 108
f 1814 5163 5223
f 497 5224 5223
f 5223 1784 1813
f 1813 488 498
f 1784 488 1813
f 5223 1813 1812
f 1812 1813 5222
f 1812 5222 1822
f 5222 498 496
f 5222 1813 498
f 498 5218 5221
f 5218 1810 5221
f 498 5221 496
f 5221 1810 1811
f 1811 5217 5220
f 5220 416 108
f 5218 5161 5219
f 1810 1782 1811
f 1782 23 5217
f 5217 23 416
f 11106 10841 11107
f 5215 11107 11104
f 11104 11099 5216
f 11107 5084 11099
f 11103 11104 11105
f 1808 11105 11097
f 11097 11101 5213
f 11105 5216 11101
f 11101 11098 11102
f 5213 11102 11090
f 11090 11078 1809
f 11102 5209 11078
f 11099 10838 11100
f 5216 11100 11098
f 11098 11081 5209
f 11100 1754 11081
f 11095 11089 5214
f 5212 5213 11089
f 11094 11095 11096
f 494 11096 11072
f 11072 11092 5206
f 11096 5214 11092
f 11092 11088 11093
f 5206 11093 11065
f 11065 11083 1806
f 11093 5211 11083
f 11089 11090 11091
f 5214 11091 11088
f 11088 11086 5211
f 11091 1809 11086
f 11086 11077 11087
f 5211 11087 11084
f 11084 11075 5183
f 11087 5208 11075
f 11083 11084 11085
f 1806 11085 11046
f 11046 11014 5199
f 11085 5183 11014
f 5199 11014 495
f 11081 10828 11082
f 5209 11082 11079
f 11079 5081 5210
f 11078 11079 11080
f 1809 11080 11077
f 11077 11076 5208
f 11080 5210 11076
f 11076 11074 5185
f 5208 5185 11075
f 5081 10824 11074
f 11074 11022 5185
f 11074 479 11022
f 11071 11072 11073
f 5205 11073 11069
f 11069 11064 5207
f 11073 5206 11064
f 5205 11069 11070
f 1805 11070 11061
f 11061 11067 5203
f 11070 5207 11067
f 11067 11063 11068
f 5203 11068 11054
f 11054 11042 1807
f 11068 5198 11042
f 11064 11065 11066
f 5207 11066 11063
f 11063 11045 5198
f 11066 1806 11045
f 11060 11061 11062
f 5202 11062 11058
f 11058 11053 5204
f 11062 5203 11053
f 5202 11058 11059
f 128 11059 11000
f 11000 11056 5176
f 11059 5204 11056
f 11056 11052 11057
f 5176 11057 10993
f 10993 11048 1798
f 11057 5201 11048
f 11053 11054 11055
f 5204 11055 11052
f 11052 11050 5201
f 11055 1807 11050
f 11050 11041 11051
f 5201 11051 11049
f 11049 5197 5192
f 1798 11049 10987
f 11049 5192 5170
f 5170 5192 492
f 492 5192 11030
f 5197 11034 11031
f 11045 11046 11047
f 5198 11047 11043
f 11043 11038 5200
f 11047 5199 11038
f 11042 11043 11044
f 1807 11044 11041
f 11041 11039 5197
f 11044 5200 11039
f 11039 11037 11040
f 5197 11040 11034
f 11040 5195 11034
f 11038 495 11037
f 11037 5182 5195
f 11037 495 5182
f 11035 5182 5196
f 11034 11035 11036
f 1803 11036 11032
f 11032 11033 5193
f 11036 5196 11033
f 11033 5188 11025
f 5193 11025 1804
f 5196 5181 1800
f 5196 1800 5188
f 11031 11032 11028
f 5192 11028 5194
f 492 11030 10976
f 10976 11027 1792
f 11030 5194 11027
f 11027 5190 1792
f 11028 5193 11029
f 5194 11029 11027
f 11029 1804 5190
f 5190 1804 5191
f 5191 5187 11026
f 1792 5191 5165
f 5165 5152 129
f 11026 11023 5152
f 5188 1800 5189
f 1804 11024 5187
f 5187 10962 11023
f 11023 10962 1777
f 5189 486 10962
f 5185 11022 11021
f 11021 11018 5186
f 11022 5071 11018
f 1801 5186 11016
f 11016 11017 11020
f 5184 11020 11013
f 11020 5179 1802
f 11018 10805 11019
f 5186 11019 11017
f 11017 11011 5179
f 11019 1751 11011
f 5183 11015 5184
f 11014 5184 5181
f 495 5181 5182
f 11013 11008 5178
f 5181 5178 486
f 5178 11005 1779
f 11011 10796 11012
f 5179 11012 11009
f 11009 11003 5180
f 11012 5068 11003
f 1802 11009 11010
f 1802 11010 11008
f 11008 11006 5178
f 11010 5180 11006
f 11006 11002 11007
f 5178 11007 11005
f 11005 10971 1779
f 11007 5156 10971
f 11003 10793 11004
f 5180 11004 11002
f 11002 10973 5156
f 11004 124 10973
f 10999 11000 11001
f 5175 11001 10997
f 10997 10992 5177
f 11001 5176 10992
f 10998 5177 10995
f 10995 10991 10996
f 10990 10983 1799
f 10996 5169 10983
f 10992 10993 10994
f 5177 10994 10991
f 10991 10986 5169
f 10994 1798 10986
f 5174 10989 5172
f 5174 1799 10989
f 10989 10982 5172
f 5172 5168 5173
f 10986 10987 10988
f 5169 10988 10984
f 10984 10979 5171
f 10988 5170 10979
f 10983 10984 10985
f 1799 10985 10982
f 10982 10981 5168
f 10985 5171 10981
f 10981 10978 5166
f 5168 5166 1791
f 10979 492 10980
f 5171 10980 10978
f 10978 10977 5166
f 10980 492 10977
f 31 1797 1794
f 1797 493 1794
f 1796 1794 491
f 1794 489 1795
f 1791 1792 1793
f 493 1793 1790
f 1790 1788 489
f 1788 129 1789
f 1786 485 5164
f 1786 5164 1787
f 1787 5164 5162
f 1789 1776 485
f 1795 489 1786
f 1786 1787 5163
f 127 5163 1814
f 1784 5162 488
f 5162 490 1783
f 10960 1781 1783
f 488 1783 5218
f 5218 1783 5161
f 1783 1781 5161
f 5161 402 1782
f 1782 402 5160
f 1781 5159 402
f 5160 402 23
f 10960 5146 1781
f 1781 10975 5159
f 10975 5158 5159
f 5159 1468 402
f 1773 5145 10975
f 10973 10755 10974
f 5156 10974 10972
f 10972 10970 5157
f 10974 5038 10970
f 1779 10971 5155
f 10971 5157 5155
f 5155 10966 1780
f 10970 10752 5157
f 5157 1741 10968
f 486 1779 1780
f 486 1780 1777
f 1777 487 5151
f 1780 10957 487
f 10968 10746 10969
f 5153 10969 10967
f 10967 10964 5154
f 10969 5035 10964
f 10966 10963 10957
f 10964 10743 10965
f 5154 10965 10963
f 10963 10958 5144
f 10965 476 10958
f 129 1778 1776
f 1776 5147 485
f 1778 1774 1776
f 1778 5151 10961
f 1778 10961 1774
f 5151 1771 5149
f 5151 487 1771
f 10961 5149 1774
f 5149 1771 5143
f 10960 5148 5146
f 5148 1775 1773
f 5145 1474 105
f 1775 405 1474
f 10958 10732 10959
f 10959 5026 10955
f 10957 5144 10954
f 10954 5142 1772
f 10955 10729 10956
f 5144 10956 10954
f 10956 1738 10954
f 487 5141 1771
f 487 1772 5141
f 5143 4430 405
f 1771 5141 4430
f 5141 1477 4430
f 10954 10719 5142
f 5142 10717 5141
f 5142 5023 10717
f 1772 5142 5141
f 5141 4432 1477
f 5139 10953 5140
f 10953 4942 10950
f 1769 10952 5137
f 10952 5140 5137
f 5137 5132 1770
f 10950 10590 10951
f 5140 10951 5132
f 1769 5137 5138
f 483 10949 10937
f 10937 10947 5129
f 10949 5138 10947
f 10947 10946 10948
f 5129 10948 10930
f 10930 10942 1767
f 10948 5134 10942
f 10946 10945 5134
f 5138 1770 10945
f 5134 10945 10943
f 10943 5131 5135
f 10942 10943 10944
f 1767 10944 10917
f 10917 10940 5121
f 10944 5135 10940
f 10940 5135 10941
f 5121 10941 10912
f 10941 5108 484
f 5131 1762 5108
f 5132 10939 5133
f 1770 5133 5131
f 5133 5111 1762
f 10587 4932 5111
f 10587 467 4932
f 10936 10937 10938
f 5128 10938 10934
f 10934 10929 5130
f 10938 5129 10929
f 10933 10934 10935
f 1766 10935 10926
f 10926 10932 5126
f 10935 5130 10932
f 5126 10928 10922
f 10922 10914 1768
f 10928 5120 10914
f 10929 10930 10931
f 5130 10931 10928
f 10928 10916 5120
f 10931 1767 10916
f 5125 10926 10927
f 5125 10927 10924
f 10924 10921 5127
f 10927 5126 10921
f 10923 10924 10925
f 125 10925 10895
f 10895 5127 5100
f 5127 5123 10887
f 10887 5123 1759
f 5127 10921 5123
f 10921 1768 5123
f 5123 5119 10920
f 5123 10920 5124
f 1759 5124 10919
f 5092 10919 10856
f 10856 5115 481
f 5124 10913 10919
f 10919 1764 5115
f 10916 10917 10918
f 5120 10918 10915
f 10915 10911 5122
f 10918 5121 10911
f 10914 10915 5122
f 1768 5122 5119
f 5119 10910 10913
f 10913 5118 1764
f 5122 10912 10910
f 10910 10909 5118
f 10912 484 10909
f 1764 5118 5116
f 10909 5107 1761
f 1761 5105 5113
f 5115 10908 5117
f 481 5114 5063
f 5115 5117 5114
f 5063 10907 1749
f 5117 1765 5114
f 5114 5112 10906
f 10907 5011 1749
f 1749 5011 126
f 1765 5113 5112
f 5113 10703 1731
f 1762 5111 5109
f 5111 10905 5103
f 5109 5103 1763
f 10905 1704 5103
f 5108 1762 5109
f 484 5109 5110
f 484 5110 5107
f 5107 5106 1761
f 5109 1763 10904
f 5110 10903 5106
f 10904 1763 10903
f 10903 10901 5102
f 5106 5102 5105
f 5105 1733 474
f 5102 10899 1733
f 5103 1704 5104
f 1763 5104 10902
f 1763 10902 10901
f 10901 10900 5102
f 10902 5104 10900
f 10900 10897 10899
f 10899 5015 1733
f 5104 10898 10897
f 10897 10571 5015
f 10898 121 10571
f 10894 10895 10896
f 5099 10896 10892
f 10892 10886 5101
f 10896 5100 10886
f 10891 10892 10893
f 1758 10893 10883
f 10883 10889 5097
f 10893 5101 10889
f 10889 10885 10890
f 5097 10890 10875
f 10875 10861 1760
f 10890 5091 10861
f 10886 10887 10888
f 5101 10888 10885
f 10885 10864 5091
f 10888 1759 10864
f 10882 10883 10884
f 5096 10884 10880
f 10880 10874 5098
f 10884 5097 10874
f 10879 10880 10881
f 480 10881 10852
f 10852 10877 5088
f 10881 5098 10877
f 10877 10873 10878
f 5088 10878 10846
f 10846 10868 1756
f 10878 5094 10868
f 10874 10875 10876
f 5098 10876 10873
f 10873 10871 5094
f 10876 1760 10871
f 10871 10860 10872
f 5094 10872 10869
f 10869 10866 5095
f 10872 5090 10866
f 10868 10869 10870
f 1756 10870 10822
f 10822 10778 5079
f 10870 5095 10778
f 5079 10778 482
f 10866 10857 10867
f 5095 10779 5059
f 10867 1748 10779
f 10864 5092 10865
f 5091 10865 10862
f 10862 10855 5093
f 10865 5092 10855
f 10861 10862 10863
f 1760 10863 10860
f 10860 10858 5090
f 10863 5093 10858
f 10858 10854 10859
f 5090 10859 10857
f 10857 10782 1748
f 10859 5062 10782
f 5093 10856 10854
f 10854 10785 5062
f 10856 481 10785
f 10851 10852 10853
f 5087 10845 5089
f 10853 5088 10845
f 1755 10848 5085
f 10850 5089 10848
f 10848 10844 10849
f 5085 10849 10836
f 10836 10818 1757
f 10849 5078 10818
f 10845 10846 10847
f 5089 10847 10844
f 10844 10821 5078
f 10847 1756 10821
f 10843 10835 5086
f 10843 5085 10835
f 30 10842 10841
f 10841 10839 5084
f 10842 5086 10839
f 10839 10834 10840
f 5084 10840 10838
f 10838 10829 1754
f 10840 5082 10829
f 10835 10836 10837
f 5086 10837 10834
f 10834 10832 5082
f 10837 1757 10832
f 10832 10817 10833
f 5082 10833 10830
f 10830 10825 5083
f 10833 5077 10825
f 10829 10830 10831
f 1754 10831 10828
f 10828 10827 5081
f 10831 5083 10827
f 10824 5072 479
f 10825 10814 10826
f 5083 10826 10824
f 10826 1752 5072
f 10821 10822 10823
f 5078 10823 10819
f 10819 10812 5080
f 10823 5079 10812
f 10818 10819 10820
f 1757 10820 10817
f 10817 10815 5077
f 10820 5080 10815
f 10815 5075 10816
f 5077 10816 10814
f 10814 10811 1752
f 10816 5075 10811
f 10812 5079 10813
f 5080 10813 5075
f 5075 5058 5076
f 10811 5076 10810
f 1752 10810 5073
f 5073 10810 10804
f 10804 5066 1753
f 5076 10777 10810
f 10777 1747 5066
f 5072 10803 5074
f 5072 5073 10803
f 479 5072 10809
f 479 10809 10808
f 10808 10806 5071
f 10809 5074 10806
f 10806 10802 10807
f 5071 10807 10805
f 10805 10797 1751
f 10807 5069 10797
f 5074 10803 10802
f 10802 10800 5069
f 10803 1753 10800
f 10800 1753 10801
f 5069 10801 10798
f 10798 10791 5070
f 10801 5065 10791
f 10797 10798 10799
f 1751 10799 10796
f 10796 10794 5068
f 10799 5070 10794
f 10794 10790 10795
f 5068 10795 10793
f 10793 10756 124
f 10795 5039 10756
f 10791 10788 10792
f 5070 10792 10790
f 10790 10759 5039
f 10792 1742 10759
f 5066 1747 5055
f 5066 5055 5067
f 5066 5067 10789
f 1753 10789 5065
f 5065 10787 10788
f 10787 5042 1742
f 5067 10772 10787
f 10772 477 5042
f 10785 481 10786
f 5062 10786 10783
f 10783 10781 5064
f 10786 5063 10781
f 10782 10783 10784
f 1748 10784 10780
f 10784 5064 10780
f 10780 5064 5060
f 5060 5053 1750
f 10781 5063 5053
f 10779 10780 5059
f 10778 5059 482
f 482 5061 5058
f 5058 5056 10777
f 10777 10774 1747
f 5059 1750 10776
f 5061 10776 5056
f 10776 10768 10775
f 10775 10771 5057
f 10775 5052 10771
f 10774 10775 5057
f 1747 10773 5055
f 5055 10773 10772
f 10772 5049 477
f 10773 5047 5049
f 10771 10767 10763
f 5057 10763 10770
f 10770 10763 5047
f 5053 1749 5054
f 1750 10769 10768
f 10769 5054 10768
f 10768 5054 10767
f 10767 10765 1745
f 10767 5050 10765
f 5054 126 5050
f 5050 5010 5051
f 10765 5050 10766
f 1745 10766 10764
f 10764 5051 5048
f 10762 5044 1746
f 5051 5010 10762
f 10762 5010 5044
f 10763 10764 5048
f 5047 5048 5049
f 5049 5045 10740
f 477 10740 1743
f 5048 10762 5045
f 5045 1746 5043
f 5045 5043 10740
f 10740 5043 5046
f 10740 5046 5033
f 5033 10705 478
f 5046 1736 10705
f 5010 1730 5044
f 5044 5009 473
f 1746 473 5043
f 5043 473 1727
f 5042 477 1743
f 5042 1743 5032
f 1742 5042 5040
f 1742 5040 10760
f 5040 5032 1744
f 10759 10760 10761
f 5039 10761 10757
f 10757 10751 5041
f 10761 5040 10751
f 10756 10757 10758
f 124 10758 10755
f 10755 10753 5038
f 10758 5041 10753
f 10753 10750 10754
f 5038 10754 10752
f 10752 10747 1741
f 10754 5036 10747
f 10751 5040 1744
f 5041 1744 10750
f 10750 1744 5036
f 5036 5031 10748
f 10747 10748 10749
f 1741 10749 10746
f 10746 10744 5035
f 10749 5037 10744
f 10744 10741 10745
f 5035 10745 10743
f 10743 10733 476
f 10745 5027 10733
f 5037 10739 10742
f 5037 10742 10741
f 10741 10736 5027
f 10742 1739 10736
f 1743 10740 5034
f 1744 5034 5031
f 10739 5030 1739
f 10739 478 5030
f 5030 1735 5021
f 10737 5021 5028
f 5028 10712 10727
f 10727 10712 1740
f 10736 10737 10738
f 5027 10738 10734
f 10734 10726 5029
f 10738 5028 10726
f 10733 10734 10735
f 476 10735 10732
f 10732 10730 5026
f 10735 5029 10730
f 10730 10725 10731
f 5026 10731 10729
f 10729 10720 1738
f 10731 5024 10720
f 10726 10727 10728
f 5029 10728 10725
f 10725 10723 5024
f 10728 1740 10723
f 10723 10711 10724
f 5024 10724 10721
f 10721 10715 5025
f 10724 5020 10715
f 10720 10721 10722
f 1738 10722 10719
f 10719 10718 5023
f 10722 5025 10718
f 5023 10714 10717
f 10714 4340 22
f 10715 10708 10716
f 5025 10716 10714
f 10716 1424 4340
f 10712 10706 10713
f 1740 10713 10711
f 10711 10709 5020
f 10713 5022 10709
f 10709 5022 10710
f 5020 10710 10708
f 10708 9871 1424
f 10710 4342 9871
f 10706 1735 10707
f 5022 9873 4342
f 10707 390 9873
f 5043 1727 5017
f 10705 1736 478
f 478 5018 1735
f 5018 5016 5019
f 5019 4350 10704
f 1735 9892 390
f 10704 4350 9892
f 5019 5016 4350
f 5016 1427 9895
f 5017 5001 1737
f 5016 4353 1427
f 1737 102 4353
f 5015 4913 1695
f 1733 1695 474
f 474 1695 1734
f 5014 1734 475
f 1734 4911 464
f 1734 464 1725
f 1731 5014 5012
f 5012 5014 5007
f 5014 475 5007
f 5011 5012 5013
f 126 5013 5010
f 5010 1732 1730
f 5013 5008 1732
f 1732 5008 1728
f 1730 1728 5009
f 5009 5004 473
f 5007 475 5008
f 5008 475 5006
f 5006 10702 4999
f 5005 5002 1729
f 4999 1724 5002
f 5009 5005 5004
f 5004 1729 1727
f 5001 1435 5003
f 5002 4997 1729
f 1729 393 5001
f 5001 393 1435
f 1729 4997 393
f 1725 1692 4908
f 475 5000 10702
f 4999 4998 1724
f 5000 1726 10702
f 10702 1726 4998
f 4998 4995 4997
f 4997 4995 1438
f 4997 1438 393
f 4996 4908 4995
f 4993 4863 4994
f 10701 4993 1722
f 1722 4994 4991
f 4994 10698 10700
f 4991 10700 10692
f 10692 10680 1723
f 10700 4986 10680
f 4863 10560 10699
f 4994 10699 10698
f 10698 10683 4986
f 10699 1663 10683
f 4990 10697 10696
f 10696 10691 4992
f 10697 4991 10691
f 471 10696 10674
f 10674 10694 4983
f 10696 4992 10694
f 10694 10690 10695
f 4983 10695 10666
f 10666 10685 1720
f 10695 4988 10685
f 10691 10692 10693
f 4992 10693 10690
f 10690 10688 4988
f 10693 1723 10688
f 10688 10679 10689
f 4988 10689 10686
f 10686 10678 4989
f 10689 4985 10678
f 10685 10686 10687
f 1720 10687 10643
f 10643 4989 4975
f 4975 1715 472
f 10683 10556 10684
f 4986 10684 10681
f 10681 10677 4987
f 10684 4860 10677
f 10680 10681 10682
f 1723 10682 10679
f 10682 4987 4985
f 4985 10676 10678
f 10677 455 10676
f 10676 455 1715
f 10673 10674 10675
f 4982 10675 10671
f 10671 10665 4984
f 10675 4983 10665
f 10670 10671 10672
f 1719 10672 10662
f 10662 10668 4980
f 10672 4984 10668
f 10668 10664 10669
f 4980 10669 10654
f 10654 10640 1721
f 10669 4974 10640
f 10665 10666 10667
f 4984 10667 10664
f 10664 10642 4974
f 10667 1720 10642
f 10661 10662 10663
f 4979 10663 10659
f 10659 10653 4981
f 10663 4980 10653
f 10658 10659 10660
f 122 10660 10631
f 10631 10656 4959
f 10660 4981 10656
f 10656 10652 10657
f 4959 10657 10624
f 10624 10647 1712
f 10657 4977 10647
f 10653 10654 10655
f 4981 10655 10652
f 10652 10650 4977
f 10655 1721 10650
f 10650 1721 10651
f 4977 10651 10648
f 10648 4973 4978
f 10647 10648 10649
f 1712 10649 10605
f 10605 10646 4951
f 10649 4978 10646
f 4951 4969 469
f 4973 1717 10645
f 4978 10645 10636
f 10645 1717 10636
f 10642 10643 10644
f 4974 10644 10641
f 10641 10638 4976
f 10644 4975 10638
f 10640 10641 10639
f 1721 10639 4973
f 10639 4976 1717
f 10638 4975 4976
f 472 4963 4972
f 10637 4961 1718
f 4972 1714 10637
f 10637 1714 4961
f 10636 4972 4969
f 4969 4970 4971
f 469 4971 4926
f 10577 10635 1702
f 10577 4967 10635
f 4970 1718 4967
f 4967 1718 10634
f 4967 10634 10635
f 10635 10634 4968
f 1702 10633 4920
f 1702 4968 10633
f 4920 10633 10569
f 10633 1684 10569
f 4968 4966 10633
f 1718 4961 462
f 1718 462 4966
f 4966 462 1684
f 1715 4854 4964
f 4854 4853 1716
f 1715 4964 4965
f 1715 4965 472
f 4965 1716 1714
f 1714 4962 4961
f 4961 4962 462
f 4962 1687 4901
f 1716 118 4962
f 4962 4902 1687
f 4962 118 4902
f 10630 10631 10632
f 4958 10632 10628
f 10628 10623 4960
f 10632 4959 10623
f 10627 10628 10629
f 1711 10629 10621
f 10621 10626 4956
f 10629 4960 10626
f 4956 10626 10614
f 10614 10602 1713
f 10626 4950 10602
f 10623 10624 10625
f 4960 10625 4950
f 10625 1712 10604
f 10620 10621 10622
f 4955 10622 10618
f 10618 10613 4957
f 10622 4956 10613
f 10617 10618 10619
f 468 10616 4947
f 10619 4957 10616
f 4947 10608 1709
f 10616 4953 10608
f 10613 10614 10615
f 4957 10615 10612
f 10612 10610 4953
f 10615 1713 10610
f 10610 10601 10611
f 4953 10611 4954
f 10608 4954 10609
f 1709 10609 10586
f 10609 4954 10586
f 10586 4923 470
f 4949 10599 10607
f 4954 10607 4923
f 10607 1701 4923
f 10604 10605 10606
f 4950 10606 4952
f 10602 4952 10603
f 1713 10603 10601
f 10601 10600 4949
f 10603 4952 10600
f 4949 10600 10599
f 10599 10578 1701
f 10600 4925 10578
f 4952 10580 4925
f 10598 468 4946
f 4946 4947 4948
f 10595 4948 4944
f 4944 4938 10589
f 10589 4938 1710
f 4948 1709 10585
f 10594 10595 10596
f 4943 10596 10592
f 10596 4944 4945
f 10591 10592 10593
f 29 10593 4942
f 10593 4945 4942
f 4942 10589 10590
f 10590 4941 1707
f 10589 1710 4941
f 4941 4937 4933
f 10588 4933 4940
f 4940 4933 467
f 4937 1705 10584
f 4938 10585 4935
f 4938 4935 4937
f 4937 4935 1705
f 4935 4922 4936
f 1705 10581 1706
f 1705 4936 10581
f 4922 1700 4936
f 10584 1705 10583
f 10583 1706 4934
f 4934 4930 10582
f 4934 1706 4930
f 4930 4928 4931
f 1704 121 4929
f 4936 1700 465
f 1706 10581 4928
f 10581 465 4928
f 4925 10580 10579
f 10580 4926 4927
f 10578 10579 10576
f 10576 4927 1703
f 4927 10577 4919
f 4927 4919 10572
f 4923 10576 10573
f 4923 10573 10575
f 10575 10573 4924
f 470 10575 4922
f 10575 4924 10574
f 4922 10574 1700
f 10573 1703 4924
f 4924 1703 4921
f 1703 4920 4921
f 4921 123 1698
f 1700 1698 465
f 4919 1702 4920
f 4920 10569 123
f 123 10569 4898
f 1698 4898 4917
f 4917 1699 4918
f 1697 4918 4906
f 4918 1690 4906
f 1699 1682 461
f 1699 461 4895
f 1696 4916 4914
f 121 4914 4915
f 121 4915 4913
f 121 4913 10571
f 4915 10570 4912
f 4914 1697 10570
f 4912 4910 1693
f 1695 4912 4911
f 4912 1693 4911
f 4911 4909 464
f 1697 466 4910
f 4910 466 1693
f 1693 4905 1689
f 4909 1689 1694
f 4909 1694 464
f 4375 1380 21
f 1694 4904 4907
f 4907 378 1380
f 4903 378 4907
f 4905 4904 1689
f 4906 1691 466
f 466 1691 4904
f 4903 1383 378
f 1691 1681 4903
f 1681 1390 4243
f 4903 4243 1383
f 1390 99 4243
f 1685 4900 4897
f 4901 1688 4900
f 4900 4826 4897
f 4897 4826 4890
f 4826 452 1680
f 1684 1685 4899
f 4899 4897 1686
f 10569 4899 4898
f 4898 1686 1682
f 463 4889 4896
f 4896 1679 4893
f 463 4896 1691
f 461 1691 4895
f 1691 4894 1681
f 1691 1683 4894
f 4894 4893 4892
f 4894 4892 1681
f 1390 4258 99
f 4892 4260 1390
f 4893 381 4892
f 4892 381 4260
f 1680 452 4891
f 1680 4891 10568
f 4891 4820 1679
f 10568 4891 4889
f 1679 1393 381
f 4820 4818 1393
f 4818 20 1393
f 1393 20 4265
f 27 10509 4789
f 4789 1630 1678
f 1678 4888 1676
f 1676 4888 4886
f 4886 4888 460
f 1630 4788 10567
f 1678 10567 4888
f 4888 447 1671
f 459 1678 1676
f 1675 1676 4885
f 4885 10566 1673
f 4887 4885 4871
f 4871 1673 1668
f 1668 1673 4883
f 4885 1676 10566
f 10564 4876 1670
f 4884 10563 4880
f 4884 4880 1674
f 4883 1674 4848
f 1674 4879 1659
f 1674 4881 4879
f 4843 10565 120
f 10565 1640 120
f 4880 4874 4881
f 10565 450 1640
f 4874 4808 4881
f 447 1627 1671
f 1671 1627 4877
f 4877 4873 4878
f 4878 4873 1672
f 1671 4877 4878
f 460 4878 4876
f 460 4876 10564
f 4876 1672 1670
f 4875 4872 4874
f 1670 4875 10563
f 4874 10562 4808
f 10562 1643 4808
f 4873 1627 4872
f 4872 10502 10562
f 10502 117 1643
f 4871 1668 4866
f 1667 4871 4868
f 4871 4866 4868
f 456 4868 1665
f 4868 4866 4869
f 4869 1669 4865
f 1669 4867 4865
f 1665 4865 458
f 4865 1658 4847
f 4866 1668 4867
f 4867 1658 4865
f 4867 4883 10561
f 4867 10561 1658
f 1664 1665 4864
f 4864 4859 1666
f 10560 10557 1663
f 10560 4861 10557
f 28 1666 4861
f 4861 4858 10558
f 10558 4858 4862
f 10557 10558 10559
f 1663 10559 10556
f 10556 4862 4860
f 4862 10554 4855
f 4860 4855 455
f 4858 4857 10555
f 4862 10555 10554
f 10554 10549 4855
f 10555 1661 10549
f 1665 458 4859
f 1666 4859 4858
f 4857 10553 1661
f 4859 458 4857
f 4857 1657 10553
f 10553 1657 4850
f 1661 10553 10550
f 10550 10552 4856
f 10553 4850 10552
f 10552 4850 10548
f 10548 4850 1662
f 10549 10550 10551
f 4855 10551 10547
f 10551 4856 10547
f 455 10547 4854
f 10547 10548 4853
f 4853 10546 4849
f 4853 4849 4852
f 4849 1652 4830
f 1657 10544 10546
f 10546 4845 4851
f 10546 10545 4849
f 10546 4851 10545
f 4849 10545 1652
f 10545 4832 1652
f 4851 4845 10531
f 4851 10531 10545
f 10545 10531 4832
f 457 4883 4848
f 1658 4848 4847
f 4847 1659 1660
f 458 1660 4846
f 1657 4846 10544
f 10544 10541 4845
f 4845 10538 453
f 4845 4837 10538
f 4846 4842 10541
f 4842 1655 10541
f 1660 4843 4844
f 1660 4844 4842
f 4842 4840 1655
f 4843 120 4844
f 4844 10519 4840
f 4840 4804 4841
f 1655 4840 10543
f 1655 10543 4838
f 4838 10542 10536
f 10536 4835 1656
f 4841 10518 10542
f 10518 1639 4835
f 10541 1655 4837
f 10539 10535 4839
f 4837 4838 10535
f 10538 10539 10540
f 453 10540 10532
f 10532 10537 4833
f 10540 4839 10537
f 4839 10536 10534
f 10534 1656 1653
f 1653 10533 4834
f 1653 4834 10527
f 4834 1646 454
f 10515 4803 4836
f 4835 10515 10533
f 10533 4836 4834
f 4836 4817 1646
f 4836 10514 4817
f 1652 4832 4831
f 1652 4831 10530
f 4832 1653 1654
f 4830 10530 4827
f 4852 4830 4829
f 4829 4827 1651
f 10530 1654 4827
f 4827 10526 10529
f 10526 4825 10529
f 1651 4828 4826
f 4826 10528 452
f 4828 4825 10528
f 10528 10525 4821
f 4825 1649 10525
f 1654 10527 10526
f 10526 454 4824
f 10526 4824 4825
f 4825 4824 1649
f 4824 4814 4822
f 4822 10523 1650
f 4821 1649 4823
f 452 1648 4820
f 4823 4822 1648
f 4822 1650 1648
f 1648 1650 4819
f 1648 4819 4818
f 1650 4812 4819
f 4819 4138 20
f 4812 366 4138
f 1646 4817 10524
f 4799 1636 4811
f 454 4815 4814
f 4815 4816 4814
f 4814 1645 10523
f 4816 4811 1645
f 1645 1647 4813
f 1647 4810 4813
f 1645 4813 4812
f 4812 1339 366
f 4811 1636 1647
f 1647 4797 4810
f 4810 96 1339
f 10489 4768 4809
f 1643 10489 10522
f 4809 1622 1644
f 4809 4768 1622
f 450 10522 4805
f 4805 1644 10520
f 10520 4807 1641
f 10521 4765 4807
f 1641 4807 4802
f 4807 10486 10513
f 10486 1634 451
f 1622 10487 10521
f 10486 444 1634
f 450 4805 4806
f 1640 10520 10517
f 10517 1641 1642
f 120 1640 10519
f 10519 10517 4804
f 4804 10516 10518
f 4804 10517 10516
f 10517 1642 1639
f 1639 4802 4803
f 1639 4803 10515
f 10514 1637 449
f 4801 10512 1637
f 10513 451 10512
f 1637 10512 4800
f 1637 4800 4799
f 449 4799 4817
f 4799 4798 1636
f 4799 4800 4798
f 4798 1638 4797
f 4797 1346 96
f 1638 1346 4797
f 1638 4794 1346
f 4794 369 4159
f 1634 4759 1619
f 4759 4758 1619
f 10512 4795 4796
f 451 1619 1635
f 1633 4757 4794
f 4757 1349 369
f 4757 19 1349
f 1631 4793 4791
f 4791 4793 10508
f 10508 4785 1632
f 4790 1631 10510
f 10510 4791 4792
f 4792 4787 1630
f 10508 1632 4787
f 10507 4784 4788
f 1630 10507 4788
f 4788 10506 4781
f 4785 448 4784
f 1632 4784 4787
f 4784 4783 10506
f 10506 4783 1628
f 4783 10501 10505
f 10505 4777 4782
f 1628 10505 10504
f 4782 10500 10503
f 10500 1626 10503
f 4781 10504 1629
f 447 1629 1627
f 4782 10503 1629
f 1629 4780 1627
f 1626 10499 10503
f 1629 10503 4780
f 4779 10494 10502
f 10502 4770 117
f 4774 10497 4775
f 445 4774 10498
f 445 10498 4771
f 4775 1625 1623
f 1623 4772 4763
f 4772 10495 10496
f 10496 1617 446
f 4770 4771 10491
f 4769 10492 10488
f 10488 10484 1624
f 10488 4762 10484
f 4769 10493 10492
f 10493 1623 4762
f 117 10491 10490
f 10490 4769 4768
f 117 10490 10489
f 4768 4766 1622
f 4769 10488 4768
f 4768 1624 4766
f 4766 4761 4767
f 10487 10485 4765
f 10487 4767 10485
f 4765 10485 10486
f 10485 1620 444
f 1624 4764 4761
f 4761 10483 4767
f 4767 10483 1620
f 4763 446 4760
f 4760 4754 1616
f 10483 1616 10482
f 10482 1616 1621
f 444 10482 4759
f 4759 1621 4758
f 1621 4752 4758
f 4758 4756 4757
f 4756 356 19
f 1617 4750 4755
f 1618 1615 4749
f 446 1617 4754
f 4754 1618 1616
f 1618 4749 4751
f 4752 4753 356
f 4753 1305 4085
f 4751 93 1305
f 4747 10303 4748
f 4747 4748 10481
f 1613 10481 10476
f 10476 10479 4745
f 10481 4748 10479
f 10479 10478 10480
f 4745 10480 10468
f 10468 10455 1614
f 10480 4740 10455
f 4748 1587 10478
f 10478 4667 4740
f 10475 10476 10477
f 4744 10477 10473
f 10473 10467 4746
f 10477 4745 10467
f 10472 10473 10474
f 442 10470 4737
f 10474 4746 10470
f 10470 10466 10471
f 10471 4742 1611
f 10467 10468 10469
f 4746 10469 10466
f 10466 10464 4742
f 10469 1614 10464
f 10464 10454 10465
f 4742 10465 10462
f 10462 10458 4743
f 10465 4739 10458
f 1611 10462 10463
f 1611 10463 10422
f 10422 10460 4729
f 10463 4743 10460
f 10460 10457 10461
f 4729 10461 10412
f 10412 10377 443
f 10461 4714 10377
f 10458 4717 10459
f 4743 10459 10457
f 10457 1606 4714
f 4740 4667 10453
f 10455 10453 10456
f 1614 10456 10454
f 10454 4741 4739
f 4739 10452 4717
f 4741 435 10452
f 10452 4659 4717
f 4736 10451 10449
f 10449 10445 4738
f 10451 4737 10445
f 10448 10449 10450
f 1610 10450 10442
f 10442 10446 4734
f 10450 4738 10446
f 10446 10444 10447
f 4734 10447 10434
f 10434 10418 1612
f 10447 4728 10418
f 4738 10445 10444
f 10444 10421 4728
f 10445 1611 10421
f 10441 10442 10443
f 4733 10443 10439
f 10439 10433 4735
f 10443 4734 10433
f 10438 10439 10440
f 116 10440 4707
f 10440 4735 10436
f 10436 10432 10437
f 10356 10427 1604
f 10437 4731 10427
f 10433 10434 10435
f 4735 10435 10432
f 10432 10430 4731
f 10435 1612 10430
f 10430 10417 10431
f 4731 10431 10428
f 10428 10425 4732
f 10431 4727 10425
f 10427 10428 10429
f 1604 10429 10355
f 10429 4732 10426
f 4732 10414 10424
f 10414 1608 4722
f 10421 10422 10423
f 4728 10423 10419
f 10419 10411 4730
f 10423 4729 10411
f 10418 10419 10420
f 1612 10420 10417
f 10417 10415 4727
f 10420 4730 10415
f 10415 10410 10416
f 4727 10416 10414
f 10414 10407 1608
f 10416 4725 10407
f 10411 10412 10413
f 4730 10413 10410
f 10410 10408 4725
f 10413 443 10408
f 10408 10376 10409
f 4725 10409 10407
f 10407 10403 4726
f 10409 4713 10403
f 10401 10405 4723
f 1608 4726 10405
f 10405 10402 10406
f 4723 10406 10396
f 10396 10386 1609
f 10406 4719 10386
f 10403 10373 10404
f 4726 10404 10402
f 10402 10389 4719
f 10404 1605 10389
f 10400 10396 4724
f 4722 4723 10396
f 10398 10395 10399
f 10399 4721 10391
f 4724 10397 10395
f 10395 10393 4721
f 10397 1609 10393
f 10393 10385 10394
f 4721 10394 10392
f 10389 10365 10390
f 4719 10390 10387
f 10387 10381 4720
f 10390 4710 10381
f 10386 10387 10388
f 1609 10388 10385
f 10385 10383 4718
f 10388 4720 10383
f 10383 10380 10384
f 10381 441 10382
f 4720 10382 10380
f 1606 4659 4715
f 4659 4709 4715
f 4715 4709 1607
f 4659 1584 10357
f 10378 4715 4716
f 10377 10378 10379
f 443 10379 10376
f 10376 10374 4713
f 10379 4716 10374
f 10374 10371 10375
f 4713 10375 10373
f 10373 10366 1605
f 10375 4711 10366
f 4716 10372 10371
f 10371 10369 4711
f 10372 1607 10369
f 10369 10361 10370
f 4711 10370 10367
f 10367 10362 4712
f 10370 4708 10362
f 10366 10367 10368
f 1605 10368 10365
f 10365 10364 4710
f 10368 4712 10364
f 10362 10358 10363
f 1607 4709 10361
f 10361 10359 4708
f 10359 4706 10360
f 4708 10360 10358
f 4709 10357 4706
f 10357 113 4706
f 10353 10352 10354
f 4704 4701 1603
f 10352 1571 4701
f 10350 10347 4703
f 10351 4700 10347
f 10349 4031 9605
f 10347 10343 10348
f 4703 10348 10346
f 10346 9607 4031
f 10348 1280 9607
f 4701 4618 4702
f 4701 4702 10344
f 1603 10344 4700
f 10344 4702 10345
f 4700 10345 10343
f 10343 9611 1280
f 10345 4032 9611
f 4702 18 4032
f 4536 4535 4699
f 1601 4699 10338
f 4699 10341 4695
f 4699 1541 10341
f 4698 10338 4697
f 4697 1595 440
f 1602 4694 1595
f 1600 4697 440
f 10341 10082 10342
f 4695 10342 10339
f 10339 10335 4696
f 10342 4532 10335
f 10338 10339 10340
f 10340 4696 4694
f 4694 10334 10337
f 4694 10337 1595
f 10337 4688 1595
f 10335 10079 10336
f 4696 10336 10334
f 10334 10332 4688
f 10336 424 10332
f 439 1600 4693
f 4693 1600 4677
f 4677 1597 437
f 1600 4691 1597
f 437 1597 1598
f 437 1582 4653
f 1597 4691 1598
f 1582 4690 4692
f 1582 4692 115
f 4691 1594 431
f 1598 4691 4690
f 4691 431 1563
f 10332 10059 10333
f 4688 10333 4689
f 4689 1538 1596
f 440 4687 1594
f 440 1596 4687
f 1594 4687 4600
f 4687 1566 4600
f 1596 10049 1566
f 10049 110 4602
f 4684 10327 4686
f 10330 4684 10331
f 1591 10331 10324
f 10324 10328 4682
f 10331 4686 10328
f 10328 10326 10329
f 4682 10329 10317
f 10317 4676 1593
f 10327 4685 1592
f 4686 1592 10326
f 10326 1592 4676
f 10323 10324 10325
f 4681 10325 10321
f 10321 10316 4683
f 10325 4682 10316
f 436 10321 10322
f 436 10322 4674
f 10322 4683 10319
f 10319 10315 10320
f 4674 10320 10306
f 10320 4679 10306
f 10316 10317 10318
f 4683 10318 10315
f 10315 10313 4679
f 10318 1593 10313
f 10313 10308 10314
f 4679 10314 10312
f 10312 10309 4680
f 10314 4675 10309
f 10306 10312 10310
f 1589 10310 4666
f 10310 4650 10311
f 4666 10311 438
f 10311 4650 10276
f 4680 10309 4650
f 1592 4677 10307
f 1593 10307 10308
f 10307 4678 10308
f 10308 4678 4675
f 4675 4652 1581
f 5368 4673 4671
f 4671 4665 1590
f 4673 10306 4665
f 4670 1588 10305
f 10305 10302 4672
f 1588 4671 10302
f 26 10305 10303
f 10303 4672 1587
f 4672 4668 1587
f 10302 4671 4668
f 4668 1590 4669
f 1587 4669 4667
f 4667 4669 435
f 435 4660 4662
f 4665 4666 438
f 4663 4649 1585
f 10298 10300 4661
f 1585 4664 10300
f 10300 10299 10301
f 4661 10301 10296
f 10296 10282 1586
f 10301 4655 10282
f 10299 1580 4655
f 4660 10295 4662
f 10298 4661 10295
f 435 4662 4659
f 4659 10297 1584
f 10297 4657 1584
f 4662 10295 10294
f 10294 10292 4657
f 10295 1586 10292
f 10292 10281 10293
f 4657 10293 10291
f 10291 10286 4658
f 10293 4654 10286
f 1584 10291 10290
f 10290 10288 113
f 10290 4658 10288
f 10288 10285 10289
f 10289 4632 10258
f 10286 10279 10287
f 4658 10287 10285
f 10285 10260 4632
f 10287 1575 10260
f 4655 10278 10283
f 10283 10278 4656
f 10282 10283 10284
f 1586 10284 10281
f 10281 4656 4654
f 4656 10277 10280
f 4654 10280 10279
f 10279 10268 1575
f 10280 4635 10268
f 10278 4646 10270
f 4656 10270 10277
f 10277 10270 4635
f 4652 437 4653
f 4651 4653 10274
f 4653 1582 4645
f 4650 1581 10276
f 10276 10274 4647
f 1581 4651 10274
f 4649 4647 4664
f 4664 4647 1580
f 4647 4648 4646
f 4646 4648 4641
f 4646 4641 433
f 4648 1578 4641
f 4645 10273 10275
f 10275 10273 4644
f 10274 10275 1583
f 10273 115 4644
f 4644 115 4591
f 1578 4591 4638
f 1578 4638 4642
f 4591 1562 4638
f 4641 1578 4643
f 4641 4643 433
f 433 4643 10265
f 10265 4640 1576
f 4643 1579 4640
f 10251 10271 4628
f 1576 4640 10271
f 10271 4640 10272
f 4628 10272 10241
f 10241 4610 434
f 4640 10224 4610
f 4638 430 4639
f 10270 433 4635
f 4635 4636 10264
f 10268 4637 10269
f 1575 10269 10261
f 10261 10266 4633
f 10269 4637 10266
f 10266 10263 10267
f 4633 10267 10255
f 10255 10247 1577
f 10267 4627 10247
f 4637 10264 10263
f 10263 10250 4627
f 10264 1576 10250
f 10260 10261 10262
f 4632 10262 10259
f 10259 10254 4634
f 10262 4633 10254
f 10258 10259 10257
f 10257 4634 4630
f 10254 10255 10256
f 10256 1577 4630
f 4630 10246 10253
f 10253 10243 4621
f 10250 10251 10252
f 4627 10252 10248
f 10248 10240 4629
f 10252 4628 10240
f 10247 10248 10249
f 1577 10249 10246
f 10246 10244 4626
f 10249 4629 10244
f 10244 10239 10245
f 4626 10245 10243
f 10243 10234 1572
f 10245 4624 10234
f 10240 10241 10242
f 4629 10242 10239
f 10239 10237 4624
f 10242 434 10237
f 10237 10223 10238
f 4624 10238 10235
f 10235 10232 4625
f 10238 4609 10232
f 10234 10235 10236
f 1572 10236 10230
f 10236 4625 10230
f 10230 10231 10228
f 4622 10228 1573
f 10232 1568 10233
f 4625 10233 10231
f 10233 1568 4616
f 4621 10230 4622
f 4621 4622 4631
f 4631 4623 4620
f 4623 4622 10229
f 10229 1573 4619
f 4619 4615 3975
f 4619 3975 4618
f 4618 3975 3977
f 4616 4606 346
f 10228 4617 1573
f 1573 4617 10226
f 10226 10225 10227
f 4615 9493 1265
f 10227 3978 9493
f 4617 346 10225
f 10225 9495 3978
f 4613 10217 4614
f 4613 430 10217
f 1569 4613 4614
f 4611 4604 1570
f 4614 10217 4604
f 4610 4611 4612
f 10223 4612 4609
f 4609 4612 1568
f 4612 4607 10222
f 4611 1570 4607
f 1568 10222 4606
f 10222 4608 10221
f 4606 10221 346
f 10221 3987 9521
f 4607 1267 10220
f 4608 10220 10219
f 10219 9524 3987
f 10220 1267 9524
f 10217 1559 10218
f 4604 10218 10216
f 10218 1559 4605
f 10216 4605 4603
f 4603 10215 9533
f 4603 9533 1267
f 4605 90 10215
f 10215 9534 3990
f 10215 90 9534
f 4602 110 4597
f 1566 4597 4601
f 110 10046 1528
f 431 10214 4595
f 431 4601 10214
f 10214 4598 4595
f 4601 1567 4598
f 4598 1557 4599
f 4595 4599 1564
f 10210 10213 4589
f 1564 4599 10213
f 10213 4599 10170
f 4589 10170 432
f 4599 10171 4572
f 4599 1557 10171
f 4597 1528 1567
f 1567 421 4575
f 1563 4595 4596
f 1563 4596 4593
f 4593 4596 10207
f 4593 10207 10212
f 10212 10207 1565
f 4596 10209 4588
f 4596 1564 10209
f 4692 4593 4594
f 115 4594 4591
f 4594 10212 1562
f 1565 10206 10211
f 1562 4582 10196
f 10211 10203 4582
f 4588 10202 4590
f 10209 4589 10202
f 10207 4588 10208
f 1565 10208 10206
f 10206 10204 4587
f 10208 4590 10204
f 10204 10201 10205
f 4587 10205 10203
f 10203 10200 1560
f 10205 4585 10200
f 4590 10202 10201
f 10201 10197 4585
f 10202 432 10197
f 4585 10197 4586
f 1560 10200 4583
f 10200 4586 10198
f 10198 4586 10199
f 4583 10199 10194
f 10194 10181 1561
f 10199 4578 10181
f 10197 4571 10184
f 4586 10184 4578
f 1560 4583 10193
f 430 10190 1559
f 10196 4580 10190
f 10193 10194 10195
f 4584 10191 4580
f 10195 1561 10191
f 10191 10180 10192
f 4580 10187 4581
f 10192 4577 10187
f 10190 4581 10189
f 1559 10189 90
f 10189 4016 9573
f 10187 10177 10188
f 4581 10188 10186
f 10186 9576 4016
f 10188 1275 9576
f 10184 1556 10185
f 4578 10185 10182
f 10182 10175 4579
f 10185 4568 10175
f 10181 10182 10183
f 1561 10183 10180
f 10180 10178 4577
f 10183 4579 10178
f 10178 10174 10179
f 4577 10179 10177
f 10177 9581 1275
f 10179 4019 9581
f 10175 10158 10176
f 4579 10176 10174
f 10174 9584 4019
f 10176 349 9584
f 1557 4576 10171
f 10171 4576 4573
f 4576 4566 10173
f 4573 10173 10166
f 10166 10150 1558
f 10173 4566 10150
f 4575 10028 10172
f 4576 10172 4566
f 10172 1525 10153
f 10171 4573 4574
f 10170 4572 10168
f 432 10168 4571
f 10168 10165 10169
f 4571 10161 1556
f 10169 4569 10161
f 4574 10166 10167
f 4574 10167 10165
f 10165 10164 4569
f 10167 1558 10164
f 4569 10149 10162
f 10162 10156 4570
f 10149 4565 10156
f 10161 10162 10163
f 1556 10159 4568
f 10163 4570 10159
f 10159 10155 10160
f 4568 10160 10158
f 10158 9593 349
f 10160 4026 9593
f 10156 10146 10157
f 4570 10157 10155
f 10155 9596 4026
f 10157 1278 9596
f 10153 10018 10154
f 4566 10154 10151
f 10151 10144 4567
f 10154 4492 10144
f 10150 10151 10152
f 1558 10152 10149
f 10149 10147 4565
f 10152 4567 10147
f 10147 10143 10148
f 4565 10148 10146
f 10146 9600 1278
f 10148 4029 9600
f 10144 10015 10145
f 4567 10145 10143
f 10143 9603 4029
f 10145 17 9603
f 428 10142 10139
f 10139 10141 4560
f 10142 4564 10141
f 10141 1555 4562
f 4560 4562 10134
f 10134 4562 1552
f 4564 1500 1555
f 1555 1500 4553
f 428 10139 10140
f 4559 10140 10137
f 10137 10133 4561
f 10140 4560 10133
f 4559 10137 10138
f 1551 10138 10130
f 10130 10136 4557
f 10138 4561 10136
f 10136 10132 4552
f 4557 4552 1553
f 10133 10134 10135
f 4561 10135 10132
f 10132 1552 4552
f 1551 10130 10131
f 4556 10126 4558
f 10131 4557 10126
f 10119 10128 4548
f 111 4558 10128
f 10128 10125 10129
f 4548 10129 10112
f 10112 10121 1546
f 10129 4554 10121
f 10126 1553 10127
f 4558 10127 10125
f 10125 10124 4554
f 10127 1553 10124
f 4554 10124 10122
f 10122 4550 4555
f 10124 4551 4550
f 10121 10122 10123
f 1546 10123 10093
f 10093 4555 4540
f 4555 4550 426
f 4552 4553 4551
f 4550 1549 1536
f 426 4550 1536
f 1549 429 1550
f 1550 1517 4477
f 1550 429 1517
f 4458 413 1497
f 429 1497 1548
f 10118 10119 10120
f 4547 10120 10117
f 10117 10111 4549
f 10120 4548 10111
f 1545 10117 10108
f 10108 10114 4545
f 10117 4549 10114
f 10114 10110 10115
f 4545 10115 10104
f 10104 10089 1547
f 10115 4539 10089
f 10111 10112 10113
f 4549 10113 10110
f 10110 10092 4539
f 10113 1546 10092
f 10107 10108 10109
f 4544 10109 10106
f 10106 10103 4546
f 10109 4545 10103
f 4544 10106 425
f 425 4546 4537
f 4537 10100 1543
f 4537 4542 10100
f 10103 10104 10105
f 10105 1547 4542
f 4542 10088 10102
f 4542 10102 10101
f 10101 10096 4543
f 10102 4538 10096
f 1543 10100 10075
f 10075 10098 4530
f 10100 4543 10098
f 10098 10095 10099
f 4530 10099 10068
f 10068 10054 427
f 10099 4517 10054
f 10096 10085 10097
f 4543 10097 10095
f 10095 10056 4517
f 10097 1535 10056
f 10092 10093 10094
f 4539 10094 10090
f 10090 4540 4541
f 10089 10090 10091
f 1547 10091 10088
f 10088 10086 4538
f 10091 4541 10086
f 10086 4520 10087
f 4538 10087 10085
f 10085 10058 1535
f 10087 4520 10058
f 4541 4540 4520
f 1852 4537 1543
f 1542 1543 1544
f 25 1542 1544
f 25 1544 4536
f 4535 4533 1541
f 10083 10077 4534
f 4533 4529 10077
f 1541 10083 10084
f 1541 10084 10082
f 10082 10080 4532
f 10084 4534 10080
f 10080 10076 10081
f 4532 10081 10079
f 10079 10060 424
f 10081 4524 10060
f 10077 10070 10078
f 4534 10078 10076
f 10076 10061 4524
f 10078 1539 10061
f 1543 10075 10074
f 10074 10067 4531
f 10075 4530 10067
f 10073 10071 4529
f 10073 4531 10071
f 10071 4531 10072
f 4529 10072 10070
f 10070 10062 1539
f 10072 4527 10062
f 10067 10068 10069
f 4531 10065 4527
f 10069 427 10065
f 10065 10053 10066
f 4527 10066 10063
f 10063 4516 4528
f 10062 10063 10064
f 1539 10064 4525
f 1540 1534 4522
f 4524 4525 4526
f 424 4526 10059
f 4525 1540 1538
f 1538 1540 4521
f 4521 4504 10049
f 4521 1529 4504
f 4522 1529 4521
f 4522 422 1529
f 10058 1536 10057
f 4518 1536 1537
f 10056 10057 10055
f 10055 4518 4519
f 10054 10055 4519
f 427 4519 10053
f 10053 4519 4516
f 4516 1537 1540
f 1534 1537 4511
f 1534 4511 422
f 1537 4515 4511
f 4515 1532 10052
f 1550 4477 112
f 1537 112 4515
f 4515 112 1532
f 1532 4514 4512
f 4512 4514 4508
f 4512 4508 10051
f 4514 1516 4508
f 422 4513 4506
f 422 4506 10050
f 4506 1533 1530
f 4513 10051 1533
f 10043 4507 4510
f 10043 4510 4502
f 4502 4485 423
f 4510 1523 4485
f 4508 1516 4475
f 4508 4475 4509
f 1533 4509 10043
f 4507 4488 1523
f 4475 9981 9974
f 1529 10050 1530
f 1529 1530 10048
f 110 4505 10046
f 4505 4501 10046
f 10047 1531 4501
f 1528 10044 10045
f 1528 10045 421
f 10045 4496 421
f 4501 4499 10044
f 10044 10033 4496
f 10044 1526 10033
f 423 9998 10041
f 10041 10037 4500
f 10041 4484 10037
f 4499 10041 10042
f 1526 10042 10034
f 10034 10039 4497
f 10042 4500 10039
f 10039 10036 10040
f 4497 10040 10026
f 10026 10007 1527
f 10040 4490 10007
f 10037 9995 10038
f 4500 10038 10036
f 10036 10010 4490
f 10038 1522 10010
f 10033 10034 10035
f 4496 10035 10031
f 10031 10025 4498
f 10035 4497 10025
f 421 10031 10032
f 421 10032 4495
f 10032 4498 10029
f 10029 10024 10030
f 4495 10030 10028
f 10028 10019 1525
f 10030 4493 10019
f 10025 10026 10027
f 4498 10027 10024
f 10024 10022 4493
f 10027 1527 10022
f 10022 10006 10023
f 4493 10023 10020
f 10020 10013 4494
f 10023 4489 10013
f 10019 10020 10021
f 1525 10021 10018
f 10018 10016 4492
f 10021 4494 10016
f 10016 10012 10017
f 4492 10017 10015
f 10015 9290 17
f 10017 3869 9290
f 10013 3872 10014
f 4494 10014 10012
f 10012 1236 3869
f 10010 9986 10011
f 4490 10011 10008
f 10008 10004 4491
f 10011 4481 10004
f 10007 10008 10009
f 1527 10009 10006
f 10006 10005 4489
f 10009 4491 10005
f 4491 9292 3872
f 4488 9971 4480
f 10003 4470 9971
f 10000 10002 4486
f 1523 4480 10002
f 4486 10002 9993
f 9993 9983 1524
f 10002 4480 9983
f 9971 1513 9985
f 4485 10000 10001
f 4485 10001 9999
f 9999 9992 4487
f 10001 4486 9992
f 423 9999 9998
f 9998 9996 4484
f 9998 4487 9996
f 9996 9991 9997
f 4484 9997 9995
f 9995 9987 1522
f 9997 4482 9987
f 9992 9993 9994
f 4487 9994 9991
f 9991 9990 4482
f 9994 1524 9990
f 4482 9982 9988
f 9982 4479 4483
f 9987 9988 9989
f 1522 9989 9986
f 9986 4483 4481
f 4481 3879 9292
f 9985 9963 9984
f 9984 4468 4479
f 1524 9983 9982
f 4479 88 1239
f 4479 1239 3879
f 4479 4468 88
f 1520 1489 4442
f 419 1521 1518
f 1521 4442 4464
f 1517 1518 4477
f 112 1516 4514
f 4477 1519 1516
f 1516 4476 4475
f 9981 4471 418
f 4476 1514 4471
f 9958 9977 4474
f 9958 4462 9977
f 1514 9978 4472
f 9980 4474 9978
f 9978 9976 9979
f 4472 9979 9969
f 9969 9961 1515
f 9979 4466 9961
f 9977 1510 9962
f 4474 9962 9976
f 9976 9962 4466
f 4471 1514 4472
f 4471 4472 9975
f 9975 9968 4473
f 9974 9972 4470
f 418 4473 9972
f 9972 9967 9973
f 4470 9973 9971
f 9971 9964 1513
f 9973 4469 9964
f 9968 9969 9970
f 4473 9970 9967
f 9967 9966 4469
f 9970 1515 9966
f 9964 9960 9965
f 1513 9965 9963
f 9965 4465 4468
f 4468 3902 88
f 4465 9959 3902
f 9959 340 3902
f 9962 3909 4467
f 9961 4467 9960
f 9960 4467 4465
f 4467 3909 9959
f 420 1511 4463
f 9958 4463 4462
f 4462 4463 1510
f 4463 3910 1510
f 1511 1512 3910
f 1510 3910 3909
f 3910 1248 3909
f 4412 1466 1509
f 416 4412 4461
f 4412 1509 1508
f 4461 1508 417
f 108 4461 1503
f 4461 417 1504
f 1504 417 414
f 417 1505 1507
f 414 417 1507
f 414 1507 1495
f 1505 408 4460
f 1507 4460 1495
f 1495 1484 1483
f 4460 408 1484
f 401 1506 1505
f 1508 401 1505
f 1505 1506 4459
f 1505 4459 408
f 1506 1463 4459
f 4459 104 408
f 1503 1504 4450
f 24 1503 1501
f 1501 4450 1502
f 1502 4450 1498
f 24 1501 1554
f 1554 1501 1500
f 1501 1502 1500
f 1502 1498 4458
f 4458 1498 413
f 1498 4452 4456
f 4456 4452 1499
f 415 1494 4452
f 413 4456 4457
f 413 4457 4454
f 413 4454 1497
f 4457 9957 4454
f 4457 1499 9957
f 4454 4451 4455
f 1497 4455 4453
f 4455 1490 9956
f 9956 4443 107
f 1494 4449 4452
f 1499 4452 4451
f 4452 411 1490
f 415 1495 1496
f 9955 1496 1494
f 4449 109 411
f 1496 1495 4449
f 109 1483 1493
f 1493 1482 4445
f 109 1493 4448
f 411 4448 1491
f 4448 1493 4446
f 4446 9947 9954
f 4446 9954 9953
f 9953 9949 4447
f 9954 4444 9949
f 1491 9953 9943
f 9943 9951 4441
f 9943 4447 9951
f 9951 9948 9952
f 4441 9952 9941
f 9941 9934 412
f 9952 4435 9934
f 9949 9944 9950
f 4447 9950 9948
f 9948 9937 4435
f 9950 1486 9937
f 1493 4445 9947
f 9947 9945 4444
f 4445 4433 9945
f 9945 4437 9946
f 4444 9946 9944
f 9944 4438 1486
f 9946 4437 4438
f 4433 407 4437
f 4443 4440 1492
f 411 1491 4440
f 1490 4440 4443
f 4443 1492 1489
f 1489 1488 4442
f 4442 1488 410
f 1489 1487 1488
f 4440 9943 9940
f 4440 9940 1492
f 1489 4439 1487
f 9940 9941 9942
f 1492 9942 4439
f 9942 412 9939
f 9933 4434 1487
f 4439 9933 1487
f 1487 1481 1488
f 1488 325 1192
f 1486 4438 9938
f 4437 407 4438
f 4435 9938 9935
f 9935 9932 4434
f 9938 4436 9932
f 9934 9935 9936
f 412 9936 9933
f 1481 85 325
f 104 1455 1485
f 408 1485 1484
f 1484 1480 409
f 1480 398 1452
f 1483 1484 1482
f 409 1479 328
f 407 409 1481
f 409 328 85
f 1481 409 85
f 1479 1202 328
f 9931 9869 4432
f 4432 4339 9929
f 4431 4337 1478
f 1477 9929 4337
f 4430 4431 4428
f 405 4430 9928
f 4428 9930 9927
f 9930 1478 1475
f 1475 4429 4426
f 4429 9867 1472
f 9867 389 4424
f 9928 4428 4418
f 1474 9928 1468
f 4418 9927 1476
f 9927 1475 4427
f 4416 406 403
f 1476 4427 4416
f 9925 1471 1462
f 4407 9925 1462
f 1462 4383 1444
f 1462 1444 4405
f 1444 4380 106
f 1462 4420 4383
f 4424 4331 4425
f 9926 4425 4423
f 4425 1420 1473
f 406 4423 4407
f 4423 1473 4422
f 4420 4386 396
f 1420 9857 9924
f 1473 9924 4421
f 4421 9923 1447
f 9924 9856 9923
f 9923 101 1447
f 1468 4418 4419
f 4419 4415 1470
f 4419 1476 4415
f 1476 1469 4415
f 4414 4419 4413
f 4413 1470 1467
f 1470 1461 4417
f 4417 1461 4410
f 4410 4406 404
f 4410 1461 4406
f 4415 1469 1461
f 9921 1467 1466
f 23 4414 9922
f 9922 4413 4412
f 1466 4409 4411
f 4411 4409 401
f 1467 4410 4409
f 4409 4410 1464
f 4410 404 1464
f 401 1464 1506
f 1464 1465 1463
f 1463 1465 104
f 1465 1460 4408
f 4408 4402 1456
f 1461 403 4406
f 4407 1462 1460
f 1460 4405 4402
f 4405 1444 399
f 106 4382 1443
f 106 1443 1459
f 399 106 4403
f 4403 106 1459
f 4403 1459 1457
f 1457 1459 9916
f 1443 4378 1459
f 4378 395 1450
f 4402 4403 4404
f 1456 4402 4404
f 4401 9919 9920
f 4401 9920 9918
f 9918 9912 1458
f 9920 4395 9912
f 4404 9915 9919
f 9919 9915 4395
f 4400 9918 1455
f 1455 1458 4398
f 9911 4394 4399
f 1455 4398 4399
f 1455 4399 398
f 4399 9908 398
f 9908 1453 398
f 9915 9916 9917
f 4395 9917 9913
f 9913 9907 4397
f 9917 4396 9907
f 9912 9913 9914
f 1458 9914 9911
f 9911 9909 4394
f 9914 4397 9909
f 9909 9906 9910
f 4394 9910 9908
f 9910 4393 1453
f 9907 4390 400
f 4397 400 9906
f 4393 1450 4392
f 4392 1449 1454
f 398 4392 1454
f 1454 4391 9905
f 1454 9905 1452
f 1452 3697 15
f 9905 4391 3697
f 1454 4388 4391
f 4391 3699 1148
f 1450 395 1451
f 1450 1451 1449
f 4388 3700 313
f 4389 1151 3700
f 4389 1451 1151
f 1451 82 1151
f 101 9840 4305
f 1447 4305 4386
f 4386 1411 1448
f 396 4387 4384
f 4376 397 4381
f 1411 4304 4385
f 1448 4385 1445
f 4385 386 1440
f 4383 396 4384
f 1444 4384 4380
f 1443 1446 4378
f 1446 1442 4378
f 4378 1442 4379
f 4380 4376 4381
f 1446 4381 1442
f 1442 397 4377
f 395 4377 82
f 4377 316 3706
f 4377 1158 82
f 1440 386 4300
f 4376 1440 1160
f 4376 1441 397
f 397 1441 316
f 4375 4233 1379
f 1438 1379 4374
f 1438 4374 4371
f 4371 4373 1436
f 1436 4373 394
f 9904 9765 4374
f 4374 4231 1439
f 4373 4360 1431
f 393 1438 4372
f 4372 4371 1437
f 4371 1436 1437
f 1435 4372 9903
f 102 9903 4370
f 1428 4368 9882
f 4369 1437 4368
f 9882 4366 4347
f 9876 1433 391
f 1436 4367 4365
f 4368 4365 4366
f 4366 4364 1433
f 4367 394 4359
f 4364 4359 1434
f 1433 4364 4324
f 391 1433 4324
f 391 4324 9852
f 4363 1434 4317
f 4317 1401 9809
f 4317 9809 103
f 4359 4362 1434
f 1434 9812 1401
f 4362 4284 9812
f 1439 4227 4360
f 4360 1376 1432
f 394 1431 4361
f 1431 4360 4361
f 394 4361 4359
f 4359 4357 1430
f 4361 1432 4357
f 4357 9902 4358
f 4357 4356 9902
f 4357 4358 1430
f 1430 4358 384
f 4358 9836 4292
f 9902 9837 1404
f 4356 4294 9837
f 4226 98 4356
f 102 4370 4353
f 4353 4354 4355
f 1427 9901 9896
f 9896 9899 4351
f 9901 4355 9899
f 9899 9898 9900
f 4351 9900 9888
f 9888 9878 1429
f 9900 4346 9878
f 4355 1428 9898
f 9898 9881 4346
f 9895 9896 9897
f 4350 9897 9893
f 9893 9887 4352
f 9897 4351 9887
f 9892 9893 9894
f 390 9894 9874
f 9874 9890 4343
f 9894 4352 9890
f 9890 9886 9891
f 4343 9891 1425
f 9891 4348 1425
f 9887 9888 9889
f 4352 9889 9886
f 9886 9884 4348
f 9889 1429 9884
f 9884 9877 9885
f 4348 9885 9883
f 9883 4345 4349
f 1425 9883 4349
f 9864 1417 392
f 4349 4345 9864
f 4346 9882 9879
f 9878 9879 9880
f 1429 9880 9877
f 9877 9875 4345
f 9880 4347 9875
f 4345 4325 1417
f 9875 4323 4325
f 4347 9876 9875
f 9875 391 4323
f 9873 9874 9870
f 4342 9870 9872
f 9872 9870 4344
f 1424 1426 4341
f 9870 1425 9866
f 4344 9866 1426
f 4340 1424 4341
f 22 4341 9868
f 22 9868 9869
f 9869 9868 4339
f 9868 4341 4339
f 4341 1426 1423
f 1423 9865 4337
f 4337 4335 4338
f 9867 1421 389
f 9866 4349 1426
f 9865 4333 4335
f 4335 9861 1421
f 4335 4333 9861
f 4336 9864 4333
f 4333 392 9862
f 9862 4320 4334
f 9861 9862 9863
f 1421 9863 9860
f 9863 4334 4332
f 9859 9854 1422
f 4332 4327 9854
f 4334 1416 4327
f 9860 4332 4331
f 389 9860 4424
f 4331 9859 4425
f 9859 4329 1420
f 9859 1422 4329
f 4329 9853 4326
f 4329 4326 9858
f 9858 9855 4330
f 1420 9858 9857
f 9858 4330 9857
f 9857 4306 9856
f 9856 4306 101
f 4330 1412 4306
f 9854 4327 1422
f 9853 1422 4326
f 1422 4327 4307
f 4326 4307 1412
f 4327 387 4307
f 4323 9852 4325
f 1417 4325 9851
f 4321 9847 1419
f 4325 1418 9847
f 9847 1418 4316
f 9851 4321 4322
f 392 4322 4320
f 4320 4318 1416
f 4322 1419 4318
f 1419 9846 9850
f 4318 9848 4319
f 9850 4315 9848
f 1416 4318 9849
f 1416 9849 387
f 9849 4312 9844
f 9848 1414 4319
f 4319 1414 9845
f 9847 4316 9846
f 9846 103 4315
f 4315 103 9841
f 1418 4317 103
f 103 9809 4314
f 1414 9841 4313
f 4313 9841 1415
f 4314 1400 4310
f 9845 1415 4311
f 9845 4313 1415
f 387 9843 4308
f 9844 4311 9843
f 4308 4311 388
f 1415 9841 1407
f 9841 4310 4298
f 4310 383 4298
f 4307 387 4309
f 387 4308 4309
f 4309 4302 1413
f 4309 4303 4302
f 4308 388 4303
f 1412 4307 1413
f 4306 1413 9840
f 9840 1413 4305
f 4305 4304 1411
f 4304 1409 386
f 4302 4301 1409
f 4303 388 1406
f 1409 4301 1410
f 4301 1406 1410
f 1410 1114 4300
f 1160 4300 14
f 4300 1113 14
f 4300 1114 1113
f 1410 3663 1114
f 4298 9801 4299
f 9801 4277 4299
f 1407 4296 1408
f 4298 4299 4296
f 4299 4277 1398
f 4299 1398 4296
f 388 9839 1406
f 388 4297 9839
f 4297 1408 3665
f 1406 3665 301
f 4296 1398 79
f 9838 3667 9025
f 4294 98 4295
f 9837 4294 1404
f 1404 4295 4293
f 4293 4295 9820
f 4293 9820 9833
f 9833 9820 1405
f 98 1366 4288
f 384 4292 9814
f 9814 9834 4285
f 9814 4292 9834
f 9834 9832 9835
f 4285 9835 9810
f 9810 9827 1402
f 9835 4290 9827
f 4292 9833 9832
f 9832 9830 4290
f 9833 1405 9830
f 9830 9819 9831
f 4290 9831 9828
f 9828 9823 4291
f 9831 4287 9823
f 9827 9828 9829
f 1402 9829 9805
f 9805 9825 4280
f 9829 4291 9825
f 9825 9822 9826
f 4280 9826 385
f 9826 4272 9786
f 9823 9816 9824
f 4291 9824 9822
f 9822 9788 4272
f 9824 1396 9788
f 4288 4208 4289
f 9820 4288 9821
f 1405 9821 9819
f 9819 9817 4287
f 9821 4289 9817
f 9817 9815 9818
f 4287 9818 9816
f 9816 9796 1396
f 9818 4274 9796
f 4289 4208 9815
f 9815 9799 4274
f 4208 374 9799
f 4284 9814 9813
f 9813 4285 4286
f 1401 9812 1403
f 9812 4286 9804
f 4285 9810 9811
f 9811 1402 4279
f 1401 1403 9807
f 9809 9808 1400
f 9809 4283 9808
f 9808 4282 9806
f 4283 9807 4282
f 4282 1403 4278
f 1400 9806 383
f 9806 4278 383
f 9805 4280 4281
f 9804 4281 9803
f 4281 9785 4271
f 9802 1399 9026
f 383 4278 4277
f 383 4277 9801
f 4278 9026 4276
f 4277 4276 9027
f 1398 9027 79
f 4276 9026 3676
f 1399 4269 3677
f 1123 3677 3678
f 9799 9752 9800
f 4274 9800 9797
f 9797 9792 4275
f 9800 4200 9792
f 9796 9797 9798
f 1396 9798 9789
f 9789 9794 4273
f 9798 4275 9794
f 9794 9791 9795
f 4273 9795 9784
f 9784 9780 1397
f 9795 4267 9780
f 9792 9749 9793
f 4275 9793 9791
f 9791 9782 4267
f 9793 1363 9782
f 9788 9789 9790
f 4272 9790 9787
f 9786 9787 9785
f 9785 4273 4271
f 4273 9784 1395
f 9784 1397 4270
f 1395 4270 9028
f 4269 9028 304
f 4266 1125 9029
f 4270 9029 3681
f 9782 9739 9783
f 4267 9783 9781
f 9781 9776 4268
f 9783 4197 9776
f 1397 9778 4266
f 9780 4268 9778
f 9778 9775 9779
f 4266 9779 1125
f 9779 3683 9032
f 9776 9736 9777
f 4268 9777 9775
f 9775 9033 3683
f 9777 13 9033
f 4135 1336 1394
f 381 4135 1391
f 381 4261 4260
f 4261 1391 9774
f 1391 1394 4264
f 4257 4250 9772
f 4264 365 4250
f 1394 1336 4263
f 4260 4261 4262
f 4258 4262 4259
f 4259 4256 9773
f 9773 4256 1392
f 4262 9774 4256
f 4259 9773 1384
f 4236 4253 379
f 4238 9772 9771
f 4256 4264 1392
f 1392 4257 4238
f 9772 382 1388
f 1388 4249 4254
f 9768 4252 1389
f 9768 1386 4252
f 4253 1388 9763
f 1388 4254 4255
f 9763 4255 4223
f 4255 9768 1389
f 4255 1389 1374
f 9770 4251 4218
f 1374 9770 4218
f 1374 4218 9759
f 4218 4251 4179
f 4218 4179 100
f 4251 372 4179
f 4252 4247 4180
f 1389 4180 9770
f 9770 4180 4251
f 4251 4180 372
f 365 9663 1387
f 4250 9769 4249
f 4249 1386 9768
f 4128 1333 1386
f 1386 4248 4247
f 4247 4181 372
f 4247 1359 4181
f 4248 1359 4247
f 1333 9660 4125
f 1333 4125 4246
f 1333 4246 4248
f 4248 4246 4245
f 4246 95 4245
f 4125 9648 95
f 4243 4244 4241
f 4241 4244 1385
f 99 1384 4244
f 4244 1384 4237
f 1383 4241 4242
f 378 4242 4235
f 4235 9767 1381
f 4242 4241 9767
f 9767 1385 4239
f 1385 4237 4239
f 4239 4236 4240
f 1381 4239 4230
f 4240 9766 4230
f 4230 1373 380
f 4237 4238 4236
f 9766 9761 1373
f 9766 379 9761
f 1380 4235 4234
f 4234 4235 1382
f 1380 4234 21
f 21 1382 4232
f 1382 4229 9765
f 9765 4229 4231
f 9764 1377 377
f 1381 4230 4229
f 4230 380 1377
f 1377 9760 4220
f 4220 1378 4228
f 4220 1372 1378
f 377 4220 4227
f 4227 4224 1376
f 4227 4228 4224
f 4228 1378 4224
f 1376 4224 4226
f 4224 4211 4226
f 1378 4225 4224
f 4224 375 1367
f 379 9763 9761
f 9763 4223 9761
f 1373 9762 380
f 380 9762 4221
f 9762 4217 4221
f 4221 4217 1375
f 4223 1374 4217
f 380 4221 4222
f 380 4222 9760
f 9760 4222 1372
f 1375 4216 1370
f 1372 4219 4225
f 4219 1370 375
f 1370 4214 375
f 9759 4215 4216
f 9759 4218 4215
f 4215 100 4214
f 375 4212 1368
f 375 1371 4212
f 1368 4212 4190
f 1371 4213 4212
f 4212 4213 1361
f 4213 9696 1361
f 4211 1367 4209
f 1367 1369 4209
f 4209 4206 1366
f 1366 4206 4210
f 4288 4210 4208
f 4208 9753 374
f 4210 4201 9753
f 4206 4204 1364
f 4210 1364 4201
f 1369 1368 4206
f 1368 4207 4206
f 4206 4207 4204
f 4207 376 9756
f 4204 9756 4205
f 4204 4205 9757
f 1364 9757 4202
f 9757 4195 9758
f 4202 9758 9747
f 9747 9731 1365
f 9758 4195 9731
f 9756 9722 1360
f 4205 1360 4195
f 4201 1364 9754
f 9754 9746 4203
f 1364 4202 9746
f 9753 9754 9755
f 374 9755 9752
f 9752 9750 4200
f 9755 4203 9750
f 9750 9745 9751
f 4200 9751 9749
f 9749 9740 1363
f 9751 4198 9740
f 9746 9747 9748
f 4203 9748 9745
f 9745 9743 4198
f 9748 1365 9743
f 9743 9730 9744
f 4198 9744 9741
f 9741 9734 4199
f 9744 4194 9734
f 9740 9741 9742
f 1363 9742 9739
f 9739 9737 4197
f 9742 4199 9737
f 9737 9733 9738
f 4197 9738 9736
f 9736 8890 13
f 9738 3600 8890
f 9734 9727 9735
f 4199 9735 9733
f 9733 8893 3600
f 9735 1079 8893
f 1360 9716 9725
f 4195 9725 4196
f 9731 4196 9732
f 1365 9732 9730
f 9730 9728 4194
f 9732 4196 9728
f 9728 9724 9729
f 4194 9729 9727
f 9727 8902 1079
f 9729 3603 8902
f 9725 9713 9726
f 4196 9726 9724
f 9724 8905 3603
f 9726 289 8905
f 1361 9696 4193
f 1361 4193 9723
f 9723 4193 4191
f 4191 9707 1362
f 4193 9695 9707
f 9707 1354 4185
f 4190 9723 4192
f 9722 9717 1360
f 9722 4188 9717
f 4192 1362 9722
f 9722 9720 4188
f 9720 9706 9721
f 4188 9721 9718
f 9718 9711 4189
f 9721 4184 9711
f 9717 9718 9719
f 1360 9719 9716
f 9716 9714 4187
f 9719 4189 9714
f 9714 9710 9715
f 4187 9715 9713
f 9713 8938 289
f 9715 3612 8938
f 9711 9703 9712
f 4189 9712 9710
f 9710 8941 3612
f 9712 1082 8941
f 1354 9687 9709
f 4185 9701 4186
f 9709 4170 9701
f 9707 4185 9708
f 1362 9708 9706
f 9706 9704 4184
f 9708 4186 9704
f 9704 9700 9705
f 4184 9705 9703
f 9703 8950 1082
f 9705 3615 8950
f 9701 9684 9702
f 4186 9702 9700
f 9700 8953 3615
f 9702 76 8953
f 4245 95 1323
f 1359 362 1352
f 1359 1352 4182
f 4182 4183 1357
f 1357 4183 373
f 4183 1352 4167
f 1352 362 1320
f 372 1357 1358
f 4179 372 100
f 100 1358 4178
f 100 4178 1371
f 4178 4175 371
f 4175 1355 371
f 1358 4177 4175
f 4177 373 4175
f 4175 4166 9697
f 1355 9697 9698
f 1355 9698 4174
f 9698 4176 9699
f 4174 9699 9694
f 9694 9679 1356
f 9699 4165 9679
f 9697 1351 4176
f 4176 1351 4165
f 371 4174 9696
f 4173 9693 9695
f 9695 9688 1354
f 9695 4171 9688
f 4174 9694 9693
f 9693 9691 4171
f 9693 1356 9691
f 9691 9678 9692
f 4171 9692 9689
f 9689 9682 4172
f 9692 4168 9682
f 9688 9689 9690
f 1354 9690 9687
f 9687 9685 4170
f 9690 4172 9685
f 9685 9681 9686
f 4170 9686 9684
f 9684 9015 76
f 9686 3640 9015
f 9682 9675 9683
f 4172 9683 9681
f 9681 9018 3640
f 9683 1090 9018
f 4165 3650 4169
f 9679 4165 9680
f 1356 9680 9678
f 9678 9676 4168
f 9680 4169 9676
f 9676 4169 9677
f 4168 9677 9675
f 9675 9022 1090
f 9677 3643 9022
f 4169 292 3643
f 4183 4167 9674
f 373 9674 4166
f 4167 1353 1351
f 4167 1320 1353
f 1353 1093 3650
f 1320 1322 3651
f 1353 3651 1093
f 19 4080 9673
f 9673 4080 4164
f 1350 1303 4162
f 369 9673 4160
f 369 4160 4159
f 4160 4163 1347
f 4164 1350 4163
f 4163 4162 4161
f 1347 4161 370
f 4162 4079 4161
f 4079 355 4151
f 1346 4160 4157
f 4158 4157 1348
f 96 4158 9667
f 4158 1348 1340
f 1348 4156 1340
f 9666 1345 367
f 1340 4156 9666
f 4157 1347 4156
f 4157 4156 1348
f 4156 4155 1345
f 1345 4155 9672
f 9672 4148 4154
f 1345 9672 9657
f 9657 4154 4124
f 9656 4124 1331
f 4154 1342 4124
f 4124 4153 9671
f 4124 9671 1331
f 1331 1314 4103
f 1342 4145 4153
f 4153 4105 1314
f 4145 360 4105
f 9632 4074 4152
f 4151 9632 1343
f 1343 4152 4149
f 4149 4152 1344
f 1343 4149 4150
f 370 4150 4155
f 4155 4150 4148
f 4150 1344 1342
f 4146 4142 9670
f 4146 9670 9669
f 9670 4142 9669
f 1342 9669 4145
f 4147 1317 360
f 360 1317 4107
f 4143 1300 4144
f 4143 4144 4142
f 1300 4073 4108
f 4144 4108 4142
f 9668 4140 1341
f 4139 1341 1337
f 1339 9668 1341
f 4133 1330 368
f 9667 1340 4140
f 1341 4141 1337
f 4141 367 1330
f 4141 9666 367
f 20 4139 4136
f 4136 1338 9664
f 4136 1337 1338
f 20 4136 9665
f 9665 4137 4135
f 9664 1338 1336
f 1338 4134 1336
f 4132 1334 4129
f 1338 368 4131
f 4122 1335 4130
f 4129 4122 4130
f 365 4130 9663
f 9663 4130 4128
f 4128 9662 1333
f 9662 9658 4126
f 9662 1335 9658
f 4126 9659 9661
f 9661 9659 4127
f 1333 9661 9660
f 9660 4127 4125
f 9659 1324 4127
f 4122 1329 363
f 1324 1335 4114
f 1335 363 4114
f 367 9657 9655
f 9655 9656 4123
f 9655 4124 9656
f 4123 9656 1332
f 9656 1331 1332
f 1330 9655 9654
f 9654 4123 4121
f 368 9654 1334
f 1334 4121 4122
f 4122 4121 9653
f 9653 4117 9652
f 9652 4117 9651
f 4119 1327 4116
f 1332 4120 4119
f 4119 4120 1327
f 4120 97 4118
f 97 9643 4118
f 1327 9649 1328
f 4118 1313 4115
f 9651 4116 9650
f 363 9650 1325
f 1325 9650 364
f 9650 1319 9644
f 9649 359 1319
f 363 1325 4114
f 4127 1324 9646
f 95 9648 1323
f 4113 4112 9647
f 4113 9646 4112
f 1323 9647 362
f 4112 1321 4111
f 1326 364 1321
f 364 277 3485
f 362 4111 1320
f 1322 1032 3651
f 1322 3485 1032
f 359 1310 9645
f 359 9645 4110
f 1319 4110 1035
f 4110 9645 4109
f 1319 1035 277
f 277 1035 1037
f 4109 1310 73
f 4109 73 1035
f 73 8666 3487
f 4108 92 1318
f 1317 1318 4107
f 360 4107 4100
f 4100 4107 1315
f 4107 1318 4106
f 4106 1308 361
f 1318 352 1308
f 4104 4100 9642
f 1314 4104 1316
f 4103 1314 9643
f 9643 1316 4102
f 1313 4102 4101
f 4101 4102 4096
f 4101 4096 359
f 4102 9641 4096
f 1316 9642 4099
f 9642 1315 4098
f 4099 4098 1311
f 1315 361 4098
f 1311 4098 1312
f 4098 4094 1312
f 4098 361 4094
f 4096 1311 4097
f 359 4097 1310
f 4097 1312 4095
f 1310 8681 73
f 4095 1043 3505
f 4094 280 3501
f 1312 4094 1043
f 4094 3501 8682
f 1308 352 4051
f 1308 4051 4093
f 1308 4093 361
f 361 4093 280
f 280 1046 3507
f 1309 11 1046
f 357 9640 4091
f 357 4091 4069
f 4069 4089 1298
f 4089 1307 9639
f 9639 4088 4090
f 4089 9639 4090
f 1298 4090 9627
f 4065 4046 4045
f 4065 4045 94
f 1305 9638 4086
f 9636 4086 1304
f 4086 1306 1304
f 1304 4083 4077
f 4077 9637 9634
f 9637 1297 358
f 4083 4084 9637
f 9637 4084 1297
f 9636 1304 4082
f 9636 4082 4081
f 4081 4078 1303
f 4082 1304 4081
f 19 9636 9635
f 1303 4077 4079
f 4077 9634 355
f 9634 358 1301
f 1301 9629 9633
f 4068 9628 4076
f 4076 4072 1302
f 9633 4068 4076
f 355 9633 9632
f 9632 4076 4074
f 1302 9630 4075
f 4073 1291 92
f 4075 4071 4073
f 9628 4066 9631
f 1302 9631 9630
f 9630 4055 1293
f 4071 1293 1291
f 4066 353 4055
f 1297 4069 4070
f 1297 4070 1299
f 358 1297 9629
f 9629 1299 4068
f 4068 1296 9628
f 1296 1299 4067
f 1296 4067 4066
f 4067 1294 4060
f 9627 4065 4064
f 1299 9627 4067
f 4064 4062 1294
f 4064 94 4062
f 4062 4044 4063
f 1294 4063 9626
f 9626 4057 1295
f 353 4060 1292
f 9625 1295 4059
f 4058 4059 354
f 4057 1285 4042
f 4057 4042 4049
f 1295 4049 4056
f 4056 4049 9623
f 4056 9623 1288
f 4042 351 4049
f 4055 353 1292
f 1291 1293 4054
f 92 4052 352
f 352 4052 4051
f 4053 354 1290
f 4051 4050 11
f 1289 993 4050
f 4050 993 11
f 1290 3389 3387
f 4049 9620 3392
f 9620 4037 9624
f 4059 1288 4048
f 354 265 1287
f 4048 1288 4047
f 4047 995 3391
f 9624 1282 69
f 9623 3392 995
f 1288 995 4047
f 1286 1283 1285
f 1285 4043 4042
f 4043 9622 4038
f 4042 4038 351
f 4043 1283 9622
f 1283 1281 4041
f 1283 4041 4039
f 9618 4034 1284
f 4041 1281 4034
f 9622 1283 9617
f 4038 9617 9621
f 9621 9617 4040
f 4038 9621 351
f 9620 4040 4037
f 4040 9616 9619
f 4037 4036 1282
f 9617 9618 9615
f 4040 9615 9616
f 9616 9615 4036
f 9614 4033 4035
f 4036 9614 1282
f 4035 3407 8564
f 1284 4034 9614
f 9614 268 4033
f 4033 268 1001
f 4032 18 9612
f 18 3974 9610
f 9611 9612 9613
f 1280 9613 9608
f 9607 9608 9609
f 4031 9609 9606
f 9603 9289 9604
f 4029 9604 9601
f 9601 3868 4030
f 9600 9601 9602
f 1278 9602 9597
f 9597 9599 4027
f 9602 4030 9599
f 9599 4023 9591
f 9591 4023 1279
f 3868 1235 4023
f 9596 9597 9598
f 4026 9598 9594
f 9594 9590 4028
f 9598 4027 9590
f 9593 9594 9595
f 349 9595 9585
f 9585 9592 4020
f 9595 4028 9592
f 9592 9589 4025
f 4020 4025 1276
f 9590 9591 9589
f 9589 1279 4025
f 1279 4024 9569
f 9569 4022 4012
f 4012 3998 350
f 4022 1271 3998
f 4023 1235 9588
f 1279 9588 4024
f 4022 9587 9543
f 9587 4000 9543
f 4024 9588 9587
f 9587 9286 4000
f 9588 336 9286
f 9584 9585 9586
f 4019 9586 9582
f 9582 9579 4021
f 9586 4020 9579
f 9581 9582 9583
f 1275 9583 9577
f 9577 9580 4017
f 9583 4021 9580
f 4017 1276 9568
f 9579 4020 1276
f 9576 9577 9578
f 4016 9578 9574
f 9574 9570 4018
f 9578 4017 9570
f 9573 9574 9575
f 90 9571 3991
f 9575 4018 9571
f 9571 1277 9572
f 3991 9572 9529
f 9529 4014 1268
f 4018 9570 1277
f 1277 4011 4014
f 4014 4011 4015
f 3983 4015 9497
f 9497 4006 347
f 4015 9565 4006
f 4015 1273 9565
f 1276 9569 4011
f 9569 4012 4013
f 4011 4013 4009
f 4011 4009 1273
f 4009 3997 4010
f 1273 4009 4007
f 4009 4010 9566
f 9566 4010 9567
f 4007 9567 9561
f 9561 9551 1274
f 9567 4002 9551
f 4010 1270 4002
f 4006 9565 9564
f 9564 9560 4008
f 9565 4007 9560
f 347 9563 3967
f 4006 4008 9563
f 9563 9559 3967
f 3967 4004 1263
f 9560 9561 9562
f 4008 9562 9559
f 9559 9557 4004
f 9562 1274 9557
f 9557 9550 9558
f 4004 9558 9556
f 9556 9554 4005
f 9558 4001 9554
f 4004 9556 1263
f 1263 4005 3958
f 3958 3935 91
f 9554 9547 9555
f 4005 9555 9553
f 9553 9406 3935
f 9555 1254 9406
f 4002 9545 9551
f 9551 9545 4003
f 1274 9552 9550
f 9550 9548 4001
f 9552 4003 9548
f 9548 9544 9549
f 4001 9549 9547
f 9547 9411 1254
f 9549 3938 9411
f 9545 343 9546
f 4003 9546 9544
f 9544 9414 3938
f 9546 343 9414
f 9286 3858 4000
f 9543 4000 9285
f 1271 3994 1272
f 9285 9541 3994
f 9285 1232 9541
f 3998 1271 3999
f 350 3999 3997
f 3997 3999 3996
f 3997 3996 1270
f 3999 1271 9542
f 3999 9542 3996
f 9542 1272 3993
f 3996 3993 1270
f 4002 1270 343
f 1270 3945 343
f 3994 9541 9540
f 9540 9536 3995
f 9541 1232 9536
f 1272 9538 3993
f 9540 3995 9538
f 9538 9535 9539
f 3993 9539 1257
f 9539 3947 9421
f 9536 9283 9537
f 3995 9537 9535
f 9535 9423 3947
f 9537 87 9423
f 3990 9528 3992
f 9534 3991 9528
f 1267 9533 9525
f 9525 9531 3988
f 9533 3992 9531
f 9531 9527 9532
f 3988 9532 9519
f 9519 9502 1269
f 9532 3982 9502
f 9528 9529 9530
f 3992 9530 9527
f 9527 9504 3982
f 9530 1268 9504
f 9524 9525 9526
f 3987 9526 9523
f 9523 9518 3989
f 9526 3988 9518
f 346 9521 9496
f 9496 9521 3979
f 9521 9517 9522
f 3979 9522 9490
f 9490 9512 1266
f 9522 3985 9512
f 9518 9519 9520
f 3989 9520 9517
f 9517 9515 3985
f 9520 1269 9515
f 9515 9501 9516
f 3985 9516 9513
f 9513 9508 3986
f 9516 3981 9508
f 9512 9513 9514
f 1266 9514 3973
f 9514 3986 9510
f 9510 9507 9511
f 3973 9511 9484
f 9484 9472 348
f 9511 3963 9472
f 9508 9498 9509
f 3986 9509 9507
f 9507 1262 3963
f 9504 9505 9506
f 3982 9506 9503
f 9503 3983 3984
f 9502 9503 3984
f 1269 3984 9501
f 9501 9499 3981
f 9499 9497 9500
f 3981 9500 9498
f 9498 9479 1262
f 9500 3966 9479
f 9497 9480 3966
f 9497 347 9480
f 3978 9496 9494
f 9494 9489 3980
f 9496 3979 9489
f 9493 9494 9487
f 9487 3980 9492
f 9489 9490 9491
f 3980 9491 9488
f 9488 9485 3972
f 9491 1266 9485
f 3975 9487 3976
f 3975 3976 3977
f 18 3977 3974
f 9485 3973 9486
f 3972 9484 3971
f 9486 3973 9484
f 3969 9460 9482
f 9482 9457 9483
f 9480 9454 3968
f 9480 3967 9454
f 9479 9480 9481
f 1262 9481 9475
f 9475 9477 3964
f 9481 3968 9477
f 9477 9454 9478
f 3964 9478 9466
f 9478 1263 1264
f 1262 9475 9476
f 3963 9476 9473
f 9473 9465 3965
f 9476 3964 9465
f 9472 9473 9474
f 348 9474 9471
f 9471 9469 3962
f 9474 3965 9469
f 9469 9464 9470
f 3962 9470 9468
f 9468 9461 1261
f 9470 3960 9461
f 9465 9466 9467
f 3965 9467 9464
f 9464 1264 3960
f 3960 9453 9462
f 9462 9456 3961
f 9453 3957 9456
f 9461 9462 9463
f 1261 9463 9460
f 9460 9458 3959
f 9463 3961 9458
f 9458 9455 9459
f 3959 9459 9457
f 9457 9440 345
f 9459 3952 9440
f 3961 9452 9455
f 9455 9442 3952
f 9452 1259 9442
f 9453 1263 3957
f 9452 9450 1259
f 3957 3955 9450
f 1263 91 3955
f 9450 9446 3956
f 3955 3934 9446
f 1259 9451 9443
f 9443 9448 3953
f 9451 3956 9448
f 9448 9445 9449
f 3953 9449 9438
f 9438 9431 1260
f 9449 3950 9431
f 9446 9402 9447
f 3956 9447 9445
f 9445 9434 3950
f 9447 1253 9434
f 9442 9443 9444
f 3952 9444 9441
f 9441 9437 3954
f 9444 3953 9437
f 9437 9438 9439
f 9439 1260 9436
f 9434 9392 9435
f 3950 9435 9432
f 9432 3931 3951
f 9431 9432 9433
f 1260 9433 9430
f 3931 9389 9429
f 9429 9427 3949
f 9429 342 9427
f 9427 9364 9428
f 3949 9428 9426
f 9428 3921 9425
f 9423 9226 9424
f 3947 9424 9422
f 9422 9418 3948
f 9424 3829 9418
f 9421 9422 3948
f 3946 9420 1258
f 9418 9223 9419
f 3948 9419 3946
f 3946 9416 3942
f 9419 1222 9416
f 3945 1258 3944
f 343 3945 9415
f 9415 3944 9386
f 3939 9386 1255
f 9386 3916 3929
f 9386 3944 3916
f 3929 3916 9380
f 9416 9213 9417
f 3942 9417 3943
f 1258 3943 3941
f 3941 3919 1250
f 3943 9210 3919
f 9210 333 3919
f 9414 9415 9412
f 9412 3939 3940
f 9411 9412 9413
f 1254 9413 9407
f 9407 9410 3936
f 9413 3940 9410
f 9410 9409 3928
f 3936 3928 9400
f 9400 9384 1256
f 9409 1255 3928
f 9406 9407 9408
f 3935 9408 9405
f 9405 9399 3937
f 9408 3936 9399
f 3955 9403 3934
f 91 3937 9403
f 9403 9398 9404
f 3934 9404 9402
f 9402 9393 1253
f 9404 3932 9393
f 9399 9400 9401
f 3937 9401 9398
f 9398 9396 3932
f 9401 1256 9396
f 9396 9383 9397
f 3932 9397 9394
f 9394 3927 3933
f 9393 9394 9395
f 1253 9395 9392
f 9392 9390 3931
f 9395 3933 9390
f 9390 9387 9391
f 3931 9391 9389
f 9389 9365 342
f 9391 3922 9365
f 3927 9381 9388
f 3933 9388 9387
f 9387 9368 3922
f 9388 1252 9368
f 1255 9386 3929
f 3928 3929 3930
f 9384 3930 9385
f 1256 9385 9383
f 9383 9382 3927
f 9385 3930 9382
f 9382 9379 9381
f 9381 9374 1252
f 9381 3925 9374
f 3930 9380 9379
f 9379 9377 3925
f 9380 344 9377
f 9377 9353 9378
f 3925 9378 9375
f 9375 9371 3926
f 9378 3915 9371
f 9374 9375 9376
f 1252 9376 9369
f 9369 9372 3923
f 9376 3926 9372
f 3923 9373 9361
f 9368 9369 9370
f 3922 9370 9366
f 9366 9360 3924
f 9370 3923 9360
f 9365 9366 9367
f 342 9367 9364
f 9364 9363 3921
f 9367 3924 9363
f 9360 9361 9362
f 3924 9362 9359
f 3919 3818 3920
f 3917 9356 9358
f 3917 9358 9349
f 9349 9340 1251
f 9358 3912 9340
f 3920 9193 9357
f 3920 9357 9356
f 9356 9343 3912
f 9357 1219 9343
f 3916 1250 9354
f 9354 9348 3918
f 1250 3917 9348
f 344 9354 9355
f 344 9355 9353
f 9353 9351 3915
f 9355 3918 9351
f 9351 9347 9352
f 9348 9349 9350
f 3918 9350 9347
f 9347 9345 3914
f 9350 1251 9345
f 9345 9339 9346
f 9343 9183 9344
f 3912 9344 9341
f 9341 9335 3913
f 9344 3815 9335
f 9340 9341 9342
f 1251 9342 9339
f 9339 9337 3911
f 9342 3913 9337
f 9337 9334 9338
f 9335 9180 9336
f 3913 9336 9334
f 9334 8382 3310
f 9336 10 8382
f 3910 16 1248
f 1248 1191 1249
f 3909 1248 3905
f 3905 1249 1246
f 1246 3908 9329
f 9329 3908 3885
f 1191 3758 3907
f 1249 3907 1243
f 3907 3758 3887
f 3758 324 9106
f 340 3905 3906
f 340 3906 3903
f 3903 3906 1247
f 3906 1246 1247
f 3902 3903 3904
f 3881 3900 1240
f 3904 1247 9333
f 3900 3898 3901
f 1240 9332 3875
f 3900 3901 9332
f 3875 9332 9295
f 9295 9317 338
f 9332 3893 9317
f 3901 9325 9331
f 3901 9331 9330
f 9330 9320 3893
f 9331 1244 9320
f 1247 9329 9328
f 9329 3885 3899
f 1247 9328 3898
f 9328 3899 9326
f 9326 9324 9327
f 3898 9327 9325
f 9325 3896 1244
f 3899 3885 9324
f 9324 341 3896
f 9323 3884 3897
f 1244 9323 9321
f 9323 3897 3894
f 3894 3890 1245
f 9320 9321 9322
f 3893 9322 9318
f 9318 9313 3895
f 9322 3894 9313
f 9317 9318 9319
f 338 9319 9280
f 9280 9315 3852
f 9319 3895 9315
f 9315 9312 9316
f 3852 9316 9272
f 9272 9309 1230
f 9316 3891 9309
f 9313 1245 9314
f 3895 9314 9312
f 9312 9311 3891
f 9314 1245 9311
f 3891 9311 9310
f 9310 9305 3892
f 9311 3889 9305
f 9309 9310 9252
f 9252 9307 3843
f 9252 3892 9307
f 9307 9306 9308
f 3843 9308 9244
f 9244 9148 89
f 9308 3796 9148
f 3892 9305 9306
f 9305 1211 3796
f 3890 331 3889
f 3889 3798 9305
f 9305 3798 1211
f 3887 9106 9303
f 9106 3757 9303
f 9304 9303 3888
f 9303 1188 3883
f 3908 3888 3886
f 341 3886 3884
f 1242 3882 1214
f 3883 3754 3882
f 1242 3883 3882
f 3882 3751 1214
f 3880 3876 1241
f 3880 3874 3876
f 9302 9299 3874
f 9302 1240 9299
f 337 3877 3870
f 3870 3877 1237
f 3880 1241 3877
f 1241 9301 3878
f 1241 3873 9301
f 3877 1241 3865
f 3862 3865 339
f 9297 1229 3848
f 9299 1240 9300
f 3874 9300 9298
f 9298 9294 3876
f 9300 3875 9294
f 1241 3876 3873
f 3876 9293 3873
f 9297 9276 1229
f 3873 3851 9276
f 9294 9295 9296
f 3876 9296 9293
f 9293 9279 3851
f 9296 338 9279
f 3870 1237 1238
f 9291 3870 3871
f 9290 9291 9289
f 9289 3871 3868
f 3871 1238 1235
f 3867 3864 9287
f 1235 3867 3866
f 3867 9287 3866
f 3866 9287 3859
f 1237 3865 3862
f 9288 3862 1233
f 3862 339 3863
f 1233 3855 3860
f 1233 3863 3855
f 3860 3855 1234
f 3863 1228 3855
f 9287 1233 3859
f 3859 3860 3861
f 336 3861 9286
f 9286 3861 3858
f 3861 9284 3858
f 9285 3856 1232
f 3861 1234 9284
f 3856 9282 3857
f 9284 3854 9282
f 1232 3857 9283
f 9283 9227 87
f 3857 3830 9227
f 9282 1223 3830
f 3855 3845 3854
f 3854 3833 1223
f 9279 9280 9281
f 3851 9281 9277
f 9277 9271 3853
f 9281 3852 9271
f 9276 9277 9278
f 1229 9278 9268
f 9268 9274 3849
f 9278 3853 9274
f 9274 9270 9275
f 3849 9275 9265
f 9265 9249 1231
f 9275 3842 9249
f 9271 9272 9273
f 3853 9273 9270
f 9273 1230 3842
f 3848 9268 9269
f 3848 9269 9267
f 9267 9264 3850
f 9269 3849 9264
f 3865 9267 339
f 339 9263 9259
f 9264 9265 9266
f 3850 9266 9263
f 9263 9261 3846
f 9266 1231 9261
f 9261 9248 9262
f 3846 9262 9260
f 9260 9255 3847
f 9262 3841 9255
f 9259 9260 9257
f 1228 9257 3845
f 9257 9254 9258
f 3845 3837 334
f 9255 9245 9256
f 3847 9256 9254
f 9254 9238 3837
f 9256 1226 9238
f 3842 9252 9253
f 3842 9253 9250
f 9250 9243 3844
f 9253 3843 9243
f 9249 9250 9251
f 1231 9251 9248
f 9248 9246 3841
f 9251 3844 9246
f 9246 9242 9247
f 3841 9247 9245
f 9245 9240 1226
f 9247 3839 9240
f 3844 9244 9242
f 9244 89 3839
f 3839 9147 9241
f 9241 3795 3840
f 9240 9241 9239
f 9239 3840 3838
f 3838 3840 1227
f 3840 1210 3836
f 9238 9239 9237
f 3837 9237 334
f 334 1227 9232
f 9232 9236 1224
f 9232 1227 9236
f 9236 9235 3808
f 1227 3835 9235
f 1224 9236 9205
f 9205 3808 3825
f 1227 3836 3835
f 3835 3810 1217
f 3836 9146 3810
f 3833 334 3834
f 1223 3834 9233
f 1223 9233 9230
f 9230 9233 3831
f 9233 3824 9234
f 3831 9234 9221
f 9221 9204 1225
f 9234 3824 9204
f 3834 9232 3824
f 3830 9230 9231
f 3830 9231 9228
f 9228 9220 3832
f 9231 3831 9220
f 9227 9228 9229
f 87 9229 9226
f 9226 9224 3829
f 9229 3832 9224
f 9224 9219 9225
f 3829 9225 9223
f 9223 9214 1222
f 9225 3827 9214
f 9220 9221 9222
f 3832 9222 9219
f 9219 9217 3827
f 9222 1225 9217
f 9217 9203 9218
f 3827 9218 9215
f 9215 9208 3828
f 9218 3823 9208
f 9214 9215 9216
f 1222 9216 9213
f 9213 9211 3826
f 9216 3828 9211
f 9211 9207 9212
f 3826 9212 9210
f 9212 3819 333
f 9208 9201 9209
f 3828 9209 9207
f 9207 9197 3819
f 9209 1220 9197
f 9204 9205 9206
f 1225 9206 9203
f 9203 3822 3823
f 9206 3825 3822
f 335 3807 9202
f 9201 9202 9198
f 3820 9200 9191
f 9191 9172 1221
f 9200 3813 9172
f 3807 1216 9175
f 3807 9175 9200
f 9200 9175 3813
f 9197 9198 9199
f 3819 9199 9196
f 9196 9190 3821
f 9199 3820 9190
f 333 9196 9194
f 333 9194 3919
f 3919 9194 3818
f 9194 9189 9195
f 3818 9195 9193
f 9193 9184 1219
f 9195 3816 9184
f 9190 9191 9192
f 3821 9192 9189
f 9189 9187 3816
f 9192 1221 9187
f 9187 9171 9188
f 3816 9188 9185
f 9185 9178 3817
f 9188 3812 9178
f 9184 9185 9186
f 1219 9186 9183
f 9183 9181 3815
f 9186 3817 9181
f 9181 9177 9182
f 3815 9182 9180
f 9180 8268 10
f 9182 3256 8268
f 9178 9168 9179
f 3817 9179 9177
f 9177 8271 3256
f 9179 948 8271
f 9175 9163 9176
f 3813 9176 9173
f 9173 9166 3814
f 9176 3804 9166
f 9172 9173 9174
f 1221 9174 9171
f 9171 9169 3812
f 9174 3814 9169
f 9169 9165 9170
f 3812 9170 9168
f 9168 8275 948
f 9170 3258 8275
f 9166 9160 9167
f 3814 9167 9165
f 9165 8276 3258
f 9167 253 8276
f 9146 330 3811
f 1217 3811 3802
f 3788 9142 9157
f 3808 1217 9164
f 9164 1218 3809
f 1217 3802 1218
f 335 9164 3807
f 3807 3809 1216
f 3805 9159 3806
f 3805 3801 9159
f 1216 9161 9163
f 9163 9161 3804
f 9161 3806 9162
f 3804 9162 9160
f 9160 8301 253
f 9162 3266 8301
f 3806 8304 3266
f 9159 950 8304
f 9157 9139 9158
f 3802 9158 9155
f 9155 9150 3803
f 9158 3785 9150
f 3802 9155 9156
f 1218 9156 9154
f 9154 9152 3801
f 9156 3803 9152
f 9152 9149 9153
f 3801 8310 950
f 9153 3269 8310
f 9150 9138 9151
f 3803 9151 9149
f 9149 8312 3269
f 9151 67 8312
f 331 1214 3799
f 3799 3800 1215
f 3799 1215 1212
f 1212 3781 3793
f 3781 1205 332
f 3800 3750 321
f 3799 1212 1213
f 1213 1212 9145
f 3796 1211 3797
f 9148 3797 9147
f 9147 3797 3795
f 3795 1213 3794
f 3794 3789 9146
f 9146 3789 330
f 1213 9145 1208
f 9145 3793 3792
f 332 3780 3792
f 1208 3792 9144
f 3792 3778 3790
f 3789 9144 3791
f 9144 3790 9141
f 3789 3791 330
f 330 9143 3788
f 330 3791 9143
f 3788 9140 9142
f 9142 3786 1207
f 3791 9141 9140
f 9140 9137 3786
f 9141 1209 9137
f 3786 3783 3787
f 1207 3786 9139
f 9139 3787 3785
f 3785 9136 9138
f 9138 3299 67
f 9136 958 3299
f 1204 3775 3784
f 9137 3784 3783
f 3783 3784 3301
f 3783 3301 9136
f 9136 3301 958
f 3784 255 3301
f 3781 3739 9135
f 1205 3782 3779
f 3782 9135 3773
f 3779 3774 1206
f 9135 1176 3773
f 332 1205 3780
f 3780 3779 9134
f 9134 3776 1204
f 3779 1206 3776
f 1204 3776 3775
f 3776 3777 3775
f 3775 3307 255
f 3773 3736 3774
f 1206 8381 961
f 3774 9 8381
f 1203 3768 3771
f 1203 3771 3772
f 1203 3772 1199
f 3772 9128 329
f 3771 1197 9128
f 1202 1147 3768
f 3771 9133 1197
f 1147 312 3768
f 328 1203 1201
f 85 1201 1194
f 1201 1199 1194
f 1194 1199 1200
f 3765 3770 1200
f 3765 1196 3770
f 1200 3770 1168
f 3770 1196 319
f 3770 319 1168
f 3768 1145 9133
f 9133 1145 3769
f 1197 9133 9129
f 9129 9131 3766
f 9133 3769 9131
f 9131 3769 9132
f 3766 9132 9124
f 9124 9114 1198
f 9132 3761 9114
f 3769 9040 3761
f 9128 9129 9130
f 329 9130 9127
f 9127 9123 3767
f 9130 3766 9123
f 329 9127 9126
f 329 9126 3765
f 9126 9122 3763
f 3765 3763 1196
f 9123 9124 9125
f 3767 9125 9122
f 9122 9120 3763
f 9125 1198 9120
f 9120 9113 9121
f 3763 9118 3764
f 9121 3760 9118
f 1196 3723 319
f 9118 9110 9119
f 3764 9119 3723
f 9119 1171 9077
f 3761 9117 9115
f 9115 9108 3762
f 9117 3693 9108
f 9114 9115 9116
f 1198 9116 9113
f 9113 9111 3760
f 9116 3762 9111
f 9111 9107 9112
f 3760 9112 9110
f 9110 9081 1171
f 9112 3726 9081
f 9108 9039 9109
f 3762 9109 9107
f 9107 9084 3726
f 9109 81 9084
f 325 85 1195
f 1195 326 1185
f 1195 1185 327
f 3759 1194 326
f 326 1187 1185
f 1192 1195 1193
f 1192 1193 1191
f 1193 327 1189
f 327 1184 1190
f 1189 1190 324
f 3758 1189 324
f 9106 9105 3757
f 3757 9105 1188
f 3755 3753 3756
f 3753 322 3756
f 3755 3756 9104
f 9104 3756 3754
f 3754 322 84
f 322 1180 84
f 1190 1184 3753
f 326 1200 1187
f 1187 1200 1186
f 1185 1187 327
f 327 1187 3752
f 1184 3752 322
f 3752 1183 322
f 1187 1186 3752
f 1186 86 1183
f 1183 86 3733
f 1183 1174 1181
f 322 1183 1181
f 1181 1174 3747
f 3747 3732 323
f 322 1181 1180
f 9103 9100 1182
f 1180 9102 3746
f 84 1180 9103
f 1179 3749 3750
f 3749 3745 3750
f 3745 1177 3740
f 9102 3747 9101
f 9101 3747 3748
f 9100 9101 1182
f 3749 9098 3745
f 1182 3748 9098
f 3748 323 9099
f 3748 9099 9098
f 9098 9097 3743
f 9099 323 9097
f 3743 3731 3744
f 1177 3743 9095
f 9095 9096 3741
f 9095 3744 9096
f 9096 3744 3735
f 3741 3735 9093
f 3731 9087 9089
f 3744 9089 3735
f 3740 9095 9092
f 3740 9092 3742
f 321 3740 3742
f 321 3742 3739
f 9094 3737 1176
f 3742 9091 3737
f 9093 1178 9091
f 3737 9091 9090
f 9091 928 3738
f 1176 9090 3736
f 9090 3738 3736
f 3736 3738 9
f 3738 3189 9
f 3738 928 8163
f 3738 8163 3189
f 9089 3730 3735
f 1178 247 928
f 3733 9064 3734
f 9064 3714 9088
f 3734 9088 3728
f 9088 1165 3728
f 3732 1173 9087
f 1174 1175 3732
f 3730 3199 3192
f 1173 931 3730
f 3728 3711 3729
f 3729 9049 9086
f 3729 9086 3201
f 9086 65 3201
f 9084 9036 9085
f 3726 9085 9082
f 9085 3688 3727
f 9081 9082 9083
f 1171 9083 9078
f 9078 9080 3724
f 9083 3727 9080
f 9080 3722 1172
f 3722 1137 3687
f 9077 9078 9079
f 3723 9079 9076
f 9079 3724 9076
f 319 3725 1169
f 9076 3724 3725
f 3725 3687 1169
f 3720 1163 320
f 3687 309 1163
f 1168 1169 3720
f 1168 3720 86
f 86 1170 3721
f 86 9075 318
f 9075 3715 9065
f 3721 9074 9075
f 9075 9068 3715
f 9074 1166 9068
f 1170 3718 9074
f 9074 3718 1166
f 1170 320 3718
f 3718 9046 3719
f 9046 1162 3719
f 3718 3719 9073
f 1166 9073 9069
f 9069 9072 3716
f 9073 3719 9072
f 3716 9071 9059
f 9059 3710 1167
f 3719 1162 9071
f 9071 1162 3710
f 9068 9069 9070
f 3715 9070 9066
f 9066 9058 3717
f 9070 3716 9058
f 9065 9066 9067
f 318 9067 9064
f 9064 9062 3714
f 9067 3717 9062
f 9062 9057 9063
f 3714 9063 9061
f 9061 9053 1165
f 9063 3712 9053
f 9058 9059 9060
f 3717 9060 9057
f 9057 9056 3712
f 9060 1167 9056
f 9056 1167 3709
f 3712 3709 9054
f 9054 3709 3713
f 9053 9054 9055
f 1165 9055 9052
f 9052 9050 3711
f 9055 3713 9050
f 9050 9047 9051
f 3711 9051 9049
f 9049 8209 65
f 9051 3224 8209
f 3709 939 9048
f 3713 9048 9047
f 9047 8212 3224
f 9048 939 8212
f 3710 250 3227
f 1162 3708 250
f 1167 3227 3709
f 3709 3227 939
f 1163 3686 1164
f 320 1163 1162
f 1162 1164 942
f 1162 942 3708
f 3708 942 3234
f 3708 3234 250
f 1164 8 942
f 3686 1136 8
f 1160 14 1161
f 1160 1161 3707
f 316 1441 1159
f 1441 3707 1159
f 3707 1161 1154
f 14 1113 3704
f 1161 3704 1154
f 1158 317 1156
f 3706 1159 317
f 82 1158 1152
f 1156 317 3705
f 317 1153 3705
f 314 1157 1144
f 1157 1129 83
f 1157 3685 1129
f 3704 300 3703
f 317 1154 1153
f 1153 1155 3685
f 3685 1155 307
f 1155 1131 307
f 3703 78 1131
f 82 1152 1151
f 3700 3702 1149
f 3700 1151 3702
f 1151 1152 3702
f 313 9041 3701
f 313 3700 9041
f 3699 313 3701
f 1148 9044 3698
f 9044 9041 9045
f 3698 9045 9043
f 9045 3695 1150
f 3697 1148 9042
f 3697 9042 3696
f 15 3696 1147
f 9042 1150 3696
f 3694 312 1147
f 3696 3694 1147
f 3695 1149 3694
f 3694 315 312
f 312 1146 1145
f 1145 3689 9040
f 9040 3689 3693
f 9039 9037 81
f 3693 3689 9037
f 1146 310 1138
f 1143 1152 1140
f 1152 314 1144
f 1142 1140 1141
f 1140 1144 1141
f 1144 83 1141
f 1141 1134 1135
f 1138 310 3690
f 3690 310 1139
f 3689 3690 3691
f 9037 3691 9038
f 81 9038 9036
f 9036 9035 3688
f 9038 3691 9035
f 3688 1137 3722
f 3691 3690 1137
f 1137 1139 3687
f 1139 1133 309
f 310 311 1139
f 311 1135 1133
f 309 1133 1136
f 1134 306 1135
f 306 1127 1135
f 1135 1127 62
f 1133 3070 235
f 1135 62 3070
f 1131 1104 1132
f 307 1132 1130
f 1130 297 308
f 1129 1130 1128
f 83 1129 306
f 1128 308 1127
f 1127 238 62
f 9033 8889 9034
f 3683 9034 9032
f 9032 9031 3684
f 9034 3599 9031
f 3682 9030 3679
f 3682 3679 1126
f 9031 8886 9030
f 9030 1078 3679
f 9029 3682 3681
f 9028 3681 304
f 304 3680 1124
f 3681 1126 3680
f 1123 3678 1121
f 3678 1124 305
f 79 9027 3668
f 3668 3674 302
f 9027 3676 3674
f 3676 1121 3674
f 305 3669 3675
f 3675 3672 1122
f 3675 1119 3672
f 3674 3673 3653
f 3673 1122 1098
f 3673 1098 3653
f 3672 1100 295
f 1122 295 1098
f 288 3589 1120
f 3670 1075 3587
f 3670 3587 75
f 1124 3671 3669
f 3669 3671 1119
f 3671 75 1100
f 1117 9025 1118
f 1117 1118 3666
f 301 3665 1115
f 3665 3664 1115
f 3666 1118 1108
f 3666 1108 3664
f 1115 3664 3661
f 3661 1109 303
f 3664 1108 1109
f 9025 3658 9024
f 3668 302 3658
f 301 1115 3661
f 1114 3663 1116
f 3663 3661 1116
f 1114 1116 3662
f 3662 1116 3659
f 3662 3659 300
f 1116 3661 1111
f 3661 303 1111
f 3659 1112 3660
f 300 3659 1110
f 3660 1112 1110
f 1110 1105 78
f 1112 298 1105
f 1108 9024 1109
f 9024 3658 3656
f 3658 302 3656
f 303 3657 298
f 1109 3656 3657
f 3657 1107 1106
f 3656 80 1107
f 298 1106 1105
f 1106 1101 299
f 1105 1106 3655
f 78 1105 1104
f 1104 3655 297
f 3655 299 297
f 297 3654 1103
f 3654 841 1103
f 1103 841 7
f 297 299 3654
f 3654 1102 841
f 1102 223 841
f 294 1102 299
f 1102 843 223
f 294 3652 1102
f 1100 1066 295
f 295 1066 296
f 296 1066 1095
f 1066 285 1095
f 1098 296 1099
f 3653 1099 80
f 1099 1096 80
f 1099 296 1096
f 1096 1094 1097
f 294 1097 3652
f 3652 2980 59
f 3652 850 2980
f 1095 1063 1094
f 296 1095 1094
f 1094 2983 226
f 1093 3647 3646
f 3651 12 3647
f 292 3648 3644
f 3644 3648 1091
f 1093 3646 3648
f 1091 3646 3649
f 3649 1086 293
f 3646 276 1086
f 3643 292 3645
f 9022 3645 9023
f 1090 9023 9019
f 9019 9021 3641
f 9023 3645 9021
f 9021 3636 1092
f 1092 3636 9004
f 3645 3644 1091
f 3645 1091 3636
f 9018 9019 9020
f 3640 9020 9016
f 9016 9012 3642
f 9020 3641 9012
f 9015 9016 9017
f 76 9017 8954
f 8954 9013 3616
f 9017 3642 9013
f 9013 9011 9014
f 3616 9014 8946
f 8946 9007 1083
f 9014 3638 9007
f 9012 1092 9010
f 3642 9010 9011
f 9011 9010 3638
f 9010 9004 9008
f 9008 3635 3639
f 9007 9008 9009
f 1083 9009 8920
f 8920 9005 3608
f 9009 3639 9005
f 9005 8993 9006
f 3608 9006 8910
f 8910 8990 290
f 9006 3630 8990
f 3639 3635 8993
f 3635 1088 8993
f 9004 3637 3635
f 3635 9002 3633
f 3635 3633 1088
f 3637 293 9002
f 9002 8962 9003
f 3633 9003 9001
f 9001 8997 3634
f 9003 3622 8997
f 3633 9001 1088
f 8994 8999 3631
f 1088 3634 8999
f 8999 8996 9000
f 3631 9000 8986
f 8986 8970 1089
f 9000 3626 8970
f 8997 8959 8998
f 3634 8998 8996
f 8996 8973 3626
f 8998 1085 8973
f 8993 8994 8995
f 3630 8995 8991
f 8991 8985 3632
f 8995 3631 8985
f 8990 8991 8992
f 290 8992 8861
f 8861 8988 3584
f 8992 3632 8988
f 8988 8984 8989
f 3584 8989 8853
f 8853 8979 1073
f 8989 3628 8979
f 8985 8986 8987
f 3632 8987 8984
f 8984 8982 3628
f 8987 1089 8982
f 8982 8969 8983
f 3628 8983 8980
f 8980 8975 3629
f 8983 3625 8975
f 8979 8980 8981
f 1073 8981 8834
f 8834 8977 3574
f 8981 3629 8977
f 8977 8974 8978
f 3574 8978 8828
f 8828 8784 77
f 8978 3543 8784
f 8975 8966 8976
f 3629 8976 8974
f 8974 8786 3543
f 8976 1055 8786
f 3626 3619 8971
f 8971 8964 3627
f 8970 8971 8972
f 1089 8972 8969
f 8969 8967 3625
f 8972 3627 8967
f 8967 8963 8968
f 3625 8968 8966
f 8966 8794 1055
f 8968 3546 8794
f 8964 8956 8965
f 3627 8965 8963
f 8963 8797 3546
f 8965 283 8797
f 276 1029 3624
f 276 3624 1086
f 1086 3624 3618
f 1086 3618 8958
f 8962 8960 3622
f 293 3623 8960
f 8960 3620 8961
f 3622 8961 8959
f 8961 3620 1085
f 3623 8958 3620
f 1087 3555 3621
f 1085 3620 8957
f 1085 8957 3619
f 3619 8957 8956
f 8956 3553 283
f 3621 8813 3553
f 3621 1058 8813
f 1087 3481 3555
f 3481 72 3555
f 8953 8954 8955
f 3615 8955 8951
f 8951 8945 3617
f 8955 3616 8945
f 8950 8951 8952
f 1082 8952 8942
f 8942 8948 3613
f 8952 3617 8948
f 8948 8944 8949
f 3613 8949 8934
f 8934 8916 1084
f 8949 3607 8916
f 8945 8946 8947
f 3617 8947 8944
f 8944 8919 3607
f 8947 1083 8919
f 8941 8942 8943
f 3612 8943 8939
f 8939 8933 3614
f 8943 3613 8933
f 8938 8939 8940
f 289 8940 8906
f 8906 8936 3604
f 8940 3614 8936
f 8936 8932 8937
f 3604 8937 8898
f 8898 8927 1080
f 8937 3610 8927
f 8933 8934 8935
f 3614 8935 8932
f 8932 8930 3610
f 8935 1084 8930
f 8930 8915 8931
f 3610 8931 8928
f 8928 8923 3611
f 8931 3606 8923
f 8927 8928 8929
f 1080 8929 8876
f 8876 8925 3594
f 8929 3611 8925
f 8925 8922 8926
f 3594 8926 8868
f 8868 8845 291
f 8926 3580 8845
f 8923 8912 8924
f 3611 8924 8922
f 8922 8848 3580
f 8924 1072 8848
f 8919 8920 8921
f 3607 8921 8917
f 8917 8909 3609
f 8921 3608 8909
f 8916 8917 8918
f 1084 8918 8915
f 8915 8913 3606
f 8918 3609 8913
f 8913 8908 8914
f 3606 8914 8912
f 8912 8857 1072
f 8914 3583 8857
f 8909 8910 8911
f 3609 8911 8908
f 8908 8860 3583
f 8911 290 8860
f 8905 8906 8907
f 3603 8907 8903
f 8903 8897 3605
f 8907 3604 8897
f 8902 8903 8904
f 1079 8904 8894
f 8894 8900 3601
f 8904 3605 8900
f 8900 8896 8901
f 3601 8901 8884
f 8884 8872 1081
f 8901 3593 8872
f 8897 8898 8899
f 3605 8899 8896
f 8896 8875 3593
f 8899 1080 8875
f 8893 8894 8895
f 3600 8895 8891
f 8891 8883 3602
f 8895 3601 8883
f 8890 8891 8892
f 13 8892 8889
f 8889 8887 3599
f 8892 3602 8887
f 8887 8882 8888
f 3599 8888 8886
f 8888 3597 1078
f 8883 8884 8885
f 3602 8885 8882
f 8882 8880 3597
f 8885 1081 8880
f 8880 8871 8881
f 3597 8881 8879
f 8879 8878 3598
f 8881 3592 8878
f 1078 8879 3598
f 1078 3598 3596
f 3596 8863 288
f 8878 1076 8863
f 8875 8876 8877
f 3593 8877 8873
f 8873 8867 3595
f 8877 3594 8867
f 8872 8873 8874
f 1081 8874 8871
f 8871 8869 3592
f 8874 3595 8869
f 8869 8866 8870
f 3592 8870 1076
f 8870 3590 8864
f 8867 8868 291
f 3595 291 8866
f 3590 8844 8865
f 3590 8865 8864
f 8865 3579 3591
f 1076 8864 3588
f 8864 3591 3586
f 3591 8841 1071
f 3591 1071 3586
f 3588 3586 3589
f 3587 1067 75
f 1077 3576 1067
f 3576 286 1067
f 8860 8861 8862
f 3583 8862 8858
f 8858 8852 3585
f 8862 3584 8852
f 8857 8858 8859
f 1072 8859 8849
f 8849 8855 3581
f 8859 3585 8855
f 8855 8851 8856
f 3581 8856 1074
f 8852 8853 8854
f 3585 8854 8851
f 8851 8833 3573
f 8854 1073 8833
f 8848 8849 8850
f 3580 8850 8846
f 8846 8839 3582
f 8850 3581 8839
f 8845 8846 8847
f 291 8847 8844
f 8844 8842 3579
f 8847 3582 8842
f 8842 8838 8843
f 3579 8843 8841
f 8841 3577 1071
f 8839 1074 8840
f 3582 8840 8838
f 8838 8837 3577
f 8840 1074 8837
f 8837 8831 3578
f 3577 3578 8836
f 3578 3572 286
f 3572 1069 3568
f 8833 8834 8835
f 3573 8835 8832
f 8832 8827 3575
f 8835 3574 8827
f 1074 8832 8831
f 8831 3575 3572
f 3575 8826 8830
f 3572 8830 1069
f 8827 8828 8829
f 3575 8829 8826
f 8826 8783 3570
f 8829 77 8783
f 3570 8823 3571
f 8825 3542 8823
f 1069 3571 3569
f 8823 8780 8824
f 3571 8822 3567
f 8824 1054 8822
f 3568 3569 1070
f 286 1070 287
f 1070 3566 1061
f 8822 8770 8821
f 8821 3539 282
f 1070 3567 3566
f 3567 282 3566
f 3566 282 3529
f 1067 287 1068
f 75 1068 1066
f 1064 3559 3565
f 3565 3563 1065
f 3559 1060 3563
f 285 3565 1065
f 285 1065 1063
f 1063 1065 3564
f 1065 3562 3564
f 1063 3564 6
f 3564 796 6
f 3563 7649 3562
f 3563 211 7649
f 3562 2827 796
f 3562 7649 2827
f 1061 3529 3560
f 3560 3561 1062
f 3559 3560 1060
f 1060 3558 211
f 3558 799 2831
f 1051 2864 8819
f 3557 8819 8820
f 1062 8820 799
f 8820 2834 7654
f 8819 56 2834
f 3555 8659 8818
f 8818 8816 3556
f 8659 3465 8816
f 1058 3556 8814
f 8814 8815 1059
f 1059 3550 8805
f 8816 8657 8817
f 3556 8817 8815
f 8815 8808 3550
f 8817 1020 8808
f 3553 8813 3554
f 283 3553 8798
f 3553 3554 3547
f 8791 8811 1056
f 3547 3552 8811
f 3554 1059 8812
f 8812 8810 3552
f 8812 1059 8810
f 8811 3552 3537
f 3537 3519 284
f 8810 8802 1049
f 3552 1049 3519
f 8808 8649 8809
f 3550 8809 8806
f 8806 8800 3551
f 8809 3462 8800
f 8805 8806 8807
f 1059 8807 3549
f 8807 3551 8803
f 8803 8799 8804
f 3549 8804 8802
f 8802 8719 1049
f 8804 3522 8719
f 8800 8646 8801
f 3551 8801 8799
f 8799 8722 3522
f 8801 273 8722
f 3546 8798 8795
f 8795 8790 3548
f 8798 3547 8790
f 8794 8795 8796
f 1055 8796 8787
f 8787 8792 3544
f 8796 3548 8792
f 8792 8789 8793
f 3544 8793 8778
f 8778 8761 1057
f 8793 3536 8761
f 3548 8791 8789
f 8789 8764 3536
f 8791 1056 8764
f 8786 8787 8788
f 3543 8788 8785
f 8785 8777 3545
f 8788 3544 8777
f 77 8784 8783
f 8783 8781 3542
f 8784 3545 8781
f 8781 8776 8782
f 3542 8782 8780
f 8780 8771 1054
f 8782 3540 8771
f 8777 8778 8779
f 3545 8779 8776
f 8776 8774 3540
f 8779 1057 8774
f 8774 8760 8775
f 3540 8775 8772
f 8772 8767 3541
f 8775 3535 8767
f 8771 8772 8773
f 1054 8773 8770
f 8770 8769 3539
f 8773 3541 8769
f 3539 3530 282
f 8767 8757 8768
f 3541 8768 8766
f 8766 8741 3530
f 8768 1052 8741
f 8764 1056 8765
f 3536 8765 8762
f 8762 8755 3538
f 8765 3537 8755
f 8761 8762 8763
f 1057 8763 8760
f 8760 8758 3535
f 8763 3538 8758
f 8758 8754 8759
f 3535 8759 8757
f 8757 8749 1052
f 8759 3533 8749
f 8755 3537 8756
f 3538 8756 8754
f 8754 8752 3533
f 8756 284 8752
f 8752 284 8753
f 3533 8753 8750
f 8750 8745 3534
f 8753 3518 8745
f 8749 8750 8751
f 1052 8751 8742
f 8742 8747 3531
f 8751 3534 8747
f 8747 8744 8748
f 3531 8748 8740
f 8740 8731 1053
f 8748 3525 8731
f 8745 8711 8746
f 3534 8746 8744
f 8744 8734 3525
f 8746 1048 8734
f 8741 8742 8743
f 3530 8743 8739
f 8743 3531 8739
f 3530 8739 3532
f 282 3532 3529
f 3529 3527 1051
f 3532 8737 3527
f 8739 1053 8737
f 8737 8730 8738
f 3527 8736 3528
f 8738 3524 8736
f 1051 3528 2864
f 8736 8727 7743
f 3528 7743 2864
f 8734 8701 8735
f 3525 8735 8732
f 8732 8725 3526
f 8735 3515 8725
f 8731 8732 8733
f 1053 8733 8730
f 8730 8728 3524
f 8733 3526 8728
f 8728 8724 8729
f 3524 8729 8727
f 8727 7750 807
f 8729 2867 7750
f 8725 8698 8726
f 3526 8726 8724
f 8724 7753 2867
f 8726 214 7753
f 8722 8623 8723
f 3522 8723 8720
f 8720 8715 3523
f 8723 3452 8715
f 8719 8720 8721
f 1049 8721 8713
f 8713 8717 3520
f 8721 3523 8717
f 8717 8714 8718
f 3520 8718 8709
f 8709 3513 1050
f 8715 8620 8716
f 3523 8716 8714
f 8714 1017 3513
f 3519 8708 3521
f 284 3521 3518
f 3521 8707 8712
f 3518 8712 8711
f 8711 8702 1048
f 8712 3516 8702
f 8708 8709 8710
f 3521 8710 8707
f 8707 8705 3516
f 8710 1050 8705
f 8705 8693 8706
f 3516 8706 8703
f 8703 8696 3517
f 8706 3512 8696
f 8702 8703 8704
f 1048 8704 8701
f 8701 8699 3515
f 8704 3517 8699
f 8699 8695 8700
f 3515 8700 8698
f 8698 7756 214
f 8700 2873 7756
f 8696 8690 8697
f 3517 8697 8695
f 8695 810 2873
f 3513 3450 8694
f 8694 5 3514
f 1050 8694 8693
f 8693 8691 3512
f 8694 3514 8691
f 8691 3514 8692
f 3512 8692 8690
f 8690 2875 810
f 3514 5 2875
f 11 3388 3509
f 1046 3509 1047
f 3507 3511 8689
f 3507 8689 8684
f 8689 3510 8684
f 3511 1047 3510
f 8684 8686 1044
f 1044 3490 281
f 8687 8685 8688
f 3510 8688 8686
f 8686 8671 3490
f 8688 1039 8671
f 3509 992 3493
f 1047 3493 3508
f 3508 8675 8685
f 8685 8675 1039
f 280 3507 3502
f 8682 8677 3506
f 8682 3501 8677
f 3506 8677 1045
f 1043 8682 8683
f 8681 3505 8680
f 73 8680 8666
f 8666 8680 1036
f 3505 1045 3503
f 1045 3500 8678
f 3503 8678 3504
f 8680 3503 8679
f 1036 8679 278
f 8679 3498 278
f 8678 8676 1041
f 3504 1041 3498
f 1045 8677 3500
f 8677 3502 8676
f 3502 1044 3499
f 3499 281 3496
f 8676 3496 1042
f 3498 1041 3497
f 278 3497 3477
f 3477 3497 1027
f 3497 3495 74
f 3496 1038 1042
f 1042 1009 3495
f 3493 264 3494
f 8675 3494 8674
f 1039 8674 8672
f 8672 8674 3491
f 8674 3494 8667
f 3491 8667 8669
f 8669 8667 1040
f 8671 8672 8673
f 3490 8668 3492
f 8673 3491 8668
f 281 3492 1038
f 8668 8669 8670
f 3492 8670 3489
f 8670 1040 3489
f 3489 1040 271
f 1038 3489 271
f 1040 1012 271
f 3488 68 1012
f 3487 8665 3476
f 277 1037 3486
f 1037 1026 3475
f 3486 1037 3475
f 1037 3476 1026
f 3485 3486 1034
f 12 1030 276
f 1034 1033 1030
f 1033 279 3484
f 1030 1033 3484
f 3484 3479 1031
f 3484 279 3479
f 276 3483 1029
f 1029 1031 3482
f 1029 3482 3481
f 3481 3482 72
f 3482 3466 72
f 3482 1021 3466
f 8663 3474 3480
f 1031 3479 1021
f 3480 3468 8660
f 3480 274 3468
f 3476 3477 3478
f 1026 3478 1028
f 3478 8662 3473
f 8664 1027 8662
f 1026 1024 3475
f 1026 1028 1024
f 3475 1024 3474
f 279 3475 8663
f 3474 1024 274
f 8662 74 8661
f 1028 3472 1024
f 3473 8661 3472
f 8661 74 3472
f 3472 3437 1025
f 1025 3437 3470
f 274 1025 1022
f 1025 3470 3446
f 1025 3446 3471
f 1022 3471 3460
f 3460 3471 275
f 3471 3446 3447
f 3470 270 1015
f 8660 3469 3467
f 3467 3469 8640
f 3467 8640 8656
f 8656 8640 1023
f 3469 1022 3459
f 1021 3467 3466
f 72 3466 8659
f 8659 8658 3465
f 8658 8655 3465
f 8657 8650 1020
f 3465 3463 8650
f 3466 8656 8655
f 8655 8653 3463
f 8656 1023 8653
f 8653 8639 8654
f 3463 8654 8651
f 8651 8644 3464
f 8654 3458 8644
f 8650 8651 8652
f 1020 8652 8649
f 8649 8647 3462
f 8652 3464 8647
f 8647 8643 8648
f 3462 8648 8646
f 8646 8624 273
f 8648 3453 8624
f 8644 8637 8645
f 3464 8645 8643
f 8643 8627 3453
f 8645 1018 8627
f 8641 8635 3461
f 3459 3460 8635
f 8640 8641 8642
f 1023 8642 8639
f 8639 8638 3458
f 8642 3461 8638
f 8638 8634 8631
f 3458 8631 8637
f 8637 8631 1018
f 8635 275 8636
f 3461 8636 8634
f 8634 8633 3456
f 8636 275 8633
f 8633 275 3457
f 3456 3457 8632
f 1018 8632 8628
f 8628 8630 3454
f 8632 3457 8630
f 3457 1014 1019
f 8627 8628 8629
f 3453 8629 8625
f 8629 3454 3455
f 8624 8625 8626
f 273 8626 8623
f 8623 8621 3452
f 8626 3455 8621
f 8621 8618 8622
f 3452 8622 8620
f 8620 8617 1017
f 8622 3451 8617
f 3455 3454 8619
f 3455 8619 8618
f 8619 1019 3451
f 1017 8616 3450
f 8616 3449 3450
f 3450 3449 5
f 3449 756 2701
f 1019 3445 3449
f 3449 200 756
f 270 3425 3448
f 3448 1005 8614
f 275 3447 1014
f 1014 3447 3445
f 3447 759 3445
f 1016 7386 759
f 8614 8584 8615
f 3443 8615 8613
f 8613 8611 3444
f 8615 3422 8611
f 3443 8613 3442
f 3442 7387 7386
f 8611 8581 8612
f 3444 8612 7387
f 8612 53 7387
f 1012 982 3440
f 1012 3440 1013
f 1012 1013 3441
f 271 1012 3441
f 3441 1013 1004
f 3433 1004 272
f 3440 982 261
f 1013 261 3417
f 3417 261 3418
f 1009 1010 3439
f 1009 3439 3438
f 3438 3439 8608
f 3439 3432 8608
f 3495 1009 3437
f 3437 3435 3436
f 3437 3436 1008
f 3438 8608 3435
f 3435 1011 8609
f 3435 8609 3436
f 1008 3436 270
f 8609 8605 8610
f 8610 1006 3426
f 3432 3433 3434
f 8608 3432 8606
f 1011 8606 3431
f 8606 8604 8607
f 3431 8607 8605
f 8605 8600 1006
f 8607 3429 8600
f 3433 272 8602
f 3434 8602 8604
f 8604 8602 3429
f 8602 3415 8603
f 3429 8603 8601
f 8601 8598 3430
f 8603 3415 8598
f 1006 8600 8595
f 8595 8599 3427
f 8600 3430 8599
f 8599 8597 8575
f 3427 8575 8591
f 8591 8575 1007
f 8598 8569 1003
f 3430 1003 8597
f 8597 8577 3420
f 3426 8595 8596
f 3426 8596 8594
f 8594 8590 3428
f 8596 3427 8590
f 270 8594 3425
f 8594 3428 3425
f 3425 8589 8593
f 8593 3423 1005
f 8590 8591 8592
f 3428 8592 8589
f 8589 8587 3423
f 8592 1007 8587
f 8587 8574 8588
f 3423 8588 8585
f 8585 8579 3424
f 8588 3419 8579
f 1005 8585 8586
f 1005 8586 8584
f 8584 8582 3422
f 8586 3424 8582
f 8582 8578 8583
f 3422 8583 8581
f 8581 7423 53
f 8583 2730 7423
f 8579 8571 8580
f 3424 8580 8578
f 8578 7426 2730
f 8580 766 7426
f 8577 3413 3421
f 8575 3420 8576
f 1007 8576 8574
f 8574 8572 3419
f 8576 3421 8572
f 8572 8570 8573
f 3419 8573 8571
f 8571 7435 766
f 8573 2733 7435
f 8570 7438 2733
f 3421 203 7438
f 3417 3418 3416
f 3418 979 3411
f 1004 3416 3414
f 272 3414 3415
f 3415 3414 8569
f 8569 3414 1003
f 3414 769 2741
f 1003 2741 3413
f 3411 3354 3412
f 3416 2744 7462
f 3412 8501 8568
f 3412 8568 2744
f 8568 4 7464
f 268 3409 3410
f 268 3410 269
f 3410 3396 3398
f 3410 8567 3396
f 3408 268 1002
f 3407 1001 8565
f 8564 8565 8566
f 69 8566 3393
f 8566 3408 8563
f 3393 8562 3390
f 8562 1002 996
f 996 3404 266
f 1002 999 3404
f 268 269 3406
f 268 3406 1002
f 1002 3406 999
f 999 3395 3405
f 3405 997 8561
f 997 3401 1000
f 3404 3405 8560
f 3404 8560 266
f 266 3402 989
f 266 8561 3402
f 8561 1000 3402
f 3402 8552 8559
f 3402 8559 8558
f 8558 8554 3403
f 8559 3400 8554
f 989 8558 8556
f 989 8556 3380
f 8556 8553 8557
f 3380 8557 8547
f 8547 8426 71
f 8557 3327 8426
f 8554 8549 8555
f 3403 8555 8553
f 8553 8429 3327
f 8555 970 8429
f 1000 3401 8550
f 1000 8550 8552
f 8552 8550 3400
f 8550 3330 8551
f 3400 8551 8549
f 8549 8432 970
f 8551 3330 8432
f 3396 3399 3397
f 269 3398 3395
f 3398 998 997
f 997 998 3394
f 3394 258 3401
f 3394 973 258
f 998 70 973
f 3392 3393 3390
f 3391 995 267
f 995 3390 267
f 3390 3383 267
f 3390 996 3383
f 993 3387 3388
f 3389 267 3387
f 3387 267 994
f 994 267 3386
f 992 994 264
f 264 991 68
f 3384 983 8527
f 991 3385 3384
f 3384 8528 983
f 3385 3369 8528
f 3382 262 3370
f 3385 3370 3369
f 267 3383 988
f 3383 989 990
f 988 3379 262
f 3379 986 262
f 990 989 3379
f 3379 8542 986
f 8546 3377 8542
f 3381 8547 8548
f 3381 8548 8546
f 8546 8544 3377
f 8548 71 8544
f 8544 8425 8545
f 3377 8545 8543
f 8543 8540 3378
f 8545 3326 8540
f 986 8542 987
f 8542 8539 8536
f 8540 8422 8541
f 3378 8541 8539
f 8539 8537 3373
f 8541 969 8537
f 262 987 3376
f 3370 3376 984
f 3376 3372 3375
f 984 3375 8526
f 8526 3375 3364
f 3364 8471 263
f 3375 3346 8471
f 3375 8532 3346
f 8532 977 8473
f 8537 8416 8538
f 3373 8530 3374
f 8538 3323 8530
f 8536 3373 8535
f 8535 8533 3372
f 8535 3374 8533
f 8533 8529 8534
f 3372 8534 8532
f 8532 8481 977
f 8534 3349 8481
f 8530 8413 8531
f 3374 8531 8529
f 8529 8484 3349
f 8531 257 8484
f 3369 3370 3371
f 983 8528 8527
f 8528 3371 3367
f 3367 3371 985
f 3367 985 3368
f 3371 8525 3363
f 8527 3367 3368
f 68 3366 982
f 3368 3362 3366
f 982 980 261
f 3366 8522 980
f 3363 8526 8524
f 8524 8520 3365
f 8526 3364 8520
f 985 8524 3362
f 3362 3365 8523
f 3362 8523 8522
f 8522 8516 980
f 8523 3360 8516
f 8520 3364 8521
f 3365 8519 3360
f 8521 263 8519
f 8519 3345 8512
f 3360 8512 8517
f 8517 8512 3361
f 8516 8517 8518
f 980 8518 3358
f 8518 3361 8514
f 8514 8511 8515
f 3358 8515 8509
f 8509 8493 981
f 8515 3352 8493
f 8512 8469 8513
f 3361 8513 8511
f 8511 8496 3352
f 8513 976 8496
f 980 3358 3359
f 3357 3359 8508
f 3357 8510 979
f 8510 3355 979
f 3359 8509 8508
f 8508 8506 3355
f 8509 981 8506
f 8506 8492 8507
f 3355 8507 8504
f 8504 8499 3356
f 8507 3351 8499
f 979 8504 8505
f 979 8505 3411
f 3411 8502 3354
f 8505 3356 8502
f 8502 8498 8503
f 3354 8503 8501
f 8501 7200 4
f 8503 2618 7200
f 8499 8489 8500
f 3356 8500 8498
f 8498 7203 2618
f 8500 730 7203
f 8496 8461 8497
f 3352 8497 8494
f 8494 8487 3353
f 8497 3342 8487
f 8493 8494 8495
f 981 8495 8492
f 8492 8490 3351
f 8495 3353 8490
f 8490 8486 8491
f 3351 8491 8489
f 8489 7208 730
f 8491 2621 7208
f 8487 8458 8488
f 3353 8488 8486
f 8486 7209 2621
f 8488 190 7209
f 8484 8392 8485
f 3349 8485 8482
f 8482 8477 3350
f 8485 3313 8477
f 8481 8482 8483
f 977 8483 8474
f 8474 8479 3347
f 8483 3350 8479
f 8479 8476 8480
f 3347 8480 8467
f 8467 8451 978
f 8480 3340 8451
f 8477 8389 8478
f 3350 8478 8476
f 8476 8454 3340
f 8478 966 8454
f 8473 8474 8475
f 3346 8475 8472
f 8472 8466 3348
f 8475 3347 8466
f 263 8471 3345
f 8471 3348 8470
f 3345 8470 8469
f 8469 8462 976
f 8470 3343 8462
f 8466 8467 8468
f 3348 8468 8465
f 8465 8464 3343
f 8468 978 8464
f 8464 8450 3343
f 3343 3339 8457
f 8462 8457 8463
f 976 8463 8461
f 8461 8459 3342
f 8463 3344 8459
f 8459 8456 8460
f 3342 8460 8458
f 8458 7214 190
f 8460 2625 7214
f 3344 8449 8456
f 8456 7216 2625
f 8449 733 7216
f 8454 13872 8455
f 3340 8455 8452
f 8452 8448 3341
f 8451 8452 8453
f 978 8453 8450
f 8450 3341 3339
f 3341 51 2628
f 3339 2628 8449
f 8449 2628 733
f 973 3338 3337
f 3338 8445 8447
f 3337 8447 8443
f 8443 8434 975
f 8447 3334 8434
f 3338 974 8446
f 3338 8446 8445
f 8445 8437 3334
f 258 3337 3331
f 3331 3335 971
f 3337 8443 8444
f 3337 8444 8442
f 8442 8440 3335
f 8444 975 8440
f 8440 8433 8441
f 3335 8441 8439
f 8439 3311 3336
f 8441 3333 3311
f 971 8439 3336
f 971 3336 3321
f 3336 964 8407
f 8407 8385 260
f 8407 964 8385
f 3336 3311 964
f 3334 8438 8435
f 8434 8435 8436
f 975 8436 8433
f 8436 259 3333
f 3333 259 3311
f 3401 258 3332
f 970 8432 8430
f 8432 3332 3328
f 3328 3320 8421
f 8421 3320 972
f 3332 3331 3320
f 8429 8430 8431
f 3327 8431 8427
f 8427 8420 3329
f 8431 3328 8420
f 8426 8427 8428
f 71 8428 8425
f 8425 8423 3326
f 8428 3329 8423
f 8423 8419 8424
f 3326 8424 8422
f 8422 8417 969
f 8424 3324 8417
f 8420 8421 8419
f 8419 972 3324
f 8410 3319 3325
f 8417 8410 8418
f 969 8418 8416
f 8416 8414 3323
f 8418 3325 8414
f 8414 8411 8415
f 3323 8415 8413
f 8413 8393 257
f 8415 3314 8393
f 3325 8409 8412
f 3325 8412 8411
f 8411 8396 3314
f 8412 967 8396
f 3320 3321 8406
f 972 8406 8410
f 8410 3322 3319
f 3319 3322 8409
f 8409 8400 967
f 3322 3317 8400
f 8406 8407 8408
f 3322 8408 8405
f 8405 8403 3317
f 8408 260 8403
f 8403 260 8404
f 3317 8404 8401
f 8401 8399 3318
f 8404 260 8399
f 8400 8401 8402
f 967 8402 3315
f 8402 3318 8398
f 3318 8384 8398
f 8384 963 968
f 8396 3315 8397
f 3314 8397 8394
f 8394 8387 3316
f 8397 3315 8387
f 8393 8394 8395
f 257 8395 8392
f 8392 8390 3313
f 8395 3316 8390
f 8390 3312 8391
f 3313 8391 8389
f 8391 3312 966
f 3316 8388 3312
f 8388 968 3312
f 964 3311 965
f 3311 3 965
f 260 963 8384
f 964 965 963
f 963 965 192
f 965 736 192
f 965 3 736
f 8382 8267 8383
f 3309 927 962
f 8381 3188 927
f 3307 961 3308
f 961 962 3308
f 255 3307 3302
f 3307 3308 3302
f 3302 3305 959
f 3308 962 3305
f 3308 3305 3302
f 3305 3304 3306
f 959 3306 3295
f 3295 3306 8380
f 3295 8380 8371
f 8371 8327 256
f 8380 3279 8327
f 3306 954 3279
f 962 3186 3304
f 3186 3282 3304
f 3304 3282 954
f 3186 246 3282
f 3301 8379 3303
f 255 3302 8379
f 958 3303 960
f 8379 8374 3294
f 8379 959 8374
f 8378 958 3300
f 67 8378 3270
f 8378 3300 8377
f 3270 8377 951
f 3300 8372 3297
f 3300 960 8372
f 3297 3293 3298
f 951 8377 8289
f 8289 3298 3262
f 3298 8375 8376
f 3262 8376 8281
f 8281 8356 254
f 8376 3288 8356
f 3298 3293 8375
f 8375 8359 3288
f 8375 956 8359
f 3294 8374 8373
f 8374 3295 3296
f 960 8373 8372
f 8373 3296 3293
f 3293 8366 956
f 3293 3291 8366
f 3296 8371 8370
f 8370 8368 3291
f 8370 256 8368
f 8368 8326 8369
f 3291 8369 8367
f 8367 8363 3292
f 8369 3278 8363
f 8366 8367 956
f 8360 8362 3289
f 956 3292 8362
f 3289 8365 8352
f 8352 8337 957
f 8365 3284 8337
f 8363 8324 8364
f 3292 8364 8362
f 8362 8340 3284
f 8364 953 8340
f 8359 8360 8361
f 3288 8361 8357
f 8357 8351 3290
f 8361 3289 8351
f 8356 8357 8358
f 254 8358 8264
f 8264 8354 3253
f 8358 3290 8354
f 8354 8350 8355
f 3253 8355 8257
f 8257 8345 947
f 8355 3286 8345
f 8351 8352 8353
f 3290 8353 8350
f 8350 8348 3286
f 8353 957 8348
f 8348 8336 8349
f 3286 8349 8346
f 8346 8343 3287
f 8349 3283 8343
f 8345 8346 8347
f 947 8347 8253
f 8253 8344 3251
f 8347 3287 8344
f 8344 8342 8251
f 3287 8333 8342
f 8342 944 3237
f 8340 8321 8341
f 3284 8341 8338
f 8338 8331 3285
f 8341 3275 8331
f 8337 8338 8339
f 957 8339 8336
f 8336 8334 3283
f 8339 3285 8334
f 8334 8330 8335
f 3283 8335 8333
f 8333 8217 944
f 8335 3239 8217
f 8331 8318 8332
f 3285 8332 8330
f 8330 8218 3239
f 8332 252 8218
f 3282 3180 3273
f 954 3273 3280
f 3280 3273 8323
f 8323 3273 955
f 3180 925 3273
f 3279 3280 8328
f 8328 3280 3281
f 8327 8328 8329
f 256 8329 8326
f 8326 8325 3278
f 8329 3281 8325
f 3278 8325 8324
f 8324 3276 953
f 8323 955 3276
f 3276 955 8322
f 8322 3272 3277
f 953 8322 8321
f 8321 8319 3275
f 8322 3277 8319
f 8319 8316 8320
f 3275 8320 8318
f 8318 8235 252
f 8320 3245 8235
f 3277 8246 8317
f 3277 8317 8316
f 8316 8238 3245
f 8317 945 8238
f 3273 8314 955
f 955 3274 3272
f 3272 3274 8246
f 3274 3248 8246
f 8314 8157 8315
f 8315 64 3248
f 8312 3270 8313
f 3269 8313 8311
f 8311 951 3271
f 8313 3270 951
f 8310 8311 950
f 8305 8308 3267
f 950 3271 8308
f 8308 8307 8309
f 3267 8309 8297
f 8297 8286 952
f 8309 3261 8286
f 3271 951 8307
f 8307 8289 3261
f 8304 8305 8306
f 3266 8306 8302
f 8302 8296 3268
f 8306 3267 8296
f 8301 8302 8303
f 253 8303 8277
f 8277 8299 3259
f 8303 3268 8299
f 8299 8295 8300
f 3259 8300 8273
f 8273 8291 949
f 8300 3264 8291
f 8296 8297 8298
f 3268 8298 8295
f 8295 8293 3264
f 8298 952 8293
f 8293 8285 8294
f 3264 8294 8292
f 8294 3260 8290
f 8291 8292 3265
f 3261 8289 8287
f 8287 8280 3263
f 8289 3262 8280
f 8286 8287 8288
f 952 8288 8285
f 8285 8283 3260
f 8288 3263 8283
f 8283 8279 8284
f 8284 3252 8260
f 8280 8281 8282
f 3263 8282 8279
f 8279 8263 3252
f 8282 254 8263
f 8276 8277 8278
f 3258 8278 8274
f 8278 3259 8272
f 948 8274 3257
f 3256 3257 8269
f 8268 8269 8270
f 10 8270 8267
f 8267 8266 3255
f 8263 8264 8265
f 3252 8265 8261
f 8261 8256 3254
f 8265 3253 8256
f 8260 8261 8262
f 8262 3254 8259
f 8256 8257 8258
f 3254 8258 8255
f 8255 8252 3250
f 8258 947 8252
f 8252 8253 8254
f 8254 3251 8250
f 3248 8088 8249
f 3248 8249 8247
f 8247 8242 3249
f 8249 3146 8242
f 8246 8247 8248
f 945 8248 8239
f 8239 8244 3246
f 8248 3249 8244
f 8244 8241 8245
f 3246 8245 8231
f 8231 8223 946
f 8245 3242 8223
f 8242 8085 8243
f 3249 8243 8241
f 8241 915 3242
f 8238 8239 8240
f 3245 8240 8236
f 8236 8230 3247
f 8240 3246 8230
f 8235 8236 8237
f 252 8237 8219
f 8219 8233 3240
f 8237 3247 8233
f 8233 8229 8234
f 3240 8234 8216
f 8234 3244 8225
f 8230 8231 8232
f 3247 8232 8229
f 8229 8227 3244
f 8232 946 8227
f 8227 8222 8228
f 3244 8228 8226
f 915 8077 8221
f 3242 8221 3243
f 8223 3243 8224
f 946 8224 8222
f 8222 3243 3241
f 8221 3143 3243
f 8218 8219 8220
f 3239 8220 8217
f 8217 3240 3238
f 944 8217 3238
f 3240 8216 3236
f 3234 942 3235
f 250 3235 8213
f 3228 3232 940
f 3235 943 3232
f 3232 3229 3233
f 940 8215 251
f 3233 935 3209
f 3230 3060 3231
f 943 3230 8214
f 3230 3231 3229
f 3233 8188 935
f 3229 3212 8188
f 3231 8191 3212
f 3227 8213 941
f 939 941 3225
f 941 940 3221
f 8213 3228 940
f 3224 3225 8210
f 8210 8206 3226
f 8209 8210 8211
f 65 8211 8175
f 8175 8207 3202
f 8211 3226 8207
f 8207 8205 8208
f 3202 8208 8173
f 8173 8202 932
f 8208 3222 8202
f 3226 8206 8205
f 8205 8199 3222
f 8206 941 8199
f 3222 8199 8203
f 8203 3220 3223
f 8202 8203 8204
f 932 8204 8168
f 8168 8200 3196
f 8204 3223 8200
f 8200 8197 8201
f 3196 8201 8164
f 8164 8195 248
f 8201 3218 8195
f 940 8198 3221
f 941 3221 8199
f 8199 3221 3220
f 3221 3208 937
f 937 3208 3219
f 3219 3215 938
f 3208 8185 3215
f 3218 3219 8196
f 8196 3219 3217
f 8195 8196 8194
f 248 8194 8146
f 8146 8194 3173
f 8194 3217 3173
f 3173 3217 923
f 3217 938 3214
f 3217 3214 923
f 923 3214 3110
f 923 3110 3111
f 3214 905 3110
f 3215 934 3216
f 938 8193 3214
f 938 3216 8193
f 3214 8192 905
f 8192 3112 905
f 934 8183 8192
f 8192 241 3112
f 3212 8191 8189
f 8189 7986 3213
f 8191 3059 7986
f 8188 8189 8190
f 935 8190 3210
f 8190 3213 8187
f 3210 8187 8179
f 8187 3204 8179
f 3213 8181 3204
f 7986 882 8181
f 3209 3210 8186
f 251 8186 3211
f 251 3211 3208
f 3208 3211 8185
f 3211 3206 8185
f 3211 8178 3206
f 8186 936 8178
f 3206 8182 3207
f 8185 3207 8184
f 8184 3207 8183
f 8183 3118 241
f 8182 908 3207
f 3204 8181 8180
f 8181 3057 3205
f 8179 8180 8177
f 936 8177 8178
f 8178 8177 908
f 3201 8175 8176
f 8176 3202 3203
f 931 3201 3200
f 8172 8166 933
f 3200 3195 8166
f 3203 8173 8174
f 3203 8167 3195
f 8174 932 8167
f 3730 3200 3199
f 3199 3200 8172
f 3192 3199 929
f 3199 933 929
f 929 933 3198
f 933 3194 8170
f 929 3198 8171
f 929 8171 3185
f 8171 3198 8143
f 3185 8143 249
f 3198 8144 3169
f 8170 922 8144
f 8167 8168 8169
f 8169 3196 3197
f 933 8166 3194
f 8166 3197 3194
f 3194 3172 922
f 3197 8164 8165
f 3197 8165 3172
f 8165 248 8145
f 928 3193 3190
f 8163 3190 3189
f 3189 3190 3191
f 9 3191 3188
f 3188 3191 8162
f 8162 3187 927
f 927 3187 3186
f 3186 3181 246
f 249 8161 3182
f 8161 3183 3182
f 8161 3168 3183
f 3183 921 3176
f 246 3182 926
f 246 926 3180
f 3180 926 925
f 926 8152 925
f 925 8152 8160
f 8160 8155 3179
f 8152 3175 8155
f 925 8160 3178
f 8160 3179 8158
f 8158 8154 8159
f 3178 8159 8157
f 8157 8089 64
f 8159 3147 8089
f 8155 8149 8156
f 3179 8156 8154
f 8154 8092 3147
f 8156 916 8092
f 921 3165 3176
f 3176 8137 3177
f 3176 3165 8137
f 3182 3176 8153
f 926 8153 8152
f 8152 8150 3175
f 8153 3177 8150
f 8150 8148 8151
f 3175 8151 8149
f 8149 8099 916
f 8151 3150 8099
f 3177 8101 8148
f 8148 8101 3150
f 8145 8146 8147
f 3172 8147 3174
f 8147 3173 3174
f 3172 3174 922
f 922 3163 8132
f 3174 923 3163
f 3169 8142 3171
f 8144 3170 8142
f 8143 3171 3168
f 3168 8138 921
f 3168 3166 8138
f 8142 8132 8141
f 8141 924 3166
f 3166 8131 8140
f 8140 8135 3167
f 8140 3162 8135
f 921 8138 3165
f 8138 3167 8139
f 3165 8139 8137
f 8137 8121 244
f 8139 3158 8121
f 8135 8129 8136
f 3167 8123 3158
f 8136 919 8123
f 3163 923 8134
f 3163 8134 8133
f 8133 8128 3164
f 8134 923 8128
f 924 8133 8131
f 8131 3164 3162
f 3164 8127 8130
f 3162 8130 8129
f 8129 8126 919
f 8130 3109 8126
f 8128 66 8127
f 8127 66 3109
f 919 8125 3159
f 8126 3161 8125
f 3159 8125 8117
f 8117 3154 920
f 3161 904 3154
f 8123 919 8124
f 3158 8124 8122
f 8122 8116 3160
f 8124 3159 8116
f 244 8119 3151
f 8121 3160 8119
f 8119 8115 8120
f 3151 8120 8097
f 8097 8110 917
f 8120 3156 8110
f 8116 8117 8118
f 3160 8118 8115
f 8115 8113 3156
f 8118 920 8113
f 8113 8104 8114
f 3156 8114 8111
f 8111 8107 3157
f 8114 3153 8107
f 8110 8111 8112
f 917 8109 3141
f 8112 3157 8109
f 8109 8106 3141
f 3141 3129 245
f 8107 8102 8108
f 3157 8108 8106
f 8106 8058 3129
f 8108 911 8058
f 3154 904 8105
f 8105 8038 3155
f 8105 904 8038
f 920 8105 8104
f 8104 3155 3153
f 3155 3131 8103
f 3153 8103 8102
f 8102 8064 911
f 8103 3131 8064
f 3155 8038 3131
f 8101 244 8096
f 3150 8096 3152
f 8099 3150 8100
f 916 8100 8093
f 8093 8095 3148
f 8100 3152 8095
f 3148 8098 8083
f 8083 3140 918
f 8096 8097 8075
f 3152 8075 8095
f 8095 8075 3140
f 8092 8093 8094
f 3147 8094 8090
f 8090 8082 3149
f 8094 3148 8082
f 8089 8090 8091
f 64 8091 8088
f 8088 8086 3146
f 8091 3149 8086
f 8086 8081 8087
f 3146 8087 8085
f 8085 8078 915
f 8087 3144 8078
f 8082 8083 8084
f 3149 8084 8081
f 8081 8079 3144
f 8084 918 8079
f 8079 8074 8080
f 3144 8080 3145
f 8080 3139 8076
f 8078 3145 8077
f 3143 3135 243
f 3145 8076 3135
f 8076 913 3135
f 3140 8075 3142
f 8075 3141 3142
f 3140 3142 8074
f 8074 8073 3139
f 8074 3142 8073
f 8073 3137 913
f 3142 245 3137
f 3137 3128 3138
f 3138 8054 914
f 3138 910 8054
f 3135 3136 243
f 8054 3125 3134
f 8072 8070 3133
f 914 3134 8070
f 8070 8067 8071
f 3133 8071 8069
f 8069 7038 714
f 8071 2558 7038
f 3125 8052 8068
f 3134 8068 8067
f 8067 7041 2558
f 8068 185 7041
f 3131 240 8065
f 8065 8061 3132
f 240 3102 8061
f 8064 8065 8066
f 911 8066 8059
f 8059 8062 3130
f 8066 3132 8062
f 8062 8049 8063
f 3130 8063 8048
f 8063 3123 8048
f 8061 901 3132
f 3132 901 8049
f 8058 8059 8060
f 3129 8060 8057
f 8057 8056 3128
f 8060 3130 8056
f 8056 8048 8055
f 3128 8055 3126
f 3126 8051 3127
f 3126 3122 8051
f 910 3126 3127
f 910 3127 8054
f 8054 3127 3125
f 3127 8050 8053
f 3125 8053 8052
f 8052 7062 185
f 8053 2565 7062
f 3127 8051 8050
f 8050 7065 2565
f 8051 715 7065
f 3123 3099 3124
f 8048 3123 3124
f 912 3124 3126
f 3126 3124 3122
f 3124 8046 3122
f 8047 7074 715
f 3122 2568 7074
f 3124 3099 8046
f 3099 49 2568
f 3121 3036 3119
f 908 3121 3119
f 3036 875 3119
f 3207 3119 3118
f 3118 3119 3120
f 3120 8045 906
f 906 8042 3117
f 8045 3115 8042
f 906 3117 8044
f 3106 8044 8037
f 8037 8017 242
f 8044 3092 8017
f 8042 8040 8043
f 3117 8043 8041
f 8041 8020 3092
f 8043 899 8020
f 909 872 3116
f 909 3116 3115
f 3115 3095 8040
f 8040 8024 899
f 872 231 8026
f 3112 3113 3114
f 905 3114 3111
f 3111 3106 907
f 3114 906 3106
f 3110 905 3111
f 66 3107 3109
f 3109 3107 3161
f 3107 8039 3108
f 8039 907 3108
f 904 902 8038
f 8038 3103 240
f 3108 907 902
f 3106 8037 3105
f 907 3105 902
f 8037 242 3105
f 3091 898 3098
f 3102 3100 8036
f 3102 8036 901
f 8036 3100 8033
f 3104 3098 903
f 3102 903 3100
f 3100 903 8034
f 8034 8029 3101
f 903 3097 8029
f 8033 8034 8035
f 901 8035 8032
f 8032 8030 3099
f 8035 3101 8030
f 8030 8028 8031
f 3099 7151 49
f 8031 2593 7151
f 3101 8029 8028
f 8028 7153 2593
f 8029 723 7153
f 3098 3088 7163
f 8027 2596 3097
f 3097 7162 723
f 3097 2596 7162
f 3098 7163 2596
f 8026 231 3030
f 3095 3030 8025
f 8025 3030 3096
f 899 8025 8021
f 8021 3096 3093
f 3096 3086 8023
f 3093 8023 8014
f 8014 7999 900
f 8023 3086 7999
f 3096 3030 3086
f 3030 869 3086
f 8020 8021 8022
f 3092 8022 8018
f 8018 8013 3094
f 8022 3093 8013
f 8017 8018 8019
f 242 8016 3091
f 8019 3094 8016
f 3091 8007 898
f 8016 3089 8007
f 8013 8014 8015
f 3094 8015 8012
f 8012 8010 3089
f 8015 900 8010
f 8010 7998 8011
f 3089 8011 8008
f 8008 8002 3090
f 8011 3085 8002
f 8007 8008 8009
f 898 8005 3088
f 8009 3090 8005
f 8005 8001 8006
f 3088 8006 8004
f 8004 7173 187
f 8006 2603 7173
f 8002 7996 8003
f 3090 8003 8001
f 8001 7176 2603
f 8003 726 7176
f 3086 869 3087
f 7999 3087 8000
f 900 8000 7998
f 7998 7997 3085
f 8000 3087 7997
f 3085 7994 7996
f 7996 7179 726
f 7994 2606 7179
f 3087 7995 7994
f 7995 2 2606
f 238 3084 896
f 896 892 239
f 7 222 2957
f 62 238 897
f 238 896 239
f 62 3083 889
f 3068 3082 3079
f 3068 3079 236
f 897 239 3082
f 3082 3073 894
f 894 3081 3080
f 3080 7993 895
f 7993 3076 895
f 7993 3081 3076
f 3082 894 3079
f 236 7976 3055
f 7976 3077 880
f 3079 895 3077
f 880 3078 7972
f 3078 3008 63
f 3078 861 3008
f 3081 891 3076
f 895 3076 3075
f 3076 229 861
f 892 7992 893
f 7992 2955 893
f 3074 892 7991
f 239 3074 3073
f 3073 7990 891
f 3074 7991 3071
f 7991 893 3071
f 7990 3071 891
f 3072 864 3009
f 3071 893 3072
f 2955 58 7932
f 2955 7932 864
f 3070 890 235
f 235 3069 887
f 235 890 3069
f 890 3067 3069
f 887 3069 3065
f 3067 7989 879
f 7989 7977 3054
f 7989 236 7977
f 3064 235 887
f 886 3064 888
f 1136 888 3066
f 8 1136 885
f 1136 3066 885
f 885 3066 3060
f 3060 7985 234
f 887 3065 7988
f 3064 7988 888
f 888 7988 3063
f 7988 237 3063
f 3063 3053 3061
f 3061 878 884
f 234 7987 3059
f 7985 3062 7987
f 3059 7987 7986
f 7986 7982 882
f 7987 3058 7982
f 7985 3061 3062
f 7984 884 3058
f 3058 7979 3037
f 884 3056 7979
f 7982 3058 7983
f 882 7983 3057
f 7983 3037 7981
f 7981 3037 7954
f 3057 7954 7980
f 7980 7954 61
f 878 7956 3056
f 878 232 7956
f 3056 7955 7978
f 7978 7955 873
f 3056 7956 3039
f 879 3050 881
f 879 3054 3050
f 3054 3055 3050
f 3055 880 7975
f 879 881 3049
f 237 3049 3052
f 3053 3052 878
f 3052 3049 3045
f 878 3045 232
f 3050 7975 3051
f 7975 880 7971
f 881 3051 7974
f 3049 7966 876
f 7974 3047 7966
f 7971 7972 7973
f 3051 7973 7970
f 7970 7968 3047
f 7973 63 7968
f 7968 3007 7969
f 3047 7969 7967
f 7967 7964 3048
f 7969 3007 7964
f 7966 7967 3048
f 876 7965 3046
f 7965 7963 3046
f 3046 3041 7959
f 3048 7964 7963
f 7963 860 3041
f 3045 876 7962
f 7962 876 3043
f 232 7961 3040
f 7961 3043 3040
f 3040 3043 874
f 876 877 7960
f 3043 7960 3044
f 874 3044 233
f 3044 7938 3020
f 3041 3000 3042
f 7959 3041 7957
f 7957 3042 7958
f 877 7958 7938
f 7958 3023 867
f 3039 3040 3034
f 3040 874 3034
f 61 875 3036
f 7954 3038 875
f 875 3031 231
f 875 3034 3031
f 233 3020 3035
f 870 3035 7953
f 870 7953 3032
f 7953 3035 3026
f 3031 870 3032
f 231 3032 7952
f 231 7952 3030
f 3030 7950 869
f 7952 3028 7950
f 3032 871 3033
f 3033 7951 3028
f 3033 871 7951
f 7951 3025 7949
f 3028 7949 3029
f 7950 2492 6874
f 869 6874 2
f 7949 7943 6876
f 3029 6876 2492
f 3035 866 7948
f 3026 7948 7946
f 7946 7941 3027
f 7948 3017 7941
f 3026 7946 7947
f 871 7947 3025
f 7947 3027 7944
f 7944 7940 7945
f 3025 7945 7943
f 7943 6885 694
f 7945 2495 6885
f 7941 7935 7942
f 3027 7942 7940
f 7940 6888 2495
f 7942 179 6888
f 867 3024 7939
f 3021 3015 868
f 3024 857 7939
f 7939 2998 3015
f 7938 3021 3022
f 3020 3022 3018
f 3022 868 7934
f 3018 7934 3019
f 866 7936 3017
f 7936 2502 7937
f 3017 7937 7935
f 7935 6903 179
f 7937 2502 6903
f 3019 7934 2502
f 7934 697 6904
f 3015 2998 3016
f 3015 3016 7933
f 868 7933 697
f 7933 3016 6910
f 2998 47 3016
f 3016 6912 2505
f 3016 47 6912
f 864 7932 3011
f 864 3011 3014
f 3009 865 3012
f 3009 3014 865
f 3009 3012 3013
f 3012 3010 3013
f 3010 855 7926
f 3013 7926 2990
f 865 3014 3010
f 3014 3011 7931
f 3010 7931 855
f 7931 2993 2994
f 3011 219 2993
f 861 3009 862
f 861 863 3008
f 63 3008 3006
f 3007 3006 860
f 3008 3004 3006
f 3008 863 3004
f 3006 3004 3000
f 3004 858 3000
f 863 3005 3002
f 3004 3002 858
f 3002 230 3003
f 3002 3003 858
f 858 3003 7930
f 7930 2996 859
f 3003 2986 2996
f 3003 854 2986
f 3000 858 3001
f 3000 3001 228
f 228 7929 857
f 228 3001 7929
f 3001 859 2999
f 2998 6977 47
f 2999 2995 6977
f 859 7928 2995
f 7928 2534 2995
f 2997 6983 2534
f 2993 2926 2994
f 855 2994 7927
f 7927 2994 2991
f 2994 827 2985
f 2990 2991 2992
f 230 2990 2989
f 2989 2987 7924
f 2991 856 7925
f 7925 856 2987
f 2987 2984 2988
f 854 7924 7923
f 7923 7921 2986
f 7924 2988 7921
f 7921 2541 7922
f 2986 7922 2997
f 2997 6994 182
f 7922 2541 6994
f 2988 6997 2541
f 856 2985 2984
f 2984 7000 708
f 7000 2985 2538
f 2983 2826 2982
f 2983 2982 853
f 853 2824 847
f 2824 7645 2969
f 226 2981 850
f 59 2980 2964
f 2980 852 2979
f 2964 2979 7920
f 844 7920 2961
f 7920 7919 7912
f 7912 2973 224
f 2979 2978 7919
f 7919 7915 2973
f 2978 848 7915
f 850 851 2976
f 2978 7918 848
f 2978 2976 7918
f 2976 2968 2977
f 848 7918 7916
f 7916 2977 2974
f 2974 2977 7914
f 7914 2971 849
f 2977 2968 2971
f 7915 7916 7917
f 2973 7917 2975
f 7917 2974 7914
f 224 2975 836
f 2975 849 2972
f 849 2971 819
f 836 2972 60
f 2971 2904 819
f 2971 217 2904
f 2969 7644 2970
f 7644 2818 2970
f 2824 2970 847
f 2970 7642 2966
f 227 847 846
f 847 2967 822
f 822 55 2910
f 59 2964 2965
f 843 2965 2963
f 2963 7913 845
f 2963 2962 223
f 2963 845 2962
f 2962 845 2950
f 2959 7908 225
f 845 835 7909
f 2965 844 2961
f 2960 224 845
f 841 223 842
f 223 2959 2958
f 841 842 839
f 842 2958 7910
f 839 7911 222
f 7911 834 2953
f 222 838 2957
f 222 2953 840
f 838 2956 58
f 2953 2947 2954
f 2954 2934 7876
f 840 7876 831
f 2954 2947 2934
f 2952 836 2945
f 7909 2951 7907
f 2950 7907 2948
f 225 7908 834
f 7907 837 7903
f 2948 7903 7906
f 834 7906 2947
f 7906 7902 7905
f 7905 7891 220
f 7905 2940 7891
f 7903 7899 7904
f 2949 7904 7902
f 7902 7893 2940
f 7904 832 7893
f 836 60 2945
f 2945 60 2946
f 837 7900 7899
f 7899 2943 832
f 2946 60 2943
f 2943 60 2944
f 2943 2944 7898
f 832 7898 7894
f 7894 7896 2941
f 7898 2944 7896
f 7896 2944 7897
f 2941 7897 7888
f 7888 7881 833
f 7897 818 7881
f 7893 7894 7895
f 2940 7895 7892
f 7892 7887 2942
f 7895 2941 7887
f 7891 7892 7890
f 7890 2938 220
f 7887 7888 7889
f 2942 7889 2938
f 7889 833 7885
f 7885 7880 7886
f 2938 7886 2939
f 7886 2936 7883
f 220 2939 2917
f 220 2917 7873
f 7873 2917 2931
f 2931 2917 221
f 7883 7877 7884
f 2939 7884 7856
f 7884 825 7856
f 818 216 2937
f 7881 2937 7882
f 833 7882 7880
f 7880 7878 2936
f 7882 2937 7878
f 7878 7821 7879
f 2936 7879 7877
f 7877 7860 825
f 7879 2920 7860
f 2937 216 7821
f 2947 220 7874
f 7876 7874 7875
f 831 7875 2930
f 7875 2935 2930
f 2930 7872 828
f 7874 220 2935
f 2933 2932 830
f 2956 2930 2932
f 830 2927 219
f 2932 828 2927
f 2930 7873 7872
f 7872 2931 828
f 2929 7871 7867
f 2928 7867 829
f 2929 7854 7871
f 7854 824 2923
f 828 2929 2928
f 2927 2928 219
f 219 2928 2925
f 2928 829 2925
f 827 2400 1
f 2922 666 2400
f 2923 7846 7870
f 2923 7870 7868
f 7868 7864 2924
f 7870 2914 7864
f 7867 7868 7869
f 829 7869 2925
f 2925 7866 2922
f 7869 2924 7866
f 7866 7863 666
f 7864 7843 7865
f 2924 7865 7863
f 7863 6641 2403
f 7865 172 6641
f 2920 7821 7861
f 7861 2894 2921
f 7860 7861 7862
f 825 7862 7857
f 7857 7858 2918
f 7862 2921 7858
f 7858 2921 7859
f 2918 7859 7852
f 7852 7838 826
f 7859 2912 7838
f 2921 2894 2912
f 7856 7857 7855
f 7855 7851 2919
f 7855 2918 7851
f 2917 7855 2919
f 221 2919 7854
f 7854 7847 824
f 2919 2915 7847
f 7851 7852 7853
f 2919 7853 2915
f 7853 826 7849
f 7849 7837 7850
f 2915 7850 2916
f 7850 2911 7841
f 7847 2916 7848
f 824 7848 7846
f 7846 7844 2914
f 7848 2916 7844
f 7844 7840 7845
f 2914 7845 7843
f 7843 6663 172
f 7845 2410 6663
f 7841 7834 7842
f 2916 7842 7840
f 7840 6666 2410
f 7842 669 6666
f 2912 815 2913
f 7838 2912 7839
f 826 7839 7837
f 7837 7835 2911
f 7839 2913 7835
f 7835 7832 7836
f 2911 7836 7834
f 7834 6675 669
f 7836 2413 6675
f 815 7817 7833
f 2913 7833 7832
f 7832 6678 2413
f 7833 45 6678
f 822 2910 2908
f 2908 2905 823
f 2910 7828 2905
f 7588 782 7828
f 822 2908 2909
f 217 2909 820
f 2909 823 2906
f 2906 823 2907
f 823 813 7830
f 2906 2907 7831
f 820 7831 2900
f 7831 7829 7787
f 2900 7787 218
f 2907 7830 7829
f 7829 7790 2884
f 7830 813 7790
f 7828 2785 2905
f 823 2905 813
f 2905 207 7800
f 2904 7827 2899
f 2904 820 7827
f 819 2899 821
f 60 819 821
f 60 821 2903
f 60 2903 2902
f 2902 2901 818
f 2903 2898 2901
f 2901 2898 216
f 2898 816 7822
f 2899 2900 2896
f 821 2899 2898
f 2899 2896 2898
f 2898 2896 816
f 2896 7824 2897
f 7826 2883 7824
f 7822 2897 817
f 2897 7823 7809
f 7824 7783 7825
f 2897 7825 7823
f 7823 7812 2890
f 7825 812 7812
f 216 7822 2895
f 7822 817 2893
f 216 2895 7821
f 7821 2895 2894
f 2895 7819 815
f 2895 2893 7819
f 2893 817 7820
f 2893 7820 7819
f 7819 7815 2892
f 7820 2889 7815
f 2892 7814 7818
f 2892 7818 7817
f 7817 6692 45
f 7818 2418 6692
f 7815 7805 7816
f 2892 7816 7814
f 7814 6695 2418
f 7816 672 6695
f 7812 7773 7813
f 2890 7813 7810
f 7810 7803 2891
f 7773 7803 7813
f 7809 7810 7811
f 817 7811 7808
f 7808 7806 2889
f 7811 2891 7806
f 7806 7802 7807
f 2889 7807 7805
f 7805 6703 672
f 7807 2421 6703
f 7803 7771 7804
f 2891 7804 7802
f 7802 6706 2421
f 7804 173 6706
f 7800 7547 7801
f 2887 7801 7798
f 7798 7794 2888
f 7801 2775 7794
f 2887 7798 7799
f 813 7799 7791
f 7791 7796 2885
f 7799 2888 7796
f 7796 7793 7797
f 2885 7797 7781
f 7781 7763 814
f 7797 2878 7763
f 7794 7544 7795
f 2888 7795 7793
f 7793 7766 2878
f 7795 779 7766
f 7790 7791 7792
f 2884 7792 7788
f 7788 7780 2886
f 7792 2885 7780
f 7787 7788 7789
f 218 7789 7786
f 7786 7784 2883
f 7789 2886 7784
f 7784 7779 7785
f 2883 7785 7783
f 7783 7774 812
f 7785 2881 7774
f 7780 7781 7782
f 2886 7782 7779
f 7779 7777 2881
f 7782 814 7777
f 7777 7762 7778
f 2881 7778 7775
f 7775 7769 2882
f 7778 2877 7769
f 7774 7775 7776
f 812 7776 7773
f 7773 7772 2880
f 7776 2882 7772
f 2880 6709 7771
f 7771 6709 173
f 7769 7760 7770
f 2882 7770 7768
f 7766 7534 7767
f 2878 7767 7764
f 7764 7759 2879
f 7763 7764 7765
f 814 7765 7762
f 7762 7761 2877
f 7765 2879 7761
f 2875 7758 2876
f 810 2876 2874
f 2876 7758 7755
f 7758 755 7755
f 2873 2874 7757
f 7757 2874 2868
f 214 7757 7754
f 2868 2871 808
f 2868 811 2871
f 2871 2870 2872
f 2860 7680 215
f 2870 803 2872
f 2872 803 2844
f 7755 2698 7369
f 811 7369 2870
f 2870 2847 803
f 2870 7686 2847
f 2867 7754 7751
f 7751 7746 2869
f 7754 2868 7746
f 7750 7751 7752
f 807 7752 7744
f 7744 7748 2865
f 7752 2869 7748
f 7748 7745 7749
f 2865 7749 7738
f 7738 7726 809
f 7749 2859 7726
f 2869 7747 7745
f 7745 7729 2859
f 7747 808 7729
f 7743 7744 7742
f 7742 7737 2866
f 7742 2865 7737
f 2864 7742 7655
f 7655 7740 2835
f 7655 2866 7740
f 7740 7736 7741
f 2835 7741 800
f 7741 2862 7733
f 7737 7738 7739
f 2866 7739 7736
f 7736 7734 2862
f 7739 809 7734
f 7734 7725 7735
f 2862 7735 7732
f 7735 2858 7732
f 800 7731 2829
f 7733 2863 7731
f 2829 7731 212
f 7731 2854 212
f 7732 7722 2863
f 2863 805 2854
f 7729 2860 7730
f 2859 7730 7727
f 7727 7721 2861
f 7730 2860 7721
f 7726 7727 7728
f 809 7728 7725
f 7725 7723 2858
f 7728 2861 7723
f 7723 7720 7724
f 2858 7724 7722
f 7722 7716 805
f 7724 2856 7716
f 7721 215 7719
f 2861 7719 7720
f 7720 7719 2856
f 7719 7679 2843
f 2856 2843 7717
f 7716 7717 7718
f 805 7718 7711
f 7711 7714 2855
f 7718 2857 7714
f 7714 7712 7715
f 2855 7715 7709
f 7709 7695 806
f 7715 2850 7695
f 2857 7677 7713
f 2857 7713 7712
f 7712 7698 2850
f 7713 802 7698
f 2854 7711 7710
f 7710 7708 212
f 7710 2855 7708
f 2810 7705 790
f 2810 2852 7705
f 7708 7709 7706
f 212 7706 2852
f 7706 7694 7707
f 2852 7707 7705
f 7705 7701 2853
f 7707 2849 7701
f 7705 2853 7703
f 7703 7700 7704
f 790 7704 7630
f 7630 7510 57
f 7704 2758 7510
f 7701 7691 7702
f 2853 7702 7700
f 7700 7513 2758
f 7691 7513 7702
f 7698 7668 7699
f 2850 7699 7696
f 7696 7689 2851
f 7699 2840 7689
f 7695 7696 7697
f 806 7697 7694
f 7694 7692 2849
f 7697 2851 7692
f 7692 7688 7693
f 2849 7693 7691
f 7691 7516 774
f 7693 2761 7516
f 7689 7665 7690
f 2851 7690 7688
f 7688 7519 2761
f 7690 205 7519
f 7686 7357 7687
f 2847 7687 7684
f 7687 2689 7684
f 803 7684 7682
f 7682 7685 2845
f 7682 2848 7685
f 2845 7683 7676
f 7676 7662 804
f 7683 2838 7662
f 7684 7355 7663
f 2848 7663 7683
f 7683 7663 2838
f 2844 7682 2845
f 2844 2845 7681
f 7681 7675 2846
f 7680 7681 7679
f 7679 7678 2843
f 7679 2846 7678
f 7678 7674 2841
f 2843 2841 7677
f 7677 7669 802
f 7675 7676 7674
f 7674 7672 2841
f 7674 804 7672
f 7672 7661 7673
f 2841 7673 7670
f 7670 7658 2842
f 7673 2837 7658
f 7669 7670 7671
f 802 7671 7668
f 7668 7666 2840
f 7671 2842 7666
f 7666 2842 7667
f 2840 7667 7665
f 7665 7522 205
f 7667 2766 7522
f 2842 777 2766
f 7663 752 7664
f 2838 7657 2839
f 7664 2686 7657
f 804 7662 7661
f 7661 7659 2837
f 7662 2839 7659
f 7659 7656 7660
f 2837 7660 7658
f 7658 7527 777
f 7660 2769 7527
f 7657 7348 7656
f 7656 7530 2769
f 7656 52 7530
f 2834 7655 2835
f 2834 2835 2836
f 7654 2836 7653
f 799 7653 2832
f 2832 7650 801
f 2836 800 2829
f 2831 2832 2833
f 211 2831 2828
f 2831 2833 7648
f 7648 2830 797
f 2833 7652 2830
f 7652 801 7651
f 2830 7651 789
f 797 789 213
f 7650 2809 801
f 801 7637 789
f 801 2809 7637
f 2809 212 2810
f 2827 7647 2822
f 7649 2828 7647
f 796 2822 798
f 7647 797 7646
f 2826 2825 795
f 2826 798 2825
f 795 2819 7645
f 2825 2821 793
f 798 7646 2823
f 798 2823 2821
f 2823 7646 793
f 7646 213 2807
f 793 2807 2820
f 2820 2813 794
f 7645 2819 7643
f 210 7643 7644
f 7644 7643 2818
f 7643 2820 7640
f 2818 7640 7642
f 7642 7640 792
f 2820 794 2816
f 2816 7641 2817
f 7640 2817 7639
f 792 7639 2815
f 2817 2812 2789
f 2813 2806 2814
f 794 2814 2812
f 7638 7597 783
f 7638 2792 7597
f 2814 208 7600
f 2814 7600 2792
f 7637 2810 789
f 2808 2811 2804
f 2808 2804 791
f 213 2808 791
f 213 788 2807
f 791 7633 2803
f 788 2803 2806
f 2806 2798 7614
f 2803 7632 7636
f 2806 7636 7635
f 7635 7616 2798
f 7636 786 7616
f 2811 790 2805
f 7633 7629 7634
f 2803 7634 7632
f 7632 7624 786
f 7634 2801 7624
f 2805 7630 7631
f 2805 7631 7629
f 7629 7627 2801
f 7631 57 7627
f 7627 7509 7628
f 2801 7628 7625
f 7625 7620 2802
f 7628 2757 7620
f 7624 7625 7626
f 786 7626 7617
f 7617 7622 2799
f 7626 2802 7622
f 7622 7619 7623
f 2799 7623 7610
f 7610 7603 787
f 7623 2795 7603
f 7620 7506 7621
f 2802 7621 7619
f 7619 7604 2795
f 7616 7617 7618
f 2798 7618 7615
f 7615 7609 2800
f 7618 2799 7609
f 208 7614 7601
f 7601 7612 2793
f 7614 2800 7612
f 7612 7608 7613
f 2793 7613 7593
f 7593 7606 784
f 7613 2796 7606
f 7609 7610 7611
f 2800 7611 7608
f 7608 7607 2796
f 7611 787 7607
f 2796 7607 2797
f 7606 2797 7605
f 784 7605 7572
f 7572 7605 2783
f 2783 2771 7563
f 7563 7532 209
f 7600 7601 7602
f 2792 7602 7598
f 7598 7592 2794
f 7602 2793 7592
f 7597 7598 7599
f 783 7599 7590
f 7590 7595 2790
f 7599 2794 7595
f 7595 7591 7596
f 2790 7596 7586
f 7586 7568 785
f 7596 2782 7568
f 7592 7593 7594
f 2794 7594 7591
f 7591 7571 2782
f 7594 784 7571
f 783 7590 7589
f 7589 2790 2791
f 55 2791 2788
f 2788 7585 7588
f 7588 7580 782
f 7585 2786 7580
f 2791 7586 7587
f 2791 7587 7585
f 7585 7583 2786
f 7587 785 7583
f 7583 7567 7584
f 2786 7584 7581
f 7581 7575 2787
f 7584 2781 7575
f 7580 7581 7582
f 782 7582 2785
f 7582 2787 7578
f 7578 7574 7579
f 2785 7579 7577
f 7577 7548 207
f 7579 2776 7548
f 7575 7564 7576
f 2787 7576 7574
f 7574 7551 2776
f 7576 780 7551
f 7571 7572 7573
f 2782 7573 7569
f 7569 7562 2784
f 7573 2783 7562
f 7568 7569 7570
f 785 7570 7567
f 7567 7565 2781
f 7570 2784 7565
f 7565 7561 7566
f 2781 7566 7564
f 7564 7556 780
f 7566 2779 7556
f 2784 7563 7561
f 7561 7559 2779
f 7563 209 7559
f 7559 209 7560
f 2779 7560 7557
f 7556 7557 7558
f 780 7558 7552
f 7552 7555 2777
f 7558 2780 7555
f 7555 7554 7533
f 2777 7533 7542
f 7542 7533 781
f 7551 7552 7553
f 2776 7553 7549
f 7549 7541 2778
f 7553 2777 7541
f 7548 7549 7550
f 207 7550 7547
f 7547 7545 2775
f 7550 2778 7545
f 7545 7540 7546
f 2775 7546 7544
f 7544 7535 779
f 7546 2774 7535
f 7541 7542 7543
f 2778 7543 7540
f 7540 7538 2774
f 7543 781 7538
f 7538 6590 7539
f 2774 7539 7536
f 7535 7536 7537
f 779 7537 7534
f 781 2773 6590
f 7530 7282 7531
f 2769 7531 7528
f 7528 7524 2770
f 7531 2657 7524
f 7527 7528 7529
f 777 7529 7523
f 7523 7526 2767
f 7529 2770 7526
f 7524 7280 7525
f 2770 7525 2765
f 7525 743 7277
f 7523 2767 2768
f 7522 2766 7520
f 7520 2768 2762
f 2762 778 775
f 2768 2767 778
f 775 2764 2753
f 7489 7469 206
f 2753 2746 7469
f 2764 7472 2746
f 2764 772 7472
f 2765 7277 2767
f 778 2654 2764
f 2654 197 2764
f 2764 2748 772
f 2654 2656 197
f 7519 7520 7521
f 2761 7521 7517
f 7517 2762 2763
f 7516 7517 7518
f 774 7518 7514
f 7514 2763 2759
f 2763 2752 7495
f 2763 775 2752
f 7513 7514 7515
f 2758 7515 7511
f 7511 7504 2760
f 7515 2759 7504
f 7510 7511 7512
f 57 7512 7509
f 7509 7507 2757
f 7512 2760 7507
f 7507 7503 7508
f 2757 7508 7506
f 7508 2755 7499
f 7504 7495 7505
f 2760 7505 7503
f 7503 7501 2755
f 7505 776 7501
f 7501 7494 7502
f 2755 7502 7500
f 7500 7497 2756
f 7502 2751 7497
f 7497 7491 7498
f 7498 773 7479
f 2752 775 7488
f 7495 7488 7496
f 776 7496 7494
f 7494 7492 2751
f 7496 2754 7492
f 7492 7487 7493
f 2751 7493 7491
f 7491 7483 773
f 7493 2750 7483
f 7488 7489 7490
f 2754 7490 7487
f 7487 7485 2750
f 7490 206 7485
f 7485 7468 7486
f 2750 7486 7484
f 7483 7484 771
f 773 771 7480
f 7480 7482 2749
f 2749 7476 7478
f 7479 7480 7481
f 7481 2749 7477
f 772 7474 7475
f 772 7475 7473
f 2746 7473 7470
f 7470 7466 2747
f 7469 7470 7471
f 206 7471 7468
f 7471 2747 7467
f 7464 7199 7465
f 2744 7465 7463
f 7463 7459 2745
f 7465 2617 7459
f 769 7462 7457
f 7462 2745 7457
f 7457 7458 7461
f 2742 7461 7453
f 7453 7441 770
f 7461 2737 7441
f 7459 7196 7460
f 2745 7460 7458
f 7458 7444 2737
f 7460 729 7444
f 2741 7457 2742
f 2741 2742 2743
f 3413 2743 7455
f 203 7455 2734
f 7455 7451 7456
f 2734 7456 7431
f 7431 7448 767
f 7456 2739 7448
f 7452 7453 7454
f 2743 7454 7451
f 7451 7450 2739
f 7454 770 7450
f 2739 7450 7448
f 7448 2736 2740
f 767 7449 7419
f 7419 7446 2727
f 7449 2740 7446
f 7446 2713 7447
f 2727 7447 7413
f 7413 7389 204
f 7447 2713 7389
f 2736 763 7390
f 2740 7390 2713
f 7444 7187 7445
f 2737 7445 7442
f 7445 2614 2738
f 7441 7442 7443
f 770 7443 7440
f 7440 7439 2736
f 7443 2738 7439
f 7439 2714 763
f 763 2714 2610
f 2738 2614 2714
f 2733 7438 7436
f 7436 7430 2735
f 7438 2734 7430
f 7435 7436 7437
f 766 7437 7427
f 7427 7433 2731
f 7437 2735 7433
f 7433 7429 7434
f 2731 7434 7422
f 7422 7415 768
f 7434 2726 7415
f 7430 7431 7432
f 2735 7432 7429
f 7429 7418 2726
f 7432 767 7418
f 7426 7427 7428
f 2730 7428 7424
f 7424 7421 2732
f 7428 2731 7421
f 7423 7424 7425
f 53 7425 7388
f 7425 2732 2710
f 2710 2729 760
f 7421 7422 2732
f 2729 768 7375
f 768 2725 764
f 7375 764 2704
f 2704 7410 2681
f 2681 7410 201
f 7418 7419 7420
f 2726 7420 7416
f 7416 7412 2728
f 7420 2727 7412
f 7415 7416 7417
f 768 7417 2725
f 7417 2728 2725
f 2725 2723 764
f 7412 7413 7414
f 2728 7414 2723
f 7414 204 2723
f 2721 2716 7407
f 7407 7397 765
f 2720 7406 2722
f 7410 2720 7411
f 201 7408 2682
f 7411 2722 7408
f 7408 7405 7409
f 2682 7409 7337
f 7337 7400 750
f 7409 2718 7400
f 2722 7407 7405
f 7405 7403 2718
f 7407 765 7403
f 7403 7396 7404
f 2718 7404 7401
f 7404 2715 2719
f 7400 7401 7402
f 750 7402 7319
f 7402 2719 2672
f 2672 2639 54
f 2719 7393 7238
f 7393 738 7238
f 2716 762 7398
f 7398 2712 2717
f 7397 7398 7399
f 765 7399 7396
f 7396 7394 2715
f 7399 2717 7394
f 7394 7392 7395
f 2715 7395 7393
f 7393 2642 738
f 2717 2712 7392
f 7392 195 2642
f 763 2610 7391
f 2712 2648 195
f 7387 7388 2709
f 2709 7382 2711
f 2709 2710 7382
f 7386 2709 7384
f 759 7384 2707
f 7384 7381 7385
f 2707 7372 761
f 7385 2703 7372
f 7382 760 7383
f 2711 7383 7381
f 7381 7374 2703
f 7383 760 7374
f 200 7380 757
f 7380 2705 7377
f 2708 2707 7379
f 7379 7378 2705
f 7379 761 7378
f 7378 7371 2702
f 2705 2702 2706
f 757 7377 7367
f 7377 2706 7367
f 7367 2706 7376
f 2696 7376 202
f 2706 749 2678
f 2703 7375 7373
f 761 7373 7371
f 7371 2704 2702
f 2702 2681 749
f 200 7370 758
f 758 2695 7366
f 758 7370 2695
f 7370 757 2695
f 5 2701 2700
f 2701 755 2700
f 2701 758 755
f 755 7368 2698
f 2698 2699 2690
f 2698 2690 7369
f 7369 2690 199
f 7368 753 2699
f 2695 7367 7365
f 2695 7365 7366
f 7366 7365 2697
f 7365 202 2697
f 2697 2677 7362
f 2693 7362 2694
f 753 2694 2691
f 2691 7364 7353
f 7353 7343 754
f 7364 2684 7343
f 7362 2677 7363
f 2694 7363 7361
f 7361 7346 2684
f 7363 748 7346
f 2699 2691 7360
f 2690 7360 7358
f 7358 7352 2692
f 7360 2691 7352
f 2690 7358 7359
f 199 7359 7357
f 7357 7356 2689
f 7359 2692 7356
f 7356 7351 2687
f 2689 2687 7355
f 7352 7353 7354
f 2692 7354 7351
f 7351 7350 2687
f 7354 754 7350
f 2687 7350 752
f 7350 2683 2688
f 752 2688 2686
f 2686 2658 7349
f 2686 7349 7348
f 7348 7283 52
f 7349 2658 7283
f 2688 744 2658
f 7346 7326 7347
f 2684 7347 7344
f 7344 7341 2685
f 7347 2674 7341
f 7343 7344 7345
f 754 7345 2683
f 2683 2661 744
f 7341 7323 7342
f 7342 198 2661
f 2681 201 7340
f 7340 7336 2679
f 7340 2682 7336
f 2681 7340 749
f 2679 7335 7339
f 2679 7339 751
f 7339 2671 7315
f 7336 7337 7338
f 2679 7338 7335
f 7335 7318 2671
f 7338 750 7318
f 7334 2679 2680
f 202 7334 2677
f 2680 7332 7327
f 2677 7327 748
f 2680 751 7333
f 2680 7333 7332
f 7332 7330 2675
f 7333 751 7330
f 7330 7314 7331
f 2675 7331 7328
f 7328 7321 2676
f 7331 2670 7321
f 7327 7328 7329
f 748 7329 7326
f 7326 7324 2674
f 7329 2676 7324
f 7324 7320 7325
f 2674 7325 7323
f 7323 7295 198
f 7325 2665 7295
f 7321 7311 7322
f 2676 7322 7320
f 7320 7297 2665
f 7322 747 7297
f 7318 7319 2671
f 2671 2672 2673
f 7315 7316 7317
f 751 7317 7314
f 7314 7312 2670
f 7317 2673 7312
f 7312 7310 7313
f 2670 7313 7311
f 7311 7305 747
f 7313 2668 7305
f 7310 7308 2668
f 7310 54 7308
f 7308 7235 7309
f 2668 7309 7306
f 7306 7301 2669
f 7309 2638 7301
f 7305 7306 7307
f 747 7307 7298
f 7298 7303 2666
f 7307 2669 7303
f 7303 7300 7304
f 2666 7304 7294
f 7304 2663 7289
f 7301 7232 7302
f 2669 7302 7300
f 7300 7292 2663
f 7302 737 7292
f 7297 7298 7299
f 2665 7299 7296
f 7299 2666 2667
f 7295 7296 198
f 7292 7226 7293
f 2663 7293 7290
f 7293 2635 2664
f 7289 7290 7291
f 7291 2664 7287
f 7287 7285 7288
f 2664 7222 7286
f 2664 7286 7285
f 7285 7275 2652
f 7286 194 7275
f 2661 2662 745
f 2659 2653 7279
f 7279 2653 746
f 2661 745 2653
f 2658 744 2659
f 2658 2659 7283
f 7283 2659 2660
f 52 7284 7282
f 7282 7281 2657
f 7284 2660 7281
f 7281 7278 2655
f 2657 2655 7280
f 7280 2655 743
f 2660 7279 7278
f 7278 746 2655
f 2655 746 743
f 746 742 743
f 7277 2656 2654
f 743 742 2656
f 2656 7276 197
f 2656 742 7276
f 7274 7270 2651
f 7183 2609 7270
f 7268 7272 2649
f 7274 2651 7272
f 7272 7269 7273
f 2649 7273 7261
f 7261 7252 741
f 7273 2645 7252
f 7270 7181 7271
f 2651 7271 7269
f 7269 7255 2645
f 7265 7260 2650
f 7267 2649 7260
f 195 7266 7249
f 7249 7263 2643
f 7266 2650 7263
f 7263 7259 7264
f 2643 7264 7243
f 7243 7257 739
f 7264 2646 7257
f 7260 7261 7262
f 2650 7262 7259
f 7259 7258 2646
f 7262 741 7258
f 2646 7251 2647
f 739 2647 2633
f 2645 7256 7253
f 7252 7253 7254
f 741 7254 7251
f 195 7249 7250
f 2642 7250 7247
f 7247 7242 2644
f 7250 2643 7242
f 2642 7247 7248
f 738 7248 7239
f 7239 7245 2640
f 7248 2644 7245
f 7245 7241 7246
f 2640 7246 7230
f 7230 7223 740
f 7246 2632 7223
f 7242 7243 7244
f 2644 7244 7241
f 7241 7224 2632
f 7244 739 7224
f 7238 7239 7240
f 2639 7240 7236
f 7236 7229 2641
f 7240 2640 7229
f 54 7236 7237
f 54 7237 7235
f 7235 7233 2638
f 7237 2641 7233
f 7233 7228 7234
f 2638 7234 7232
f 7232 7227 737
f 7234 2636 7227
f 7229 7230 7231
f 2641 7231 7228
f 7231 740 2636
f 7227 2631 737
f 737 2637 2635
f 2635 2637 7222
f 7224 2633 7225
f 2632 7225 2634
f 7225 2633 2634
f 740 7223 2631
f 7223 2634 196
f 736 3 735
f 3 193 735
f 2628 2629 2630
f 2628 2630 7221
f 733 7221 7217
f 7217 7219 2626
f 7221 2630 7219
f 7219 2630 7220
f 2626 7220 7212
f 7212 7210 734
f 7220 2623 7210
f 7216 7217 7218
f 2625 7218 7215
f 7215 7211 2627
f 7218 2626 7211
f 190 2627 2621
f 2621 2627 7206
f 2627 2624 7206
f 7211 7212 7213
f 2627 734 2624
f 7206 2624 728
f 731 728 2613
f 7209 190 2621
f 7208 2621 2622
f 730 2622 7204
f 7204 7207 2619
f 7207 731 7185
f 2619 7185 7194
f 7194 7185 732
f 2622 7206 731
f 7203 7204 7205
f 2618 7205 7201
f 7201 7193 2620
f 7205 2619 7193
f 7200 7201 7202
f 4 7202 7199
f 7199 7197 2617
f 7202 2620 7197
f 7197 7192 7198
f 2617 7198 7196
f 7196 7188 729
f 7198 2615 7188
f 7193 7194 7195
f 2620 7195 7192
f 7192 7191 2615
f 7195 732 7191
f 2615 7191 7189
f 7189 7186 2616
f 7188 7189 7190
f 729 7190 7187
f 7187 2611 2614
f 7190 2616 2611
f 2614 7184 189
f 731 2613 2612
f 2612 2613 191
f 7185 191 732
f 7183 7182 2609
f 2609 2608 7181
f 2606 2491 2607
f 7179 2606 7180
f 726 7180 7177
f 7177 2607 2604
f 2604 2599 7169
f 7169 7166 727
f 2607 2491 2599
f 2491 693 2600
f 7176 7177 7178
f 2603 7178 7174
f 7174 7168 2605
f 7178 2604 7168
f 7173 7174 7175
f 187 7175 7164
f 7164 7171 2597
f 7175 2605 7171
f 7171 7167 7172
f 2597 7172 7158
f 7172 2601 724
f 7168 7169 7170
f 2605 7170 7167
f 7167 727 2601
f 727 7166 2602
f 724 2602 7135
f 7128 2576 188
f 2599 2600 7166
f 7166 2600 2577
f 2600 178 2577
f 7163 7164 7165
f 2596 7157 2598
f 7165 2597 7157
f 723 7162 7154
f 7154 7160 2594
f 7162 2598 7160
f 7160 7156 7161
f 2594 7161 7147
f 7147 7131 725
f 7161 2589 7131
f 7157 7158 7159
f 2598 7159 7156
f 7156 7134 2589
f 7159 724 7134
f 7153 7154 7155
f 2593 7155 7152
f 7152 7146 2595
f 7155 2594 7146
f 49 7151 7077
f 7077 7149 2569
f 7151 2595 7149
f 7149 7145 7150
f 2569 7150 7070
f 7070 7140 716
f 7150 2591 7140
f 7146 7147 7148
f 2595 7148 7145
f 7145 7143 2591
f 7148 725 7143
f 7143 7130 7144
f 2591 7144 7141
f 7141 7137 2592
f 7144 2588 7137
f 7140 7141 7142
f 716 7142 7052
f 7052 7138 2562
f 7142 2592 7138
f 7138 7136 7139
f 2562 7139 7045
f 7045 7120 186
f 7139 2583 7120
f 7137 7129 721
f 2592 721 7136
f 2589 7135 7132
f 7132 7128 2590
f 7135 2576 7128
f 7131 7132 7133
f 725 7133 7130
f 7130 2590 2588
f 2588 7127 7129
f 7129 7126 721
f 7127 2586 7126
f 2590 7128 7127
f 7128 188 2586
f 7126 7094 2587
f 2586 188 7094
f 7123 2587 2584
f 2584 7125 7117
f 7117 7101 722
f 7125 2579 7101
f 2587 718 2579
f 2583 7123 7124
f 2583 7124 7121
f 7121 7116 2585
f 7124 2584 7116
f 7120 7121 7122
f 186 7122 7034
f 7122 2585 7119
f 7119 7115 2557
f 2557 2581 7110
f 7116 7117 7118
f 2585 7118 7115
f 7115 7113 2581
f 7118 722 7113
f 7113 7100 7114
f 2581 7114 7111
f 7111 7106 2582
f 7114 2578 7106
f 7110 7111 7112
f 713 7108 2556
f 7112 2582 7108
f 7108 7105 7109
f 2556 7109 7030
f 7030 7003 50
f 7109 2545 7003
f 7106 7097 7107
f 2582 7107 7105
f 7105 710 2545
f 718 7091 7104
f 2579 7104 7102
f 7102 7096 2580
f 7104 2573 7096
f 7101 7102 7103
f 722 7103 7100
f 7100 7098 2578
f 7103 2580 7098
f 7098 7095 7099
f 2578 7099 7097
f 7097 7005 710
f 7099 2548 7005
f 7096 7088 7006
f 2580 7006 7095
f 7095 7006 2548
f 719 7084 720
f 719 690 7084
f 2576 2574 188
f 188 2574 7094
f 7094 2574 718
f 2574 2571 7092
f 7092 7086 2575
f 2574 7092 7093
f 718 7093 7091
f 7091 7089 2573
f 7093 2575 7089
f 7089 7085 7090
f 2573 7090 7088
f 7088 7010 184
f 7090 2550 7010
f 7086 7081 7087
f 2575 7087 7085
f 7085 7012 2550
f 7087 711 7012
f 690 2480 2572
f 720 7082 2571
f 7082 7079 7083
f 2571 7083 7081
f 7081 7019 711
f 7083 2553 7019
f 2480 6847 7080
f 2572 7080 7079
f 7079 7022 2553
f 7080 46 7022
f 2568 7077 7078
f 2568 7078 7075
f 7075 7069 2570
f 7078 2569 7069
f 7074 7075 7076
f 715 7076 7066
f 7066 7072 2566
f 7076 2570 7072
f 7072 7068 7073
f 2566 7073 7058
f 7058 7048 717
f 7073 2561 7048
f 7069 7070 7071
f 2570 7071 7068
f 7068 7051 2561
f 7071 716 7051
f 7065 7066 7067
f 2565 7067 7063
f 7063 7057 2567
f 7067 2566 7057
f 7062 7063 7064
f 185 7064 7042
f 7042 7060 2559
f 7064 2567 7060
f 7060 7056 7061
f 2559 7061 7036
f 7057 7058 7059
f 2567 7059 7056
f 7056 7054 2564
f 7059 717 7054
f 7054 7047 7055
f 7051 7052 7053
f 2561 7053 7049
f 7049 7044 2563
f 7053 2562 7044
f 7048 7049 7050
f 7044 7045 7046
f 7041 7042 7043
f 2558 7043 7039
f 7039 7035 2560
f 7043 2559 7035
f 7038 7039 7040
f 7035 7036 7037
f 7032 7024 712
f 7033 2555 7024
f 7029 7027 2555
f 7031 50 7027
f 7027 7002 7028
f 2555 7028 7025
f 7024 7025 7026
f 7022 6804 7023
f 2553 7023 7020
f 7020 7016 2554
f 7023 2457 7016
f 7019 7020 7021
f 711 7021 7013
f 7013 7017 2551
f 7021 2554 7017
f 7017 7015 7018
f 2554 6801 7015
f 6801 680 7007
f 7012 7013 7014
f 2550 7014 7011
f 7011 7009 2552
f 7014 2551 7009
f 7010 7011 184
f 184 2552 7008
f 710 7005 2546
f 7005 2544 2546
f 2545 7001 2547
f 7003 2545 7004
f 50 7004 7002
f 708 7000 6998
f 6998 2538 2542
f 2542 6985 709
f 2399 665 6986
f 6997 6998 6999
f 2541 6999 6995
f 6995 6991 2543
f 6999 2542 6991
f 6994 6995 6996
f 182 6993 2535
f 6996 2543 6993
f 6993 2539 6980
f 6980 6989 706
f 6980 2539 6989
f 6991 2542 6992
f 2543 6992 2539
f 6984 2537 2540
f 6989 6984 6990
f 706 6990 6964
f 6964 6987 2529
f 6990 2540 6987
f 6987 6934 6988
f 2529 6988 6954
f 6988 2515 183
f 2538 6633 2396
f 709 6985 6984
f 6985 2396 2537
f 2537 2386 701
f 6983 182 6979
f 2534 6979 2536
f 2995 2534 705
f 705 2536 6982
f 705 6960 707
f 6982 2528 6960
f 6979 6980 6981
f 2536 6963 2528
f 6981 706 6963
f 47 2533 6912
f 6912 2533 2506
f 2506 6976 6908
f 6908 6971 698
f 6976 2531 6971
f 6977 705 6978
f 2533 6978 6976
f 6976 6974 2531
f 6978 707 6974
f 6974 6959 6975
f 2531 6975 6972
f 6972 6967 2532
f 6975 2527 6967
f 6971 6972 6973
f 698 6973 6896
f 6896 6969 2499
f 6973 2532 6969
f 6969 6966 6970
f 2499 6970 180
f 6970 2522 6944
f 6967 6956 6968
f 2532 6968 6966
f 6966 6946 2522
f 6968 703 6946
f 6963 6964 6965
f 2528 6965 6961
f 6961 6953 2530
f 6965 2529 6953
f 6960 6961 6962
f 707 6962 6959
f 6959 6957 2527
f 6962 2530 6957
f 6957 6952 6958
f 2527 6958 6956
f 6956 6949 703
f 6958 2525 6949
f 6953 6954 6955
f 2530 6955 6952
f 6952 6951 2525
f 6955 183 6951
f 6951 2514 6950
f 6950 2514 2526
f 6949 6950 6947
f 6947 2526 2523
f 2523 6948 6943
f 6943 2519 704
f 6948 6931 2519
f 2526 700 6931
f 6946 6947 6942
f 2522 6942 6945
f 6945 6942 2524
f 6944 6945 2524
f 180 2524 2478
f 6942 6943 6941
f 2478 2518 2521
f 2521 6940 2473
f 2473 6940 6738
f 6940 2435 6738
f 2521 6734 2435
f 2521 676 6734
f 2519 6939 6938
f 6938 6936 2520
f 6939 2511 6936
f 2519 6938 2520
f 704 2520 2518
f 676 2438 6745
f 6936 6928 6937
f 2520 6937 6935
f 6935 6748 2438
f 6937 175 6748
f 701 2517 2516
f 2516 2509 6921
f 2517 6923 2509
f 2517 663 6923
f 6934 2516 2515
f 183 2512 6933
f 183 6933 2514
f 6933 2512 2514
f 2514 2512 2526
f 2512 6932 2513
f 6932 2508 6926
f 6931 6929 2511
f 700 2513 6929
f 6929 6925 6930
f 2511 6930 6928
f 6928 6753 175
f 6930 2442 6753
f 6926 6917 6927
f 2513 6927 6925
f 6925 6755 2442
f 6927 678 6755
f 6923 6595 6924
f 2509 6915 2510
f 6924 2383 6915
f 6921 2509 6922
f 702 6922 6920
f 6920 6918 2508
f 6922 2510 6918
f 6918 6914 6919
f 2508 6919 6917
f 6917 6759 678
f 6919 2445 6759
f 6915 6592 6916
f 2510 6916 6914
f 6914 6762 2445
f 2505 6913 6911
f 6911 6907 2507
f 6913 2506 6907
f 6910 6911 6905
f 6905 2507 2503
f 2503 6906 6893
f 6907 6908 6909
f 2507 6909 6906
f 6906 6895 2498
f 6909 698 6895
f 6904 6901 2504
f 6904 2503 6901
f 6903 6904 6889
f 6889 2504 2496
f 2496 6902 6881
f 6881 2500 695
f 2504 6901 6902
f 6902 6901 2500
f 6901 699 6900
f 6900 6898 2501
f 6900 699 6898
f 2500 6900 6899
f 695 6899 6861
f 6861 6899 2487
f 6899 2501 2487
f 6853 2476 181
f 2501 6844 2476
f 6898 687 6844
f 6895 6896 6897
f 2498 6897 6894
f 6894 6891 699
f 6897 2499 6891
f 6893 6894 699
f 6891 180 6892
f 699 6892 6845
f 6892 180 6845
f 6888 6889 6890
f 2495 6890 6886
f 6886 6880 2497
f 6890 2496 6880
f 6885 6886 6887
f 694 6887 6877
f 6877 6883 2493
f 6887 2497 6883
f 6883 6879 6884
f 2493 6884 6872
f 6872 6857 696
f 6884 2486 6857
f 6880 6881 6882
f 2497 6882 6879
f 6879 6860 2486
f 6882 695 6860
f 6876 6877 6878
f 2492 6878 6875
f 6875 6871 2494
f 6878 2493 6871
f 6874 2494 2491
f 2491 6870 693
f 693 2489 6866
f 6871 6872 6873
f 2494 6873 6870
f 6870 6868 2489
f 6873 696 6868
f 6868 6856 6869
f 2489 6869 6867
f 6867 6864 2490
f 6869 2485 6864
f 693 6866 178
f 6866 2490 6863
f 6864 6854 6865
f 2490 6865 6863
f 6863 6850 2483
f 6865 691 6850
f 6860 6861 6862
f 2486 6862 6858
f 6858 6852 2488
f 6862 2487 6852
f 6857 6858 6859
f 696 6859 6856
f 6856 6855 2485
f 6859 2488 6855
f 2485 6851 6854
f 2488 6853 6851
f 6851 181 691
f 178 2483 690
f 2483 2484 6849
f 2484 692 2481
f 2481 6846 2482
f 690 2482 2480
f 2480 6848 6847
f 6847 6805 46
f 6848 2458 6805
f 2482 681 2458
f 692 176 2461
f 6845 2478 688
f 687 688 2477
f 687 2477 6844
f 2477 688 689
f 2476 6844 689
f 2476 689 686
f 6844 2477 689
f 686 2475 176
f 6843 2468 176
f 6843 684 2468
f 688 2521 2474
f 2474 2473 6841
f 689 2474 2475
f 2472 6840 6843
f 6843 6835 684
f 6840 2470 6835
f 6841 6738 6842
f 2474 6842 6840
f 6840 6838 2470
f 6842 48 6838
f 6838 6737 6839
f 2470 6839 6836
f 6836 6831 2471
f 6839 2434 6831
f 6835 6836 6837
f 684 6833 2468
f 6837 2471 6833
f 6833 6830 6834
f 2468 6834 6828
f 6828 6817 685
f 6834 2464 6817
f 6831 6736 6832
f 2471 6832 6830
f 6830 6820 2464
f 6832 675 6820
f 176 6827 2469
f 2461 2469 6809
f 6809 6823 682
f 2469 2466 6823
f 6827 6828 6829
f 2469 6829 6826
f 6826 6824 2466
f 6829 685 6824
f 6824 6816 6825
f 2466 6825 2467
f 6825 2463 6813
f 682 2467 6788
f 6788 6822 2453
f 2453 6822 6779
f 6779 6764 177
f 6820 6729 6821
f 2464 6821 6818
f 6818 6811 2465
f 6821 2431 6811
f 6817 6818 6819
f 685 6819 6816
f 6816 6814 2463
f 6819 2465 6814
f 6814 6810 6815
f 2463 6815 6813
f 6811 6726 6812
f 2465 6812 6810
f 6810 6769 2447
f 6812 174 6769
f 2479 2461 2462
f 681 2462 6808
f 6799 6785 683
f 2459 2452 6785
f 2462 6809 2452
f 2458 6808 6806
f 6806 6798 2460
f 6808 2459 6798
f 6805 6806 6807
f 46 6807 6804
f 6804 6802 2457
f 6807 2460 6802
f 6802 6797 6803
f 2457 6803 6801
f 6801 6792 680
f 6803 2455 6792
f 6798 6799 6800
f 2460 6800 6797
f 6797 6795 2455
f 6800 683 6795
f 6795 6784 6796
f 2455 6796 6793
f 6793 6790 2456
f 6796 2451 6790
f 6792 6793 6794
f 6790 6781 6791
f 682 6788 6789
f 2452 6789 6786
f 6786 6778 2454
f 6789 2453 6778
f 6785 6786 6787
f 683 6787 6784
f 6784 6782 2451
f 6787 2454 6782
f 6782 6777 6783
f 2451 6783 6781
f 6781 6772 679
f 6783 2449 6772
f 6778 6779 6780
f 2454 6780 6777
f 6777 6775 2449
f 6780 177 6775
f 6775 6763 6776
f 2449 6776 6773
f 6773 6771 2450
f 6772 6773 6774
f 6769 6717 6770
f 2447 6770 6768
f 6768 6766 2448
f 6770 2424 6766
f 6766 6714 6767
f 177 6764 6763
f 2445 6591 6760
f 6759 6760 6761
f 678 6761 6756
f 6756 6758 2443
f 6761 2446 6758
f 6755 6756 6757
f 2442 6757 6754
f 6754 6751 2444
f 6753 6754 2444
f 175 2444 6749
f 6749 6752 2439
f 6748 6749 6750
f 2438 6750 6746
f 6746 6740 2440
f 6750 2439 6740
f 6745 6746 6747
f 676 6747 6734
f 6734 6743 2436
f 6747 2440 6743
f 6743 6739 6744
f 2436 6744 6735
f 6735 6723 677
f 6744 2429 6723
f 6740 6741 6742
f 2440 6742 6739
f 6739 6724 2429
f 2435 6734 2437
f 6738 2435 2437
f 48 2437 6737
f 2434 6733 6736
f 6736 6730 675
f 6733 2432 6730
f 2437 6735 6733
f 6733 677 2432
f 677 2430 6732
f 2432 6732 6731
f 6731 2428 2433
f 6730 6731 2433
f 675 2433 6729
f 6729 6727 2431
f 6727 6725 6728
f 2431 6728 6726
f 6726 6718 174
f 6728 2425 6718
f 2433 6722 6725
f 2428 2427 6722
f 2425 6721 6719
f 6719 6712 2426
f 6718 6719 6720
f 174 6720 6717
f 6717 6715 2424
f 6720 2426 6715
f 6715 6711 6716
f 2424 6716 6714
f 6714 6710 674
f 6716 2423 6710
f 2426 6713 6711
f 6706 6707 6708
f 2421 6708 6704
f 6704 6699 2422
f 6703 6704 6705
f 672 6705 6696
f 6696 6701 2419
f 6705 2422 6701
f 6701 6698 6702
f 2419 6702 6688
f 6688 6681 673
f 6702 2416 6681
f 2422 6700 6698
f 6695 6696 6697
f 2418 6697 6693
f 6693 6687 2420
f 6697 2419 6687
f 6692 6693 6694
f 45 6694 6679
f 6679 6690 2414
f 6694 2420 6690
f 6690 6686 6691
f 2414 6691 6671
f 6671 6683 670
f 6691 2417 6683
f 6687 6688 6689
f 2420 6689 6686
f 6689 673 2417
f 6683 6684 6685
f 670 6685 6646
f 6646 6682 2407
f 6678 6679 6680
f 2413 6680 6676
f 6676 6670 2415
f 6680 2414 6670
f 6675 6676 6677
f 669 6677 6667
f 6667 6673 2411
f 6677 2415 6673
f 6673 6669 6674
f 2411 6674 6659
f 6659 6644 671
f 6674 2406 6644
f 6670 6671 6672
f 2415 6672 6669
f 6672 670 6645
f 6666 6667 6668
f 2410 6668 6664
f 6664 6658 2412
f 6668 2411 6658
f 6663 6664 6665
f 172 6665 6642
f 6642 6661 2404
f 6665 2412 6661
f 6661 6657 6662
f 2404 6662 6639
f 6639 6652 667
f 6662 2408 6652
f 6658 6659 6660
f 2412 6660 6657
f 6657 6655 2408
f 6660 671 6655
f 6655 6643 6656
f 2408 6656 6653
f 6653 6649 2409
f 6652 6653 6654
f 667 6654 6627
f 6627 6650 2394
f 6654 2409 6650
f 6650 6648 6651
f 2394 6651 6617
f 6645 6646 6647
f 6642 2404 2405
f 666 2403 2400
f 2400 2405 2401
f 2401 6623 668
f 2401 2393 6623
f 2405 6639 6640
f 2405 6640 2393
f 6640 667 6626
f 2400 2401 2402
f 1 2402 6637
f 1 6637 2399
f 6637 6636 6638
f 6638 2397 665
f 6636 668 2397
f 668 6622 2397
f 6634 6630 2398
f 2397 2392 6630
f 665 6634 6635
f 665 6635 6633
f 6633 6632 2396
f 6635 2398 6632
f 2396 6632 171
f 6630 6619 6631
f 2398 6631 6629
f 6629 6609 2387
f 6631 664 6609
f 6626 6627 6628
f 2393 6628 6624
f 6624 6616 2395
f 6628 2394 6616
f 6623 6624 6625
f 668 6625 6622
f 6622 6620 2392
f 6625 2395 6620
f 6620 6615 6621
f 2392 6621 6619
f 6619 6613 664
f 6621 2390 6613
f 6616 6617 6618
f 2395 6618 6615
f 6615 6614 2390
f 6613 6612 2391
f 664 2391 6610
f 6609 6610 6611
f 2387 6611 6607
f 6607 6601 2389
f 6611 2388 6601
f 2387 6607 6608
f 171 6608 2386
f 6608 2389 6605
f 6605 6600 6606
f 2386 6606 6604
f 6604 6596 663
f 6606 2384 6596
f 6601 6602 6603
f 2389 6603 6600
f 6600 6599 2384
f 6596 6597 6598
f 663 6598 6595
f 6595 6593 2383
f 6598 2385 6593
f 2383 6594 6592
