# Decoded from sources/assets/lusion.dev/assets/models/about/person.buf
# Position/index data decoded from public .buf header and payload.
v 0.1073817 1.5827445 -0.0689108
v 0.1154373 1.5839353 -0.0734141
v 0.1021032 1.5886419 -0.0918615
v 0.0949733 1.5871108 -0.0860776
v 0.1165206 1.5778962 -0.0499370
v 0.1252656 1.5787184 -0.0530103
v 0.1312728 1.5731613 -0.0312548
v 0.1221142 1.5727360 -0.0296968
v 0.1333015 1.5674340 -0.0088234
v 0.1240050 1.5674056 -0.0088306
v 0.0796892 1.5908818 -0.1008824
v 0.0856768 1.5926964 -0.1077833
v 0.1335182 1.5588147 -0.0110289
v 0.1312728 1.5617067 0.0136079
v 0.1314698 1.5530591 0.0114381
v 0.1156146 1.5753161 -0.0757192
v 0.1022804 1.5800226 -0.0941950
v 0.0666505 1.5959853 -0.1207029
v 0.0619826 1.5939722 -0.1128985
v -0.0620229 1.5939722 -0.1128985
v -0.0666712 1.5959853 -0.1207029
v -0.0857171 1.5926964 -0.1077833
v -0.0797296 1.5908818 -0.1008824
v -0.1023011 1.5800226 -0.0941950
v -0.1021435 1.5886419 -0.0918615
v -0.0858550 1.5841055 -0.1101381
v -0.1313132 1.5731613 -0.0312548
v -0.1253059 1.5787184 -0.0530103
v -0.1255029 1.5700992 -0.0552798
v -0.1315101 1.5645420 -0.0334958
v -0.0424255 1.5962121 -0.1217487
v -0.0456162 1.5984236 -0.1302075
v -0.0797099 1.5733597 -0.1053289
v -0.0620032 1.5764218 -0.1173378
v -0.0215478 1.5976014 -0.1271697
v -0.0231629 1.5998980 -0.1360484
v -0.1154777 1.5839353 -0.0734141
v -0.1074220 1.5827445 -0.0689108
v -0.0950136 1.5871108 -0.0860776
v -0.1165609 1.5569151 0.0322616
v -0.1221546 1.5620753 0.0120286
v -0.1313132 1.5617067 0.0136079
v -0.1253059 1.5561779 0.0353563
v -0.1240454 1.5674056 -0.0088306
v -0.1333419 1.5674340 -0.0088234
v -0.1221546 1.5727360 -0.0296968
v -0.1335585 1.5588147 -0.0110289
v -0.1315101 1.5530591 0.0114381
v -0.0000202 1.5344880 0.1203508
v -0.0000202 1.5257837 0.1183517
v 0.0231619 1.5262941 0.1163882
v 0.0231225 1.5349700 0.1183944
v 0.0455759 1.5364727 0.1125607
v 0.0456547 1.5277684 0.1105473
v -0.0456162 1.5364727 0.1125607
v -0.0424255 1.5385992 0.1040804
v -0.0620229 1.5408391 0.0952302
v -0.0666712 1.5388827 0.1030489
v -0.0797296 1.5439012 0.0832142
v -0.0857171 1.5422000 0.0901293
v -0.0231629 1.5349700 0.1183944
v -0.0215478 1.5372099 0.1095086
v 0.0667490 1.5302068 0.1010213
v 0.0666505 1.5388827 0.1030489
v 0.0796892 1.5439012 0.0832142
v 0.0619826 1.5408391 0.0952302
v 0.0856768 1.5422000 0.0901293
v 0.0423851 1.5385992 0.1040804
v 0.0215075 1.5372099 0.1095086
v 0.1156146 1.5422851 0.0536614
v 0.1154373 1.5509610 0.0557601
v 0.1021032 1.5462544 0.0742075
v 0.1022804 1.5375785 0.0721372
v -0.0424255 1.5786901 -0.1261809
v -0.0215478 1.5800794 -0.1316091
v -0.0000202 1.5980834 -0.1289910
v -0.0000202 1.5805330 -0.1334303
v 0.0215075 1.5800794 -0.1316091
v 0.0423851 1.5786901 -0.1261809
v 0.0423851 1.5962121 -0.1217487
v 0.0215075 1.5976014 -0.1271697
v 0.0231225 1.5998980 -0.1360484
v 0.0455759 1.5984236 -0.1302075
v -0.0000202 1.6004083 -0.1380048
v -0.1165609 1.5778962 -0.0499370
v -0.0949939 1.5695888 -0.0905240
v -0.1240060 1.5498836 -0.0133054
v -0.1221152 1.5552139 -0.0341646
v -0.1221152 1.5445533 0.0075537
v -0.1348978 1.5498553 -0.0133126
v -0.1328298 1.5556392 -0.0360072
v -0.1165215 1.5603741 -0.0543905
v -0.1328692 1.5643719 -0.0337804
v -0.1349372 1.5585879 -0.0110858
v -0.1156549 1.5753161 -0.0757192
v -0.1255029 1.5475020 0.0332220
v -0.1156549 1.5422851 0.0536614
v -0.1154777 1.5509610 0.0557601
v -0.1165215 1.5393931 0.0277796
v -0.1074220 1.5520668 0.0512426
v -0.1073826 1.5345447 0.0467534
v -0.1021435 1.5462544 0.0742075
v -0.0950136 1.5477004 0.0684022
v -0.0424255 1.5210771 0.0995700
v -0.0620032 1.5233454 0.0907269
v -0.0797099 1.5264075 0.0787108
v -0.0949939 1.5301784 0.0639131
v -0.0000202 1.5367279 0.1113228
v 0.0423851 1.5210771 0.0995700
v 0.0619629 1.5233454 0.0907269
v 0.0215075 1.5196879 0.1049982
v -0.0215478 1.5196879 0.1049982
v 0.0858147 1.5335240 0.0880804
v 0.1073817 1.5520668 0.0512426
v 0.0949733 1.5477004 0.0684022
v 0.1252656 1.5561779 0.0353563
v 0.1165206 1.5569151 0.0322616
v 0.1221142 1.5620753 0.0120286
v 0.1164812 1.5393931 0.0277796
v 0.1220748 1.5445533 0.0075537
v 0.1073423 1.5345447 0.0467534
v 0.0949536 1.5301784 0.0639131
v 0.0796695 1.5264075 0.0787108
v 0.1033046 1.5284205 0.0706859
v 0.0866616 1.5243094 0.0867927
v 0.1168160 1.5419165 0.0542732
v 0.1267625 1.5471901 0.0336276
v 0.1254625 1.5475020 0.0332220
v -0.0232023 1.5262941 0.1163882
v -0.0456950 1.5277684 0.1105473
v -0.1023011 1.5375785 0.0721372
v -0.0858550 1.5335240 0.0880804
v -0.0667893 1.5302068 0.1010213
v -0.0674787 1.5296964 0.1021240
v -0.0461677 1.5272297 0.1117496
v -0.1033647 1.5371532 0.0729412
v -0.0867413 1.5330420 0.0890550
v -0.1268028 1.5471901 0.0336276
v -0.1328692 1.5528039 0.0116159
v -0.1168564 1.5419165 0.0542732
v -0.1268028 1.5699858 -0.0557920
v -0.0667893 1.5873944 -0.1230790
v -0.0674787 1.5874794 -0.1242956
v -0.0456950 1.5898327 -0.1326051
v -0.0461677 1.5899461 -0.1339212
v -0.0232023 1.5913354 -0.1384459
v -0.0867413 1.5841338 -0.1112195
v -0.1033647 1.5800226 -0.0951127
v -0.1168564 1.5752594 -0.0764448
v 0.0233983 1.5914488 -0.1398261
v 0.0231619 1.5913354 -0.1384459
v 0.0456547 1.5898327 -0.1326051
v 0.0461274 1.5899461 -0.1339212
v -0.0000202 1.5918174 -0.1404094
v 0.0674384 1.5874794 -0.1242956
v 0.0667490 1.5873944 -0.1230790
v 0.0858147 1.5841055 -0.1101381
v 0.0867010 1.5841338 -0.1112195
v 0.0866616 1.5754011 -0.1134249
v 0.0674187 1.5787184 -0.1264939
v 0.1254625 1.5700992 -0.0552798
v 0.1314698 1.5645420 -0.0334958
v 0.1348969 1.5585879 -0.0110858
v 0.1328288 1.5643719 -0.0337804
v 0.1328288 1.5528039 0.0116159
v 0.1267625 1.5699858 -0.0557920
v 0.1168160 1.5752594 -0.0764448
v 0.1073423 1.5652225 -0.0733643
v 0.1164812 1.5603741 -0.0543905
v 0.1220748 1.5552139 -0.0341646
v 0.1239656 1.5498836 -0.0133054
v 0.0619629 1.5764218 -0.1173378
v 0.0796695 1.5733597 -0.1053289
v 0.0949536 1.5695888 -0.0905240
v 0.1167766 1.5665267 -0.0786574
v 0.1267231 1.5612531 -0.0580117
v -0.0461480 1.5811851 -0.1361124
v -0.0234386 1.5826878 -0.1420173
v -0.0000202 1.5831982 -0.1439951
v 0.0233983 1.5826878 -0.1420173
v 0.0461077 1.5811851 -0.1361124
v -0.0674590 1.5787184 -0.1264939
v -0.1168170 1.5665267 -0.0786574
v -0.1073826 1.5652225 -0.0733643
v -0.1267634 1.5612531 -0.0580117
v 0.0867010 1.5330420 0.0890550
v 0.1033243 1.5371532 0.0729412
v 0.0674384 1.5296964 0.1021240
v 0.1167766 1.5331838 0.0520251
v -0.0234386 1.5257270 0.1176545
v -0.0000202 1.5252167 0.1196323
v 0.0233983 1.5257270 0.1176545
v 0.0461274 1.5272297 0.1117496
v 0.0233983 1.5169943 0.1153850
v -0.0000202 1.5164840 0.1173628
v -0.1168170 1.5331838 0.0520251
v -0.1267634 1.5384291 0.0313794
v -0.1033450 1.5284205 0.0706859
v -0.0000202 1.5919592 -0.1418039
v -0.0234386 1.5914488 -0.1398261
v 0.1033243 1.5800226 -0.0951127
v 0.1033046 1.5712900 -0.0973182
v -0.0867019 1.5754011 -0.1134249
v -0.1033450 1.5712900 -0.0973182
v -0.1328298 1.5440429 0.0093749
v -0.0867019 1.5243094 0.0867927
v -0.0674590 1.5209637 0.0998616
v -0.0461480 1.5184970 0.1094802
v -0.0234386 1.5169943 0.1153850
v 0.0461077 1.5184970 0.1094802
v 0.0674187 1.5209637 0.0998616
v 0.1267231 1.5384291 0.0313794
v 0.1327894 1.5440429 0.0093749
v 0.1348575 1.5498553 -0.0133126
v 0.1327894 1.5556392 -0.0360072
v -0.0000202 1.5192342 0.1068194
v -0.0217054 1.6179587 -0.1791183
v -0.0468768 1.6177035 -0.1349101
v -0.0312776 1.6644290 -0.1563455
v -0.0213312 1.6502809 -0.1791610
v 0.0213893 1.6502809 -0.1790258
v 0.0216650 1.6180154 -0.1791254
v 0.0312373 1.6644573 -0.1563170
v 0.0468167 1.6177319 -0.1348816
v -0.0197949 1.6648259 -0.1791112
v 0.0197742 1.6648543 -0.1790685
v -0.0155996 1.6757985 -0.1789405
v 0.0156184 1.6758552 -0.1789262
v 0.0171350 1.6889258 -0.1579604
v -0.0077016 1.6829717 -0.1787911
v 0.0076612 1.6830001 -0.1788195
v -0.0171950 1.6889542 -0.1579675
v -0.0000202 1.6902584 -0.1583873
v -0.0000202 1.6839641 -0.1788622
v -0.1769486 1.6932638 -0.0182357
v -0.1804545 1.6881886 0.0031499
v -0.1788985 1.7001252 0.0057324
v -0.1727731 1.7097651 -0.0122525
v -0.1782289 1.6580496 -0.0009977
v -0.1808090 1.6718574 0.0004323
v -0.1766138 1.6741256 -0.0220418
v -0.1705475 1.6564051 -0.0208324
v -0.1710595 1.6728498 -0.0429080
v -0.1632797 1.6550158 -0.0396995
v -0.1736988 1.7004938 -0.0324073
v -0.1691490 1.7156058 -0.0208253
v -0.1624130 1.6696175 -0.0602171
v -0.1553816 1.6540518 -0.0564536
v -0.1554801 1.6710635 -0.0727667
v -0.1458882 1.6545338 -0.0722830
v -0.1651705 1.6839641 -0.0689392
v -0.1707838 1.6840208 -0.0565248
v -0.1480547 1.6738988 -0.0828121
v -0.1379310 1.6593822 -0.0847187
v -0.1568391 1.6869411 -0.0818161
v -0.1302693 1.6700145 -0.0959095
v -0.1424808 1.6813840 -0.0904742
v -0.1238484 1.6866576 -0.1032373
v -0.1388567 1.6919879 -0.0947855
v -0.1501425 1.6920730 -0.0886103
v -0.1216819 1.7042080 -0.1039202
v -0.1373204 1.7040946 -0.0947499
v -0.1498273 1.7034141 -0.0885534
v -0.1362175 1.7143866 -0.0918686
v -0.1227258 1.7198020 -0.0986912
v -0.1616646 1.7233745 -0.0484358
v -0.1671204 1.7147269 -0.0402900
v -0.1633781 1.7252741 -0.0287506
v -0.1562285 1.7363884 -0.0388600
v -0.1495122 1.7423709 -0.0495314
v -0.1558543 1.7289883 -0.0565532
v -0.1265271 1.7327309 -0.0889233
v -0.1382264 1.7245369 -0.0845480
v -0.1489213 1.7163146 -0.0829686
v -0.1333813 1.7415203 -0.0756551
v -0.1430126 1.7298956 -0.0757120
v -0.1420278 1.7443556 -0.0614763
v -0.1501622 1.7308313 -0.0653821
v -0.1549483 1.7202557 -0.0734284
v -0.1667068 1.7128556 -0.0562402
v -0.1605419 1.6978286 -0.0807205
v -0.1603647 1.7094249 -0.0770211
v -0.1621176 1.7181859 -0.0627071
v -0.1678097 1.7065896 -0.0641727
v -0.1687157 1.6951351 -0.0672247
v -0.1710792 1.7035275 -0.0508262
v -0.1728125 1.6928952 -0.0539708
v 0.1788779 1.7001252 0.0057680
v 0.1804142 1.6881886 0.0031713
v 0.1769083 1.6932638 -0.0182285
v 0.1726934 1.7098218 -0.0122027
v 0.1806505 1.6719141 0.0004963
v 0.1765538 1.6742107 -0.0220205
v 0.1781688 1.6580496 -0.0009977
v 0.1705071 1.6564051 -0.0208395
v 0.1736978 1.7004938 -0.0324073
v 0.1690890 1.7156058 -0.0208181
v 0.1671391 1.7147269 -0.0402829
v 0.1633378 1.7253025 -0.0286937
v 0.1616636 1.7234028 -0.0484430
v 0.1563260 1.7363884 -0.0389027
v 0.1558336 1.7290167 -0.0565532
v 0.1494128 1.7423992 -0.0494816
v 0.1499249 1.7310014 -0.0654888
v 0.1419480 1.7443272 -0.0614550
v 0.1428934 1.7299807 -0.0757049
v 0.1334788 1.7416053 -0.0757476
v 0.1380482 1.7245653 -0.0846405
v 0.1264867 1.7327309 -0.0889091
v 0.1361771 1.7143866 -0.0918544
v 0.1227248 1.7197737 -0.0986770
v 0.1372604 1.7039244 -0.0947641
v 0.1216809 1.7042080 -0.1039131
v 0.1388164 1.6918461 -0.0947286
v 0.1238475 1.6866576 -0.1032159
v 0.1424010 1.6813840 -0.0904315
v 0.1302290 1.6700428 -0.0958811
v 0.1479750 1.6739272 -0.0827765
v 0.1554791 1.6710068 -0.0726173
v 0.1458084 1.6545905 -0.0722687
v 0.1379694 1.6593822 -0.0847543
v 0.1623530 1.6696175 -0.0602029
v 0.1553413 1.6540802 -0.0564536
v 0.1711571 1.6731333 -0.0428653
v 0.1632393 1.6550442 -0.0396995
v 0.1710586 1.7035275 -0.0508262
v 0.1667058 1.7128556 -0.0562402
v 0.1707238 1.6840208 -0.0565177
v 0.1727721 1.6928952 -0.0539708
v 0.1622151 1.7181859 -0.0624012
v 0.1549670 1.7201990 -0.0734568
v 0.1651104 1.6839924 -0.0689179
v 0.1566018 1.6867143 -0.0818588
v 0.1501415 1.6920163 -0.0885178
v 0.1498264 1.7033290 -0.0885178
v 0.1489598 1.7163146 -0.0829117
v 0.1686754 1.6951067 -0.0671962
v 0.1677891 1.7065896 -0.0641727
v 0.1604819 1.6978286 -0.0806992
v 0.1603243 1.7094249 -0.0770211
v -0.1732852 1.6988776 0.0065363
v -0.1747427 1.6876216 0.0039467
v -0.1712762 1.6924699 -0.0173179
v -0.1673370 1.7079222 -0.0114913
v -0.1710202 1.6749195 -0.0206830
v -0.1751169 1.6722260 0.0014923
v -0.1727731 1.6594105 0.0004536
v -0.1653871 1.6584465 -0.0191747
v -0.1583951 1.6575392 -0.0378213
v -0.1656826 1.6744659 -0.0414211
v -0.1680658 1.6993313 -0.0317101
v -0.1638705 1.7133376 -0.0201209
v -0.1577451 1.6721126 -0.0578552
v -0.1508121 1.6567170 -0.0540419
v -0.1416929 1.6570005 -0.0691313
v -0.1512651 1.6735302 -0.0696151
v -0.1604238 1.6857786 -0.0661433
v -0.1654462 1.6855235 -0.0547889
v -0.1443519 1.6760253 -0.0788993
v -0.1341494 1.6615086 -0.0808699
v -0.1528408 1.6885289 -0.0779388
v -0.1269604 1.6714321 -0.0913635
v -0.1392506 1.6828016 -0.0858641
v -0.1209137 1.6870545 -0.0982501
v -0.1360008 1.6922998 -0.0897557
v -0.1469124 1.6927251 -0.0838295
v -0.1187866 1.7033574 -0.0989687
v -0.1345630 1.7030739 -0.0897414
v -0.1466760 1.7022800 -0.0838081
v -0.1333419 1.7123452 -0.0872799
v -0.1196729 1.7179307 -0.0941310
v -0.1582375 1.7226657 -0.0280676
v -0.1618812 1.7122885 -0.0397351
v -0.1567209 1.7204825 -0.0475537
v -0.1512848 1.7335531 -0.0377857
v -0.1513439 1.7257561 -0.0549098
v -0.1449428 1.7392520 -0.0477529
v -0.1232379 1.7301224 -0.0849179
v -0.1350751 1.7217300 -0.0805782
v -0.1457306 1.7136211 -0.0789491
v -0.1297572 1.7384865 -0.0723256
v -0.1394870 1.7266634 -0.0724324
v -0.1379507 1.7411517 -0.0588939
v -0.1461442 1.7274289 -0.0629419
v -0.1510879 1.7169951 -0.0705969
v -0.1615661 1.7103038 -0.0553794
v -0.1561497 1.6976868 -0.0769357
v -0.1560316 1.7073835 -0.0737698
v -0.1574891 1.7151238 -0.0610068
v -0.1625903 1.7048317 -0.0623656
v -0.1634372 1.6951918 -0.0647987
v -0.1655644 1.7018547 -0.0501362
v -0.1671007 1.6928385 -0.0529748
v 0.1712359 1.6924983 -0.0173250
v 0.1747023 1.6876499 0.0039752
v 0.1732842 1.6988776 0.0065861
v 0.1672573 1.7079789 -0.0114415
v 0.1709601 1.6749762 -0.0206830
v 0.1749584 1.6722543 0.0015279
v 0.1653468 1.6584182 -0.0191819
v 0.1726934 1.6593822 0.0004323
v 0.1638105 1.7133376 -0.0201352
v 0.1680648 1.6993313 -0.0317244
v 0.1581972 1.7227224 -0.0280320
v 0.1619000 1.7122885 -0.0397351
v 0.1513824 1.7335531 -0.0378213
v 0.1567200 1.7205108 -0.0475537
v 0.1448630 1.7392520 -0.0476817
v 0.1513233 1.7257561 -0.0548814
v 0.1378513 1.7411233 -0.0588939
v 0.1459069 1.7275990 -0.0630344
v 0.1297956 1.7385999 -0.0724324
v 0.1393482 1.7267768 -0.0724252
v 0.1232172 1.7301224 -0.0848895
v 0.1348969 1.7217867 -0.0806565
v 0.1196522 1.7179024 -0.0941238
v 0.1332818 1.7123452 -0.0872585
v 0.1187659 1.7033574 -0.0989687
v 0.1345030 1.7029321 -0.0897557
v 0.1208931 1.6870545 -0.0982359
v 0.1359408 1.6921580 -0.0897059
v 0.1391906 1.6828299 -0.0858215
v 0.1269200 1.6714605 -0.0913350
v 0.1416132 1.6570572 -0.0691313
v 0.1512642 1.6734735 -0.0694657
v 0.1442721 1.6760536 -0.0788566
v 0.1341681 1.6614803 -0.0809197
v 0.1507718 1.6567170 -0.0540419
v 0.1576851 1.6721409 -0.0578409
v 0.1657801 1.6747494 -0.0413856
v 0.1583547 1.6575676 -0.0378142
v 0.1615455 1.7103322 -0.0553794
v 0.1655437 1.7018547 -0.0501362
v 0.1670603 1.6928668 -0.0529605
v 0.1654059 1.6855235 -0.0547604
v 0.1575866 1.7151238 -0.0607222
v 0.1511066 1.7169384 -0.0706253
v 0.1603440 1.6857786 -0.0661220
v 0.1526035 1.6883304 -0.0779744
v 0.1469114 1.6926967 -0.0837441
v 0.1466750 1.7022233 -0.0837725
v 0.1457493 1.7136211 -0.0788850
v 0.1633969 1.6951634 -0.0647631
v 0.1625697 1.7048317 -0.0623585
v 0.1560897 1.6977152 -0.0769072
v 0.1559912 1.7073835 -0.0737627
v 0.1400572 1.5852396 -0.0389952
v 0.1449221 1.5904848 -0.0323291
v 0.1415738 1.5918458 -0.0309702
v 0.1367089 1.5866005 -0.0376292
v 0.1362362 1.5848710 -0.0479876
v 0.1328879 1.5862319 -0.0466288
v 0.1313516 1.5908534 -0.0551019
v 0.1346999 1.5894925 -0.0564608
v 0.1325531 1.5990190 -0.0603594
v 0.1359014 1.5976297 -0.0617182
v 0.1394663 1.6067310 -0.0620953
v 0.1361180 1.6080919 -0.0607365
v 0.1409435 1.6152368 -0.0561122
v 0.1442918 1.6138759 -0.0574710
v 0.1454539 1.6181855 -0.0479521
v 0.1488022 1.6167962 -0.0493109
v 0.1482507 1.6159457 -0.0388458
v 0.1515990 1.6145847 -0.0402117
v 0.1517763 1.6079218 -0.0330547
v 0.1484280 1.6092827 -0.0316888
v 0.1459463 1.6003233 -0.0287577
v 0.1492946 1.5989340 -0.0301165
v 0.1404905 1.5872810 -0.0399769
v 0.1447055 1.5918458 -0.0342072
v 0.1372013 1.5869691 -0.0477671
v 0.1358620 1.5909668 -0.0551019
v 0.1368862 1.5980267 -0.0596622
v 0.1399981 1.6059088 -0.0599895
v 0.1441540 1.6120897 -0.0559770
v 0.1480735 1.6146414 -0.0489125
v 0.1504961 1.6127134 -0.0410299
v 0.1506536 1.6069295 -0.0348333
v 0.1484871 1.5991608 -0.0322864
v 0.1604031 1.5837652 -0.0497520
v 0.1632787 1.5868557 -0.0458391
v 0.1581775 1.5835667 -0.0550379
v 0.1572715 1.5862886 -0.0600108
v 0.1579608 1.5910802 -0.0631055
v 0.1600683 1.5964106 -0.0633261
v 0.1629045 1.6006068 -0.0606084
v 0.1655634 1.6023363 -0.0558134
v 0.1671982 1.6010321 -0.0504634
v 0.1672967 1.5971194 -0.0462660
v 0.1658392 1.5918174 -0.0445372
v -0.0582610 1.6645140 -0.1435895
v -0.0501069 1.6485230 -0.1437887
v -0.0550506 1.6461131 -0.1526745
v -0.0632047 1.6621040 -0.1524682
v -0.0736041 1.6708367 -0.1367669
v -0.0785478 1.6684267 -0.1456456
v -0.0920789 1.6613952 -0.1362049
v -0.0871352 1.6638052 -0.1273191
v -0.0958802 1.6451207 -0.1296669
v -0.0909365 1.6475590 -0.1207882
v -0.0827824 1.6315681 -0.1209874
v -0.0877261 1.6291581 -0.1298661
v -0.0724027 1.6228354 -0.1366887
v -0.0674590 1.6252454 -0.1278100
v -0.0588716 1.6298385 -0.1461365
v -0.0539082 1.6322485 -0.1372578
v -0.0765388 1.6320217 -0.1436393
v -0.0847914 1.6354524 -0.1399684
v -0.0891639 1.6440433 -0.1398616
v -0.0672030 1.6445536 -0.1522405
v -0.0798477 1.6565752 -0.1484557
v -0.0871155 1.6527760 -0.1433761
v -0.0715951 1.6531729 -0.1521267
v -0.0692513 1.6358210 -0.1487189
v 0.0110489 1.6250753 -0.1692721
v 0.0110489 1.5885285 -0.1690587
v 0.0063810 1.5885001 -0.1671236
v 0.0063810 1.6251036 -0.1673371
v 0.0044508 1.5883584 -0.1624495
v 0.0044508 1.6251320 -0.1626630
v 0.0063810 1.5882450 -0.1577754
v 0.0063810 1.6251603 -0.1579889
v 0.0110489 1.5882166 -0.1558404
v 0.0110489 1.6251603 -0.1560538
v 0.0157366 1.5882450 -0.1577754
v 0.0157366 1.6251603 -0.1579889
v 0.0176668 1.5883584 -0.1624495
v 0.0176668 1.6251320 -0.1626630
v 0.0157366 1.5885001 -0.1671236
v 0.0157366 1.6251036 -0.1673371
v 0.0110489 1.4976861 -0.1730214
v 0.0063810 1.4975727 -0.1710934
v 0.0044508 1.4972324 -0.1664264
v 0.0063810 1.4968922 -0.1617666
v 0.0110489 1.4967504 -0.1598386
v 0.0157366 1.4968922 -0.1617666
v 0.0176668 1.4972324 -0.1664264
v 0.0157366 1.4975727 -0.1710934
v 0.0110489 1.4366425 -0.1846675
v 0.0063810 1.4364724 -0.1827395
v 0.0044508 1.4360754 -0.1780868
v 0.0063810 1.4356785 -0.1734340
v 0.0110489 1.4355084 -0.1715060
v 0.0157366 1.4356785 -0.1734340
v 0.0176668 1.4360754 -0.1780868
v 0.0157366 1.4364724 -0.1827395
v -0.0168011 1.6260109 -0.1672517
v -0.0121332 1.6263795 -0.1691512
v -0.0121332 1.6163993 -0.1710721
v -0.0168011 1.6156905 -0.1692366
v -0.0187313 1.6251320 -0.1626630
v -0.0187313 1.6139610 -0.1648115
v -0.0168011 1.6242530 -0.1580742
v -0.0168011 1.6122314 -0.1603864
v -0.0121332 1.6238844 -0.1561747
v -0.0121332 1.6115226 -0.1585580
v -0.0074652 1.6122314 -0.1603864
v -0.0074652 1.6242530 -0.1580742
v -0.0055153 1.6139610 -0.1648115
v -0.0055153 1.6251320 -0.1626630
v -0.0074652 1.6156905 -0.1692366
v -0.0074652 1.6260109 -0.1672517
v -0.0121332 1.6000397 -0.1812099
v -0.0168011 1.5987355 -0.1797586
v -0.0187313 1.5955316 -0.1762370
v -0.0168011 1.5923278 -0.1727226
v -0.0121332 1.5910235 -0.1712641
v -0.0074652 1.5923278 -0.1727226
v -0.0055153 1.5955316 -0.1762370
v -0.0074652 1.5987355 -0.1797586
v -0.0121332 1.5882166 -0.1967476
v -0.0168011 1.5868840 -0.1952962
v -0.0187313 1.5836802 -0.1917818
v -0.0168011 1.5804763 -0.1882673
v -0.0121332 1.5791721 -0.1868089
v -0.0074652 1.5804763 -0.1882673
v -0.0055153 1.5836802 -0.1917818
v -0.0074652 1.5868840 -0.1952962
v -0.0121332 1.5702693 -0.2079099
v -0.0168011 1.5695605 -0.2060815
v -0.0187313 1.5678026 -0.2016564
v -0.0168011 1.5660731 -0.1972384
v -0.0121332 1.5653359 -0.1954101
v -0.0074652 1.5660731 -0.1972384
v -0.0055153 1.5678026 -0.2016564
v -0.0074652 1.5695605 -0.2060815
v -0.0121332 1.5499970 -0.2118868
v -0.0168011 1.5501388 -0.2098877
v -0.0187313 1.5504223 -0.2050713
v -0.0168011 1.5507342 -0.2002478
v -0.0121332 1.5508476 -0.1982558
v -0.0074652 1.5507342 -0.2002478
v -0.0055153 1.5504223 -0.2050713
v -0.0074652 1.5501388 -0.2098877
v -0.0121332 1.5259255 -0.2009023
v -0.0168011 1.5270029 -0.1992162
v -0.0187313 1.5296113 -0.1951540
v -0.0168011 1.5322198 -0.1910917
v -0.0121332 1.5333256 -0.1894127
v -0.0074652 1.5322198 -0.1910917
v -0.0055153 1.5296113 -0.1951540
v -0.0074652 1.5270029 -0.1992162
v -0.0121332 1.5072410 -0.1863963
v -0.0168011 1.5084034 -0.1848240
v -0.0187313 1.5112671 -0.1810392
v -0.0168011 1.5141307 -0.1772473
v -0.0121332 1.5153215 -0.1756821
v -0.0074652 1.5141307 -0.1772473
v -0.0055153 1.5112671 -0.1810392
v -0.0074652 1.5084034 -0.1848240
v -0.0121332 1.4845587 -0.1782433
v -0.0168011 1.4851258 -0.1763580
v -0.0187313 1.4864867 -0.1718048
v -0.0168011 1.4878476 -0.1672517
v -0.0121332 1.4883864 -0.1653664
v -0.0074652 1.4878476 -0.1672517
v -0.0055153 1.4864867 -0.1718048
v -0.0074652 1.4851258 -0.1763580
v -0.0168011 1.4355651 -0.1827324
v -0.0121332 1.4353666 -0.1846533
v -0.0187313 1.4360754 -0.1780868
v -0.0168011 1.4365858 -0.1734411
v -0.0121332 1.4368126 -0.1715203
v -0.0074652 1.4365858 -0.1734411
v -0.0055153 1.4360754 -0.1780868
v -0.0074652 1.4355651 -0.1827324
v 0.0370082 1.3680854 -0.1766710
v 0.0548724 1.1905968 -0.1768062
v 0.0760061 1.2788307 -0.1769414
v -0.0001974 1.1315945 -0.1803349
v 0.1463402 1.1345149 -0.1701614
v 0.0745683 1.0364425 -0.1619088
v -0.0008277 1.0494848 -0.1690516
v -0.0764010 1.3671497 -0.1773682
v -0.0734663 1.2422556 -0.1770979
v -0.0740768 1.1303470 -0.1759382
v -0.0715755 1.0505906 -0.1639293
v -0.0763616 1.4336938 -0.1738395
v 0.0363582 1.4319926 -0.1734411
v 0.1486446 1.4741816 -0.1647617
v 0.0505196 1.4607424 -0.1807831
v -0.0214296 1.4553837 -0.1800930
v -0.0750419 1.4600052 -0.1793175
v -0.1472669 1.4733310 -0.1624709
v 0.0808710 1.4673769 -0.1938947
v -0.0200706 1.4566312 -0.1985332
v -0.1057676 1.4683976 -0.1950828
v -0.0072092 1.4434755 -0.2140495
v 0.1060227 1.4501951 -0.2118939
v 0.0849874 1.3857492 -0.2473444
v 0.0623765 1.4041785 -0.2301847
v 0.0478803 1.3500813 -0.2489736
v -0.1077963 1.4490326 -0.2252474
v -0.0017337 1.4044904 -0.2223306
v -0.1111643 1.4264922 -0.2471595
v -0.0641304 1.4310003 -0.2301634
v 0.0034857 1.3129108 -0.2595099
v -0.0955060 1.3916749 -0.2603778
v 0.0564086 1.2782353 -0.3046999
v 0.0194788 1.2534833 -0.3050129
v -0.0790402 1.3365854 -0.2868074
v -0.0206221 1.3154909 -0.2651373
v -0.0224144 1.2588703 -0.3060089
v 0.1159691 1.2070697 -0.2277303
v 0.1290275 1.2481813 -0.2225938
v 0.0582994 1.2011724 -0.2852494
v 0.0916643 1.1595788 -0.2339340
v 0.0319857 1.1663267 -0.2867292
v 0.0651339 1.1338061 -0.2522177
v 0.1445479 1.4704390 -0.1824549
v 0.1451585 1.0540496 -0.1645340
v 0.1514612 1.0604857 -0.1857844
v 0.1480932 1.1308290 -0.1822628
v 0.1327106 1.0902845 -0.2086569
v 0.1335970 1.0955865 -0.2345173
v 0.1489204 1.1649091 -0.2001695
v 0.1478765 1.1946512 -0.2236182
v 0.1278851 1.1511013 -0.2300780
v 0.1478371 1.2065877 -0.1810107
v 0.1512642 1.2783771 -0.1813309
v 0.1593789 1.2488334 -0.2182541
v 0.1521111 1.2780652 -0.2297294
v 0.1525050 1.2997267 -0.2071060
v 0.1527020 1.3509036 -0.1816083
v 0.1481128 1.3872802 -0.1752197
v 0.1511460 1.4325030 -0.1654162
v 0.1236308 1.2750881 -0.2513000
v 0.0862874 1.2528028 -0.2870137
v 0.0913886 1.3363586 -0.2910618
v 0.1396633 1.3565174 -0.2575819
v 0.1553413 1.4349129 -0.1906079
v 0.1362559 1.4477851 -0.2184319
v 0.1477386 1.4227779 -0.2256174
v 0.1212870 1.3972037 -0.2664250
v 0.1553413 1.3692195 -0.2130179
v 0.1507324 1.3424828 -0.2424356
v -0.1482911 1.1122863 -0.1656367
v -0.1461639 1.0545032 -0.1642139
v -0.1434065 1.0576504 -0.2151096
v -0.1324752 1.0048008 -0.1901455
v -0.1463609 1.1905117 -0.1801214
v -0.1537862 1.1682547 -0.2027236
v -0.1552240 1.2941129 -0.2012224
v -0.1524075 1.4703823 -0.1795594
v -0.1525848 1.3858342 -0.1764932
v -0.1510879 1.3264634 -0.1830383
v -0.1490395 1.2063893 -0.2347023
v -0.1517969 1.1489181 -0.2386365
v -0.1557558 1.0741234 -0.2405858
v -0.1317268 1.1546170 -0.2561804
v -0.1376947 1.4277680 -0.2312377
v -0.1569376 1.2616206 -0.2213274
v -0.1234939 1.2238263 -0.2426774
v -0.1561497 1.3909944 -0.1930908
v -0.1419687 1.3767330 -0.2498629
v -0.1392506 1.3255845 -0.2453097
v -0.1229818 1.3765345 -0.2744357
v -0.1353705 1.2521507 -0.2586704
v 0.0052780 1.1042624 -0.2863948
v 0.0274162 1.2078353 -0.2992574
v -0.1238484 1.3241952 -0.2704943
v -0.0905820 1.3079774 -0.3021103
v -0.0314549 1.1095644 -0.2935802
v -0.0143391 1.2003785 -0.3044153
v -0.0968059 1.1737835 -0.2637713
v -0.0522144 1.0934600 -0.2827380
v -0.0746480 1.1301486 -0.2670083
v -0.1048222 1.2069563 -0.2823610
v -0.0625547 1.2369820 -0.3074104
v -0.0557596 1.1643420 -0.2982685
v -0.1009421 1.0931765 -0.2700035
v -0.1426777 1.0811549 -0.2586277
v -0.0291504 1.0518948 -0.2713481
v 0.0406125 1.0499668 -0.2666597
v -0.0932410 1.0315375 -0.2556183
v -0.1221743 1.0302049 -0.2391274
v 0.1058651 1.1192327 -0.2528722
v 0.0717321 1.0986202 -0.2671506
v 0.1270776 1.0363007 -0.2303270
v 0.1413965 1.0226630 -0.1997000
v -0.1270786 1.0058215 -0.1631681
v -0.0972392 0.9942535 -0.1973452
v 0.0284601 1.0049142 -0.1676216
v 0.1246353 1.0054245 -0.1678279
v 0.1043288 0.9960681 -0.2003332
v 0.1080907 1.0138737 -0.2278370
v 0.0277511 1.0330685 -0.2580941
v -0.0490827 1.0203098 -0.2535979
v 0.0101823 0.9951892 -0.1991380
v -0.0531007 0.9924106 -0.2041820
v -0.1816757 1.3138748 -0.1600805
v -0.2146663 1.2722529 -0.1355433
v -0.2020215 1.3011160 -0.1273832
v -0.2312897 1.2543055 -0.0820438
v -0.2073197 1.2803334 -0.0562189
v -0.2389908 1.2477844 -0.0181859
v -0.2327275 1.2517254 0.0105559
v -0.2096045 1.2782353 0.0040036
v -0.2088757 1.2496557 -0.1419461
v -0.2065713 1.1854932 -0.0700277
v -0.2120862 1.1838488 -0.0073152
v -0.2379469 1.2107840 -0.0402544
v -0.2233522 1.2136759 0.0083007
v -0.1848073 1.2788591 -0.1548444
v -0.1705868 1.2286179 -0.1450124
v -0.1907752 1.2053402 -0.1333023
v -0.2287489 1.2243650 -0.0966067
v 0.2198848 1.2589270 0.0385933
v 0.2122034 1.2778667 0.0308103
v 0.2386353 1.2475576 -0.0098479
v 0.2267981 1.2616206 -0.0924947
v 0.2070824 1.2845296 -0.0933484
v 0.2140942 1.2731034 -0.1360911
v 0.1870123 1.3144418 -0.1495727
v 0.1850033 1.3069567 -0.1599311
v 0.2334750 1.2293267 -0.0913208
v 0.2088551 1.2496273 -0.1419177
v 0.1880956 1.2683969 -0.1538270
v 0.2153547 1.2165963 0.0400945
v 0.2357794 1.2111809 -0.0273989
v 0.2362324 1.2144131 -0.0629561
v 0.2022766 1.1925247 0.0402154
v 0.2154926 1.1828564 -0.0291063
v 0.1985147 1.1939140 -0.1085445
v 0.1902424 1.2059073 -0.1329679
v 0.1708419 1.2318785 -0.1450409
v -0.2073000 1.1846427 -0.0323860
v 0.2095050 1.2728483 -0.0099546
v 0.2088551 1.1846143 -0.0258053
v -0.2022579 1.1488614 0.0025381
v -0.1941826 1.1071544 0.0034345
v -0.2013913 1.5164273 -0.0048750
v -0.1590450 1.4956730 0.0369784
v -0.1638115 1.5276834 -0.0022498
v -0.1600692 1.5334957 -0.0570370
v -0.2011746 1.5251883 -0.0508974
v -0.1907161 1.0612229 -0.0525764
v -0.1740730 1.0912485 -0.0725248
v -0.1512061 1.0592665 -0.0994667
v -0.1703308 1.0141572 -0.0997726
v -0.1219182 0.9977976 -0.1407367
v -0.1443716 0.9510438 -0.1331956
v -0.0922956 0.9221807 -0.1662486
v -0.1285754 0.9034962 -0.1518564
v -0.0367531 0.8231443 -0.1406371
v -0.0826052 0.8142415 -0.1363899
v -0.1051570 0.8472158 -0.1513228
v -0.0685226 0.8670061 -0.1607990
v -0.0375409 0.7690755 -0.0598329
v -0.0065001 0.7913891 -0.0756907
v 0.0018115 0.7870795 -0.0163361
v -0.0218039 0.7594355 -0.0079057
v 0.0016934 0.7848396 0.0439219
v -0.0192040 0.7608248 0.0467036
v -0.0595019 0.7891209 -0.1106290
v -0.1590450 1.5266059 -0.0988050
v -0.1521515 1.4812131 -0.1496651
v -0.1909327 1.4792284 -0.1412916
v -0.1990475 1.5161721 -0.0976098
v -0.1530181 1.1919010 -0.1626061
v -0.1852406 1.2237128 -0.1458021
v -0.1560906 1.2710337 -0.1805910
v -0.1899873 1.4464525 -0.1615033
v -0.1474047 1.4486641 -0.1681196
v -0.1491380 1.3202825 -0.1823269
v -0.1875056 1.3309148 -0.1723811
v -0.1915827 1.4108131 -0.1759667
v -0.1511470 1.4004359 -0.1826257
v -0.0784690 1.4724237 -0.1654162
v -0.0762828 1.4393927 -0.1775247
v -0.0000399 1.4664413 -0.1658644
v -0.0203464 1.4348279 -0.1757390
v 0.2318599 1.2686804 0.0308316
v 0.2227801 1.1887822 0.0127613
v 0.2022766 1.1482377 0.0025452
v 0.2013509 1.0553538 0.0259299
v 0.1987905 1.1051697 0.0049427
v 0.1956194 1.4874224 0.0275377
v 0.2018039 1.5181001 -0.0083041
v 0.1635151 1.5250182 0.0037617
v 0.2000116 1.5229484 -0.0599539
v 0.1613288 1.5355938 -0.0478311
v 0.1906757 1.0612229 -0.0525764
v 0.1669618 1.0067288 -0.1045463
v 0.1506930 1.0623853 -0.1011172
v 0.1745448 1.0895473 -0.0710806
v 0.1218385 0.9977976 -0.1409217
v 0.1454145 0.9516392 -0.1359701
v 0.1229612 0.8903405 -0.1528026
v 0.0908371 0.9223508 -0.1642708
v 0.0363385 0.8227474 -0.1399684
v 0.0727169 0.8759372 -0.1640289
v 0.1050773 0.8474143 -0.1512587
v 0.0826042 0.8144967 -0.1362049
v 0.0387020 0.7705498 -0.0590433
v 0.0279283 0.7639720 -0.0015455
v 0.0004328 0.7921263 -0.0303655
v 0.0065780 0.7913041 -0.0756836
v 0.0200894 0.7615053 0.0464048
v -0.0009853 0.7849814 0.0437299
v 0.0615296 0.7928351 -0.1092631
v 0.1590638 1.5266059 -0.0987624
v 0.1990268 1.5161721 -0.0976098
v 0.1914636 1.4793135 -0.1418679
v 0.1527808 1.4828008 -0.1518848
v 0.1548882 1.2071548 -0.1696136
v 0.1560503 1.2710337 -0.1805910
v 0.1855548 1.2108690 -0.1427358
v 0.1895728 1.4459138 -0.1611263
v 0.1479159 1.4495997 -0.1707092
v 0.1513036 1.3362168 -0.1861899
v 0.1512051 1.4003792 -0.1826257
v 0.1909712 1.3971754 -0.1792179
v 0.1874653 1.3309148 -0.1723811
v 0.0783696 1.4730758 -0.1681410
v 0.0760849 1.4390241 -0.1775745
v 0.0203257 1.4348279 -0.1757462
v 0.0214287 1.0631225 -0.1602156
v -0.0198540 1.0519515 -0.1576687
v -0.0183965 1.1808717 -0.1888436
v 0.0228271 1.1942543 -0.1916110
v -0.0198737 1.3064747 -0.2228926
v 0.0206999 1.3067866 -0.2227788
v -0.0185540 1.2290148 -0.2180264
v 0.0221180 1.2289865 -0.2174857
v -0.0192434 0.8379445 -0.1491245
v -0.0193222 0.9131928 -0.1727155
v 0.0217635 0.9129093 -0.1716341
v 0.0218226 0.8375475 -0.1491956
v -0.0196176 0.9890083 -0.1719827
v 0.0215075 0.9886964 -0.1721463
v 0.0206212 1.3668945 -0.1974590
v -0.0201691 1.3660440 -0.1955595
v -0.0188298 0.8005187 -0.1114827
v 0.0216453 0.7990444 -0.1101950
v -0.0182980 0.7674877 0.0310949
v 0.0200303 0.7659850 0.0177840
v -0.0184556 0.7700395 -0.0177519
v -0.2002292 1.5131384 -0.0103530
v -0.1710792 1.0232017 -0.0889375
v -0.1472669 1.0572818 -0.0989687
v -0.1688733 1.0941688 -0.0666982
v -0.1033253 0.8493706 -0.1463997
v -0.1000755 0.9472446 -0.1548870
v -0.0610578 0.7932604 -0.1071928
v -0.0255658 0.7635183 -0.0074717
v -0.0327351 0.8218968 -0.1284361
v -0.0014580 0.7880719 0.0135083
v -0.1514621 1.4773288 -0.1455460
v -0.1817544 1.3008892 -0.1585865
v -0.1474835 1.4464525 -0.1629547
v -0.0209372 1.4311137 -0.1710934
v 0.0393323 1.4649102 -0.1612045
v 0.2174425 1.1899730 0.0113812
v 0.1966436 1.1489465 0.0024598
v 0.1934332 1.1039222 0.0051917
v 0.1620970 1.5227783 -0.0043699
v 0.1475023 1.0609677 -0.1012310
v 0.1510869 0.9731307 -0.1196570
v 0.1686951 1.0941405 -0.0669686
v 0.0886312 0.9234565 -0.1591698
v 0.1042106 0.8488036 -0.1459017
v 0.0328523 0.8218117 -0.1283578
v 0.1509688 1.4798522 -0.1473530
v 0.1810444 1.2074950 -0.1370230
v 0.1819504 1.3005206 -0.1626630
v 0.1511657 1.2084307 -0.1656154
v 0.1527020 1.2719693 -0.1762015
v 0.1517566 1.3679436 -0.1804416
v 0.1465766 1.4456587 -0.1661490
v 0.0204045 1.4332118 -0.1703891
v 0.0213893 1.0631509 -0.1544602
v -0.0182586 1.1831683 -0.1836359
v 0.0208772 1.2967497 -0.2174146
v 0.0206802 1.3478415 -0.1982131
v -0.0197949 1.2965512 -0.2175355
v 0.0218029 0.9137032 -0.1660921
v -0.0189676 0.8066146 -0.1098251
v -0.0194207 0.9140151 -0.1671734
v 0.0216847 0.8052820 -0.1088220
v 0.0201681 0.7737820 0.0070699
v -0.2230765 0.4633187 0.0554186
v -0.1731473 0.4972854 0.0774232
v -0.2022579 0.5398997 0.0673920
v -0.0895184 0.5429618 -0.0728948
v -0.0904441 0.4887796 -0.0775973
v -0.1164034 0.5451166 -0.1010887
v -0.1887859 0.5087399 -0.1148549
v -0.2276459 0.4896869 -0.0994098
v -0.2158087 0.5714564 -0.0853519
v -0.1823650 0.5665797 -0.1129412
v -0.2536642 0.5254398 -0.0223193
v -0.1441746 0.5450599 -0.1187180
v -0.1517969 0.4877305 -0.1165196
v -0.1451200 0.5898857 -0.0979158
v -0.0699407 0.5614762 -0.0319947
v -0.0749435 0.4809825 -0.0487062
v -0.0672424 0.5495113 -0.0033810
v -0.0766176 0.4738943 -0.0124304
v -0.2345198 0.5079744 0.0458926
v -0.2511235 0.5178696 0.0148387
v -0.2443284 0.5876458 -0.0059279
v -0.2400150 0.5626953 0.0215617
v -0.2151981 0.5943087 -0.0740188
v -0.0829006 0.5154596 0.0187943
v -0.0865247 0.4770415 0.0237885
v -0.1053540 0.5072372 0.0515983
v -0.1064372 0.4607953 0.0480127
v -0.1360599 0.5076058 0.0728273
v -0.1358039 0.4583286 0.0679185
v -0.2165374 0.5691314 0.0557388
v -0.1817938 0.5606256 0.0780848
v -0.2366864 0.5901409 0.0363808
v -0.1746048 0.7552677 0.1277924
v -0.1314904 0.7432744 0.1455497
v -0.1955219 0.6789986 0.1241214
v -0.1621373 0.5972858 0.1196892
v -0.1985157 0.6121427 0.1126816
v -0.2237461 0.7613068 0.0881871
v -0.2392074 0.6815787 0.0722724
v -0.2251249 0.6657011 0.1052685
v -0.2320775 0.5836764 0.0739941
v -0.1225879 0.6304302 0.1249538
v -0.1133308 0.5675153 0.0987091
v -0.1026359 0.5874190 0.0869990
v -0.1208940 0.5607957 0.0810515
v -0.1840589 0.5686211 0.0978768
v -0.0928667 0.7354207 0.1373611
v -0.2427330 0.5905095 0.0567917
v -0.0887503 0.7440399 0.1189706
v -0.1807302 0.5953578 -0.0926939
v -0.1799227 0.7171898 -0.0925800
v -0.2129134 0.7223500 -0.0592851
v -0.1877026 0.6423668 -0.0966494
v -0.2203387 0.6435859 -0.0646137
v -0.0893412 0.5774105 -0.0617609
v -0.1413778 0.7532263 -0.1109563
v -0.1398612 0.6844707 -0.1100670
v -0.1413778 0.6330670 -0.1071217
v -0.1026359 0.6512412 -0.0993457
v -0.2482873 0.7166228 0.0139921
v -0.2117710 0.7728748 -0.0547604
v -0.0622002 0.5752273 0.0382519
v -0.0503826 0.6287574 -0.0002294
v -0.0635789 0.6105549 -0.0353882
v -0.0752980 0.6214424 -0.0705044
v -0.0718315 0.6657011 -0.0733928
v -0.0374227 0.6727326 0.0459495
v -0.0364182 0.6956700 -0.0401619
v -0.0257233 0.7203937 0.0036195
v -0.0577292 0.7152618 -0.0852239
v -0.0964711 0.7249301 -0.1121657
v -0.0925122 0.6621854 0.0986522
v -0.0586352 0.7039207 0.0877958
v -0.0647804 0.6491714 0.0844877
v -0.0838066 0.5742916 0.0680963
v -0.2485827 0.6369230 0.0012362
v -0.2416497 0.6342862 0.0481336
v -0.2319396 0.7396736 0.0589047
v -0.2182904 0.7721943 0.0749189
v -0.2623108 0.4439538 -0.0320943
v -0.2307185 0.4186914 -0.1157371
v -0.2338304 0.3480646 -0.1085374
v -0.2530340 0.3495389 -0.0693021
v -0.2039714 0.3733836 -0.1270061
v -0.2087969 0.3296919 -0.1320502
v -0.1997171 0.4237949 -0.1354721
v -0.2516750 0.4831657 -0.0247808
v -0.2549445 0.4643961 0.0102073
v -0.2607351 0.3567122 -0.0437689
v -0.1183139 0.4838745 -0.1041906
v -0.1651705 0.4202792 -0.1338145
v -0.1070478 0.4185780 -0.0898980
v -0.1389158 0.3962927 -0.1221257
v -0.1730291 0.3696694 -0.1319506
v -0.1143353 0.3435848 -0.1062964
v -0.1802575 0.3210443 -0.1380546
v -0.1493349 0.3184075 -0.1322067
v -0.0250340 0.7621574 0.0518544
v -0.0207994 0.7689904 0.0017413
v -0.0467783 0.7603428 0.0952089
v -0.1096477 0.7918995 0.1221863
v -0.2283353 0.8275106 0.0208289
v -0.2200236 0.8289283 0.0617433
v -0.1704096 0.8182393 -0.0916623
v -0.0957620 0.7630363 -0.1054783
v -0.0606639 0.7550125 -0.0771776
v -0.0870564 0.8012276 -0.1126637
v -0.0502448 0.7863423 -0.0888664
v -0.0398847 0.7497105 -0.0404109
v -0.0276535 0.7763054 -0.0413713
v -0.1465972 0.7635467 0.1199311
v -0.1579224 0.8164247 0.1136278
v -0.1929023 0.8259512 0.0921426
v -0.2034593 0.8242217 -0.0459316
v -0.1350357 0.8110376 -0.1142288
v -0.0877064 0.4010560 -0.0571509
v -0.0999967 0.3230857 -0.0771562
v -0.1020450 0.3358728 -0.0450352
v -0.1086038 0.3072365 -0.0164784
v -0.1237499 0.3351073 0.0174995
v -0.1439383 0.2987307 0.0228779
v -0.1265468 0.4154875 0.0397672
v -0.1469124 0.3844979 0.0499904
v -0.0970817 0.3999218 -0.0026055
v -0.0864459 0.4046851 -0.0256488
v -0.1799424 0.4381131 0.0662751
v -0.1860678 0.3106105 0.0424777
v -0.2594548 0.2814354 -0.0440961
v -0.1285754 0.2652743 -0.0009408
v -0.1128384 0.2677977 -0.0547604
v -0.1161276 0.2696123 -0.0836374
v -0.1311162 0.2730430 -0.1095334
v -0.2025730 0.2632329 -0.1229439
v -0.2403498 0.2349368 -0.1029456
v -0.2580170 0.2480642 -0.0749152
v -0.2568156 0.3132473 -0.0154042
v -0.2375924 0.3076618 0.0112175
v -0.2098408 0.3026433 0.0288610
v -0.2069061 0.1912735 0.0152798
v -0.1704687 0.1885800 0.0078382
v -0.1297375 0.2250700 -0.0267942
v -0.1598723 0.2412879 -0.1192658
v -0.2174237 0.1955264 -0.1096970
v -0.2443481 0.1963203 -0.0886601
v -0.2049562 0.2281605 -0.1244663
v -0.2532900 0.1969441 -0.0494390
v -0.2403695 0.1939954 -0.0056647
v -0.1409248 0.1845255 -0.0244678
v -0.1343857 0.1862550 -0.0620597
v -0.1803363 0.1911601 -0.1133040
v -0.1452185 0.1877010 -0.0904102
v -0.2610896 0.3400691 -0.0247595
v -0.2602033 0.4460802 -0.0114344
v -0.2681014 0.4596612 0.0147178
v -0.2356228 0.4562022 0.0636499
v -0.1963491 0.4286149 0.0809092
v -0.1952855 0.3173868 0.0603133
v -0.2272520 0.3048549 0.0447543
v -0.2679438 0.3163661 0.0098658
v -0.2748767 0.3312230 -0.0105451
v -0.2666439 0.4389070 0.0373056
v -0.2249870 0.3304575 0.0639487
v -0.2366864 0.4246455 0.0680252
v -0.2207721 0.3674579 0.0663391
v -0.1913857 1.0801625 0.0028796
v -0.1925281 1.0258669 -0.0456328
v -0.2091121 0.9736694 0.0047364
v -0.2101166 0.9438989 0.0584920
v -0.1852800 1.0836783 0.0467463
v -0.1764956 0.9764480 0.1083134
v -0.1512455 1.1604577 0.0794863
v -0.1325343 0.9196289 0.1391254
v -0.1137641 1.0094790 0.1406835
v -0.1112824 1.0889803 0.1234953
v -0.0606245 0.9368958 0.1546488
v -0.0458132 1.0231734 -0.1566372
v -0.0958999 0.9719966 -0.1502556
v -0.0843187 1.0722805 -0.1328541
v -0.0412240 0.9229178 -0.1681908
v -0.1427171 0.9630087 -0.1276322
v -0.1268422 1.0676590 -0.1087153
v -0.1746245 1.0210753 -0.0803506
v -0.1825029 0.9226910 -0.0923168
v -0.2119089 0.8706069 -0.0507978
v -0.2040108 0.8256960 -0.0593421
v -0.2343622 0.8314800 0.0183674
v -0.1849255 0.8487469 -0.0978375
v -0.1775198 0.8232294 -0.0931705
v -0.1416338 0.8583018 -0.1307554
v -0.1365523 0.8146384 -0.1238047
v -0.0840036 0.8013977 -0.1223818
v -0.0945606 0.8374058 -0.1426718
v -0.0242068 0.8057640 -0.1077193
v -0.0216857 0.8362149 -0.1425509
v -0.2269566 0.8348824 0.0610674
v -0.1976293 0.8315084 0.1007225
v -0.2235098 0.8947635 0.0024314
v -0.0976725 0.8853787 -0.1587857
v -0.0443557 0.8750583 -0.1612828
v -0.2077924 0.9316789 -0.0483220
v -0.1367099 0.8108392 0.1318760
v -0.0987755 0.8576780 0.1411388
v -0.0757313 0.7774679 0.1276074
v -0.0582216 0.8165664 0.1280983
v -0.0386439 0.7625827 0.1022734
v -0.0258612 0.7926367 0.1017541
v 0.0117777 0.8458265 0.1376812
v -0.0831567 1.1917592 0.1263766
v -0.0326563 1.1949631 0.1401428
v -0.1912479 1.1553542 -0.0017874
v -0.1803757 1.1666670 0.0462625
v -0.1791940 1.1034686 -0.0387035
v -0.1819711 1.1604010 -0.0385043
v -0.1607783 1.0963804 -0.0746378
v -0.1591435 1.1444384 -0.0758686
v -0.1272361 1.1413196 -0.1119807
v -0.0841415 1.1448353 -0.1290479
v -0.1560119 1.1919293 -0.1516785
v -0.1055903 1.1950765 -0.1750916
v -0.0366152 1.2391368 -0.2130179
v -0.1174276 1.2382578 -0.1914118
v -0.1075205 1.2922983 -0.2022896
v -0.0343502 1.2884140 -0.2176707
v -0.1409839 1.2756552 -0.1832233
v -0.1937099 1.1914473 -0.1088077
v -0.1697596 1.2355643 -0.1561605
v -0.1992247 1.2131939 -0.1049945
v -0.1715126 1.2649662 -0.1574055
v -0.1998550 1.1892642 -0.0482651
v -0.1015133 1.3661857 0.1381081
v -0.0678332 1.2275121 0.1545777
v -0.0333457 1.3385417 0.1483171
v -0.1907358 1.1852097 0.0518615
v -0.2118104 1.2418019 0.0423212
v -0.2110817 1.2076084 -0.0020008
v -0.2137997 1.2532565 -0.0069026
v -0.2101953 1.2961259 0.0322332
v -0.2243961 1.3797384 0.0300420
v -0.2141936 1.3434751 0.0178338
v -0.1307814 1.2121165 0.1233459
v -0.1930008 1.2404410 0.0762849
v -0.1326919 1.2835089 0.1316839
v -0.1670416 1.2727916 0.1076162
v -0.1962112 1.3295822 0.0746486
v -0.1528999 1.3482951 0.1184798
v -0.1439580 1.4169656 0.0949101
v -0.1847679 1.3921569 0.0783694
v -0.0422088 1.4719134 0.1023232
v -0.0796705 1.4900025 0.0820688
v -0.0175298 1.4072122 0.1317479
v -0.2279808 1.4435889 0.0235537
v -0.1068902 1.4912500 0.0544155
v -0.2279217 1.4749471 -0.1275041
v -0.2192752 1.4331267 -0.1576901
v -0.2127558 1.3947087 -0.1701614
v -0.1491774 1.3995853 -0.1740814
v -0.1445094 1.4721969 -0.1516714
v -0.0670454 1.4695884 -0.1608488
v -0.0997012 1.3976574 -0.1844327
v -0.1425399 1.4986784 -0.1273903
v -0.0880806 1.4953611 -0.1436109
v -0.1999929 1.5057950 -0.1005623
v -0.0979089 1.5297248 -0.1113831
v -0.1300329 1.5345731 -0.0379351
v -0.1152413 1.5399885 -0.0802439
v -0.1946553 1.5216159 -0.0562829
v -0.2311321 1.4970056 -0.0610424
v -0.1736988 1.4823756 0.0389562
v -0.2322351 1.4859197 -0.0055224
v -0.1917206 1.5231185 -0.0296043
v -0.2303246 1.4947657 -0.0312904
v -0.1289694 1.5179016 0.0005603
v -0.1649538 1.5177882 0.0029578
v -0.2268384 1.4857212 -0.0893502
v -0.1428353 1.2985076 -0.1783429
v -0.1198108 1.3328145 -0.1825190
v -0.0587731 1.3399877 -0.2041180
v -0.1846694 1.3332965 -0.1646621
v -0.2070046 1.3364720 -0.1509457
v -0.2586079 1.4451483 -0.1254410
v -0.2652651 1.3989332 -0.1343410
v -0.2686528 1.4372662 -0.1122084
v -0.2036563 1.2856070 -0.0846903
v -0.2204569 1.3036678 -0.1130621
v -0.2053698 1.2831687 -0.0594772
v -0.2159072 1.2917029 -0.0336879
v -0.2188615 1.3121453 -0.0065540
v -0.2577413 1.4749188 -0.0613483
v -0.2584503 1.4722820 -0.0178728
v -0.2642016 1.4622734 -0.0575350
v -0.2613850 1.4579071 -0.0184420
v -0.2237264 1.4684827 -0.1176224
v -0.2601639 1.4649102 -0.0898695
v -0.2200630 1.4301497 -0.1522476
v -0.2365879 1.4152928 -0.1476020
v -0.2083045 1.3775269 -0.1612330
v -0.2307973 1.3303194 -0.1382894
v -0.2051335 1.3094801 -0.1297167
v -0.2470858 1.4072690 0.0267836
v -0.2600654 1.3455449 -0.1499213
v -0.2078515 1.2932339 -0.0232512
v -0.2536052 1.3907960 -0.1507607
v -0.2071819 1.2321903 -0.0546964
v -0.1955810 1.2432763 -0.1060759
v -0.3534044 1.3762510 -0.0507836
v -0.2984528 1.4309152 -0.0784297
v -0.3692399 1.3555534 -0.0736133
v -0.3641190 1.3394207 -0.1015156
v -0.3528135 1.3181844 -0.1206815
v -0.3414884 1.2904837 -0.1280946
v -0.2776145 1.3179576 -0.1410071
v -0.3242544 1.2785755 -0.1262876
v -0.2551611 1.2978838 -0.1371440
v -0.2404286 1.2824032 -0.1189243
v -0.2392862 1.2569707 -0.0902608
v -0.2781069 1.2305175 -0.0757263
v -0.2634531 1.2407812 -0.0532593
v -0.2964832 1.4360471 -0.0311837
v -0.3190744 1.3829139 0.0016061
v -0.3571269 1.3668095 -0.0251721
v -0.3480865 1.3175890 0.0229277
v -0.2748177 1.3149805 0.0326031
v -0.3101915 1.2468771 0.0166386
v -0.2779296 1.2467353 -0.0105736
v -0.4684089 1.2221534 0.0013571
v -0.4512931 1.2464518 -0.0302019
v -0.5220803 1.1668654 -0.0099190
v -0.4598805 1.2126552 0.0307534
v -0.4015018 1.2620175 0.0358614
v -0.4526718 1.1846143 0.0563222
v -0.3776895 1.2389950 0.0430469
v -0.3879904 1.1919293 0.0397245
v -0.3832043 1.1573956 0.0140277
v -0.4448328 1.0946508 0.0053482
v -0.3267952 1.1849545 -0.0331330
v -0.4546217 1.2421705 -0.0512816
v -0.4994102 1.1918159 -0.0491900
v -0.4309669 1.2548159 -0.0785507
v -0.4300018 1.2094514 -0.0973039
v -0.4833187 1.1634348 -0.0709597
v -0.4625789 1.1511580 -0.0773199
v -0.4057955 1.1739253 -0.0957886
v -0.4127285 1.1344015 -0.0677298
v -0.3702050 1.1493434 -0.0437475
v -0.5580844 1.1363295 0.0020828
v -0.5279299 1.1646256 0.0135154
v -0.5485122 1.1319064 0.0403363
v -0.5044327 1.1568569 0.0452096
v -0.4745540 1.1311693 0.0560091
v -0.4543657 1.0854929 0.0271180
v -0.4750661 1.0588979 0.0140348
v -0.5489652 1.1307156 -0.0326563
v -0.5189289 1.1566017 -0.0373233
v -0.4988391 1.1295815 -0.0561691
v -0.5318494 1.1041774 -0.0499441
v -0.4596836 1.0954164 -0.0346483
v -0.4922606 1.0623003 -0.0255705
v -0.5123702 1.0791986 -0.0456897
v -0.4775281 1.1108403 -0.0517796
v -0.4485554 1.0904546 -0.0096202
v -0.4633864 1.1009168 0.0490016
v -0.4890896 1.1460545 0.0510434
v -0.4500917 1.1002930 0.0245639
v 0.2515755 0.5301180 -0.0213731
v 0.2485030 0.5180680 0.0148174
v 0.2444850 0.5876175 -0.0059564
v 0.2410973 0.5521197 0.0184030
v 0.2262072 0.5265455 -0.0945151
v 0.2169107 0.5982781 -0.0715288
v 0.2350309 0.5091936 0.0448183
v 0.2117504 0.5676854 0.0562937
v 0.2247694 0.4657004 0.0544440
v 0.1774007 0.5594064 0.0786255
v 0.1689117 0.4951022 0.0756375
v 0.1335970 0.4652751 0.0679398
v 0.1349954 0.5073223 0.0725783
v 0.1039349 0.4530834 0.0481336
v 0.1036592 0.5184650 0.0510718
v 0.0844556 0.4655586 0.0237743
v 0.0823088 0.5192588 0.0213625
v 0.0729532 0.4999506 -0.0104384
v 0.0648976 0.5576485 -0.0014317
v 0.0726578 0.4696414 -0.0505203
v 0.0765970 0.5212152 -0.0421468
v 0.0680489 0.5560324 -0.0319805
v 0.0873312 0.4970586 -0.0789704
v 0.0906205 0.5411189 -0.0729019
v 0.1175842 0.5203646 -0.1026041
v 0.1090755 0.5665797 -0.0919896
v 0.1468326 0.5253830 -0.1195361
v 0.1452963 0.5860014 -0.1009963
v 0.1828565 0.5619865 -0.1114614
v 0.1912469 0.4982211 -0.1169892
v 0.2184667 0.5619582 -0.0876783
v 0.2501968 0.4830806 -0.0245033
v 0.2547860 0.4653885 0.0123416
v 0.2627825 0.4506450 -0.0098194
v 0.2620931 0.4489722 -0.0319022
v 0.2485620 0.4654168 -0.0635039
v 0.2472227 0.4541608 0.0599007
v 0.2736546 0.4523178 0.0240161
v 0.1794885 0.4389070 0.0672853
v 0.2120261 0.4393890 0.0848363
v 0.1555973 0.4095902 0.0574533
v 0.1060227 0.4152040 0.0169303
v 0.0758879 0.4586405 -0.0128715
v 0.0898917 0.3981356 -0.0268084
v 0.0891236 0.4017364 -0.0585737
v 0.1024774 0.4364119 -0.0859566
v 0.1235914 0.4643394 -0.1063391
v 0.1522884 0.4903106 -0.1150612
v 0.1645196 0.4298624 -0.1337932
v 0.1996965 0.4346257 -0.1355931
v 0.2268571 0.4807557 -0.1026183
v 0.2491529 0.6370931 0.0010299
v 0.2367248 0.5905662 0.0363594
v 0.1205386 0.5607390 0.0811155
v 0.0839041 0.5742349 0.0685232
v 0.0621992 0.5751706 0.0384439
v 0.1025168 0.5804442 0.0840181
v 0.0491212 0.6285022 -0.0000159
v 0.0634204 0.6105549 -0.0353882
v 0.0838845 0.5784879 -0.0573501
v 0.0763606 0.6219527 -0.0695653
v 0.1020638 0.6509293 -0.1009322
v 0.1411602 0.6329536 -0.1086868
v 0.1815368 0.5950459 -0.0942519
v 0.1873668 0.6423668 -0.0962012
v 0.2523634 0.3495956 -0.0714648
v 0.2603599 0.3568539 -0.0439040
v 0.2580949 0.2815489 -0.0439396
v 0.2580949 0.2480642 -0.0747303
v 0.2369611 0.2844975 -0.1037851
v 0.2364294 0.3570807 -0.1079042
v 0.2565192 0.3132189 -0.0152975
v 0.2615220 0.3448607 -0.0270645
v 0.2374142 0.3078603 0.0105132
v 0.2101944 0.3028985 0.0283274
v 0.1844321 0.3114611 0.0417948
v 0.2067870 0.1913018 0.0152869
v 0.1476008 0.2744606 0.0191855
v 0.1225869 0.3356177 0.0161193
v 0.1286730 0.2653310 -0.0009123
v 0.1004093 0.3560317 -0.0069808
v 0.1160873 0.2659264 -0.0231018
v 0.1128571 0.2675142 -0.0546182
v 0.0968050 0.3450308 -0.0469988
v 0.0997003 0.3230574 -0.0772345
v 0.1163236 0.2696974 -0.0839077
v 0.1190614 0.3220934 -0.1095761
v 0.1343060 0.2556627 -0.1086085
v 0.1491961 0.3190313 -0.1322494
v 0.1597925 0.2412879 -0.1192017
v 0.1802566 0.3215830 -0.1380760
v 0.2028872 0.2633747 -0.1227802
v 0.2095050 0.3310529 -0.1320430
v 0.0242255 0.7682532 0.0039752
v 0.0273965 0.7625260 0.0520109
v 0.0290510 0.7760503 -0.0389311
v 0.0469546 0.7605413 0.0959701
v 0.0807528 0.7750579 0.1163028
v 0.0245603 0.7937141 0.1020671
v 0.0412231 0.7616470 0.1013130
v 0.0780545 0.7770143 0.1251885
v 0.1475614 0.7636884 0.1197390
v 0.1221142 0.7996965 0.1200591
v 0.1203219 0.8042897 0.1321677
v 0.1567397 0.8121150 0.1190987
v 0.2168319 0.7729882 0.0751608
v 0.1925271 0.8256110 0.0917371
v 0.1978647 0.8307996 0.1004592
v 0.2194515 0.8284463 0.0627393
v 0.2266405 0.8338333 0.0626325
v 0.2362521 0.7880152 0.0183105
v 0.2255966 0.8282478 0.0212629
v 0.2343416 0.8317919 0.0193136
v 0.2018630 0.8230592 -0.0484928
v 0.2094656 0.7852366 -0.0573999
v 0.2118488 0.8701249 -0.0508974
v 0.2040887 0.8254125 -0.0589792
v 0.1810247 0.7802181 -0.0886672
v 0.1748402 0.8183527 -0.0881051
v 0.1848851 0.8488036 -0.0978304
v 0.1416526 0.7532546 -0.1108994
v 0.1339318 0.8107258 -0.1137806
v 0.1397224 0.8570826 -0.1307767
v 0.1359408 0.8145817 -0.1239683
v 0.0957217 0.7630080 -0.1054996
v 0.0864646 0.8008590 -0.1106575
v 0.0942839 0.8375759 -0.1419106
v 0.0836284 0.8017096 -0.1225241
v 0.0610569 0.7552960 -0.0767721
v 0.0517801 0.7889224 -0.0873866
v 0.0408883 0.7497672 -0.0399414
v 0.0289722 0.6991858 0.0025096
v 0.0375006 0.6727893 0.0459851
v 0.0364567 0.6968609 -0.0413215
v 0.0586343 0.7040058 0.0877602
v 0.0916643 0.7448338 0.1200378
v 0.0906598 0.6704644 0.1006584
v 0.2330614 0.7342015 0.0584351
v 0.2493696 0.7166795 0.0140632
v 0.2114549 0.7336628 -0.0577983
v 0.1799021 0.7172182 -0.0924449
v 0.0966080 0.7250719 -0.1114970
v 0.0573540 0.7152051 -0.0855298
v 0.0946187 0.7282758 0.1400361
v 0.0945006 0.6597187 0.1145527
v 0.0648188 0.6491998 0.0844165
v 0.1176433 0.5704640 0.1040591
v 0.1831716 0.5681391 0.0975139
v 0.1354878 0.7401840 0.1488863
v 0.2133260 0.7591520 0.1098074
v 0.2264829 0.7575926 0.0850568
v 0.2409200 0.5863132 0.0636783
v 0.2417866 0.6343146 0.0481407
v 0.2406443 0.6638865 0.0686939
v 0.1619788 0.5977111 0.1197034
v 0.1984556 0.6144109 0.1134286
v 0.2265814 0.6497385 0.1009715
v 0.1790354 0.7356192 0.1353904
v 0.1398012 0.6844707 -0.1098322
v 0.0719093 0.6657578 -0.0732363
v 0.1927241 0.3186060 0.0591181
v 0.2190182 0.3060173 0.0538748
v 0.2742652 0.3300322 -0.0106091
v 0.2639840 0.3151753 0.0151802
v 0.1354287 0.3860857 -0.1223107
v 0.2038523 0.3734403 -0.1269279
v 0.1729100 0.3696127 -0.1318510
v 0.2349522 0.4203359 -0.1132826
v 0.1267034 0.3732418 0.0377040
v 0.2173440 0.1955264 -0.1097611
v 0.1803157 0.1912735 -0.1132471
v 0.2050735 0.2280754 -0.1244094
v 0.2402110 0.2324985 -0.1045890
v 0.2444062 0.1962352 -0.0885178
v 0.2532891 0.1970008 -0.0494176
v 0.2401913 0.1937969 -0.0053944
v 0.1681633 0.1887217 0.0046653
v 0.1498855 0.1855746 -0.0151125
v 0.1386785 0.1857447 -0.0358435
v 0.1343454 0.1862834 -0.0621451
v 0.1451388 0.1877861 -0.0903035
v 0.2523043 0.4174439 0.0574320
v 0.2695579 0.4257796 0.0364448
v 0.2323326 0.4190600 0.0751324
v 0.2204166 0.3495956 0.0657415
v 0.1808081 1.1652210 0.0446832
v 0.1912272 1.1552124 -0.0018016
v 0.1906363 1.1853515 0.0521034
v 0.1820686 1.1604294 -0.0385043
v 0.1512248 1.1608830 0.0793654
v 0.1305244 1.2121732 0.1234313
v 0.0827421 1.1916458 0.1265260
v 0.0829981 1.2258677 0.1498396
v 0.0423064 1.1501940 -0.1382965
v 0.0841208 1.1449771 -0.1290123
v 0.1272352 1.1414046 -0.1119309
v 0.1591426 1.1444951 -0.0758472
v 0.2042659 0.9752004 0.0566067
v 0.2090323 0.9736977 0.0045443
v 0.2234694 0.8947919 0.0025808
v 0.2184076 0.8952171 0.0585205
v 0.2074370 0.9316789 -0.0482295
v 0.1924484 1.0258386 -0.0456186
v 0.1766522 0.9765047 0.1082352
v 0.1326516 0.9197140 0.1390401
v 0.1292835 1.0053678 0.1336332
v 0.0591267 0.9351663 0.1549334
v 0.0702352 1.0151212 0.1499463
v 0.0966868 0.9283049 -0.1548088
v 0.0866419 1.0212454 -0.1428354
v 0.1389936 0.9954727 -0.1224032
v 0.1439964 0.9297792 -0.1285855
v 0.1853775 0.9057077 -0.0916979
v 0.1742887 1.0211320 -0.0808059
v -0.0090803 0.8816361 0.1496759
v 0.0972580 0.8759939 -0.1560965
v 0.1852397 1.0837066 0.0469882
v 0.1914242 1.0801625 0.0029080
v 0.1791930 1.1034686 -0.0387248
v 0.1208931 1.1017674 0.1153210
v 0.0509332 1.0899726 0.1417150
v 0.0853223 1.0985635 -0.1315166
v 0.1268413 1.0676590 -0.1086512
v 0.1607379 1.0963804 -0.0746378
v 0.0411443 1.0987336 -0.1366887
v 0.0470531 0.8180691 0.1259996
v 0.1325334 1.2835656 0.1317123
v 0.1669421 1.2728199 0.1075522
v 0.2117898 1.2418586 0.0424422
v 0.1927635 1.2400157 0.0763560
v 0.2109428 1.2076084 -0.0019937
v 0.1998737 1.1892358 -0.0481086
v 0.1935907 1.1913056 -0.1087010
v 0.1559912 1.1919293 -0.1516927
v 0.1055303 1.1951049 -0.1750561
v 0.0462062 1.1974298 -0.1899676
v 0.0996806 1.3979125 -0.1842406
v 0.1196325 1.3328428 -0.1824122
v 0.0656263 1.3777253 -0.1846390
v 0.0116792 1.4140736 -0.1738324
v 0.1423419 1.2991880 -0.1784994
v 0.1078938 1.2924401 -0.2022042
v 0.1491764 1.3996137 -0.1740032
v 0.1715510 1.2646543 -0.1570071
v 0.1410223 1.2757119 -0.1834011
v 0.1702511 1.2354226 -0.1566158
v 0.1847867 1.3331547 -0.1652241
v 0.1991450 1.2133074 -0.1048664
v 0.1959542 1.2674329 -0.1228016
v 0.2072006 1.2320486 -0.0546964
v 0.1164024 1.2384847 -0.1917747
v 0.0209757 1.4526051 -0.1653166
v 0.0849874 1.4753157 -0.1574126
v 0.0332462 1.5025911 -0.1473530
v 0.0959384 1.5302351 -0.1114614
v 0.1146889 1.5396766 -0.0802296
v 0.1437994 1.5017972 -0.1240537
v 0.1942998 1.5217860 -0.0562473
v 0.1081104 1.4874507 0.0570194
v 0.1654059 1.5176748 0.0031286
v 0.1288502 1.5178166 0.0006386
v 0.0810876 1.4915902 0.0807171
v 0.2137200 1.2532281 -0.0069310
v 0.2050341 1.2816376 -0.0586662
v 0.2103323 1.2956723 0.0315858
v 0.2027296 1.2863442 -0.0880055
v 0.2066097 1.2935175 -0.0249231
v 0.2149214 1.2811840 -0.0597831
v 0.1439373 1.4169940 0.0949386
v 0.0742531 1.4070705 0.1288026
v 0.0887690 1.3424261 0.1445537
v 0.1344045 1.3562055 0.1270454
v 0.1920544 1.5229768 -0.0293553
v 0.1301305 1.5345447 -0.0377217
v 0.2303039 1.4959566 -0.0315252
v 0.2255178 1.4943688 -0.0086029
v 0.2315054 1.4966654 -0.0608930
v 0.2245921 1.4764782 -0.0003290
v 0.1736978 1.4822621 0.0392123
v 0.2243951 1.4490894 0.0249125
v 0.2254587 1.4188369 0.0297858
v 0.1844912 1.3923554 0.0784618
v 0.1851412 1.3374360 0.0911040
v 0.2027296 1.3038095 -0.1190452
v 0.2092490 1.3365854 -0.1507536
v 0.2162410 1.3321907 -0.1426007
v 0.2116519 1.3757406 -0.1590560
v 0.2138972 1.3961830 -0.1702112
v 0.2232331 1.4281650 -0.1533361
v 0.2367839 1.4151794 -0.1476589
v 0.2201999 1.4344309 -0.1571636
v 0.2278222 1.4748054 -0.1277602
v 0.2238240 1.4687662 -0.1170746
v 0.2267587 1.4856645 -0.0894711
v 0.2585085 1.4756276 -0.0612345
v 0.2578388 1.4733310 -0.0211169
v 0.2469864 1.4120322 0.0244003
v 0.2143305 1.3448077 0.0187729
v 0.2285904 1.3410651 0.0176062
v 0.2206529 1.3012578 -0.0156389
v 0.1999919 1.5058233 -0.1005481
v 0.1444100 1.4721118 -0.1516714
v 0.3763098 1.3498829 -0.0470628
v 0.3784763 1.3439004 -0.0714933
v 0.3561018 1.3792847 -0.0756267
v 0.3538564 1.3837928 -0.0513242
v 0.3173402 1.4168522 -0.0544047
v 0.3307334 1.3767046 -0.1084378
v 0.3824746 1.3169085 -0.0966138
v 0.3940755 1.3277110 -0.0195589
v 0.3311667 1.4001240 -0.0283095
v 0.3309698 1.3677168 0.0001192
v 0.3827700 1.3004072 0.0207720
v 0.3002638 1.3903140 0.0136933
v 0.3129283 1.3162281 0.0308743
v 0.2572479 1.3709490 0.0358330
v 0.2602417 1.3210197 0.0330300
v 0.2929960 1.2754000 0.0207009
v 0.2661111 1.2527178 -0.0200427
v 0.2640824 1.2376908 -0.0551802
v 0.2580752 1.2414333 -0.0825560
v 0.3055817 1.2389099 -0.1004200
v 0.2413139 1.2758537 -0.1205392
v 0.2709169 1.2846997 -0.1360697
v 0.3344757 1.2524342 -0.1173520
v 0.2939611 1.2964095 -0.1352089
v 0.3330575 1.2993298 -0.1306202
v 0.3740054 1.2898032 -0.1143284
v 0.3225990 1.3491740 -0.1275610
v 0.2633143 1.4613094 -0.0251081
v 0.2676277 1.4623868 -0.0572931
v 0.2600251 1.4650803 -0.0893644
v 0.2586070 1.4443828 -0.1263872
v 0.2676868 1.4383153 -0.1120092
v 0.2668202 1.3878756 -0.1372222
v 0.2537421 1.3908810 -0.1511734
v 0.2631961 1.3401295 -0.1479577
v 0.2452334 1.3108694 -0.1390222
v 0.2262072 1.2661570 -0.0887810
v 0.2828920 1.4464525 -0.0863621
v 0.4146774 1.1970895 0.0540385
v 0.3439297 1.2666106 0.0277796
v 0.3806035 1.1630662 0.0197120
v 0.4688412 1.1281355 0.0525231
v 0.3138343 1.2145832 -0.0034166
v 0.4504058 1.1041207 0.0271891
v 0.4684670 1.2198002 0.0048431
v 0.5206021 1.1679996 -0.0101609
v 0.4514497 1.2465936 -0.0295972
v 0.4206847 1.2819779 -0.0114557
v 0.4319508 1.2694176 -0.0601460
v 0.5052393 1.1863438 -0.0430717
v 0.4282282 1.2503928 0.0247347
v 0.4627158 1.1915040 0.0498126
v 0.4026235 1.2487767 0.0368361
v 0.4445758 1.0951045 0.0047862
v 0.3702434 1.1526607 -0.0200996
v 0.4481014 1.0909083 -0.0106305
v 0.3546640 1.1624141 -0.0508903
v 0.4320295 1.2513852 -0.0796178
v 0.4259829 1.2263497 -0.0961443
v 0.4762666 1.1504208 -0.0725960
v 0.4014221 1.2186660 -0.1065596
v 0.4467621 1.1355639 -0.0735991
v 0.3818246 1.1977700 -0.1030381
v 0.3718388 1.1765905 -0.0881194
v 0.4370717 1.1157737 -0.0544616
v 0.4890295 1.1470752 0.0508513
v 0.4591311 1.0977413 0.0452239
v 0.4190696 1.2809005 -0.0394576
v 0.3206491 1.1905117 -0.0341788
v 0.3246868 1.2008888 -0.0824920
v 0.5340544 1.1630945 -0.0074504
v 0.5130783 1.1660149 0.0209499
v 0.5329711 1.1553826 -0.0273989
v 0.5179629 1.1550990 -0.0393082
v 0.5095921 1.1559213 0.0465827
v 0.4988972 1.1300068 -0.0565177
v 0.4646066 1.0991022 -0.0425665
v 0.5075831 1.1003214 0.0656561
v 0.4632476 1.0676873 0.0116444
v 0.5489248 1.1320198 0.0392123
v 0.5463250 1.1195163 -0.0402829
v 0.5332469 1.1028448 -0.0504563
v 0.5135313 1.0768453 -0.0451206
v 0.4927127 1.0613079 -0.0249942
v 0.0123095 0.7880719 0.0026163
v 0.0137079 0.7913608 -0.0536222
v -0.0115029 0.7915876 -0.0517724
v -0.0060668 0.7899715 0.0027088
v -0.0187510 1.0437575 0.1519667
v 0.0373036 1.2022498 0.1423055
v 0.0227089 1.2292416 0.1588249
v 0.0356491 1.4532005 0.1106398
v 0.0179425 1.4905128 0.1067839
v 0.0517210 1.5306604 -0.1308052
v -0.0517417 1.5307455 -0.1306700
v -0.0000202 1.5289876 -0.1362476
v -0.0612351 1.3798801 -0.1847386
v 0.0587328 1.3400161 -0.2041678
v 0.0002950 1.3420858 -0.2069495
v 0.0521543 1.2880737 -0.2150384
v 0.0491605 1.2393636 -0.2109548
v -0.0243643 1.2010306 -0.1946062
v -0.0422876 1.1500522 -0.1383534
v -0.0000399 1.1515266 -0.1365891
v -0.0125271 1.1004065 -0.1412703
v 0.0459698 1.0232868 -0.1574268
v 0.0006889 1.0241657 -0.1639009
v 0.0363582 0.9298926 -0.1678137
v 0.0000586 0.9456001 -0.1700761
v 0.0246982 0.8814377 -0.1604789
v 0.0432321 0.8352793 -0.1444219
v 0.0415776 0.7924949 -0.0983497
v -0.0001383 0.8033540 0.1067839
v 0.0153229 0.7807001 0.0552194
v -0.0060077 0.7876749 0.0511216
v -0.0269839 1.5169660 0.1092810
v -0.1009618 1.5266627 0.0677121
v -0.1321798 1.5493165 -0.0148564
v -0.1171518 1.5642301 -0.0752425
v -0.0885730 1.5729061 -0.1065169
v -0.0427603 1.5797958 -0.1332667
v -0.0002171 1.5809016 -0.1401747
v 0.0414397 1.5794272 -0.1324699
v 0.0893008 1.5727927 -0.1062253
v 0.1167766 1.5649957 -0.0748512
v 0.0688171 1.5200848 0.0940208
v 0.1123844 1.5329286 0.0482119
v 0.1321788 1.5493165 -0.0156318
v -0.3996701 1.3114648 -0.0084962
v -0.4059334 1.3093100 -0.0385043
v -0.3307935 1.2024482 0.0008449
v -0.4198781 1.2952470 -0.0613910
v -0.3281148 1.2167664 -0.0989473
v -0.3236242 1.2018245 -0.0824920
v -0.3649462 1.2553829 0.0205515
v -0.3161003 1.2265765 0.0193919
v 0.4038250 1.3285048 -0.0428511
v 0.3460372 1.2814392 0.0410122
v 0.4005752 1.3273424 -0.0700633
v 0.3168675 1.2554113 0.0320126
v -0.3747548 1.3307164 -0.0023423
v -0.5338978 1.1046877 0.0591394
v -0.5087855 1.0769303 0.0565214
v -0.4880851 1.0650788 0.0410478
v -0.5559375 1.1190626 0.0352283
v -0.5632053 1.1192044 -0.0009693
v -0.5503242 1.0957282 -0.0358578
v -0.5091006 1.0540213 -0.0212877
v -0.4969089 1.0531140 0.0206013
v 0.5275548 1.0991589 0.0623978
v 0.4983063 1.0618183 0.0405498
v 0.4960216 1.0512143 0.0168378
v 0.5080164 1.0551270 -0.0206474
v 0.5627317 1.1098479 -0.0216078
v 0.5634210 1.1215860 0.0059458
v 0.5521353 1.1181837 0.0422714
v 0.5397268 1.0831679 -0.0377929
v -0.1321010 1.5943125 0.0790096
v -0.1304663 1.5561496 0.0243719
v -0.1068508 1.5448935 0.0673209
v -0.1003315 1.5805613 0.1136847
v -0.0523916 1.5696455 0.1420067
v -0.0493388 1.5339210 0.1079862
v -0.1515803 1.6012306 -0.0212165
v -0.1346418 1.5706095 -0.0273562
v -0.1065948 1.5874511 -0.0914916
v -0.1370053 1.6218714 -0.0726671
v -0.1085053 1.6281657 -0.1100670
v -0.0643077 1.5945960 -0.1239043
v -0.0374818 1.6408961 -0.1526389
v -0.0393332 1.7103605 -0.1584300
v -0.0775433 1.7229775 -0.1375708
v -0.0753965 1.7790027 -0.1120376
v -0.0382697 1.7761391 -0.1330248
v -0.1082690 1.7492039 -0.1018855
v -0.0785675 1.6634650 -0.1407154
v -0.1137050 1.6890959 -0.1135388
v -0.1411808 1.6847012 -0.0785791
v -0.1418702 1.7391953 -0.0594559
v -0.1569376 1.6424839 -0.0267799
v -0.0456359 1.8202560 -0.0846049
v -0.1153398 1.7781238 -0.0684768
v -0.1549089 1.6926400 -0.0414994
v -0.1595768 1.6191212 0.0262429
v -0.0798083 1.5891523 0.1248257
v -0.1534514 1.6201702 0.0283061
v -0.1516000 1.6812422 0.0727135
v -0.1578436 1.7055122 0.0417592
v -0.1484486 1.7413785 0.0543230
v -0.1243605 1.7720279 0.0782626
v -0.0996224 1.7963830 0.0839043
v -0.0525295 1.8096521 0.1076731
v -0.0507569 1.8294707 0.0727277
v -0.0004338 1.8240553 -0.0830896
v -0.0834718 1.7967799 -0.0724324
v -0.1288315 1.7525212 -0.0577983
v -0.1611525 1.6663853 0.0073260
v -0.1515212 1.7343187 -0.0098194
v -0.1294618 1.7799100 -0.0158381
v -0.1184517 1.7980841 0.0307534
v -0.1063191 1.8051440 -0.0189969
v -0.0544006 1.8371260 -0.0078274
v -0.0519189 1.8276845 -0.0471482
v -0.0536128 1.8379198 0.0333074
v -0.1234545 1.6334677 0.1084842
v -0.0000399 1.5660447 0.1497186
v 0.0006101 1.5308305 0.1179177
v -0.0000202 1.5783782 0.1430952
v -0.1119521 1.6252454 0.1066558
v -0.1261332 1.7118065 0.1091600
v -0.0983028 1.7557250 0.1210053
v -0.0487085 1.7847583 0.1358244
v 0.1334788 1.5985087 0.0764770
v 0.1369847 1.5765353 0.0517690
v 0.1593198 1.6188660 0.0269970
v 0.1214446 1.5508476 0.0454231
v 0.1516384 1.6014290 -0.0212379
v 0.1348575 1.5695888 -0.0231374
v 0.0995821 1.5792004 0.1136420
v 0.0759273 1.5374367 0.0951520
v 0.1527611 1.6194047 0.0307534
v 0.0582994 1.5711482 0.1404416
v 0.1567594 1.6425690 -0.0268795
v 0.1099815 1.5868273 -0.0884324
v 0.1370240 1.6220415 -0.0726173
v 0.0640113 1.5937171 -0.1235984
v 0.1117148 1.6556963 -0.1141862
v 0.0786453 1.6632382 -0.1406015
v 0.0375990 1.6412364 -0.1526603
v 0.0390959 1.7103038 -0.1584228
v 0.0776408 1.7230059 -0.1373930
v 0.1094301 1.7170801 -0.1129910
v 0.0751985 1.7789460 -0.1121372
v 0.1180175 1.7472759 -0.0921176
v 0.0457335 1.8202844 -0.0846334
v 0.1154176 1.7779820 -0.0684199
v 0.0832542 1.7964964 -0.0721834
v 0.1283775 1.7523510 -0.0576062
v 0.1411208 1.6846729 -0.0785862
v 0.1536671 1.7124303 -0.0475110
v 0.1515793 1.6896346 -0.0380774
v 0.1607379 1.6663853 0.0073972
v 0.1511066 1.7340635 -0.0093072
v 0.1288896 1.7795981 -0.0156603
v 0.1058651 1.8048038 -0.0187052
v 0.0516225 1.8274860 -0.0470628
v 0.1518945 1.6541085 0.0648309
v 0.1010593 1.6038390 0.1163028
v 0.0700973 1.5892940 0.1280556
v 0.0972974 1.7600063 0.1234313
v 0.0803195 1.7974037 0.1046069
v 0.0487075 1.7845598 0.1358031
v 0.1239656 1.7716593 0.0780279
v 0.1284760 1.7120333 0.1088399
v 0.1425783 1.7187813 0.0855619
v 0.1287321 1.6584465 0.1057665
v 0.1041319 1.8067034 0.0475716
v 0.0509332 1.8291872 0.0724503
v 0.1482704 1.7438452 0.0444057
v 0.1573699 1.7055973 0.0417805
v 0.0536512 1.8375796 0.0332149
v 0.1289093 1.7824050 0.0312372
v 0.0541042 1.8368708 -0.0078417
v -0.0000990 1.7858924 0.1351770
v 0.0315327 1.8135931 0.1087261
v -0.0000005 1.8313703 0.0869990
v -0.0000202 1.8453766 0.0323968
v -0.0000202 1.8430233 -0.0283166
v 0.0349204 1.8167403 -0.0794471
v 0.0382687 1.7760540 -0.1330817
v -0.0000202 1.8000972 -0.1199630
v -0.0000202 1.7554699 -0.1503268
v -0.0000202 1.6957872 -0.1643064
v -0.0000202 1.6441000 -0.1584726
v -0.0000202 1.5971194 -0.1377772
v -0.5800256 0.9707207 0.0892258
v -0.5719306 0.9566577 0.1033903
v -0.5632447 1.0105847 0.0937789
v -0.5487682 0.9945938 0.0889127
v -0.5640523 0.9596631 0.0881586
v -0.5700004 1.0023341 0.0729625
v -0.6303684 0.9336636 -0.0189755
v -0.6240460 0.9750303 -0.0191036
v -0.6371241 0.9120304 0.0135439
v -0.6382074 0.9652202 0.0068920
v -0.6343470 0.9627819 0.0284484
v -0.6453964 0.9171339 0.0432176
v -0.6388968 0.9674601 0.0442136
v -0.6374983 0.9606271 0.0759576
v -0.6247748 0.9180979 0.0857255
v -0.6095695 0.9738395 0.0615796
v -0.6062409 0.9825722 0.0704725
v -0.6323774 0.9025889 0.0417948
v -0.6162268 0.9676869 0.0329019
v -0.6196341 0.9653904 0.0446334
v -0.6245581 0.9161132 0.0081228
v -0.6130951 0.9697850 0.0110041
v -0.6180979 0.9371510 -0.0178657
v -0.6047834 0.9733008 -0.0137252
v -0.6086241 0.9855776 -0.0212094
v -0.6321017 0.9272842 -0.0023352
v -0.6212295 0.9787729 0.0534124
v -0.6310775 0.9169070 0.0759434
v -0.6208356 0.9756257 0.0811511
v -0.6368287 0.9339187 0.0542234
v -0.6263111 0.9761644 0.0234257
v -0.6175267 0.9786311 -0.0018728
v -0.6232188 0.9911631 0.0552123
v -0.5109521 1.0759663 0.0527579
v -0.5564496 1.0674321 0.0547784
v -0.5351780 1.0518097 0.0547286
v -0.5091794 1.0847273 0.0405853
v -0.5366355 1.1051981 0.0456009
v -0.4990163 1.0579623 0.0253679
v -0.4983073 1.0678291 0.0140134
v -0.5150488 1.0589830 -0.0166563
v -0.5112278 1.0719969 -0.0180365
v -0.5298995 1.0813250 -0.0291063
v -0.5576117 1.0475852 -0.0188261
v -0.5537513 1.0812967 -0.0290636
v -0.5509742 1.1100748 -0.0109648
v -0.5511908 1.1155185 0.0192994
v -0.5693505 1.0818070 0.0264421
v -0.5260785 1.0430204 0.0280428
v -0.5438049 1.0353367 -0.0113561
v -0.5754956 1.0588979 -0.0079128
v -0.5454199 1.0039785 0.0693484
v -0.6103968 1.0247044 0.0100081
v -0.6117164 1.0282769 0.0324893
v -0.5903463 1.0084583 0.0761710
v -0.6146314 1.0135334 0.0636499
v -0.5398460 1.0279934 0.0105772
v -0.5773470 0.9986766 0.0470593
v 0.5904832 1.0208768 0.0714543
v 0.5698419 1.0111234 0.0894677
v 0.5747068 1.0106982 0.0747268
v 0.5627908 1.0019938 0.0686512
v 0.6062203 0.9825438 0.0704654
v 0.5566062 1.0110667 0.0930960
v 0.5435282 1.0132783 0.0795005
v 0.5453993 1.0039502 0.0693911
v 0.5772870 0.9987049 0.0470949
v 0.5622196 0.9588976 0.1016758
v 0.5640316 0.9596347 0.0881800
v 0.5788035 0.9600033 0.0965037
v 0.6212089 0.9787729 0.0534338
v 0.6231785 0.9911347 0.0552764
v 0.6094898 0.9738678 0.0615796
v 0.6146895 1.0134200 0.0636641
v 0.6374580 0.9606554 0.0759505
v 0.6207953 0.9756824 0.0809945
v 0.6262904 0.9761928 0.0234328
v 0.6343067 0.9628103 0.0284768
v 0.6233360 0.9456568 0.0417948
v 0.6078353 0.9739813 0.0359255
v 0.6388761 0.9674318 0.0441994
v 0.6368671 0.9336069 0.0542163
v 0.6174863 0.9785744 -0.0018799
v 0.6381868 0.9651635 0.0068778
v 0.6130745 0.9697283 0.0110183
v 0.6103564 1.0247895 0.0101717
v 0.6321204 0.9270290 -0.0023067
v 0.6249314 0.9734142 -0.0195518
v 0.6039946 0.9741797 -0.0143868
v 0.5751598 1.0530573 -0.0107372
v 0.6193968 0.9523481 -0.0268724
v 0.5931422 1.0055663 -0.0192601
v 0.6306629 0.9348260 -0.0183851
v 0.6185893 0.9375762 -0.0171827
v 0.6244981 0.9161132 0.0081299
v 0.6370838 0.9119737 0.0135866
v 0.6453758 0.9171622 0.0432034
v 0.6323962 0.9026739 0.0416881
v 0.6310371 0.9169070 0.0759647
v 0.6246950 0.9181546 0.0856686
v 0.5341726 1.0536810 0.0525374
v 0.5564093 1.0675172 0.0547499
v 0.5359058 1.0946508 0.0527864
v 0.5080952 1.0822039 0.0451598
v 0.5374618 1.1095928 0.0389989
v 0.5260382 1.0430204 0.0281282
v 0.4989957 1.0579056 0.0253038
v 0.4979912 1.0683961 0.0173785
v 0.5669663 1.0778660 0.0357120
v 0.5567441 1.1119744 0.0212914
v 0.5777006 1.0706927 0.0093038
v 0.5515838 1.1104150 -0.0087096
v 0.5536125 1.0812967 -0.0290992
v 0.5409283 1.0693601 -0.0305220
v 0.5563502 1.0472166 -0.0170831
v 0.5438039 1.0352517 -0.0113134
v 0.5150282 1.0589830 -0.0166776
v 0.5397662 1.0280217 0.0105203
v 0.5095133 1.0710329 -0.0158524
v 0.5288153 1.0854362 -0.0267372
v 0.6116563 1.0283336 0.0324324
v -0.1504773 0.1926911 -0.0768646
v -0.1566815 0.1478937 -0.0704546
v -0.1702323 0.1392177 -0.0866965
v -0.1598920 0.0714261 -0.0697858
v -0.1539438 0.1925210 -0.0357226
v -0.1540817 0.1138703 -0.0362846
v -0.1661553 0.0433569 -0.0316176
v -0.1839407 0.1940237 -0.0981790
v -0.1918387 0.0894869 -0.1028175
v -0.2140754 0.1935701 -0.0947997
v -0.2208114 0.1335472 -0.0895849
v -0.2201024 0.0743465 -0.1024974
v -0.2300094 0.1948743 -0.0784084
v -0.2441117 0.0602835 -0.0835805
v -0.2492917 0.1072925 -0.0507053
v -0.2382423 0.1966889 -0.0529250
v -0.2226629 0.0645364 0.1351343
v -0.2599472 0.0418542 0.1579072
v -0.2309942 0.0421944 0.1586328
v -0.2038336 0.0361836 0.1376457
v -0.2940606 0.0383951 0.1052756
v -0.2705633 0.0639977 0.1265047
v -0.2873837 0.0351062 0.0429544
v -0.2574262 0.0762178 0.0629883
v -0.2577019 0.0907911 -0.0043343
v -0.2638273 0.0449446 -0.0128430
v -0.2336729 0.1151745 0.0106911
v -0.2267202 0.1978513 -0.0126509
v -0.2383999 0.1491129 -0.0219707
v -0.1826998 0.1951862 -0.0038861
v -0.1879980 0.1191439 0.0086635
v -0.2181919 0.0754239 0.0704085
v -0.1851815 0.0431867 0.0578731
v -0.1943992 0.0662376 0.0653075
v -0.1710005 0.0991836 0.0005817
v -0.1752745 0.0372043 0.0101717
v -0.2839369 0.0348794 0.1387982
v -0.1868163 0.0162232 0.0895886
v -0.2022185 -0.0044176 -0.1038918
v -0.1924690 -0.0107970 0.0771813
v -0.2620153 0.0011112 0.1533256
v -0.2342835 -0.0007034 0.1537098
v 0.1837625 0.1937118 -0.0981007
v 0.1701329 0.1392177 -0.0866325
v 0.1503582 0.1923793 -0.0768503
v 0.2139957 0.1937118 -0.0948068
v 0.1917590 0.0894585 -0.1027606
v 0.2207514 0.1335472 -0.0895992
v 0.2200620 0.0743465 -0.1024903
v 0.1810444 -0.0065441 -0.0946788
v 0.2022372 -0.0043609 -0.1038704
v 0.2257739 -0.0034820 -0.1036143
v 0.2440123 0.0602835 -0.0835307
v 0.2512407 -0.0032268 -0.0773056
v 0.2418063 -0.0039923 -0.0931136
v 0.2491726 0.1072641 -0.0507338
v 0.2609902 0.0328663 -0.0295403
v 0.2567359 -0.0034253 -0.0606440
v 0.2612659 0.0788829 0.0059529
v 0.2905537 0.0275076 0.0468103
v 0.2938430 0.0388204 0.1034757
v 0.2891356 -0.0032552 0.0392905
v 0.2818482 0.0423929 0.1399080
v 0.2597493 0.0426764 0.1575942
v 0.2477742 0.0010261 0.1574234
v 0.2849798 0.0006859 0.1352766
v 0.2309342 0.0422795 0.1586400
v 0.2045220 0.0351345 0.1387768
v 0.2057628 -0.0050981 0.1274438
v 0.1902621 0.0582704 0.0677762
v 0.1899864 0.0170455 0.1056171
v 0.2018827 -0.0091809 0.1145669
v 0.1969784 -0.0072813 0.1018323
v 0.1752144 0.0372610 0.0102286
v 0.1887455 -0.0108537 0.0519967
v 0.1924484 -0.0107687 0.0771742
v 0.1943195 -0.0092376 0.0862164
v 0.1901439 -0.0108537 0.0632942
v 0.1848260 0.0000905 0.0321193
v 0.1660952 0.0433285 -0.0316034
v 0.1598910 0.0713978 -0.0698214
v 0.1677497 -0.0105135 -0.0570157
v 0.1728115 -0.0111939 -0.0403398
v 0.1682618 -0.0099748 -0.0756836
v 0.1566215 0.1478937 -0.0704475
v 0.1540413 0.1138703 -0.0362704
v 0.1538838 0.1924076 -0.0356301
v 0.1710389 0.0993820 0.0002331
v 0.1879183 0.1192290 0.0086920
v 0.1828565 0.1944207 -0.0038007
v 0.2364491 0.1957532 -0.0672674
v 0.2382217 0.1492830 -0.0219635
v 0.2267587 0.1994391 -0.0130778
v 0.2688291 0.0704905 0.0478063
v 0.2685337 0.0669748 0.1145456
v 0.2225437 0.0645364 0.1352126
v 0.2336719 0.1150895 0.0107764
v 0.2290828 0.0786561 0.0689856
v 0.1809459 -0.0105135 -0.0238346
v 0.2567949 -0.0045027 -0.0453767
v 0.1907348 -0.0127250 0.0352638
v 0.1073817 1.5827445 -0.0689108
v 0.0949733 1.5871108 -0.0860776
v 0.1165206 1.5778962 -0.0499370
v 0.1221142 1.5727360 -0.0296968
v 0.1240050 1.5674056 -0.0088306
v 0.0796892 1.5908818 -0.1008824
v 0.0619826 1.5939722 -0.1128985
v -0.0620229 1.5939722 -0.1128985
v -0.0797296 1.5908818 -0.1008824
v -0.0424255 1.5962121 -0.1217487
v -0.0215478 1.5976014 -0.1271697
v -0.1074220 1.5827445 -0.0689108
v -0.0950136 1.5871108 -0.0860776
v -0.1165609 1.5569151 0.0322616
v -0.1221546 1.5620753 0.0120286
v -0.1240454 1.5674056 -0.0088306
v -0.1221546 1.5727360 -0.0296968
v -0.0424255 1.5385992 0.1040804
v -0.0620229 1.5408391 0.0952302
v -0.0797296 1.5439012 0.0832142
v -0.0215478 1.5372099 0.1095086
v 0.0796892 1.5439012 0.0832142
v 0.0619826 1.5408391 0.0952302
v 0.0423851 1.5385992 0.1040804
v 0.0215075 1.5372099 0.1095086
v -0.0000202 1.5980834 -0.1289910
v -0.0000202 1.5980834 -0.1289910
v -0.0000202 1.5980834 -0.1289910
v -0.0000202 1.5805330 -0.1334303
v 0.0423851 1.5962121 -0.1217487
v 0.0215075 1.5976014 -0.1271697
v -0.0000202 1.6004083 -0.1380048
v -0.1165609 1.5778962 -0.0499370
v -0.1074220 1.5520668 0.0512426
v -0.0950136 1.5477004 0.0684022
v -0.0000202 1.5367279 0.1113228
v 0.1073817 1.5520668 0.0512426
v 0.0949733 1.5477004 0.0684022
v 0.1165206 1.5569151 0.0322616
v 0.1221142 1.5620753 0.0120286
v -0.0000202 1.5918174 -0.1404094
v -0.0000202 1.5831982 -0.1439951
v -0.0000202 1.5919592 -0.1418039
v -0.0217054 1.6179587 -0.1791183
v -0.0468768 1.6177035 -0.1349101
v 0.0216650 1.6180154 -0.1791254
v 0.0468167 1.6177319 -0.1348816
v -0.1804545 1.6881886 0.0031499
v -0.1788985 1.7001252 0.0057324
v -0.1727731 1.7097651 -0.0122525
v -0.1782289 1.6580496 -0.0009977
v -0.1808090 1.6718574 0.0004323
v -0.1705475 1.6564051 -0.0208324
v -0.1632797 1.6550158 -0.0396995
v -0.1691490 1.7156058 -0.0208253
v -0.1553816 1.6540518 -0.0564536
v -0.1458882 1.6545338 -0.0722830
v -0.1379310 1.6593822 -0.0847187
v -0.1302693 1.6700145 -0.0959095
v -0.1238484 1.6866576 -0.1032373
v -0.1216819 1.7042080 -0.1039202
v -0.1227258 1.7198020 -0.0986912
v -0.1633781 1.7252741 -0.0287506
v -0.1562285 1.7363884 -0.0388600
v -0.1495122 1.7423709 -0.0495314
v -0.1265271 1.7327309 -0.0889233
v -0.1333813 1.7415203 -0.0756551
v -0.1420278 1.7443556 -0.0614763
v 0.1788779 1.7001252 0.0057680
v 0.1804142 1.6881886 0.0031713
v 0.1726934 1.7098218 -0.0122027
v 0.1806505 1.6719141 0.0004963
v 0.1781688 1.6580496 -0.0009977
v 0.1705071 1.6564051 -0.0208395
v 0.1690890 1.7156058 -0.0208181
v 0.1633378 1.7253025 -0.0286937
v 0.1563260 1.7363884 -0.0389027
v 0.1494128 1.7423992 -0.0494816
v 0.1419480 1.7443272 -0.0614550
v 0.1334788 1.7416053 -0.0757476
v 0.1264867 1.7327309 -0.0889091
v 0.1227248 1.7197737 -0.0986770
v 0.1216809 1.7042080 -0.1039131
v 0.1238475 1.6866576 -0.1032159
v 0.1302290 1.6700428 -0.0958811
v 0.1458084 1.6545905 -0.0722687
v 0.1379694 1.6593822 -0.0847543
v 0.1553413 1.6540802 -0.0564536
v 0.1632393 1.6550442 -0.0396995
v 0.1517763 1.6079218 -0.0330547
v 0.1484280 1.6092827 -0.0316888
v 0.1506536 1.6069295 -0.0348333
v 0.1604031 1.5837652 -0.0497520
v 0.1632787 1.5868557 -0.0458391
v 0.1581775 1.5835667 -0.0550379
v 0.1572715 1.5862886 -0.0600108
v 0.1579608 1.5910802 -0.0631055
v 0.1600683 1.5964106 -0.0633261
v 0.1629045 1.6006068 -0.0606084
v 0.1655634 1.6023363 -0.0558134
v 0.1671982 1.6010321 -0.0504634
v 0.1672967 1.5971194 -0.0462660
v 0.1672967 1.5971194 -0.0462660
v 0.1658392 1.5918174 -0.0445372
v 0.0110489 1.6250753 -0.1692721
v 0.0063810 1.6251036 -0.1673371
v 0.0044508 1.6251320 -0.1626630
v 0.0063810 1.6251603 -0.1579889
v 0.0110489 1.5882166 -0.1558404
v 0.0110489 1.6251603 -0.1560538
v 0.0110489 1.6251603 -0.1560538
v 0.0157366 1.6251603 -0.1579889
v 0.0176668 1.6251320 -0.1626630
v 0.0157366 1.6251036 -0.1673371
v 0.0110489 1.4967504 -0.1598386
v 0.0110489 1.4366425 -0.1846675
v 0.0063810 1.4364724 -0.1827395
v 0.0044508 1.4360754 -0.1780868
v 0.0063810 1.4356785 -0.1734340
v 0.0110489 1.4355084 -0.1715060
v 0.0110489 1.4355084 -0.1715060
v 0.0157366 1.4356785 -0.1734340
v 0.0176668 1.4360754 -0.1780868
v 0.0157366 1.4364724 -0.1827395
v -0.0168011 1.6260109 -0.1672517
v -0.0121332 1.6263795 -0.1691512
v -0.0187313 1.6251320 -0.1626630
v -0.0168011 1.6242530 -0.1580742
v -0.0121332 1.6238844 -0.1561747
v -0.0121332 1.6238844 -0.1561747
v -0.0121332 1.6115226 -0.1585580
v -0.0074652 1.6242530 -0.1580742
v -0.0055153 1.6251320 -0.1626630
v -0.0074652 1.6260109 -0.1672517
v -0.0121332 1.5910235 -0.1712641
v -0.0121332 1.5791721 -0.1868089
v -0.0121332 1.5653359 -0.1954101
v -0.0121332 1.5508476 -0.1982558
v -0.0121332 1.5333256 -0.1894127
v -0.0121332 1.5153215 -0.1756821
v -0.0121332 1.4883864 -0.1653664
v -0.0168011 1.4355651 -0.1827324
v -0.0121332 1.4353666 -0.1846533
v -0.0187313 1.4360754 -0.1780868
v -0.0168011 1.4365858 -0.1734411
v -0.0121332 1.4368126 -0.1715203
v -0.0121332 1.4368126 -0.1715203
v -0.0074652 1.4365858 -0.1734411
v -0.0055153 1.4360754 -0.1780868
v -0.0074652 1.4355651 -0.1827324
v 0.1463402 1.1345149 -0.1701614
v 0.1486446 1.4741816 -0.1647617
v 0.0505196 1.4607424 -0.1807831
v -0.0214296 1.4553837 -0.1800930
v -0.0750419 1.4600052 -0.1793175
v -0.1472669 1.4733310 -0.1624709
v 0.1451585 1.0540496 -0.1645340
v 0.1478371 1.2065877 -0.1810107
v 0.1512642 1.2783771 -0.1813309
v 0.1527020 1.3509036 -0.1816083
v 0.1481128 1.3872802 -0.1752197
v 0.1511460 1.4325030 -0.1654162
v -0.1482911 1.1122863 -0.1656367
v -0.1461639 1.0545032 -0.1642139
v -0.1463609 1.1905117 -0.1801214
v -0.1525848 1.3858342 -0.1764932
v -0.1510879 1.3264634 -0.1830383
v -0.1270786 1.0058215 -0.1631681
v 0.0284601 1.0049142 -0.1676216
v 0.1246353 1.0054245 -0.1678279
v -0.1740730 1.0912485 -0.0725248
v -0.1512061 1.0592665 -0.0994667
v -0.1521515 1.4812131 -0.1496651
v -0.1909327 1.4792284 -0.1412916
v -0.1899873 1.4464525 -0.1615033
v -0.1474047 1.4486641 -0.1681196
v -0.0203464 1.4348279 -0.1757390
v 0.2022766 1.1482377 0.0025452
v 0.1987905 1.1051697 0.0049427
v 0.1914636 1.4793135 -0.1418679
v 0.1527808 1.4828008 -0.1518848
v 0.1895728 1.4459138 -0.1611263
v 0.1479159 1.4495997 -0.1707092
v 0.0203257 1.4348279 -0.1757462
v -0.1472669 1.0572818 -0.0989687
v -0.1688733 1.0941688 -0.0666982
v -0.1514621 1.4773288 -0.1455460
v -0.1474835 1.4464525 -0.1629547
v -0.0209372 1.4311137 -0.1710934
v 0.1966436 1.1489465 0.0024598
v 0.1934332 1.1039222 0.0051917
v 0.1509688 1.4798522 -0.1473530
v 0.1465766 1.4456587 -0.1661490
v 0.0204045 1.4332118 -0.1703891
v -0.2230765 0.4633187 0.0554186
v -0.2536642 0.5254398 -0.0223193
v -0.0672424 0.5495113 -0.0033810
v -0.0766176 0.4738943 -0.0124304
v -0.2443284 0.5876458 -0.0059279
v -0.2165374 0.5691314 0.0557388
v -0.1817938 0.5606256 0.0780848
v -0.2366864 0.5901409 0.0363808
v -0.1026359 0.5874190 0.0869990
v -0.1208940 0.5607957 0.0810515
v -0.0887503 0.7440399 0.1189706
v -0.2482873 0.7166228 0.0139921
v -0.0503826 0.6287574 -0.0002294
v -0.0257233 0.7203937 0.0036195
v -0.0925122 0.6621854 0.0986522
v -0.2485827 0.6369230 0.0012362
v -0.2416497 0.6342862 0.0481336
v -0.2319396 0.7396736 0.0589047
v -0.2182904 0.7721943 0.0749189
v -0.2623108 0.4439538 -0.0320943
v -0.2516750 0.4831657 -0.0247808
v -0.2549445 0.4643961 0.0102073
v -0.2607351 0.3567122 -0.0437689
v -0.0250340 0.7621574 0.0518544
v -0.0207994 0.7689904 0.0017413
v -0.0207994 0.7689904 0.0017413
v -0.0207994 0.7689904 0.0017413
v -0.0467783 0.7603428 0.0952089
v -0.1096477 0.7918995 0.1221863
v -0.2283353 0.8275106 0.0208289
v -0.2283353 0.8275106 0.0208289
v -0.2200236 0.8289283 0.0617433
v -0.1704096 0.8182393 -0.0916623
v -0.0870564 0.8012276 -0.1126637
v -0.0502448 0.7863423 -0.0888664
v -0.0276535 0.7763054 -0.0413713
v -0.1465972 0.7635467 0.1199311
v -0.1579224 0.8164247 0.1136278
v -0.1929023 0.8259512 0.0921426
v -0.2034593 0.8242217 -0.0459316
v -0.2034593 0.8242217 -0.0459316
v -0.1350357 0.8110376 -0.1142288
v -0.1020450 0.3358728 -0.0450352
v -0.0864459 0.4046851 -0.0256488
v -0.1799424 0.4381131 0.0662751
v -0.1860678 0.3106105 0.0424777
v -0.2594548 0.2814354 -0.0440961
v -0.1128384 0.2677977 -0.0547604
v -0.2568156 0.3132473 -0.0154042
v -0.2375924 0.3076618 0.0112175
v -0.2098408 0.3026433 0.0288610
v -0.2069061 0.1912735 0.0152798
v -0.1704687 0.1885800 0.0078382
v -0.2174237 0.1955264 -0.1096970
v -0.2443481 0.1963203 -0.0886601
v -0.2532900 0.1969441 -0.0494390
v -0.2532900 0.1969441 -0.0494390
v -0.2403695 0.1939954 -0.0056647
v -0.1409248 0.1845255 -0.0244678
v -0.1343857 0.1862550 -0.0620597
v -0.1343857 0.1862550 -0.0620597
v -0.1803363 0.1911601 -0.1133040
v -0.1452185 0.1877010 -0.0904102
v -0.2610896 0.3400691 -0.0247595
v -0.2602033 0.4460802 -0.0114344
v -0.1925281 1.0258669 -0.0456328
v -0.2119089 0.8706069 -0.0507978
v -0.2040108 0.8256960 -0.0593421
v -0.2077924 0.9316789 -0.0483220
v -0.1791940 1.1034686 -0.0387035
v -0.1819711 1.1604010 -0.0385043
v -0.1998550 1.1892642 -0.0482651
v -0.2243961 1.3797384 0.0300420
v -0.2141936 1.3434751 0.0178338
v -0.2279808 1.4435889 0.0235537
v -0.1152413 1.5399885 -0.0802439
v -0.1946553 1.5216159 -0.0562829
v -0.2311321 1.4970056 -0.0610424
v -0.2311321 1.4970056 -0.0610424
v -0.2311321 1.4970056 -0.0610424
v -0.2322351 1.4859197 -0.0055224
v -0.2303246 1.4947657 -0.0312904
v -0.2268384 1.4857212 -0.0893502
v -0.2070046 1.3364720 -0.1509457
v -0.2036563 1.2856070 -0.0846903
v -0.2053698 1.2831687 -0.0594772
v -0.2053698 1.2831687 -0.0594772
v -0.2053698 1.2831687 -0.0594772
v -0.2577413 1.4749188 -0.0613483
v -0.2642016 1.4622734 -0.0575350
v -0.2237264 1.4684827 -0.1176224
v -0.2200630 1.4301497 -0.1522476
v -0.2083045 1.3775269 -0.1612330
v -0.2051335 1.3094801 -0.1297167
v -0.2078515 1.2932339 -0.0232512
v -0.2071819 1.2321903 -0.0546964
v -0.3534044 1.3762510 -0.0507836
v -0.2634531 1.2407812 -0.0532593
v -0.4512931 1.2464518 -0.0302019
v -0.5220803 1.1668654 -0.0099190
v -0.4448328 1.0946508 0.0053482
v -0.3267952 1.1849545 -0.0331330
v -0.5580844 1.1363295 0.0020828
v -0.4750661 1.0588979 0.0140348
v 0.2515755 0.5301180 -0.0213731
v 0.2444850 0.5876175 -0.0059564
v 0.2117504 0.5676854 0.0562937
v 0.2247694 0.4657004 0.0544440
v 0.1774007 0.5594064 0.0786255
v 0.0729532 0.4999506 -0.0104384
v 0.0648976 0.5576485 -0.0014317
v 0.2501968 0.4830806 -0.0245033
v 0.2547860 0.4653885 0.0123416
v 0.2627825 0.4506450 -0.0098194
v 0.2620931 0.4489722 -0.0319022
v 0.1794885 0.4389070 0.0672853
v 0.0758879 0.4586405 -0.0128715
v 0.0898917 0.3981356 -0.0268084
v 0.2491529 0.6370931 0.0010299
v 0.2367248 0.5905662 0.0363594
v 0.1205386 0.5607390 0.0811155
v 0.1025168 0.5804442 0.0840181
v 0.0491212 0.6285022 -0.0000159
v 0.2603599 0.3568539 -0.0439040
v 0.2580949 0.2815489 -0.0439396
v 0.2565192 0.3132189 -0.0152975
v 0.2615220 0.3448607 -0.0270645
v 0.2374142 0.3078603 0.0105132
v 0.2101944 0.3028985 0.0283274
v 0.1844321 0.3114611 0.0417948
v 0.2067870 0.1913018 0.0152869
v 0.1128571 0.2675142 -0.0546182
v 0.0968050 0.3450308 -0.0469988
v 0.0242255 0.7682532 0.0039752
v 0.0242255 0.7682532 0.0039752
v 0.0242255 0.7682532 0.0039752
v 0.0273965 0.7625260 0.0520109
v 0.0290510 0.7760503 -0.0389311
v 0.0469546 0.7605413 0.0959701
v 0.0807528 0.7750579 0.1163028
v 0.1475614 0.7636884 0.1197390
v 0.1221142 0.7996965 0.1200591
v 0.1567397 0.8121150 0.1190987
v 0.2168319 0.7729882 0.0751608
v 0.1925271 0.8256110 0.0917371
v 0.2194515 0.8284463 0.0627393
v 0.2362521 0.7880152 0.0183105
v 0.2255966 0.8282478 0.0212629
v 0.2255966 0.8282478 0.0212629
v 0.2018630 0.8230592 -0.0484928
v 0.2018630 0.8230592 -0.0484928
v 0.2118488 0.8701249 -0.0508974
v 0.2040887 0.8254125 -0.0589792
v 0.1748402 0.8183527 -0.0881051
v 0.1339318 0.8107258 -0.1137806
v 0.0864646 0.8008590 -0.1106575
v 0.0517801 0.7889224 -0.0873866
v 0.0289722 0.6991858 0.0025096
v 0.0916643 0.7448338 0.1200378
v 0.0906598 0.6704644 0.1006584
v 0.2330614 0.7342015 0.0584351
v 0.2493696 0.7166795 0.0140632
v 0.2417866 0.6343146 0.0481407
v 0.2173440 0.1955264 -0.1097611
v 0.1803157 0.1912735 -0.1132471
v 0.2444062 0.1962352 -0.0885178
v 0.2532891 0.1970008 -0.0494176
v 0.2532891 0.1970008 -0.0494176
v 0.2401913 0.1937969 -0.0053944
v 0.1681633 0.1887217 0.0046653
v 0.1498855 0.1855746 -0.0151125
v 0.1386785 0.1857447 -0.0358435
v 0.1343454 0.1862834 -0.0621451
v 0.1343454 0.1862834 -0.0621451
v 0.1451388 0.1877861 -0.0903035
v 0.1820686 1.1604294 -0.0385043
v 0.2074370 0.9316789 -0.0482295
v 0.1924484 1.0258386 -0.0456186
v 0.1791930 1.1034686 -0.0387248
v 0.1998737 1.1892358 -0.0481086
v 0.2072006 1.2320486 -0.0546964
v 0.1146889 1.5396766 -0.0802296
v 0.1942998 1.5217860 -0.0562473
v 0.2050341 1.2816376 -0.0586662
v 0.2050341 1.2816376 -0.0586662
v 0.2050341 1.2816376 -0.0586662
v 0.2027296 1.2863442 -0.0880055
v 0.2066097 1.2935175 -0.0249231
v 0.2149214 1.2811840 -0.0597831
v 0.2303039 1.4959566 -0.0315252
v 0.2315054 1.4966654 -0.0608930
v 0.2315054 1.4966654 -0.0608930
v 0.2315054 1.4966654 -0.0608930
v 0.2245921 1.4764782 -0.0003290
v 0.2254587 1.4188369 0.0297858
v 0.2027296 1.3038095 -0.1190452
v 0.2092490 1.3365854 -0.1507536
v 0.2116519 1.3757406 -0.1590560
v 0.2232331 1.4281650 -0.1533361
v 0.2238240 1.4687662 -0.1170746
v 0.2267587 1.4856645 -0.0894711
v 0.2585085 1.4756276 -0.0612345
v 0.2143305 1.3448077 0.0187729
v 0.3763098 1.3498829 -0.0470628
v 0.3538564 1.3837928 -0.0513242
v 0.3173402 1.4168522 -0.0544047
v 0.2640824 1.2376908 -0.0551802
v 0.2676277 1.4623868 -0.0572931
v 0.5206021 1.1679996 -0.0101609
v 0.4514497 1.2465936 -0.0295972
v 0.4445758 1.0951045 0.0047862
v 0.3702434 1.1526607 -0.0200996
v 0.4190696 1.2809005 -0.0394576
v 0.3206491 1.1905117 -0.0341788
v 0.5340544 1.1630945 -0.0074504
v 0.4632476 1.0676873 0.0116444
v 0.0123095 0.7880719 0.0026163
v -0.0060668 0.7899715 0.0027088
v -0.1171518 1.5642301 -0.0752425
v 0.1167766 1.5649957 -0.0748512
v -0.4059334 1.3093100 -0.0385043
v 0.4038250 1.3285048 -0.0428511
v -0.5338978 1.1046877 0.0591394
v -0.5087855 1.0769303 0.0565214
v -0.5559375 1.1190626 0.0352283
v -0.5632053 1.1192044 -0.0009693
v -0.5632053 1.1192044 -0.0009693
v -0.5503242 1.0957282 -0.0358578
v -0.5091006 1.0540213 -0.0212877
v -0.4969089 1.0531140 0.0206013
v -0.4969089 1.0531140 0.0206013
v 0.5275548 1.0991589 0.0623978
v 0.4983063 1.0618183 0.0405498
v 0.4960216 1.0512143 0.0168378
v 0.4960216 1.0512143 0.0168378
v 0.5080164 1.0551270 -0.0206474
v 0.5627317 1.1098479 -0.0216078
v 0.5634210 1.1215860 0.0059458
v 0.5634210 1.1215860 0.0059458
v 0.5521353 1.1181837 0.0422714
v 0.5397268 1.0831679 -0.0377929
v -0.0004338 1.8240553 -0.0830896
v -0.0000399 1.5660447 0.1497186
v 0.0006101 1.5308305 0.1179177
v -0.0000202 1.5783782 0.1430952
v -0.0000990 1.7858924 0.1351770
v -0.0000005 1.8313703 0.0869990
v -0.0000202 1.8453766 0.0323968
v -0.0000202 1.8430233 -0.0283166
v -0.0000202 1.8000972 -0.1199630
v -0.0000202 1.7554699 -0.1503268
v -0.0000202 1.6957872 -0.1643064
v -0.0000202 1.6441000 -0.1584726
v -0.0000202 1.5971194 -0.1377772
v -0.5800256 0.9707207 0.0892258
v -0.5719306 0.9566577 0.1033903
v -0.5487682 0.9945938 0.0889127
v -0.5700004 1.0023341 0.0729625
v -0.6303684 0.9336636 -0.0189755
v -0.6371241 0.9120304 0.0135439
v -0.6343470 0.9627819 0.0284484
v -0.6247748 0.9180979 0.0857255
v -0.6323774 0.9025889 0.0417948
v -0.6086241 0.9855776 -0.0212094
v -0.6321017 0.9272842 -0.0023352
v -0.6212295 0.9787729 0.0534124
v -0.6310775 0.9169070 0.0759434
v -0.6208356 0.9756257 0.0811511
v -0.6368287 0.9339187 0.0542234
v -0.6263111 0.9761644 0.0234257
v -0.6175267 0.9786311 -0.0018728
v -0.5109521 1.0759663 0.0527579
v -0.5351780 1.0518097 0.0547286
v -0.5091794 1.0847273 0.0405853
v -0.5298995 1.0813250 -0.0291063
v -0.5576117 1.0475852 -0.0188261
v -0.5903463 1.0084583 0.0761710
v 0.5747068 1.0106982 0.0747268
v 0.5435282 1.0132783 0.0795005
v 0.5622196 0.9588976 0.1016758
v 0.5788035 0.9600033 0.0965037
v 0.6212089 0.9787729 0.0534338
v 0.6207953 0.9756824 0.0809945
v 0.6262904 0.9761928 0.0234328
v 0.6343067 0.9628103 0.0284768
v 0.6368671 0.9336069 0.0542163
v 0.6174863 0.9785744 -0.0018799
v 0.6321204 0.9270290 -0.0023067
v 0.6193968 0.9523481 -0.0268724
v 0.5931422 1.0055663 -0.0192601
v 0.6306629 0.9348260 -0.0183851
v 0.6370838 0.9119737 0.0135866
v 0.6323962 0.9026739 0.0416881
v 0.6310371 0.9169070 0.0759647
v 0.6246950 0.9181546 0.0856686
v 0.5341726 1.0536810 0.0525374
v 0.5080952 1.0822039 0.0451598
v 0.5409283 1.0693601 -0.0305220
v 0.5563502 1.0472166 -0.0170831
v 0.5288153 1.0854362 -0.0267372
v -0.1811045 -0.0065157 -0.0946645
v -0.1839407 0.1940237 -0.0981790
v -0.1918387 0.0894869 -0.1028175
v -0.1888253 -0.0108821 0.0520180
v -0.2022185 -0.0044176 -0.1038918
v -0.2593564 0.0176976 -0.0360783
v -0.2866352 -0.0046161 0.0290104
v -0.2961483 0.0050522 0.0792088
v -0.1908343 -0.0127250 0.0353208
v -0.2765509 -0.0061471 0.0121708
v -0.2934303 -0.0011854 0.0555609
v -0.2892351 -0.0033119 0.0392336
v -0.1902237 -0.0108254 0.0632871
v -0.2929773 -0.0039640 0.0689073
v -0.1943992 -0.0092093 0.0862378
v -0.1975900 -0.0081886 0.1032481
v -0.2934697 -0.0022628 0.0902360
v -0.2033412 -0.0053249 0.1236874
v -0.2845868 0.0006292 0.1359454
v -0.2946711 0.0053641 0.1024015
v -0.2722572 0.0077741 0.0051277
v -0.1849058 0.0001188 0.0321264
v -0.1793712 0.0118002 -0.0162294
v -0.1809863 -0.0105135 -0.0237990
v -0.2568747 -0.0045310 -0.0453553
v -0.2567959 -0.0034253 -0.0606582
v -0.1729110 -0.0112223 -0.0403825
v -0.2513007 -0.0032552 -0.0773056
v -0.1678294 -0.0105135 -0.0570299
v -0.2419058 -0.0039923 -0.0931776
v -0.1683612 -0.0099464 -0.0756765
v -0.2257748 -0.0035103 -0.1036143
v 0.1837625 0.1937118 -0.0981007
v 0.1917590 0.0894585 -0.1027606
v 0.2022372 -0.0043609 -0.1038704
v 0.2721578 0.0078308 0.0051917
v 0.2576222 0.0178393 -0.0357653
v 0.2865358 -0.0046161 0.0290033
v 0.2960686 0.0050239 0.0792302
v 0.2933506 -0.0011287 0.0555752
v 0.2947293 0.0054775 0.1023445
v 0.1793703 0.0118569 -0.0162508
v 0.2934294 -0.0022345 0.0902645
v 0.2928976 -0.0038789 0.0689500
v 0.2764712 -0.0060904 0.0122420
v 0.1400572 1.5852396 -0.0389952
v 0.1449221 1.5904848 -0.0323291
v 0.1362362 1.5848710 -0.0479876
v 0.1346999 1.5894925 -0.0564608
v 0.1359014 1.5976297 -0.0617182
v 0.1394663 1.6067310 -0.0620953
v 0.1442918 1.6138759 -0.0574710
v 0.1488022 1.6167962 -0.0493109
v 0.1515990 1.6145847 -0.0402117
v 0.1517763 1.6079218 -0.0330547
v 0.1492946 1.5989340 -0.0301165
v 0.1404905 1.5872810 -0.0399769
v 0.1447055 1.5918458 -0.0342072
v 0.1372013 1.5869691 -0.0477671
v 0.1358620 1.5909668 -0.0551019
v 0.1368862 1.5980267 -0.0596622
v 0.1399981 1.6059088 -0.0599895
v 0.1441540 1.6120897 -0.0559770
v 0.1480735 1.6146414 -0.0489125
v 0.1504961 1.6127134 -0.0410299
v 0.1506536 1.6069295 -0.0348333
v 0.1484871 1.5991608 -0.0322864
v 0.1517763 1.6079218 -0.0330547
v 0.1506536 1.6069295 -0.0348333
f 3 1 2
f 2 5 6
f 5 7 6
f 10 7 8
f 4 12 11
f 15 9 14
f 16 3 2
f 12 19 11
f 22 20 21
f 24 22 26
f 27 29 30
f 31 21 20
f 2111 33 34
f 36 31 2114
f 37 39 25
f 2117 42 43
f 45 41 44
f 2120 45 44
f 48 45 47
f 49 51 52
f 54 52 51
f 57 55 56
f 59 58 57
f 62 55 61
f 54 64 53
f 67 66 64
f 66 53 64
f 68 52 53
f 72 70 71
f 35 74 75
f 75 76 35
f 79 2134 78
f 81 83 82
f 81 84 2131
f 2130 36 2114
f 38 28 85
f 22 39 23
f 86 2112 2116
f 87 46 2119
f 89 2119 2118
f 90 88 87
f 88 2136 46
f 93 47 30
f 28 95 29
f 47 27 30
f 43 48 96
f 96 98 43
f 2118 99 89
f 2137 99 40
f 28 2120 85
f 43 100 2117
f 103 98 102
f 59 102 60
f 105 2121 104
f 106 2122 105
f 2137 107 101
f 62 49 108
f 52 108 49
f 2127 110 109
f 109 2128 2127
f 2124 104 2121
f 64 113 67
f 115 71 114
f 72 65 67
f 117 71 116
f 14 117 116
f 119 2143 120
f 119 2140 2142
f 10 14 9
f 2125 122 123
f 122 125 123
f 2140 122 2141
f 126 128 70
f 72 113 73
f 116 70 128
f 128 14 116
f 50 61 129
f 55 129 61
f 98 131 102
f 132 102 131
f 130 58 133
f 135 133 134
f 136 132 131
f 138 48 139
f 96 140 97
f 47 139 48
f 30 141 93
f 95 25 24
f 26 21 142
f 143 144 145
f 142 32 144
f 32 146 144
f 147 142 143
f 147 24 26
f 148 95 24
f 152 150 151
f 152 82 83
f 154 82 151
f 2144 36 2135
f 157 155 156
f 157 3 17
f 12 156 18
f 18 152 83
f 153 156 155
f 160 158 159
f 16 6 161
f 7 161 6
f 7 13 162
f 163 162 13
f 165 13 15
f 164 161 162
f 167 161 166
f 132 58 60
f 2104 169 2106
f 18 80 19
f 169 2107 2106
f 2107 171 2108
f 120 2108 171
f 172 2133 79
f 2110 173 2109
f 173 160 159
f 2105 173 174
f 176 168 175
f 2104 174 168
f 78 2129 77
f 75 177 178
f 180 77 179
f 79 180 181
f 34 2113 2111
f 74 182 177
f 185 184 92
f 184 2116 2115
f 184 2136 92
f 106 2138 2123
f 186 73 113
f 186 63 188
f 124 126 187
f 73 126 70
f 130 190 129
f 191 129 190
f 54 192 193
f 51 191 192
f 63 193 188
f 191 194 192
f 94 91 90
f 140 197 196
f 136 97 140
f 136 196 198
f 150 154 151
f 200 2144 2146
f 144 200 145
f 177 200 178
f 153 160 181
f 159 201 202
f 150 181 180
f 179 150 180
f 200 2145 178
f 147 182 203
f 182 33 203
f 143 177 182
f 185 149 183
f 147 204 148
f 185 93 141
f 29 149 141
f 94 205 139
f 204 149 148
f 86 183 204
f 197 139 205
f 136 206 137
f 137 207 134
f 134 132 137
f 206 105 207
f 104 207 105
f 104 209 208
f 207 135 134
f 190 195 191
f 190 208 209
f 192 210 193
f 188 125 186
f 211 193 210
f 187 125 124
f 121 124 122
f 212 121 119
f 126 212 127
f 127 15 128
f 213 127 212
f 120 214 213
f 214 164 163
f 163 213 214
f 16 201 17
f 201 157 17
f 164 176 166
f 176 167 166
f 201 175 202
f 170 176 215
f 168 202 175
f 173 202 174
f 107 196 101
f 213 119 120
f 214 170 215
f 181 172 79
f 75 2145 2132
f 204 33 86
f 91 92 88
f 87 205 90
f 197 89 99
f 197 101 196
f 198 106 206
f 216 209 112
f 216 194 195
f 2139 111 216
f 112 2139 216
f 2125 110 2126
f 210 110 211
f 123 211 110
f 210 111 109
f 217 219 220
f 220 222 217
f 221 224 222
f 225 220 219
f 221 225 226
f 227 226 225
f 223 221 226
f 228 223 226
f 228 230 231
f 229 228 231
f 232 225 219
f 230 227 232
f 234 232 233
f 233 231 234
f 234 231 230
f 237 235 236
f 241 239 240
f 235 240 236
f 244 241 243
f 245 238 246
f 247 244 243
f 249 248 247
f 249 247 251
f 243 251 247
f 250 253 254
f 253 251 255
f 256 253 257
f 256 259 258
f 259 257 260
f 260 253 255
f 259 261 258
f 260 262 259
f 265 262 264
f 268 266 267
f 271 269 270
f 272 264 273
f 274 262 263
f 275 273 276
f 276 277 275
f 278 270 277
f 278 276 279
f 280 267 266
f 281 260 255
f 273 264 274
f 274 276 273
f 279 274 282
f 283 278 279
f 263 282 274
f 266 283 280
f 284 279 282
f 280 283 284
f 281 284 282
f 286 280 284
f 285 255 251
f 243 235 245
f 268 245 246
f 245 280 286
f 245 252 243
f 245 286 287
f 285 252 287
f 286 285 287
f 289 291 288
f 292 290 289
f 294 293 292
f 296 291 290
f 298 297 296
f 300 299 298
f 302 301 300
f 302 305 303
f 305 306 307
f 309 306 308
f 311 308 310
f 313 310 312
f 312 315 313
f 315 316 317
f 320 318 319
f 317 318 321
f 322 320 319
f 295 324 293
f 325 322 324
f 296 293 324
f 298 326 327
f 324 329 296
f 329 326 296
f 327 300 298
f 300 330 302
f 304 330 331
f 332 324 322
f 318 332 319
f 332 322 319
f 334 318 316
f 312 334 314
f 334 316 314
f 336 312 310
f 310 308 336
f 306 304 331
f 308 331 336
f 328 337 329
f 338 327 326
f 329 338 326
f 333 337 332
f 334 339 333
f 336 339 335
f 336 331 340
f 338 331 330
f 330 327 338
f 340 337 339
f 341 343 344
f 348 346 347
f 346 343 342
f 348 350 345
f 351 344 343
f 349 353 350
f 354 356 353
f 357 353 356
f 357 350 353
f 356 360 359
f 361 356 359
f 363 360 362
f 365 362 364
f 366 363 365
f 359 366 361
f 367 365 364
f 369 365 368
f 367 370 368
f 375 373 374
f 374 377 375
f 370 378 379
f 368 380 369
f 378 382 379
f 383 382 381
f 376 383 377
f 385 382 384
f 374 373 386
f 366 387 361
f 380 370 379
f 382 380 379
f 388 380 385
f 384 389 385
f 369 388 387
f 389 374 386
f 389 388 385
f 390 389 386
f 391 388 390
f 390 386 392
f 357 387 391
f 351 345 350
f 352 373 372
f 373 392 386
f 350 393 351
f 393 392 351
f 357 393 358
f 390 393 391
f 394 396 397
f 398 395 394
f 398 401 399
f 397 403 394
f 402 405 403
f 405 406 407
f 406 409 407
f 409 410 411
f 412 411 410
f 412 415 413
f 417 414 416
f 416 419 417
f 420 419 418
f 422 420 423
f 427 425 426
f 423 426 422
f 425 428 429
f 398 431 400
f 429 431 430
f 398 403 430
f 403 432 433
f 435 403 434
f 403 433 434
f 405 407 432
f 432 409 436
f 411 436 409
f 438 430 435
f 439 425 438
f 425 429 438
f 422 439 440
f 440 419 421
f 421 422 440
f 441 417 419
f 442 415 417
f 437 411 413
f 415 437 413
f 438 434 443
f 433 432 444
f 433 443 434
f 445 438 443
f 440 445 441
f 446 441 445
f 446 437 442
f 446 436 437
f 444 432 436
f 444 445 443
f 2151 341 2152
f 2153 341 344
f 346 2154 347
f 2156 347 2154
f 342 2155 346
f 349 2156 2157
f 352 2153 344
f 354 2157 2159
f 354 2160 355
f 2160 360 355
f 2162 360 2161
f 2163 362 2162
f 2163 367 364
f 367 2165 371
f 2166 375 2167
f 2167 377 2168
f 2169 371 2165
f 381 2169 2170
f 2171 381 2170
f 377 2171 2168
f 352 2166 2158
f 396 2173 2172
f 396 2174 397
f 395 2175 2173
f 401 2177 2176
f 399 2176 2175
f 2178 397 2174
f 404 2178 2179
f 406 2179 2180
f 406 2181 408
f 2182 408 2181
f 412 2182 2183
f 412 2184 414
f 2184 416 414
f 418 2185 2186
f 420 2186 2187
f 420 2188 423
f 424 2190 2189
f 427 2188 2190
f 2191 424 2189
f 2192 400 431
f 431 2191 2192
f 448 450 447
f 451 450 452
f 454 452 453
f 454 455 456
f 455 457 456
f 459 457 458
f 461 460 459
f 463 462 461
f 463 465 464
f 468 2194 467
f 468 449 448
f 2644 469 470
f 2645 469 2643
f 471 2646 472
f 472 2647 473
f 2648 473 2647
f 475 2648 2649
f 2649 476 475
f 2651 476 2650
f 2651 478 477
f 479 2665 2653
f 2644 479 2653
f 481 2654 480
f 2654 482 480
f 482 2657 483
f 2657 484 483
f 484 2659 485
f 2660 485 2659
f 2661 486 2660
f 2661 488 487
f 2663 488 2662
f 2664 2206 2666
f 481 2664 2655
f 2200 2197 2196
f 2202 2205 2207
f 2201 2207 2197
f 2200 2198 2199
f 2203 2204 2205
f 494 492 493
f 495 494 496
f 497 495 496
f 498 499 500
f 500 502 501
f 504 502 503
f 506 503 505
f 492 505 493
f 509 507 508
f 512 510 509
f 511 513 510
f 514 507 510
f 510 494 493
f 505 510 493
f 507 505 503
f 503 508 507
f 502 509 508
f 499 512 509
f 496 512 497
f 511 494 513
f 517 515 516
f 517 520 518
f 520 521 522
f 523 522 521
f 526 2212 525
f 527 526 525
f 529 528 527
f 529 515 530
f 516 532 517
f 533 517 532
f 519 534 521
f 535 521 534
f 2218 525 2212
f 525 537 527
f 537 529 527
f 529 531 516
f 540 531 539
f 532 541 533
f 541 534 533
f 542 535 534
f 2218 544 536
f 545 536 544
f 545 538 537
f 539 538 546
f 2208 2216 2217
f 2211 2215 2208
f 2209 2211 2208
f 2221 2220 2219
f 2222 2219 2223
f 2223 2226 2225
f 2227 2226 2219
f 549 547 548
f 551 550 552
f 553 552 554
f 555 554 556
f 557 2233 2234
f 558 559 560
f 560 561 562
f 561 548 562
f 563 550 549
f 564 552 550
f 552 566 554
f 566 556 554
f 2234 568 557
f 568 559 557
f 559 570 561
f 563 561 570
f 563 572 564
f 572 565 564
f 574 565 573
f 566 575 567
f 576 2238 2239
f 569 576 577
f 577 570 569
f 578 563 570
f 580 571 579
f 572 581 573
f 582 573 581
f 575 582 583
f 584 2239 2240
f 577 584 585
f 578 585 586
f 579 578 586
f 587 580 579
f 589 580 588
f 589 582 581
f 583 590 591
f 2240 592 584
f 593 584 592
f 593 586 585
f 579 594 587
f 588 595 596
f 589 596 597
f 589 598 590
f 598 591 590
f 592 2242 600
f 592 601 593
f 594 601 602
f 595 594 602
f 595 604 596
f 597 604 605
f 598 605 606
f 606 599 598
f 608 2242 2243
f 600 609 601
f 601 610 602
f 602 603 595
f 603 612 604
f 612 605 604
f 605 614 606
f 615 606 614
f 2244 608 2243
f 609 616 617
f 610 617 618
f 611 610 618
f 619 611 620
f 613 619 621
f 622 613 621
f 623 614 622
f 2250 616 2244
f 624 617 616
f 625 618 617
f 620 618 626
f 2235 2237 2229
f 2235 2231 2232
f 2229 2230 2231
f 2247 2245 2246
f 2247 2249 2248
f 2249 2252 2251
f 2253 2252 2246
f 2148 2149 2150
f 628 629 627
f 628 630 631
f 632 630 633
f 635 627 634
f 630 635 636
f 633 636 637
f 638 627 639
f 639 640 641
f 639 641 642
f 638 642 643
f 638 643 644
f 2256 2255 645
f 2256 646 2257
f 2258 646 647
f 2258 647 2259
f 648 646 645
f 649 648 645
f 650 651 649
f 648 649 651
f 650 652 651
f 648 651 654
f 655 653 656
f 653 646 648
f 654 652 657
f 658 655 656
f 648 654 656
f 656 653 648
f 654 658 656
f 659 657 652
f 650 659 652
f 661 662 663
f 657 663 662
f 662 658 657
f 661 658 662
f 666 664 667
f 668 667 669
f 670 645 2255
f 671 631 632
f 673 2260 672
f 672 674 673
f 673 675 676
f 664 678 667
f 631 679 628
f 673 676 2254
f 676 675 678
f 678 677 676
f 2261 2254 676
f 629 679 680
f 677 665 681
f 676 677 681
f 2261 681 2262
f 682 681 665
f 681 682 683
f 627 680 684
f 627 684 685
f 639 685 686
f 640 639 686
f 687 664 688
f 659 650 689
f 688 689 690
f 670 2265 691
f 645 692 649
f 692 691 693
f 650 692 694
f 694 692 693
f 650 694 689
f 688 690 687
f 687 682 665
f 691 2264 695
f 693 691 695
f 695 2264 2263
f 693 696 690
f 694 693 690
f 694 690 689
f 695 2262 683
f 696 695 683
f 2262 681 683
f 682 696 683
f 696 687 690
f 636 2267 637
f 699 700 698
f 2266 699 698
f 702 2268 703
f 704 2259 647
f 634 644 705
f 634 705 706
f 634 706 635
f 701 635 706
f 636 635 701
f 701 697 636
f 2266 2268 702
f 708 702 707
f 699 702 709
f 708 707 710
f 709 702 708
f 711 647 653
f 707 703 712
f 713 707 712
f 2259 714 2269
f 2269 703 2270
f 703 2268 2270
f 711 653 655
f 704 715 714
f 703 715 716
f 703 716 712
f 717 655 658
f 713 712 718
f 716 718 712
f 668 669 719
f 688 664 666
f 720 688 666
f 659 720 660
f 719 720 668
f 668 720 666
f 717 658 661
f 715 711 717
f 721 715 717
f 716 715 721
f 717 661 722
f 721 717 722
f 721 718 716
f 720 723 724
f 724 660 720
f 725 707 713
f 726 725 728
f 722 718 721
f 725 713 728
f 728 713 718
f 729 724 730
f 718 722 728
f 728 722 729
f 663 724 729
f 722 661 663
f 729 722 663
f 729 730 728
f 730 724 723
f 726 728 730
f 731 708 710
f 709 708 732
f 731 725 727
f 723 719 733
f 723 726 730
f 723 733 726
f 731 727 726
f 732 731 735
f 731 733 735
f 731 726 733
f 735 736 732
f 709 732 736
f 734 733 719
f 667 737 669
f 675 737 678
f 669 737 738
f 719 669 738
f 738 739 734
f 738 734 719
f 675 674 739
f 737 675 739
f 740 739 674
f 674 672 740
f 698 700 2271
f 637 2267 741
f 633 741 743
f 743 632 633
f 744 632 743
f 740 2260 2273
f 745 740 2273
f 699 709 736
f 2271 700 742
f 699 736 700
f 746 740 745
f 739 740 746
f 739 747 734
f 748 734 747
f 735 733 748
f 742 736 735
f 747 746 745
f 745 2273 2272
f 749 745 2272
f 747 745 749
f 750 2272 2271
f 2271 742 750
f 750 735 748
f 750 747 749
f 751 752 753
f 754 753 752
f 755 753 754
f 755 754 756
f 757 755 756
f 760 761 762
f 761 763 762
f 752 764 759
f 759 764 765
f 766 759 765
f 766 767 759
f 760 767 766
f 767 752 759
f 767 760 762
f 754 752 767
f 754 767 762
f 756 754 762
f 762 757 756
f 768 770 769
f 769 771 772
f 772 773 774
f 774 773 775
f 770 776 771
f 776 773 771
f 773 778 775
f 770 768 779
f 770 779 780
f 781 770 780
f 777 773 776
f 782 783 779
f 783 780 779
f 783 781 780
f 783 784 781
f 776 781 784
f 785 776 784
f 786 777 785
f 760 787 761
f 760 766 787
f 788 769 772
f 783 782 789
f 784 789 785
f 778 786 775
f 792 793 794
f 795 792 794
f 797 799 800
f 800 799 801
f 798 791 790
f 804 801 803
f 805 807 808
f 803 807 804
f 801 802 800
f 809 811 812
f 814 811 813
f 815 810 809
f 2277 816 817
f 821 822 820
f 823 2276 2279
f 826 828 825
f 2275 821 820
f 822 826 825
f 2278 828 827
f 829 2279 2276
f 830 831 832
f 819 795 816
f 839 840 838
f 842 839 841
f 845 843 844
f 845 844 847
f 2281 843 846
f 847 849 850
f 854 852 853
f 850 853 852
f 847 844 848
f 857 855 856
f 856 860 857
f 851 855 858
f 865 863 2283
f 866 867 868
f 869 2284 864
f 871 873 874
f 845 868 846
f 874 867 871
f 872 2285 873
f 876 2284 2286
f 876 831 875
f 862 841 863
f 831 877 832
f 879 881 878
f 883 884 882
f 884 881 880
f 886 888 889
f 888 890 891
f 879 891 890
f 2280 892 893
f 882 892 883
f 896 898 897
f 894 897 898
f 894 889 895
f 805 815 806
f 851 854 861
f 792 796 899
f 794 793 795
f 900 797 800
f 901 801 799
f 902 798 790
f 791 797 900
f 804 903 802
f 803 801 904
f 903 806 905
f 903 804 807
f 803 904 808
f 801 901 904
f 900 800 802
f 809 812 906
f 908 810 907
f 906 812 814
f 813 811 908
f 805 907 810
f 809 905 815
f 817 795 909
f 822 825 820
f 825 828 911
f 827 826 910
f 821 2274 2289
f 820 2288 2275
f 826 821 910
f 911 828 824
f 829 2276 2290
f 830 2291 2279
f 830 832 912
f 2290 831 829
f 796 819 2277
f 833 834 914
f 834 915 914
f 836 916 837
f 917 840 842
f 839 838 841
f 844 843 2294
f 918 845 847
f 2282 2294 843
f 920 2281 846
f 921 847 850
f 848 919 849
f 922 854 853
f 852 851 923
f 850 852 921
f 922 853 849
f 919 848 844
f 847 921 918
f 856 855 861
f 858 923 851
f 2295 862 865
f 841 2283 863
f 868 926 925
f 866 928 867
f 2285 874 873
f 872 871 929
f 845 927 866
f 925 846 868
f 926 868 874
f 928 871 867
f 930 872 929
f 876 2286 2296
f 924 875 913
f 831 913 875
f 877 2296 931
f 925 920 846
f 842 862 2295
f 878 881 932
f 933 880 879
f 883 935 934
f 934 885 883
f 933 882 884
f 881 885 934
f 880 933 884
f 889 888 937
f 938 887 886
f 932 888 891
f 890 887 939
f 878 932 891
f 879 890 939
f 935 2287 2297
f 2292 2280 893
f 892 935 883
f 893 882 936
f 938 898 896
f 940 897 895
f 940 889 937
f 894 938 886
f 815 905 806
f 805 808 907
f 861 854 922
f 942 943 944
f 947 945 946
f 951 949 950
f 2299 950 949
f 954 951 953
f 953 947 954
f 951 955 953
f 947 953 955
f 957 945 956
f 957 2300 959
f 944 960 942
f 961 2302 952
f 2299 964 950
f 964 2299 962
f 968 965 967
f 958 966 2301
f 943 970 969
f 968 969 970
f 944 961 960
f 2303 944 972
f 963 2303 2305
f 976 975 974
f 975 976 977
f 978 977 976
f 979 980 981
f 974 981 976
f 981 978 976
f 981 982 978
f 983 975 977
f 943 986 972
f 977 984 983
f 2307 987 2304
f 972 944 943
f 978 987 977
f 982 987 978
f 971 987 982
f 987 971 2304
f 982 980 989
f 983 984 988
f 2306 990 988
f 2306 988 984
f 971 989 973
f 982 989 971
f 975 983 988
f 991 950 964
f 955 951 991
f 995 992 994
f 994 964 995
f 955 996 947
f 992 997 998
f 994 998 999
f 1000 955 999
f 991 999 955
f 2309 1002 993
f 2309 993 995
f 947 996 945
f 1003 965 958
f 956 945 996
f 1003 958 1004
f 2310 956 1005
f 996 1000 1006
f 996 1005 956
f 998 1000 999
f 1006 1000 1007
f 1004 1008 1003
f 1005 1009 2310
f 1007 1005 1006
f 1008 1004 1010
f 1011 1009 1007
f 2311 2310 1009
f 998 1012 1000
f 1012 1007 1000
f 2306 1013 990
f 1014 2308 2312
f 1015 1014 2312
f 1014 1015 1008
f 1015 1003 1008
f 2312 1016 1015
f 967 986 969
f 1016 965 1003
f 985 986 1016
f 984 2307 2306
f 944 2303 963
f 964 2313 995
f 980 973 989
f 2305 2314 1017
f 963 1017 2302
f 980 1019 1018
f 2315 1017 2314
f 995 2313 2309
f 979 1020 1019
f 979 1019 980
f 949 1022 1021
f 1024 1022 1023
f 1025 1026 1023
f 1023 1027 1025
f 948 1027 949
f 1027 1022 949
f 961 2318 1029
f 2299 949 1028
f 1021 1028 949
f 1021 1024 1030
f 954 947 1031
f 946 1031 947
f 954 1027 948
f 1031 1033 1034
f 954 1034 1032
f 1035 1027 1032
f 1034 1035 1032
f 1033 1036 1034
f 1025 1037 1026
f 1034 1037 1035
f 1036 1038 1034
f 1010 1039 1008
f 1040 1039 1010
f 2308 1014 1041
f 1014 1039 1041
f 2308 1041 1042
f 2315 1043 1001
f 1043 2316 1044
f 1002 2309 2328
f 997 992 1045
f 1046 1012 997
f 1047 1012 1046
f 1049 1046 1048
f 1050 2324 2311
f 1009 1047 1050
f 1050 1049 1051
f 1009 1050 2311
f 1052 988 990
f 2334 2308 1042
f 975 1052 974
f 1042 1053 2334
f 1052 979 974
f 1054 2334 1053
f 1044 2316 1054
f 1002 992 993
f 2328 1055 1002
f 1002 1055 1045
f 997 1045 1056
f 1048 997 1056
f 1036 1057 1058
f 1058 1057 2340
f 1061 1063 1064
f 1061 1065 1063
f 1033 1057 1036
f 1066 2340 1057
f 2341 1060 1059
f 1057 946 957
f 959 1057 957
f 2301 1065 2341
f 1063 968 970
f 1063 966 968
f 943 1067 970
f 1067 1063 970
f 1068 1062 1061
f 1068 1061 1064
f 1030 1024 1069
f 1070 1061 1062
f 1070 1060 1061
f 1059 1060 1071
f 1072 2340 2345
f 1073 1058 1072
f 1038 1036 1073
f 1074 1023 1026
f 1075 1024 1023
f 1069 1024 1076
f 1068 1079 1080
f 1081 1068 1080
f 1070 1062 1081
f 1071 1060 1082
f 1070 1082 1060
f 1073 1083 1038
f 1074 1026 1037
f 1038 1074 1037
f 1075 1084 1085
f 1075 1074 1086
f 1085 1076 1075
f 1076 1085 1087
f 1087 1069 1076
f 1077 2354 1088
f 1077 2344 2354
f 1077 1088 1078
f 1082 1081 1089
f 1081 1082 1070
f 1082 1090 1071
f 1090 1082 1089
f 1083 1092 1091
f 1092 1083 1073
f 1084 1086 1091
f 1083 1091 1086
f 1086 1074 1083
f 2345 1092 1072
f 1092 1073 1072
f 1088 1079 1078
f 961 942 960
f 942 1067 943
f 1067 1068 1064
f 1077 2320 2344
f 1094 2320 1093
f 1029 2318 1094
f 2318 2317 1094
f 2298 1095 1096
f 2298 1097 2342
f 1097 2343 2342
f 1098 2348 2343
f 1099 2347 2348
f 2347 1100 2346
f 2346 1100 1101
f 2362 2361 1101
f 1101 1095 2362
f 2362 1095 2319
f 1101 2361 2346
f 1095 1101 1102
f 1100 1102 1101
f 1100 1103 1102
f 1095 1102 1096
f 1102 1104 1096
f 1098 1097 1105
f 1104 1097 1096
f 1103 1098 1105
f 1102 1105 1104
f 1097 1104 1105
f 1103 1100 1099
f 1103 1105 1102
f 1099 1098 1103
f 1107 1108 1106
f 1108 1110 1106
f 1109 1112 1110
f 1113 1114 1111
f 1111 1115 1112
f 1116 1114 1113
f 1117 1118 1119
f 1118 1117 1120
f 1121 1119 1118
f 1121 1124 1123
f 1122 1121 1123
f 1126 1127 1125
f 1128 2365 2364
f 1129 1130 1131
f 1132 2332 2331
f 1131 1133 1132
f 1134 2332 1132
f 1133 1134 1132
f 1127 2329 1136
f 2336 1136 2329
f 1138 1125 1127
f 1138 1127 1136
f 1136 1109 1138
f 1109 1108 1138
f 1136 1137 1109
f 1109 1137 1111
f 1113 1111 1137
f 1118 1120 1139
f 1133 1140 1135
f 1139 1120 1140
f 1139 1121 1118
f 1130 1139 1133
f 1139 1130 1121
f 1130 1128 1124
f 1124 1121 1130
f 1124 1128 2364
f 1124 2363 1123
f 1138 1141 1125
f 1108 1107 1141
f 1141 1138 1108
f 1124 2364 2366
f 2336 1142 1137
f 2335 2326 1142
f 1142 1113 1137
f 1113 1142 1143
f 2326 1144 1142
f 1144 1143 1142
f 1144 2325 1146
f 1144 1147 1145
f 1148 1143 1145
f 1113 1143 1116
f 1106 1152 1151
f 1106 1153 1107
f 1106 2368 1153
f 1155 2363 2367
f 2367 1156 1155
f 1122 1123 1155
f 1122 1156 1157
f 1158 1122 1157
f 1157 1160 1158
f 1162 1164 1161
f 1162 1165 1163
f 1166 1157 1156
f 1159 1166 1167
f 1167 1165 1162
f 1167 1160 1159
f 1167 1168 1169
f 1154 1166 1156
f 2369 1166 1154
f 1166 2369 1168
f 1172 1173 1171
f 1151 1152 1174
f 1151 1175 1176
f 1170 1151 1176
f 1177 1176 1175
f 1178 1179 1180
f 1172 1181 1149
f 1152 1110 1112
f 1174 1182 1175
f 1181 1174 1152
f 1172 1183 1181
f 1181 1152 1149
f 1172 1171 1183
f 1181 1183 1184
f 1182 1181 1184
f 1185 1175 1182
f 1171 1186 1183
f 1171 1187 1186
f 1186 1184 1183
f 1185 1184 1186
f 1188 1185 1186
f 1178 1188 1179
f 1186 1187 1188
f 1115 1149 1112
f 1149 1152 1112
f 1190 1191 1189
f 1192 1179 1188
f 1171 1190 1187
f 1188 1187 1192
f 1197 1196 1195
f 1199 1195 1198
f 1194 1198 1195
f 1200 1197 1195
f 1198 1202 1199
f 1203 1198 1194
f 1203 1204 1201
f 2374 1205 1206
f 1204 1202 1201
f 1204 1207 2373
f 1203 1194 2377
f 1203 1207 1204
f 1209 1187 1193
f 1190 1193 1187
f 1212 1210 1211
f 1193 1213 1214
f 1205 1214 1213
f 1214 1211 1210
f 1210 1192 1209
f 1192 1187 1209
f 1193 1214 1209
f 1209 1214 1210
f 1211 1208 1212
f 1203 2377 1207
f 2374 1211 1205
f 1205 1211 1214
f 2377 1194 1215
f 1169 1165 1167
f 1196 1197 1217
f 1197 1200 1217
f 1163 1218 1164
f 1216 1217 1163
f 1216 1163 1165
f 2381 1196 1219
f 1219 1217 1216
f 1219 1216 1169
f 1177 1175 1178
f 1221 1222 1223
f 2379 2376 1229
f 1229 1232 1230
f 1229 1230 2379
f 2380 2386 2375
f 1194 1233 1215
f 1234 2386 2380
f 1195 1233 1194
f 2388 1234 2380
f 1235 1195 1196
f 2389 1236 2388
f 2388 1236 1221
f 1196 1237 1235
f 1237 1196 2381
f 1236 2389 2390
f 2390 1220 1238
f 1239 1238 1220
f 1169 2381 1219
f 1238 1241 2390
f 1242 1227 2383
f 2379 1230 2378
f 2378 1240 2372
f 2370 2372 1240
f 1228 2371 2370
f 1178 1180 2392
f 1242 2371 1228
f 1228 1227 1242
f 1241 1221 1243
f 1243 1221 1236
f 2390 1243 1236
f 1226 1178 2392
f 1226 1177 1178
f 1169 1168 2369
f 1244 1170 1176
f 1177 1244 1176
f 2369 2393 1245
f 1169 1245 2391
f 1169 2369 1245
f 2385 1224 1245
f 2382 1225 1239
f 2391 1245 1224
f 1245 2393 2385
f 1234 1221 1223
f 2386 1234 1231
f 1240 1230 1232
f 2394 1247 1248
f 1247 2394 1231
f 1234 1247 1231
f 1247 1249 1248
f 1247 1234 1223
f 1250 1249 1223
f 1250 1223 1222
f 1241 1250 1222
f 1253 1251 1252
f 1241 1252 1251
f 1254 1253 1252
f 1254 1241 1238
f 1254 1225 1255
f 1255 1256 1257
f 1256 1225 2382
f 1258 1257 1256
f 1260 1232 1259
f 2382 1258 1256
f 2387 1259 1232
f 1259 1246 1261
f 1246 1259 2387
f 1261 1260 1259
f 1240 1232 1260
f 1240 1260 1262
f 1240 1263 2370
f 1263 1240 1262
f 1228 1263 1264
f 1264 1265 1228
f 1227 2395 2383
f 1227 1228 1265
f 2395 1227 1265
f 1266 1267 1268
f 1271 1270 1269
f 1270 1271 1272
f 1273 1272 1271
f 1274 1275 2399
f 1277 2397 2396
f 1278 1277 1279
f 1280 1278 1279
f 1282 1281 1280
f 1280 1283 1282
f 1285 1276 2398
f 1287 1268 1286
f 1289 1287 1288
f 1291 2401 1275
f 2400 1294 1293
f 1295 1293 1294
f 1297 1299 1300
f 1301 1298 1297
f 1292 1301 2398
f 1299 1295 1300
f 1296 1295 1299
f 1273 1271 1290
f 1274 1273 1290
f 1289 1268 1287
f 1268 1289 1266
f 1289 1269 1266
f 1269 1303 1271
f 1289 1303 1269
f 1290 1271 1303
f 1303 1289 1290
f 1302 1304 1290
f 1291 1304 1302
f 1290 1304 1274
f 1275 1304 1291
f 1304 1275 1274
f 1295 1282 1300
f 1300 1282 1283
f 1300 1284 1297
f 1300 1283 1284
f 2398 1301 1285
f 1301 1297 1284
f 1301 1284 1285
f 1294 1281 1295
f 1295 1281 1282
f 2397 1278 1294
f 1306 1307 1308
f 1310 2402 1309
f 1306 1312 1311
f 1313 1312 1314
f 1313 1314 1315
f 1315 1317 1316
f 1317 1315 1314
f 1319 1316 1317
f 1319 1320 1318
f 1320 1321 1322
f 1321 1323 1322
f 1324 2407 1325
f 2407 1326 1325
f 1327 1325 1328
f 1326 1328 1325
f 1327 1328 1329
f 1329 1328 1330
f 1329 1332 1331
f 1331 1333 1334
f 1333 1331 1332
f 1333 1309 1334
f 1335 1310 1309
f 1336 1306 1337
f 1337 1338 1336
f 2409 1309 2402
f 2412 1340 2409
f 1336 1338 1339
f 1337 1311 1313
f 2405 1342 2410
f 1315 1343 1313
f 1344 2405 2413
f 1343 1315 1316
f 1345 1343 1316
f 1318 1345 1316
f 1320 1346 1318
f 1322 1347 1320
f 1347 1346 1320
f 2414 2407 1324
f 1349 2414 1324
f 1324 1350 1349
f 1351 1327 1329
f 1351 1350 1327
f 1351 1331 1352
f 1352 1353 1351
f 1331 1334 1352
f 1354 1352 1334
f 1334 1309 1355
f 1354 1334 1355
f 1309 2409 1355
f 1355 2409 1340
f 2417 1307 1356
f 2416 2403 1310
f 2417 1312 1308
f 1359 1317 1358
f 1314 1358 1317
f 1321 1359 1360
f 1358 1361 1359
f 1323 1321 1360
f 1360 1362 1323
f 1326 2420 1363
f 1328 1326 1364
f 1365 1326 1363
f 1330 1328 1364
f 1364 1365 1366
f 1364 1332 1330
f 1367 1364 1366
f 1332 1368 1333
f 1368 1367 1369
f 1333 1310 1335
f 1310 1368 1369
f 2421 1372 1370
f 1370 1372 1373
f 1375 1370 1374
f 1374 1370 1373
f 1377 2422 1371
f 1381 2426 2427
f 1382 1381 2427
f 1383 1384 1382
f 1384 1385 1386
f 1387 1385 2430
f 1389 2429 1388
f 1391 1390 1389
f 1390 1391 1392
f 1394 1391 1393
f 1396 1393 1395
f 1397 1396 1395
f 1397 1375 1374
f 1396 1397 1374
f 1405 1403 1404
f 1402 1406 1407
f 1406 1409 1407
f 1409 1410 1411
f 1413 1411 1410
f 1416 1413 1415
f 2446 2444 1418
f 1418 2444 1419
f 1420 1417 1421
f 1423 1419 1422
f 1424 2450 2451
f 1426 1422 1425
f 2451 1427 1424
f 1429 1426 1425
f 1431 1428 1432
f 1429 1434 1430
f 1400 1433 1435
f 1398 1437 1399
f 2455 1435 1438
f 1437 1401 1399
f 1440 1402 1401
f 1440 1439 2457
f 1402 1440 1406
f 1410 1415 1413
f 1444 2444 2459
f 1442 1443 1415
f 2444 1444 1419
f 1445 1419 1444
f 1425 1422 1445
f 1446 1429 1425
f 1447 1429 1446
f 1438 1433 1447
f 2456 1441 1448
f 1441 1449 1448
f 1441 2419 1449
f 1359 2457 1450
f 2457 1439 1450
f 1451 2419 2418
f 1451 2406 1452
f 1453 2438 2456
f 1454 2438 1453
f 2441 2438 1454
f 1454 1455 2441
f 2458 2441 1455
f 2406 2404 1452
f 2404 1357 1456
f 1456 1457 1458
f 1356 2460 2417
f 1458 1457 2458
f 1443 2460 1356
f 1453 2456 1448
f 1448 1449 1451
f 2419 1451 1449
f 1451 1452 1459
f 1452 1460 1459
f 1460 1452 1456
f 2404 1456 1452
f 1461 1456 1458
f 1454 1461 1458
f 1454 1458 1455
f 1458 2458 1455
f 1462 1454 1453
f 1461 1454 1462
f 1462 1453 1459
f 1460 1461 1462
f 1459 1460 1462
f 1456 1461 1460
f 1459 1453 1448
f 1451 1459 1448
f 2459 1310 1444
f 1445 1310 1369
f 1425 1445 1463
f 1369 1463 1445
f 1463 1446 1425
f 1367 1366 1463
f 1366 1447 1446
f 1366 1365 1464
f 1437 1450 1439
f 1359 1437 1360
f 1438 1447 1464
f 1438 1365 1363
f 1437 1436 1362
f 1362 1360 1437
f 1438 1363 2420
f 2420 2455 1438
f 2413 1465 1344
f 1343 1345 2427
f 1465 2413 1380
f 1380 1466 1465
f 2411 2410 1342
f 1339 1338 1377
f 1377 1371 1339
f 2424 2411 1467
f 2424 1467 1376
f 1467 1468 1376
f 1468 1378 1376
f 1468 1379 1378
f 1353 1469 1351
f 1470 1353 1354
f 1469 1353 1471
f 1395 1470 1397
f 1469 1395 1393
f 1472 1354 1355
f 1375 1354 1472
f 1470 1375 1397
f 1472 1355 1340
f 1375 1340 1370
f 1370 2412 2421
f 1350 1469 1391
f 1391 1469 1393
f 1391 1389 1349
f 1391 1349 1350
f 1388 1348 1349
f 1388 1349 1389
f 2415 1385 1346
f 1385 2415 2430
f 1346 1385 1473
f 1385 1383 1473
f 1473 1345 1346
f 1473 2427 1345
f 2427 1383 1382
f 1474 1475 1476
f 1475 1394 1476
f 1478 1476 1477
f 1478 1477 1373
f 1479 1478 1373
f 2423 1480 2465
f 1475 1485 1394
f 1394 1396 1476
f 1476 1374 1477
f 1374 1373 1477
f 1373 1372 1479
f 2422 2423 2465
f 1480 2423 2425
f 1381 2425 2426
f 1381 1382 1481
f 1481 1384 1482
f 1386 1482 1384
f 1484 1386 1387
f 2471 1390 1485
f 1485 1390 1392
f 1394 1485 1392
f 1341 1487 1342
f 1341 2405 1344
f 1341 1488 1486
f 1489 1344 1465
f 1489 1488 1344
f 1489 1465 1466
f 1468 1489 1466
f 1342 1468 1467
f 1342 1467 2411
f 1468 1342 1487
f 1486 1468 1487
f 1489 1486 1488
f 1489 1468 1486
f 1491 1492 1490
f 1492 1495 1490
f 1497 1496 1495
f 1494 1490 1496
f 1495 1496 1490
f 1504 1502 1505
f 1503 1506 1507
f 1504 1506 1503
f 1505 1508 1412
f 1510 1509 1508
f 1509 1412 1508
f 1510 1511 1509
f 1514 1516 1513
f 1516 1518 1517
f 2474 1518 2475
f 1414 1504 1505
f 1420 1504 1417
f 1506 1504 1420
f 1412 1414 1505
f 1509 2440 1412
f 1509 1511 1408
f 2440 1509 1408
f 1511 1519 1408
f 1148 1408 1519
f 1427 1431 1520
f 1513 1427 1520
f 1517 1424 1427
f 1517 1427 1516
f 1424 1517 2449
f 1517 2474 2449
f 1502 1522 1521
f 1507 1522 1503
f 1523 1522 1507
f 1521 1508 1502
f 1494 1510 1508
f 1525 1524 1496
f 1510 1525 1512
f 1527 1514 1526
f 1514 1527 1515
f 1527 1528 1518
f 1515 1527 1518
f 1528 2475 1518
f 1522 1490 1521
f 1523 1491 1522
f 1521 1490 1494
f 1494 1496 1524
f 1529 1499 1526
f 1526 1500 1527
f 1528 1500 1501
f 1528 2473 2476
f 1408 1530 1405
f 1148 1530 1408
f 1495 1531 1497
f 1495 1532 1531
f 1533 1534 1492
f 1492 1532 1495
f 1492 1535 1533
f 1535 1493 1536
f 1537 2473 1501
f 1537 2477 2473
f 1500 1537 1501
f 1539 1500 1499
f 1539 1498 1540
f 1541 1542 1543
f 1541 1543 1544
f 1545 1546 1542
f 1541 1547 1542
f 1545 1549 1546
f 1549 1548 1550
f 1551 1548 1545
f 1548 2477 1552
f 2477 1548 1553
f 2477 1553 2478
f 1536 1554 1535
f 1538 1555 1550
f 1555 1546 1549
f 1549 1550 1555
f 1550 1537 1538
f 1552 1550 1548
f 1537 1552 2477
f 1541 1556 1557
f 1557 1556 1558
f 1561 1557 1559
f 1559 1560 1562
f 1563 1564 1565
f 1554 1567 1535
f 1554 1569 1567
f 2478 1553 1568
f 1553 1570 1568
f 2483 1571 1569
f 2484 1572 2482
f 2486 2485 2481
f 1573 1566 1574
f 1566 1573 1563
f 1574 1576 1573
f 1576 1575 1531
f 1531 1575 1497
f 1564 1577 1578
f 1577 2480 1578
f 1580 1579 1577
f 2480 1579 1581
f 1577 1564 1580
f 1579 1580 1582
f 1583 1584 1580
f 1582 1584 1585
f 1583 1580 1564
f 1564 1563 1583
f 1583 1563 1573
f 1586 1585 1584
f 1584 1573 1586
f 1573 1584 1583
f 1586 1569 1585
f 1587 1533 1569
f 1532 1534 1587
f 1553 1588 1570
f 2494 1588 1553
f 2493 1589 1590
f 2494 1592 1591
f 2495 1590 1589
f 1591 1592 1593
f 2496 1594 2495
f 1593 1592 1595
f 1596 1593 1595
f 2496 2497 1594
f 1596 1598 1597
f 2488 1598 1596
f 2498 2490 2499
f 1599 2487 1600
f 2487 2491 1600
f 1600 2492 1601
f 2492 2500 1603
f 1602 1585 1569
f 1569 1571 1602
f 2485 1603 2500
f 1587 1573 1576
f 1587 1531 1532
f 1569 1533 1567
f 1535 1567 1533
f 1605 2488 1596
f 1605 1562 2488
f 2494 1551 1592
f 1553 1551 2494
f 1562 1605 1559
f 1606 1605 1596
f 1605 1561 1559
f 1595 1606 1596
f 1595 1592 1547
f 1592 1542 1547
f 1542 1551 1545
f 1606 1557 1561
f 1595 1557 1606
f 1541 1595 1547
f 2501 1609 1610
f 2503 1610 1609
f 1609 1613 1612
f 1612 2503 1609
f 1607 1615 1614
f 1615 2502 1611
f 1614 1616 1617
f 1618 1616 1615
f 1616 1619 1617
f 1616 1620 1619
f 1621 1619 1620
f 1623 1621 1604
f 2486 1624 1623
f 1625 2504 1572
f 1625 1627 1626
f 1626 1627 1628
f 1626 1630 1629
f 1630 1626 1628
f 1629 1630 1631
f 1631 1633 1632
f 1613 1633 1612
f 2485 2486 1604
f 1603 1620 2492
f 1620 1601 2492
f 1600 1601 1634
f 1635 1600 1634
f 1636 2499 2505
f 2499 1636 2498
f 1636 1638 1637
f 2497 1636 1637
f 1638 1639 1637
f 1637 1594 2497
f 1640 1637 1639
f 1594 1637 1640
f 1641 2495 1640
f 2495 1594 1640
f 1640 1639 1641
f 1641 1590 2495
f 1642 1643 1590
f 2493 1590 1643
f 2493 1643 2484
f 2484 1643 1572
f 2505 2503 1644
f 1635 1615 1611
f 1612 1644 2503
f 1639 1612 1633
f 1639 1633 1631
f 1639 1630 1641
f 1630 1642 1641
f 1628 1627 1642
f 1627 1625 1643
f 1572 1643 1625
f 2486 1623 1604
f 1634 1618 1615
f 1618 1634 1601
f 1620 1618 1601
f 1603 1604 1621
f 1636 2505 1644
f 1644 1638 1636
f 1642 1627 1643
f 1648 1645 1647
f 1647 1646 1649
f 1648 1647 1650
f 1651 2506 1653
f 1653 1654 1651
f 2507 1656 1655
f 1654 1657 1651
f 1657 1658 1651
f 1659 1658 1657
f 1658 1659 1645
f 1647 1660 1650
f 1663 2508 2509
f 1664 1655 1656
f 1656 1665 1664
f 1665 1666 1667
f 1666 1669 1667
f 1670 1668 1671
f 1670 1669 1668
f 1670 1671 1663
f 1663 1671 1662
f 1648 1650 1673
f 1674 1654 1653
f 2510 2507 1655
f 1659 1657 1654
f 1675 1661 1647
f 1647 1649 1675
f 1663 2509 2511
f 1676 1670 1663
f 1680 1677 1679
f 1656 1652 1680
f 1678 2512 2506
f 1672 1681 1678
f 1658 1672 1678
f 1648 1681 1672
f 1660 1673 1650
f 1656 1682 1666
f 1683 1666 1682
f 1683 1671 1668
f 1662 1671 1683
f 1648 1673 1684
f 1651 1678 2506
f 1658 1678 1651
f 1672 1658 1645
f 1672 1645 1648
f 2512 1681 1686
f 1684 1681 1648
f 1673 1660 1685
f 1662 2513 2508
f 1680 1679 1687
f 1688 1680 1687
f 1688 1689 1682
f 1683 1682 1689
f 1683 1689 1690
f 1690 1662 1683
f 2433 1692 2435
f 1694 2333 1693
f 1693 2332 1134
f 1148 1519 1143
f 1519 1116 1143
f 1695 1114 1116
f 1519 1511 1116
f 1115 1114 1695
f 1150 1115 1695
f 1695 1511 1512
f 1511 1695 1116
f 1695 1512 1525
f 1695 1525 1150
f 1525 1496 1696
f 1172 1149 1150
f 1696 1150 1525
f 1497 1696 1496
f 1697 1150 1696
f 1575 1697 1497
f 1697 1173 1172
f 1575 1173 1697
f 1171 1173 1191
f 1575 1191 1173
f 1574 1191 1575
f 1698 1574 1566
f 1189 1191 1698
f 1698 1191 1574
f 1699 1698 1566
f 1559 1558 1700
f 1701 1202 1204
f 1702 1700 1558
f 1558 1701 1702
f 1544 1200 1199
f 1558 1556 1199
f 1217 1218 1163
f 1703 1217 1200
f 1200 1544 1703
f 1544 1199 1556
f 1544 1543 1703
f 1546 1543 1542
f 1218 1703 1705
f 1703 1704 1705
f 1546 1706 1704
f 1218 1705 1164
f 1705 1706 1164
f 1546 1707 1706
f 1540 1555 1539
f 1706 1161 1164
f 1161 1160 1162
f 1160 1709 1158
f 1708 1707 1540
f 1710 1540 1498
f 1708 1710 1709
f 1119 1711 1117
f 1158 1711 1119
f 1514 1529 1526
f 1529 1710 1498
f 1711 1709 1710
f 1713 1117 1711
f 1713 1529 1712
f 1712 1513 1714
f 1715 1117 1713
f 1712 1715 1713
f 1714 1120 1715
f 1520 1714 1513
f 1716 1120 1714
f 1717 1520 1431
f 1135 1140 1716
f 1135 1716 1717
f 1135 1718 1134
f 1693 1718 1692
f 1693 1691 1694
f 1718 1431 1432
f 1692 1718 2435
f 1719 1148 1145
f 1530 1148 1719
f 1403 2434 1404
f 1405 1530 1403
f 2514 2434 1720
f 1146 1721 1147
f 1721 2322 2515
f 1719 1145 1147
f 1719 1403 1530
f 1721 1719 1147
f 1720 1719 1721
f 1720 2515 2514
f 1722 1723 1190
f 1189 1722 1190
f 1193 1190 1723
f 1723 1213 1193
f 1213 1724 1205
f 1724 1725 1206
f 1205 1724 1206
f 1726 2373 2516
f 2373 1726 1204
f 1204 1727 1701
f 1728 1701 1727
f 1728 1700 1702
f 1559 1729 1730
f 1559 1700 1729
f 1730 1731 1559
f 1559 1731 1560
f 1189 1698 1699
f 1722 1189 1699
f 1722 1699 1732
f 1565 1733 1563
f 1566 1563 1733
f 1565 1734 1733
f 1733 1732 1566
f 1566 1732 1699
f 1564 1578 1565
f 1578 2517 1734
f 2479 1578 2480
f 1565 1578 1734
f 1266 1736 1267
f 2399 1737 1274
f 1738 2396 2518
f 1277 1738 1279
f 1279 1250 1280
f 1280 1250 1251
f 1280 1251 1283
f 1283 1739 1284
f 1284 1739 1740
f 1285 1284 1740
f 1272 1273 1742
f 1741 1272 1742
f 1741 1270 1272
f 1737 1273 1274
f 1266 1269 1735
f 1270 1735 1269
f 1735 1270 1741
f 1674 1614 1654
f 1607 1614 1743
f 1617 1619 1744
f 1659 1654 1646
f 1646 1645 1659
f 1649 1624 1675
f 1745 2501 2519
f 1745 2519 1655
f 1655 2519 2510
f 1613 1608 1745
f 1613 1655 1664
f 1664 1632 1613
f 1664 1665 1632
f 1631 1632 1667
f 1667 1632 1665
f 1629 1667 1669
f 1670 1629 1669
f 1676 1626 1670
f 1625 2511 2504
f 1625 1676 1663
f 1619 1746 1744
f 1746 1646 1744
f 1623 1746 1622
f 1646 1746 1649
f 1617 1744 1646
f 1614 1617 1654
f 1646 1654 1617
f 1736 1261 1246
f 1261 1747 1260
f 1747 1261 1735
f 1741 1747 1735
f 1747 1262 1260
f 1262 1747 1741
f 1262 1741 1263
f 1264 1263 1741
f 1741 1742 1264
f 2394 1248 2518
f 1248 1738 2518
f 1279 1248 1249
f 1250 1279 1249
f 1283 1251 1253
f 1739 1253 1254
f 1739 1283 1253
f 1255 1739 1254
f 1257 1740 1255
f 1285 1740 1257
f 1257 1276 1285
f 1258 1276 1257
f 1265 2399 2395
f 1264 1742 1265
f 1265 1737 2399
f 1620 1603 1621
f 1621 1622 1619
f 1749 1290 1748
f 1749 1302 1290
f 1302 1749 1750
f 1289 1748 1290
f 1748 1288 1751
f 1288 1748 1289
f 1286 1751 1288
f 1287 1286 1288
f 2524 2400 1293
f 1753 2524 1293
f 1296 1753 1293
f 1296 1299 1753
f 1299 1754 1753
f 1754 1299 1298
f 1754 1298 1292
f 1755 1754 1292
f 2528 1750 1749
f 2401 1750 2528
f 1750 1291 1302
f 2401 1291 1750
f 1756 1681 1684
f 1673 1757 1684
f 1757 1673 1685
f 1757 1756 1684
f 1757 1685 1758
f 2532 2513 1690
f 1679 1760 1687
f 1760 1677 1761
f 2512 1686 2536
f 2536 1686 1762
f 1686 1681 1756
f 1762 1686 1756
f 1690 1759 2532
f 1688 1763 1689
f 1690 1689 1759
f 1759 1689 1763
f 1763 1687 1760
f 1688 1687 1763
f 2352 2355 2353
f 2359 2352 2351
f 2356 2359 2360
f 2357 2356 2360
f 2355 2356 2349
f 2350 2349 2356
f 2463 2462 2461
f 2463 2464 2466
f 2468 2466 2428
f 2468 2428 2467
f 2469 2470 2468
f 2470 2472 2468
f 2472 2462 2468
f 2522 2521 2520
f 2521 2522 2527
f 2522 2525 2526
f 2537 2529 2531
f 2531 2529 2530
f 2535 2537 2534
f 2533 2534 2531
f 1127 2338 2327
f 1126 2338 1127
f 2365 2330 2337
f 1131 2330 1129
f 2331 1131 1132
f 2321 1146 2325
f 2431 1400 1435
f 1404 2434 2436
f 1404 2437 1405
f 1405 2439 1408
f 2440 1408 2439
f 2440 2442 1412
f 2443 1412 2442
f 2443 1417 1414
f 2448 1417 2445
f 1417 2448 1421
f 2451 2450 2447
f 2451 2452 1428
f 1428 2453 1432
f 2454 1432 2453
f 2454 2435 1718
f 2527 2522 2526
f 2537 2531 2534
f 2356 2352 2359
f 2355 2352 2356
f 2463 2466 2462
f 2462 2466 2468
f 1765 1766 1764
f 1766 1767 1764
f 1766 1768 1767
f 1765 1770 1771
f 1772 1773 1774
f 1773 1771 1770
f 1774 1775 1772
f 1777 1779 1780
f 1781 1779 1778
f 1783 1778 1782
f 1781 1778 1783
f 1774 1784 1783
f 1774 1782 1775
f 1783 1782 1774
f 1781 1784 1785
f 1786 1784 1773
f 1779 1788 1787
f 1788 1779 1781
f 1788 1781 1785
f 1785 1784 1789
f 1786 1789 1784
f 1773 1770 1786
f 1765 1764 1790
f 1790 1770 1765
f 1770 1790 1786
f 1764 1767 1791
f 1791 1767 1768
f 1764 1792 1790
f 1794 1793 1795
f 1798 1799 1797
f 1787 1801 1800
f 1787 1788 1801
f 1788 1802 1801
f 1802 1788 1785
f 1785 1789 1802
f 1794 1803 1793
f 1802 1804 1805
f 1806 1795 1796
f 1795 1805 1804
f 1806 1796 1797
f 1805 1806 1807
f 1805 1801 1802
f 1807 1808 1809
f 1801 1807 1809
f 1799 1806 1797
f 1808 1806 1810
f 1804 1794 1795
f 1794 1804 1803
f 1793 1803 1792
f 1790 1792 1786
f 1803 1786 1792
f 1786 1803 1789
f 1803 1804 1789
f 1804 1802 1789
f 1793 1792 1764
f 1811 1764 1791
f 1812 1769 1813
f 1812 1814 1768
f 1791 1768 1814
f 1811 1791 1815
f 1793 1764 1811
f 1816 1793 1811
f 1815 1816 1811
f 1793 1816 1795
f 1795 1817 1796
f 1796 1817 1797
f 1818 1797 1817
f 1821 1819 1820
f 1821 1820 1823
f 1823 1822 1824
f 1820 1819 1825
f 1825 1822 1820
f 1827 1819 1821
f 1828 1825 1819
f 1826 1825 1828
f 1828 2541 1826
f 2540 2541 1828
f 1829 1821 1823
f 1829 1827 1821
f 1824 1831 1823
f 1831 1830 1833
f 1830 1834 1833
f 1823 1831 1829
f 1836 1834 1835
f 1836 1837 1834
f 1837 1833 1834
f 1837 1840 1838
f 1839 1841 1842
f 1842 1840 1839
f 1841 1843 1842
f 1842 1843 1844
f 1838 1840 1845
f 1833 1838 1845
f 1845 1831 1833
f 1829 1831 1845
f 1845 1846 1829
f 1846 1845 1840
f 1847 1846 1844
f 1829 1846 1847
f 1842 1846 1840
f 1846 1842 1844
f 1829 1847 1848
f 1827 1829 1848
f 1849 1848 1847
f 1849 1847 1844
f 1849 1844 1850
f 1851 1844 1843
f 1843 1852 1851
f 1853 1819 1827
f 1854 1828 1819
f 1819 1853 1854
f 2542 1828 1855
f 1855 1828 1854
f 1856 1857 1858
f 1856 1859 1857
f 1861 1856 1860
f 1853 1860 1862
f 1854 1853 1862
f 1857 1863 1864
f 1859 1863 1857
f 1865 1859 1861
f 1865 1861 1866
f 1861 1853 1866
f 1863 1867 1864
f 1863 1859 1868
f 1865 1868 1859
f 1866 1853 1848
f 1853 1827 1848
f 1863 1869 1867
f 1851 1868 1850
f 1865 1850 1868
f 1865 1866 1849
f 1866 1848 1849
f 1851 1852 1869
f 1818 1817 1870
f 1858 2543 1856
f 1858 1857 1871
f 1871 1857 1864
f 1818 2544 1798
f 1872 1858 1871
f 1864 1872 1871
f 1799 1798 2544
f 1864 2545 1872
f 1810 2544 1873
f 1873 1808 1810
f 1869 2545 1867
f 1809 1800 1801
f 1852 1843 1875
f 2546 1869 1852
f 1809 1808 1874
f 1800 1809 1874
f 2546 1875 2539
f 1841 1875 1843
f 2539 1875 1841
f 1841 1839 1876
f 1787 1780 1779
f 1800 1877 1787
f 1841 2547 2539
f 2547 1841 1876
f 1780 1787 1877
f 1877 2548 1780
f 1876 1878 2547
f 1839 1836 1876
f 2548 1777 1780
f 1836 1878 1876
f 1777 1782 1778
f 1878 1836 1879
f 2548 2549 1777
f 1775 1782 1776
f 1776 1782 1777
f 1832 1835 1834
f 2550 1836 1835
f 2549 1776 1777
f 1775 1880 1881
f 1835 2551 2550
f 1882 1883 1884
f 1885 1884 1883
f 2552 2555 1886
f 2558 1893 1894
f 1896 1897 1898
f 2560 1900 1901
f 1888 1889 1906
f 1903 1902 2562
f 1900 2560 1892
f 1895 1908 2564
f 1897 1909 2563
f 1910 1895 2559
f 1896 1898 2565
f 1911 1894 1893
f 1912 1891 1890
f 2557 1903 2567
f 2556 1904 1905
f 1889 1888 1913
f 2561 1905 1904
f 1905 2568 2556
f 1908 1894 1911
f 1901 2563 2566
f 1900 1892 2567
f 1908 1895 1914
f 1891 1913 1907
f 1903 2562 2568
f 1915 1916 1917
f 1915 1918 1919
f 2571 1920 1921
f 1922 1921 1920
f 1923 1922 1924
f 1924 1922 2573
f 2572 1926 1927
f 1926 2572 1925
f 1928 1927 1929
f 1919 1916 1915
f 1919 1928 1929
f 2569 1930 1920
f 1929 1916 1919
f 1922 1930 1931
f 1922 1931 2573
f 1927 1926 1932
f 1925 1932 1926
f 1929 1927 1932
f 2570 1933 1930
f 1917 1916 1884
f 1885 1917 1884
f 1932 1925 1906
f 1889 1932 1906
f 1929 1934 1935
f 1929 2574 1916
f 1889 1913 1934
f 1934 1913 1891
f 1934 1891 1912
f 1912 2558 1894
f 1914 1895 1937
f 1910 1937 1895
f 2574 1884 1916
f 1932 1889 1934
f 1912 1935 1934
f 1935 1914 1937
f 1929 1935 1937
f 1937 2574 1929
f 2573 1931 2561
f 2561 1931 1905
f 1930 1933 1938
f 1938 1931 1930
f 1933 2570 2554
f 1931 1938 1905
f 1900 1938 1939
f 1933 2555 1939
f 1938 1933 1939
f 1914 1894 1908
f 1938 1900 1905
f 1903 2568 1905
f 1900 2567 1903
f 1900 1903 1905
f 2563 1901 1897
f 1900 1939 1897
f 1900 1897 1901
f 1937 1910 2574
f 1936 2565 1898
f 1898 1897 1939
f 1939 2555 1898
f 2555 1936 1898
f 1887 1884 2574
f 1887 1882 1884
f 1933 2554 1886
f 2555 1933 1886
f 2553 2552 1886
f 2554 2553 1886
f 1907 1890 1891
f 2557 2562 1902
f 1893 2558 1899
f 1911 1893 1899
f 2559 1895 2564
f 1901 2566 2560
f 1904 2556 2561
f 1940 1941 2575
f 1942 1943 1944
f 1947 1948 1943
f 1943 1948 1944
f 1946 1949 1945
f 1947 2577 2576
f 1943 1950 1947
f 2575 1941 1951
f 2578 1943 1942
f 1945 1951 1941
f 2577 1950 2578
f 1953 1955 1956
f 1955 1957 1956
f 1955 2575 1957
f 1942 1944 2580
f 1953 1956 1952
f 1960 1961 1958
f 2581 1962 2582
f 1953 1952 1962
f 2579 1961 1960
f 1961 2579 1954
f 1960 1958 1959
f 1952 2583 1962
f 1963 2579 1960
f 1965 1964 1967
f 1967 2581 1965
f 1966 1958 1961
f 1964 1965 1968
f 2585 1966 2584
f 1966 1970 2584
f 1969 1967 1964
f 1969 1972 1973
f 1971 1969 1973
f 2586 1970 2587
f 1969 1964 1974
f 1970 2588 2584
f 2586 1975 1970
f 1972 1969 1974
f 2588 1975 2586
f 2585 1976 1966
f 1965 1977 1968
f 2581 1977 1965
f 1966 2589 1958
f 2589 1976 2585
f 2582 1978 2590
f 1959 1979 1960
f 2582 1962 1978
f 2583 1978 1962
f 1960 1979 1963
f 1978 2583 2590
f 1952 1956 2591
f 1980 1954 2579
f 1957 2592 1956
f 1944 1981 2580
f 1954 1981 1944
f 2592 2591 1956
f 1945 1982 1946
f 1941 1983 1945
f 1983 1982 1945
f 1984 1982 1983
f 1984 1985 1982
f 1984 1986 1985
f 2576 2593 1947
f 2593 1987 1947
f 2593 1988 1987
f 2593 2594 1988
f 2594 1989 1988
f 1940 1983 1941
f 1940 1990 1983
f 1990 1984 1983
f 1990 1991 1984
f 1991 1986 1984
f 1994 1993 1992
f 1971 1994 1992
f 1971 2595 1994
f 1995 1997 1998
f 2596 1997 1995
f 1987 1998 1997
f 1987 1999 1947
f 1989 1998 1988
f 2000 1995 1998
f 2597 1994 2595
f 2597 1993 1994
f 1993 1991 1992
f 1992 1991 1990
f 1993 1986 1991
f 1990 2002 1992
f 1967 1992 2002
f 1967 1971 1992
f 1971 1973 1996
f 1997 2596 2587
f 1999 1987 1997
f 2587 1970 1997
f 1969 1971 1967
f 1997 1970 1999
f 1990 1955 2002
f 1940 1955 1990
f 2581 2002 1962
f 2002 1953 1962
f 1940 2575 1955
f 1999 1961 1948
f 1999 1970 1961
f 1966 1961 1970
f 1954 1948 1961
f 1944 1948 1954
f 1948 1947 1999
f 2004 2005 2003
f 2005 2004 2006
f 2005 2006 2598
f 2003 2007 2004
f 2004 2007 2008
f 2006 2004 2008
f 2006 2008 2009
f 2010 2003 2005
f 2010 2005 2011
f 2011 2005 2598
f 2013 2599 2600
f 2013 2600 2014
f 2013 2015 2012
f 2016 2013 2014
f 2016 2017 2013
f 2015 2017 2018
f 2019 2020 2021
f 2019 2021 2022
f 2024 2020 2019
f 2025 2024 2026
f 2025 2026 2027
f 2025 2027 2028
f 2029 2027 2026
f 2030 2018 2031
f 2031 2018 2017
f 2031 2017 2027
f 2029 2031 2027
f 2017 2028 2027
f 2007 2033 2008
f 2019 2035 2036
f 2037 2035 2038
f 2033 2036 2037
f 2037 2009 2008
f 2008 2033 2037
f 2032 2029 2033
f 2030 2031 2029
f 2033 2034 2036
f 2033 2026 2034
f 2034 2019 2036
f 2026 2024 2034
f 2024 2019 2034
f 2020 2024 2039
f 2022 2040 2035
f 2038 2035 2040
f 2601 2038 2040
f 2011 2598 2041
f 2014 2600 2602
f 2017 2016 2603
f 2603 2028 2017
f 2039 2024 2023
f 2023 2025 2605
f 2021 2043 2044
f 2044 2022 2021
f 2043 2039 2616
f 2610 2601 2040
f 2604 2609 2025
f 2608 2025 2609
f 2042 2610 2040
f 2042 2040 2612
f 2608 2605 2025
f 2612 2040 2613
f 2608 2611 2605
f 2605 2617 2023
f 2613 2040 2615
f 2605 2614 2617
f 2039 2023 2617
f 2617 2616 2039
f 2615 2040 2022
f 2619 2038 2601
f 2607 2604 2618
f 2009 2038 2620
f 2028 2603 2618
f 2025 2618 2604
f 2601 2606 2619
f 2619 2620 2038
f 2602 2629 2014
f 2598 2006 2628
f 2629 2627 2014
f 2626 2628 2006
f 2016 2627 2625
f 2621 2624 2620
f 2009 2620 2624
f 2626 2009 2624
f 2623 2622 2603
f 2016 2623 2603
f 2045 2046 2047
f 2045 2631 2046
f 2050 2630 2048
f 2050 2051 2049
f 2631 2052 2046
f 2051 2632 2049
f 2631 2053 2052
f 2632 2051 2054
f 2055 2057 2051
f 2057 2054 2051
f 2058 2059 2055
f 2055 2060 2056
f 2061 2059 2058
f 2059 2633 2634
f 2059 2634 2060
f 2061 2062 2059
f 2062 2633 2059
f 2061 2063 2062
f 2063 2636 2062
f 2637 2064 2062
f 2636 2637 2062
f 2063 2065 2638
f 2065 2067 2068
f 2068 2638 2065
f 2069 2067 2066
f 2067 2070 2071
f 2070 2072 2073
f 2073 2071 2070
f 2075 2074 2073
f 2072 2076 2073
f 2073 2076 2077
f 2078 2079 2073
f 2080 2078 2073
f 2077 2080 2073
f 2081 2077 2076
f 2076 2082 2639
f 2639 2081 2076
f 2082 2084 2085
f 2085 2639 2082
f 2052 2086 2083
f 2086 2084 2083
f 2083 2046 2052
f 2083 2087 2046
f 2046 2087 2047
f 2088 2083 2082
f 2088 2087 2083
f 2088 2089 2087
f 2089 2047 2087
f 2090 2082 2076
f 2091 2088 2090
f 2091 2089 2088
f 2072 2090 2076
f 2050 2055 2051
f 2048 2093 2050
f 2055 2050 2058
f 2093 2058 2050
f 2058 2094 2061
f 2058 2093 2094
f 2093 2095 2094
f 2096 2063 2061
f 2097 2063 2096
f 2097 2065 2063
f 2098 2065 2097
f 2098 2069 2066
f 2098 2070 2069
f 2098 2072 2070
f 2095 2099 2094
f 2099 2061 2094
f 2092 2099 2095
f 2091 2100 2099
f 2091 2072 2100
f 2098 2100 2072
f 2097 2096 2100
f 2096 2099 2100
f 2100 2098 2097
f 2061 2099 2096
f 2090 2072 2091
f 2064 2635 2062
f 2102 2060 2634
f 2073 2079 2075
f 2103 2077 2081
f 2085 2101 2639
f 2635 2642 2633
f 2641 2637 2636
f 2640 2636 2638
f 2063 2638 2636
f 2099 2092 2091
f 2065 2098 2066
f 2089 2091 2092
f 2082 2090 2088
f 2084 2082 2083
f 2071 2073 2074
f 2070 2067 2069
f 2067 2065 2066
f 2633 2062 2635
f 2060 2055 2059
f 2057 2055 2056
f 2630 2050 2049
f 2623 2016 2625
f 2009 2626 2006
f 2627 2016 2014
f 2618 2025 2028
f 2039 2043 2020
f 2022 2044 2615
f 2043 2021 2020
f 2026 2033 2029
f 2029 2032 2030
f 2009 2037 2038
f 2035 2037 2036
f 2035 2019 2022
f 2033 2007 2032
f 2024 2025 2023
f 2017 2015 2013
f 2599 2013 2012
f 1953 2002 1955
f 2002 2581 1967
f 1995 2000 2001
f 1998 1989 2000
f 1998 1987 1988
f 2595 1971 1996
f 1954 1980 1981
f 2589 1966 1976
f 2588 1970 1975
f 1951 1945 1949
f 1943 2578 1950
f 2577 1947 1950
f 1914 1935 1894
f 1935 1912 1894
f 1934 1929 1932
f 1930 1922 1920
f 1930 2569 2570
f 1921 1922 1923
f 1920 2571 2569
f 1903 2557 1902
f 1909 1897 1896
f 2551 1835 1832
f 1880 1775 1776
f 1776 2549 1880
f 1836 2550 1879
f 1836 1839 1837
f 1875 2546 1852
f 2545 1869 2546
f 1808 1873 1874
f 2544 1810 1799
f 2545 1864 1867
f 1858 1872 2543
f 2544 1818 1870
f 1850 1865 1849
f 1868 1851 1863
f 1869 1863 1851
f 1860 1853 1861
f 1856 1861 1859
f 1828 2542 2540
f 1844 1851 1850
f 1840 1837 1839
f 1833 1837 1838
f 1834 1830 1832
f 1831 1824 1830
f 1822 1825 1826
f 1822 1823 1820
f 1797 1818 1798
f 1817 1795 1816
f 1769 1812 1768
f 1806 1808 1807
f 1806 1799 1810
f 1801 1805 1807
f 1805 1795 1806
f 1784 1781 1783
f 1784 1774 1773
f 1779 1777 1778
f 1771 1773 1772
f 1768 1766 1769
f 1432 2454 1718
f 2453 1428 2452
f 1417 2443 2445
f 1412 2443 1414
f 2439 1405 2437
f 2437 1404 2436
f 1131 2331 2339
f 2330 1131 2339
f 2330 2365 1129
f 2534 2533 2538
f 2525 2522 2523
f 1677 1760 1679
f 1751 1286 1752
f 1737 1265 1742
f 1739 1255 1740
f 1248 1279 1738
f 1261 1736 1735
f 1746 1623 1649
f 1746 1619 1622
f 1676 1625 1626
f 2511 1625 1663
f 1629 1670 1626
f 1667 1629 1631
f 1655 1613 1745
f 2501 1745 1608
f 1624 1649 1623
f 1614 1674 1743
f 1273 1737 1742
f 2396 1738 1277
f 1736 1266 1735
f 2517 1578 2479
f 1700 1728 1729
f 1701 1728 1702
f 1727 1204 1726
f 1213 1723 1724
f 2515 1720 1721
f 1719 1720 1403
f 2322 1721 2321
f 1721 1146 2321
f 2434 2514 2432
f 2434 1403 1720
f 1431 1718 1717
f 1691 1693 1692
f 1718 1693 1134
f 1718 1135 1717
f 1520 1717 1716
f 1120 1716 1140
f 1714 1520 1716
f 1715 1712 1714
f 1117 1715 1120
f 1513 1712 1514
f 1529 1713 1711
f 1710 1529 1711
f 1529 1514 1712
f 1711 1158 1709
f 1540 1710 1708
f 1707 1708 1161
f 1709 1160 1708
f 1160 1161 1708
f 1161 1706 1707
f 1555 1540 1707
f 1707 1546 1555
f 1706 1705 1704
f 1704 1703 1543
f 1543 1546 1704
f 1218 1217 1703
f 1701 1558 1199
f 1202 1701 1199
f 1558 1559 1557
f 1150 1697 1172
f 1696 1497 1697
f 1115 1150 1149
f 2332 1693 2333
f 2333 1694 2323
f 1692 2433 1691
f 1662 1690 2513
f 1680 1688 1682
f 1666 1683 1668
f 1682 1656 1680
f 2512 1678 1681
f 1677 1680 1652
f 1669 1666 1668
f 1665 1656 1666
f 2508 1663 1662
f 1660 1647 1661
f 1656 2507 1652
f 1646 1647 1645
f 1642 1630 1628
f 1630 1639 1631
f 1612 1639 1638
f 1644 1612 1638
f 1615 1635 1634
f 1590 1641 1642
f 1636 2497 2498
f 1600 1635 1599
f 1633 1613 1632
f 1621 1623 1622
f 1620 1616 1618
f 1616 1614 1615
f 1615 1607 2502
f 1613 1609 1608
f 1609 2501 1608
f 1557 1595 1541
f 1551 1542 1592
f 1605 1606 1561
f 1551 1553 1548
f 1531 1587 1576
f 1573 1587 1586
f 1603 2485 1604
f 2492 1600 2491
f 2487 1599 2489
f 1593 1596 1597
f 1533 1587 1534
f 1569 1586 1587
f 1584 1582 1580
f 1579 2480 1577
f 1576 1574 1575
f 1569 1554 2483
f 1556 1541 1544
f 1550 1552 1537
f 1555 1538 1539
f 1548 1549 1545
f 1498 1539 1499
f 1500 1539 1538
f 1537 1500 1538
f 1493 1535 1491
f 1535 1492 1491
f 1532 1492 1534
f 2473 1528 1501
f 1500 1528 1527
f 1500 1526 1499
f 1499 1529 1498
f 1491 1523 1493
f 1490 1522 1491
f 2475 1528 2476
f 1525 1510 1524
f 1510 1494 1524
f 1508 1521 1494
f 1522 1502 1503
f 1427 1513 1516
f 1504 1414 1417
f 1518 2474 1517
f 1518 1516 1515
f 1516 1514 1515
f 1511 1510 1512
f 1508 1505 1502
f 1502 1504 1503
f 1488 1341 1344
f 1487 1341 1486
f 1390 2471 2429
f 1386 1484 1483
f 1482 1386 1483
f 1384 1481 1382
f 2425 1381 1480
f 1374 1476 1396
f 1476 1478 1474
f 2427 1473 1383
f 1469 1350 1351
f 2412 1370 1340
f 1340 1375 1472
f 1354 1375 1470
f 1395 1469 1471
f 1470 1395 1471
f 1353 1470 1471
f 1379 1468 1466
f 1466 1380 1379
f 1365 1438 1464
f 1437 1359 1450
f 1447 1366 1464
f 1446 1463 1366
f 1463 1369 1367
f 1310 1445 1444
f 1310 2459 2416
f 2460 1443 1442
f 1457 1456 1357
f 2406 1451 2418
f 2457 1359 1361
f 1433 1438 1435
f 1429 1447 1433
f 1419 1445 1422
f 1415 1410 1442
f 1439 1440 1401
f 1401 1437 1439
f 1435 2455 2431
f 1437 1398 1436
f 1433 1400 1434
f 1434 1429 1433
f 1428 1431 1427
f 1426 1429 1430
f 1427 2451 1428
f 1422 1426 1423
f 2450 1424 2449
f 1419 1423 1418
f 1410 1409 1406
f 1393 1396 1394
f 1391 1394 1392
f 2429 1389 1390
f 1385 1387 1386
f 1385 1384 1383
f 2422 1377 2423
f 1310 1333 1368
f 1367 1368 1332
f 1364 1367 1332
f 1326 1365 1364
f 2420 1326 2408
f 1359 1321 1319
f 1317 1359 1319
f 1307 2417 1308
f 1352 1354 1353
f 1331 1351 1329
f 1350 1324 1327
f 2414 1349 1348
f 1346 1347 2415
f 1345 1318 1346
f 1342 2405 1341
f 1311 1337 1306
f 1306 1336 1305
f 1309 1333 1335
f 1332 1329 1330
f 1325 1327 1324
f 1326 2407 2408
f 1320 1319 1321
f 1316 1319 1318
f 1312 1313 1311
f 1312 1306 1308
f 2402 1310 2403
f 1307 1306 1305
f 1281 1294 1278
f 1298 1301 1292
f 1299 1297 1298
f 1293 1295 1296
f 1294 2400 2397
f 1278 1280 1281
f 2397 1277 1278
f 1263 1228 2370
f 1258 2382 2384
f 1225 1256 1255
f 1225 1254 1238
f 1241 1254 1252
f 1250 1241 1251
f 1249 1247 1223
f 1177 1226 1244
f 1243 2390 1241
f 1221 1241 1222
f 1240 2378 1230
f 2381 1169 2391
f 1238 1239 1225
f 1234 2388 1221
f 1233 1195 1235
f 1232 1229 2387
f 1217 1219 1196
f 1165 1169 1216
f 1208 1211 2374
f 1198 1203 1201
f 1202 1198 1201
f 1195 1199 1200
f 1191 1190 1171
f 1188 1178 1185
f 1184 1185 1182
f 1175 1185 1178
f 1181 1182 1174
f 1151 1170 2368
f 1175 1151 1174
f 1168 1167 1166
f 1160 1167 1162
f 1157 1166 1159
f 1164 1162 1163
f 1160 1157 1159
f 1122 1158 1119
f 1156 1122 1155
f 1156 2367 1154
f 2363 1155 1123
f 2368 1106 1151
f 1152 1106 1110
f 1147 1144 1146
f 2325 1144 2326
f 1143 1144 1145
f 1142 2336 2335
f 2363 1124 2366
f 1140 1133 1139
f 1136 2336 1137
f 2329 1127 2327
f 1134 1133 1135
f 1133 1131 1130
f 1130 1129 1128
f 2365 1128 1129
f 1119 1121 1122
f 1115 1111 1114
f 1112 1109 1111
f 1110 1108 1109
f 2347 1099 1100
f 2348 1098 1099
f 2343 1097 1098
f 1097 2298 1096
f 1095 2298 2319
f 2320 1094 2317
f 2320 1077 1093
f 942 961 1029
f 1079 1088 1080
f 1092 2345 2358
f 1084 1075 1086
f 1074 1038 1083
f 1068 1081 1062
f 1024 1075 1076
f 1023 1074 1075
f 1058 1073 1036
f 2340 1072 1058
f 1063 1067 1064
f 966 1063 1065
f 1065 2301 966
f 1057 959 1066
f 946 1057 1033
f 1060 2341 1065
f 1065 1061 1060
f 997 1048 1046
f 992 1002 1045
f 2334 1054 2316
f 979 1052 1020
f 988 1052 975
f 1049 1050 1047
f 1047 1009 1011
f 2324 1050 1051
f 1046 1049 1047
f 1012 1047 1011
f 2316 1043 2315
f 1039 1014 1008
f 1037 1034 1038
f 1037 1025 1035
f 1027 1035 1025
f 1034 954 1031
f 1033 1031 946
f 1027 954 1032
f 1024 1021 1022
f 2318 961 952
f 1027 1023 1022
f 1017 2315 1001
f 1017 963 2305
f 973 980 1018
f 2313 964 962
f 965 1016 967
f 986 967 1016
f 1016 2312 985
f 1003 1015 1016
f 1007 1012 1011
f 1012 998 997
f 1005 1007 1009
f 1005 996 1006
f 956 2310 2300
f 999 991 994
f 955 1000 996
f 998 994 992
f 964 994 991
f 992 995 993
f 950 991 951
f 980 982 981
f 987 2307 984
f 984 977 987
f 986 943 969
f 981 974 979
f 961 944 963
f 969 968 967
f 966 958 965
f 965 968 966
f 2302 961 963
f 2300 957 956
f 945 957 946
f 951 954 948
f 949 951 948
f 889 940 895
f 897 940 941
f 898 938 894
f 2287 935 892
f 888 932 937
f 887 938 939
f 882 933 936
f 2296 877 876
f 875 924 2284
f 872 930 870
f 871 928 929
f 927 845 918
f 874 2285 926
f 928 866 927
f 923 858 857
f 2281 920 2293
f 915 834 835
f 831 2290 913
f 2291 830 912
f 795 817 816
f 905 809 906
f 810 908 811
f 806 903 807
f 889 894 886
f 897 894 895
f 892 882 893
f 892 2280 2287
f 891 879 878
f 890 888 887
f 888 886 887
f 881 884 885
f 884 883 885
f 881 879 880
f 841 862 842
f 831 876 877
f 2284 876 875
f 2285 872 870
f 867 874 868
f 868 845 866
f 873 871 872
f 2284 869 2286
f 863 865 862
f 855 851 861
f 860 856 859
f 855 857 858
f 853 850 849
f 852 854 851
f 849 847 848
f 843 2281 2282
f 843 845 846
f 839 842 840
f 795 819 796
f 831 830 829
f 2279 829 830
f 828 2278 824
f 826 822 821
f 821 2275 2274
f 828 826 827
f 2276 823 818
f 816 2277 819
f 810 815 805
f 811 814 812
f 811 809 810
f 807 803 808
f 807 805 806
f 801 804 802
f 791 798 797
f 799 797 798
f 792 795 796
f 789 784 783
f 777 786 778
f 776 785 777
f 770 781 776
f 778 773 777
f 773 772 771
f 771 769 770
f 757 762 763
f 764 752 751
f 755 757 758
f 747 750 748
f 735 750 742
f 2272 750 749
f 736 742 700
f 734 748 733
f 747 739 746
f 2260 740 672
f 632 744 671
f 741 633 637
f 739 738 737
f 737 667 678
f 725 731 710
f 708 731 732
f 724 663 660
f 725 726 727
f 707 725 710
f 723 720 719
f 720 659 688
f 655 717 711
f 715 703 714
f 715 704 711
f 703 2269 714
f 714 2259 704
f 703 707 702
f 647 711 704
f 702 699 2266
f 644 634 638
f 2267 636 697
f 696 682 687
f 2262 695 2263
f 696 693 695
f 2264 691 2265
f 692 650 649
f 691 692 670
f 692 645 670
f 2265 670 2255
f 689 688 659
f 664 687 665
f 685 639 627
f 680 627 629
f 681 2261 676
f 665 677 664
f 679 629 628
f 678 664 677
f 675 673 674
f 2260 673 2254
f 667 668 666
f 663 657 660
f 657 659 660
f 658 654 657
f 652 654 651
f 646 653 647
f 646 2258 2257
f 646 2256 645
f 642 638 639
f 627 638 634
f 636 633 630
f 635 630 628
f 627 635 628
f 630 632 631
f 2149 2148 2147
f 2252 2249 2246
f 2249 2247 2246
f 2230 2229 2228
f 2231 2235 2229
f 2237 2235 2236
f 618 620 611
f 618 625 626
f 617 624 625
f 616 2250 624
f 614 623 615
f 613 622 614
f 619 613 612
f 611 619 612
f 610 611 603
f 617 610 609
f 616 609 608
f 608 2244 616
f 606 615 607
f 614 605 613
f 605 612 613
f 612 603 611
f 603 602 610
f 610 601 609
f 609 600 608
f 2242 608 600
f 599 606 607
f 605 598 597
f 604 597 596
f 604 595 603
f 594 595 587
f 601 594 593
f 601 592 600
f 2242 592 2241
f 591 598 599
f 598 589 597
f 596 589 588
f 595 588 587
f 594 579 586
f 586 593 594
f 584 593 585
f 592 2240 2241
f 590 583 582
f 582 589 590
f 580 589 581
f 580 587 588
f 578 579 571
f 585 578 577
f 584 577 576
f 2239 584 576
f 582 575 574
f 573 582 574
f 581 572 580
f 571 580 572
f 563 578 571
f 570 577 578
f 576 569 568
f 2238 576 568
f 575 566 574
f 565 574 566
f 565 572 573
f 572 563 571
f 561 563 549
f 570 559 569
f 559 568 569
f 568 2234 2238
f 556 566 567
f 566 552 565
f 552 564 565
f 550 563 564
f 548 561 549
f 561 560 559
f 559 558 557
f 2233 557 558
f 554 555 553
f 552 553 551
f 550 551 547
f 547 549 550
f 2226 2223 2219
f 2219 2222 2221
f 2211 2209 2210
f 2215 2211 2213
f 2216 2208 2215
f 538 539 531
f 538 545 546
f 536 545 537
f 544 2218 2224
f 535 542 543
f 534 541 542
f 541 532 540
f 531 540 532
f 531 529 538
f 529 537 538
f 537 525 536
f 525 2218 536
f 521 535 523
f 534 519 533
f 517 533 519
f 532 516 531
f 515 529 516
f 528 529 530
f 526 527 528
f 2212 526 2214
f 522 523 524
f 521 520 519
f 520 517 519
f 515 517 518
f 494 511 496
f 512 496 511
f 512 499 497
f 509 502 499
f 508 503 502
f 505 507 514
f 510 505 514
f 494 510 513
f 510 512 511
f 507 509 510
f 505 492 506
f 503 506 504
f 502 504 501
f 502 500 499
f 499 498 497
f 495 497 498
f 494 495 491
f 492 494 491
f 2198 2200 2196
f 2207 2201 2202
f 2205 2202 2203
f 2197 2200 2201
f 2664 481 490
f 2206 2664 490
f 488 2663 489
f 488 2661 2662
f 486 2661 487
f 485 2660 486
f 2659 484 2658
f 484 2657 2658
f 2657 482 2656
f 482 2654 2656
f 2654 481 2655
f 479 2644 470
f 2665 479 2195
f 478 2651 2652
f 476 2651 477
f 476 2649 2650
f 2648 475 474
f 473 2648 474
f 2647 472 2646
f 2646 471 2645
f 469 2645 471
f 469 2644 2643
f 449 468 467
f 2194 468 2193
f 465 463 466
f 462 463 464
f 460 461 462
f 457 459 460
f 457 455 458
f 455 454 453
f 452 454 451
f 450 451 447
f 450 448 449
f 2191 431 428
f 400 2192 2177
f 424 2191 428
f 2188 427 423
f 2190 424 427
f 2188 420 2187
f 2186 420 418
f 2185 418 416
f 416 2184 2185
f 2184 412 2183
f 2182 412 410
f 408 2182 410
f 2181 406 2180
f 2179 406 404
f 2178 404 402
f 397 2178 402
f 2176 399 401
f 2177 401 400
f 2175 395 399
f 2174 396 2172
f 2173 396 395
f 2166 352 372
f 2171 377 383
f 381 2171 383
f 2169 381 378
f 371 2169 378
f 377 2167 375
f 375 2166 372
f 2165 367 2164
f 367 2163 2164
f 362 2163 364
f 360 2162 362
f 360 2160 2161
f 2160 354 2159
f 2157 354 349
f 2153 352 2158
f 2156 349 348
f 2155 342 2151
f 347 2156 348
f 2154 346 2155
f 341 2153 2152
f 341 2151 342
f 445 444 446
f 436 446 444
f 441 446 442
f 445 440 439
f 438 445 439
f 443 433 444
f 434 438 435
f 437 415 442
f 417 441 442
f 419 440 441
f 439 422 426
f 425 439 426
f 430 438 429
f 436 411 437
f 409 432 407
f 403 435 430
f 432 403 405
f 403 398 394
f 431 429 428
f 431 398 430
f 428 425 424
f 426 423 427
f 425 427 424
f 420 422 421
f 419 420 421
f 419 416 418
f 414 417 415
f 415 412 414
f 411 412 413
f 410 409 408
f 409 406 408
f 406 405 404
f 405 402 404
f 403 397 402
f 401 398 400
f 395 398 399
f 396 394 395
f 393 390 392
f 393 357 391
f 393 350 358
f 392 373 351
f 373 352 351
f 345 351 343
f 387 357 361
f 388 391 387
f 388 389 390
f 374 389 376
f 388 369 380
f 389 384 376
f 380 382 385
f 387 366 369
f 383 376 384
f 382 383 384
f 382 378 381
f 380 368 370
f 378 370 371
f 377 374 376
f 373 375 372
f 370 367 371
f 365 369 366
f 365 367 368
f 366 359 363
f 362 365 363
f 360 363 359
f 356 361 357
f 360 356 355
f 350 357 358
f 356 354 355
f 353 349 354
f 344 351 352
f 350 348 349
f 343 346 345
f 346 348 345
f 343 341 342
f 337 340 338
f 331 338 340
f 339 336 340
f 339 334 335
f 337 333 339
f 338 329 337
f 337 328 332
f 331 308 306
f 312 336 335
f 334 312 335
f 318 334 333
f 332 318 333
f 324 332 328
f 330 304 302
f 330 300 327
f 329 324 328
f 326 298 296
f 293 296 290
f 322 325 323
f 324 295 325
f 320 322 323
f 318 317 316
f 318 320 321
f 316 315 314
f 315 312 314
f 310 313 311
f 308 311 309
f 306 309 307
f 306 305 304
f 305 302 304
f 301 302 303
f 299 300 301
f 297 298 299
f 291 296 297
f 293 294 295
f 290 292 293
f 291 289 290
f 285 286 284
f 252 285 251
f 252 245 287
f 280 245 267
f 245 268 267
f 235 243 241
f 255 285 281
f 284 281 285
f 279 284 283
f 283 266 271
f 282 263 281
f 278 283 271
f 276 274 279
f 260 281 263
f 270 278 271
f 277 276 278
f 273 275 272
f 262 274 264
f 264 272 265
f 269 271 266
f 266 268 269
f 262 265 261
f 262 260 263
f 261 259 262
f 253 260 257
f 259 256 257
f 253 256 254
f 251 253 249
f 253 250 249
f 251 243 252
f 248 249 250
f 244 247 248
f 238 245 235
f 241 244 242
f 240 235 241
f 239 241 242
f 235 237 238
f 231 233 229
f 232 234 230
f 225 232 227
f 230 228 227
f 223 228 229
f 226 227 228
f 225 221 220
f 224 221 223
f 222 220 221
f 219 217 218
f 111 210 194
f 211 123 125
f 110 210 109
f 110 2125 123
f 2139 112 2124
f 111 2139 2128
f 194 216 111
f 209 216 195
f 106 198 107
f 101 197 99
f 89 197 205
f 205 87 89
f 92 91 185
f 33 204 203
f 2145 75 178
f 172 181 160
f 170 214 171
f 119 213 212
f 196 107 198
f 202 173 159
f 202 168 174
f 176 170 169
f 175 201 167
f 167 176 175
f 176 164 215
f 157 201 158
f 201 16 167
f 213 163 165
f 164 214 215
f 214 120 171
f 127 213 165
f 15 127 165
f 212 126 189
f 121 212 189
f 124 121 189
f 125 187 186
f 193 211 188
f 125 188 211
f 210 192 194
f 208 190 135
f 195 190 209
f 135 207 208
f 209 104 112
f 207 104 208
f 105 206 106
f 132 134 133
f 207 137 206
f 206 136 198
f 139 197 138
f 183 86 184
f 149 204 183
f 205 94 90
f 149 29 95
f 93 185 91
f 204 147 203
f 149 185 141
f 177 143 145
f 33 182 34
f 182 147 143
f 2145 200 2146
f 150 179 199
f 181 150 153
f 201 159 158
f 160 153 155
f 200 177 145
f 200 144 146
f 2144 200 146
f 154 150 199
f 196 136 140
f 97 136 131
f 197 140 138
f 91 94 93
f 194 191 195
f 193 63 54
f 191 51 50
f 192 54 51
f 129 191 50
f 190 130 135
f 126 73 187
f 126 124 189
f 63 186 113
f 73 186 187
f 2138 106 107
f 2136 184 2115
f 2116 184 86
f 184 185 183
f 182 74 34
f 2113 34 74
f 180 79 78
f 77 180 78
f 177 75 74
f 2129 78 2134
f 174 2104 2105
f 168 176 169
f 173 2105 2109
f 160 173 172
f 173 2110 172
f 2133 172 2110
f 2108 120 2143
f 171 2107 170
f 2107 169 170
f 80 18 83
f 169 2104 168
f 58 132 133
f 161 167 16
f 161 164 166
f 13 165 163
f 162 163 164
f 13 7 9
f 161 7 162
f 6 16 2
f 158 160 155
f 156 153 152
f 152 18 156
f 156 12 157
f 3 157 12
f 155 157 158
f 36 2144 146
f 82 154 84
f 82 152 151
f 150 152 153
f 95 148 149
f 24 147 148
f 142 147 26
f 146 32 36
f 32 142 21
f 144 143 142
f 21 26 22
f 25 95 37
f 141 30 29
f 139 47 94
f 140 96 138
f 48 138 96
f 132 136 137
f 133 135 130
f 58 130 55
f 102 132 60
f 131 98 97
f 129 55 130
f 61 50 49
f 14 128 15
f 70 116 71
f 113 72 67
f 128 126 127
f 122 2140 121
f 125 122 124
f 122 2125 2141
f 14 10 118
f 2140 119 121
f 2143 119 2142
f 117 14 118
f 71 117 114
f 65 72 115
f 71 115 72
f 113 64 63
f 104 2124 112
f 2128 109 111
f 110 2127 2126
f 108 52 69
f 49 62 61
f 107 2137 2138
f 2122 106 2123
f 2121 105 2122
f 102 59 103
f 98 103 100
f 100 43 98
f 2120 28 27
f 99 2137 101
f 99 2118 40
f 98 96 97
f 48 43 42
f 27 47 45
f 95 28 37
f 47 93 94
f 2136 88 92
f 88 90 91
f 2119 89 87
f 46 87 88
f 2112 86 33
f 39 22 25
f 28 38 37
f 36 2130 2135
f 84 81 82
f 83 81 80
f 2134 79 2133
f 76 75 2132
f 74 35 2113
f 70 72 73
f 52 68 69
f 53 66 68
f 66 67 65
f 64 54 63
f 55 62 56
f 58 59 60
f 55 57 58
f 52 54 53
f 51 49 50
f 45 48 42
f 45 2120 27
f 41 45 42
f 42 2117 41
f 39 37 38
f 31 36 32
f 33 2111 2112
f 21 31 32
f 29 27 28
f 22 24 25
f 20 22 23
f 19 12 18
f 3 16 17
f 9 15 13
f 12 4 3
f 7 10 9
f 7 5 8
f 5 2 1
f 1 3 4
