# Decoded from sources/assets/lusion.dev/assets/models/tunnels/astronaut_wearpack.buf
# Position/index data decoded from public .buf header and payload.
v -0.2166399 0.5702101 0.0549018
v -0.2325732 0.5836899 0.0400567
v -0.1810132 0.7400686 0.1270957
v -0.1392398 0.7287706 0.1434643
v -0.1355655 0.7492279 0.1403110
v -0.1765491 0.7569831 0.1247219
v -0.1903019 0.6949415 0.1270603
v -0.1473781 0.6882880 0.1388230
v -0.1946458 0.6604211 0.1217636
v -0.1531299 0.6530547 0.1308336
v -0.1992301 0.6248422 0.1155693
v -0.1579889 0.6177999 0.1246334
v -0.2000542 0.5946855 0.1038834
v -0.1623671 0.5866278 0.1150378
v -0.2225119 0.7586033 0.0881290
v -0.2298948 0.7442162 0.0797912
v -0.2125193 0.7436113 0.1036649
v -0.2096176 0.7595970 0.1020469
v -0.2366081 0.7073196 0.0746479
v -0.2209323 0.7034528 0.1063162
v -0.2384796 0.6722591 0.0700539
v -0.2253792 0.6678091 0.1032397
v -0.2418448 0.6397045 0.0664578
v -0.2289848 0.6323598 0.0959176
v -0.2298776 0.6031319 0.0839955
v -0.1152368 0.6475894 0.1256431
v -0.1113050 0.6805544 0.1331719
v -0.1216067 0.6145595 0.1194665
v -0.1043170 0.6091158 0.1063339
v -0.0983764 0.6451051 0.1130951
v -0.1260879 0.5878375 0.1107567
v -0.1111676 0.5802119 0.1014741
v -0.1006256 0.6080572 0.0990236
v -0.0951141 0.6453427 0.1048223
v -0.1242851 0.5681795 0.1024603
v -0.1066692 0.5778141 0.0939689
v -0.1618005 0.5583721 0.0806946
v -0.1216754 0.5625629 0.0923569
v -0.1631913 0.5665161 0.0990590
v -0.1625560 0.5624549 0.0899595
v -0.1208856 0.5606403 0.0813028
v -0.2004319 0.5725864 0.0921679
v -0.1965688 0.5680499 0.0821354
v -0.2286414 0.5815729 0.0753565
v -0.2237309 0.5738177 0.0637592
v -0.2297574 0.7466789 0.0706680
v -0.2353890 0.7089613 0.0651705
v -0.2218080 0.7647599 0.0812143
v -0.2051535 0.7653216 0.0966085
v -0.1720164 0.7624485 0.1179017
v -0.1004367 0.7390533 0.1387226
v -0.0989086 0.7450587 0.1300128
v -0.1328699 0.7545421 0.1311111
v -0.2417761 0.6084893 0.0650878
v -0.2389431 0.5914451 0.0658378
v -0.0940153 0.6747434 0.1206652
v -0.0911652 0.7049433 0.1273319
v -0.0917318 0.6758451 0.1114476
v -0.0887099 0.7082053 0.1186812
v -0.2386341 0.6731232 0.0608776
v -0.2425831 0.6370475 0.0572638
v -0.2437678 0.6056594 0.0513470
v -0.2398016 0.5862606 0.0526402
v -0.1035959 0.7175374 0.1376479
v -0.0918691 0.7255303 0.1325696
v -0.0898088 0.7282521 0.1252239
v -0.0898946 0.7334583 0.1163546
v -0.0885211 0.7115536 0.1095521
v -0.0900835 0.6780053 0.1020646
v -0.0953717 0.6463364 0.0958999
v -0.0989429 0.6074740 0.0909161
v -0.2384109 0.6028727 0.0383325
v -0.2416559 0.6342824 0.0481347
v -0.2372434 0.6738361 0.0519198
v -0.2338610 0.7106031 0.0554450
v -0.2298433 0.7491847 0.0616039
v -0.1302945 0.7592514 0.1217399
v -0.1674493 0.7670282 0.1107213
v -0.2014449 0.7719103 0.0901307
v -0.1925511 0.5641183 0.0720084
v -0.0983248 0.7497032 0.1206416
v -0.1074590 0.5782677 0.0838951
v -0.2189063 0.7697069 0.0713589
v -0.0904440 0.5284314 -0.0718657
v -0.0903925 0.5022278 -0.0769086
v -0.1159408 0.5098102 -0.0999438
v -0.1119403 0.5367266 -0.0986801
v -0.1857692 0.5223395 -0.1141924
v -0.2230442 0.5221019 -0.0947238
v -0.2185458 0.5494935 -0.0883228
v -0.1830564 0.5494071 -0.1150250
v -0.2395269 0.5434233 -0.0495805
v -0.2423255 0.5136554 -0.0553614
v -0.1441674 0.5450651 -0.1187097
v -0.1482710 0.5176950 -0.1169264
v -0.2176186 0.5728888 -0.0830733
v -0.1830220 0.5759563 -0.1094153
v -0.1457299 0.5702101 -0.1062916
v -0.1103263 0.5629301 -0.0895865
v -0.0732917 0.5203737 -0.0435043
v -0.0735149 0.4939542 -0.0466516
v -0.0837479 0.5513945 -0.0662856
v -0.0694114 0.5129425 -0.0097338
v -0.0744592 0.4870631 -0.0120072
v -0.0721757 0.5441794 -0.0360345
v -0.2493135 0.5621957 -0.0134658
v -0.2335176 0.5656952 -0.0463327
v -0.2301523 0.5902570 -0.0422052
v -0.2133091 0.5957440 -0.0756449
v -0.1807213 0.5953767 -0.0926925
v -0.1444078 0.5922660 -0.0983081
v -0.1807557 0.7415807 -0.0895393
v -0.1830049 0.6934725 -0.0933421
v -0.2128283 0.6985491 -0.0626894
v -0.2112831 0.7460956 -0.0589398
v -0.1877093 0.6423616 -0.0966488
v -0.2159188 0.6443274 -0.0692321
v -0.1120089 0.5837115 -0.0767787
v -0.1403043 0.7337607 -0.1116061
v -0.1398579 0.6844644 -0.1100649
v -0.1413688 0.6330510 -0.1071183
v -0.1037332 0.6278665 -0.0926748
v -0.2439395 0.5844892 -0.0064743
v -0.2308048 0.6971665 -0.0282990
v -0.2287444 0.7455771 -0.0236931
v -0.2353032 0.6430961 -0.0336902
v -0.0860315 0.5768204 -0.0576348
v -0.0679176 0.5690436 -0.0296394
v -0.0635738 0.6105631 -0.0353849
v -0.0753005 0.6214506 -0.0705017
v -0.0987713 0.6742465 -0.1027782
v -0.0718323 0.6656920 -0.0733892
v -0.0458033 0.6579152 -0.0389929
v -0.0577361 0.7152908 -0.0852227
v -0.0368580 0.7074276 -0.0414552
v -0.0964705 0.7249470 -0.1121670
v -0.1523573 0.4902170 -0.1158104
v -0.1896838 0.4949479 -0.1178417
v -0.2260488 0.4938246 -0.1002331
v -0.2422569 0.4883160 -0.0606640
v -0.2285556 0.4612700 -0.1070238
v -0.2482490 0.4580080 -0.0664096
v -0.2347881 0.4202473 -0.1131177
v -0.2461372 0.4174606 -0.0705430
v -0.2338266 0.3766972 -0.1081812
v -0.2519233 0.3781877 -0.0721078
v -0.2345306 0.3368626 -0.1079509
v -0.2512193 0.3381156 -0.0724385
v -0.2039688 0.3734136 -0.1270062
v -0.2093772 0.3353721 -0.1317124
v -0.2013247 0.4194696 -0.1348657
v -0.1950750 0.4592394 -0.1280986
v -0.2516657 0.4831746 -0.0247737
v -0.2595809 0.4541196 -0.0306492
v -0.2633238 0.4135506 -0.0358751
v -0.2604394 0.3747530 -0.0405872
v -0.2611605 0.3385044 -0.0453761
v -0.1183102 0.4838875 -0.1041895
v -0.0929851 0.4759595 -0.0797134
v -0.0769145 0.4678155 -0.0488660
v -0.1572849 0.4526939 -0.1262622
v -0.1028233 0.4365138 -0.0857483
v -0.1277706 0.4453707 -0.1108798
v -0.1645305 0.4137666 -0.1337969
v -0.1337455 0.4070483 -0.1178594
v -0.1097254 0.4003948 -0.0939207
v -0.1730294 0.3696764 -0.1319486
v -0.1400811 0.3653344 -0.1255772
v -0.1127644 0.3609275 -0.1019042
v -0.1781802 0.3329310 -0.1375761
v -0.1462278 0.3301443 -0.1307854
v -0.1173830 0.3262991 -0.1093268
v -0.2225806 0.7869239 -0.0198313
v -0.1412658 0.7725800 -0.1104664
v -0.1810475 0.7802056 -0.0886594
v -0.0957666 0.7630318 -0.1054767
v -0.0606549 0.7549957 -0.0771802
v -0.0870445 0.8012461 -0.1126631
v -0.0522762 0.7894081 -0.0890669
v -0.0398798 0.7497032 -0.0404101
v -0.0304881 0.7789094 -0.0461142
v -0.2086046 0.7850445 -0.0567845
v -0.2155411 0.8268664 -0.0165895
v -0.1973071 0.8231076 -0.0540918
v -0.1719649 0.8197809 -0.0879213
v -0.1350333 0.8110320 -0.1142220
v -0.0792667 0.4610539 -0.0144106
v -0.0946677 0.3572768 -0.0696927
v -0.0999903 0.3231020 -0.0771507
v -0.0990803 0.3513361 -0.0415438
v -0.0893624 0.3917755 -0.0622289
v -0.0851387 0.4292338 -0.0535958
v -0.0846923 0.4234228 -0.0227247
v -0.1818202 0.2956239 -0.1338087
v -0.2132747 0.2988859 -0.1255595
v -0.2355779 0.3023422 -0.1069412
v -0.2536402 0.3039624 -0.0721078
v -0.2601475 0.3002900 -0.0441184
v -0.1124554 0.2868318 -0.0821404
v -0.1274100 0.2904826 -0.1091083
v -0.1522714 0.2944358 -0.1290729
v -0.2145109 0.2653376 -0.1181370
v -0.2378099 0.2662449 -0.1032092
v -0.2582760 0.2645815 -0.0739738
v -0.2584820 0.2626157 -0.0448860
v -0.1343121 0.2556598 -0.1086477
v -0.1590191 0.2586841 -0.1214969
v -0.1840350 0.2610819 -0.1236817
v -0.1197867 0.2524626 -0.0837642
v -0.2174297 0.1955191 -0.1096988
v -0.2376211 0.1962320 -0.0962119
v -0.2403339 0.2324158 -0.1044611
v -0.2170863 0.2312060 -0.1201387
v -0.2496226 0.1959512 -0.0741096
v -0.2563530 0.2314437 -0.0742218
v -0.2535716 0.1967721 -0.0494151
v -0.2559753 0.2297155 -0.0472008
v -0.1709519 0.1903778 -0.1093445
v -0.1643760 0.2246822 -0.1183791
v -0.1446310 0.2225003 -0.1031207
v -0.1537480 0.1886280 -0.0991230
v -0.1867993 0.2276849 -0.1248922
v -0.1888940 0.1919115 -0.1133008
v -0.1311186 0.2187631 -0.0827072
v -0.1411971 0.1870726 -0.0818746
v -0.2512193 0.5389084 -0.0200144
v -0.2536231 0.5114088 -0.0226480
v -0.0692054 0.5387788 -0.0052874
v -0.0650503 0.5626493 -0.0016440
v -0.0581310 0.6072364 -0.0003922
v -0.0427987 0.6503328 0.0003341
v -0.0289944 0.6991971 0.0025071
v -0.2485752 0.6369394 0.0012376
v -0.2489873 0.6906426 0.0100773
v -0.2457938 0.7417752 0.0165196
v -0.0235688 0.7417968 0.0039716
v -0.0218518 0.7699229 0.0019048
v -0.2362132 0.7886952 0.0183147
v -0.2259973 0.8285730 0.0213439
v -0.1049523 0.3201209 -0.0472480
v -0.0881090 0.3860293 -0.0290962
v -0.1085064 0.2851252 -0.0533065
v -0.1181041 0.2506265 -0.0555799
v -0.1251265 0.2180287 -0.0589870
v -0.1347414 0.1864894 -0.0620812
v -0.2644399 0.4611404 0.0218045
v -0.2422225 0.4598226 0.0522327
v -0.2157986 0.4551349 0.0684950
v -0.1965001 0.4400134 0.0769214
v -0.1899414 0.4232068 0.0751617
v -0.1891344 0.4013237 0.0725281
v -0.1899929 0.3684451 0.0679163
v -0.1933924 0.3388716 0.0640663
v -0.1969809 0.3181767 0.0590530
v -0.2026296 0.3091469 0.0528528
v -0.2162794 0.3035088 0.0466467
v -0.2316633 0.3039624 0.0350611
v -0.2493822 0.3081748 0.0178659
v -0.2645772 0.3145691 0.0000271
v -0.2726125 0.3241173 -0.0091315
v -0.2715480 0.3698925 -0.0120958
v -0.2703805 0.4073076 -0.0053228
v -0.2674274 0.4356497 -0.0000379
v -0.2682171 0.4507929 0.0070362
v -0.2706037 0.3414423 -0.0140740
v -0.2737286 0.3704541 0.0028024
v -0.2715309 0.4060546 0.0082704
v -0.2738831 0.3440346 0.0004935
v -0.2732478 0.3317213 -0.0001442
v -0.2710845 0.4316317 0.0137325
v -0.2705865 0.4427568 0.0211904
v -0.2671355 0.3701301 0.0239303
v -0.2672900 0.4043264 0.0293274
v -0.2517859 0.3683587 0.0418282
v -0.2496912 0.4010861 0.0493984
v -0.2686636 0.3237069 0.0115122
v -0.2682343 0.3407510 0.0162066
v -0.2564560 0.3175718 0.0265049
v -0.2541553 0.3396061 0.0341577
v -0.2675132 0.4304436 0.0351851
v -0.2659336 0.4499504 0.0316245
v -0.2453302 0.4503176 0.0573641
v -0.2490388 0.4274409 0.0562894
v -0.2075401 0.3696548 0.0684300
v -0.2062696 0.4020582 0.0768269
v -0.2057545 0.4178927 0.0787106
v -0.2087248 0.4339431 0.0769981
v -0.2402308 0.3154116 0.0406059
v -0.2231472 0.4436209 0.0731894
v -0.2291222 0.4229260 0.0717427
v -0.2301180 0.3996172 0.0672490
v -0.2263751 0.3153036 0.0522800
v -0.2113174 0.3439482 0.0679163
v -0.2305129 0.3657448 0.0600745
v -0.2420852 0.3391741 0.0492271
v -0.2117295 0.3261479 0.0634935
v -0.2160562 0.3175070 0.0601631
v -0.2264266 0.3414207 0.0619110
v -0.2340155 0.4638190 0.0424837
v -0.2551683 0.4648991 0.0114768
v -0.2084673 0.4590881 0.0605115
v -0.1861469 0.4447659 0.0685422
v -0.1797770 0.4286722 0.0641844
v -0.1804810 0.4015398 0.0590352
v -0.1819060 0.3671922 0.0534433
v -0.1842411 0.3405350 0.0490382
v -0.1862327 0.3153900 0.0451763
v -0.1892031 0.3067059 0.0393599
v -0.2024923 0.3028391 0.0328173
v -0.2177731 0.3029471 0.0267647
v -0.2388573 0.3085637 0.0095104
v -0.2524555 0.3114800 -0.0102712
v -0.2596324 0.3212442 -0.0190932
v -0.2612807 0.3394981 -0.0248387
v -0.2612463 0.3684883 -0.0213548
v -0.2618301 0.4066163 -0.0170028
v -0.2601990 0.4378747 -0.0128103
v -0.2590143 0.4530827 -0.0050925
v 0.2379743 0.6029807 0.0381731
v 0.0878098 0.7113808 0.1099537
v 0.2349353 0.7106247 0.0556635
v 0.0896641 0.7284250 0.1243027
v 0.0887541 0.7082053 0.1186635
v 0.1011162 0.7424448 0.1281822
v 0.0893894 0.6778325 0.1027437
v 0.0905569 0.6756291 0.1117724
v 0.1006011 0.6080572 0.0990236
v 0.0951927 0.6453427 0.1047986
v 0.0947463 0.6462284 0.0963427
v 0.0976479 0.6075172 0.0904260
v 0.1069023 0.5779437 0.0938568
v 0.1218226 0.5630382 0.0922506
v 0.1625144 0.5624117 0.0899595
v 0.1331717 0.7526411 0.1300955
v 0.1719061 0.7609579 0.1172167
v 0.2057300 0.7675466 0.0977717
v 0.2215775 0.7645871 0.0811729
v 0.2287715 0.7464196 0.0707330
v 0.2353646 0.7089613 0.0651646
v 0.1965272 0.5680499 0.0821413
v 0.2236893 0.5738177 0.0637592
v 0.2397085 0.5862822 0.0526343
v 0.2435716 0.6056594 0.0513706
v 0.2417860 0.6343040 0.0481465
v 0.2424899 0.6370475 0.0572638
v 0.2378027 0.6739009 0.0521737
v 0.2386096 0.6731232 0.0608776
v 0.1013394 0.7168894 0.1396851
v 0.1006011 0.7388156 0.1384391
v 0.0920679 0.7255087 0.1324574
v 0.0917416 0.7050513 0.1270013
v 0.1394214 0.7313845 0.1487374
v 0.1355067 0.7493143 0.1402874
v 0.1112290 0.6805112 0.1332782
v 0.0944372 0.6749162 0.1203109
v 0.1213762 0.6144515 0.1196142
v 0.1150407 0.6475245 0.1257140
v 0.0985408 0.6451483 0.1129888
v 0.1044471 0.6091806 0.1061922
v 0.1261322 0.5873191 0.1117488
v 0.1111947 0.5802335 0.1014092
v 0.1243980 0.5683739 0.1022890
v 0.1617246 0.5866494 0.1148784
v 0.1631496 0.5665593 0.0990295
v 0.1998409 0.5947287 0.1037298
v 0.2003216 0.5726944 0.0920971
v 0.2287543 0.5814649 0.0754746
v 0.2294583 0.6032183 0.0838951
v 0.2388843 0.5914451 0.0658496
v 0.2418031 0.6084893 0.0649933
v 0.2284624 0.6324246 0.0957050
v 0.2417345 0.6396829 0.0664814
v 0.2383692 0.6722591 0.0700421
v 0.2251144 0.6678739 0.1030153
v 0.2364634 0.7073196 0.0746420
v 0.2199807 0.7035176 0.1057848
v 0.2308833 0.7444538 0.0797853
v 0.2165983 0.7399822 0.1093277
v 0.2237580 0.7595754 0.0885600
v 0.2110526 0.7625565 0.1036590
v 0.1831349 0.7418832 0.1314063
v 0.1764045 0.7581929 0.1249286
v 0.1900714 0.6949415 0.1267414
v 0.1475082 0.6881368 0.1391477
v 0.1945698 0.6603995 0.1220352
v 0.1533458 0.6530115 0.1307214
v 0.1992914 0.6247990 0.1157523
v 0.1580674 0.6178215 0.1245861
v 0.2157227 0.5707502 0.0540397
v 0.2329780 0.5833227 0.0399800
v 0.1209298 0.5607699 0.0810076
v 0.1617589 0.5583721 0.0806356
v 0.1049106 0.5772524 0.0828204
v 0.1919086 0.5643127 0.0706621
v 0.1301155 0.7597914 0.1219348
v 0.1674763 0.7670930 0.1108099
v 0.2014548 0.7735089 0.0901307
v 0.0888915 0.7335015 0.1165731
v 0.0984377 0.7495736 0.1203464
v 0.2180405 0.7696421 0.0706680
v 0.2298017 0.7492495 0.0616157
v 0.2518473 0.5115384 -0.0226598
v 0.2506798 0.5392325 -0.0198963
v 0.2465419 0.5320605 0.0145710
v 0.2499243 0.5034376 0.0120613
v 0.2490315 0.5621741 -0.0134362
v 0.2404811 0.5527555 0.0181139
v 0.2310207 0.5228364 0.0454125
v 0.2364978 0.4952935 0.0445563
v 0.2206847 0.5465556 0.0461506
v 0.2023820 0.5152972 0.0649638
v 0.2055927 0.4879271 0.0635762
v 0.1975573 0.5388868 0.0681053
v 0.1674592 0.5092702 0.0751321
v 0.1714597 0.4811656 0.0758703
v 0.1649353 0.5334215 0.0780787
v 0.1344937 0.4774933 0.0702901
v 0.1319526 0.5046473 0.0700539
v 0.1294802 0.5286042 0.0776654
v 0.1036401 0.4786598 0.0497940
v 0.1033826 0.5052089 0.0489496
v 0.0997770 0.5314125 0.0538153
v 0.0815944 0.4815545 0.0223832
v 0.0839295 0.5087085 0.0209306
v 0.0783494 0.5337239 0.0269359
v 0.0739540 0.4872143 -0.0124737
v 0.0714473 0.5126401 -0.0078147
v 0.0701424 0.5392109 -0.0056299
v 0.2530148 0.4765860 0.0090026
v 0.2623379 0.4544437 -0.0049567
v 0.2568093 0.4655688 0.0117720
v 0.2601574 0.4545301 -0.0310920
v 0.2339567 0.4663897 0.0431805
v 0.2090952 0.4594770 0.0618873
v 0.1746704 0.4548973 0.0703314
v 0.1852983 0.4451763 0.0711345
v 0.1390780 0.4512897 0.0646390
v 0.1654675 0.4181519 0.0623066
v 0.1401081 0.4159917 0.0484181
v 0.1794435 0.4286938 0.0641667
v 0.1055116 0.4502312 0.0487783
v 0.1161910 0.4156892 0.0272961
v 0.0868998 0.4537308 0.0183324
v 0.0979227 0.4188432 0.0041310
v 0.0758942 0.4586561 -0.0128635
v 0.2439665 0.5845108 -0.0064743
v 0.2407386 0.5769068 0.0270304
v 0.2485851 0.6369394 0.0012317
v 0.2157227 0.5707502 0.0540397
v 0.2329780 0.5833227 0.0399800
v 0.1248788 0.5523018 0.0802695
v 0.0887541 0.5529931 0.0641371
v 0.1209298 0.5607699 0.0810076
v 0.1617589 0.5583721 0.0806356
v 0.0687001 0.5557366 0.0344116
v 0.0800320 0.5958520 0.0724336
v 0.0560634 0.5952687 0.0401807
v 0.1049106 0.5772524 0.0828204
v 0.0632402 0.5617636 -0.0006461
v 0.0566128 0.6071283 -0.0003095
v 0.1919086 0.5643127 0.0706621
v 0.2626126 0.3386772 -0.0457718
v 0.2554186 0.2955591 -0.0143633
v 0.2595564 0.3206609 -0.0203037
v 0.2527401 0.3114368 -0.0101117
v 0.2519332 0.2595266 -0.0178827
v 0.2612734 0.3391957 -0.0271416
v 0.2369270 0.2939390 0.0106796
v 0.2384551 0.3086069 0.0091620
v 0.2354676 0.2568047 0.0040660
v 0.2173194 0.3032927 0.0260974
v 0.2100396 0.2906770 0.0265462
v 0.2110526 0.2542988 0.0197555
v 0.1795465 0.2870694 0.0312111
v 0.2024678 0.3028175 0.0328586
v 0.1889039 0.3062522 0.0395548
v 0.1838389 0.2512097 0.0238713
v 0.1504098 0.2830946 0.0198500
v 0.1694680 0.3138130 0.0403343
v 0.1428553 0.3139210 0.0279634
v 0.1533458 0.2504536 0.0184387
v 0.1842510 0.3154980 0.0447275
v 0.1228184 0.3142667 0.0085951
v 0.1266816 0.2824682 0.0032866
v 0.1338584 0.2490927 -0.0028191
v 0.1075547 0.3164701 -0.0177764
v 0.1117956 0.2828786 -0.0218567
v 0.1211187 0.2494383 -0.0262795
v 0.1082072 0.2846284 -0.0536962
v 0.1181655 0.2506049 -0.0555858
v 0.0255532 0.7419264 0.0039834
v 0.0301203 0.7444106 0.0492448
v 0.0272186 0.7628157 0.0512525
v 0.0258794 0.7694692 0.0030268
v 0.0478220 0.7476510 0.0949669
v 0.0484573 0.7629022 0.0944059
v 0.0854404 0.7547581 0.1187166
v 0.0813369 0.7759067 0.1156578
v 0.1301155 0.7597914 0.1219348
v 0.1221145 0.7996908 0.1200629
v 0.1674763 0.7670930 0.1108099
v 0.1581876 0.8161949 0.1130774
v 0.2014548 0.7735089 0.0901307
v 0.1925438 0.8256351 0.0917428
v 0.2282392 0.7859301 0.0592301
v 0.2191222 0.8288322 0.0619759
v 0.2256123 0.8282490 0.0212613
v 0.0289871 0.6991971 0.0025071
v 0.0346702 0.7002556 0.0481701
v 0.0586388 0.7040144 0.0877628
v 0.0888915 0.7335015 0.1165731
v 0.0984377 0.7495736 0.1203464
v 0.2180405 0.7696421 0.0706680
v 0.2298017 0.7492495 0.0616157
v 0.2467136 0.7417968 0.0163956
v 0.0648198 0.6492095 0.0844147
v 0.2498728 0.6909019 0.0101895
v 0.0428944 0.6457964 0.0452177
v 0.0418127 0.6499224 0.0005585
v 0.1794950 0.4015182 0.0587931
v 0.1648322 0.3712534 0.0533842
v 0.1806282 0.3671922 0.0534433
v 0.1669613 0.3410535 0.0426667
v 0.1827915 0.3405350 0.0483827
v 0.2606381 0.4379827 -0.0131646
v 0.2628701 0.4135074 -0.0358101
v 0.2618400 0.4066811 -0.0173630
v 0.2580112 0.3749042 -0.0404691
v 0.2613249 0.3690500 -0.0236046
v 0.0975793 0.3806504 -0.0020042
v 0.1004981 0.3469509 -0.0115467
v 0.1139246 0.3754010 0.0226607
v 0.1176848 0.3439266 0.0137088
v 0.1416534 0.3421120 0.0309926
v 0.1357643 0.3732408 0.0449342
v 0.2514352 0.2269504 -0.0210300
v 0.2476580 0.1949575 -0.0250690
v 0.2371159 0.1940070 -0.0031852
v 0.2372704 0.2253734 0.0014383
v 0.2145723 0.1923004 0.0117425
v 0.2138855 0.2230188 0.0183147
v 0.1866375 0.2200593 0.0188343
v 0.1894361 0.1894273 0.0128526
v 0.1669613 0.1875911 0.0051348
v 0.1617074 0.2195192 0.0097230
v 0.1445722 0.2175750 -0.0099110
v 0.1490706 0.1858197 -0.0123084
v 0.1313517 0.2172078 -0.0316707
v 0.1378589 0.1848260 -0.0352255
v 0.1251020 0.2180071 -0.0589398
v 0.1347341 0.1865110 -0.0620753
v 0.2495123 0.4829154 -0.0241537
v 0.0854061 0.4235740 -0.0224885
v 0.2379743 0.6029807 0.0381731
v 0.2580455 0.3004412 -0.0439471
v 0.2583717 0.2626589 -0.0448860
v 0.1018030 0.3206177 -0.0504249
v 0.2363776 0.7887168 0.0182793
v 0.0878098 0.7113808 0.1099537
v 0.2349353 0.7106247 0.0556635
v 0.0893894 0.6778325 0.1027437
v 0.0947463 0.6462284 0.0963427
v 0.0976479 0.6075172 0.0904260
v 0.2417860 0.6343040 0.0481465
v 0.2378027 0.6739009 0.0521737
v 0.0906256 0.3858133 -0.0291611
v 0.0955704 0.3523514 -0.0444195
v 0.2535814 0.1968153 -0.0494151
v 0.2559337 0.2297155 -0.0472008
v 0.2156883 0.4556534 0.0687017
v 0.2421980 0.4599090 0.0522564
v 0.2642265 0.4608595 0.0217927
v 0.1956172 0.4406614 0.0787401
v 0.1899684 0.4232284 0.0751144
v 0.1893331 0.4013885 0.0721856
v 0.1902946 0.3684667 0.0672904
v 0.1943981 0.3392173 0.0625664
v 0.1973169 0.3184143 0.0585215
v 0.2027253 0.3088877 0.0528173
v 0.2162377 0.3036384 0.0466112
v 0.2316903 0.3041136 0.0351438
v 0.2690512 0.4512465 0.0065402
v 0.2685189 0.4360169 -0.0003863
v 0.2704591 0.4072860 -0.0053760
v 0.2711287 0.3698277 -0.0118242
v 0.2719528 0.3414423 -0.0150247
v 0.2719013 0.3248950 -0.0092614
v 0.2645699 0.3145043 0.0000152
v 0.2493234 0.3083045 0.0178718
v 0.2683815 0.4510737 0.0324334
v 0.2469025 0.4533635 0.0607300
v 0.2521220 0.4265768 0.0592478
v 0.2696006 0.4302275 0.0361240
v 0.2740131 0.4449603 0.0203165
v 0.2730173 0.4312212 0.0132541
v 0.2241701 0.4446578 0.0787814
v 0.2316388 0.4216731 0.0756223
v 0.2079105 0.4180007 0.0817280
v 0.2051634 0.4378099 0.0821827
v 0.2061592 0.4018206 0.0773170
v 0.2312782 0.3986883 0.0701602
v 0.2108980 0.3686827 0.0704023
v 0.2296815 0.3660041 0.0590530
v 0.2106577 0.3439698 0.0671309
v 0.2266253 0.3413775 0.0622653
v 0.2119110 0.3260831 0.0637002
v 0.2158944 0.3175718 0.0597320
v 0.2264879 0.3151308 0.0523804
v 0.2423354 0.3391093 0.0494987
v 0.2405154 0.3145043 0.0409956
v 0.2563801 0.3177014 0.0264871
v 0.2546288 0.3394981 0.0344234
v 0.2683300 0.3241173 0.0114118
v 0.2665788 0.3406430 0.0154567
v 0.2734981 0.3317645 -0.0002269
v 0.2734466 0.3439914 -0.0001855
v 0.2736869 0.3704541 0.0028201
v 0.2669393 0.3701517 0.0238299
v 0.2745626 0.4055362 0.0096462
v 0.2698066 0.4040240 0.0303962
v 0.2531179 0.4004380 0.0522505
v 0.2525856 0.3681859 0.0426785
v 0.2623379 0.4544437 -0.0049567
v 0.2568093 0.4655688 0.0117720
v 0.2339567 0.4663897 0.0431805
v 0.2090952 0.4594770 0.0618873
v 0.1852983 0.4451763 0.0711345
v 0.1794435 0.4286938 0.0641667
v 0.2595564 0.3206609 -0.0203037
v 0.2527401 0.3114368 -0.0101117
v 0.2612734 0.3391957 -0.0271416
v 0.2384551 0.3086069 0.0091620
v 0.2173194 0.3032927 0.0260974
v 0.2024678 0.3028175 0.0328586
v 0.1889039 0.3062522 0.0395548
v 0.1842510 0.3154980 0.0447275
v 0.1794950 0.4015182 0.0587931
v 0.1806282 0.3671922 0.0534433
v 0.1827915 0.3405350 0.0483827
v 0.2606381 0.4379827 -0.0131646
v 0.2618400 0.4066811 -0.0173630
v 0.2613249 0.3690500 -0.0236046
v -0.2558379 1.4231748 -0.1379422
v -0.2626371 1.4084637 -0.1326868
v -0.2649206 1.4404134 -0.1141275
v -0.2587911 1.4516466 -0.1191290
v -0.2157815 1.2778997 -0.0870356
v -0.2230785 1.2709870 -0.0870297
v -0.2308735 1.2939934 -0.1157691
v -0.2210525 1.3075596 -0.1168497
v -0.2220140 1.2748322 -0.0599791
v -0.2603020 1.4613676 -0.0584792
v -0.2429265 1.4776773 -0.0899408
v -0.2595637 1.4705486 -0.0896101
v -0.2416387 1.4582569 -0.1166371
v -0.2387028 1.4330903 -0.1370387
v -0.2343932 1.4027175 -0.1508209
v -0.2045183 1.3345840 -0.1478034
v -0.2234219 1.3687588 -0.1548067
v -0.2156956 1.3320998 -0.1421406
v -0.2122102 1.3067171 -0.1179421
v -0.2096691 1.2842724 -0.0864215
v -0.2268043 1.3286866 -0.1376115
v -0.2405571 1.3567047 -0.1537733
v -0.2399733 1.3185336 -0.1363183
v -0.2536059 1.3908147 -0.1507559
v -0.2623280 1.3761900 -0.1423650
v -0.2589800 1.3472213 -0.1506555
v -0.2025953 1.2863246 -0.0878977
v -0.2633925 1.4584081 -0.0862738
v -0.3120337 1.4213171 -0.0544166
v -0.3132528 1.4119633 -0.0777235
v -0.3500814 1.3765788 -0.0749127
v -0.2814720 1.4502425 -0.0560641
v -0.2828799 1.4463973 -0.0863388
v -0.3130467 1.3930181 -0.1049571
v -0.3456860 1.3591674 -0.1043902
v -0.2819184 1.4222892 -0.1128875
v -0.3090462 1.3604203 -0.1286773
v -0.3354530 1.3333095 -0.1245852
v -0.2800298 1.3902314 -0.1298701
v -0.3015260 1.3324238 -0.1363833
v -0.3199489 1.3089854 -0.1328049
v -0.2809398 1.3562295 -0.1387511
v -0.2877217 1.3091798 -0.1375938
v -0.3044276 1.2874695 -0.1317361
v -0.2705350 1.3296371 -0.1439180
v -0.2715480 1.2829763 -0.1292146
v -0.2876702 1.2668394 -0.1222173
v -0.2561470 1.2998692 -0.1402451
v -0.2565591 1.2695181 -0.1113404
v -0.2756687 1.2532300 -0.1042367
v -0.2399046 1.2771004 -0.1175996
v -0.2448323 1.2523227 -0.0894330
v -0.2640965 1.2408519 -0.0808354
v -0.2333287 1.2626918 -0.0880985
v -0.2422740 1.2578528 -0.0565247
v -0.2593062 1.2439626 -0.0535486
v -0.2322985 1.2663425 -0.0581958
v -0.4673320 1.2295107 -0.0479920
v -0.4922964 1.2035448 -0.0421756
v -0.4434320 1.2561031 -0.0544166
v -0.4626447 1.2176511 -0.0662147
v -0.4877293 1.1919660 -0.0615911
v -0.4404617 1.2444811 -0.0743222
v -0.4523430 1.1990299 -0.0840654
v -0.4746462 1.1725456 -0.0745584
v -0.4300398 1.2255143 -0.0936845
v -0.4380579 1.1797607 -0.0899349
v -0.4605843 1.1548749 -0.0780364
v -0.4155315 1.2050137 -0.1021877
v -0.4208541 1.1609884 -0.0875139
v -0.4443248 1.1386084 -0.0743163
v -0.3966966 1.1846428 -0.0993002
v -0.4032382 1.1455644 -0.0740801
v -0.4285804 1.1250854 -0.0614140
v -0.3790120 1.1688084 -0.0839827
v -0.3917861 1.1392565 -0.0529463
v -0.4193603 1.1196633 -0.0434334
v -0.3669247 1.1619389 -0.0637346
v -0.4123724 1.1179351 -0.0256595
v -0.3851243 1.1375931 -0.0354204
v -0.3592671 1.1593898 -0.0450218
v -0.4648252 1.0687468 0.0118783
v -0.5448180 1.1431881 -0.0233152
v -0.5274596 1.1580505 -0.0279860
v -0.5201797 1.1461476 -0.0443073
v -0.5370573 1.1306156 -0.0426421
v -0.5070965 1.1314581 -0.0540741
v -0.5230985 1.1139603 -0.0532829
v -0.4685338 1.0941078 -0.0405518
v -0.4840379 1.0768908 -0.0352550
v -0.4966575 1.0873031 -0.0478975
v -0.4798485 1.1047793 -0.0508618
v -0.4597945 1.0879944 -0.0282281
v -0.4755733 1.0714038 -0.0232916
v -0.4523258 1.0849485 -0.0102121
v -0.4681733 1.0674290 -0.0062145
v -0.5090195 1.0997676 -0.0522731
v -0.4932751 1.1173086 -0.0555090
v -0.4766893 1.1093158 -0.0483227
v -0.4910602 1.1214563 -0.0544225
v -0.4605157 1.1227740 -0.0630083
v -0.4764318 1.1372907 -0.0687834
v -0.4649969 1.0999404 -0.0390401
v -0.4464023 1.1116488 -0.0511453
v -0.4575282 1.0931573 -0.0272243
v -0.4383327 1.1063563 -0.0353318
v -0.4501109 1.0917100 -0.0094976
v -0.4298166 1.1029647 -0.0176937
v -0.4908027 1.1537732 -0.0660435
v -0.5141704 1.1486535 -0.0436755
v -0.5044181 1.1350009 -0.0530585
v -0.5015508 1.1697589 -0.0541863
v -0.5202827 1.1590226 -0.0277617
v -0.5087105 1.1828066 -0.0356566
v -0.3124286 1.1989867 -0.0381603
v -0.4253010 1.2879016 -0.0602212
v -0.4137803 1.3020294 -0.0631677
v -0.4189483 1.2723696 -0.0831383
v -0.4049895 1.2881176 -0.0884528
v -0.4067236 1.2517178 -0.1017684
v -0.3909276 1.2696045 -0.1081222
v -0.3915972 1.2305476 -0.1105196
v -0.3744792 1.2477214 -0.1160584
v -0.3726764 1.2098527 -0.1075612
v -0.3557988 1.2294027 -0.1134720
v -0.3551292 1.1927653 -0.0931413
v -0.3378052 1.2116888 -0.0997017
v -0.3418057 1.1838003 -0.0750013
v -0.3263703 1.1999156 -0.0818569
v -0.3327917 1.1804088 -0.0548536
v -0.3178199 1.1955088 -0.0617269
v -0.3785141 1.3438946 -0.0714878
v -0.3955806 1.3235453 -0.0670709
v -0.3739127 1.3272177 -0.0987333
v -0.3878886 1.3099143 -0.0951254
v -0.3604861 1.3041465 -0.1184853
v -0.3758528 1.2882040 -0.1129524
v -0.3438832 1.2817233 -0.1268881
v -0.3592842 1.2652624 -0.1219279
v -0.3247392 1.2623029 -0.1197313
v -0.3397625 1.2487799 -0.1158872
v -0.3085483 1.2432281 -0.1084056
v -0.3227475 1.2293379 -0.1058310
v -0.2934220 1.2310877 -0.0952375
v -0.3081878 1.2168734 -0.0873072
v -0.2830001 1.2263784 -0.0734424
v -0.2994657 1.2117320 -0.0680630
v -0.2785532 1.2285602 -0.0506492
v -0.2933877 1.2151020 -0.0453879
v -0.5594120 1.1197065 -0.0134894
v -0.5620733 1.1141763 -0.0127217
v -0.5587939 1.1255391 -0.0167607
v -0.5512909 1.1086893 -0.0327750
v -0.5552227 1.1029431 -0.0285175
v -0.5496598 1.1132042 -0.0357392
v -0.5381905 1.0921852 -0.0405518
v -0.5427404 1.0870007 -0.0366014
v -0.5366281 1.0962896 -0.0451399
v -0.5270475 1.0812545 -0.0381426
v -0.5315116 1.0759835 -0.0360640
v -0.5243519 1.0832203 -0.0435810
v -0.5164368 1.0701293 -0.0347531
v -0.5209008 1.0656144 -0.0314404
v -0.5146511 1.0727864 -0.0403215
v -0.5059977 1.0617476 -0.0250395
v -0.5120929 1.0586369 -0.0226598
v -0.5010014 1.0621149 -0.0272715
v -0.4985976 1.0566927 -0.0123556
v -0.5047615 1.0538844 -0.0114876
v -0.4933781 1.0575784 -0.0160285
v -0.4940305 1.0542517 0.0009541
v -0.4999197 1.0520914 0.0028555
v -0.4885191 1.0546837 -0.0005044
v -0.4919874 1.0557206 0.0162421
v -0.4970352 1.0532364 0.0166554
v -0.4859952 1.0557638 0.0162362
v -0.2282294 1.4941382 -0.0598315
v -0.2264437 1.4850869 -0.0904014
v -0.2147685 1.2807728 -0.0607762
v -0.2421367 1.4830347 -0.0603924
v -0.2580871 1.4757547 -0.0613963
v -0.2243662 1.4689068 -0.1181960
v -0.2222200 1.4462460 -0.1409419
v -0.2173782 1.4146204 -0.1573517
v -0.2096004 1.3788254 -0.1627548
v -0.2034194 1.3033904 -0.1205167
v -0.2113002 1.2829979 -0.0610715
v -0.2065958 1.2804272 -0.0602153
v -0.3464414 1.3820658 -0.0510095
v -0.4635203 1.2328158 -0.0265511
v -0.4891544 1.2066771 -0.0199553
v -0.4398951 1.2608988 -0.0332178
v -0.4108786 1.1214779 -0.0066692
v -0.3832700 1.1414599 -0.0153140
v -0.3559362 1.1618525 -0.0237817
v -0.5458481 1.1494528 -0.0030317
v -0.5288675 1.1639695 -0.0093500
v -0.4488576 1.0870223 0.0069181
v -0.5054998 1.1860902 -0.0142570
v -0.5213987 1.1647040 -0.0095153
v -0.4476557 1.0939134 0.0061387
v -0.4278249 1.1066371 0.0001333
v -0.4173000 1.2916820 -0.0372686
v -0.4086294 1.3076676 -0.0376761
v -0.3296668 1.1832387 -0.0325092
v -0.3760245 1.3496840 -0.0467166
v -0.3923355 1.3251655 -0.0416029
v -0.5607169 1.1243726 0.0037472
v -0.5625541 1.1198793 0.0054655
v -0.5604079 1.1315661 0.0034992
v 0.2112414 1.2829763 -0.0610715
v 0.2098507 1.2919628 -0.0317003
v 0.2421465 1.4844388 -0.0606640
v 0.2436059 1.4836611 -0.0298225
v 0.2402407 1.4660337 -0.0040651
v 0.2369270 1.4415584 0.0129058
v 0.2331325 1.4130002 0.0246802
v 0.2294926 1.3826922 0.0291089
v 0.2170275 1.3538748 0.0227021
v 0.2235348 1.3544365 0.0224068
v 0.2190020 1.3335471 0.0096639
v 0.2147268 1.3117289 -0.0084052
v 0.3763091 1.3499000 -0.0470649
v 0.3701967 1.3512826 -0.0233270
v 0.3478077 1.3829299 -0.0258012
v 0.3134515 1.4162837 -0.0294977
v 0.3339519 1.3713943 -0.0051457
v 0.3597233 1.3461196 -0.0008410
v 0.3067382 1.4024367 -0.0039765
v 0.3205769 1.3562295 0.0110752
v 0.3457645 1.3335903 0.0172872
v 0.2975354 1.3876608 0.0180785
v 0.3064292 1.3399198 0.0244558
v 0.3294363 1.3177775 0.0292152
v 0.2888648 1.3596426 0.0270895
v 0.2721588 1.3390773 0.0281701
v 0.2911827 1.3183607 0.0331302
v 0.2996472 1.2816585 0.0247924
v 0.2793357 1.2995884 0.0272902
v 0.2713519 1.2816585 0.0118606
v 0.2890365 1.2650896 0.0122739
v 0.2651709 1.2648304 -0.0065806
v 0.2824605 1.2494064 -0.0053110
v 0.2535986 1.3003013 0.0119255
v 0.2471944 1.2837971 -0.0072065
v 0.2609987 1.2518690 -0.0281159
v 0.2789923 1.2376980 -0.0271180
v 0.2428848 1.2684379 -0.0306787
v 0.2595908 1.2399230 -0.0555149
v 0.2784257 1.2284522 -0.0507378
v 0.2167013 1.2920708 -0.0316707
v 0.2245993 1.2861302 -0.0327927
v 0.2281706 1.3012086 -0.0074486
v 0.2203928 1.3093310 -0.0071829
v 0.2147440 1.2807944 -0.0607762
v 0.2331841 1.3219899 0.0100064
v 0.2249255 1.3315165 0.0094218
v 0.2396398 1.3438298 0.0247452
v 0.2312611 1.3516930 0.0225722
v 0.2468166 1.3681107 0.0317662
v 0.2378542 1.3779397 0.0316304
v 0.2529290 1.3942710 0.0261919
v 0.2449623 1.4077940 0.0289436
v 0.2554701 1.4242118 0.0114827
v 0.2506970 1.4353369 0.0159409
v 0.2583374 1.4457060 -0.0057007
v 0.2558135 1.4594882 -0.0028132
v 0.2621662 1.4613892 -0.0299406
v 0.2590070 1.4757115 -0.0290371
v 0.2620803 1.4621885 -0.0585619
v 0.2587151 1.4759491 -0.0610361
v 0.2825807 1.4518194 -0.0562058
v 0.2819455 1.4489895 -0.0305665
v 0.2333557 1.2783318 -0.0341921
v 0.2748716 1.4319886 -0.0044725
v 0.2708025 1.4092630 0.0127050
v 0.2687936 1.3823034 0.0312288
v 0.2425929 1.3119449 0.0110339
v 0.2364978 1.2933669 -0.0077321
v 0.2553327 1.3536372 0.0378188
v 0.2472115 1.3308468 0.0289968
v 0.4178765 1.2009525 0.0525044
v 0.4043812 1.1862630 0.0474674
v 0.4319898 1.1626949 0.0500184
v 0.4447124 1.1760019 0.0553387
v 0.3939422 1.2224252 0.0451940
v 0.3802581 1.2098527 0.0384565
v 0.3952299 1.1714223 0.0362303
v 0.4231132 1.1496904 0.0394426
v 0.3701281 1.1955088 0.0279811
v 0.3886196 1.1590442 0.0217100
v 0.4165029 1.1382844 0.0263927
v 0.3621786 1.1818129 0.0146536
v 0.4130347 1.1294491 0.0106619
v 0.3847737 1.1494528 0.0038357
v 0.3579377 1.1709038 -0.0039529
v 0.4811976 1.2052730 0.0009010
v 0.4884603 1.2061155 -0.0203864
v 0.4638393 1.2331831 -0.0265275
v 0.4591348 1.2351921 -0.0037934
v 0.4393040 1.2601211 -0.0330525
v 0.4364882 1.2640959 -0.0084229
v 0.4527306 1.2327294 0.0141989
v 0.4757721 1.2030695 0.0177124
v 0.4291225 1.2607043 0.0100419
v 0.4449871 1.2270048 0.0311875
v 0.4691103 1.2002613 0.0337739
v 0.4230788 1.2514586 0.0272371
v 0.4341703 1.2147132 0.0419050
v 0.4593752 1.1917068 0.0532307
v 0.4111632 1.2397934 0.0412613
v 0.4107511 1.1213914 -0.0067341
v 0.3836061 1.1418488 -0.0154557
v 0.3569247 1.1636887 -0.0243368
v 0.4730078 1.1288226 0.0511049
v 0.4755145 1.1259063 0.0562363
v 0.4863485 1.1365346 0.0567855
v 0.4836529 1.1399046 0.0521737
v 0.4641826 1.1579641 0.0537208
v 0.4526276 1.1458668 0.0504613
v 0.4652472 1.1140899 0.0508805
v 0.4631696 1.1179351 0.0455129
v 0.4433045 1.1339208 0.0422357
v 0.4554090 1.1084949 0.0348308
v 0.4552202 1.1014094 0.0394367
v 0.4355782 1.1229900 0.0311698
v 0.4495714 1.0980610 0.0203047
v 0.4500865 1.0925308 0.0237709
v 0.4310798 1.1134202 0.0157697
v 0.4190783 1.2809024 -0.0394535
v 0.4200398 1.2850717 -0.0134303
v 0.4058235 1.2778349 0.0011785
v 0.3987668 1.2680491 0.0194248
v 0.3863361 1.2598619 0.0318252
v 0.3706775 1.2436386 0.0351733
v 0.3598092 1.2302236 0.0311521
v 0.3496277 1.2142595 0.0214620
v 0.3407854 1.2003693 0.0074142
v 0.3373343 1.1884016 -0.0107672
v 0.3335742 1.1791559 -0.0294446
v 0.5289117 1.1641207 -0.0093795
v 0.5213056 1.1648120 -0.0094799
v 0.5170132 1.1649200 0.0085302
v 0.5250142 1.1650280 0.0122621
v 0.5057157 1.1863926 -0.0141389
v 0.5006163 1.1866518 0.0053828
v 0.5114846 1.1621765 0.0240779
v 0.5176828 1.1621333 0.0296522
v 0.4952423 1.1838003 0.0217100
v 0.5056813 1.1577696 0.0367677
v 0.5101969 1.1563223 0.0420585
v 0.4874817 1.1791559 0.0353269
v 0.4959977 1.1509865 0.0468829
v 0.4998094 1.1480918 0.0521796
v 0.4769053 1.1701693 0.0481288
v 0.4487301 1.0869791 0.0069181
v 0.4476827 1.0938918 0.0061918
v 0.4281267 1.1069611 -0.0005457
v 0.4921346 1.1110872 0.0620468
v 0.5047199 1.1230332 0.0618637
v 0.4810774 1.0977586 0.0567855
v 0.4718231 1.0846676 0.0455542
v 0.4659168 1.0748170 0.0298707
v 0.5425099 1.1503817 0.0167499
v 0.5355563 1.1473790 0.0328291
v 0.5272978 1.1423672 0.0464990
v 0.5169961 1.1335103 0.0566851
v 0.4647664 1.0688116 0.0118783
v 0.4157131 1.3046649 -0.0395007
v 0.4095836 1.2981194 -0.0157687
v 0.3938907 1.3290107 -0.0172331
v 0.4004666 1.3317757 -0.0435161
v 0.3839152 1.3141699 0.0058730
v 0.3582983 1.2879664 0.0364606
v 0.3792966 1.2958296 0.0244440
v 0.3840182 1.2768844 0.0097820
v 0.3674840 1.2766684 0.0177714
v 0.3376777 1.2742057 0.0410724
v 0.3123527 1.2983355 0.0312052
v 0.3456272 1.2684379 0.0250286
v 0.3173147 1.2034584 -0.0152668
v 0.3167824 1.1944719 -0.0369911
v 0.2984110 1.2111488 -0.0422170
v 0.3014157 1.2184936 -0.0173335
v 0.3115629 1.2419536 0.0201925
v 0.3206455 1.2594514 0.0353741
v 0.3334540 1.2523659 0.0190882
v 0.3249894 1.2392101 0.0119846
v 0.3069099 1.2247582 0.0022650
v 0.3219333 1.2150588 0.0037944
v 0.4018058 1.2909043 0.0036291
v 0.2633681 1.3192032 0.0346714
v 0.5230569 1.1084733 0.0628853
v 0.5334788 1.1170926 0.0575826
v 0.5098192 1.0960304 0.0634167
v 0.4995175 1.0829178 0.0573405
v 0.5137854 1.0925741 0.0604111
v 0.5189877 1.0876919 0.0582558
v 0.5281906 1.0987307 0.0586869
v 0.5244648 1.1033104 0.0599623
v 0.4912590 1.0708206 0.0475442
v 0.5039301 1.0813409 0.0549490
v 0.5097334 1.0775605 0.0534196
v 0.4864515 1.0619637 0.0326992
v 0.4965472 1.0702805 0.0470128
v 0.5026767 1.0680987 0.0463396
v 0.4859708 1.0558502 0.0162184
v 0.4923063 1.0620717 0.0330830
v 0.4975945 1.0590906 0.0327346
v 0.4919286 1.0559798 0.0159409
v 0.4969077 1.0537116 0.0165432
v 0.5570697 1.1324950 0.0204464
v 0.5510432 1.1299675 0.0344116
v 0.5563829 1.1256687 0.0199267
v 0.5586836 1.1206786 0.0202929
v 0.5428190 1.1256255 0.0479457
v 0.5448965 1.1208730 0.0459026
v 0.5509917 1.1245886 0.0339746
v 0.5354876 1.1129018 0.0541991
v 0.5541680 1.1200521 0.0330003
v 0.5479355 1.1157533 0.0442492
v 0.5397628 1.1085165 0.0537503
v 0.2066572 1.2804488 -0.0601917
v 0.2079964 1.2893705 -0.0305252
v 0.2280847 1.4935766 -0.0300173
v 0.2245993 1.4764676 -0.0003272
v 0.2284453 1.4940950 -0.0597370
v 0.2235520 1.4505449 0.0148485
v 0.2246508 1.4170614 0.0279929
v 0.2234661 1.3837291 0.0298353
v 0.2123403 1.3346920 0.0113764
v 0.2085115 1.3106487 -0.0072892
v 0.3538685 1.3837939 -0.0513224
v 0.3159583 1.4178391 -0.0541627
v 0.2416830 1.2573560 -0.0563830
v 0.2220067 1.2748754 -0.0599909
v 0.2322226 1.2662993 -0.0581840
v 0.5458580 1.1495392 -0.0030376
v 0.5603662 1.1315661 0.0034992
v 0.5600572 1.1242862 0.0036645
v 0.5620317 1.1197281 0.0053179
v 0.2024506 1.2863678 -0.0878682
v 0.2094558 1.2833435 -0.0866990
v 0.2111384 1.3061555 -0.1182314
v 0.2152247 1.3318837 -0.1425539
v 0.2234146 1.3687588 -0.1547536
v 0.2343688 1.4026959 -0.1509153
v 0.2386783 1.4330687 -0.1369206
v 0.2416143 1.4582569 -0.1166312
v 0.2429020 1.4776773 -0.0899408
v 0.3784724 1.3438946 -0.0714878
v 0.3561006 1.3793007 -0.0756272
v 0.3538685 1.3837939 -0.0513224
v 0.3133657 1.4085717 -0.0804220
v 0.3159583 1.4178391 -0.0541627
v 0.3474643 1.3590378 -0.1052937
v 0.3738882 1.3271097 -0.0986211
v 0.3140353 1.3952647 -0.1078387
v 0.2416830 1.2573560 -0.0563830
v 0.2813445 1.2228572 -0.0734010
v 0.2625783 1.2378276 -0.0808885
v 0.2452199 1.2531004 -0.0893444
v 0.2944105 1.2331183 -0.0906966
v 0.2762795 1.2483263 -0.1040891
v 0.2560882 1.2665153 -0.1143873
v 0.3089703 1.2449779 -0.1069234
v 0.2914402 1.2662345 -0.1177059
v 0.2709226 1.2847044 -0.1360703
v 0.3245087 1.2616764 -0.1204517
v 0.3033215 1.2861302 -0.1318601
v 0.2861520 1.3104111 -0.1379894
v 0.3438244 1.2817233 -0.1268999
v 0.3213323 1.3111672 -0.1327045
v 0.2999734 1.3376083 -0.1367376
v 0.3604616 1.3041465 -0.1184794
v 0.3347417 1.3341952 -0.1245970
v 0.3098459 1.3638335 -0.1289725
v 0.2220067 1.2748754 -0.0599909
v 0.2633509 1.4584513 -0.0862384
v 0.2594362 1.4705486 -0.0895688
v 0.2587666 1.4517330 -0.1191408
v 0.2649305 1.4404566 -0.1141865
v 0.2561569 1.4234125 -0.1384028
v 0.2628873 1.4085285 -0.1328816
v 0.2537360 1.3909011 -0.1511752
v 0.2627328 1.3762764 -0.1425776
v 0.2591272 1.3472213 -0.1511515
v 0.2404983 1.3566399 -0.1545764
v 0.2249599 1.3264400 -0.1418040
v 0.2389873 1.3150556 -0.1410777
v 0.2201696 1.3045137 -0.1191703
v 0.2306601 1.2939070 -0.1159580
v 0.2148127 1.2770356 -0.0871478
v 0.2214401 1.2694533 -0.0870415
v 0.2828898 1.4464405 -0.0863624
v 0.2847269 1.4215115 -0.1103838
v 0.2815506 1.3889353 -0.1288013
v 0.2765199 1.3611764 -0.1388751
v 0.2686219 1.3338496 -0.1452407
v 0.2528947 1.3072572 -0.1376587
v 0.2377511 1.2758043 -0.1199911
v 0.2319650 1.2606827 -0.0882402
v 0.2322226 1.2662993 -0.0581840
v 0.4665005 1.2289490 -0.0477499
v 0.4925467 1.2038904 -0.0422878
v 0.4433904 1.2561031 -0.0544225
v 0.4123651 1.1179567 -0.0256536
v 0.3840869 1.1361890 -0.0355562
v 0.3593800 1.1596706 -0.0450041
v 0.4625859 1.2176511 -0.0661970
v 0.4872070 1.1896113 -0.0578592
v 0.4404200 1.2444595 -0.0743222
v 0.4523700 1.1989435 -0.0840359
v 0.4732481 1.1715303 -0.0714406
v 0.4300153 1.2255143 -0.0936905
v 0.4380335 1.1797607 -0.0899408
v 0.4605084 1.1548965 -0.0778593
v 0.4154899 1.2050137 -0.1021818
v 0.4208125 1.1609884 -0.0875198
v 0.4443347 1.1384788 -0.0745525
v 0.3966550 1.1846428 -0.0993061
v 0.4037116 1.1472709 -0.0730999
v 0.4285216 1.1249126 -0.0615380
v 0.3789704 1.1688300 -0.0840063
v 0.3928948 1.1401638 -0.0531766
v 0.4193187 1.1196849 -0.0434334
v 0.3668830 1.1619605 -0.0637346
v 0.4282640 1.2818961 -0.0603334
v 0.3386564 1.1755699 -0.0543398
v 0.4242635 1.2661049 -0.0813550
v 0.4117298 1.2428825 -0.0997076
v 0.3974619 1.2234189 -0.1069294
v 0.3783694 1.2031560 -0.1034868
v 0.3618009 1.1884448 -0.0904959
v 0.3484601 1.1786158 -0.0735723
v 0.5276755 1.1584825 -0.0282281
v 0.5202754 1.1593466 -0.0282754
v 0.5087719 1.1828498 -0.0356743
v 0.4498804 1.0916884 -0.0095626
v 0.4520266 1.0847756 -0.0102948
v 0.4296891 1.1028999 -0.0176583
v 0.5204643 1.1463636 -0.0449805
v 0.5142661 1.1486751 -0.0437346
v 0.5016293 1.1697589 -0.0542690
v 0.5041876 1.1352385 -0.0532120
v 0.5071064 1.1316741 -0.0548418
v 0.4908297 1.1536868 -0.0661557
v 0.4910014 1.1213914 -0.0542099
v 0.4933193 1.1170710 -0.0561645
v 0.4763730 1.1372907 -0.0687184
v 0.4765619 1.1091214 -0.0488246
v 0.4794978 1.1048225 -0.0515055
v 0.4604740 1.1227524 -0.0630378
v 0.4684579 1.0940646 -0.0405990
v 0.4649553 1.0999836 -0.0389988
v 0.4463607 1.1116488 -0.0511512
v 0.4598216 1.0880592 -0.0282577
v 0.4575896 1.0931357 -0.0271712
v 0.4383082 1.1063347 -0.0353082
v 0.5458580 1.1495392 -0.0030376
v 0.5449308 1.1433177 -0.0233979
v 0.4682346 1.0672994 -0.0060550
v 0.5373248 1.1307668 -0.0429964
v 0.5231771 1.1139603 -0.0538084
v 0.5090466 1.0997028 -0.0525506
v 0.4965815 1.0871519 -0.0480983
v 0.4839447 1.0768044 -0.0353613
v 0.4755145 1.0713606 -0.0233211
v 0.4005696 1.3273473 -0.0700647
v 0.4134982 1.3019862 -0.0632209
v 0.3911607 1.3071060 -0.0935369
v 0.4075404 1.2860438 -0.0869175
v 0.3777857 1.2847476 -0.1128520
v 0.3953157 1.2648952 -0.1062975
v 0.3614746 1.2622813 -0.1206702
v 0.3796228 1.2433793 -0.1144109
v 0.3423993 1.2413055 -0.1141984
v 0.3606333 1.2230084 -0.1105078
v 0.3260539 1.2256655 -0.0988750
v 0.3433265 1.2047329 -0.0972925
v 0.3099318 1.2144107 -0.0866222
v 0.3300373 1.1961352 -0.0797961
v 0.3015359 1.2092694 -0.0649865
v 0.3207486 1.1925060 -0.0594653
v 0.4884947 1.0547053 -0.0004985
v 0.4932678 1.0573840 -0.0161348
v 0.4938687 1.0546837 0.0009246
v 0.4996549 1.0526531 0.0029028
v 0.5501504 1.1134418 -0.0363356
v 0.5375136 1.0956848 -0.0466044
v 0.5594391 1.1258415 -0.0170146
v 0.5603662 1.1315661 0.0034992
v 0.5603147 1.1204410 -0.0145227
v 0.5626498 1.1140899 -0.0127040
v 0.5566920 1.1021222 -0.0287360
v 0.5522107 1.1083437 -0.0333950
v 0.5600572 1.1242862 0.0036645
v 0.5620317 1.1197281 0.0053179
v 0.5009254 1.0618557 -0.0274133
v 0.4979036 1.0562607 -0.0129048
v 0.5046340 1.0543165 -0.0114581
v 0.5145923 1.0720519 -0.0412958
v 0.5058530 1.0618557 -0.0249214
v 0.5121027 1.0585073 -0.0227129
v 0.5247395 1.0829178 -0.0441597
v 0.5384064 1.0920772 -0.0413726
v 0.5268342 1.0807576 -0.0387980
v 0.5166012 1.0698485 -0.0346764
v 0.5212369 1.0649016 -0.0315881
v 0.5321224 1.0754219 -0.0364360
v 0.5432997 1.0863958 -0.0367726
v 0.2066572 1.2804488 -0.0601917
v 0.2112414 1.2829763 -0.0610715
v 0.2284453 1.4940950 -0.0597370
v 0.2034980 1.3032824 -0.1204399
v 0.2073439 1.3343464 -0.1475200
v 0.2134735 1.3782422 -0.1621170
v 0.2214573 1.4139723 -0.1578182
v 0.2242731 1.4461812 -0.1406880
v 0.2243761 1.4689068 -0.1181724
v 0.2264193 1.4851733 -0.0903423
v 0.2421465 1.4844388 -0.0606640
v 0.3763091 1.3499000 -0.0470649
v 0.2595908 1.2399230 -0.0555149
v 0.2784257 1.2284522 -0.0507378
v 0.2147440 1.2807944 -0.0607762
v 0.2620803 1.4621885 -0.0585619
v 0.2587151 1.4759491 -0.0610361
v 0.2825807 1.4518194 -0.0562058
v 0.4884603 1.2061155 -0.0203864
v 0.4638393 1.2331831 -0.0265275
v 0.4393040 1.2601211 -0.0330525
v 0.4107511 1.1213914 -0.0067341
v 0.3836061 1.1418488 -0.0154557
v 0.3569247 1.1636887 -0.0243368
v 0.4190783 1.2809024 -0.0394535
v 0.3335742 1.1791559 -0.0294446
v 0.5289117 1.1641207 -0.0093795
v 0.5213056 1.1648120 -0.0094799
v 0.5057157 1.1863926 -0.0141389
v 0.4487301 1.0869791 0.0069181
v 0.4476827 1.0938918 0.0061918
v 0.4281267 1.1069611 -0.0005457
v 0.4647664 1.0688116 0.0118783
v 0.4157131 1.3046649 -0.0395007
v 0.4004666 1.3317757 -0.0435161
v 0.3167824 1.1944719 -0.0369911
v 0.2984110 1.2111488 -0.0422170
v 0.4859708 1.0558502 0.0162184
v 0.4919286 1.0559798 0.0159409
v 0.4969077 1.0537116 0.0165432
v -0.2053939 0.1923436 -0.0811601
v -0.2154381 0.1930349 -0.0744167
v -0.2214474 0.1932509 -0.0633508
v -0.2234906 0.1930565 -0.0509976
v -0.2205031 0.1924300 -0.0388275
v -0.2152320 0.1915875 -0.0278738
v -0.1802062 0.1877207 -0.0237050
v -0.1712609 0.1871158 -0.0324266
v -0.1655950 0.1870294 -0.0439117
v -0.1640669 0.1875047 -0.0573750
v -0.1735273 0.1891897 -0.0758575
v -0.1821121 0.1901834 -0.0809653
v -0.1910745 0.1910907 -0.0829375
v -0.1672433 0.1882608 -0.0672245
v -0.2040375 0.1901834 -0.0203982
v -0.1914694 0.1888008 -0.0198490
v -0.1932207 0.1904642 -0.0525743
v -0.2174297 0.1955191 -0.1096988
v -0.2376211 0.1962320 -0.0962119
v -0.2496226 0.1959512 -0.0741096
v -0.2535716 0.1967721 -0.0494151
v -0.2476481 0.1949575 -0.0250808
v -0.2371060 0.1939638 -0.0032266
v -0.1669514 0.1875047 0.0052057
v -0.1490436 0.1858413 -0.0122671
v -0.1378491 0.1847180 -0.0351960
v -0.1347414 0.1864894 -0.0620812
v -0.1709519 0.1903778 -0.1093445
v -0.1537480 0.1886280 -0.0991230
v -0.1888940 0.1919115 -0.1133008
v -0.1411971 0.1870726 -0.0818746
v -0.2145968 0.1923004 0.0117602
v -0.1894778 0.1893409 0.0129235
v -0.5308591 1.0903274 0.0365787
v -0.5258972 1.0851861 0.0361358
v -0.5212271 1.0798935 0.0338979
v -0.5176386 1.0753139 0.0302132
v -0.5364736 1.0952743 0.0339038
v -0.5410578 1.0987091 0.0293924
v -0.5444917 1.1007397 0.0238949
v -0.5466551 1.1012150 0.0173876
v -0.5481488 1.1007613 0.0098942
v -0.5478055 1.0980178 0.0007534
v -0.5443544 1.0924444 -0.0071652
v -0.5377956 1.0847108 -0.0112573
v -0.5322499 1.0791375 -0.0109916
v -0.5267728 1.0741905 -0.0087418
v -0.5222572 1.0707774 -0.0043662
v -0.5185143 1.0684659 0.0011785
v -0.5159217 1.0677531 0.0083353
v -0.5145481 1.0682283 0.0152914
v -0.5149430 1.0707990 0.0234166
v -0.5290048 1.0861150 0.0130652
v -0.5283696 1.0985579 0.0589585
v -0.5190122 1.0876703 0.0582381
v -0.5099639 1.0770636 0.0538507
v -0.5027527 1.0679043 0.0464636
v -0.5396156 1.1085165 0.0536381
v -0.5483205 1.1156885 0.0445386
v -0.5550166 1.1199657 0.0334018
v -0.5595322 1.1208082 0.0204050
v -0.5625541 1.1198793 0.0054655
v -0.5620733 1.1141763 -0.0127217
v -0.5552227 1.1029431 -0.0285175
v -0.5427404 1.0870007 -0.0366014
v -0.5315116 1.0759835 -0.0360640
v -0.5209008 1.0656144 -0.0314404
v -0.5120929 1.0586369 -0.0226598
v -0.5047615 1.0538844 -0.0114876
v -0.4999197 1.0520914 0.0028555
v -0.4970352 1.0532364 0.0166554
v -0.4976190 1.0585289 0.0328763
v 0.1616730 1.4608708 0.0838656
v 0.1893675 1.4497240 0.0737032
v 0.1870324 1.4512578 0.0656606
v 0.1593380 1.4624045 0.0758230
v 0.1829632 1.4461164 0.0602340
v 0.1552688 1.4572632 0.0704023
v 0.1525389 1.4492920 0.0716778
v 0.1802333 1.4381452 0.0615153
v 0.1808857 1.4333711 0.0685363
v 0.1531913 1.4445179 0.0786987
v 0.1844398 1.4353801 0.0760120
v 0.1567454 1.4465269 0.0861744
v 0.1882171 1.4426601 0.0783090
v 0.1605227 1.4538068 0.0884714
v 0.1522298 1.4574576 0.0619110
v 0.1799242 1.4463109 0.0517426
v 0.1829632 1.4461164 0.0602340
v 0.1552688 1.4572632 0.0704023
v 0.1459458 1.4303684 0.1036767
v 0.1503927 1.4539580 0.0914121
v 0.1459458 1.4560319 0.0776890
v 0.1503927 1.4618429 0.0834286
v 0.1459458 1.4481470 0.0856725
v 0.1503927 1.4361794 0.1094163
v 0.1459458 1.4271929 0.1068949
v 0.1503927 1.4330039 0.1126345
v 0.1527449 1.4277545 0.1010844
v 0.1571918 1.4335655 0.1068240
v 0.1847489 1.4153764 0.0888671
v 0.1891958 1.4211874 0.0946067
v 0.1459458 1.4271929 0.1068949
v 0.1509936 1.4252487 0.1049699
v 0.1554405 1.4310597 0.1107095
v 0.1503927 1.4330039 0.1126345
v 0.1915480 1.4305196 0.0682706
v 0.1959949 1.4363306 0.0740102
v 0.1959949 1.4185520 0.0920144
v 0.1915480 1.4127410 0.0862748
v 0.1915480 1.4384044 0.0602871
v 0.1959949 1.4442154 0.0660267
v 0.1915480 1.4095654 0.0894930
v 0.1959949 1.4153764 0.0952326
v 0.1915480 1.4384044 0.0602871
v 0.1825340 1.4418824 0.0637297
v 0.1869637 1.4476934 0.0694693
v 0.1959949 1.4442154 0.0660267
v 0.1865002 1.4115096 0.0914180
v 0.1915480 1.4095654 0.0894930
v 0.1959949 1.4153764 0.0952326
v 0.1909471 1.4173206 0.0971576
v 0.1982956 1.4095006 0.0755573
v 0.2002014 1.3802296 0.0854835
v 0.1964756 1.3781558 0.0800746
v 0.1945698 1.4074052 0.0701484
v 0.1896250 1.3775293 0.0795609
v 0.1877192 1.4068003 0.0696287
v 0.1848175 1.3788470 0.0843262
v 0.1829289 1.4080965 0.0743940
v 0.1856760 1.3810937 0.0907862
v 0.1837702 1.4103431 0.0808540
v 0.1915480 1.3825842 0.0940752
v 0.1896422 1.4118553 0.0841431
v 0.1980037 1.3821954 0.0917133
v 0.1961151 1.4114664 0.0817870
v 0.1848175 1.3788470 0.0843262
v 0.1829289 1.4080965 0.0743940
v 0.2002529 1.4061307 0.0764903
v 0.2017123 1.3836643 0.0841136
v 0.1971624 1.3811153 0.0775178
v 0.1957030 1.4035816 0.0698886
v 0.1888180 1.3803592 0.0768859
v 0.1873586 1.4028255 0.0692626
v 0.1829461 1.3819578 0.0827023
v 0.1814867 1.4044241 0.0750790
v 0.1839934 1.3847012 0.0905854
v 0.1825340 1.4071676 0.0829562
v 0.1911531 1.3865374 0.0945949
v 0.1896937 1.4090038 0.0869716
v 0.1990339 1.3860622 0.0917192
v 0.1975745 1.4085285 0.0840900
v 0.1888180 1.3803592 0.0768859
v 0.1873586 1.4028255 0.0692626
v 0.1842681 1.4048993 0.0767737
v 0.1826370 1.4044457 0.0756990
v 0.1709789 1.4089606 0.0912468
v 0.1723353 1.4095222 0.0926817
v 0.1478172 1.4123305 0.1056135
v 0.1468214 1.4117041 0.1039956
v 0.1320213 1.4138859 0.1132545
v 0.1331030 1.4144907 0.1148311
v 0.1737947 1.3870991 0.1002932
v 0.1857104 1.3824762 0.0843852
v 0.1492767 1.3899074 0.1132250
v 0.1345624 1.3920676 0.1224426
v 0.1842681 1.4048993 0.0767737
v 0.1723353 1.4095222 0.0926817
v 0.1478172 1.4123305 0.1056135
v 0.1331030 1.4144907 0.1148311
v 0.1724383 1.3865374 0.0988582
v 0.1840964 1.3820226 0.0833105
v 0.1482637 1.3892809 0.1116070
v 0.1334807 1.3914627 0.1208660
v 0.1737947 1.3870991 0.1002932
v 0.1857104 1.3824762 0.0843852
v 0.1492767 1.3899074 0.1132250
v 0.1345624 1.3920676 0.1224426
v -0.1870569 1.4512578 0.0656606
v -0.1893919 1.4497240 0.0737032
v -0.1616975 1.4608708 0.0838656
v -0.1593796 1.4624045 0.0758230
v -0.1830049 1.4461164 0.0602340
v -0.1553105 1.4572632 0.0704023
v -0.1809102 1.4333711 0.0685363
v -0.1802577 1.4381452 0.0615153
v -0.1525633 1.4492920 0.0716778
v -0.1532329 1.4445179 0.0786987
v -0.1844643 1.4353801 0.0760120
v -0.1567699 1.4465269 0.0861744
v -0.1882416 1.4426601 0.0783090
v -0.1605472 1.4538068 0.0884714
v -0.1522714 1.4574576 0.0619110
v -0.1799659 1.4463109 0.0517426
v -0.1830049 1.4461164 0.0602340
v -0.1553105 1.4572632 0.0704023
v -0.1554650 1.4310597 0.1109221
v -0.1510352 1.4252487 0.1051825
v -0.1459874 1.4271929 0.1071075
v -0.1504171 1.4330039 0.1128471
v -0.1870054 1.4476934 0.0696819
v -0.1825585 1.4418824 0.0639482
v -0.1915896 1.4384044 0.0604997
v -0.1960194 1.4442154 0.0662393
v -0.1527865 1.4277545 0.1012970
v -0.1572163 1.4335655 0.1070366
v -0.1847905 1.4153764 0.0890796
v -0.1892202 1.4211874 0.0948193
v -0.1960194 1.4153764 0.0954452
v -0.1915896 1.4095654 0.0897056
v -0.1865418 1.4115096 0.0916306
v -0.1909715 1.4173206 0.0973702
v 0.0904539 1.2194873 0.1554159
v 0.0898186 1.1464069 0.1421652
v 0.0889087 1.1476382 0.1354512
v 0.0895439 1.2207402 0.1486961
v 0.0829852 1.1484159 0.1319850
v 0.0836376 1.2215179 0.1452357
v 0.0765294 1.1481566 0.1343884
v 0.0771819 1.2212586 0.1476391
v 0.0744004 1.1470549 0.1408425
v 0.0750357 1.2201353 0.1540932
v 0.0781777 1.1459316 0.1464935
v 0.0788130 1.2190120 0.1597442
v 0.0850455 1.1456292 0.1470840
v 0.0856808 1.2187312 0.1603288
v 0.0850455 1.1456292 0.1470840
v 0.0856808 1.2187312 0.1603288
v 0.0920163 1.2158149 0.1553805
v 0.0914154 1.1924412 0.1511525
v 0.0902994 1.1939534 0.1429564
v 0.0909003 1.2173270 0.1471844
v 0.0830882 1.1949039 0.1387285
v 0.0836891 1.2182775 0.1429623
v 0.0752074 1.1945799 0.1416573
v 0.0758255 1.2179535 0.1458912
v 0.0725976 1.1932189 0.1495346
v 0.0732157 1.2165926 0.1537684
v 0.0772162 1.1918580 0.1564315
v 0.0778343 1.2152316 0.1606595
v 0.0855949 1.1915123 0.1571519
v 0.0861959 1.2148860 0.1613799
v 0.0855949 1.1915123 0.1571519
v 0.0861959 1.2148860 0.1613799
v 0.0901105 1.2159877 0.1547782
v 0.0892177 1.2171758 0.1482827
v 0.0835174 1.2179319 0.1449405
v 0.0772677 1.2176727 0.1472552
v 0.0752074 1.2165926 0.1534968
v 0.0788645 1.2155124 0.1589530
v 0.0854919 1.2152316 0.1595257
v 0.0920163 1.2158149 0.1553805
v 0.0909003 1.2173270 0.1471844
v 0.0836891 1.2182775 0.1429623
v 0.0758255 1.2179535 0.1458912
v 0.0732157 1.2165926 0.1537684
v 0.0778343 1.2152316 0.1606595
v 0.0861959 1.2148860 0.1613799
v 0.0854919 1.2152316 0.1595257
v 0.0861959 1.2148860 0.1613799
v 0.0594630 1.1929165 0.1542821
v 0.0773192 1.1942126 0.1444799
v 0.0316483 1.1933485 0.1557997
v 0.0143071 1.1933917 0.1580790
v 0.0779373 1.2175647 0.1487079
v 0.0600639 1.2162469 0.1585042
v 0.0322664 1.2167006 0.1600277
v 0.0149081 1.2167438 0.1623070
v 0.0588964 1.1932837 0.1523394
v 0.0763577 1.1945583 0.1427675
v 0.0314766 1.1937158 0.1538393
v 0.0140496 1.1937590 0.1561304
v 0.0594630 1.1929165 0.1542821
v 0.0773192 1.1942126 0.1444799
v 0.0316483 1.1933485 0.1557997
v 0.0143071 1.1933917 0.1580790
v 0.0779373 1.2175647 0.1487079
v 0.0769587 1.2178887 0.1469895
v 0.0595145 1.2166142 0.1565674
v 0.0600639 1.2162469 0.1585042
v 0.0322664 1.2167006 0.1600277
v 0.0320776 1.2170462 0.1580672
v 0.0146505 1.2170894 0.1603524
v 0.0149081 1.2167438 0.1623070
v 0.0831225 1.1405958 0.1287314
v 0.0900590 1.1477462 0.1346954
v 0.0831225 1.1486751 0.1306328
v 0.0900590 1.1396886 0.1327940
v 0.0730269 1.1389757 0.1391300
v 0.0755336 1.1483511 0.1334495
v 0.0730269 1.1470549 0.1410314
v 0.0755336 1.1402934 0.1315481
v 0.0774738 1.1376579 0.1457613
v 0.0730269 1.1470549 0.1410314
v 0.0774738 1.1457372 0.1476627
v 0.0730269 1.1389757 0.1391300
v 0.0827620 1.1343528 0.1319909
v 0.0900590 1.1396886 0.1327940
v 0.0831225 1.1405958 0.1287314
v 0.0867281 1.1338127 0.1343175
v 0.0795169 1.1326678 0.1417518
v 0.0730269 1.1389757 0.1391300
v 0.0774738 1.1376579 0.1457613
v 0.0769759 1.1334239 0.1379490
v 0.0841355 1.1324734 0.1421475
v 0.0774738 1.1376579 0.1457613
v 0.0855263 1.1373339 0.1464522
v 0.0795169 1.1326678 0.1417518
v 0.0004685 0.9074860 0.1612382
v 0.0015159 0.9073564 0.1631278
v 0.0015159 0.9477526 0.1665703
v 0.0004513 0.9479254 0.1648343
v 0.0036277 0.9073348 0.1632990
v 0.0036277 0.9477526 0.1664050
v 0.0046750 0.9074644 0.1615748
v 0.0046922 0.9479470 0.1644977
v 0.0036277 0.9076156 0.1596852
v 0.0036277 0.9481198 0.1627616
v 0.0015159 0.9076372 0.1595139
v 0.0015159 0.9480982 0.1629329
v 0.0015159 0.9073564 0.1631278
v 0.0015159 0.9477526 0.1665703
v -0.0375276 0.9446203 0.1594903
v -0.0397768 0.9450307 0.1532901
v -0.0415109 0.9449227 0.1542880
v -0.0388153 0.9444474 0.1612323
v -0.0375276 0.9101647 0.1558765
v -0.0397768 0.9105751 0.1496763
v -0.0415109 0.9104671 0.1506742
v -0.0388153 0.9099919 0.1576184
v -0.0051631 0.9436266 0.1690386
v -0.0057125 0.9438426 0.1668715
v -0.0057125 0.9094086 0.1632577
v -0.0051631 0.9091710 0.1654248
v 0.0019794 0.9442746 0.1628089
v 0.0019966 0.9445555 0.1601458
v 0.0019966 0.9100999 0.1565319
v 0.0019794 0.9098190 0.1591951
v 0.0095855 0.9438426 0.1669542
v 0.0090189 0.9436050 0.1691331
v 0.0095855 0.9093870 0.1633403
v 0.0090189 0.9091710 0.1655134
v 0.0435125 0.9444474 0.1611201
v 0.0420359 0.9446203 0.1594194
v 0.0420359 0.9101863 0.1558056
v 0.0435125 0.9099919 0.1575062
v 0.0454870 0.9449659 0.1537684
v 0.0436327 0.9450523 0.1530421
v 0.0436327 0.9105967 0.1494283
v 0.0454870 0.9105319 0.1501546
v 0.1170667 0.8158277 0.1383447
v 0.1500493 0.8355721 0.1335676
v 0.1417564 0.8487711 0.1335321
v 0.1735028 0.8509745 0.1362957
v 0.1658796 0.8646271 0.1363311
v 0.1877020 0.8574768 0.1269304
v 0.1806454 0.8714102 0.1263045
v 0.1926640 0.8592482 0.1071134
v 0.1864315 0.8736137 0.1081349
v 0.1986905 0.8789710 0.0957818
v 0.2041848 0.8643679 0.0941166
v 0.2088892 0.8835723 0.0802104
v 0.1167576 0.8156332 0.1353686
v 0.2067773 0.8826866 0.0782736
v 0.1090485 0.8291994 0.1382679
v 0.2157398 0.8697253 0.0809485
v 0.1087394 0.8290050 0.1352918
v 0.2138512 0.8686884 0.0788641
v 0.1090485 0.8291994 0.1382679
v 0.2157398 0.8697253 0.0809485
v 0.1417221 0.8487495 0.1305324
v 0.1500149 0.8355505 0.1305678
v 0.1087394 0.8290050 0.1352918
v 0.1729191 0.8506505 0.1333727
v 0.1652958 0.8643031 0.1334081
v 0.1785850 0.8702869 0.1244326
v 0.1855902 0.8563967 0.1250881
v 0.1840449 0.8726416 0.1065819
v 0.1902431 0.8583625 0.1055781
v 0.1965100 0.8783230 0.0938331
v 0.2020557 0.8636550 0.0921325
v 0.2138512 0.8686884 0.0788641
v 0.1170667 0.8158277 0.1383447
v 0.1500493 0.8355721 0.1335676
v 0.1417564 0.8487711 0.1335321
v 0.1735028 0.8509745 0.1362957
v 0.1658796 0.8646271 0.1363311
v 0.1877020 0.8574768 0.1269304
v 0.1806454 0.8714102 0.1263045
v 0.1926640 0.8592482 0.1071134
v 0.1864315 0.8736137 0.1081349
v 0.1986905 0.8789710 0.0957818
v 0.2041848 0.8643679 0.0941166
v 0.2088892 0.8835723 0.0802104
v 0.1167576 0.8156332 0.1353686
v 0.2067773 0.8826866 0.0782736
v 0.1771943 1.4383396 0.0530240
v 0.1893675 1.4497240 0.0737032
v 0.1870324 1.4512578 0.0656606
v 0.1829632 1.4461164 0.0602340
v 0.1802333 1.4381452 0.0615153
v 0.1808857 1.4333711 0.0685363
v 0.1844398 1.4353801 0.0760120
v 0.1882171 1.4426601 0.0783090
v 0.1799242 1.4463109 0.0517426
v 0.1616730 1.4608708 0.0838656
v 0.1593380 1.4624045 0.0758230
v 0.1552688 1.4572632 0.0704023
v 0.1525389 1.4492920 0.0716778
v 0.1531913 1.4445179 0.0786987
v 0.1567454 1.4465269 0.0861744
v 0.1605227 1.4538068 0.0884714
v 0.1522298 1.4574576 0.0619110
v 0.1494999 1.4494864 0.0631864
v 0.1549769 1.4446691 0.0822299
v 0.1594067 1.4504801 0.0879695
v 0.1869637 1.4398302 0.0774528
v 0.1825340 1.4340192 0.0717132
v 0.1527449 1.4277545 0.1010844
v 0.1571918 1.4335655 0.1068240
v 0.1509936 1.4252487 0.1049699
v 0.1554405 1.4310597 0.1107095
v 0.1594067 1.4504801 0.0879695
v 0.1503927 1.4361794 0.1094163
v 0.1869637 1.4398302 0.0774528
v 0.1571918 1.4335655 0.1068240
v 0.1503927 1.4539580 0.0914121
v 0.1554405 1.4310597 0.1107095
v 0.1503927 1.4330039 0.1126345
v 0.1959949 1.4363306 0.0740102
v 0.1959949 1.4185520 0.0920144
v 0.1869637 1.4476934 0.0694693
v 0.1959949 1.4442154 0.0660267
v 0.1503927 1.4618429 0.0834286
v 0.1891958 1.4211874 0.0946067
v 0.1959949 1.4153764 0.0952326
v 0.1909471 1.4173206 0.0971576
v 0.1594067 1.4583433 0.0799860
v 0.1825340 1.4418824 0.0637297
v 0.1869637 1.4476934 0.0694693
v 0.1869637 1.4398302 0.0774528
v 0.1825340 1.4340192 0.0717132
v 0.1594067 1.4583433 0.0799860
v 0.1459458 1.4560319 0.0776890
v 0.1503927 1.4618429 0.0834286
v 0.1549769 1.4525323 0.0742464
v 0.1459458 1.4481470 0.0856725
v 0.1549769 1.4446691 0.0822299
v 0.1915480 1.4127410 0.0862748
v 0.1549769 1.4525323 0.0742464
v 0.1825340 1.4340192 0.0717132
v 0.1527449 1.4277545 0.1010844
v 0.1459458 1.4303684 0.1036767
v 0.1459458 1.4271929 0.1068949
v 0.1509936 1.4252487 0.1049699
v 0.1915480 1.4305196 0.0682706
v 0.1915480 1.4384044 0.0602871
v 0.1825340 1.4418824 0.0637297
v 0.1459458 1.4560319 0.0776890
v 0.1847489 1.4153764 0.0888671
v 0.1865002 1.4115096 0.0914180
v 0.1915480 1.4095654 0.0894930
v 0.1847489 1.4153764 0.0888671
v 0.1891958 1.4211874 0.0946067
v 0.1865002 1.4115096 0.0914180
v 0.1909471 1.4173206 0.0971576
v 0.1982956 1.4095006 0.0755573
v 0.1945698 1.4074052 0.0701484
v 0.1877192 1.4068003 0.0696287
v 0.1829289 1.4080965 0.0743940
v 0.1837702 1.4103431 0.0808540
v 0.1896422 1.4118553 0.0841431
v 0.1961151 1.4114664 0.0817870
v 0.2002014 1.3802296 0.0854835
v 0.1964756 1.3781558 0.0800746
v 0.1896250 1.3775293 0.0795609
v 0.1848175 1.3788470 0.0843262
v 0.1856760 1.3810937 0.0907862
v 0.1915480 1.3825842 0.0940752
v 0.1980037 1.3821954 0.0917133
v 0.1961151 1.3816121 0.0791652
v 0.1997207 1.3836211 0.0843911
v 0.1895048 1.3810073 0.0786692
v 0.1848519 1.3822818 0.0832751
v 0.1856760 1.3844420 0.0895166
v 0.1913591 1.3858894 0.0926935
v 0.1975917 1.3855221 0.0904142
v 0.2017123 1.3836643 0.0841136
v 0.1971624 1.3811153 0.0775178
v 0.1888180 1.3803592 0.0768859
v 0.1829461 1.3819578 0.0827023
v 0.1839934 1.3847012 0.0905854
v 0.1911531 1.3865374 0.0945949
v 0.1990339 1.3860622 0.0917192
v 0.1895048 1.3810073 0.0786692
v 0.1888180 1.3803592 0.0768859
v 0.1982613 1.4060875 0.0767678
v 0.1946557 1.4040785 0.0715419
v 0.1880454 1.4034952 0.0710400
v 0.1833925 1.4047481 0.0756459
v 0.1842166 1.4069084 0.0818874
v 0.1898997 1.4083557 0.0850643
v 0.1961323 1.4079885 0.0827850
v 0.2002529 1.4061307 0.0764903
v 0.1957030 1.4035816 0.0698886
v 0.1873586 1.4028255 0.0692626
v 0.1814867 1.4044241 0.0750790
v 0.1825340 1.4071676 0.0829562
v 0.1896937 1.4090038 0.0869716
v 0.1975745 1.4085285 0.0840900
v 0.1880454 1.4034952 0.0710400
v 0.1873586 1.4028255 0.0692626
v 0.1842681 1.4048993 0.0767737
v 0.1826370 1.4044457 0.0756990
v 0.1857104 1.3824762 0.0843852
v 0.1840964 1.3820226 0.0833105
v 0.1826370 1.4044457 0.0756990
v 0.1709789 1.4089606 0.0912468
v 0.1724383 1.3865374 0.0988582
v 0.1840964 1.3820226 0.0833105
v 0.1468214 1.4117041 0.1039956
v 0.1482637 1.3892809 0.1116070
v 0.1320213 1.4138859 0.1132545
v 0.1334807 1.3914627 0.1208660
v 0.1320213 1.4138859 0.1132545
v 0.1331030 1.4144907 0.1148311
v 0.1345624 1.3920676 0.1224426
v 0.1334807 1.3914627 0.1208660
v -0.1616975 1.4608708 0.0838656
v -0.1593796 1.4624045 0.0758230
v -0.1553105 1.4572632 0.0704023
v -0.1525633 1.4492920 0.0716778
v -0.1532329 1.4445179 0.0786987
v -0.1567699 1.4465269 0.0861744
v -0.1605472 1.4538068 0.0884714
v -0.1522714 1.4574576 0.0619110
v -0.1495415 1.4494864 0.0631864
v -0.1772359 1.4383396 0.0530240
v -0.1870569 1.4512578 0.0656606
v -0.1893919 1.4497240 0.0737032
v -0.1830049 1.4461164 0.0602340
v -0.1809102 1.4333711 0.0685363
v -0.1802577 1.4381452 0.0615153
v -0.1844643 1.4353801 0.0760120
v -0.1882416 1.4426601 0.0783090
v -0.1799659 1.4463109 0.0517426
v -0.1504171 1.4361794 0.1096348
v -0.1594483 1.4504801 0.0881821
v -0.1870054 1.4398302 0.0776654
v -0.1572163 1.4335655 0.1070366
v -0.1504171 1.4539580 0.0916247
v -0.1554650 1.4310597 0.1109221
v -0.1504171 1.4330039 0.1128471
v -0.1960194 1.4363306 0.0742228
v -0.1960194 1.4185520 0.0922270
v -0.1870054 1.4476934 0.0696819
v -0.1960194 1.4442154 0.0662393
v -0.1504171 1.4618429 0.0836471
v -0.1892202 1.4211874 0.0948193
v -0.1960194 1.4153764 0.0954452
v -0.1909715 1.4173206 0.0973702
v -0.1594483 1.4583433 0.0801986
v -0.1527865 1.4277545 0.1012970
v -0.1572163 1.4335655 0.1070366
v -0.1554650 1.4310597 0.1109221
v -0.1510352 1.4252487 0.1051825
v -0.1459874 1.4303684 0.1038952
v -0.1504171 1.4539580 0.0916247
v -0.1459874 1.4560319 0.0779075
v -0.1504171 1.4618429 0.0836471
v -0.1459874 1.4481470 0.0858851
v -0.1504171 1.4361794 0.1096348
v -0.1459874 1.4271929 0.1071075
v -0.1504171 1.4330039 0.1128471
v -0.1594483 1.4583433 0.0801986
v -0.1459874 1.4560319 0.0779075
v -0.1504171 1.4618429 0.0836471
v -0.1550014 1.4525323 0.0744590
v -0.1870054 1.4476934 0.0696819
v -0.1825585 1.4418824 0.0639482
v -0.1870054 1.4398302 0.0776654
v -0.1825585 1.4340192 0.0719258
v -0.1550014 1.4446691 0.0824425
v -0.1594483 1.4504801 0.0881821
v -0.1870054 1.4398302 0.0776654
v -0.1825585 1.4340192 0.0719258
v -0.1847905 1.4153764 0.0890796
v -0.1892202 1.4211874 0.0948193
v -0.1865418 1.4115096 0.0916306
v -0.1909715 1.4173206 0.0973702
v -0.1960194 1.4363306 0.0742228
v -0.1915896 1.4305196 0.0684832
v -0.1960194 1.4185520 0.0922270
v -0.1915896 1.4127410 0.0864874
v -0.1915896 1.4384044 0.0604997
v -0.1960194 1.4442154 0.0662393
v -0.1960194 1.4153764 0.0954452
v -0.1915896 1.4095654 0.0897056
v -0.1459874 1.4481470 0.0858851
v -0.1550014 1.4446691 0.0824425
v -0.1915896 1.4127410 0.0864874
v -0.1550014 1.4525323 0.0744590
v -0.1825585 1.4340192 0.0719258
v -0.1459874 1.4303684 0.1038952
v -0.1527865 1.4277545 0.1012970
v -0.1510352 1.4252487 0.1051825
v -0.1459874 1.4271929 0.1071075
v -0.1915896 1.4305196 0.0684832
v -0.1825585 1.4418824 0.0639482
v -0.1915896 1.4384044 0.0604997
v -0.1459874 1.4560319 0.0779075
v -0.1847905 1.4153764 0.0890796
v -0.1915896 1.4095654 0.0897056
v -0.1865418 1.4115096 0.0916306
v 0.0904539 1.2194873 0.1554159
v 0.0895439 1.2207402 0.1486961
v 0.0836376 1.2215179 0.1452357
v 0.0771819 1.2212586 0.1476391
v 0.0750357 1.2201353 0.1540932
v 0.0788130 1.2190120 0.1597442
v 0.0856808 1.2187312 0.1603288
v 0.0900590 1.1477462 0.1346954
v 0.0911235 1.1462988 0.1425844
v 0.0831225 1.1486751 0.1306328
v 0.0755336 1.1483511 0.1334495
v 0.0730269 1.1470549 0.1410314
v 0.0774738 1.1457372 0.1476627
v 0.0855263 1.1453915 0.1483536
v 0.0898186 1.1464069 0.1421652
v 0.0889087 1.1476382 0.1354512
v 0.0829852 1.1484159 0.1319850
v 0.0765294 1.1481566 0.1343884
v 0.0744004 1.1470549 0.1408425
v 0.0781777 1.1459316 0.1464935
v 0.0850455 1.1456292 0.1470840
v 0.0855263 1.1453915 0.1483536
v 0.0850455 1.1456292 0.1470840
v 0.0886168 1.1938022 0.1440489
v 0.0894924 1.1925925 0.1505443
v 0.0828993 1.1945583 0.1407067
v 0.0766668 1.1942990 0.1430273
v 0.0745893 1.1932189 0.1492629
v 0.0782464 1.1921388 0.1547250
v 0.0848910 1.1918580 0.1552919
v 0.0914154 1.1924412 0.1511525
v 0.0902994 1.1939534 0.1429564
v 0.0830882 1.1949039 0.1387285
v 0.0752074 1.1945799 0.1416573
v 0.0725976 1.1932189 0.1495346
v 0.0772162 1.1918580 0.1564315
v 0.0855949 1.1915123 0.1571519
v 0.0848910 1.1918580 0.1552919
v 0.0855949 1.1915123 0.1571519
v 0.0779373 1.2175647 0.1487079
v 0.0769587 1.2178887 0.1469895
v 0.0773192 1.1942126 0.1444799
v 0.0763577 1.1945583 0.1427675
v 0.0769587 1.2178887 0.1469895
v 0.0595145 1.2166142 0.1565674
v 0.0588964 1.1932837 0.1523394
v 0.0763577 1.1945583 0.1427675
v 0.0320776 1.2170462 0.1580672
v 0.0314766 1.1937158 0.1538393
v 0.0146505 1.2170894 0.1603524
v 0.0140496 1.1937590 0.1561304
v 0.0146505 1.2170894 0.1603524
v 0.0149081 1.2167438 0.1623070
v 0.0143071 1.1933917 0.1580790
v 0.0140496 1.1937590 0.1561304
v 0.0911235 1.1382196 0.1406830
v 0.0900590 1.1396886 0.1327940
v 0.0900590 1.1477462 0.1346954
v 0.0911235 1.1462988 0.1425844
v 0.0755336 1.1402934 0.1315481
v 0.0831225 1.1486751 0.1306328
v 0.0755336 1.1483511 0.1334495
v 0.0831225 1.1405958 0.1287314
v 0.0873462 1.1329919 0.1388407
v 0.0867281 1.1338127 0.1343175
v 0.0911235 1.1382196 0.1406830
v 0.0900590 1.1396886 0.1327940
v 0.0855263 1.1373339 0.1464522
v 0.0774738 1.1457372 0.1476627
v 0.0855263 1.1453915 0.1483536
v 0.0774738 1.1376579 0.1457613
v 0.0911235 1.1462988 0.1425844
v 0.0855263 1.1453915 0.1483536
v 0.0911235 1.1382196 0.1406830
v 0.0855263 1.1373339 0.1464522
v 0.0911235 1.1382196 0.1406830
v 0.0855263 1.1373339 0.1464522
v 0.0873462 1.1329919 0.1388407
v 0.0841355 1.1324734 0.1421475
v 0.0769759 1.1334239 0.1379490
v 0.0755336 1.1402934 0.1315481
v 0.0730269 1.1389757 0.1391300
v 0.0784181 1.1341584 0.1336030
v 0.0873462 1.1329919 0.1388407
v 0.0867281 1.1338127 0.1343175
v 0.0827620 1.1343528 0.1319909
v 0.0784181 1.1341584 0.1336030
v 0.0769759 1.1334239 0.1379490
v 0.0795169 1.1326678 0.1417518
v 0.0841355 1.1324734 0.1421475
v -0.2076775 0.4868902 0.0666585
v -0.1715871 0.4811008 0.0782441
v -0.1677927 0.5082333 0.0764253
v -0.2037628 0.5144331 0.0691445
v -0.2512193 0.5389084 -0.0200144
v -0.2536231 0.5114088 -0.0226480
v -0.0692054 0.5387788 -0.0052874
v -0.2314916 0.5228364 0.0458790
v -0.2360930 0.4952503 0.0441430
v -0.2489186 0.5314557 0.0149902
v -0.2524040 0.5040208 0.0124038
v -0.2420852 0.5533387 0.0191827
v -0.0786829 0.5337887 0.0267942
v -0.0852760 0.5088381 0.0205113
v -0.0840226 0.4814681 0.0208597
v -0.1033727 0.5054250 0.0488433
v -0.1045745 0.4785518 0.0488846
v -0.0971745 0.5297923 0.0564843
v -0.1296077 0.5286906 0.0772166
v -0.1319943 0.5048417 0.0699476
v -0.1348616 0.4775149 0.0694516
v -0.1653546 0.5328814 0.0809131
v -0.1982171 0.5387788 0.0694752
v -0.2209667 0.5464476 0.0462865
v -0.1925511 0.5641183 0.0720084
v -0.2393037 0.5772308 0.0265757
v -0.1249376 0.5523018 0.0799683
v -0.0650503 0.5626493 -0.0016440
v -0.0684671 0.5556718 0.0345002
v -0.0581310 0.6072364 -0.0003922
v -0.0560535 0.5951823 0.0402929
v -0.0427987 0.6503328 0.0003341
v -0.0426785 0.6457100 0.0452826
v -0.0289944 0.6991971 0.0025071
v -0.0343684 0.7002340 0.0482469
v -0.0983248 0.7497032 0.1206416
v -0.0586289 0.7039280 0.0877924
v -0.0647928 0.6491879 0.0844856
v -0.1074590 0.5782677 0.0838951
v -0.0800050 0.5958304 0.0724808
v -0.0888129 0.5530147 0.0641430
v -0.2485752 0.6369394 0.0012376
v -0.2489873 0.6906426 0.0100773
v -0.2457938 0.7417752 0.0165196
v -0.2189063 0.7697069 0.0713589
v -0.2542755 0.4764996 0.0093982
v -0.0235688 0.7417968 0.0039716
v -0.0276380 0.7438058 0.0494633
v -0.0218518 0.7699229 0.0019048
v -0.0262301 0.7630750 0.0516422
v -0.0478637 0.7476510 0.0949728
v -0.0499068 0.7629022 0.0932663
v -0.0855851 0.7548229 0.1182678
v -0.0833015 0.7764468 0.1153508
v -0.2362132 0.7886952 0.0183147
v -0.2281950 0.7859301 0.0592006
v -0.1219844 0.8000148 0.1208188
v -0.1579202 0.8164325 0.1136324
v -0.1928945 0.8259807 0.0921502
v -0.2196446 0.8292427 0.0612555
v -0.2259973 0.8285730 0.0213439
v -0.0903239 0.4559126 0.0170333
v -0.1087296 0.4521106 0.0462215
v -0.1387075 0.4515490 0.0671782
v -0.1049523 0.3201209 -0.0472480
v -0.1003337 0.3469077 -0.0114522
v -0.1078024 0.3165781 -0.0178886
v -0.1228257 0.3143099 0.0086070
v -0.1175890 0.3439482 0.0138210
v -0.1416950 0.3420688 0.0309336
v -0.1428282 0.3138130 0.0280224
v -0.1169881 0.3776045 0.0206767
v -0.1378147 0.3743641 0.0417633
v -0.0994580 0.3812552 -0.0027069
v -0.0881090 0.3860293 -0.0290962
v -0.0970028 0.4186703 0.0047864
v -0.1160094 0.4156892 0.0274556
v -0.1401154 0.4159701 0.0484359
v -0.1747120 0.4548109 0.0705145
v -0.1654920 0.4180007 0.0625487
v -0.1647193 0.3712966 0.0522918
v -0.1669342 0.3410319 0.0428380
v -0.1694410 0.3136402 0.0406177
v -0.1504343 0.2831378 0.0198736
v -0.1795710 0.2870694 0.0312170
v -0.1266545 0.2824466 0.0033161
v -0.1117171 0.2828354 -0.0218095
v -0.1085064 0.2851252 -0.0533065
v -0.2520091 0.2594402 -0.0179831
v -0.2554259 0.2956023 -0.0145346
v -0.2354234 0.2566751 0.0041782
v -0.2374837 0.2934421 0.0111638
v -0.2102357 0.2904826 0.0270245
v -0.2111285 0.2542556 0.0197968
v -0.1838633 0.2512097 0.0239244
v -0.1533531 0.2504320 0.0184623
v -0.1338486 0.2490495 -0.0027778
v -0.1211260 0.2494383 -0.0262795
v -0.1181041 0.2506265 -0.0555799
v -0.2476481 0.1949575 -0.0250808
v -0.2514769 0.2269504 -0.0210300
v -0.2371060 0.1939638 -0.0032266
v -0.2373120 0.2253734 0.0014383
v -0.1669514 0.1875047 0.0052057
v -0.1490436 0.1858413 -0.0122671
v -0.1446138 0.2175750 -0.0099110
v -0.1617318 0.2195192 0.0097230
v -0.1313933 0.2172078 -0.0316707
v -0.1251265 0.2180287 -0.0589870
v -0.1378491 0.1847180 -0.0351960
v -0.1347414 0.1864894 -0.0620812
v -0.2139100 0.2230188 0.0183206
v -0.1865933 0.2201241 0.0188402
v -0.2145968 0.1923004 0.0117602
v -0.1894778 0.1893409 0.0129235
v -0.2340155 0.4638190 0.0424837
v -0.2551683 0.4648991 0.0114768
v -0.2084673 0.4590881 0.0605115
v -0.1861469 0.4447659 0.0685422
v -0.1797770 0.4286722 0.0641844
v -0.1804810 0.4015398 0.0590352
v -0.1819060 0.3671922 0.0534433
v -0.1842411 0.3405350 0.0490382
v -0.1862327 0.3153900 0.0451763
v -0.1892031 0.3067059 0.0393599
v -0.2024923 0.3028391 0.0328173
v -0.2177731 0.3029471 0.0267647
v -0.2388573 0.3085637 0.0095104
v -0.2524555 0.3114800 -0.0102712
v -0.2596324 0.3212442 -0.0190932
v -0.2612807 0.3394981 -0.0248387
v -0.2612463 0.3684883 -0.0213548
v -0.2618301 0.4066163 -0.0170028
v -0.2601990 0.4378747 -0.0128103
v -0.2590143 0.4530827 -0.0050925
v -0.0694114 0.5129425 -0.0097338
v -0.0744592 0.4870631 -0.0120072
v -0.2493135 0.5621957 -0.0134658
v -0.2166399 0.5702101 0.0549018
v -0.2325732 0.5836899 0.0400567
v -0.1618005 0.5583721 0.0806946
v -0.1208856 0.5606403 0.0813028
v -0.2439395 0.5844892 -0.0064743
v -0.0898946 0.7334583 0.1163546
v -0.0885211 0.7115536 0.1095521
v -0.0900835 0.6780053 0.1020646
v -0.0953717 0.6463364 0.0958999
v -0.0989429 0.6074740 0.0909161
v -0.2384109 0.6028727 0.0383325
v -0.2416559 0.6342824 0.0481347
v -0.2372434 0.6738361 0.0519198
v -0.2338610 0.7106031 0.0554450
v -0.2298433 0.7491847 0.0616039
v -0.2516657 0.4831746 -0.0247737
v -0.2595809 0.4541196 -0.0306492
v -0.2633238 0.4135506 -0.0358751
v -0.2604394 0.3747530 -0.0405872
v -0.2611605 0.3385044 -0.0453761
v -0.1302945 0.7592514 0.1217399
v -0.1674493 0.7670282 0.1107213
v -0.2014449 0.7719103 0.0901307
v -0.0792667 0.4610539 -0.0144106
v -0.0990803 0.3513361 -0.0415438
v -0.0846923 0.4234228 -0.0227247
v -0.2601475 0.3002900 -0.0441184
v -0.2584820 0.2626157 -0.0448860
v -0.2535716 0.1967721 -0.0494151
v -0.2559753 0.2297155 -0.0472008
v -0.2147685 1.2807728 -0.0607762
v -0.2237481 1.2851797 -0.0318774
v -0.2165198 1.2915740 -0.0312751
v -0.2282122 1.3011870 -0.0074250
v -0.2204687 1.3092446 -0.0072656
v -0.2421367 1.4830347 -0.0603924
v -0.2437334 1.4838124 -0.0297989
v -0.2592547 1.4758843 -0.0289722
v -0.2580871 1.4757547 -0.0613963
v -0.2622765 1.4614108 -0.0299406
v -0.2250358 1.3314517 0.0093628
v -0.2331913 1.3219683 0.0100300
v -0.2312855 1.3516714 0.0226017
v -0.2396299 1.3438082 0.0247924
v -0.2379473 1.3779397 0.0315300
v -0.2468926 1.3680459 0.0318429
v -0.2450040 1.4077508 0.0289023
v -0.2529363 1.3940982 0.0262037
v -0.2508073 1.4353585 0.0160059
v -0.2556147 1.4242550 0.0115417
v -0.2332429 1.4130434 0.0246035
v -0.2370030 1.4416448 0.0130475
v -0.2113002 1.2829979 -0.0610715
v -0.2099953 1.2919196 -0.0316707
v -0.2065958 1.2804272 -0.0602153
v -0.2079865 1.2893489 -0.0305901
v -0.2404025 1.4664009 -0.0035927
v -0.2561642 1.4596826 -0.0025593
v -0.2295171 1.3826922 0.0291208
v -0.2235593 1.3544365 0.0224127
v -0.2190265 1.3335687 0.0096580
v -0.2147513 1.3117289 -0.0084111
v -0.2586022 1.4457276 -0.0055886
v -0.3464414 1.3820658 -0.0510095
v -0.2748789 1.4319454 -0.0045316
v -0.2819012 1.4490975 -0.0305783
v -0.3093210 1.4211010 -0.0297752
v -0.3042216 1.4054394 -0.0036754
v -0.3433166 1.3817849 -0.0265452
v -0.3352297 1.3715239 -0.0048977
v -0.3221294 1.3567047 0.0137738
v -0.2978002 1.3830811 0.0148367
v -0.2708269 1.4092846 0.0127463
v -0.2693160 1.3811801 0.0298943
v -0.3073293 1.3401574 0.0273138
v -0.2863997 1.3623213 0.0250700
v -0.2603020 1.3516930 0.0319315
v -0.2918767 1.3187064 0.0320437
v -0.2741406 1.3383860 0.0311698
v -0.2495367 1.3315165 0.0270186
v -0.2806135 1.2995236 0.0282232
v -0.2623280 1.3181663 0.0301600
v -0.2426174 1.3119233 0.0110516
v -0.2706209 1.2811401 0.0118901
v -0.2535372 1.3002149 0.0118665
v -0.2365051 1.2932373 -0.0076612
v -0.2641823 1.2651976 -0.0063208
v -0.2469098 1.2834299 -0.0069054
v -0.2328308 1.2774029 -0.0333064
v -0.2424972 1.2682003 -0.0306905
v -0.2604737 1.2527115 -0.0298343
v -0.4815140 1.2056618 0.0009541
v -0.4591593 1.2351705 -0.0036754
v -0.4635203 1.2328158 -0.0265511
v -0.4891544 1.2066771 -0.0199553
v -0.4364955 1.2639231 -0.0085528
v -0.4398951 1.2608988 -0.0332178
v -0.4757794 1.2031128 0.0176711
v -0.4526177 1.2326214 0.0141281
v -0.4292500 1.2607692 0.0101068
v -0.4692721 1.2002397 0.0337148
v -0.4446167 1.2265080 0.0305084
v -0.4230861 1.2514154 0.0271898
v -0.4594340 1.1917068 0.0532661
v -0.4342291 1.2160957 0.0437119
v -0.4113250 1.2399014 0.0415861
v -0.4447712 1.1759803 0.0553506
v -0.4178494 1.2010389 0.0527701
v -0.3938121 1.2224900 0.0456605
v -0.4044229 1.1862630 0.0474734
v -0.3801108 1.2098094 0.0387517
v -0.3952715 1.1714223 0.0362244
v -0.3701354 1.1954872 0.0280402
v -0.3622202 1.1818129 0.0146477
v -0.3886441 1.1590658 0.0217100
v -0.3846093 1.1491935 0.0038948
v -0.3578248 1.1707094 -0.0038879
v -0.4108786 1.1214779 -0.0066692
v -0.3832700 1.1414599 -0.0153140
v -0.4126299 1.1289522 0.0108272
v -0.3559362 1.1618525 -0.0237817
v -0.5458481 1.1494528 -0.0030317
v -0.5425688 1.1503817 0.0167499
v -0.5252791 1.1656977 0.0124156
v -0.5288675 1.1639695 -0.0093500
v -0.5355979 1.1473790 0.0328350
v -0.5179133 1.1626949 0.0297880
v -0.5273909 1.1423888 0.0465167
v -0.5103416 1.1566247 0.0423242
v -0.5170892 1.1335103 0.0567087
v -0.4998682 1.1480054 0.0522505
v -0.5047615 1.1230332 0.0618696
v -0.4864073 1.1364914 0.0567146
v -0.4498019 1.0924876 0.0238417
v -0.4659241 1.0747954 0.0298825
v -0.4488576 1.0870223 0.0069181
v -0.4755218 1.1259279 0.0562776
v -0.4921591 1.1110872 0.0620527
v -0.4811019 1.0977586 0.0567855
v -0.4650656 1.1141979 0.0510104
v -0.4555022 1.1013662 0.0392596
v -0.4718475 1.0846460 0.0455661
v -0.4320314 1.1626949 0.0500243
v -0.4232063 1.1496688 0.0394662
v -0.4165617 1.1383060 0.0264281
v -0.5054998 1.1860902 -0.0142570
v -0.5006751 1.1865870 0.0053592
v -0.5172609 1.1650064 0.0086483
v -0.5213987 1.1647040 -0.0095153
v -0.4952839 1.1838003 0.0217159
v -0.5116293 1.1623061 0.0240248
v -0.4875233 1.1791559 0.0353269
v -0.5055513 1.1579209 0.0367381
v -0.4769469 1.1701693 0.0481229
v -0.4962111 1.1504681 0.0467293
v -0.4732039 1.1288226 0.0511049
v -0.4836430 1.1399478 0.0522091
v -0.4642071 1.1579641 0.0537503
v -0.4526864 1.1458236 0.0504731
v -0.4631598 1.1179567 0.0455129
v -0.4556224 1.1084085 0.0348013
v -0.4433290 1.1339208 0.0422416
v -0.4356199 1.1229900 0.0311698
v -0.4493898 1.0980610 0.0203401
v -0.4306235 1.1130746 0.0158169
v -0.4476557 1.0939134 0.0061387
v -0.4278249 1.1066371 0.0001333
v -0.4139176 1.2927837 -0.0134185
v -0.4173000 1.2916820 -0.0372686
v -0.4060711 1.3096334 -0.0144873
v -0.4086294 1.3076676 -0.0376761
v -0.3354701 1.2043225 0.0080165
v -0.3317272 1.1933053 -0.0121017
v -0.3114843 1.2058562 -0.0175697
v -0.3200691 1.2165926 0.0066347
v -0.3296668 1.1832387 -0.0325092
v -0.3960957 1.2755019 0.0142698
v -0.3832014 1.2593650 0.0285775
v -0.3731057 1.2635990 0.0159881
v -0.3839053 1.2841428 0.0054773
v -0.3936233 1.2545261 0.0408126
v -0.4063287 1.2707710 0.0263277
v -0.3759043 1.2385404 0.0432749
v -0.3544596 1.2273073 0.0365846
v -0.3585459 1.2514802 0.0206885
v -0.3672509 1.2446971 0.0318725
v -0.3462526 1.2352353 0.0275855
v -0.3385778 1.2425585 0.0181198
v -0.3308000 1.2249742 0.0253003
v -0.3201034 1.2291219 0.0204346
v -0.4065862 1.2897162 0.0055600
v -0.3993750 1.3066091 -0.0007347
v -0.3920093 1.3221843 -0.0172922
v -0.3760245 1.3496840 -0.0467166
v -0.3704101 1.3514338 -0.0232266
v -0.3923355 1.3251655 -0.0416029
v -0.3597478 1.3461412 -0.0007937
v -0.3805229 1.3166542 0.0003341
v -0.3458577 1.3336335 0.0172341
v -0.3696374 1.3024399 0.0143584
v -0.3291517 1.3173238 0.0273257
v -0.3558332 1.2876639 0.0221942
v -0.3125317 1.2984435 0.0297821
v -0.3407240 1.2714623 0.0254833
v -0.3264905 1.2591922 0.0236173
v -0.2996889 1.2816369 0.0247865
v -0.2884772 1.2646144 0.0131065
v -0.3146950 1.2417592 0.0168444
v -0.2784158 1.2372875 -0.0269409
v -0.2952763 1.2213234 -0.0241242
v -0.2817467 1.2486503 -0.0046260
v -0.3043590 1.2316061 0.0122680
v -0.5283696 1.0985579 0.0589585
v -0.5190122 1.0876703 0.0582381
v -0.5137927 1.0925092 0.0603757
v -0.5245236 1.1032672 0.0598088
v -0.5098093 1.0960520 0.0635880
v -0.5230985 1.1084949 0.0629030
v -0.5099639 1.0770636 0.0538507
v -0.5042121 1.0807144 0.0553565
v -0.4994389 1.0824858 0.0579901
v -0.5027527 1.0679043 0.0464636
v -0.4966060 1.0701941 0.0470482
v -0.4912663 1.0707990 0.0475442
v -0.5355636 1.1129234 0.0541991
v -0.5396156 1.1085165 0.0536381
v -0.5335548 1.1171142 0.0576594
v -0.5456421 1.1206138 0.0455424
v -0.5483205 1.1156885 0.0445386
v -0.5430838 1.1256471 0.0481465
v -0.5522524 1.1247830 0.0339510
v -0.5550166 1.1199657 0.0334018
v -0.5514797 1.1301620 0.0346006
v -0.5576264 1.1254743 0.0199976
v -0.5595322 1.1208082 0.0204050
v -0.5571800 1.1325166 0.0204641
v -0.5607169 1.1243726 0.0037472
v -0.5625541 1.1198793 0.0054655
v -0.5604079 1.1315661 0.0034992
v -0.4976190 1.0585289 0.0328763
v -0.4926226 1.0615748 0.0331361
v -0.4863386 1.0611860 0.0331420
v -0.2173611 1.3536804 0.0227729
v -0.2290363 1.4933389 -0.0301059
v -0.2282294 1.4941382 -0.0598315
v -0.2124678 1.3347136 0.0113528
v -0.2242632 1.4503937 0.0149193
v -0.2247096 1.4169318 0.0281346
v -0.2220140 1.2748322 -0.0599791
v -0.2603020 1.4613676 -0.0584792
v -0.2262549 1.4760788 -0.0006461
v -0.2235077 1.3837291 0.0298471
v -0.2085188 1.3106487 -0.0073837
v -0.3120337 1.4213171 -0.0544166
v -0.2814720 1.4502425 -0.0560641
v -0.2422740 1.2578528 -0.0565247
v -0.2593062 1.2439626 -0.0535486
v -0.2322985 1.2663425 -0.0581958
v -0.4648252 1.0687468 0.0118783
v -0.3124286 1.1989867 -0.0381603
v -0.2785532 1.2285602 -0.0506492
v -0.2933877 1.2151020 -0.0453879
v -0.4919874 1.0557206 0.0162421
v -0.4970352 1.0532364 0.0166554
v -0.4859952 1.0557638 0.0162362
v 0.2401377 0.5429265 -0.0496277
v 0.2413052 0.5139362 -0.0554441
v 0.2353131 0.5661489 -0.0463682
v 0.0735076 0.4939326 -0.0466457
v 0.0765981 0.5212162 -0.0421402
v 0.0696616 0.5440714 -0.0367608
v 0.0873977 0.5033511 -0.0787273
v 0.0910033 0.5286906 -0.0712221
v 0.0840325 0.5514378 -0.0660907
v 0.1149891 0.5101343 -0.1014200
v 0.1131005 0.5377851 -0.0964776
v 0.1090828 0.5665809 -0.0919898
v 0.1471133 0.5179111 -0.1199380
v 0.1452247 0.5458428 -0.1147416
v 0.1459801 0.5692812 -0.1057011
v 0.1827400 0.5498392 -0.1141688
v 0.1866375 0.5214322 -0.1165308
v 0.1827915 0.5736881 -0.1073014
v 0.2198262 0.5506169 -0.0902833
v 0.2256466 0.5219723 -0.0960938
v 0.2176628 0.5728888 -0.0831265
v 0.2495123 0.4829154 -0.0241537
v 0.2379057 0.4869982 -0.0610302
v 0.2508686 0.4584401 -0.0656951
v 0.0854061 0.4235740 -0.0224885
v 0.0726491 0.4660657 -0.0502477
v 0.0844789 0.4291906 -0.0538497
v 0.0917588 0.4757219 -0.0809948
v 0.1024897 0.4364274 -0.0859550
v 0.1181140 0.4837795 -0.1045319
v 0.1285531 0.4451547 -0.1097460
v 0.1522985 0.4903034 -0.1150605
v 0.1562818 0.4535796 -0.1274077
v 0.1898654 0.4947102 -0.1174166
v 0.1962181 0.4588721 -0.1305669
v 0.2246851 0.4935869 -0.0998257
v 0.2291664 0.4611404 -0.1077560
v 0.2307460 0.5902570 -0.0422406
v 0.2352444 0.6424480 -0.0295331
v 0.0665540 0.5686979 -0.0299583
v 0.0634119 0.6105631 -0.0353849
v 0.0845991 0.5807520 -0.0599850
v 0.0763749 0.6219691 -0.0695628
v 0.1129631 0.5839707 -0.0759106
v 0.1032280 0.6277585 -0.0934247
v 0.1438511 0.5907754 -0.1018747
v 0.1411555 0.6329430 -0.1086831
v 0.1815382 0.5950527 -0.0942514
v 0.1873758 0.6423616 -0.0962001
v 0.2132674 0.5957656 -0.0756626
v 0.2157570 0.6443274 -0.0691377
v 0.2531522 0.3040704 -0.0717004
v 0.2509888 0.3380075 -0.0720665
v 0.2580455 0.3004412 -0.0439471
v 0.2581829 0.2646463 -0.0739502
v 0.2583717 0.2626589 -0.0448860
v 0.2354504 0.3022774 -0.1068703
v 0.2373906 0.3374243 -0.1104605
v 0.2377168 0.2663097 -0.1032033
v 0.1018030 0.3206177 -0.0504249
v 0.0997083 0.3230588 -0.0772274
v 0.1124652 0.2868750 -0.0821226
v 0.1197623 0.2524626 -0.0837406
v 0.1171525 0.3263207 -0.1094508
v 0.1274199 0.2905474 -0.1090729
v 0.1343048 0.2556814 -0.1086123
v 0.1461861 0.3301659 -0.1308149
v 0.1522642 0.2945222 -0.1290316
v 0.1589946 0.2586841 -0.1214555
v 0.1781386 0.3329310 -0.1375879
v 0.1817957 0.2956455 -0.1337201
v 0.1840621 0.2611684 -0.1235105
v 0.2093699 0.3354153 -0.1318601
v 0.2131644 0.2989291 -0.1255359
v 0.2144693 0.2653376 -0.1181311
v 0.0325927 0.7792118 -0.0451458
v 0.2363776 0.7887168 0.0182793
v 0.2209422 0.7865566 -0.0195833
v 0.2153278 0.8260239 -0.0158691
v 0.2094730 0.7852389 -0.0573986
v 0.1970937 0.8223947 -0.0539560
v 0.1810231 0.7802056 -0.0886653
v 0.1710991 0.8193056 -0.0880158
v 0.1412413 0.7725800 -0.1105196
v 0.1339271 0.8107295 -0.1137791
v 0.0957250 0.7630102 -0.1055004
v 0.0864706 0.8008573 -0.1106554
v 0.0610597 0.7552982 -0.0767728
v 0.0517882 0.7889329 -0.0873899
v 0.0409027 0.7497680 -0.0399377
v 0.0367477 0.7074492 -0.0414434
v 0.2257153 0.7467005 -0.0231912
v 0.2099022 0.7467005 -0.0579773
v 0.1807140 0.7415807 -0.0895452
v 0.1402283 0.7337607 -0.1114880
v 0.0966178 0.7250766 -0.1114939
v 0.0573511 0.7152044 -0.0855298
v 0.2311409 0.6970369 -0.0283699
v 0.2126322 0.6986355 -0.0624710
v 0.1829632 0.6934725 -0.0933362
v 0.1398163 0.6844644 -0.1098287
v 0.0976308 0.6735769 -0.1045142
v 0.0719280 0.6657568 -0.0732357
v 0.0457960 0.6579152 -0.0390047
v 0.1644545 0.4138314 -0.1339445
v 0.2013174 0.4194696 -0.1350133
v 0.1323475 0.4068107 -0.1194597
v 0.2038585 0.3734352 -0.1269235
v 0.1729019 0.3696116 -0.1318483
v 0.1400566 0.3653344 -0.1255418
v 0.2349525 0.4203553 -0.1132772
v 0.2336991 0.3766972 -0.1080749
v 0.2464733 0.4174390 -0.0705312
v 0.2522594 0.3781445 -0.0720252
v 0.1099241 0.4004596 -0.0936845
v 0.1130147 0.3609491 -0.1017389
v 0.0948150 0.3573848 -0.0696278
v 0.0899217 0.3918403 -0.0620458
v 0.0906256 0.3858133 -0.0291611
v 0.0955704 0.3523514 -0.0444195
v 0.2173366 0.1955407 -0.1097578
v 0.1888524 0.1919764 -0.1132536
v 0.1867749 0.2277065 -0.1248450
v 0.2170447 0.2312060 -0.1201446
v 0.1643687 0.2247038 -0.1183259
v 0.1709446 0.1905290 -0.1092854
v 0.2402064 0.2325022 -0.1045910
v 0.2376138 0.1962536 -0.0960879
v 0.2562942 0.2314437 -0.0742100
v 0.2495981 0.1959512 -0.0741214
v 0.2535814 0.1968153 -0.0494151
v 0.2559337 0.2297155 -0.0472008
v 0.1310941 0.2187631 -0.0827072
v 0.1411726 0.1872023 -0.0817979
v 0.1537579 0.1887360 -0.0990640
v 0.1445894 0.2225003 -0.1031207
v 0.2518473 0.5115384 -0.0226598
v 0.2506798 0.5392325 -0.0198963
v 0.2490315 0.5621741 -0.0134362
v 0.0739540 0.4872143 -0.0124737
v 0.0714473 0.5126401 -0.0078147
v 0.0701424 0.5392109 -0.0056299
v 0.2601574 0.4545301 -0.0310920
v 0.0758942 0.4586561 -0.0128635
v 0.2439665 0.5845108 -0.0064743
v 0.2485851 0.6369394 0.0012317
v 0.0632402 0.5617636 -0.0006461
v 0.0566128 0.6071283 -0.0003095
v 0.2626126 0.3386772 -0.0457718
v 0.1082072 0.2846284 -0.0536962
v 0.1181655 0.2506049 -0.0555858
v 0.0255532 0.7419264 0.0039834
v 0.0258794 0.7694692 0.0030268
v 0.2256123 0.8282490 0.0212613
v 0.0289871 0.6991971 0.0025071
v 0.2467136 0.7417968 0.0163956
v 0.2498728 0.6909019 0.0101895
v 0.0418127 0.6499224 0.0005585
v 0.2628701 0.4135074 -0.0358101
v 0.2580112 0.3749042 -0.0404691
v 0.1251020 0.2180071 -0.0589398
v 0.1347341 0.1865110 -0.0620753
v -0.1944569 1.0540788 0.0045089
v -0.1878295 1.0514002 -0.0441361
v -0.2052909 0.9990579 0.0052825
v -0.2094116 0.9473853 0.0569508
v -0.1997108 1.0031191 0.0532897
v -0.2127768 0.9482494 0.0038180
v -0.1891344 1.0577296 0.0479221
v -0.1791246 0.9468237 0.1092037
v -0.1734586 1.0059706 0.1047632
v -0.1642386 1.0650744 0.0945122
v -0.1338314 0.9472773 0.1365378
v -0.1293502 1.0054090 0.1336443
v -0.1218814 1.0693084 0.1212026
v -0.0843145 0.9468021 0.1497885
v -0.0825976 1.0089518 0.1484126
v -0.0809150 1.0730240 0.1353922
v -0.2087935 0.8517738 -0.0546351
v -0.2040032 0.8256999 -0.0593413
v -0.2229412 0.8290914 -0.0195242
v -0.2243147 0.8522923 -0.0109621
v -0.2251732 0.8325046 0.0640072
v -0.2340670 0.8321158 0.0205586
v -0.2315259 0.8494624 0.0236646
v -0.2232674 0.8541284 0.0637592
v -0.1977363 0.8289834 0.0989055
v -0.1917613 0.8514930 0.1062453
v -0.2258428 0.8775453 0.0052825
v -0.2123304 0.8796623 -0.0496926
v -0.2200910 0.8775669 0.0597261
v -0.2162966 0.9127137 0.0588522
v -0.2206061 0.9131242 0.0043731
v -0.1858550 0.8768540 0.1069303
v -0.1823868 0.9117848 0.1079401
v -0.1355999 0.9114824 0.1375180
v -0.0847609 0.9103159 0.1484480
v -0.2101155 0.9144419 -0.0491317
v -0.1605815 0.8193272 0.1228087
v -0.1451118 0.8468053 0.1294990
v -0.1193747 0.8022614 0.1336975
v -0.1082145 0.8290698 0.1369452
v -0.1367674 0.8756227 0.1364374
v -0.0965220 0.8460492 0.1399981
v -0.0757298 0.7774837 0.1276095
v -0.0654624 0.8048321 0.1278811
v -0.0386436 0.7625997 0.1022713
v -0.0308658 0.7830787 0.1012616
v -0.0503017 0.8189384 0.1273319
v -0.0636424 0.8471509 0.1397264
v -0.0848811 0.8740241 0.1445390
v -0.0766569 1.1906483 0.1288259
v -0.0765024 1.1412439 0.1320618
v -0.0367893 1.1442682 0.1408543
v -0.0392961 1.1957464 0.1414448
v -0.1058794 1.1834331 0.1137033
v -0.1174173 1.1338992 0.1129238
v -0.1838977 1.1097478 0.0447807
v -0.1543318 1.1235733 0.0849698
v -0.1908685 1.1065291 0.0004050
v -0.1908513 1.1445059 -0.0011657
v -0.1815970 1.1511593 0.0424541
v -0.1791932 1.1034616 -0.0387035
v -0.1924481 1.1570784 -0.0017858
v -0.1824383 1.1650496 0.0424955
v -0.1999512 1.1938238 -0.0489486
v -0.0928993 1.3141699 0.1455015
v -0.0937921 1.2680923 0.1476332
v -0.0440005 1.2685676 0.1554277
v -0.0452196 1.3163085 0.1504498
v -0.0438975 1.2271777 0.1567917
v -0.0904784 1.2213450 0.1455192
v -0.1984231 1.1727616 -0.0033801
v -0.1923966 1.1816617 0.0434048
v -0.2071280 1.2258167 0.0446094
v -0.2110770 1.2076060 -0.0019983
v -0.2122789 1.2710734 0.0429147
v -0.2137898 1.2532516 -0.0068995
v -0.2094974 1.3131330 0.0350552
v -0.2200567 1.3767732 0.0375530
v -0.2173611 1.3536804 0.0227729
v -0.1226712 1.2147780 0.1290385
v -0.1111505 1.1995700 0.1183033
v -0.0808635 1.2065259 0.1363606
v -0.1551044 1.1646391 0.0754864
v -0.1597058 1.1812729 0.0723214
v -0.1748494 1.1957896 0.0770631
v -0.1905423 1.2379140 0.0789704
v -0.1383470 1.1912747 0.0950377
v -0.1506403 1.2049273 0.1045683
v -0.1293330 1.2605747 0.1314831
v -0.1332305 1.3074084 0.1308867
v -0.1638265 1.2502705 0.1074086
v -0.1921906 1.2840132 0.0784684
v -0.1962254 1.3295723 0.0746538
v -0.1675523 1.2957000 0.1066882
v -0.0935002 1.3610684 0.1397560
v -0.1344667 1.3562511 0.1270721
v -0.1307924 1.4031712 0.1083416
v -0.0909763 1.4046617 0.1251471
v -0.1728577 1.3433761 0.1014328
v -0.1708832 1.3967985 0.0881703
v -0.1961395 1.3862782 0.0653240
v -0.1323892 1.1735609 0.0942229
v -0.0444469 1.4313405 0.1190886
v -0.0883150 1.4355313 0.1086250
v -0.0439318 1.4019182 0.1327881
v -0.0419573 1.4639815 0.1061627
v -0.0867183 1.4678915 0.0917074
v -0.0425583 1.4891481 0.1002813
v -0.0856709 1.4950239 0.0772697
v -0.1979423 1.4278193 0.0519198
v -0.2237481 1.4186600 0.0348427
v -0.1263111 1.4397654 0.0899595
v -0.1211946 1.4712182 0.0672195
v -0.1137259 1.4955424 0.0418636
v -0.1661959 1.4351857 0.0706385
v -0.2012046 1.4535044 0.0398678
v -0.2257398 1.4552974 0.0206590
v -0.1292471 1.5333463 -0.0387685
v -0.1148076 1.5399998 -0.0802331
v -0.1535763 1.5308188 -0.0302358
v -0.2278688 1.5024335 -0.0607467
v -0.1428797 1.4977890 0.0351202
v -0.1639982 1.4666170 0.0536854
v -0.2071452 1.5023471 -0.0016500
v -0.2068018 1.5145524 -0.0266988
v -0.2285212 1.5008349 -0.0286651
v -0.2277658 1.4894289 -0.0034451
v -0.1292128 1.5180519 0.0000920
v -0.1520998 1.5188296 0.0029028
v -0.1793821 1.5138395 0.0018399
v -0.1805668 1.5260231 -0.0294446
v -0.2024579 1.4823650 0.0214916
v -0.1763088 1.4909411 0.0297053
v -0.2290363 1.4933389 -0.0301059
v -0.2282294 1.4941382 -0.0598315
v -0.2124678 1.3347136 0.0113528
v -0.2242632 1.4503937 0.0149193
v -0.2247096 1.4169318 0.0281346
v -0.2078320 1.2850717 -0.0136606
v -0.2262549 1.4760788 -0.0006461
v -0.2235077 1.3837291 0.0298471
v -0.2085188 1.3106487 -0.0073837
v -0.2042264 1.2688484 -0.0570384
v -0.2072310 1.2400742 -0.0555267
v -0.2047758 1.2156421 -0.0520782
v 0.0307384 0.7830354 0.1013206
v 0.0412289 0.7616708 0.1013147
v 0.0780232 0.7767060 0.1261628
v 0.0654551 0.8048105 0.1278693
v 0.1222518 0.8025423 0.1325932
v 0.1082759 0.8290050 0.1372463
v 0.1450358 0.8468269 0.1294046
v 0.1609691 0.8181175 0.1206416
v 0.1917197 0.8514930 0.1062572
v 0.1978835 0.8286810 0.0982441
v 0.2230884 0.8541284 0.0636943
v 0.2251831 0.8325694 0.0639659
v 0.2314843 0.8494624 0.0236646
v 0.2341455 0.8322454 0.0212140
v 0.2242731 0.8522707 -0.0109739
v 0.2225561 0.8295451 -0.0190105
v 0.2086488 0.8517954 -0.0545938
v 0.2040989 0.8254191 -0.0589811
v 0.1815725 1.1511593 0.0424541
v 0.1908097 1.1445059 -0.0011657
v 0.1925267 1.1570784 -0.0018035
v 0.1824482 1.1651144 0.0424128
v 0.1983986 1.1727616 -0.0033801
v 0.1923721 1.1816401 0.0434107
v 0.1813836 1.1565599 -0.0382311
v 0.1810059 1.1419136 -0.0389988
v 0.1880626 1.1697805 -0.0399672
v 0.1551143 1.1645095 0.0754038
v 0.1599046 1.1812513 0.0722564
v 0.1748249 1.1959408 0.0769863
v 0.1382882 1.1912747 0.0950732
v 0.1322788 1.1735609 0.0941756
v 0.1505644 1.2049921 0.1044975
v 0.0766153 1.1906483 0.1288259
v 0.1058035 1.1834331 0.1136383
v 0.1111260 1.1995700 0.1183092
v 0.0808733 1.2065043 0.1364492
v 0.1225266 1.2147780 0.1290385
v 0.0904367 1.2213667 0.1454838
v 0.2093871 0.9473853 0.0569567
v 0.2126322 0.9483142 0.0038121
v 0.2052493 0.9990579 0.0052825
v 0.1995833 1.0030975 0.0532720
v 0.2205988 0.9130594 0.0044499
v 0.2162549 0.9126921 0.0588699
v 0.2049230 0.9488543 -0.0475669
v 0.1973169 1.0003109 -0.0462028
v 0.2094043 0.9144419 -0.0488955
v 0.1791001 0.9468021 0.1091978
v 0.1734513 1.0059706 0.1048163
v 0.1823451 0.9117848 0.1079401
v 0.1338241 0.9472773 0.1365732
v 0.1292742 1.0053874 0.1336325
v 0.1355754 0.9114824 0.1375180
v 0.0842729 0.9468021 0.1497767
v 0.0825388 1.0089518 0.1484658
v 0.0847365 0.9103159 0.1484362
v 0.0362154 0.9453331 0.1569689
v 0.0366103 1.0106151 0.1530952
v 0.0361811 0.9097326 0.1525697
v 0.2258012 0.8775453 0.0052766
v 0.2200322 0.8775669 0.0597202
v 0.2122888 0.8796623 -0.0496926
v 0.1858305 0.8768540 0.1069480
v 0.1366571 0.8756875 0.1363665
v 0.0848051 0.8740457 0.1445272
v 0.0964976 0.8460492 0.1399981
v 0.0350307 0.8727712 0.1473615
v 0.0635665 0.8471509 0.1397028
v 0.0341379 0.8395253 0.1359118
v 0.1890928 1.0577080 0.0479221
v 0.1944840 1.0540788 0.0045148
v 0.1908784 1.1065291 0.0004050
v 0.1838561 1.1097694 0.0447807
v 0.1878050 1.0514002 -0.0441361
v 0.1792031 1.1034616 -0.0387212
v 0.1642141 1.0650960 0.0945063
v 0.1542902 1.1235733 0.0849698
v 0.1218398 1.0693732 0.1212735
v 0.1173757 1.1338992 0.1129179
v 0.0808733 1.0730456 0.1352682
v 0.0764779 1.1412439 0.1320618
v 0.0379152 1.0754651 0.1455074
v 0.0503116 0.8190032 0.1272197
v 0.1292742 1.2605747 0.1314477
v 0.0937333 1.2680923 0.1475446
v 0.1637334 1.2502705 0.1073319
v 0.2071551 1.2258167 0.0446272
v 0.1904491 1.2379356 0.0789172
v 0.2109495 1.2076060 -0.0019924
v 0.2048200 1.2156205 -0.0521019
v 0.1427694 1.4977890 0.0351084
v 0.1520925 1.5188944 0.0029677
v 0.1291197 1.5180735 0.0000861
v 0.1136843 1.4955640 0.0418873
v 0.1211702 1.4712831 0.0672845
v 0.0856293 1.4950239 0.0772697
v 0.0866938 1.4678915 0.0917133
v 0.2137310 1.2532300 -0.0069290
v 0.2072581 1.2400742 -0.0555504
v 0.2078590 1.2850285 -0.0135721
v 0.2079964 1.2893705 -0.0305252
v 0.1307679 1.4031928 0.1083711
v 0.1262867 1.4398302 0.0899654
v 0.0882390 1.4356177 0.1086487
v 0.0909518 1.4046401 0.1251235
v 0.0934414 1.3611548 0.1396319
v 0.1344079 1.3562079 0.1270485
v 0.0928920 1.3141267 0.1455015
v 0.1331888 1.3074084 0.1308749
v 0.1805767 1.5260447 -0.0293914
v 0.1535347 1.5309053 -0.0302181
v 0.1792890 1.5137531 0.0017690
v 0.1946900 1.5213787 -0.0561999
v 0.2280847 1.5005109 -0.0287301
v 0.2067430 1.5144875 -0.0267106
v 0.2067945 1.5018718 -0.0019983
v 0.2264021 1.4888457 -0.0038525
v 0.2279989 1.5025415 -0.0607585
v 0.2280847 1.4935766 -0.0300173
v 0.2245993 1.4764676 -0.0003272
v 0.2284453 1.4940950 -0.0597370
v 0.2021416 1.4820842 0.0211077
v 0.2247367 1.4551030 0.0204759
v 0.2235520 1.4505449 0.0148485
v 0.1762328 1.4908979 0.0296581
v 0.1640253 1.4665738 0.0536086
v 0.1661371 1.4351641 0.0706444
v 0.1708587 1.3967985 0.0881703
v 0.2011114 1.4534612 0.0397969
v 0.2236893 1.4186384 0.0348190
v 0.1979007 1.4278193 0.0519021
v 0.1959777 1.3862350 0.0652709
v 0.2199464 1.3767732 0.0375648
v 0.1960807 1.3295075 0.0745889
v 0.2095073 1.3131330 0.0350670
v 0.1728161 1.3433761 0.1014328
v 0.1920802 1.2840348 0.0784094
v 0.2123059 1.2710734 0.0429265
v 0.1674592 1.2957216 0.1066055
v 0.2246508 1.4170614 0.0279929
v 0.2234661 1.3837291 0.0298353
v 0.2123403 1.3346920 0.0113764
v 0.2085115 1.3106487 -0.0072892
v -0.0341624 0.8395253 0.1359177
v -0.0350552 0.8727712 0.1473911
v -0.0362056 0.9097326 0.1525697
v -0.0362399 0.9453115 0.1570397
v -0.0000122 0.9080477 0.1517312
v 0.0000221 0.8722743 0.1462691
v -0.0367035 1.0105719 0.1531189
v 0.0000221 0.9439506 0.1557879
v -0.0379397 1.0754867 0.1455723
v -0.0000294 1.0110472 0.1552860
v -0.0000122 1.0774525 0.1484185
v 0.0367820 1.1442898 0.1407539
v -0.0000294 1.1439226 0.1423128
v 0.0393059 1.1956816 0.1414389
v 0.0404391 1.2125529 0.1469895
v -0.0404808 1.2125529 0.1470072
v -0.0000294 1.1948607 0.1411023
v -0.0000294 1.2116672 0.1474206
v 0.0438559 1.2271777 0.1567917
v -0.0000294 1.2257735 0.1566087
v 0.0439761 1.2685676 0.1553982
v 0.0000221 1.2699285 0.1565378
v 0.0451951 1.3163301 0.1504793
v 0.0439245 1.3605283 0.1431513
v -0.0000122 1.3160277 0.1515481
v -0.0439662 1.3605067 0.1431572
v -0.0000294 1.3570936 0.1423128
v 0.0439074 1.4019182 0.1328176
v -0.0000122 1.4017454 0.1328531
v 0.0444053 1.4313405 0.1191122
v -0.0000122 1.4279921 0.1200984
v 0.0419329 1.4640031 0.1061981
v -0.0000122 1.4610004 0.1094872
v 0.0425166 1.4891481 0.1002754
v -0.0270027 0.8140779 0.1197559
v 0.0268409 0.8141643 0.1196732
v -0.0000122 0.8363930 0.1327350
v -0.0000122 0.8145963 0.1165377
v -0.0208904 0.7957160 0.1023599
v 0.0153201 0.7807024 0.0552266
v 0.0217415 0.7661209 0.0532366
v 0.0208316 0.7957160 0.1023717
v -0.0196198 0.7651272 0.0531244
v -0.0138509 0.7799895 0.0553092
v -0.0000122 0.7893001 0.0532720
v 0.0001080 0.7993451 0.0979371
v -0.0448590 1.5189592 0.1030094
v -0.0845377 1.5234741 0.0810843
v -0.0851215 1.5092382 0.0792007
v -0.0435541 1.5041833 0.1010549
v -0.1120261 1.5326334 0.0491563
v -0.1112020 1.5143579 0.0445976
v -0.1286119 1.5440610 0.0059852
v -0.1285775 1.5312077 0.0031508
v -0.1291098 1.5537172 -0.0328990
v -0.1287836 1.5435858 -0.0356684
v -0.1171426 1.5642375 -0.0752434
v -0.1158034 1.5522267 -0.0776703
v -0.0000122 1.4875927 0.1070130
v -0.0000122 1.5022823 0.1081172
v -0.0000122 1.5164534 0.1112823
v 0.0435296 1.5041833 0.1010608
v 0.0448517 1.5189808 0.1030803
v 0.1285359 1.5312077 0.0031213
v 0.1125854 1.5141851 0.0453948
v 0.0850799 1.5092814 0.0792066
v 0.1120703 1.5326766 0.0492153
v 0.1286561 1.5441474 0.0060324
v 0.0845133 1.5235389 0.0811493
v 0.1292055 1.5332599 -0.0387862
v 0.1288449 1.5436074 -0.0357097
v 0.1291540 1.5537820 -0.0328990
v -0.0218518 0.7699229 0.0019048
v -0.0262301 0.7630750 0.0516422
v -0.0499068 0.7629022 0.0932663
v -0.0833015 0.7764468 0.1153508
v -0.1219844 0.8000148 0.1208188
v -0.1579202 0.8164325 0.1136324
v -0.1928945 0.8259807 0.0921502
v -0.2196446 0.8292427 0.0612555
v -0.2155411 0.8268664 -0.0165895
v -0.1973071 0.8231076 -0.0540918
v -0.2259973 0.8285730 0.0213439
v -0.1973586 1.0003109 -0.0462028
v -0.2049647 0.9488543 -0.0475669
v -0.1809274 1.1419784 -0.0390165
v -0.1813566 1.1565599 -0.0382429
v -0.1880184 1.1698021 -0.0400558
v -0.1548984 1.5294147 -0.0677795
v -0.1947488 1.5214219 -0.0562117
v -0.2065958 1.2804272 -0.0602153
v -0.2079865 1.2893489 -0.0305901
v 0.0272186 0.7628157 0.0512525
v 0.0258794 0.7694692 0.0030268
v 0.0208831 0.7718239 0.0020525
v 0.0484573 0.7629022 0.0944059
v 0.0813369 0.7759067 0.1156578
v 0.1221145 0.7996908 0.1200629
v 0.1581876 0.8161949 0.1130774
v 0.1925438 0.8256351 0.0917428
v 0.2191222 0.8288322 0.0619759
v 0.2256123 0.8282490 0.0212613
v 0.2153278 0.8260239 -0.0158691
v 0.1970937 0.8223947 -0.0539560
v 0.2000984 1.1939966 -0.0488246
v 0.1146973 1.5396758 -0.0802272
v 0.1548567 1.5295011 -0.0677854
v 0.2042878 1.2688268 -0.0570620
v 0.2066572 1.2804488 -0.0601917
v 0.2170275 1.3538748 0.0227021
v 0.0123155 0.7880904 0.0026193
v -0.0102796 0.7861246 0.0025603
v -0.0168727 0.7714782 0.0008478
v -0.0000637 0.7907042 0.0024835
v 0.1171182 1.5650368 -0.0750367
v 0.1161910 1.5523131 -0.0779183
v -0.1973586 1.0003109 -0.0462028
v -0.0463871 0.9976754 -0.1599440
v -0.0926246 0.9965305 -0.1461264
v -0.0875767 1.0461940 -0.1353971
v -0.0448762 1.0483543 -0.1516476
v -0.0464901 0.9462620 -0.1651049
v -0.0964705 0.9468237 -0.1540154
v -0.1389994 0.9954719 -0.1223531
v -0.1308954 1.0424352 -0.1123501
v -0.1439442 0.9472989 -0.1278565
v -0.1687885 1.0453299 -0.0786033
v -0.1781802 0.9969193 -0.0841008
v -0.1821807 0.9491351 -0.0886240
v -0.1849279 0.8487711 -0.0978357
v -0.1775106 0.8232156 -0.0931649
v -0.1416435 0.8446019 -0.1275613
v -0.1365442 0.8146395 -0.1238057
v -0.0840055 0.8013974 -0.1223826
v -0.0439490 0.7867726 -0.0954974
v -0.0945476 0.8374083 -0.1426720
v -0.0326858 0.8006845 -0.1044079
v -0.0432622 0.8352697 -0.1444553
v -0.0455114 0.9114392 -0.1675968
v -0.0978441 0.9111152 -0.1583202
v -0.0972775 0.8760763 -0.1570093
v -0.0443439 0.8750610 -0.1612785
v -0.1450774 0.9126921 -0.1297874
v -0.1447684 0.8768756 -0.1296634
v -0.1832624 0.9142043 -0.0911100
v -0.1838633 0.8791222 -0.0931354
v -0.2049647 0.9488543 -0.0475669
v -0.1809274 1.1419784 -0.0390165
v -0.1607704 1.0963976 -0.0746411
v -0.1595170 1.1335535 -0.0746647
v -0.1256244 1.0933301 -0.1066873
v -0.1273413 1.1316093 -0.1104900
v -0.0853619 1.0985579 -0.1315176
v -0.0851558 1.1370963 -0.1274195
v -0.1280109 1.1442898 -0.1119604
v -0.0851558 1.1502304 -0.1312578
v -0.1594998 1.1459748 -0.0749599
v -0.1813566 1.1565599 -0.0382429
v -0.1700419 1.1590442 -0.0878150
v -0.1392570 1.1594330 -0.1291497
v -0.0911480 1.1637967 -0.1493919
v -0.1560144 1.1919444 -0.1516712
v -0.1055875 1.1950767 -0.1750902
v -0.0492544 1.2394477 -0.2109628
v -0.0976552 1.2399230 -0.1978007
v -0.1015012 1.2818097 -0.2041780
v -0.0521904 1.2880744 -0.2149368
v -0.1344667 1.2372443 -0.1825128
v -0.1409911 1.2756531 -0.1832213
v -0.1824898 1.1755483 -0.1002981
v -0.1944741 1.1981442 -0.1120549
v -0.1880184 1.1698021 -0.0400558
v -0.1950922 1.1836059 -0.0751961
v -0.1697672 1.2355809 -0.1561589
v -0.1992129 1.2132226 -0.1049925
v -0.1776308 1.2521066 -0.1482109
v -0.2022691 1.1888769 -0.0488778
v -0.1988523 1.4754307 -0.1365899
v -0.1944398 1.4454036 -0.1553204
v -0.2233532 1.4508905 -0.1482168
v -0.2277486 1.4758411 -0.1253764
v -0.1934611 1.4145339 -0.1675968
v -0.2172065 1.4177527 -0.1636582
v -0.1914008 1.3736841 -0.1744702
v -0.2095146 1.3804024 -0.1692266
v -0.1633973 1.4377996 -0.1649160
v -0.1648910 1.4062171 -0.1718425
v -0.1279423 1.4308868 -0.1704844
v -0.1259678 1.4678267 -0.1566491
v -0.0884867 1.4620373 -0.1637291
v -0.0900835 1.4245358 -0.1774227
v -0.1626590 1.4737673 -0.1472956
v -0.1335910 1.3931261 -0.1772101
v -0.1023769 1.3847877 -0.1856778
v -0.1225339 1.4974002 -0.1325687
v -0.1624015 1.4995388 -0.1217508
v -0.0880918 1.4953480 -0.1436109
v -0.2292252 1.4927125 -0.0949246
v -0.2019772 1.5004677 -0.1072069
v -0.1989897 1.5104911 -0.0897932
v -0.1584010 1.5173606 -0.0995423
v -0.1548984 1.5294147 -0.0677795
v -0.1184303 1.5227612 -0.1108621
v -0.0947364 1.5329575 -0.1122556
v -0.1947488 1.5214219 -0.0562117
v -0.2264437 1.4850869 -0.0904014
v -0.1505545 1.2918116 -0.1726279
v -0.1496789 1.3543933 -0.1763539
v -0.1102577 1.3378676 -0.1847330
v -0.1066177 1.3145371 -0.1965724
v -0.0587663 1.3400062 -0.2041190
v -0.1311358 1.3151852 -0.1795130
v -0.1523745 1.3236965 -0.1798496
v -0.1846703 1.3332879 -0.1646562
v -0.2048617 1.3306092 -0.1530884
v -0.1807900 1.2921788 -0.1623710
v -0.2243662 1.4689068 -0.1181960
v -0.2222200 1.4462460 -0.1409419
v -0.2173782 1.4146204 -0.1573517
v -0.2096004 1.3788254 -0.1627548
v -0.2034194 1.3033904 -0.1205167
v -0.2017711 1.2964129 -0.1310511
v -0.1745060 1.2556710 -0.1455182
v -0.1883102 1.2175431 -0.0991762
v -0.1966031 1.2310445 -0.0914052
v -0.1918300 1.2526899 -0.1205167
v -0.2013076 1.2560815 -0.0912871
v 0.0208831 0.7718239 0.0020525
v 0.0245230 0.7796007 -0.0487656
v 0.1848862 0.8488143 -0.0978239
v 0.1761126 0.8223299 -0.0932476
v 0.1416019 0.8446019 -0.1275140
v 0.1359359 0.8145963 -0.1239651
v 0.0942827 0.8376027 -0.1419103
v 0.0836205 0.8017214 -0.1225243
v 0.0425166 1.1375067 -0.1384382
v 0.0430832 1.1504897 -0.1377414
v 0.0850970 1.1503385 -0.1311338
v 0.0851314 1.1370963 -0.1274195
v 0.0440276 1.1656113 -0.1553736
v 0.0911064 1.1638615 -0.1493387
v 0.1279693 1.1442898 -0.1119604
v 0.1272997 1.1316093 -0.1104900
v 0.1391638 1.1595626 -0.1291497
v 0.1595440 1.1459532 -0.0750013
v 0.1594753 1.1333591 -0.0746588
v 0.1699659 1.1590874 -0.0877973
v 0.0963259 0.9467589 -0.1536966
v 0.0927890 0.9966169 -0.1466461
v 0.1389921 0.9954719 -0.1224003
v 0.1426836 0.9469101 -0.1262858
v 0.1450701 0.9126057 -0.1297284
v 0.0966521 0.9098406 -0.1543402
v 0.1821048 0.9492215 -0.0885886
v 0.1781386 0.9969193 -0.0841008
v 0.1843883 0.9144419 -0.0921729
v 0.0972530 0.8760115 -0.1560940
v 0.1438854 0.8770916 -0.1286537
v 0.1836500 0.8790142 -0.0928874
v 0.0875179 1.0461940 -0.1353971
v 0.0853374 1.0985795 -0.1315176
v 0.1255484 1.0933085 -0.1067109
v 0.1308709 1.0424352 -0.1123501
v 0.1687469 1.0453299 -0.0786033
v 0.1607459 1.0963976 -0.0746411
v 0.0411431 1.0987523 -0.1366844
v 0.2000984 1.1939966 -0.0488246
v 0.1950162 1.1836491 -0.0751843
v 0.1825512 1.1755699 -0.1002449
v 0.2021931 1.1888985 -0.0489132
v 0.1559899 1.1919444 -0.1516889
v 0.1055459 1.1950983 -0.1750548
v 0.0462081 1.1974530 -0.1899648
v 0.1023524 1.3847661 -0.1855125
v 0.1101645 1.3378244 -0.1846267
v 0.0656268 1.3777453 -0.1846326
v 0.0900590 1.4245142 -0.1773282
v 0.0450749 1.4157005 -0.1750135
v 0.1310941 1.3151852 -0.1795130
v 0.1066104 1.3145587 -0.1966197
v 0.1496200 1.3543933 -0.1763066
v 0.1335322 1.3931693 -0.1771392
v 0.1523500 1.3236965 -0.1798496
v 0.1504957 1.2918548 -0.1725393
v 0.1744472 1.2556710 -0.1454651
v 0.1776063 1.2521283 -0.1482168
v 0.1807655 1.2922004 -0.1624064
v 0.1410181 1.2757179 -0.1833985
v 0.1702578 1.2354297 -0.1566136
v 0.1848004 1.3331583 -0.1652171
v 0.1882343 1.2175863 -0.0991762
v 0.1991541 1.2133306 -0.1048626
v 0.1918055 1.2526899 -0.1205226
v 0.1965615 1.2310445 -0.0914052
v 0.2016780 1.2963264 -0.1309743
v 0.0975449 1.2400742 -0.1978479
v 0.1345280 1.2371363 -0.1823592
v 0.1014767 1.2817881 -0.2042016
v 0.1943638 1.1981874 -0.1120312
v 0.0422934 1.4550814 -0.1647625
v 0.0884279 1.4619725 -0.1636700
v 0.0424651 1.4936846 -0.1513346
v 0.0879815 1.4953048 -0.1436227
v 0.0946261 1.5328279 -0.1121552
v 0.1146973 1.5396758 -0.0802272
v 0.1183887 1.5227828 -0.1108798
v 0.1224922 1.4974002 -0.1325687
v 0.1583937 1.5173822 -0.0995186
v 0.1548567 1.5295011 -0.0677854
v 0.2042878 1.2688268 -0.0570620
v 0.2013346 1.2560815 -0.0912989
v 0.2066572 1.2804488 -0.0601917
v 0.2034980 1.3032824 -0.1204399
v 0.2073439 1.3343464 -0.1475200
v 0.2051119 1.3300908 -0.1540686
v 0.2134735 1.3782422 -0.1621170
v 0.2094901 1.3803808 -0.1698584
v 0.2214573 1.4139723 -0.1578182
v 0.2170447 1.4180767 -0.1645381
v 0.2242731 1.4461812 -0.1406880
v 0.2233974 1.4513226 -0.1488959
v 0.2277241 1.4758627 -0.1253882
v 0.2243761 1.4689068 -0.1181724
v 0.2292179 1.4927341 -0.0948951
v 0.2264193 1.4851733 -0.0903423
v 0.1989481 1.5105127 -0.0897991
v 0.2019871 1.5004677 -0.1071774
v 0.1989652 1.4754523 -0.1365250
v 0.1944840 1.4453820 -0.1551433
v 0.1934023 1.4145123 -0.1675378
v 0.1914450 1.3737057 -0.1745765
v 0.1623770 1.4995388 -0.1217626
v 0.1625487 1.4737025 -0.1472838
v 0.1633900 1.4377780 -0.1648510
v 0.1649524 1.4061955 -0.1717539
v 0.1278834 1.4308868 -0.1704548
v 0.1258918 1.4678051 -0.1566136
v 0.0123155 0.7880904 0.0026193
v 0.0137062 0.7913523 -0.0536194
v -0.0244101 0.7791254 -0.0493679
v -0.0136277 0.7912659 -0.0536313
v -0.0102796 0.7861246 0.0025603
v -0.0168727 0.7714782 0.0008478
v 0.0517195 1.5306460 -0.1308031
v -0.0517440 1.5307540 -0.1306673
v -0.0427128 1.4935982 -0.1513996
v -0.0432279 1.4547573 -0.1649101
v -0.0000466 1.4900338 -0.1521022
v -0.0000122 1.5289827 -0.1362474
v -0.0433996 1.4154196 -0.1750371
v -0.0003213 1.4501561 -0.1659789
v -0.0656684 1.3776805 -0.1847862
v -0.0000294 1.4107104 -0.1750076
v -0.0000122 1.3781126 -0.1858845
v 0.0587418 1.3400062 -0.2041662
v 0.0002968 1.3421016 -0.2069415
v 0.0521659 1.2880960 -0.2150313
v -0.0000981 1.2897378 -0.2178480
v 0.0491784 1.2393829 -0.2109510
v -0.0015747 1.2395341 -0.2134075
v -0.0462497 1.1974314 -0.1900179
v -0.0439833 1.1655464 -0.1554799
v -0.0006990 1.1994404 -0.1926102
v -0.0430905 1.1504681 -0.1378772
v -0.0000122 1.1678795 -0.1540863
v -0.0425754 1.1375283 -0.1384441
v 0.0000049 1.1507273 -0.1379304
v -0.0411847 1.0987523 -0.1366844
v -0.0001496 1.1375931 -0.1366136
v 0.0448860 1.0484191 -0.1515767
v -0.0005960 1.0978666 -0.1420815
v 0.0002625 1.0497800 -0.1570388
v 0.0466373 0.9977834 -0.1613376
v 0.0005715 0.9979994 -0.1677622
v 0.0465000 0.9462620 -0.1653352
v 0.0000736 0.9456140 -0.1700769
v 0.0451779 0.9114824 -0.1652762
v 0.0003312 0.9093870 -0.1661442
v 0.0443194 0.8753202 -0.1592650
v 0.0000221 0.8739377 -0.1573340
v 0.0432378 0.8352913 -0.1444199
v 0.0002281 0.8331959 -0.1386508
v -0.0003041 0.8075540 -0.1098641
v 0.0326442 0.8006845 -0.1044197
v -0.0000122 0.7923676 -0.0553260
v -0.0000637 0.7907042 0.0024835
v 0.0446285 0.7878527 -0.0978534
v -0.0893280 1.5728352 -0.1061971
v -0.0912682 1.5520755 -0.1075907
v -0.0476233 1.5791863 -0.1306968
v -0.0500270 1.5554454 -0.1322439
v -0.0000122 1.5809793 -0.1399499
v -0.0002698 1.5543221 -0.1394715
v 0.0475301 1.5792079 -0.1306141
v 0.0496077 1.5549486 -0.1307499
v 0.0893036 1.5727920 -0.1062208
v 0.0924284 1.5535012 -0.1101357
v 0.1171182 1.5650368 -0.0750367
v 0.1161910 1.5523131 -0.0779183
v -0.0218518 0.7699229 0.0019048
v -0.0870445 0.8012461 -0.1126631
v -0.0522762 0.7894081 -0.0890669
v -0.0304881 0.7789094 -0.0461142
v -0.1973071 0.8231076 -0.0540918
v -0.1719649 0.8197809 -0.0879213
v -0.1350333 0.8110320 -0.1142220
v -0.1878295 1.0514002 -0.0441361
v -0.2087935 0.8517738 -0.0546351
v -0.2040032 0.8256999 -0.0593413
v -0.2123304 0.8796623 -0.0496926
v -0.2101155 0.9144419 -0.0491317
v -0.1791932 1.1034616 -0.0387035
v -0.1999512 1.1938238 -0.0489486
v -0.1148076 1.5399998 -0.0802331
v -0.2278688 1.5024335 -0.0607467
v -0.2282294 1.4941382 -0.0598315
v -0.2045183 1.3345840 -0.1478034
v -0.2065958 1.2804272 -0.0602153
v -0.2042264 1.2688484 -0.0570384
v -0.2072310 1.2400742 -0.0555267
v -0.2047758 1.2156421 -0.0520782
v -0.2025953 1.2863246 -0.0878977
v 0.0258794 0.7694692 0.0030268
v 0.0325927 0.7792118 -0.0451458
v 0.1970937 0.8223947 -0.0539560
v 0.2086488 0.8517954 -0.0545938
v 0.2040989 0.8254191 -0.0589811
v 0.1710991 0.8193056 -0.0880158
v 0.1339271 0.8107295 -0.1137791
v 0.0864706 0.8008573 -0.1106554
v 0.0517882 0.7889329 -0.0873899
v 0.1813836 1.1565599 -0.0382311
v 0.1810059 1.1419136 -0.0389988
v 0.1880626 1.1697805 -0.0399672
v 0.2049230 0.9488543 -0.0475669
v 0.1973169 1.0003109 -0.0462028
v 0.2094043 0.9144419 -0.0488955
v 0.2122888 0.8796623 -0.0496926
v 0.1878050 1.0514002 -0.0441361
v 0.1792031 1.1034616 -0.0387212
v 0.2048200 1.2156205 -0.0521019
v 0.2072581 1.2400742 -0.0555504
v 0.2024506 1.2863678 -0.0878682
v 0.1946900 1.5213787 -0.0561999
v 0.2279989 1.5025415 -0.0607585
v 0.2284453 1.4940950 -0.0597370
v -0.1171426 1.5642375 -0.0752434
v -0.1158034 1.5522267 -0.0776703
v 0.2053351 0.1923436 -0.0811956
v 0.1910501 0.1910907 -0.0829139
v 0.1820876 0.1901834 -0.0809358
v 0.2154308 0.1930349 -0.0743517
v 0.2213886 0.1932509 -0.0633449
v 0.2234489 0.1930565 -0.0510035
v 0.2204443 0.1924300 -0.0388334
v 0.2152076 0.1915875 -0.0278798
v 0.2039959 0.1901834 -0.0204277
v 0.1914450 0.1888008 -0.0198785
v 0.1802161 0.1877207 -0.0237345
v 0.1712536 0.1871158 -0.0324502
v 0.1656049 0.1870294 -0.0439294
v 0.1640596 0.1875047 -0.0573691
v 0.1672360 0.1882608 -0.0671890
v 0.1735200 0.1891897 -0.0758280
v 0.1931963 0.1904642 -0.0525743
v 0.2173366 0.1955407 -0.1097578
v 0.1888524 0.1919764 -0.1132536
v 0.1709446 0.1905290 -0.1092854
v 0.2376138 0.1962536 -0.0960879
v 0.2495981 0.1959512 -0.0741214
v 0.2535814 0.1968153 -0.0494151
v 0.2476580 0.1949575 -0.0250690
v 0.2371159 0.1940070 -0.0031852
v 0.2145723 0.1923004 0.0117425
v 0.1894361 0.1894273 0.0128526
v 0.1669613 0.1875911 0.0051348
v 0.1490706 0.1858197 -0.0123084
v 0.1378589 0.1848260 -0.0352255
v 0.1347341 0.1865110 -0.0620753
v 0.1411726 0.1872023 -0.0817979
v 0.1537579 0.1887360 -0.0990640
v 0.5259242 1.0851213 0.0360650
v 0.5309205 1.0902626 0.0364311
v 0.5213399 1.0798935 0.0336912
v 0.5177343 1.0753139 0.0301364
v 0.5151246 1.0708638 0.0233162
v 0.5146782 1.0682715 0.0152087
v 0.5160346 1.0677747 0.0083471
v 0.5480557 1.0980610 0.0008242
v 0.5446218 1.0924228 -0.0073659
v 0.5481072 1.1005453 0.0099001
v 0.5465104 1.1009125 0.0173994
v 0.5444329 1.1005237 0.0237118
v 0.5411364 1.0986227 0.0291444
v 0.5365521 1.0952743 0.0338742
v 0.5186272 1.0684875 0.0012140
v 0.5222499 1.0706262 -0.0043839
v 0.5267483 1.0739529 -0.0088658
v 0.5323971 1.0790078 -0.0112514
v 0.5378913 1.0845164 -0.0114286
v 0.5310407 1.0841924 0.0134844
v 0.5189877 1.0876919 0.0582558
v 0.5281906 1.0987307 0.0586869
v 0.5097334 1.0775605 0.0534196
v 0.5026767 1.0680987 0.0463396
v 0.4975945 1.0590906 0.0327346
v 0.4969077 1.0537116 0.0165432
v 0.4996549 1.0526531 0.0029028
v 0.5626498 1.1140899 -0.0127040
v 0.5566920 1.1021222 -0.0287360
v 0.5620317 1.1197281 0.0053179
v 0.5586836 1.1206786 0.0202929
v 0.5541680 1.1200521 0.0330003
v 0.5479355 1.1157533 0.0442492
v 0.5397628 1.1085165 0.0537503
v 0.5046340 1.0543165 -0.0114581
v 0.5121027 1.0585073 -0.0227129
v 0.5212369 1.0649016 -0.0315881
v 0.5321224 1.0754219 -0.0364360
v 0.5432997 1.0863958 -0.0367726
v 0.1073831 1.5827506 -0.0689133
v 0.1154356 1.5839172 -0.0734128
v 0.1021120 1.5886265 -0.0918599
v 0.0949867 1.5871143 -0.0860731
v 0.1165172 1.5778901 -0.0499288
v 0.1252565 1.5787110 -0.0530053
v 0.1312658 1.5731593 -0.0312574
v 0.1221145 1.5727272 -0.0296985
v 0.1333090 1.5674347 -0.0088245
v 0.1240031 1.5674131 -0.0088304
v 0.0796886 1.5908947 -0.1008768
v 0.0856808 1.5927093 -0.1077797
v 0.1335150 1.5588154 -0.0110270
v 0.1312658 1.5617317 0.0136084
v 0.1314719 1.5530692 0.0114413
v 0.1156244 1.5753195 -0.0757158
v 0.1022665 1.5800288 -0.0941924
v 0.0666398 1.5959928 -0.1206997
v 0.0619869 1.5939622 -0.1128993
v -0.0620285 1.5939622 -0.1128993
v -0.0666814 1.5959928 -0.1206997
v -0.0857053 1.5927093 -0.1077797
v -0.0797303 1.5908947 -0.1008768
v -0.1023082 1.5800288 -0.0941924
v -0.1021536 1.5886265 -0.0918599
v -0.0858426 1.5841116 -0.1101357
v -0.1313075 1.5731593 -0.0312574
v -0.1252981 1.5787110 -0.0530053
v -0.1254870 1.5701133 -0.0552787
v -0.1315135 1.5645400 -0.0334954
v -0.0424381 1.5962305 -0.1217449
v -0.0456145 1.5984123 -0.1302067
v -0.0797131 1.5733753 -0.1053232
v -0.0620113 1.5764428 -0.1173398
v -0.0215600 1.5976130 -0.1271715
v -0.0231739 1.5999028 -0.1360408
v -0.1154772 1.5839172 -0.0734128
v -0.1074075 1.5827506 -0.0689133
v -0.0950111 1.5871143 -0.0860731
v -0.1165589 1.5569144 0.0322681
v -0.1221390 1.5620773 0.0120318
v -0.1313075 1.5617317 0.0136084
v -0.1252981 1.5561799 0.0353564
v -0.1240276 1.5674131 -0.0088304
v -0.1333335 1.5674347 -0.0088245
v -0.1221390 1.5727272 -0.0296985
v -0.1335567 1.5588154 -0.0110270
v -0.1315135 1.5530692 0.0114413
v -0.0000122 1.5344912 0.1203523
v -0.0000122 1.5257855 0.1183505
v 0.0231666 1.5263040 0.1163901
v 0.0231323 1.5349881 0.1183977
v 0.0455728 1.5364786 0.1125636
v 0.0456587 1.5277945 0.1105501
v -0.0456145 1.5364786 0.1125636
v -0.0424381 1.5385957 0.1040782
v -0.0620285 1.5408639 0.0952326
v -0.0666814 1.5388981 0.1030508
v -0.0797303 1.5439314 0.0832160
v -0.0857053 1.5421816 0.0901307
v -0.0231739 1.5349881 0.1183977
v -0.0215600 1.5372131 0.1095049
v 0.0667428 1.5302140 0.1010254
v 0.0666398 1.5388981 0.1030508
v 0.0796886 1.5439314 0.0832160
v 0.0619869 1.5408639 0.0952326
v 0.0856808 1.5421816 0.0901307
v 0.0423965 1.5385957 0.1040782
v 0.0215183 1.5372131 0.1095049
v 0.1156244 1.5423112 0.0536617
v 0.1154356 1.5509521 0.0557639
v 0.1021120 1.5462645 0.0742110
v 0.1022665 1.5375803 0.0721383
v -0.0424209 1.5786894 -0.1261795
v -0.0215428 1.5800720 -0.1316062
v -0.0000122 1.5980666 -0.1289903
v -0.0000122 1.5805472 -0.1334249
v 0.0215183 1.5800720 -0.1316062
v 0.0423793 1.5786894 -0.1261795
v 0.0423965 1.5962305 -0.1217449
v 0.0215183 1.5976130 -0.1271715
v 0.0231323 1.5999028 -0.1360408
v 0.0455728 1.5984123 -0.1302067
v -0.0000122 1.6004213 -0.1380012
v -0.1165589 1.5778901 -0.0499288
v -0.0949940 1.5695949 -0.0905195
v -0.1239933 1.5498936 -0.0133063
v -0.1221046 1.5552078 -0.0341626
v -0.1221046 1.5445579 0.0075559
v -0.1348959 1.5498504 -0.0133122
v -0.1328356 1.5556398 -0.0360050
v -0.1165245 1.5603707 -0.0543930
v -0.1328699 1.5643887 -0.0337847
v -0.1349302 1.5585993 -0.0110802
v -0.1156489 1.5753195 -0.0757158
v -0.1254870 1.5475174 0.0332247
v -0.1156489 1.5423112 0.0536617
v -0.1154772 1.5509521 0.0557639
v -0.1165245 1.5393949 0.0277803
v -0.1074075 1.5520755 0.0512466
v -0.1073732 1.5345560 0.0467589
v -0.1021536 1.5462645 0.0742110
v -0.0950111 1.5476902 0.0684064
v -0.0424209 1.5210762 0.0995727
v -0.0620113 1.5233445 0.0907271
v -0.0797131 1.5264120 0.0787165
v -0.0949940 1.5301924 0.0639127
v -0.0000122 1.5367379 0.1113295
v 0.0423793 1.5210762 0.0995727
v 0.0619697 1.5233445 0.0907271
v 0.0215183 1.5196937 0.1049994
v -0.0215428 1.5196937 0.1049994
v 0.0858181 1.5335191 0.0880817
v 0.1073831 1.5520755 0.0512466
v 0.0949867 1.5476902 0.0684064
v 0.1252565 1.5561799 0.0353564
v 0.1165172 1.5569144 0.0322681
v 0.1221145 1.5620773 0.0120318
v 0.1164829 1.5393949 0.0277803
v 0.1220802 1.5445579 0.0075559
v 0.1073487 1.5345560 0.0467589
v 0.0949523 1.5301924 0.0639127
v 0.0796715 1.5264120 0.0787165
v 0.1032967 1.5284210 0.0706916
v 0.0866766 1.5242950 0.0867944
v 0.1168091 1.5419224 0.0542759
v 0.1267674 1.5471933 0.0336262
v 0.1254625 1.5475174 0.0332247
v -0.0232082 1.5263040 0.1163901
v -0.0456831 1.5277945 0.1105501
v -0.1023082 1.5375803 0.0721383
v -0.0858426 1.5335191 0.0880817
v -0.0667845 1.5302140 0.1010254
v -0.0674712 1.5296955 0.1021296
v -0.0461639 1.5272545 0.1117547
v -0.1033727 1.5371483 0.0729473
v -0.0867354 1.5330439 0.0890560
v -0.1267919 1.5471933 0.0336262
v -0.1328699 1.5528099 0.0116185
v -0.1168507 1.5419224 0.0542759
v -0.1267919 1.5700053 -0.0557925
v -0.0667845 1.5874167 -0.1230735
v -0.0674712 1.5874815 -0.1242899
v -0.0456831 1.5898362 -0.1326041
v -0.0461639 1.5899442 -0.1339150
v -0.0232082 1.5913267 -0.1384441
v -0.0867354 1.5841548 -0.1112164
v -0.1033727 1.5800288 -0.0951135
v -0.1168507 1.5752763 -0.0764421
v 0.0234070 1.5914564 -0.1398199
v 0.0231666 1.5913267 -0.1384441
v 0.0456587 1.5898362 -0.1326041
v 0.0461222 1.5899442 -0.1339150
v -0.0000122 1.5918236 -0.1404045
v 0.0674468 1.5874815 -0.1242899
v 0.0667428 1.5874167 -0.1230735
v 0.0858181 1.5841116 -0.1101357
v 0.0866938 1.5841548 -0.1112164
v 0.0866766 1.5754059 -0.1134189
v 0.0674124 1.5787326 -0.1264925
v 0.1254625 1.5701133 -0.0552787
v 0.1314719 1.5645400 -0.0334954
v 0.1348886 1.5585993 -0.0110802
v 0.1328454 1.5643887 -0.0337847
v 0.1328454 1.5528099 0.0116185
v 0.1267674 1.5700053 -0.0557925
v 0.1168091 1.5752763 -0.0764421
v 0.1073487 1.5652096 -0.0733656
v 0.1164829 1.5603707 -0.0543930
v 0.1220802 1.5552078 -0.0341626
v 0.1239516 1.5498936 -0.0133063
v 0.0619697 1.5764428 -0.1173398
v 0.0796715 1.5733753 -0.1053232
v 0.0949523 1.5695949 -0.0905195
v 0.1167748 1.5665274 -0.0786505
v 0.1267159 1.5612564 -0.0580127
v -0.0461467 1.5811953 -0.1361116
v -0.0234314 1.5826858 -0.1420166
v -0.0000122 1.5832043 -0.1439947
v 0.0234070 1.5826858 -0.1420166
v 0.0461051 1.5811953 -0.1361116
v -0.0674541 1.5787326 -0.1264925
v -0.1168164 1.5665274 -0.0786505
v -0.1073732 1.5652096 -0.0733656
v -0.1267576 1.5612564 -0.0580127
v 0.0866938 1.5330439 0.0890560
v 0.1033310 1.5371483 0.0729473
v 0.0674468 1.5296955 0.1021296
v 0.1167748 1.5331735 0.0520261
v -0.0234486 1.5257423 0.1176596
v -0.0000122 1.5252455 0.1196378
v 0.0234070 1.5257423 0.1176596
v 0.0461222 1.5272545 0.1117547
v 0.0234070 1.5170150 0.1153862
v -0.0000122 1.5164966 0.1173644
v -0.1168164 1.5331735 0.0520261
v -0.1267576 1.5384444 0.0313824
v -0.1033383 1.5284210 0.0706916
v -0.0000122 1.5919532 -0.1418040
v -0.0234486 1.5914564 -0.1398199
v 0.1033310 1.5800288 -0.0951135
v 0.1032967 1.5712799 -0.0973161
v -0.0867011 1.5754059 -0.1134189
v -0.1033383 1.5712799 -0.0973161
v -0.1328356 1.5440610 0.0093805
v -0.0867011 1.5242950 0.0867944
v -0.0674541 1.5209682 0.0998621
v -0.0461467 1.5185056 0.1094872
v -0.0234314 1.5170150 0.1153862
v 0.0461051 1.5185056 0.1094872
v 0.0674124 1.5209682 0.0998621
v 0.1267159 1.5384444 0.0313824
v 0.1327939 1.5440610 0.0093805
v 0.1348543 1.5498504 -0.0133122
v 0.1327939 1.5556398 -0.0360050
v -0.0000122 1.5192400 0.1068181
v 0.1073831 1.5827506 -0.0689133
v 0.0949867 1.5871143 -0.0860731
v 0.1165172 1.5778901 -0.0499288
v 0.1221145 1.5727272 -0.0296985
v 0.1240031 1.5674131 -0.0088304
v 0.0796886 1.5908947 -0.1008768
v 0.0619869 1.5939622 -0.1128993
v -0.0620285 1.5939622 -0.1128993
v -0.0797303 1.5908947 -0.1008768
v -0.0424381 1.5962305 -0.1217449
v -0.0215600 1.5976130 -0.1271715
v -0.1074075 1.5827506 -0.0689133
v -0.0950111 1.5871143 -0.0860731
v -0.1165589 1.5569144 0.0322681
v -0.1221390 1.5620773 0.0120318
v -0.1240276 1.5674131 -0.0088304
v -0.1221390 1.5727272 -0.0296985
v -0.0424381 1.5385957 0.1040782
v -0.0620285 1.5408639 0.0952326
v -0.0797303 1.5439314 0.0832160
v -0.0215600 1.5372131 0.1095049
v 0.0796886 1.5439314 0.0832160
v 0.0619869 1.5408639 0.0952326
v 0.0423965 1.5385957 0.1040782
v 0.0215183 1.5372131 0.1095049
v -0.0000122 1.5980666 -0.1289903
v -0.0000122 1.5980666 -0.1289903
v -0.0000122 1.5980666 -0.1289903
v -0.0000122 1.5805472 -0.1334249
v 0.0423965 1.5962305 -0.1217449
v 0.0215183 1.5976130 -0.1271715
v -0.0000122 1.6004213 -0.1380012
v -0.1165589 1.5778901 -0.0499288
v -0.1074075 1.5520755 0.0512466
v -0.0950111 1.5476902 0.0684064
v -0.0000122 1.5367379 0.1113295
v 0.1073831 1.5520755 0.0512466
v 0.0949867 1.5476902 0.0684064
v 0.1165172 1.5569144 0.0322681
v 0.1221145 1.5620773 0.0120318
v -0.0000122 1.5918236 -0.1404045
v -0.0000122 1.5832043 -0.1439947
v -0.0000122 1.5919532 -0.1418040
v -0.0088202 0.9501288 0.1649642
v -0.0077213 0.9488759 0.1667770
v 0.0116802 0.9488759 0.1667770
v 0.0127791 0.9501288 0.1649642
v -0.0055236 0.9466725 0.1665999
v 0.0094653 0.9466725 0.1665999
v -0.0044248 0.9457436 0.1646099
v 0.0083665 0.9457436 0.1646099
v -0.0055236 0.9469965 0.1628030
v 0.0094653 0.9469965 0.1628030
v -0.0077213 0.9491783 0.1629801
v 0.0116802 0.9491783 0.1629801
v -0.0088202 0.9052826 0.1613504
v -0.0077213 0.9062331 0.1633403
v -0.0055236 0.9084365 0.1635175
v -0.0044248 0.9096678 0.1617047
v -0.0055236 0.9087389 0.1597147
v -0.0077213 0.9065355 0.1595375
v 0.0127791 0.9052826 0.1613504
v 0.0116802 0.9062331 0.1633403
v 0.0094653 0.9084365 0.1635175
v 0.0083665 0.9096678 0.1617047
v 0.0094653 0.9087389 0.1597147
v 0.0116802 0.9065355 0.1595375
v -0.0088202 0.9501288 0.1649642
v 0.0127791 0.9501288 0.1649642
v -0.0088202 0.9052826 0.1613504
v 0.0127791 0.9052826 0.1613504
v 0.0127791 0.9052826 0.1613504
v 0.0127791 0.9052826 0.1613504
v 0.0116802 0.9062331 0.1633403
v 0.0094653 0.9084365 0.1635175
v 0.0083665 0.9096678 0.1617047
v 0.0094653 0.9087389 0.1597147
v 0.0116802 0.9065355 0.1595375
v -0.0397768 0.9450307 0.1532901
v -0.0415109 0.9449227 0.1542880
v -0.0388153 0.9444474 0.1612323
v -0.0397768 0.9105751 0.1496763
v -0.0415109 0.9104671 0.1506742
v -0.0388153 0.9099919 0.1576184
v -0.0051631 0.9436266 0.1690386
v -0.0051631 0.9091710 0.1654248
v 0.0019794 0.9442746 0.1628089
v 0.0019794 0.9098190 0.1591951
v 0.0090189 0.9436050 0.1691331
v 0.0090189 0.9091710 0.1655134
v 0.0435125 0.9444474 0.1611201
v 0.0435125 0.9099919 0.1575062
v 0.0454870 0.9449659 0.1537684
v 0.0436327 0.9450523 0.1530421
v 0.0436327 0.9105967 0.1494283
v 0.0454870 0.9105319 0.1501546
f 1808 1807 1806
f 1807 1808 1809
f 1968 1967 1969
f 1967 1968 1970
f 1878 1876 1879
f 1876 1878 1877
f 1947 1950 1948
f 1950 1947 1949
f 1732 1734 1733
f 1734 1732 1735
f 1874 1873 1872
f 1873 1874 1875
f 1952 1954 1953
f 1952 1956 1955
f 1956 1957 1955
f 1957 1956 1958
f 1956 1952 1953
f 1954 1952 1951
f 1810 1812 1811
f 1812 1814 1811
f 1815 1816 1814
f 1816 1815 1817
f 1814 1812 1815
f 1812 1810 1813
f 1740 1745 1746
f 1740 1743 1741
f 1749 1753 1744
f 1749 1751 1750
f 1744 1745 1741
f 1748 1746 1745
f 1754 1742 1755
f 1742 1754 1753
f 1746 1748 1747
f 1745 1744 1753
f 1751 1749 1744
f 1753 1749 1742
f 1743 1740 1752
f 1745 1740 1741
f 1709 1711 1708
f 1711 1709 1710
f 1892 1898 1893
f 1904 1893 1895
f 1896 1894 1901
f 1902 1901 1903
f 1893 1905 1896
f 1897 1899 1898
f 1906 1905 1907
f 1905 1906 1894
f 1899 1897 1900
f 1905 1893 1898
f 1901 1902 1896
f 1894 1896 1905
f 1893 1904 1892
f 1898 1892 1897
f 1578 1579 1581
f 1579 1578 1580
f 1590 1591 1593
f 1591 1590 1592
f 1828 1826 1825
f 1825 1823 1828
f 1822 1828 1823
f 1825 1829 1824
f 1829 1825 1830
f 1823 1825 1824
f 1826 1828 1827
f 1990 1989 1988
f 1989 1990 1987
f 1700 1702 1705
f 1702 1704 1705
f 1699 1700 1705
f 1706 1702 1701
f 1702 1706 1707
f 1704 1702 1703
f 1702 1700 1701
f 1760 1763 1766
f 1763 1765 1766
f 1762 1760 1761
f 1760 1762 1763
f 1765 1763 1764
f 1790 1798 1791
f 1799 1791 1798
f 1804 1800 1793
f 1801 1793 1800
f 1801 1795 1794
f 1796 1802 1803
f 1790 1803 1797
f 1803 1790 1796
f 1802 1796 1795
f 1795 1801 1802
f 1793 1801 1794
f 1800 1804 1805
f 1791 1799 1792
f 1798 1790 1797
f 1738 1739 1737
f 1739 1738 1736
f 1487 1489 1486
f 1489 1487 1488
f 1380 1382 1381
f 1382 1380 1383
f 1870 1871 1868
f 1871 1870 1869
f 1582 1583 1585
f 1583 1582 1584
f 1931 1938 1932
f 1940 1931 1933
f 1940 1934 1941
f 1942 1934 1935
f 1936 1942 1935
f 1944 1936 1937
f 1932 1946 1945
f 1946 1932 1938
f 1936 1944 1943
f 1942 1936 1943
f 1934 1942 1941
f 1934 1940 1933
f 1931 1940 1939
f 1938 1931 1939
f 1450 1448 1449
f 1451 1453 1452
f 1452 1454 1455
f 1454 1452 1453
f 1453 1451 1450
f 1448 1450 1451
f 1411 1409 1410
f 1409 1411 1408
f 1694 1696 1695
f 1694 1692 1691
f 1697 1696 1691
f 1694 1698 1693
f 1698 1694 1690
f 1692 1694 1693
f 1696 1694 1691
f 1915 1922 1916
f 1915 1924 1923
f 1925 1917 1918
f 1926 1918 1919
f 1927 1919 1920
f 1928 1920 1921
f 1930 1916 1922
f 1916 1930 1929
f 1920 1928 1927
f 1919 1927 1926
f 1918 1926 1925
f 1917 1925 1924
f 1924 1915 1917
f 1922 1915 1923
f 1496 1494 1495
f 1494 1496 1497
f 1833 1834 1836
f 1837 1836 1835
f 1838 1833 1837
f 1834 1831 1836
f 1831 1834 1839
f 1836 1837 1833
f 1834 1833 1832
f 1619 1617 1618
f 1620 1617 1616
f 1622 1620 1623
f 1625 1619 1624
f 1625 1620 1616
f 1623 1626 1627
f 1628 1625 1624
f 1629 1626 1625
f 1631 1626 1630
f 1629 1633 1632
f 1629 1634 1630
f 1634 1631 1630
f 1636 1632 1633
f 1634 1637 1638
f 1634 1639 1635
f 1640 1637 1636
f 1642 1637 1641
f 1643 1638 1642
f 1638 1643 1639
f 1637 1642 1638
f 1637 1640 1641
f 1639 1634 1638
f 1637 1634 1632
f 1632 1636 1637
f 1631 1634 1635
f 1634 1629 1632
f 1633 1629 1628
f 1626 1631 1627
f 1626 1629 1630
f 1625 1628 1629
f 1626 1623 1620
f 1620 1625 1626
f 1619 1625 1616
f 1620 1622 1621
f 1617 1620 1621
f 1617 1619 1616
f 1774 1781 1775
f 1782 1776 1783
f 1784 1788 1777
f 1784 1778 1785
f 1785 1779 1786
f 1787 1779 1780
f 1787 1775 1781
f 1775 1787 1780
f 1779 1787 1786
f 1779 1785 1778
f 1778 1784 1777
f 1788 1784 1789
f 1776 1782 1774
f 1781 1774 1782
f 1666 1665 1688
f 1667 1664 1668
f 1670 1668 1669
f 1669 1672 1670
f 1674 1671 1673
f 1689 1674 1673
f 1666 1678 1664
f 1665 1676 1688
f 1678 1668 1664
f 1667 1677 1665
f 1669 1680 1682
f 1670 1679 1667
f 1669 1684 1671
f 1683 1670 1672
f 1686 1672 1674
f 1684 1673 1671
f 1675 1686 1674
f 1673 1687 1689
f 1687 1673 1685
f 1686 1675 1663
f 1673 1684 1685
f 1672 1686 1683
f 1670 1683 1681
f 1684 1669 1682
f 1679 1670 1681
f 1680 1669 1668
f 1677 1667 1679
f 1668 1678 1680
f 1676 1665 1677
f 1678 1666 1662
f 1674 1689 1675
f 1671 1674 1672
f 1672 1669 1671
f 1668 1670 1667
f 1664 1667 1665
f 1665 1666 1664
f 1562 1567 1566
f 1564 1566 1568
f 1564 1569 1565
f 1569 1564 1568
f 1566 1564 1562
f 1567 1562 1563
f 3374 3372 3373
f 3373 3376 3377
f 3376 3378 3377
f 3381 3378 3379
f 3375 3383 3382
f 3386 3380 3385
f 3387 3374 3373
f 3383 3390 3382
f 3393 3391 3392
f 3395 3393 3397
f 3398 3400 3401
f 3402 3392 3391
f 3595 3404 3405
f 3407 3402 3598
f 3408 3410 3396
f 3601 3413 3414
f 3416 3412 3415
f 3604 3416 3415
f 3419 3416 3418
f 3420 3422 3423
f 3425 3423 3422
f 3428 3426 3427
f 3430 3429 3428
f 3433 3426 3432
f 3425 3435 3424
f 3438 3437 3435
f 3437 3424 3435
f 3439 3423 3424
f 3443 3441 3442
f 3406 3445 3446
f 3446 3447 3406
f 3450 3618 3449
f 3452 3454 3453
f 3452 3455 3615
f 3614 3407 3598
f 3409 3399 3456
f 3393 3410 3394
f 3457 3596 3600
f 3458 3417 3603
f 3460 3603 3602
f 3461 3459 3458
f 3459 3620 3417
f 3464 3418 3401
f 3399 3466 3400
f 3418 3398 3401
f 3414 3419 3467
f 3467 3469 3414
f 3602 3470 3460
f 3621 3470 3411
f 3399 3604 3456
f 3414 3471 3601
f 3474 3469 3473
f 3430 3473 3431
f 3476 3605 3475
f 3477 3606 3476
f 3621 3478 3472
f 3433 3420 3479
f 3423 3479 3420
f 3611 3481 3480
f 3480 3612 3611
f 3608 3475 3605
f 3435 3484 3438
f 3486 3442 3485
f 3443 3436 3438
f 3488 3442 3487
f 3385 3488 3487
f 3490 3627 3491
f 3490 3624 3626
f 3381 3385 3380
f 3609 3493 3494
f 3493 3496 3494
f 3624 3493 3625
f 3497 3499 3441
f 3443 3484 3444
f 3487 3441 3499
f 3499 3385 3487
f 3421 3432 3500
f 3426 3500 3432
f 3469 3502 3473
f 3503 3473 3502
f 3501 3429 3504
f 3506 3504 3505
f 3507 3503 3502
f 3509 3419 3510
f 3467 3511 3468
f 3418 3510 3419
f 3401 3512 3464
f 3466 3396 3395
f 3397 3392 3513
f 3514 3515 3516
f 3513 3403 3515
f 3403 3517 3515
f 3518 3513 3514
f 3518 3395 3397
f 3519 3466 3395
f 3523 3521 3522
f 3523 3453 3454
f 3525 3453 3522
f 3628 3407 3619
f 3528 3526 3527
f 3528 3374 3388
f 3383 3527 3389
f 3389 3523 3454
f 3524 3527 3526
f 3531 3529 3530
f 3387 3377 3532
f 3378 3532 3377
f 3378 3384 3533
f 3534 3533 3384
f 3536 3384 3386
f 3535 3532 3533
f 3538 3532 3537
f 3503 3429 3431
f 3588 3540 3590
f 3389 3451 3390
f 3540 3591 3590
f 3591 3542 3592
f 3491 3592 3542
f 3543 3617 3450
f 3594 3544 3593
f 3544 3531 3530
f 3589 3544 3545
f 3547 3539 3546
f 3588 3545 3539
f 3449 3613 3448
f 3446 3548 3549
f 3551 3448 3550
f 3450 3551 3552
f 3405 3597 3595
f 3445 3553 3548
f 3556 3555 3463
f 3555 3600 3599
f 3555 3620 3463
f 3477 3622 3607
f 3557 3444 3484
f 3557 3434 3559
f 3495 3497 3558
f 3444 3497 3441
f 3501 3561 3500
f 3562 3500 3561
f 3425 3563 3564
f 3422 3562 3563
f 3434 3564 3559
f 3562 3565 3563
f 3465 3462 3461
f 3511 3568 3567
f 3507 3468 3511
f 3507 3567 3569
f 3521 3525 3522
f 3571 3628 3630
f 3515 3571 3516
f 3548 3571 3549
f 3524 3531 3552
f 3530 3572 3573
f 3521 3552 3551
f 3550 3521 3551
f 3571 3629 3549
f 3518 3553 3574
f 3553 3404 3574
f 3514 3548 3553
f 3556 3520 3554
f 3518 3575 3519
f 3556 3464 3512
f 3400 3520 3512
f 3465 3576 3510
f 3575 3520 3519
f 3457 3554 3575
f 3568 3510 3576
f 3507 3577 3508
f 3508 3578 3505
f 3505 3503 3508
f 3577 3476 3578
f 3475 3578 3476
f 3475 3580 3579
f 3578 3506 3505
f 3561 3566 3562
f 3561 3579 3580
f 3563 3581 3564
f 3559 3496 3557
f 3582 3564 3581
f 3558 3496 3495
f 3492 3495 3493
f 3583 3492 3490
f 3497 3583 3498
f 3498 3386 3499
f 3584 3498 3583
f 3491 3585 3584
f 3585 3535 3534
f 3534 3584 3585
f 3387 3572 3388
f 3572 3528 3388
f 3535 3547 3537
f 3547 3538 3537
f 3572 3546 3573
f 3541 3547 3586
f 3539 3573 3546
f 3544 3573 3545
f 3478 3567 3472
f 3584 3490 3491
f 3585 3541 3586
f 3552 3543 3450
f 3446 3629 3616
f 3575 3404 3457
f 3462 3463 3459
f 3458 3576 3461
f 3568 3460 3470
f 3568 3472 3567
f 3569 3477 3577
f 3587 3580 3483
f 3587 3565 3566
f 3623 3482 3587
f 3483 3623 3587
f 3609 3481 3610
f 3581 3481 3582
f 3494 3582 3481
f 3581 3482 3480
f 3482 3581 3565
f 3582 3494 3496
f 3481 3581 3480
f 3481 3609 3494
f 3623 3483 3608
f 3482 3623 3612
f 3565 3587 3482
f 3580 3587 3566
f 3477 3569 3478
f 3472 3568 3470
f 3460 3568 3576
f 3576 3458 3460
f 3463 3462 3556
f 3404 3575 3574
f 3629 3446 3549
f 3543 3552 3531
f 3541 3585 3542
f 3490 3584 3583
f 3567 3478 3569
f 3573 3544 3530
f 3573 3539 3545
f 3547 3541 3540
f 3546 3572 3538
f 3538 3547 3546
f 3547 3535 3586
f 3528 3572 3529
f 3572 3387 3538
f 3584 3534 3536
f 3535 3585 3586
f 3585 3491 3542
f 3498 3584 3536
f 3386 3498 3536
f 3583 3497 3560
f 3492 3583 3560
f 3495 3492 3560
f 3496 3558 3557
f 3564 3582 3559
f 3496 3559 3582
f 3581 3563 3565
f 3579 3561 3506
f 3566 3561 3580
f 3506 3578 3579
f 3580 3475 3483
f 3578 3475 3579
f 3476 3577 3477
f 3503 3505 3504
f 3578 3508 3577
f 3577 3507 3569
f 3510 3568 3509
f 3554 3457 3555
f 3520 3575 3554
f 3576 3465 3461
f 3520 3400 3466
f 3464 3556 3462
f 3575 3518 3574
f 3520 3556 3512
f 3548 3514 3516
f 3404 3553 3405
f 3553 3518 3514
f 3629 3571 3630
f 3521 3550 3570
f 3552 3521 3524
f 3572 3530 3529
f 3531 3524 3526
f 3571 3548 3516
f 3571 3515 3517
f 3628 3571 3517
f 3525 3521 3570
f 3567 3507 3511
f 3468 3507 3502
f 3568 3511 3509
f 3462 3465 3464
f 3565 3562 3566
f 3564 3434 3425
f 3562 3422 3421
f 3563 3425 3422
f 3500 3562 3421
f 3561 3501 3506
f 3497 3444 3558
f 3497 3495 3560
f 3434 3557 3484
f 3444 3557 3558
f 3622 3477 3478
f 3620 3555 3599
f 3600 3555 3457
f 3555 3556 3554
f 3553 3445 3405
f 3597 3405 3445
f 3551 3450 3449
f 3448 3551 3449
f 3548 3446 3445
f 3613 3449 3618
f 3545 3588 3589
f 3539 3547 3540
f 3544 3589 3593
f 3531 3544 3543
f 3544 3594 3543
f 3617 3543 3594
f 3592 3491 3627
f 3542 3591 3541
f 3591 3540 3541
f 3451 3389 3454
f 3540 3588 3539
f 3429 3503 3504
f 3532 3538 3387
f 3532 3535 3537
f 3384 3536 3534
f 3533 3534 3535
f 3384 3378 3380
f 3532 3378 3533
f 3377 3387 3373
f 3529 3531 3526
f 3527 3524 3523
f 3523 3389 3527
f 3527 3383 3528
f 3374 3528 3383
f 3526 3528 3529
f 3407 3628 3517
f 3453 3525 3455
f 3453 3523 3522
f 3521 3523 3524
f 3466 3519 3520
f 3395 3518 3519
f 3513 3518 3397
f 3517 3403 3407
f 3403 3513 3392
f 3515 3514 3513
f 3392 3397 3393
f 3396 3466 3408
f 3512 3401 3400
f 3510 3418 3465
f 3511 3467 3509
f 3419 3509 3467
f 3503 3507 3508
f 3504 3506 3501
f 3429 3501 3426
f 3473 3503 3431
f 3502 3469 3468
f 3500 3426 3501
f 3432 3421 3420
f 3385 3499 3386
f 3441 3487 3442
f 3484 3443 3438
f 3499 3497 3498
f 3493 3624 3492
f 3496 3493 3495
f 3493 3609 3625
f 3385 3381 3489
f 3624 3490 3492
f 3627 3490 3626
f 3488 3385 3489
f 3442 3488 3485
f 3436 3443 3486
f 3442 3486 3443
f 3484 3435 3434
f 3475 3608 3483
f 3612 3480 3482
f 3481 3611 3610
f 3479 3423 3440
f 3420 3433 3432
f 3478 3621 3622
f 3606 3477 3607
f 3605 3476 3606
f 3473 3430 3474
f 3469 3474 3471
f 3471 3414 3469
f 3604 3399 3398
f 3470 3621 3472
f 3470 3602 3411
f 3469 3467 3468
f 3419 3414 3413
f 3398 3418 3416
f 3466 3399 3408
f 3418 3464 3465
f 3620 3459 3463
f 3459 3461 3462
f 3603 3460 3458
f 3417 3458 3459
f 3596 3457 3404
f 3410 3393 3396
f 3399 3409 3408
f 3407 3614 3619
f 3455 3452 3453
f 3454 3452 3451
f 3618 3450 3617
f 3447 3446 3616
f 3445 3406 3597
f 3441 3443 3444
f 3423 3439 3440
f 3424 3437 3439
f 3437 3438 3436
f 3435 3425 3434
f 3426 3433 3427
f 3429 3430 3431
f 3426 3428 3429
f 3423 3425 3424
f 3422 3420 3421
f 3416 3419 3413
f 3416 3604 3398
f 3412 3416 3413
f 3413 3601 3412
f 3410 3408 3409
f 3402 3407 3403
f 3404 3595 3596
f 3392 3402 3403
f 3400 3398 3399
f 3393 3395 3396
f 3391 3393 3394
f 3390 3383 3389
f 3374 3387 3388
f 3380 3386 3384
f 3383 3375 3374
f 3378 3381 3380
f 3378 3376 3379
f 3376 3373 3372
f 3372 3374 3375
f 1991 1993 1992
f 1996 1994 1997
f 1997 1994 1993
f 1994 1996 1995
f 1993 1991 1997
f 3300 3318 3317
f 3319 3301 3302
f 3317 3303 3300
f 3303 3321 3304
f 3321 3305 3304
f 3305 3323 3306
f 3324 3306 3323
f 3308 3324 3325
f 3326 3308 3325
f 3309 3327 3310
f 3328 3310 3327
f 3311 3329 3312
f 3329 3313 3312
f 3330 3314 3313
f 3332 3314 3331
f 3332 3302 3315
f 3300 3316 3301
f 3301 3316 3302
f 3303 3316 3300
f 3304 3316 3303
f 3305 3316 3304
f 3306 3316 3305
f 3307 3316 3306
f 3308 3316 3307
f 3309 3316 3308
f 3310 3316 3309
f 3311 3316 3310
f 3312 3316 3311
f 3313 3316 3312
f 3314 3316 3313
f 3315 3316 3314
f 3302 3316 3315
f 3302 3332 3319
f 3314 3332 3315
f 3314 3330 3331
f 3313 3329 3330
f 3329 3311 3328
f 3310 3328 3311
f 3327 3309 3326
f 3308 3326 3309
f 3324 3308 3307
f 3306 3324 3307
f 3323 3305 3322
f 3305 3321 3322
f 3321 3303 3320
f 3303 3317 3320
f 3301 3319 3318
f 3318 3300 3301
f 1311 1295 1312
f 1312 1296 1313
f 1296 1314 1313
f 1297 1315 1314
f 1315 1299 1316
f 1318 1300 1301
f 1319 1303 1320
f 1302 1318 1301
f 1321 1304 1305
f 1323 1294 1311
f 1306 1321 1305
f 1307 1322 1324
f 1320 1307 1324
f 1316 1308 1325
f 1325 1309 1326
f 1317 1309 1300
f 1294 1310 1295
f 1295 1310 1296
f 1296 1310 1297
f 1297 1310 1298
f 1298 1310 1299
f 1300 1310 1301
f 1302 1310 1303
f 1301 1310 1302
f 1304 1310 1305
f 1306 1310 1294
f 1305 1310 1306
f 1307 1310 1304
f 1303 1310 1307
f 1299 1310 1308
f 1308 1310 1309
f 1309 1310 1300
f 1309 1317 1326
f 1309 1325 1308
f 1308 1316 1299
f 1307 1320 1303
f 1322 1307 1304
f 1321 1306 1323
f 1294 1323 1306
f 1304 1321 1322
f 1318 1302 1319
f 1303 1319 1302
f 1300 1318 1317
f 1299 1315 1298
f 1315 1297 1298
f 1314 1296 1297
f 1296 1312 1295
f 1295 1311 1294
f 1908 1911 1914
f 1912 1914 1911
f 1911 1909 1910
f 1909 1911 1908
f 1914 1912 1913
f 1773 1770 1767
f 1767 1769 1768
f 1773 1771 1770
f 1771 1773 1772
f 1769 1767 1770
f 1474 1472 1473
f 1476 1475 1477
f 1481 1479 1480
f 1483 1478 1481
f 1483 1484 1482
f 1473 1485 1474
f 1485 1473 1484
f 1484 1483 1485
f 1478 1483 1482
f 1479 1481 1478
f 1475 1476 1472
f 1472 1474 1475
f 1861 1862 1863
f 1865 1864 1861
f 1867 1860 1865
f 1860 1867 1866
f 1864 1865 1860
f 1862 1861 1864
f 1387 1388 1385
f 1388 1389 1385
f 1384 1391 1389
f 1391 1384 1390
f 1389 1388 1384
f 1388 1387 1386
f 1419 1417 1418
f 1421 1418 1420
f 1422 1421 1420
f 1431 1424 1425
f 1425 1426 1427
f 1427 1428 1429
f 1416 1428 1417
f 1428 1416 1429
f 1428 1427 1426
f 1426 1425 1424
f 1424 1431 1430
f 1421 1422 1423
f 1418 1421 1419
f 1417 1419 1416
f 1366 1368 1369
f 1369 1370 1371
f 1375 1373 1374
f 1375 1376 1377
f 1379 1376 1378
f 1379 1367 1366
f 1367 1379 1378
f 1376 1379 1377
f 1376 1375 1374
f 1373 1375 1372
f 1370 1369 1368
f 1368 1366 1367
f 1327 1348 1347
f 1349 1328 1329
f 1349 1330 1350
f 1347 1331 1327
f 1331 1352 1332
f 1332 1353 1333
f 1354 1333 1353
f 1334 1355 1335
f 1336 1355 1356
f 1336 1357 1337
f 1358 1337 1357
f 1359 1338 1358
f 1340 1359 1360
f 1341 1360 1361
f 1342 1361 1362
f 1343 1362 1363
f 1344 1363 1364
f 1345 1350 1330
f 1344 1365 1345
f 1327 1346 1328
f 1328 1346 1329
f 1329 1346 1330
f 1331 1346 1327
f 1332 1346 1331
f 1333 1346 1332
f 1334 1346 1333
f 1335 1346 1334
f 1336 1346 1335
f 1337 1346 1336
f 1338 1346 1337
f 1339 1346 1338
f 1340 1346 1339
f 1341 1346 1340
f 1342 1346 1341
f 1343 1346 1342
f 1344 1346 1343
f 1330 1346 1345
f 1345 1346 1344
f 1365 1344 1364
f 1350 1345 1365
f 1363 1344 1343
f 1362 1343 1342
f 1361 1342 1341
f 1360 1341 1340
f 1359 1340 1339
f 1338 1359 1339
f 1337 1358 1338
f 1357 1336 1356
f 1355 1336 1335
f 1355 1334 1354
f 1333 1354 1334
f 1353 1332 1352
f 1352 1331 1351
f 1331 1347 1351
f 1330 1349 1329
f 1328 1349 1348
f 1348 1327 1328
f 3333 3354 3353
f 3333 3355 3335
f 3335 3356 3336
f 3357 3336 3356
f 3337 3358 3338
f 3359 3338 3358
f 3340 3361 3360
f 3362 3340 3360
f 3363 3342 3362
f 3364 3343 3363
f 3364 3345 3344
f 3365 3346 3345
f 3334 3366 3354
f 3347 3359 3367
f 3348 3367 3368
f 3348 3369 3349
f 3369 3350 3349
f 3370 3351 3350
f 3371 3341 3351
f 3333 3352 3334
f 3335 3352 3333
f 3336 3352 3335
f 3337 3352 3336
f 3338 3352 3337
f 3339 3352 3338
f 3340 3352 3341
f 3342 3352 3340
f 3343 3352 3342
f 3344 3352 3343
f 3345 3352 3344
f 3346 3352 3345
f 3334 3352 3346
f 3347 3352 3339
f 3348 3352 3347
f 3349 3352 3348
f 3350 3352 3349
f 3351 3352 3350
f 3341 3352 3351
f 3341 3371 3361
f 3351 3370 3371
f 3350 3369 3370
f 3369 3348 3368
f 3367 3348 3347
f 3359 3347 3339
f 3366 3334 3346
f 3346 3365 3366
f 3345 3364 3365
f 3343 3364 3344
f 3342 3363 3343
f 3340 3362 3342
f 3361 3340 3341
f 3338 3359 3339
f 3358 3337 3357
f 3336 3357 3337
f 3356 3335 3355
f 3355 3333 3353
f 3354 3333 3334
f 1546 1538 1545
f 1539 1547 1540
f 1540 1548 1541
f 1549 1541 1548
f 1542 1550 1543
f 1543 1551 1544
f 1538 1553 1545
f 1553 1538 1552
f 1551 1543 1550
f 1550 1542 1549
f 1541 1549 1542
f 1548 1540 1547
f 1547 1539 1546
f 1538 1546 1539
f 1464 1469 1468
f 1470 1464 1468
f 1466 1471 1467
f 1471 1466 1470
f 1464 1470 1466
f 1469 1464 1465
f 1570 1572 1573
f 1574 1572 1575
f 1577 1575 1576
f 1575 1577 1574
f 1572 1574 1573
f 1572 1570 1571
f 1435 1433 1434
f 1435 1436 1437
f 1447 1438 1439
f 1439 1440 1441
f 1441 1442 1443
f 1443 1444 1445
f 1433 1445 1444
f 1445 1433 1432
f 1444 1443 1442
f 1442 1441 1440
f 1440 1439 1438
f 1438 1447 1446
f 1436 1435 1434
f 1433 1435 1432
f 1403 1401 1402
f 1400 1405 1401
f 1402 1406 1403
f 1406 1402 1407
f 1405 1400 1404
f 1401 1403 1400
f 1759 1756 1758
f 1756 1759 1757
f 1881 1882 1880
f 1882 1881 1883
f 2972 2970 2971
f 2970 2973 2974
f 2975 2971 2970
f 2975 2974 2977
f 2978 2968 3258
f 2977 2979 2975
f 2976 2979 2978
f 2981 3260 3259
f 2982 2983 2984
f 2985 3253 3252
f 2984 2987 2985
f 2988 2986 2985
f 2987 2988 2985
f 2974 2990 2991
f 2987 2993 2989
f 2991 2993 2992
f 2991 2977 2974
f 2983 2992 2987
f 2992 2994 2991
f 2996 2977 2994
f 2983 2997 2995
f 2996 2995 2997
f 2997 3259 3261
f 2980 2968 2979
f 2998 2996 3262
f 2996 3261 3262
f 3000 3258 3263
f 3263 3001 3000
f 2976 3000 3002
f 3002 3001 3003
f 3004 2976 3002
f 3005 3002 3003
f 3003 3007 3005
f 3006 3001 3008
f 3008 2999 3009
f 3010 3006 3008
f 3007 3011 3012
f 3011 3014 3012
f 3016 3018 3015
f 3016 3014 3019
f 3016 3020 3017
f 3021 3022 3013
f 3021 3011 3010
f 3009 3010 3008
f 3022 3021 3024
f 3013 3022 3025
f 3025 3020 3019
f 3025 3014 3013
f 3025 3026 3027
f 3023 3021 3010
f 3028 3024 3023
f 3022 3028 3026
f 3028 3023 3264
f 3029 3031 3032
f 3031 3033 3034
f 3034 3035 3036
f 3038 3030 3037
f 3041 3039 3040
f 3029 3037 3030
f 3039 3043 3040
f 3045 3039 3042
f 3037 3044 3038
f 3046 3043 3047
f 3040 3048 3041
f 3050 3032 3049
f 3050 3043 3029
f 3050 3052 3047
f 3052 3046 3047
f 3054 3265 3055
f 3055 3046 3054
f 3052 3265 3054
f 3051 3049 3266
f 3051 3053 3052
f 3051 3266 3056
f 3266 3057 3267
f 3027 3020 3025
f 3059 3038 3044
f 3035 3038 3059
f 3044 3060 3059
f 3061 3018 3017
f 3061 3017 3020
f 3063 3060 3061
f 3058 3061 3020
f 3059 3063 3064
f 3058 3064 3063
f 3066 3035 3065
f 3065 3059 3064
f 3065 3058 3067
f 3049 3068 3057
f 3031 3068 3032
f 3069 3034 3070
f 3036 3070 3034
f 3071 3066 3268
f 3067 3066 3065
f 3067 3058 3074
f 3074 3058 3027
f 3027 3075 3074
f 3075 3028 3264
f 3075 3272 3076
f 3073 3268 3066
f 3067 3077 3073
f 3078 3077 3076
f 3272 3271 3076
f 3074 3076 3077
f 3270 3273 3078
f 3273 3072 3073
f 3073 3078 3273
f 3076 3270 3078
f 3274 3080 3275
f 3081 3278 3082
f 3082 3083 3081
f 3085 3084 3086
f 3088 3090 3087
f 3088 3092 3089
f 3090 3093 3094
f 3089 3095 3093
f 3097 3093 3096
f 3093 3098 3096
f 3096 3284 3097
f 3096 3285 3283
f 3100 3102 3099
f 3104 3102 3103
f 3102 3106 3105
f 3105 3103 3102
f 3286 3106 3287
f 3105 3288 3107
f 3083 3108 3109
f 3104 3109 3108
f 3110 3083 3109
f 3110 3103 3107
f 3081 3289 3277
f 3107 3289 3110
f 3113 3111 3112
f 3100 3114 3101
f 3114 3116 3115
f 3101 3115 3106
f 3106 3290 3287
f 3116 3290 3115
f 3117 3090 3112
f 3112 3094 3113
f 3116 3094 3097
f 3116 3284 3291
f 3119 3098 3120
f 3121 3118 3285
f 3119 3121 3285
f 3095 3120 3098
f 3123 3095 3092
f 3123 3091 3124
f 3125 3126 3127
f 3125 3129 3128
f 3130 3131 3126
f 3125 3132 3126
f 3126 3134 3130
f 3135 3136 3137
f 3138 3136 3135
f 3130 3139 3131
f 3139 3137 3140
f 3141 3135 3134
f 3135 3130 3134
f 3136 3143 3137
f 3142 3144 3145
f 3146 3136 3138
f 3142 3121 3143
f 3142 3292 3118
f 3123 3147 3148
f 3122 3148 3140
f 3148 3149 3139
f 3149 3131 3139
f 3139 3140 3148
f 3140 3150 3122
f 3143 3140 3137
f 3150 3120 3122
f 3119 3120 3150
f 3150 3121 3119
f 3128 3151 3152
f 3154 3151 3153
f 3155 3156 3157
f 3158 3155 3157
f 3157 3160 3159
f 3145 3293 3292
f 3293 3162 3161
f 3162 3163 3161
f 3146 3164 3294
f 3146 3162 3144
f 3166 3164 3146
f 3166 3167 3165
f 3167 3170 3169
f 3171 3170 3172
f 3173 3171 3172
f 3173 3176 3174
f 3297 3175 3296
f 3177 3175 3178
f 3177 3295 3296
f 3178 3173 3179
f 3179 3172 3180
f 3172 3181 3180
f 3168 3181 3170
f 3166 3182 3168
f 3146 3141 3166
f 3295 3159 3160
f 3184 3178 3179
f 3177 3183 3159
f 3185 3179 3180
f 3185 3181 3186
f 3182 3186 3181
f 3132 3141 3134
f 3133 3186 3132
f 3187 3186 3133
f 3185 3188 3184
f 3184 3158 3183
f 3159 3158 3157
f 3188 3154 3158
f 3187 3152 3188
f 3128 3133 3125
f 3145 3144 3162
f 3079 3190 3080
f 3193 3191 3192
f 3192 2986 2988
f 3155 3153 3195
f 3196 3048 3055
f 3197 3041 3048
f 3200 3153 3199
f 3199 3196 3200
f 3201 3041 3198
f 3202 3153 3151
f 3199 3198 3197
f 3060 3062 3061
f 3203 3060 3045
f 3045 3201 3203
f 3204 3151 3129
f 3201 3202 3204
f 3204 3127 3205
f 3205 3201 3204
f 3131 3127 3126
f 3062 3205 3207
f 3205 3206 3207
f 3149 3206 3131
f 3062 3209 3018
f 3207 3208 3209
f 3149 3210 3208
f 3124 3147 3123
f 3015 3209 3211
f 3208 3211 3209
f 3015 3014 3016
f 3014 3213 3012
f 3214 3210 3124
f 3212 3211 3214
f 3213 3007 3012
f 3216 3124 3091
f 3212 3216 3213
f 3007 3217 3005
f 3218 3091 3088
f 3218 3213 3216
f 2971 3219 2972
f 3005 3219 3004
f 3220 3088 3087
f 3217 3218 3220
f 3111 3117 3112
f 3117 3220 3087
f 3219 3220 3222
f 3223 3219 3222
f 3223 3117 3221
f 3100 3221 3111
f 2972 3225 2969
f 3223 3224 3225
f 3224 3099 3226
f 3227 2969 3225
f 3224 3227 3225
f 3104 3226 3099
f 3229 2973 3227
f 3227 3228 3229
f 3108 3228 3104
f 3231 2990 3229
f 3229 3230 3231
f 3232 3108 3085
f 3233 2993 3231
f 3233 3230 3232
f 3233 2988 2989
f 3233 3235 3234
f 3234 3192 2988
f 3236 3235 3190
f 3236 3189 3237
f 3237 3192 3236
f 3235 3086 3238
f 3235 3085 3086
f 3190 3238 3080
f 3240 3298 3239
f 3265 3240 3055
f 3239 3242 3240
f 3055 3242 3196
f 3242 3243 3244
f 3244 3196 3242
f 3244 3245 3246
f 3244 3195 3200
f 3248 3245 3247
f 3248 3195 3246
f 3247 3250 3248
f 3155 3250 3156
f 3260 3256 3255
f 2984 3256 2982
f 3252 2984 2985
f 3253 3191 3254
f 3191 3251 3254
f 3279 3278 3276
f 3279 3084 3082
f 3084 3281 3086
f 3282 3086 3281
f 3282 3080 3238
f 3080 3282 3275
f 3086 3282 3238
f 3281 3084 3280
f 3084 3279 3280
f 3278 3279 3082
f 3251 3191 3194
f 3191 3253 2986
f 2984 3252 3257
f 3256 2984 3257
f 3256 3260 2982
f 3250 3155 3248
f 3250 3247 3249
f 3195 3248 3155
f 3245 3248 3246
f 3195 3244 3246
f 3245 3244 3243
f 3196 3244 3200
f 3243 3242 3241
f 3242 3055 3240
f 3242 3239 3241
f 3240 3265 3299
f 3298 3240 3299
f 3238 3190 3235
f 3085 3235 3232
f 3192 3237 3193
f 3189 3236 3190
f 3235 3236 3234
f 3192 3234 3236
f 3235 3233 3232
f 2988 3233 3234
f 3230 3233 3231
f 2993 3233 2989
f 3108 3232 3230
f 3230 3229 3228
f 2990 3231 2993
f 3228 3108 3230
f 3228 3227 3226
f 2973 3229 2990
f 3226 3104 3228
f 3227 3224 3226
f 2969 3227 2973
f 3099 3224 3100
f 3224 3223 3221
f 3225 2972 3223
f 3221 3100 3224
f 3117 3223 3222
f 3219 3223 2972
f 3220 3219 3217
f 3220 3117 3222
f 3117 3111 3221
f 3218 3217 3215
f 3088 3220 3218
f 3219 3005 3217
f 3219 2971 3004
f 3213 3218 3215
f 3091 3218 3216
f 3217 3007 3215
f 3216 3212 3214
f 3124 3216 3214
f 3007 3213 3215
f 3211 3212 3015
f 3210 3214 3211
f 3213 3014 3212
f 3014 3015 3212
f 3211 3208 3210
f 3209 3015 3018
f 3147 3124 3210
f 3210 3149 3147
f 3208 3207 3206
f 3209 3062 3207
f 3206 3149 3208
f 3206 3205 3127
f 3205 3062 3203
f 3127 3131 3206
f 3201 3205 3203
f 3127 3204 3129
f 3202 3201 3198
f 3151 3204 3202
f 3201 3045 3042
f 3062 3060 3203
f 3198 3199 3202
f 3153 3202 3199
f 3041 3201 3042
f 3196 3199 3197
f 3153 3200 3195
f 3041 3197 3198
f 3048 3196 3197
f 3153 3155 3154
f 2986 3192 3191
f 3191 3193 3194
f 3190 3079 3189
f 3133 3128 3187
f 3152 3187 3128
f 3154 3188 3152
f 3158 3159 3183
f 3158 3184 3188
f 3188 3185 3187
f 3186 3187 3185
f 3141 3132 3182
f 3186 3182 3132
f 3181 3185 3180
f 3179 3185 3184
f 3183 3177 3178
f 3178 3184 3183
f 3159 3295 3177
f 3141 3146 3138
f 3182 3166 3141
f 3181 3168 3182
f 3181 3172 3170
f 3172 3179 3173
f 3173 3178 3175
f 3175 3177 3296
f 3175 3297 3176
f 3176 3173 3175
f 3171 3173 3174
f 3170 3171 3169
f 3170 3167 3168
f 3167 3166 3168
f 3164 3166 3165
f 3162 3146 3294
f 3163 3162 3294
f 3162 3293 3145
f 3160 3157 3156
f 3155 3158 3154
f 3151 3154 3152
f 3151 3128 3129
f 3121 3150 3143
f 3140 3143 3150
f 3149 3148 3147
f 3148 3122 3123
f 3292 3142 3145
f 3121 3142 3118
f 3136 3146 3144
f 3144 3142 3136
f 3143 3136 3142
f 3135 3141 3138
f 3137 3139 3135
f 3139 3130 3135
f 3134 3126 3132
f 3132 3125 3133
f 3129 3125 3127
f 3091 3123 3092
f 3095 3123 3122
f 3120 3095 3122
f 3098 3119 3285
f 3284 3116 3097
f 3094 3116 3113
f 3094 3112 3090
f 3090 3117 3087
f 3290 3116 3291
f 3290 3106 3115
f 3115 3101 3114
f 3116 3114 3113
f 3114 3100 3111
f 3111 3113 3114
f 3289 3107 3288
f 3289 3081 3110
f 3103 3110 3109
f 3083 3110 3081
f 3109 3104 3103
f 3108 3083 3085
f 3288 3105 3286
f 3106 3286 3105
f 3103 3105 3107
f 3106 3102 3101
f 3102 3104 3099
f 3102 3100 3101
f 3285 3096 3098
f 3284 3096 3283
f 3098 3093 3095
f 3093 3097 3094
f 3095 3089 3092
f 3093 3090 3089
f 3092 3088 3091
f 3090 3088 3089
f 3084 3085 3083
f 3083 3082 3084
f 3278 3081 3277
f 3080 3274 3079
f 3270 3076 3271
f 3078 3073 3077
f 3273 3270 3269
f 3076 3074 3075
f 3077 3067 3074
f 3268 3073 3072
f 3272 3075 3264
f 3028 3075 3026
f 3075 3027 3026
f 3066 3067 3073
f 3066 3071 3036
f 3070 3036 3071
f 3034 3069 3031
f 3068 3031 3069
f 3068 3049 3032
f 3058 3065 3064
f 3059 3065 3035
f 3035 3066 3036
f 3063 3059 3060
f 3061 3058 3063
f 3018 3061 3062
f 3060 3044 3045
f 3038 3035 3033
f 3020 3027 3058
f 3057 3266 3049
f 3053 3051 3056
f 3049 3051 3050
f 3265 3052 3053
f 3046 3055 3048
f 3046 3052 3054
f 3052 3050 3051
f 3043 3050 3047
f 3032 3050 3029
f 3048 3040 3046
f 3043 3046 3040
f 3044 3037 3039
f 3039 3045 3044
f 3043 3039 3037
f 3037 3029 3043
f 3039 3041 3042
f 3030 3038 3033
f 3035 3034 3033
f 3033 3031 3030
f 3031 3029 3030
f 3028 3022 3024
f 3021 3023 3024
f 3026 3025 3022
f 3014 3025 3019
f 3010 3009 3023
f 3011 3021 3013
f 3020 3016 3019
f 3018 3016 3017
f 3014 3011 3013
f 3011 3007 3006
f 3006 3010 3011
f 2999 3008 3001
f 3001 3006 3003
f 3007 3003 3006
f 3002 3005 3004
f 2976 3004 2971
f 3001 3002 3000
f 3000 2976 2978
f 3001 3263 2999
f 3258 3000 2978
f 3261 2996 2997
f 2996 2998 2980
f 2968 2980 2998
f 3259 2997 2981
f 2995 2996 2994
f 2997 2983 2981
f 2977 2996 2980
f 2994 2992 2995
f 2992 2983 2995
f 2977 2991 2994
f 2993 2991 2990
f 2993 2987 2992
f 2990 2974 2973
f 2988 2987 2989
f 2987 2984 2983
f 3253 2985 2986
f 2983 2982 2981
f 3260 2981 2982
f 2979 2976 2975
f 2979 2977 2980
f 2968 2978 2979
f 2974 2975 2970
f 2971 2975 2976
f 2973 2970 2969
f 2970 2972 2969
f 1973 1972 1974
f 1972 1973 1971
f 1961 1960 1959
f 1962 1961 1959
f 1594 1595 1597
f 1595 1594 1596
f 3632 3634 3631
f 3632 3636 3633
f 3635 3638 3636
f 3639 3638 3637
f 3641 3640 3639
f 3655 3642 3641
f 3644 3631 3643
f 3635 3644 3645
f 3637 3645 3646
f 3637 3647 3639
f 3647 3641 3639
f 3655 3648 3657
f 3644 3649 3650
f 3645 3650 3651
f 3652 3645 3651
f 3652 3647 3646
f 3654 3647 3653
f 3660 3648 3654
f 3633 3659 3634
f 3633 3662 3661
f 3662 3638 3663
f 3664 3638 3640
f 3642 3664 3640
f 3665 3656 3658
f 3656 3665 3642
f 3664 3642 3665
f 3638 3664 3663
f 3638 3662 3636
f 3662 3633 3636
f 3659 3633 3661
f 3648 3660 3657
f 3647 3654 3648
f 3647 3652 3653
f 3645 3652 3646
f 3650 3645 3644
f 3649 3644 3643
f 3648 3655 3641
f 3641 3647 3648
f 3647 3637 3646
f 3645 3637 3635
f 3644 3635 3632
f 3631 3644 3632
f 3642 3655 3656
f 3640 3641 3642
f 3638 3639 3640
f 3638 3635 3637
f 3636 3632 3635
f 3634 3632 3633
f 1715 1712 1713
f 1712 1715 1714
f 1966 1964 1965
f 1964 1966 1963
f 1859 1857 1856
f 1857 1859 1858
f 1820 1819 1818
f 1821 1820 1818
f 1586 1587 1589
f 1587 1586 1588
f 1602 1604 1605
f 1615 1606 1607
f 1606 1609 1607
f 1610 1609 1608
f 1612 1611 1610
f 1612 1605 1613
f 1605 1612 1602
f 1611 1612 1613
f 1609 1610 1611
f 1609 1606 1608
f 1606 1615 1614
f 1604 1602 1603
f 1524 1522 1523
f 1525 1526 1527
f 1527 1528 1529
f 1529 1530 1531
f 1532 1531 1530
f 1533 1534 1535
f 1536 1522 1537
f 1522 1536 1523
f 1534 1533 1532
f 1531 1532 1533
f 1530 1529 1528
f 1528 1527 1526
f 1526 1525 1524
f 1522 1524 1525
f 1886 1885 1887
f 1884 1888 1885
f 1890 1887 1891
f 1887 1890 1886
f 1888 1884 1889
f 1885 1886 1884
f 1508 1506 1507
f 1510 1509 1508
f 1513 1510 1512
f 1513 1514 1515
f 1515 1516 1517
f 1519 1516 1518
f 1506 1520 1507
f 1520 1506 1521
f 1516 1519 1517
f 1516 1515 1514
f 1514 1513 1512
f 1510 1513 1511
f 1509 1510 1511
f 1506 1508 1509
f 2935 2563 2564
f 2568 2567 2565
f 2565 2569 2563
f 2570 2567 2566
f 2567 2572 2569
f 2573 2571 2570
f 2571 2575 2572
f 2576 2574 2573
f 2575 2577 2578
f 2580 2582 2579
f 2584 2931 2583
f 2582 2584 2585
f 2584 2586 2585
f 2930 2583 2931
f 2586 2587 2588
f 2589 2579 2582
f 2589 2582 2585
f 2589 2586 2591
f 2591 2593 2589
f 2566 2593 2592
f 2588 2591 2586
f 2591 2595 2592
f 2566 2595 2570
f 2596 2570 2595
f 2596 2576 2573
f 2593 2590 2589
f 2568 2935 2936
f 2936 2593 2568
f 2930 2599 2587
f 2587 2600 2588
f 2929 2601 2599
f 2601 2600 2599
f 2600 2594 2588
f 2603 2595 2594
f 2603 2602 2604
f 2927 2601 2928
f 2605 2602 2601
f 2605 2926 2607
f 2605 2608 2606
f 2606 2604 2602
f 2610 2604 2609
f 2596 2611 2597
f 2611 2603 2604
f 2611 2604 2610
f 2615 2613 2614
f 2616 2613 2612
f 2618 2572 2619
f 2563 2618 2620
f 2620 2622 2621
f 2563 2623 2564
f 2620 2937 2623
f 2621 2938 2937
f 2625 2621 2622
f 2628 2630 2627
f 2631 2628 2632
f 2624 2634 2633
f 2624 2939 2938
f 2633 2635 2636
f 2626 2633 2636
f 2638 2635 2637
f 2639 2640 2641
f 2632 2643 2644
f 2616 2644 2643
f 2646 2622 2645
f 2622 2619 2645
f 2634 2648 2635
f 2646 2634 2625
f 2650 2646 2649
f 2632 2651 2642
f 2642 2649 2643
f 2628 2652 2651
f 2650 2651 2653
f 2648 2650 2653
f 2655 2637 2654
f 2654 2653 2656
f 2637 2648 2654
f 2657 2652 2627
f 2652 2653 2651
f 2660 2658 2657
f 2658 2656 2652
f 2655 2656 2661
f 2662 2655 2661
f 2639 2663 2640
f 2661 2659 2662
f 2619 2575 2617
f 2664 2619 2617
f 2617 2578 2613
f 2617 2616 2664
f 2643 2664 2616
f 2646 2664 2649
f 2666 2667 2665
f 2665 2669 2666
f 2669 2670 2671
f 2673 2663 2672
f 2660 2674 2659
f 2675 2671 2676
f 2677 2659 2674
f 2663 2677 2672
f 2679 2672 2678
f 2940 2680 2681
f 2675 2676 2684
f 2685 2674 2675
f 2669 2674 2666
f 2688 2686 2687
f 2684 2690 2691
f 2682 2690 2680
f 2692 2687 2686
f 2689 2694 2686
f 2679 2678 2694
f 2685 2684 2695
f 2675 2684 2685
f 2694 2685 2695
f 2672 2685 2678
f 2684 2692 2695
f 2694 2692 2686
f 2687 2683 2688
f 2941 2682 2940
f 2941 2687 2693
f 2682 2692 2691
f 2696 2683 2697
f 2641 2698 2639
f 2679 2700 2673
f 2638 2639 2701
f 2688 2702 2689
f 2689 2699 2679
f 2673 2703 2640
f 2703 2641 2640
f 2704 2943 2701
f 2639 2704 2701
f 2943 2942 2705
f 2705 2701 2943
f 2705 2638 2701
f 2707 2626 2636
f 2638 2707 2636
f 2710 2708 2709
f 2711 2712 2713
f 2714 2712 2715
f 2716 2715 2717
f 2717 2718 2716
f 2720 2719 2721
f 2721 2722 2720
f 2724 2723 2725
f 2729 2727 2728
f 2730 2729 2728
f 2732 2727 2733
f 2732 2730 2728
f 2726 2736 2735
f 2736 2731 2737
f 2736 2739 2735
f 2737 2738 2736
f 2743 2741 2742
f 2746 2743 2745
f 2739 2743 2742
f 2740 2743 2738
f 2748 2750 2747
f 2751 2747 2752
f 2749 2753 2754
f 2751 2753 2748
f 2747 2757 2756
f 2752 2756 2758
f 2760 2756 2757
f 2761 2756 2759
f 2760 2762 2759
f 2759 2764 2761
f 2766 2762 2763
f 2767 2762 2765
f 2718 2768 2769
f 2751 2769 2768
f 2770 2722 2724
f 2755 2768 2770
f 2720 2722 2768
f 2771 2718 2769
f 2758 2769 2752
f 2772 2716 2771
f 2758 2772 2771
f 2772 2764 2773
f 2772 2773 2774
f 2714 2774 2713
f 2764 2775 2773
f 2776 2775 2777
f 2776 2774 2773
f 2780 2778 2779
f 2750 2779 2778
f 2754 2779 2749
f 2783 2779 2782
f 2781 2784 2778
f 2778 2757 2750
f 2786 2785 2787
f 2784 2760 2757
f 2788 2787 2789
f 2760 2788 2763
f 2788 2766 2763
f 2780 2726 2781
f 2783 2727 2780
f 2781 2735 2785
f 2735 2787 2785
f 2787 2741 2789
f 2739 2742 2787
f 2774 2711 2713
f 2776 2791 2774
f 2777 2791 2776
f 2745 2793 2746
f 2745 2794 2792
f 2795 2737 2731
f 2737 2794 2740
f 2731 2797 2795
f 2797 2734 2956
f 2956 2798 2797
f 2799 2801 2802
f 2804 2803 2802
f 2803 2799 2802
f 2798 2806 2797
f 2807 2808 2806
f 2959 2960 2809
f 2959 2809 2808
f 2811 2813 2810
f 2805 2811 2803
f 2813 2815 2810
f 2815 2816 2817
f 2792 2816 2793
f 2820 2819 2800
f 2818 2958 2819
f 2825 2823 2824
f 2821 2822 2826
f 2823 2820 2824
f 2823 2821 2818
f 2827 2825 2828
f 2826 2827 2829
f 2830 2825 2824
f 2828 2831 2832
f 2830 2820 2833
f 2820 2799 2833
f 2799 2803 2834
f 2799 2834 2833
f 2810 2835 2811
f 2834 2811 2835
f 2837 2831 2830
f 2830 2834 2837
f 2840 2838 2839
f 2839 2836 2840
f 2838 2837 2839
f 2835 2837 2834
f 2840 2843 2841
f 2840 2844 2842
f 2842 2846 2843
f 2847 2842 2844
f 2796 2846 2845
f 2794 2845 2847
f 2838 2832 2831
f 2838 2849 2848
f 2841 2961 2849
f 2843 2850 2961
f 2961 2841 2843
f 2808 2850 2843
f 2808 2809 2851
f 2844 2810 2815
f 2844 2817 2847
f 2794 2817 2792
f 2808 2846 2806
f 2797 2846 2795
f 2610 2609 2852
f 2610 2853 2611
f 2853 2597 2611
f 2854 2576 2597
f 2856 2775 2767
f 2857 2854 2853
f 2858 2576 2855
f 2859 2767 2765
f 2854 2859 2855
f 2578 2858 2860
f 2614 2578 2860
f 2861 2765 2766
f 2859 2858 2855
f 2861 2790 2862
f 2860 2861 2862
f 2790 2789 2863
f 2864 2860 2862
f 2862 2863 2864
f 2865 2744 2866
f 2863 2741 2865
f 2612 2867 2644
f 2631 2644 2867
f 2614 2868 2615
f 2865 2864 2863
f 2866 2868 2865
f 2869 2615 2868
f 2746 2866 2744
f 2871 2867 2869
f 2866 2871 2869
f 2870 2793 2872
f 2871 2629 2631
f 2872 2871 2870
f 2874 2814 2875
f 2874 2793 2816
f 2873 2630 2629
f 2874 2873 2872
f 2660 2877 2667
f 2657 2630 2877
f 2875 2876 2874
f 2878 2630 2876
f 2813 2875 2814
f 2667 2878 2880
f 2879 2878 2875
f 2881 2813 2812
f 2665 2880 2882
f 2881 2880 2879
f 2881 2805 2883
f 2668 2882 2884
f 2881 2884 2882
f 2885 2805 2804
f 2886 2852 2609
f 2791 2777 2887
f 2888 2775 2857
f 2888 2853 2852
f 2888 2886 2889
f 2887 2888 2889
f 2608 2609 2606
f 2708 2892 2709
f 2711 2893 2708
f 2962 2892 2891
f 2607 2895 2608
f 2895 2964 2963
f 2886 2609 2890
f 2890 2608 2895
f 2891 2708 2893
f 2893 2791 2887
f 2895 2965 2896
f 2889 2893 2887
f 2895 2897 2890
f 2891 2897 2896
f 2891 2965 2962
f 2886 2897 2889
f 2901 2899 2900
f 2670 2900 2671
f 2903 2899 2902
f 2900 2676 2671
f 2902 2905 2903
f 2905 2676 2903
f 2904 2907 2905
f 2905 2680 2690
f 2907 2908 2909
f 2680 2909 2681
f 2668 2910 2670
f 2912 2901 2911
f 2901 2910 2911
f 2883 2910 2884
f 2913 2910 2885
f 2912 2913 2914
f 2801 2916 2802
f 2917 2802 2916
f 2915 2918 2916
f 2918 2917 2916
f 2917 2885 2804
f 2913 2920 2914
f 2800 2921 2801
f 2921 2967 2922
f 2957 2819 2958
f 2915 2921 2922
f 2923 2967 2966
f 2915 2923 2919
f 2581 2934 2584
f 2580 2932 2581
f 2964 2925 2924
f 2925 2607 2926
f 2944 2946 2945
f 2709 2944 2947
f 2709 2948 2710
f 2710 2949 2712
f 2950 2712 2949
f 2715 2951 2717
f 2952 2717 2951
f 2952 2721 2719
f 2954 2721 2953
f 2723 2955 2725
f 2955 2723 2954
f 2721 2954 2723
f 2721 2952 2953
f 2717 2952 2719
f 2951 2715 2950
f 2712 2950 2715
f 2949 2710 2948
f 2948 2709 2947
f 2944 2709 2892
f 2946 2944 2892
f 2607 2925 2894
f 2925 2964 2894
f 2932 2580 2933
f 2934 2581 2932
f 2923 2915 2922
f 2967 2923 2922
f 2921 2915 2801
f 2819 2957 2921
f 2967 2921 2957
f 2921 2800 2819
f 2920 2913 2917
f 2885 2917 2913
f 2917 2918 2920
f 2918 2915 2919
f 2802 2917 2804
f 2916 2801 2915
f 2913 2912 2911
f 2910 2913 2911
f 2910 2883 2885
f 2910 2901 2670
f 2901 2912 2898
f 2910 2668 2884
f 2909 2680 2907
f 2908 2907 2906
f 2680 2905 2907
f 2907 2904 2906
f 2676 2905 2690
f 2905 2902 2904
f 2676 2900 2903
f 2899 2903 2900
f 2900 2670 2901
f 2899 2901 2898
f 2897 2886 2890
f 2965 2891 2896
f 2897 2891 2893
f 2897 2895 2896
f 2893 2889 2897
f 2965 2895 2963
f 2964 2895 2894
f 2895 2607 2894
f 2892 2962 2946
f 2893 2711 2791
f 2892 2708 2891
f 2609 2608 2890
f 2888 2887 2777
f 2886 2888 2852
f 2853 2888 2857
f 2775 2888 2777
f 2805 2885 2883
f 2884 2881 2883
f 2882 2668 2665
f 2805 2881 2812
f 2880 2881 2882
f 2880 2665 2667
f 2813 2881 2879
f 2878 2879 2880
f 2878 2667 2877
f 2875 2813 2879
f 2630 2878 2877
f 2876 2875 2878
f 2630 2657 2627
f 2877 2660 2657
f 2873 2874 2876
f 2630 2873 2876
f 2793 2874 2872
f 2814 2874 2816
f 2871 2872 2873
f 2629 2871 2873
f 2793 2870 2746
f 2871 2866 2870
f 2867 2871 2631
f 2866 2746 2870
f 2615 2869 2867
f 2868 2866 2869
f 2864 2865 2868
f 2868 2614 2864
f 2644 2631 2632
f 2867 2612 2615
f 2741 2863 2789
f 2744 2865 2741
f 2863 2862 2790
f 2860 2864 2614
f 2789 2790 2788
f 2861 2860 2858
f 2790 2861 2766
f 2858 2859 2861
f 2765 2861 2859
f 2578 2614 2613
f 2858 2578 2577
f 2859 2854 2856
f 2767 2859 2856
f 2576 2858 2577
f 2854 2857 2856
f 2775 2856 2857
f 2576 2854 2855
f 2597 2853 2854
f 2853 2610 2852
f 2846 2797 2806
f 2846 2808 2843
f 2817 2794 2847
f 2817 2844 2815
f 2810 2844 2836
f 2850 2808 2851
f 2849 2838 2841
f 2832 2838 2848
f 2845 2794 2796
f 2846 2796 2795
f 2842 2847 2845
f 2846 2842 2845
f 2844 2840 2836
f 2843 2840 2842
f 2837 2835 2839
f 2837 2838 2831
f 2836 2839 2835
f 2838 2840 2841
f 2834 2830 2833
f 2811 2834 2803
f 2835 2810 2836
f 2799 2820 2800
f 2820 2830 2824
f 2831 2828 2825
f 2825 2830 2831
f 2827 2826 2822
f 2825 2827 2822
f 2820 2823 2818
f 2822 2821 2823
f 2823 2825 2822
f 2958 2818 2821
f 2819 2820 2818
f 2816 2792 2817
f 2816 2815 2814
f 2815 2813 2814
f 2811 2805 2812
f 2813 2811 2812
f 2808 2807 2959
f 2806 2798 2807
f 2803 2804 2805
f 2801 2799 2800
f 2734 2797 2730
f 2797 2731 2730
f 2794 2737 2796
f 2737 2795 2796
f 2794 2745 2740
f 2793 2745 2792
f 2711 2774 2791
f 2741 2787 2742
f 2787 2735 2739
f 2735 2781 2726
f 2727 2783 2733
f 2726 2780 2727
f 2766 2788 2790
f 2788 2760 2786
f 2787 2788 2786
f 2760 2784 2786
f 2785 2786 2784
f 2757 2778 2784
f 2784 2781 2785
f 2779 2783 2780
f 2779 2754 2782
f 2779 2750 2749
f 2778 2780 2781
f 2775 2776 2773
f 2775 2764 2767
f 2774 2714 2772
f 2764 2772 2761
f 2772 2758 2761
f 2716 2772 2714
f 2769 2758 2771
f 2718 2771 2716
f 2768 2755 2751
f 2722 2770 2768
f 2769 2751 2752
f 2768 2718 2720
f 2762 2767 2764
f 2762 2766 2765
f 2764 2759 2762
f 2762 2760 2763
f 2756 2761 2758
f 2756 2760 2759
f 2756 2752 2747
f 2757 2747 2750
f 2753 2751 2755
f 2753 2749 2748
f 2747 2751 2748
f 2750 2748 2749
f 2743 2740 2745
f 2743 2739 2738
f 2743 2746 2744
f 2741 2743 2744
f 2738 2737 2740
f 2739 2736 2738
f 2731 2736 2729
f 2736 2726 2729
f 2730 2732 2734
f 2727 2732 2728
f 2729 2730 2731
f 2727 2729 2726
f 2723 2724 2722
f 2722 2721 2723
f 2719 2720 2718
f 2718 2717 2719
f 2715 2716 2714
f 2712 2714 2713
f 2712 2711 2710
f 2708 2710 2711
f 2707 2638 2706
f 2638 2705 2706
f 2704 2639 2698
f 2703 2673 2700
f 2699 2689 2702
f 2702 2688 2696
f 2639 2638 2637
f 2700 2679 2699
f 2683 2696 2688
f 2692 2682 2693
f 2682 2941 2693
f 2683 2687 2941
f 2692 2694 2695
f 2692 2684 2691
f 2685 2672 2677
f 2685 2694 2678
f 2694 2689 2679
f 2687 2692 2693
f 2690 2682 2691
f 2690 2684 2676
f 2686 2688 2689
f 2674 2669 2675
f 2674 2685 2677
f 2680 2940 2682
f 2672 2679 2673
f 2677 2663 2662
f 2659 2677 2662
f 2671 2675 2669
f 2674 2660 2666
f 2663 2673 2640
f 2670 2669 2668
f 2669 2665 2668
f 2667 2666 2660
f 2664 2646 2645
f 2664 2643 2649
f 2578 2617 2575
f 2619 2664 2645
f 2575 2619 2572
f 2659 2661 2658
f 2663 2639 2655
f 2655 2662 2663
f 2656 2655 2654
f 2656 2658 2661
f 2658 2660 2659
f 2653 2652 2656
f 2652 2657 2658
f 2648 2637 2635
f 2653 2654 2648
f 2637 2655 2639
f 2650 2648 2647
f 2651 2650 2642
f 2652 2628 2627
f 2649 2642 2650
f 2651 2632 2628
f 2646 2650 2647
f 2634 2646 2647
f 2648 2634 2647
f 2619 2622 2618
f 2622 2646 2625
f 2644 2616 2612
f 2643 2632 2642
f 2635 2638 2636
f 2633 2626 2939
f 2635 2633 2634
f 2939 2624 2633
f 2634 2624 2625
f 2628 2631 2629
f 2630 2628 2629
f 2621 2625 2624
f 2938 2621 2624
f 2937 2620 2621
f 2623 2563 2620
f 2622 2620 2618
f 2618 2563 2569
f 2572 2618 2569
f 2613 2616 2617
f 2613 2615 2612
f 2611 2596 2603
f 2604 2606 2609
f 2608 2605 2607
f 2926 2605 2927
f 2602 2605 2606
f 2601 2927 2605
f 2602 2603 2600
f 2595 2603 2596
f 2594 2600 2603
f 2600 2601 2602
f 2601 2929 2928
f 2600 2587 2599
f 2599 2930 2929
f 2593 2936 2598
f 2935 2568 2565
f 2590 2593 2598
f 2576 2596 2597
f 2570 2596 2573
f 2595 2566 2592
f 2595 2591 2594
f 2591 2588 2594
f 2593 2566 2568
f 2593 2591 2592
f 2586 2589 2585
f 2579 2589 2590
f 2587 2586 2583
f 2583 2930 2587
f 2586 2584 2583
f 2584 2582 2581
f 2931 2584 2934
f 2582 2580 2581
f 2577 2575 2574
f 2574 2576 2577
f 2575 2571 2574
f 2571 2573 2574
f 2572 2567 2571
f 2567 2570 2571
f 2569 2565 2567
f 2567 2568 2566
f 2563 2935 2565
f 1500 1499 1501
f 1499 1500 1498
f 1393 1394 1395
f 1394 1393 1392
f 1415 1413 1414
f 1413 1415 1412
f 1398 1396 1397
f 1396 1398 1399
f 1492 1490 1491
f 1490 1492 1493
f 1985 1984 1986
f 1984 1985 1983
f 1504 1502 1503
f 1502 1504 1505
f 1598 1599 1601
f 1599 1598 1600
f 1461 1457 1460
f 1456 1462 1458
f 1462 1459 1458
f 1459 1462 1463
f 1462 1456 1461
f 1457 1461 1456
f 3667 3671 3668
f 3673 3668 3671
f 3673 3674 3672
f 3675 3676 3674
f 3677 3678 3676
f 3678 3683 3680
f 3669 3667 3666
f 3682 3681 3680
f 3683 3682 3680
f 3667 3669 3670
f 3683 3678 3679
f 3678 3677 3679
f 3676 3675 3677
f 3674 3673 3675
f 3668 3673 3672
f 3671 3667 3670
f 1998 2000 2001
f 2001 2006 1998
f 2006 2007 2008
f 2003 2007 2002
f 2007 2135 2002
f 2011 2004 2010
f 2014 2011 2013
f 2011 2015 2013
f 2133 2012 2134
f 2015 2017 2013
f 1999 2017 2000
f 2014 2017 2018
f 2019 2017 2016
f 2019 2001 2000
f 2005 2020 2021
f 2021 2007 2005
f 2136 2020 2022
f 2023 2136 2137
f 2019 2024 2138
f 2022 2019 2138
f 2026 2004 2025
f 2028 2025 2027
f 2027 2030 2028
f 2032 2029 2031
f 2034 2142 2143
f 2035 2143 2144
f 2034 2030 2032
f 2037 2145 2036
f 2035 2028 2030
f 2144 2037 2035
f 2015 2024 2016
f 2139 2024 2038
f 2038 2010 2026
f 2038 2028 2037
f 2036 2038 2037
f 2139 2138 2024
f 2023 2135 2009
f 2021 2023 2009
f 2023 2137 2146
f 2146 2147 2039
f 2023 2039 2140
f 2148 2039 2147
f 2148 2041 2040
f 2008 2151 2043
f 2031 2045 2032
f 2046 2045 2044
f 2141 2034 2048
f 2034 2045 2048
f 2047 2048 2045
f 2033 2141 2050
f 2141 2048 2050
f 2050 2049 2051
f 2150 2041 2149
f 2052 2042 2053
f 2156 2033 2050
f 2156 2051 2054
f 2054 2157 2156
f 2053 2042 2158
f 2056 2157 2055
f 2057 2158 2056
f 2052 2057 2058
f 2134 2059 2159
f 2014 2059 2012
f 2018 2060 2014
f 2160 2064 2062
f 2066 2068 2065
f 2064 2066 2065
f 2067 2069 2070
f 2066 2071 2069
f 2072 2063 2160
f 2161 2071 2072
f 2159 2073 2161
f 2069 2075 2070
f 2069 2073 2074
f 2075 2060 2061
f 2074 2059 2060
f 1999 2061 2018
f 2076 2075 2061
f 2078 2075 2077
f 2079 2068 2067
f 2079 2070 2078
f 2081 2080 2082
f 2083 2068 2081
f 2083 2064 2065
f 2062 2084 2085
f 2163 2087 2162
f 2088 2087 2086
f 2090 2088 2091
f 2082 2091 2092
f 2093 2082 2092
f 2094 2081 2093
f 2096 2084 2095
f 2094 2084 2083
f 2098 2164 2097
f 2098 2163 2165
f 2100 2097 2099
f 2098 2088 2086
f 2103 2101 2102
f 2093 2103 2094
f 2095 2106 2096
f 2108 2105 2107
f 2105 2102 2107
f 2094 2105 2095
f 2109 2092 2091
f 2100 2091 2088
f 2111 2100 2099
f 2110 2111 2112
f 2092 2104 2093
f 2104 2112 2101
f 2008 2113 2006
f 2113 2043 2114
f 1998 2113 2115
f 1998 2076 1999
f 2076 2115 2116
f 2077 2116 2117
f 2077 2117 2118
f 2118 2078 2077
f 2119 2079 2078
f 2120 2080 2079
f 2122 2080 2121
f 2082 2123 2090
f 2090 2123 2124
f 2125 2090 2124
f 2087 2125 2126
f 2127 2087 2126
f 2127 2155 2162
f 2129 2155 2128
f 2130 2154 2129
f 2131 2153 2130
f 2043 2132 2114
f 2152 2131 2132
f 2151 2152 2132
f 2132 2043 2151
f 2153 2131 2152
f 2154 2130 2153
f 2155 2129 2154
f 2155 2127 2128
f 2087 2127 2162
f 2125 2087 2089
f 2090 2125 2089
f 2123 2082 2122
f 2080 2122 2082
f 2080 2120 2121
f 2079 2119 2120
f 2078 2118 2119
f 2116 2077 2076
f 2076 1998 2115
f 2113 1998 2006
f 2113 2008 2043
f 2112 2104 2110
f 2104 2092 2110
f 2111 2110 2109
f 2100 2111 2109
f 2091 2100 2109
f 2092 2109 2110
f 2105 2094 2103
f 2102 2105 2103
f 2105 2108 2106
f 2106 2095 2105
f 2103 2093 2104
f 2101 2103 2104
f 2088 2098 2100
f 2097 2100 2098
f 2163 2098 2086
f 2164 2098 2165
f 2084 2094 2095
f 2084 2096 2085
f 2081 2094 2083
f 2082 2093 2081
f 2091 2082 2090
f 2088 2090 2089
f 2087 2088 2089
f 2087 2163 2086
f 2084 2062 2064
f 2064 2083 2084
f 2068 2083 2065
f 2080 2081 2068
f 2070 2079 2067
f 2068 2079 2080
f 2075 2078 2070
f 2075 2076 2077
f 2061 1999 2076
f 2059 2074 2073
f 2060 2075 2074
f 2073 2069 2071
f 2075 2069 2074
f 2073 2159 2059
f 2071 2161 2073
f 2063 2072 2071
f 2071 2066 2063
f 2069 2067 2066
f 2066 2064 2063
f 2068 2066 2067
f 2064 2160 2063
f 2060 2018 2061
f 2059 2014 2060
f 2059 2134 2012
f 2057 2052 2053
f 2158 2057 2053
f 2157 2056 2158
f 2157 2054 2055
f 2051 2156 2050
f 2042 2052 2150
f 2041 2150 2052
f 2049 2050 2048
f 2048 2047 2049
f 2045 2034 2032
f 2034 2141 2142
f 2045 2046 2047
f 2045 2031 2044
f 2151 2008 2003
f 2041 2148 2149
f 2039 2148 2040
f 2039 2023 2146
f 2023 2021 2136
f 2135 2023 2140
f 2038 2036 2139
f 2028 2038 2026
f 2010 2038 2015
f 2024 2015 2038
f 2037 2144 2145
f 2028 2035 2037
f 2030 2034 2035
f 2143 2035 2034
f 2029 2032 2030
f 2030 2027 2029
f 2025 2028 2026
f 2004 2026 2010
f 2019 2022 2020
f 2024 2019 2016
f 2020 2136 2021
f 2007 2021 2009
f 2020 2005 2001
f 2001 2019 2020
f 2017 2019 2000
f 2017 2014 2013
f 2017 1999 2018
f 2017 2015 2016
f 2012 2133 2011
f 2015 2011 2010
f 2011 2014 2012
f 2004 2011 2133
f 2135 2007 2009
f 2007 2003 2008
f 2007 2006 2005
f 2006 2001 2005
f 2000 1998 1999
f 404 402 403
f 404 406 407
f 404 409 405
f 404 410 408
f 412 408 411
f 411 410 413
f 411 415 412
f 411 416 414
f 415 418 417
f 418 416 419
f 421 417 418
f 421 419 422
f 421 423 420
f 422 424 421
f 423 427 426
f 425 427 424
f 552 405 429
f 429 430 552
f 552 430 432
f 429 409 433
f 429 433 431
f 412 433 409
f 415 434 412
f 434 435 436
f 435 417 437
f 438 437 439
f 438 436 435
f 441 417 420
f 441 439 437
f 441 423 443
f 443 442 441
f 426 443 423
f 445 444 443
f 407 446 447
f 554 446 448
f 447 410 407
f 450 449 447
f 554 450 447
f 452 419 451
f 453 452 451
f 416 451 419
f 454 453 451
f 425 452 455
f 456 455 452
f 453 456 452
f 428 455 459
f 457 459 455
f 454 413 461
f 410 461 413
f 465 555 464
f 466 555 463
f 467 555 462
f 463 469 468
f 470 463 468
f 468 471 472
f 472 470 468
f 476 472 475
f 477 472 474
f 471 475 472
f 479 478 474
f 478 477 474
f 476 479 474
f 483 478 480
f 485 478 484
f 484 486 487
f 487 485 484
f 489 486 557
f 487 490 488
f 493 491 492
f 493 495 496
f 496 497 498
f 498 499 500
f 501 500 499
f 502 503 504
f 505 504 503
f 507 505 558
f 491 509 492
f 509 495 492
f 511 497 495
f 511 510 559
f 497 511 512
f 497 512 499
f 513 558 505
f 505 503 513
f 514 515 558
f 510 561 559
f 456 562 516
f 562 510 516
f 456 458 563
f 448 564 554
f 517 564 448
f 517 560 565
f 518 510 509
f 456 518 457
f 518 508 519
f 460 518 519
f 438 520 440
f 520 521 522
f 521 524 522
f 523 482 524
f 430 525 432
f 526 525 527
f 527 528 526
f 462 529 467
f 553 530 444
f 531 566 567
f 486 567 557
f 442 530 532
f 530 533 532
f 483 531 486
f 533 480 534
f 534 532 533
f 532 439 442
f 439 521 438
f 535 523 521
f 479 534 480
f 536 568 569
f 539 537 536
f 538 541 540
f 541 543 540
f 542 544 543
f 545 547 544
f 546 549 547
f 551 548 550
f 556 536 569
f 539 466 470
f 541 470 473
f 541 477 542
f 477 545 542
f 545 485 546
f 488 546 485
f 550 488 490
f 488 550 548
f 546 488 548
f 485 545 481
f 545 477 481
f 477 541 473
f 470 541 539
f 466 539 536
f 536 556 466
f 548 551 549
f 549 546 548
f 547 545 546
f 544 542 545
f 543 541 542
f 541 538 539
f 537 539 538
f 568 536 537
f 534 479 523
f 523 535 534
f 521 439 535
f 439 532 535
f 532 534 535
f 480 533 483
f 531 483 533
f 533 530 531
f 530 442 444
f 567 486 531
f 566 531 530
f 530 553 566
f 529 462 528
f 528 527 529
f 525 526 432
f 482 523 479
f 524 521 523
f 521 520 438
f 518 460 457
f 508 518 509
f 518 456 516
f 510 518 516
f 560 517 515
f 564 517 565
f 510 562 561
f 562 456 563
f 515 514 560
f 558 513 514
f 510 511 495
f 495 509 510
f 509 491 508
f 505 507 506
f 504 505 506
f 503 502 501
f 500 501 502
f 499 498 497
f 497 496 495
f 495 493 492
f 491 493 494
f 490 487 489
f 486 489 487
f 485 487 488
f 486 484 483
f 478 485 481
f 478 483 484
f 479 476 482
f 477 478 481
f 478 479 480
f 472 477 473
f 472 476 474
f 470 472 473
f 471 468 469
f 463 470 466
f 469 463 465
f 555 467 464
f 555 466 556
f 555 465 463
f 461 410 449
f 413 454 416
f 459 457 460
f 455 428 425
f 456 453 458
f 455 456 457
f 452 425 422
f 451 416 454
f 419 452 422
f 410 447 449
f 446 554 447
f 446 407 406
f 444 445 553
f 443 426 445
f 442 443 444
f 423 441 420
f 439 441 442
f 417 441 437
f 436 438 440
f 437 438 435
f 417 435 415
f 434 415 435
f 433 412 434
f 409 429 405
f 430 429 431
f 405 552 402
f 427 425 428
f 427 423 424
f 424 422 425
f 423 421 424
f 419 421 418
f 417 421 420
f 416 418 414
f 418 415 414
f 416 411 413
f 415 411 414
f 410 411 408
f 408 412 409
f 410 404 407
f 409 404 408
f 406 404 403
f 402 404 405
f 853 1066 1065
f 855 1067 856
f 1067 857 856
f 857 1070 858
f 859 1070 1071
f 1071 860 859
f 860 861 862
f 862 1073 863
f 1074 863 1073
f 854 1074 1066
f 865 867 866
f 867 1076 868
f 866 869 870
f 871 867 868
f 870 872 873
f 872 871 874
f 872 876 873
f 872 877 875
f 878 875 877
f 880 882 883
f 885 882 884
f 886 884 882
f 884 889 885
f 888 887 890
f 891 889 888
f 1077 888 890
f 893 895 896
f 864 893 896
f 894 897 1078
f 854 897 893
f 896 898 899
f 896 863 864
f 899 900 901
f 899 862 863
f 902 901 900
f 862 903 860
f 904 903 902
f 903 859 860
f 906 905 904
f 859 907 858
f 909 906 908
f 858 909 857
f 909 910 911
f 909 856 857
f 912 911 910
f 911 855 856
f 914 868 1076
f 1079 890 916
f 917 868 915
f 871 918 874
f 919 874 918
f 920 887 886
f 887 916 890
f 914 910 915
f 1079 894 1078
f 908 915 910
f 906 919 918
f 918 908 906
f 922 900 923
f 898 923 900
f 920 895 921
f 895 916 921
f 926 924 925
f 924 929 925
f 931 925 930
f 930 929 932
f 931 933 934
f 932 933 930
f 934 937 936
f 937 935 938
f 942 940 941
f 941 944 942
f 946 942 945
f 944 945 942
f 948 946 945
f 945 950 948
f 951 949 948
f 950 951 948
f 952 924 927
f 953 924 951
f 937 954 936
f 955 938 956
f 958 960 957
f 957 961 962
f 958 964 963
f 962 964 957
f 964 967 963
f 966 965 968
f 967 969 970
f 968 969 966
f 972 944 943
f 974 950 947
f 976 950 975
f 977 953 976
f 977 929 928
f 979 929 978
f 935 979 980
f 982 938 981
f 938 980 981
f 983 985 986
f 985 987 988
f 989 986 985
f 988 989 985
f 990 992 993
f 992 991 994
f 995 993 992
f 994 995 992
f 959 995 960
f 960 997 961
f 998 969 999
f 999 971 1000
f 958 1002 959
f 963 1001 958
f 1003 967 1004
f 970 1004 967
f 939 987 940
f 939 991 988
f 994 946 949
f 952 994 949
f 997 927 961
f 961 926 962
f 931 962 926
f 931 968 965
f 936 1000 971
f 936 968 934
f 983 1006 1080
f 1006 990 1007
f 1007 993 1008
f 993 1009 1008
f 1002 996 959
f 970 1010 1005
f 972 1012 973
f 865 1013 1014
f 1013 1011 1014
f 1013 870 1015
f 1017 876 1016
f 976 1018 1019
f 1020 876 1021
f 1022 1016 1020
f 1019 977 976
f 1023 982 981
f 1026 892 1025
f 1026 1024 1023
f 883 1028 880
f 978 1030 979
f 1021 1028 1020
f 1028 1022 1020
f 1029 1027 1030
f 889 1031 885
f 1022 978 977
f 980 1023 981
f 885 1027 883
f 1030 1031 1032
f 1023 1031 1026
f 979 1032 980
f 973 947 944
f 1018 975 974
f 1017 1019 1018
f 1017 870 873
f 1033 1015 1017
f 1017 1018 1033
f 1012 974 973
f 1018 974 1033
f 1015 1012 1013
f 881 886 882
f 922 923 1034
f 919 878 877
f 922 904 902
f 875 1021 876
f 880 879 881
f 1034 881 879
f 879 878 1034
f 1034 878 922
f 920 1034 923
f 1036 1002 1035
f 1035 1001 1037
f 1001 1038 1037
f 1041 1039 1040
f 1037 1042 1035
f 1004 1038 1003
f 1045 1039 1044
f 1037 1044 1039
f 1043 1005 1046
f 1048 1044 1047
f 1044 1043 1047
f 1046 1010 1049
f 1048 1050 1051
f 1046 1047 1043
f 1051 1052 1053
f 1049 1050 1046
f 1006 1081 1080
f 1054 1007 1055
f 1056 1083 1082
f 1082 1054 1056
f 1008 1055 1007
f 1058 1060 1055
f 1058 1009 1036
f 1036 1059 1058
f 1060 1057 1056
f 1055 1056 1054
f 1060 1063 1062
f 1064 1059 1061
f 1061 1041 1064
f 1035 1061 1036
f 1061 1035 1042
f 1041 1061 1042
f 1059 1064 1063
f 1063 1060 1059
f 1056 1055 1060
f 1057 1060 1062
f 1059 1036 1061
f 1009 1058 1008
f 1060 1058 1059
f 1055 1008 1058
f 1054 1082 1081
f 1083 1056 1057
f 1007 1054 1006
f 1081 1006 1054
f 1050 1049 1052
f 1052 1051 1050
f 1047 1046 1050
f 1050 1048 1047
f 1010 1046 1005
f 1043 1044 1038
f 1044 1048 1045
f 1005 1043 1004
f 1044 1037 1038
f 1039 1045 1040
f 1038 1004 1043
f 1042 1037 1039
f 1039 1041 1042
f 1038 1001 1003
f 1001 1035 1002
f 1002 1036 1009
f 1034 920 886
f 879 880 1021
f 1021 875 879
f 904 922 919
f 878 919 922
f 886 881 1034
f 1012 1015 1033
f 974 1012 1033
f 870 1017 1015
f 1019 1017 1016
f 947 973 974
f 1032 979 1030
f 1031 1023 1032
f 1031 1030 1027
f 1027 885 1031
f 1023 980 1032
f 978 1022 1029
f 1031 889 1026
f 1027 1029 1028
f 1022 1028 1029
f 1028 1021 880
f 1030 978 1029
f 1028 883 1027
f 1024 1026 1025
f 892 1026 889
f 982 1023 1024
f 977 1019 1022
f 1016 1022 1019
f 876 1020 1016
f 1018 976 975
f 876 1017 873
f 870 1013 866
f 1011 1013 1012
f 1013 865 866
f 1012 972 1011
f 1010 970 998
f 996 1002 1009
f 1009 993 996
f 993 1007 990
f 990 1006 986
f 1006 983 986
f 968 936 971
f 1000 936 954
f 968 931 934
f 962 931 965
f 926 961 927
f 927 997 952
f 994 952 997
f 946 994 991
f 991 939 946
f 987 939 988
f 1004 970 1005
f 967 1003 963
f 1001 963 1003
f 1002 958 1001
f 971 999 969
f 969 998 970
f 997 960 995
f 995 959 996
f 995 994 997
f 993 995 996
f 991 992 989
f 992 990 989
f 989 988 991
f 986 989 990
f 987 985 984
f 985 983 984
f 980 938 935
f 938 982 956
f 979 935 932
f 929 979 932
f 929 977 978
f 953 977 928
f 950 976 953
f 950 974 975
f 944 972 973
f 969 968 971
f 969 967 966
f 965 966 964
f 967 964 966
f 964 962 965
f 964 958 957
f 961 957 960
f 960 958 959
f 938 955 937
f 954 937 955
f 924 953 928
f 924 952 951
f 951 950 953
f 949 951 952
f 950 945 947
f 946 948 949
f 945 944 947
f 942 946 939
f 944 941 943
f 940 942 939
f 935 937 933
f 937 934 933
f 933 932 935
f 933 931 930
f 929 930 925
f 925 931 926
f 929 924 928
f 924 926 927
f 916 895 894
f 895 920 898
f 923 898 920
f 900 922 902
f 908 918 917
f 919 906 904
f 915 908 917
f 894 1079 916
f 910 914 912
f 916 887 921
f 887 920 921
f 874 919 877
f 918 871 917
f 868 917 871
f 890 1079 1077
f 868 914 915
f 855 911 913
f 911 912 913
f 856 909 911
f 910 909 908
f 909 858 907
f 906 909 907
f 907 859 905
f 905 906 907
f 859 903 905
f 903 904 905
f 903 862 901
f 901 902 903
f 862 899 901
f 900 899 898
f 863 896 899
f 898 896 895
f 897 854 853
f 897 894 893
f 893 864 854
f 895 893 894
f 888 1077 891
f 889 891 892
f 887 888 884
f 889 884 888
f 884 886 887
f 882 885 883
f 882 880 881
f 875 878 879
f 877 872 874
f 876 872 875
f 871 872 869
f 872 870 869
f 867 871 869
f 869 866 867
f 1076 867 1075
f 867 865 1075
f 1074 854 864
f 863 1074 864
f 1073 862 861
f 861 860 1072
f 860 1071 1072
f 1070 859 858
f 1070 857 1068
f 857 1067 1068
f 1067 855 1069
f 1066 853 854
f 2167 2166 2168
f 2170 2167 2168
f 2379 2171 2172
f 2174 2175 2173
f 2171 2173 2172
f 2170 2177 2169
f 2176 2179 2177
f 2180 2179 2178
f 2182 2181 2180
f 2184 2183 2182
f 2182 2187 2184
f 2383 2187 2186
f 2189 2166 2188
f 2191 2188 2190
f 2192 2173 2193
f 2379 2192 2386
f 2386 2187 2382
f 2193 2187 2192
f 2180 2186 2182
f 2387 2186 2194
f 2196 2378 2195
f 2195 2176 2196
f 2195 2387 2194
f 2194 2178 2195
f 2197 2176 2170
f 2388 2196 2197
f 2197 2191 2388
f 2168 2197 2170
f 2185 2193 2198
f 2173 2198 2193
f 2203 2201 2202
f 2385 2201 2175
f 2202 2199 2204
f 2389 2201 2390
f 2204 2203 2202
f 2175 2200 2198
f 2206 2203 2205
f 2208 2203 2207
f 2209 2185 2208
f 2198 2208 2185
f 2211 2206 2210
f 2209 2207 2211
f 2183 2212 2181
f 2213 2211 2210
f 2212 2211 2214
f 2212 2179 2181
f 2217 2213 2216
f 2215 2214 2217
f 2215 2177 2179
f 2216 2220 2217
f 2218 2217 2220
f 2169 2218 2221
f 2219 2223 2220
f 2218 2223 2221
f 2224 2391 2393
f 2167 2393 2384
f 2225 2222 2226
f 2224 2223 2225
f 2391 2226 2392
f 2169 2224 2167
f 2227 2229 2230
f 2228 2232 2229
f 2233 2228 2227
f 2235 2228 2234
f 2233 2237 2234
f 2234 2238 2235
f 2237 2239 2240
f 2240 2238 2237
f 2239 2243 2240
f 2241 2243 2244
f 2246 2243 2245
f 2247 2246 2245
f 2249 2247 2250
f 2252 2250 2251
f 2255 2254 2251
f 2254 2252 2251
f 2258 2260 2257
f 2262 2258 2261
f 2261 2264 2262
f 2264 2265 2266
f 2265 2268 2266
f 2270 2271 2269
f 2273 2275 2272
f 2268 2273 2272
f 2277 2269 2276
f 2274 2276 2275
f 2247 2278 2279
f 2245 2242 2278
f 2250 2255 2251
f 2250 2279 2280
f 2281 2227 2230
f 2283 2260 2259
f 2282 2284 2283
f 2233 2282 2285
f 2262 2283 2259
f 2283 2285 2282
f 2285 2236 2233
f 2264 2286 2262
f 2286 2287 2285
f 2287 2239 2236
f 2266 2288 2264
f 2288 2289 2287
f 2292 2272 2291
f 2278 2293 2294
f 2292 2266 2268
f 2289 2292 2293
f 2293 2291 2294
f 2275 2291 2272
f 2275 2296 2295
f 2239 2293 2242
f 2297 2278 2294
f 2294 2295 2297
f 2297 2296 2298
f 2269 2296 2276
f 2297 2280 2279
f 2300 2296 2299
f 2280 2300 2255
f 2271 2299 2269
f 2299 2302 2300
f 2300 2253 2255
f 2231 2304 2232
f 2306 2303 2305
f 2249 2308 2307
f 2310 2308 2309
f 2311 2252 2256
f 2308 2395 2309
f 2315 2313 2314
f 2241 2317 2238
f 2313 2317 2316
f 2318 2246 2319
f 2323 2321 2322
f 2321 2319 2322
f 2244 2316 2241
f 2321 2316 2318
f 2307 2248 2249
f 2324 2246 2248
f 2321 2314 2313
f 2322 2324 2325
f 2231 2326 2303
f 2238 2326 2235
f 2324 2310 2325
f 2327 2303 2326
f 2327 2317 2312
f 2328 2305 2327
f 2330 2199 2329
f 2331 2330 2329
f 2306 2328 2331
f 2330 2205 2204
f 2333 2330 2328
f 2333 2328 2327
f 2315 2327 2312
f 2332 2206 2205
f 2333 2334 2332
f 2335 2333 2315
f 2210 2334 2336
f 2335 2336 2334
f 2335 2314 2337
f 2336 2213 2210
f 2337 2338 2336
f 2320 2337 2314
f 2323 2339 2320
f 2341 2213 2338
f 2340 2338 2339
f 2341 2219 2216
f 2340 2342 2341
f 2343 2340 2323
f 2323 2325 2343
f 2344 2392 2226
f 2345 2396 2344
f 2345 2395 2397
f 2222 2344 2226
f 2347 2343 2325
f 2346 2219 2342
f 2342 2347 2346
f 2345 2346 2347
f 2345 2310 2309
f 2325 2310 2347
f 2350 2348 2349
f 2353 2350 2352
f 2352 2267 2353
f 2349 2355 2350
f 2355 2352 2350
f 2356 2273 2352
f 2357 2355 2354
f 2356 2358 2359
f 2274 2359 2277
f 2351 2361 2348
f 2360 2353 2362
f 2265 2353 2267
f 2364 2360 2363
f 2362 2363 2360
f 2365 2265 2263
f 2363 2367 2364
f 2365 2366 2363
f 2261 2365 2263
f 2366 2370 2367
f 2371 2366 2368
f 2258 2368 2261
f 2373 2369 2372
f 2374 2369 2371
f 2258 2374 2371
f 2375 2358 2357
f 2359 2376 2377
f 2376 2399 2398
f 2400 2376 2398
f 2359 2270 2277
f 2394 2377 2400
f 2377 2394 2270
f 2270 2359 2377
f 2376 2400 2377
f 2399 2376 2375
f 2376 2359 2358
f 2358 2375 2376
f 2374 2258 2257
f 2369 2374 2372
f 2369 2373 2370
f 2368 2258 2371
f 2366 2371 2369
f 2370 2366 2369
f 2365 2261 2368
f 2366 2365 2368
f 2367 2363 2366
f 2265 2365 2362
f 2363 2362 2365
f 2360 2364 2361
f 2353 2265 2362
f 2353 2360 2351
f 2361 2351 2360
f 2359 2274 2356
f 2358 2356 2355
f 2355 2357 2358
f 2273 2356 2274
f 2352 2355 2356
f 2355 2349 2354
f 2267 2352 2273
f 2350 2353 2351
f 2348 2350 2351
f 2310 2345 2347
f 2346 2345 2344
f 2347 2342 2343
f 2219 2346 2222
f 2344 2222 2346
f 2395 2345 2309
f 2396 2345 2397
f 2392 2344 2396
f 2325 2323 2322
f 2342 2340 2343
f 2219 2341 2342
f 2338 2340 2341
f 2213 2341 2216
f 2339 2323 2340
f 2337 2320 2339
f 2338 2337 2339
f 2213 2336 2338
f 2314 2335 2315
f 2336 2335 2337
f 2334 2210 2206
f 2334 2333 2335
f 2206 2332 2334
f 2327 2315 2333
f 2330 2333 2332
f 2205 2330 2332
f 2328 2306 2305
f 2330 2331 2328
f 2199 2330 2204
f 2317 2327 2326
f 2303 2327 2305
f 2310 2324 2307
f 2326 2238 2317
f 2326 2231 2235
f 2324 2322 2319
f 2314 2321 2320
f 2246 2324 2319
f 2248 2307 2324
f 2316 2321 2313
f 2316 2244 2318
f 2319 2321 2318
f 2321 2323 2320
f 2246 2318 2244
f 2317 2313 2312
f 2317 2241 2316
f 2313 2315 2312
f 2395 2308 2311
f 2252 2311 2308
f 2308 2310 2307
f 2308 2249 2252
f 2303 2306 2304
f 2304 2231 2303
f 2253 2300 2302
f 2302 2299 2301
f 2299 2271 2301
f 2300 2280 2298
f 2296 2300 2298
f 2280 2297 2298
f 2296 2269 2299
f 2296 2297 2295
f 2295 2294 2291
f 2278 2297 2279
f 2293 2239 2289
f 2296 2275 2276
f 2291 2275 2295
f 2291 2293 2292
f 2292 2289 2290
f 2266 2292 2290
f 2293 2278 2242
f 2272 2292 2268
f 2289 2288 2290
f 2288 2266 2290
f 2239 2287 2289
f 2287 2286 2288
f 2286 2264 2288
f 2236 2285 2287
f 2285 2283 2286
f 2283 2262 2286
f 2282 2233 2227
f 2284 2282 2281
f 2260 2283 2284
f 2227 2281 2282
f 2279 2250 2247
f 2255 2250 2280
f 2242 2245 2243
f 2278 2247 2245
f 2276 2274 2277
f 2269 2277 2270
f 2273 2268 2267
f 2275 2273 2274
f 2271 2270 2394
f 2268 2265 2267
f 2265 2264 2263
f 2264 2261 2263
f 2258 2262 2259
f 2260 2258 2259
f 2252 2254 2256
f 2254 2255 2253
f 2250 2252 2249
f 2247 2249 2248
f 2246 2247 2248
f 2243 2246 2244
f 2243 2241 2240
f 2243 2239 2242
f 2238 2240 2241
f 2239 2237 2236
f 2238 2234 2237
f 2237 2233 2236
f 2228 2235 2231
f 2228 2233 2234
f 2232 2228 2231
f 2229 2227 2228
f 2224 2169 2221
f 2226 2391 2225
f 2223 2224 2221
f 2222 2225 2223
f 2393 2167 2224
f 2391 2224 2225
f 2223 2218 2220
f 2223 2219 2222
f 2218 2169 2177
f 2217 2218 2215
f 2220 2216 2219
f 2177 2215 2218
f 2214 2215 2212
f 2213 2217 2214
f 2179 2212 2215
f 2211 2212 2209
f 2211 2213 2214
f 2212 2183 2209
f 2207 2209 2208
f 2206 2211 2207
f 2208 2198 2200
f 2185 2209 2183
f 2203 2208 2200
f 2203 2206 2207
f 2200 2175 2201
f 2203 2204 2205
f 2201 2389 2202
f 2199 2202 2389
f 2201 2385 2390
f 2201 2203 2200
f 2198 2173 2175
f 2193 2185 2184
f 2197 2168 2189
f 2191 2197 2189
f 2196 2388 2381
f 2176 2197 2196
f 2178 2194 2180
f 2387 2195 2378
f 2176 2195 2178
f 2378 2196 2381
f 2186 2387 2383
f 2186 2180 2194
f 2187 2193 2184
f 2187 2386 2192
f 2192 2379 2172
f 2173 2192 2172
f 2188 2191 2189
f 2166 2189 2168
f 2187 2383 2382
f 2187 2182 2186
f 2183 2184 2185
f 2181 2182 2183
f 2179 2180 2181
f 2179 2176 2178
f 2177 2170 2176
f 2173 2171 2174
f 2175 2174 2385
f 2171 2379 2380
f 2167 2170 2169
f 2166 2167 2384
f 6 4 5
f 7 4 3
f 8 9 10
f 11 10 9
f 12 13 14
f 16 18 15
f 3 18 17
f 16 20 17
f 3 20 7
f 20 21 22
f 22 7 20
f 23 22 21
f 22 11 9
f 24 13 11
f 27 10 26
f 26 29 30
f 26 12 28
f 31 29 28
f 28 14 31
f 29 34 30
f 35 32 31
f 36 29 32
f 36 35 38
f 14 35 31
f 41 40 37
f 13 39 14
f 35 40 38
f 39 43 40
f 37 43 80
f 25 42 13
f 45 42 44
f 43 1 80
f 16 47 19
f 48 16 15
f 48 18 49
f 49 6 50
f 5 52 53
f 25 23 54
f 53 6 5
f 55 25 54
f 27 30 56
f 58 57 56
f 34 56 30
f 21 61 23
f 19 60 21
f 54 61 62
f 1 63 2
f 44 63 45
f 55 62 63
f 4 27 64
f 65 51 64
f 52 65 66
f 64 57 65
f 65 59 66
f 4 51 5
f 64 56 57
f 67 52 66
f 67 59 68
f 58 68 59
f 34 69 58
f 33 70 34
f 82 33 36
f 36 41 82
f 72 63 62
f 61 72 62
f 61 74 73
f 74 47 75
f 48 76 46
f 46 75 47
f 77 52 81
f 53 78 50
f 78 49 50
f 48 79 83
f 79 48 49
f 49 78 79
f 78 53 77
f 52 77 53
f 75 46 76
f 76 48 83
f 47 74 60
f 74 61 60
f 72 61 73
f 63 72 2
f 41 36 38
f 33 82 71
f 70 33 71
f 69 34 70
f 68 58 69
f 59 67 66
f 52 67 81
f 56 64 27
f 51 4 64
f 59 65 57
f 65 52 51
f 27 4 8
f 62 55 54
f 63 44 55
f 63 1 45
f 61 54 23
f 60 19 47
f 61 21 60
f 56 34 58
f 57 58 59
f 30 27 26
f 25 55 44
f 6 53 50
f 23 25 24
f 52 5 51
f 6 49 18
f 18 48 15
f 16 48 46
f 47 16 46
f 1 43 45
f 42 45 43
f 42 25 44
f 43 37 40
f 43 39 42
f 40 35 39
f 39 13 42
f 40 41 38
f 35 14 39
f 35 36 32
f 29 36 33
f 34 29 33
f 14 28 12
f 29 31 32
f 12 26 10
f 29 26 28
f 10 27 8
f 13 24 25
f 11 22 24
f 22 23 24
f 7 22 9
f 21 20 19
f 20 3 17
f 20 16 19
f 18 3 6
f 18 16 17
f 13 12 11
f 10 11 12
f 9 8 7
f 4 7 8
f 4 6 3
f 398 323 322
f 324 398 322
f 325 323 320
f 329 327 328
f 325 328 326
f 330 331 327
f 332 393 391
f 332 392 333
f 334 399 324
f 335 395 334
f 397 335 336
f 336 400 397
f 401 337 338
f 339 401 338
f 333 394 340
f 394 341 340
f 389 342 341
f 342 319 343
f 343 344 345
f 345 346 347
f 346 339 347
f 348 349 350
f 350 324 322
f 350 351 348
f 350 323 351
f 353 348 352
f 334 349 353
f 348 355 354
f 351 326 355
f 357 359 356
f 327 358 328
f 355 357 354
f 358 326 328
f 356 361 360
f 361 327 331
f 361 362 360
f 331 362 361
f 362 363 360
f 362 333 364
f 364 365 363
f 364 340 366
f 365 367 368
f 341 366 340
f 370 367 369
f 341 369 367
f 343 369 342
f 372 374 371
f 345 373 372
f 371 370 372
f 372 343 345
f 376 373 375
f 375 347 339
f 376 377 378
f 375 338 377
f 380 377 379
f 338 379 377
f 379 336 380
f 381 380 382
f 380 335 382
f 381 353 352
f 334 382 335
f 381 376 378
f 381 384 383
f 374 383 385
f 383 386 385
f 387 374 385
f 386 387 385
f 368 387 365
f 365 388 363
f 354 352 348
f 386 354 357
f 356 386 357
f 356 363 388
f 363 356 360
f 386 356 388
f 354 386 384
f 352 354 384
f 388 365 387
f 387 368 371
f 387 386 388
f 374 387 371
f 386 383 384
f 383 374 376
f 384 381 352
f 376 381 383
f 382 334 353
f 353 381 382
f 335 380 336
f 380 381 378
f 336 379 337
f 379 338 337
f 377 380 378
f 338 375 339
f 377 376 375
f 347 375 373
f 373 376 374
f 343 372 370
f 370 371 368
f 373 345 347
f 374 372 373
f 369 343 370
f 369 341 342
f 367 370 368
f 366 341 367
f 367 365 366
f 340 364 333
f 365 364 366
f 333 362 332
f 363 362 364
f 362 331 332
f 327 361 359
f 361 356 359
f 326 358 355
f 357 355 358
f 358 327 359
f 359 357 358
f 326 351 323
f 355 348 351
f 349 334 324
f 348 353 349
f 323 350 322
f 324 350 349
f 339 346 321
f 346 345 344
f 344 343 319
f 319 342 390
f 342 389 390
f 341 394 389
f 394 333 392
f 401 339 321
f 337 401 400
f 400 336 337
f 335 397 396
f 395 335 396
f 399 334 395
f 392 332 391
f 393 332 331
f 331 330 393
f 328 325 329
f 327 329 330
f 323 325 326
f 398 324 399
f 323 398 320
f 1554 1558 1559
f 1556 1559 1560
f 1556 1561 1557
f 1561 1556 1560
f 1559 1556 1554
f 1558 1554 1555
f 1645 1658 1644
f 1646 1647 1648
f 1648 1649 1650
f 1649 1652 1650
f 1654 1652 1651
f 1655 1654 1659
f 1660 1644 1658
f 1659 1657 1655
f 1657 1659 1661
f 1644 1660 1656
f 1654 1655 1653
f 1652 1654 1653
f 1652 1649 1651
f 1649 1648 1647
f 1647 1646 1645
f 1658 1645 1646
f 1982 1979 1980
f 1979 1982 1981
f 646 644 645
f 650 648 649
f 648 821 651
f 653 819 820
f 654 822 653
f 653 824 655
f 655 654 653
f 825 655 824
f 655 643 646
f 826 656 825
f 657 827 659
f 827 660 659
f 828 660 658
f 662 650 661
f 661 663 660
f 660 664 659
f 663 649 665
f 821 662 829
f 667 643 666
f 666 656 657
f 666 664 668
f 659 666 657
f 668 667 666
f 664 665 668
f 829 669 830
f 662 828 669
f 654 645 670
f 823 670 652
f 831 672 673
f 675 671 674
f 670 674 652
f 672 677 673
f 676 675 678
f 675 645 678
f 679 677 676
f 679 678 681
f 681 645 644
f 680 682 683
f 684 679 681
f 681 667 684
f 686 682 685
f 684 685 682
f 687 667 668
f 689 685 688
f 690 685 687
f 690 668 665
f 688 692 689
f 691 690 693
f 690 649 693
f 691 695 692
f 693 694 691
f 696 649 648
f 697 695 694
f 697 696 699
f 648 699 696
f 700 833 832
f 700 834 702
f 704 700 703
f 705 700 702
f 706 704 703
f 705 706 703
f 710 706 709
f 706 711 709
f 710 712 713
f 711 712 709
f 715 713 712
f 714 715 712
f 719 715 718
f 718 717 720
f 722 835 721
f 722 837 836
f 721 718 722
f 722 720 723
f 838 726 725
f 726 728 725
f 729 728 727
f 731 733 734
f 731 736 732
f 737 736 735
f 738 840 724
f 733 740 734
f 730 740 739
f 741 740 742
f 742 743 741
f 743 710 713
f 734 745 731
f 743 745 741
f 743 716 746
f 735 745 747
f 747 746 748
f 750 843 749
f 746 719 748
f 835 750 721
f 749 840 737
f 737 747 749
f 750 747 748
f 750 719 721
f 707 744 751
f 727 753 729
f 752 751 753
f 729 742 740
f 742 751 744
f 751 704 707
f 839 755 726
f 841 755 842
f 727 755 752
f 754 755 756
f 833 756 841
f 754 701 704
f 758 834 845
f 759 845 846
f 702 760 705
f 758 761 760
f 705 762 708
f 763 760 761
f 708 764 711
f 762 765 764
f 711 766 714
f 766 765 767
f 714 768 717
f 766 769 768
f 717 770 720
f 769 770 768
f 773 847 772
f 723 847 837
f 772 720 770
f 772 771 773
f 774 831 673
f 848 775 849
f 775 846 849
f 776 673 677
f 776 775 774
f 761 775 777
f 680 776 677
f 776 779 777
f 763 777 779
f 683 778 680
f 780 779 778
f 781 763 779
f 686 780 683
f 782 781 780
f 767 781 783
f 784 686 689
f 783 784 785
f 785 767 783
f 692 784 689
f 785 786 787
f 771 785 787
f 788 692 695
f 773 787 789
f 788 787 786
f 698 788 695
f 789 757 773
f 790 789 788
f 792 851 850
f 792 852 794
f 838 794 852
f 792 796 793
f 795 794 797
f 728 794 725
f 798 796 795
f 797 798 795
f 730 797 728
f 798 802 799
f 798 803 801
f 803 730 739
f 801 805 802
f 803 804 801
f 806 739 733
f 805 807 808
f 804 809 807
f 732 806 733
f 811 807 810
f 812 807 809
f 812 732 736
f 811 813 814
f 813 812 815
f 815 736 738
f 817 813 816
f 813 818 816
f 724 815 738
f 815 724 818
f 818 813 815
f 813 817 814
f 736 815 812
f 812 813 810
f 813 811 810
f 732 812 809
f 807 812 810
f 807 811 808
f 806 732 809
f 809 804 806
f 807 805 804
f 739 806 803
f 804 803 806
f 805 801 804
f 730 803 800
f 803 798 800
f 802 798 801
f 797 730 800
f 798 797 800
f 796 798 799
f 794 728 797
f 794 795 792
f 796 792 795
f 794 838 725
f 852 792 850
f 851 792 793
f 789 790 791
f 757 789 791
f 788 698 790
f 787 788 789
f 787 773 771
f 692 788 786
f 785 771 769
f 786 785 784
f 784 692 786
f 767 785 769
f 784 783 782
f 686 784 782
f 781 767 765
f 781 782 783
f 780 686 782
f 763 781 765
f 779 780 781
f 778 683 780
f 777 763 761
f 779 776 778
f 776 680 778
f 775 761 759
f 775 776 777
f 673 776 774
f 846 775 759
f 775 848 774
f 831 774 848
f 771 772 770
f 720 772 723
f 847 723 772
f 847 773 757
f 770 769 771
f 770 717 768
f 769 766 767
f 768 714 766
f 765 766 764
f 766 711 764
f 765 762 763
f 764 708 762
f 760 763 762
f 762 705 760
f 761 758 759
f 760 702 758
f 845 759 758
f 834 758 702
f 701 754 756
f 756 833 701
f 755 754 752
f 755 727 726
f 755 841 756
f 755 839 842
f 704 751 754
f 751 742 753
f 742 729 753
f 751 752 754
f 753 727 752
f 744 707 710
f 719 750 748
f 747 750 749
f 747 737 735
f 840 749 843
f 750 835 844
f 719 746 716
f 843 750 844
f 746 747 745
f 745 735 731
f 716 743 713
f 745 743 746
f 745 734 741
f 710 743 744
f 743 742 744
f 740 741 734
f 740 730 729
f 740 733 739
f 840 738 737
f 736 737 738
f 736 731 735
f 733 731 732
f 728 729 730
f 728 726 727
f 726 838 839
f 720 722 718
f 718 721 719
f 837 722 723
f 835 722 836
f 717 718 715
f 715 719 716
f 715 714 717
f 713 715 716
f 712 711 714
f 712 710 709
f 711 706 708
f 706 710 707
f 706 705 708
f 704 706 707
f 700 705 703
f 700 704 701
f 834 700 832
f 833 700 701
f 699 648 651
f 696 697 694
f 695 697 698
f 649 696 693
f 694 693 696
f 695 691 694
f 649 690 665
f 690 691 688
f 692 688 691
f 668 690 687
f 685 690 688
f 685 689 686
f 667 687 684
f 685 684 687
f 682 686 683
f 667 681 644
f 679 684 682
f 682 680 679
f 645 681 678
f 678 679 676
f 677 679 680
f 645 675 670
f 675 676 672
f 677 672 676
f 674 670 675
f 671 675 672
f 672 831 671
f 670 823 654
f 645 654 646
f 828 662 661
f 669 829 662
f 665 664 663
f 666 659 664
f 656 666 643
f 643 667 644
f 662 821 647
f 649 663 650
f 664 660 663
f 663 661 650
f 650 662 647
f 660 828 661
f 660 827 658
f 827 657 826
f 656 826 657
f 643 655 656
f 655 825 656
f 654 655 646
f 824 653 820
f 822 654 823
f 819 653 822
f 821 648 647
f 648 650 647
f 644 646 643
f 1085 1254 1084
f 1086 1084 1257
f 1086 1258 1087
f 1259 1087 1258
f 1260 1088 1259
f 1089 1261 1090
f 1261 1091 1090
f 1091 1263 1092
f 1263 1264 1092
f 1265 1094 1095
f 1096 1095 1094
f 1094 1099 1098
f 1100 1094 1098
f 1267 1103 1102
f 1103 1101 1104
f 1102 1106 1105
f 1106 1104 1107
f 1108 1106 1109
f 1109 1107 1110
f 1108 1112 1111
f 1113 1109 1110
f 1111 1115 1114
f 1115 1113 1116
f 1114 1118 1117
f 1115 1119 1118
f 1099 1118 1098
f 1100 1118 1119
f 1121 1270 1269
f 1264 1122 1092
f 1122 1124 1123
f 1091 1122 1123
f 1124 1125 1123
f 1125 1091 1123
f 1127 1126 1128
f 1090 1127 1089
f 1129 1130 1127
f 1088 1127 1130
f 1127 1128 1129
f 1129 1131 1130
f 1131 1088 1130
f 1132 1133 1131
f 1086 1131 1133
f 1136 1133 1134
f 1086 1135 1085
f 1135 1120 1268
f 1085 1268 1255
f 1271 1096 1137
f 1100 1137 1096
f 1139 1100 1119
f 1139 1116 1140
f 1140 1113 1141
f 1113 1142 1141
f 1110 1143 1142
f 1143 1104 1144
f 1101 1144 1104
f 1121 1271 1137
f 1124 1139 1126
f 1137 1124 1121
f 1139 1128 1126
f 1140 1129 1128
f 1129 1142 1132
f 1132 1143 1134
f 1136 1143 1144
f 1136 1145 1120
f 1273 1147 1146
f 1146 1274 1273
f 1150 1275 1276
f 1277 1150 1276
f 1152 1147 1153
f 1148 1152 1154
f 1153 1155 1152
f 1155 1154 1152
f 1156 1158 1155
f 1155 1160 1157
f 1162 1158 1159
f 1158 1163 1160
f 1164 1162 1165
f 1166 1161 1164
f 1164 1168 1167
f 1169 1164 1167
f 1150 1168 1149
f 1169 1150 1151
f 1278 1148 1170
f 1151 1279 1171
f 1170 1154 1172
f 1157 1172 1154
f 1173 1160 1174
f 1174 1163 1175
f 1163 1176 1175
f 1177 1166 1169
f 1177 1151 1171
f 1179 1280 1178
f 1180 1281 1179
f 1181 1283 1284
f 1181 1285 1183
f 1185 1178 1184
f 1180 1185 1186
f 1187 1184 1188
f 1186 1187 1189
f 1190 1188 1191
f 1190 1189 1187
f 1191 1193 1190
f 1193 1192 1190
f 1194 1197 1193
f 1197 1195 1193
f 1199 1197 1196
f 1201 1197 1200
f 1181 1199 1182
f 1183 1200 1181
f 1180 1272 1282
f 1275 1183 1285
f 1180 1153 1147
f 1156 1186 1189
f 1156 1192 1159
f 1162 1192 1195
f 1198 1162 1195
f 1198 1168 1165
f 1183 1168 1201
f 1280 1203 1178
f 1182 1286 1283
f 1184 1203 1205
f 1206 1184 1205
f 1206 1191 1188
f 1194 1207 1208
f 1194 1209 1196
f 1196 1210 1199
f 1210 1182 1199
f 1211 1265 1288
f 1211 1287 1212
f 1212 1278 1170
f 1213 1093 1211
f 1213 1212 1214
f 1212 1172 1214
f 1099 1215 1117
f 1214 1215 1213
f 1172 1216 1214
f 1217 1117 1215
f 1217 1216 1218
f 1218 1173 1174
f 1219 1114 1217
f 1219 1218 1220
f 1174 1220 1218
f 1219 1108 1111
f 1222 1219 1220
f 1175 1222 1220
f 1105 1221 1223
f 1223 1222 1224
f 1102 1290 1267
f 1176 1224 1222
f 1279 1226 1171
f 1102 1223 1225
f 1225 1289 1290
f 1224 1225 1223
f 1177 1226 1224
f 1286 1227 1291
f 1227 1210 1228
f 1230 1292 1229
f 1292 1227 1229
f 1205 1232 1206
f 1203 1231 1205
f 1233 1202 1234
f 1235 1237 1238
f 1235 1231 1233
f 1236 1239 1240
f 1235 1234 1239
f 1209 1228 1210
f 1242 1230 1229
f 1229 1228 1242
f 1208 1241 1209
f 1245 1243 1242
f 1242 1241 1245
f 1247 1206 1232
f 1232 1249 1247
f 1247 1208 1207
f 1244 1249 1250
f 1245 1251 1246
f 1250 1241 1244
f 1251 1249 1252
f 1248 1252 1249
f 1248 1237 1253
f 1232 1238 1248
f 1238 1232 1231
f 1237 1248 1238
f 1252 1248 1253
f 1249 1251 1250
f 1241 1250 1245
f 1251 1245 1250
f 1249 1244 1247
f 1208 1247 1244
f 1249 1232 1248
f 1206 1247 1207
f 1241 1242 1228
f 1243 1245 1246
f 1241 1208 1244
f 1228 1229 1227
f 1230 1242 1243
f 1228 1209 1241
f 1234 1235 1233
f 1239 1236 1235
f 1231 1235 1238
f 1237 1235 1236
f 1202 1233 1203
f 1231 1203 1233
f 1232 1205 1231
f 1227 1292 1291
f 1292 1230 1293
f 1210 1227 1204
f 1227 1286 1204
f 1226 1177 1171
f 1225 1224 1226
f 1289 1225 1226
f 1223 1102 1105
f 1226 1279 1289
f 1224 1176 1177
f 1290 1102 1225
f 1222 1223 1221
f 1221 1105 1108
f 1222 1175 1176
f 1219 1222 1221
f 1108 1219 1221
f 1220 1174 1175
f 1218 1219 1217
f 1114 1219 1111
f 1173 1218 1216
f 1216 1217 1215
f 1117 1217 1114
f 1216 1172 1173
f 1215 1214 1216
f 1215 1099 1213
f 1172 1212 1170
f 1212 1213 1211
f 1093 1213 1099
f 1278 1212 1287
f 1287 1211 1288
f 1265 1211 1093
f 1182 1210 1204
f 1210 1196 1209
f 1209 1194 1208
f 1207 1194 1191
f 1191 1206 1207
f 1184 1206 1188
f 1203 1184 1178
f 1286 1182 1204
f 1203 1280 1202
f 1168 1183 1149
f 1168 1198 1201
f 1162 1198 1165
f 1192 1162 1159
f 1192 1156 1189
f 1186 1156 1153
f 1153 1180 1186
f 1183 1275 1149
f 1272 1180 1147
f 1200 1183 1201
f 1199 1181 1200
f 1197 1201 1198
f 1197 1199 1200
f 1195 1197 1198
f 1197 1194 1196
f 1192 1193 1195
f 1193 1191 1194
f 1189 1190 1192
f 1188 1190 1187
f 1187 1186 1185
f 1184 1187 1185
f 1185 1180 1179
f 1178 1185 1179
f 1285 1181 1284
f 1283 1181 1182
f 1281 1180 1282
f 1280 1179 1281
f 1151 1177 1169
f 1166 1177 1176
f 1176 1163 1166
f 1163 1174 1160
f 1160 1173 1157
f 1172 1157 1173
f 1154 1170 1148
f 1279 1151 1277
f 1148 1278 1274
f 1150 1169 1167
f 1168 1150 1167
f 1164 1169 1166
f 1168 1164 1165
f 1161 1166 1163
f 1162 1164 1161
f 1163 1158 1161
f 1158 1162 1161
f 1160 1155 1158
f 1158 1156 1159
f 1154 1155 1157
f 1155 1153 1156
f 1152 1148 1146
f 1147 1152 1146
f 1150 1277 1151
f 1275 1150 1149
f 1274 1146 1148
f 1147 1273 1272
f 1145 1136 1144
f 1143 1136 1134
f 1143 1132 1142
f 1142 1129 1141
f 1129 1140 1141
f 1128 1139 1140
f 1124 1137 1138
f 1139 1124 1138
f 1271 1121 1269
f 1144 1101 1145
f 1104 1143 1107
f 1143 1110 1107
f 1142 1113 1110
f 1113 1140 1116
f 1116 1139 1119
f 1100 1139 1138
f 1137 1100 1138
f 1096 1271 1097
f 1268 1085 1135
f 1120 1135 1136
f 1135 1086 1133
f 1133 1136 1135
f 1131 1086 1087
f 1133 1132 1134
f 1088 1131 1087
f 1131 1129 1132
f 1127 1088 1089
f 1127 1090 1125
f 1126 1127 1125
f 1091 1125 1090
f 1125 1124 1126
f 1122 1091 1092
f 1124 1122 1121
f 1122 1264 1270
f 1270 1121 1122
f 1118 1100 1098
f 1118 1099 1117
f 1119 1115 1116
f 1118 1114 1115
f 1113 1115 1112
f 1115 1111 1112
f 1109 1113 1112
f 1112 1108 1109
f 1107 1109 1106
f 1106 1108 1105
f 1104 1106 1103
f 1106 1102 1103
f 1101 1103 1266
f 1103 1267 1266
f 1094 1100 1096
f 1099 1094 1093
f 1095 1096 1097
f 1094 1265 1093
f 1264 1263 1256
f 1263 1091 1262
f 1091 1261 1262
f 1261 1089 1260
f 1088 1260 1089
f 1087 1259 1088
f 1258 1086 1257
f 1084 1086 1085
f 1254 1085 1255
f 87 85 86
f 91 89 90
f 226 93 227
f 93 90 89
f 95 91 94
f 97 90 96
f 94 86 95
f 91 98 94
f 99 94 98
f 101 84 100
f 87 102 84
f 101 103 104
f 100 102 105
f 100 228 103
f 92 96 90
f 107 226 106
f 108 96 107
f 110 96 109
f 98 110 111
f 113 115 112
f 117 113 116
f 116 109 117
f 98 118 99
f 113 119 120
f 116 120 121
f 122 111 121
f 110 121 111
f 106 108 107
f 124 115 114
f 124 117 126
f 126 109 108
f 99 127 102
f 105 127 128
f 105 229 228
f 230 128 129
f 127 122 130
f 127 129 128
f 120 122 121
f 130 131 132
f 129 231 230
f 132 129 130
f 134 133 132
f 232 133 135
f 120 136 131
f 136 132 131
f 108 233 126
f 126 234 124
f 124 235 125
f 88 137 138
f 138 89 88
f 140 89 139
f 142 139 141
f 141 144 142
f 146 143 145
f 146 147 148
f 149 147 145
f 145 151 149
f 138 141 139
f 151 141 152
f 227 140 153
f 154 140 142
f 144 154 142
f 155 146 156
f 156 148 157
f 137 86 158
f 159 101 160
f 159 86 85
f 137 152 138
f 158 162 163
f 137 163 161
f 151 161 164
f 163 164 161
f 162 165 163
f 167 151 164
f 168 164 165
f 166 168 165
f 149 170 150
f 168 170 167
f 172 168 169
f 125 238 173
f 174 112 175
f 176 119 174
f 177 136 176
f 179 176 178
f 180 237 236
f 135 177 180
f 180 179 181
f 135 236 232
f 125 182 115
f 182 112 115
f 184 173 183
f 238 183 173
f 182 185 175
f 174 185 186
f 178 174 186
f 187 101 104
f 169 189 172
f 189 190 240
f 166 188 169
f 241 188 191
f 162 191 166
f 192 159 160
f 187 192 160
f 191 193 241
f 194 150 170
f 196 150 195
f 147 197 148
f 157 197 198
f 199 240 242
f 200 189 199
f 201 172 200
f 170 201 194
f 202 196 195
f 203 197 196
f 205 197 204
f 206 201 200
f 202 194 208
f 201 208 194
f 243 199 242
f 200 209 206
f 212 210 211
f 203 213 212
f 214 212 211
f 215 203 212
f 215 216 217
f 217 204 215
f 219 221 218
f 220 207 206
f 210 222 223
f 219 223 222
f 222 207 219
f 213 208 222
f 243 224 209
f 225 220 224
f 224 245 225
f 220 209 224
f 209 220 206
f 245 224 244
f 220 225 221
f 224 243 244
f 208 213 202
f 207 222 208
f 223 219 218
f 222 210 213
f 207 220 219
f 221 219 220
f 204 217 205
f 216 215 214
f 203 215 204
f 212 214 215
f 213 203 202
f 210 212 213
f 209 200 199
f 199 243 209
f 208 201 207
f 194 202 195
f 201 206 207
f 197 205 198
f 197 203 204
f 196 202 203
f 201 170 171
f 172 201 171
f 189 200 172
f 240 199 189
f 197 157 148
f 197 147 196
f 150 196 147
f 150 194 195
f 193 191 192
f 192 187 193
f 159 192 162
f 191 162 192
f 188 241 190
f 188 166 191
f 190 189 188
f 189 169 188
f 101 187 160
f 174 178 176
f 185 174 175
f 185 182 184
f 183 238 239
f 173 184 182
f 112 182 175
f 182 125 173
f 236 135 180
f 179 180 177
f 177 135 134
f 237 180 181
f 176 179 177
f 136 177 134
f 119 176 136
f 112 174 119
f 238 125 235
f 168 172 171
f 170 168 171
f 170 149 167
f 168 166 169
f 164 168 167
f 151 167 149
f 165 162 166
f 164 163 165
f 161 151 152
f 163 137 158
f 162 158 159
f 152 137 161
f 86 159 158
f 101 159 85
f 86 137 95
f 148 156 146
f 146 155 144
f 154 144 155
f 140 154 153
f 140 227 93
f 141 151 143
f 141 138 152
f 151 145 143
f 147 149 150
f 147 146 145
f 143 146 144
f 144 141 143
f 139 142 140
f 89 140 93
f 89 138 139
f 137 88 95
f 235 124 234
f 234 126 233
f 233 108 123
f 132 136 134
f 136 120 119
f 133 232 231
f 133 134 135
f 129 132 133
f 231 129 133
f 131 130 122
f 122 120 131
f 129 127 130
f 122 127 118
f 128 230 229
f 229 105 128
f 127 105 102
f 127 99 118
f 109 126 117
f 117 124 114
f 115 124 125
f 108 106 123
f 121 110 116
f 111 122 118
f 120 116 113
f 119 113 112
f 118 98 111
f 109 116 110
f 113 117 114
f 115 113 114
f 110 98 97
f 96 110 97
f 96 108 109
f 226 107 92
f 96 92 107
f 228 100 105
f 102 100 84
f 103 101 100
f 102 87 99
f 84 101 85
f 94 99 87
f 98 91 97
f 86 94 87
f 90 97 91
f 91 95 88
f 90 93 92
f 93 226 92
f 89 91 88
f 85 87 84
f 2401 2537 2402
f 2403 2538 2401
f 2404 2541 2405
f 2541 2406 2405
f 2407 2405 2408
f 2406 2408 2405
f 2407 2411 2410
f 2411 2409 2412
f 2413 2411 2414
f 2411 2415 2414
f 2414 2417 2413
f 2416 2415 2418
f 2416 2420 2417
f 2418 2419 2416
f 2420 2401 2402
f 2421 2401 2419
f 2422 2402 2537
f 2543 2423 2422
f 2544 2404 2426
f 2427 2544 2426
f 2404 2428 2426
f 2426 2429 2427
f 2430 2407 2410
f 2430 2429 2428
f 2430 2413 2432
f 2432 2431 2430
f 2413 2434 2432
f 2435 2432 2434
f 2417 2436 2434
f 2435 2436 2437
f 2420 2423 2436
f 2436 2424 2437
f 2438 2539 2403
f 2439 2545 2438
f 2547 2406 2542
f 2440 2548 2441
f 2409 2440 2442
f 2443 2440 2441
f 2412 2442 2444
f 2444 2443 2445
f 2444 2415 2412
f 2447 2444 2445
f 2446 2418 2415
f 2448 2447 2449
f 2418 2450 2421
f 2451 2448 2449
f 2421 2438 2403
f 2450 2439 2438
f 2549 2452 2453
f 2452 2456 2455
f 2458 2452 2457
f 2457 2455 2459
f 2461 2550 2460
f 2550 2463 2551
f 2464 2462 2461
f 2463 2465 2466
f 2465 2467 2468
f 2469 2465 2468
f 2471 2467 2470
f 2472 2468 2471
f 2474 2470 2473
f 2474 2472 2471
f 2473 2457 2474
f 2475 2457 2459
f 2554 2478 2479
f 2479 2480 2481
f 2483 2480 2482
f 2485 2482 2484
f 2486 2485 2484
f 2486 2489 2487
f 2476 2488 2490
f 2555 2490 2491
f 2492 2477 2556
f 2478 2493 2480
f 2494 2480 2493
f 2495 2482 2494
f 2496 2484 2495
f 2497 2486 2496
f 2491 2488 2497
f 2499 2492 2498
f 2492 2557 2498
f 2498 2451 2499
f 2439 2557 2546
f 2499 2494 2493
f 2500 2451 2449
f 2495 2500 2501
f 2449 2501 2500
f 2501 2496 2495
f 2447 2502 2501
f 2502 2497 2496
f 2445 2503 2502
f 2504 2497 2503
f 2504 2443 2441
f 2504 2548 2558
f 2558 2491 2504
f 2505 2435 2506
f 2433 2507 2431
f 2508 2505 2506
f 2507 2509 2510
f 2470 2508 2473
f 2510 2470 2467
f 2511 2435 2437
f 2512 2506 2511
f 2508 2458 2473
f 2511 2424 2513
f 2512 2513 2514
f 2453 2512 2514
f 2559 2424 2543
f 2514 2559 2560
f 2453 2560 2549
f 2429 2507 2515
f 2510 2515 2507
f 2516 2467 2464
f 2464 2517 2516
f 2516 2518 2515
f 2515 2427 2429
f 2519 2427 2518
f 2520 2518 2517
f 2460 2517 2461
f 2521 2523 2524
f 2522 2525 2523
f 2528 2524 2527
f 2530 2527 2529
f 2532 2530 2529
f 2562 2533 2534
f 2536 2534 2533
f 2526 2536 2525
f 2523 2475 2524
f 2525 2472 2523
f 2524 2459 2527
f 2459 2529 2527
f 2529 2456 2532
f 2561 2463 2533
f 2533 2466 2536
f 2469 2536 2466
f 2552 2476 2490
f 2476 2552 2553
f 2536 2469 2525
f 2466 2533 2463
f 2463 2561 2551
f 2456 2529 2455
f 2529 2459 2455
f 2459 2524 2475
f 2472 2525 2469
f 2475 2523 2472
f 2536 2526 2535
f 2534 2536 2535
f 2533 2562 2561
f 2530 2532 2531
f 2527 2530 2528
f 2524 2528 2521
f 2525 2522 2526
f 2523 2521 2522
f 2517 2460 2520
f 2518 2520 2519
f 2427 2519 2425
f 2427 2515 2518
f 2518 2516 2517
f 2517 2464 2461
f 2467 2516 2510
f 2515 2510 2516
f 2507 2429 2431
f 2560 2453 2514
f 2559 2514 2513
f 2424 2559 2513
f 2512 2453 2458
f 2513 2512 2511
f 2424 2511 2437
f 2458 2508 2512
f 2506 2512 2508
f 2435 2511 2506
f 2470 2510 2509
f 2508 2470 2509
f 2509 2507 2505
f 2505 2508 2509
f 2507 2433 2505
f 2435 2505 2433
f 2491 2558 2555
f 2548 2504 2441
f 2443 2504 2503
f 2497 2504 2491
f 2503 2445 2443
f 2497 2502 2503
f 2502 2447 2445
f 2496 2501 2502
f 2501 2449 2447
f 2500 2495 2494
f 2451 2500 2499
f 2494 2499 2500
f 2557 2439 2498
f 2451 2498 2439
f 2557 2492 2556
f 2492 2499 2493
f 2488 2491 2490
f 2486 2497 2488
f 2484 2496 2486
f 2482 2495 2484
f 2480 2494 2482
f 2493 2478 2492
f 2477 2492 2478
f 2490 2555 2552
f 2488 2476 2489
f 2489 2486 2488
f 2485 2486 2487
f 2482 2485 2483
f 2480 2483 2481
f 2480 2479 2478
f 2478 2554 2477
f 2457 2475 2474
f 2457 2473 2458
f 2472 2474 2475
f 2470 2474 2471
f 2468 2472 2469
f 2467 2471 2468
f 2465 2469 2466
f 2467 2465 2464
f 2465 2463 2462
f 2462 2464 2465
f 2463 2550 2462
f 2550 2461 2462
f 2455 2457 2452
f 2452 2458 2453
f 2456 2452 2454
f 2452 2549 2454
f 2439 2450 2451
f 2438 2421 2450
f 2448 2451 2450
f 2450 2418 2448
f 2447 2448 2446
f 2418 2446 2448
f 2444 2447 2446
f 2415 2444 2446
f 2443 2444 2442
f 2442 2412 2409
f 2440 2443 2442
f 2440 2409 2406
f 2548 2440 2547
f 2406 2547 2440
f 2545 2439 2546
f 2539 2438 2545
f 2424 2436 2423
f 2423 2420 2402
f 2436 2435 2434
f 2436 2417 2420
f 2432 2435 2433
f 2434 2413 2417
f 2431 2432 2433
f 2413 2430 2410
f 2429 2430 2431
f 2407 2430 2428
f 2429 2426 2428
f 2428 2404 2407
f 2544 2427 2425
f 2404 2544 2540
f 2423 2543 2424
f 2402 2422 2423
f 2401 2421 2403
f 2401 2420 2419
f 2419 2418 2421
f 2420 2416 2419
f 2415 2416 2414
f 2417 2414 2416
f 2415 2411 2412
f 2411 2413 2410
f 2409 2411 2408
f 2411 2407 2408
f 2408 2406 2409
f 2405 2407 2404
f 2406 2541 2542
f 2541 2404 2540
f 2538 2403 2539
f 2537 2401 2538
f 625 570 571
f 625 572 624
f 573 626 627
f 627 574 573
f 574 637 575
f 575 638 576
f 576 639 577
f 639 578 577
f 578 635 579
f 635 580 579
f 580 633 581
f 623 572 582
f 640 582 583
f 640 584 641
f 641 585 642
f 642 586 631
f 631 587 629
f 587 630 629
f 589 630 588
f 589 633 632
f 571 590 572
f 591 593 590
f 593 594 590
f 594 572 590
f 571 596 591
f 591 597 592
f 598 596 599
f 596 573 599
f 598 573 574
f 598 575 600
f 601 598 600
f 602 575 576
f 603 600 602
f 604 576 577
f 604 603 602
f 607 604 606
f 604 578 606
f 606 579 607
f 579 608 607
f 607 609 605
f 580 610 608
f 608 610 609
f 589 610 581
f 612 610 611
f 613 589 588
f 612 613 614
f 614 615 616
f 588 615 613
f 587 616 615
f 616 585 617
f 617 614 616
f 619 585 584
f 618 619 620
f 619 583 595
f 593 619 595
f 583 594 595
f 622 620 621
f 603 621 601
f 593 621 620
f 621 597 601
f 618 612 614
f 609 622 603
f 605 609 603
f 622 609 612
f 612 618 622
f 597 621 592
f 621 593 592
f 621 603 622
f 620 622 618
f 594 583 582
f 619 593 620
f 583 619 584
f 619 618 617
f 585 619 617
f 614 617 618
f 585 616 586
f 616 587 586
f 615 588 587
f 615 614 613
f 613 612 611
f 589 613 611
f 610 612 609
f 610 589 611
f 610 580 581
f 609 607 608
f 608 579 580
f 579 606 578
f 578 604 577
f 604 607 605
f 603 604 605
f 576 604 602
f 600 603 601
f 575 602 600
f 598 601 597
f 575 598 574
f 573 598 599
f 573 596 570
f 596 598 597
f 597 591 596
f 596 571 570
f 572 594 582
f 594 593 595
f 593 591 592
f 590 571 591
f 633 589 581
f 630 589 632
f 630 587 588
f 587 631 586
f 586 642 585
f 585 641 584
f 584 640 583
f 582 640 623
f 572 623 624
f 633 580 634
f 580 635 634
f 635 578 636
f 578 639 636
f 639 576 638
f 638 575 637
f 637 574 628
f 574 627 628
f 626 573 570
f 572 625 571
f 570 625 626
f 299 246 247
f 299 248 301
f 301 249 302
f 249 303 302
f 304 250 251
f 251 305 304
f 253 305 252
f 253 307 306
f 307 255 308
f 255 309 308
f 309 257 310
f 257 311 310
f 311 259 312
f 313 259 260
f 316 261 262
f 262 317 316
f 318 246 300
f 264 317 263
f 314 261 315
f 260 314 313
f 262 266 267
f 265 266 261
f 268 260 269
f 264 270 271
f 270 262 267
f 272 267 266
f 273 274 275
f 269 277 268
f 269 259 276
f 258 276 259
f 279 276 278
f 277 266 268
f 277 274 272
f 270 281 271
f 264 281 246
f 246 282 247
f 281 283 282
f 273 270 267
f 280 275 283
f 252 285 284
f 251 286 285
f 286 249 287
f 278 257 288
f 290 287 289
f 248 287 249
f 248 282 289
f 283 289 282
f 291 283 275
f 286 291 285
f 292 257 256
f 293 252 284
f 274 291 275
f 285 294 284
f 295 278 288
f 295 288 292
f 293 254 253
f 295 274 279
f 256 297 292
f 297 295 292
f 293 297 296
f 297 254 296
f 298 294 295
f 294 293 284
f 293 294 298
f 254 297 255
f 297 293 298
f 295 297 298
f 297 256 255
f 274 295 294
f 254 293 296
f 278 295 279
f 294 285 291
f 291 274 294
f 252 293 253
f 257 292 288
f 291 286 290
f 283 291 290
f 289 283 290
f 282 248 247
f 287 248 289
f 287 290 286
f 257 278 258
f 249 286 250
f 286 251 250
f 285 252 251
f 275 280 273
f 270 273 280
f 283 281 280
f 282 246 281
f 281 264 271
f 281 270 280
f 274 277 279
f 266 277 272
f 276 279 277
f 276 258 278
f 259 269 260
f 277 269 276
f 274 273 272
f 267 272 273
f 262 270 263
f 270 264 263
f 260 268 265
f 266 265 268
f 266 262 261
f 314 260 265
f 261 314 265
f 317 264 318
f 246 318 264
f 317 262 263
f 261 316 315
f 259 313 312
f 259 311 258
f 311 257 258
f 257 309 256
f 309 255 256
f 255 307 254
f 307 253 254
f 305 253 306
f 305 251 252
f 250 304 303
f 303 249 250
f 249 301 248
f 248 299 247
f 246 299 300
f 1840 1841 1843
f 1847 1849 1850
f 1842 1848 1852
f 1851 1841 1844
f 1843 1842 1852
f 1845 1840 1843
f 1852 1853 1854
f 1853 1852 1848
f 1840 1845 1846
f 1842 1843 1841
f 1841 1851 1855
f 1848 1842 1847
f 1849 1847 1842
f 1841 1840 1844
f 1720 1719 1716
f 1718 1726 1725
f 1723 1728 1724
f 1727 1716 1731
f 1718 1719 1728
f 1721 1717 1722
f 1728 1729 1724
f 1729 1728 1730
f 1717 1721 1719
f 1719 1718 1716
f 1716 1727 1720
f 1728 1723 1718
f 1726 1718 1723
f 1719 1720 1717
f 1978 1977 1976
f 1977 1978 1975
