# Decoded from sources/assets/lusion.dev/assets/models/tunnels/astronaut_glove_shoes.buf
# Position/index data decoded from public .buf header and payload.
v 0.0729594 1.3869547 -0.1759429
v -0.0022425 1.3865460 -0.1755861
v 0.0006688 1.3488940 -0.1769845
v 0.0766772 1.3498932 -0.1773198
v 0.0007672 1.3042248 -0.1769560
v 0.0763034 1.3035208 -0.1769631
v 0.0011999 1.2542189 -0.1769203
v 0.0757133 1.2541281 -0.1769417
v 0.0741593 1.2060525 -0.1766206
v 0.0006491 1.2053940 -0.1769346
v 0.0722315 1.1570459 -0.1751010
v -0.0007082 1.1556152 -0.1796599
v 0.0002951 1.1076532 -0.1789893
v 0.0750051 1.1086524 -0.1726681
v 0.0725069 1.0658681 -0.1660473
v -0.0004328 1.0650051 -0.1721616
v 0.0671958 1.0341886 -0.1613671
v -0.0011999 1.0337799 -0.1674885
v -0.0754182 1.3480310 -0.1773127
v -0.0774050 1.3862280 -0.1764423
v -0.0749658 1.3050650 -0.1769845
v -0.0733134 1.2543098 -0.1769845
v -0.0728217 1.2048489 -0.1768632
v -0.0738642 1.1537303 -0.1764137
v -0.0742183 1.1070627 -0.1743019
v -0.0736282 1.0663223 -0.1668820
v -0.0695956 1.0347791 -0.1620377
v -0.0763624 1.4337132 -0.1738382
v -0.0014950 1.4333498 -0.1730534
v 0.0740806 1.4326458 -0.1720688
v 0.0703235 1.4626221 -0.1786611
v 0.0306079 1.4591021 -0.1813722
v -0.0046620 1.4564679 -0.1791463
v -0.0381419 1.4563316 -0.1808300
v -0.0750445 1.4600105 -0.1793175
v 0.1491251 1.4735453 -0.1644991
v 0.1466072 1.0661633 -0.1649843
v 0.1484563 1.1108779 -0.1661115
v 0.1456827 1.1587264 -0.1738239
v 0.1478465 1.2065976 -0.1810155
v 0.1502267 1.2540373 -0.1801166
v 0.1518987 1.3027260 -0.1824923
v 0.1527052 1.3508924 -0.1816077
v 0.1481219 1.3872727 -0.1752223
v 0.1511315 1.4325096 -0.1654123
v -0.1479252 1.1069719 -0.1651555
v -0.1472367 1.0667765 -0.1649201
v -0.1464498 1.2043493 -0.1814222
v -0.1478268 1.2543779 -0.1819287
v -0.1477088 1.4729775 -0.1617737
v -0.1510332 1.4339175 -0.1662685
v -0.1525872 1.3858420 -0.1764922
v -0.1513676 1.3470545 -0.1817147
v -0.1503840 1.3058826 -0.1831630
v -0.1471187 1.1518228 -0.1742306
v 0.1379323 1.0335755 -0.1653481
v -0.1273691 1.0065969 -0.1640782
v -0.0643435 1.0056431 -0.1649486
v -0.0025375 1.0066196 -0.1686514
v 0.0594848 1.0035765 -0.1662899
v 0.1246348 1.0054387 -0.1678238
v 0.1083473 1.4705022 -0.1705420
v -0.1182811 1.4692986 -0.1689439
v -0.1398994 1.0345293 -0.1638570
v 0.1083473 1.4705022 -0.1705420
v -0.1182811 1.4692986 -0.1689439
v 0.1094095 1.4715241 -0.1875864
v 0.0720152 1.4662556 -0.1938005
v 0.0315128 1.4610324 -0.1977102
v -0.0017704 1.4570129 -0.1985878
v -0.0382599 1.4585117 -0.1990373
v -0.0781131 1.4650066 -0.1975319
v -0.1219596 1.4697982 -0.1888706
v 0.0326340 1.4467256 -0.2160103
v -0.0016327 1.4412754 -0.2146618
v 0.1059278 1.4500411 -0.2109947
v 0.0714840 1.4519941 -0.2108520
v 0.1009314 1.4115716 -0.2342461
v 0.0698317 1.4118214 -0.2274540
v 0.0356633 1.4096186 -0.2264980
v 0.0665467 1.3722618 -0.2444127
v 0.0348962 1.3706495 -0.2385767
v 0.0919615 1.3778256 -0.2578969
v -0.1169632 1.4550599 -0.2147903
v -0.0791360 1.4520396 -0.2190924
v -0.0017310 1.4045090 -0.2223314
v -0.1111602 1.4264916 -0.2471595
v -0.0781328 1.4244932 -0.2384982
v -0.0394795 1.4448407 -0.2188070
v -0.0016327 1.3682877 -0.2378276
v -0.1005970 1.3921097 -0.2612288
v -0.0700284 1.3853878 -0.2537018
v -0.0406991 1.4140015 -0.2300938
v -0.0361158 1.3731702 -0.2471524
v 0.0425088 1.2956861 -0.2849581
v 0.0169170 1.2783135 -0.2862851
v 0.0068651 1.2993877 -0.2682134
v 0.0393025 1.3161699 -0.2670648
v 0.0806310 1.3492119 -0.2726868
v 0.0554129 1.3416043 -0.2591669
v 0.0644615 1.3238456 -0.2787083
v 0.0319062 1.3367218 -0.2520680
v -0.0002754 1.3304540 -0.2523106
v -0.0548621 1.3017949 -0.2940403
v -0.0535048 1.3261620 -0.2790293
v -0.0235854 1.3022945 -0.2747629
v -0.0196709 1.2797215 -0.2910510
v -0.0302538 1.3357907 -0.2594166
v -0.0760084 1.3322935 -0.2883399
v -0.0867683 1.3622016 -0.2750554
v -0.0625338 1.3543669 -0.2689840
v 0.1024460 1.2233116 -0.2524533
v 0.1290411 1.2482010 -0.2225954
v 0.1150748 1.2014653 -0.2277965
v 0.0768149 1.1913596 -0.2624916
v 0.0916664 1.1595893 -0.2339321
v 0.0518131 1.1562056 -0.2665012
v 0.0780345 1.1421259 -0.2437064
v 0.0517148 1.1261613 -0.2606937
v 0.1445418 1.4704341 -0.1824567
v 0.1521347 1.0703191 -0.1827920
v 0.1490661 1.1064042 -0.1820999
v 0.1336638 1.0707733 -0.2091183
v 0.1339195 1.0933918 -0.2062217
v 0.1481809 1.1342231 -0.1853676
v 0.1395454 1.1184401 -0.1984023
v 0.1443254 1.1265700 -0.2157106
v 0.1496169 1.1508008 -0.1976032
v 0.1478858 1.1946752 -0.2236156
v 0.1278805 1.1510961 -0.2300724
v 0.1495185 1.1713982 -0.2023405
v 0.1517216 1.2020557 -0.2003429
v 0.1588818 1.2485416 -0.2191066
v 0.1579573 1.2540146 -0.2007495
v 0.1521151 1.2780637 -0.2297299
v 0.1525085 1.2997511 -0.2071064
v 0.1236316 1.2750888 -0.2512975
v 0.0916074 1.2444767 -0.2790151
v 0.0832276 1.3199850 -0.2951462
v 0.0586389 1.2807434 -0.3040715
v 0.0757526 1.2629393 -0.2945612
v 0.1077375 1.3000236 -0.2743705
v 0.1553411 1.4349168 -0.1906043
v 0.1362603 1.4477702 -0.2184360
v 0.1489874 1.4371650 -0.2115298
v 0.1277625 1.4196107 -0.2490502
v 0.1473547 1.4052357 -0.2351022
v 0.1150157 1.3844340 -0.2735929
v 0.0988659 1.3528227 -0.2860640
v 0.1537674 1.3871818 -0.2057366
v 0.1561869 1.3499840 -0.2120007
v 0.1529806 1.3627920 -0.2380487
v 0.1397027 1.3755547 -0.2543011
v 0.1244578 1.3355863 -0.2680565
v 0.1460564 1.3224831 -0.2449121
v -0.1398994 1.0345293 -0.1638570
v -0.1423386 1.0556262 -0.2149543
v -0.1422403 1.0392528 -0.1924307
v -0.1476694 1.0672761 -0.1854746
v -0.1461154 1.0786534 -0.2109448
v -0.1514856 1.1156014 -0.1870656
v -0.1512889 1.1072671 -0.2064928
v -0.1546133 1.2138645 -0.2060505
v -0.1560492 1.2604867 -0.1994083
v -0.1507578 1.4703887 -0.1806445
v -0.1538068 1.1785970 -0.2071706
v -0.1563836 1.1402410 -0.2030040
v -0.1520757 1.2178614 -0.2278464
v -0.1459974 1.1945843 -0.2404245
v -0.1539445 1.1590670 -0.2298441
v -0.1587048 1.1193485 -0.2246216
v -0.1317163 1.1546160 -0.2561847
v -0.1497742 1.1385151 -0.2429858
v -0.1515249 1.0629613 -0.2395613
v -0.1578393 1.0957989 -0.2353804
v -0.1432041 1.4460216 -0.2099531
v -0.1554985 1.4363020 -0.1859597
v -0.1590982 1.2640748 -0.2206334
v -0.1336834 1.2334626 -0.2337752
v -0.1561476 1.3909743 -0.1930871
v -0.1545739 1.3497569 -0.2014131
v -0.1545739 1.3056328 -0.2033536
v -0.1353161 1.4154776 -0.2402961
v -0.1508561 1.3897253 -0.2181292
v -0.1463712 1.3493709 -0.2248856
v -0.1498529 1.3066093 -0.2260414
v -0.1279592 1.3910197 -0.2647318
v -0.1406863 1.2579433 -0.2521323
v -0.1377946 1.3017495 -0.2491429
v -0.1388569 1.3479856 -0.2475662
v -0.1445811 1.3813228 -0.2451904
v 0.0232707 1.1221190 -0.2803492
v 0.0314931 1.1668336 -0.2873482
v 0.0590914 1.2037135 -0.2861139
v 0.0424891 1.2302152 -0.3011677
v 0.0198283 1.2530835 -0.3049989
v -0.0028916 1.1214604 -0.2921711
v 0.0036391 1.1705352 -0.2977432
v 0.0204577 1.2006704 -0.2988989
v -0.1114553 1.3539354 -0.2856502
v -0.1319917 1.3687646 -0.2632121
v -0.1289427 1.3453967 -0.2641396
v -0.0940269 1.3181910 -0.2986207
v -0.1237300 1.3025897 -0.2711386
v -0.1184582 1.2609636 -0.2749127
v -0.0339520 1.1307485 -0.2974720
v -0.0246673 1.1828891 -0.3031725
v -0.0040325 1.2179976 -0.3047278
v -0.0968202 1.1737826 -0.2637686
v -0.1148977 1.2122522 -0.2501631
v -0.1197171 1.2290570 -0.2705036
v -0.0691432 1.1352223 -0.2854504
v -0.0746511 1.1301581 -0.2670077
v -0.0918238 1.1810723 -0.2863422
v -0.1050033 1.2664820 -0.2895242
v -0.1057508 1.2062115 -0.2812410
v -0.0365682 1.2267861 -0.3071678
v -0.0512820 1.1931310 -0.3022165
v -0.0858438 1.2736808 -0.3028372
v -0.0949908 1.2417515 -0.2925421
v -0.0857061 1.2191558 -0.2937978
v -0.0740609 1.2498360 -0.3052558
v -0.0654648 1.2254463 -0.3042641
v -0.0573407 1.2788131 -0.3064258
v -0.0489412 1.2533106 -0.3085020
v -0.0189431 1.2553771 -0.3062047
v -0.0739036 1.1903604 -0.2949536
v -0.0542327 1.1363350 -0.2937835
v -0.0544687 1.0922563 -0.2816263
v -0.1086030 1.1226413 -0.2651527
v -0.1474531 1.1076078 -0.2546436
v -0.1373816 1.0766777 -0.2584249
v -0.1141699 1.0880778 -0.2671932
v -0.1217432 1.0586238 -0.2587959
v 0.0274212 1.0897128 -0.2774455
v -0.0027343 1.0877826 -0.2837952
v -0.0286605 1.0890316 -0.2871127
v -0.0167203 1.0684342 -0.2778736
v 0.0246280 1.0706143 -0.2758402
v 0.0200053 1.0485863 -0.2687128
v -0.0129238 1.0464971 -0.2685916
v -0.0502198 1.0697060 -0.2739353
v -0.0509083 1.0444532 -0.2662657
v -0.0809654 1.0909392 -0.2723372
v -0.0831292 1.0708187 -0.2682491
v -0.0908992 1.0477461 -0.2623845
v -0.0915877 1.0281934 -0.2526388
v -0.1325622 1.0409333 -0.2428431
v 0.1338605 1.1004316 -0.2350594
v 0.1074621 1.1217329 -0.2513261
v 0.0761657 1.0994324 -0.2657378
v 0.1087407 1.0928467 -0.2468599
v 0.1002429 1.0689111 -0.2475376
v 0.0697333 1.0743387 -0.2624987
v 0.0641665 1.0488361 -0.2592668
v 0.0904271 1.0421823 -0.2481013
v 0.1296706 1.0642784 -0.2327407
v 0.1355325 1.0488134 -0.2076486
v 0.1290804 1.0424548 -0.2263553
v 0.1177893 1.0313500 -0.2331331
v 0.1481612 1.0461337 -0.1922666
v 0.1379127 1.0255818 -0.2079483
v 0.1374209 1.0149085 -0.1868159
v -0.1323261 1.0044395 -0.1874580
v -0.0981971 0.9947426 -0.1937791
v 0.1135994 0.9988530 -0.1950633
v -0.1190483 1.0237424 -0.2310926
v -0.1262085 1.0127738 -0.2116725
v -0.0937318 1.0162710 -0.2340606
v 0.1174943 1.0114339 -0.2163170
v 0.0937515 1.0197455 -0.2363650
v 0.0606060 1.0289201 -0.2498064
v 0.0208315 1.0292380 -0.2575402
v -0.0095797 1.0263085 -0.2552144
v -0.0506722 1.0202678 -0.2545080
v -0.0985119 1.0037582 -0.2155750
v 0.0586980 1.0187917 -0.2329404
v 0.0852340 1.0065287 -0.2196631
v 0.0591307 1.0067785 -0.2162742
v 0.0738446 0.9946291 -0.1987091
v 0.0216970 1.0190643 -0.2334113
v 0.0282868 0.9944701 -0.1981883
v 0.0278737 1.0078459 -0.2162172
v -0.0067274 0.9944701 -0.2018197
v -0.0083798 1.0156124 -0.2338465
v -0.0058226 1.0045757 -0.2160459
v -0.0497477 1.0093220 -0.2353662
v -0.0549998 0.9931530 -0.2009707
v -0.0518722 0.9997386 -0.2194990
v 0.0703235 1.4626221 -0.1786611
v 0.0306079 1.4591021 -0.1813722
v -0.0046620 1.4564679 -0.1791463
v -0.0381419 1.4563316 -0.1808300
v -0.0750445 1.4600105 -0.1793175
v 0.1491251 1.4735453 -0.1644991
v 0.1466072 1.0661633 -0.1649843
v 0.1484563 1.1108779 -0.1661115
v 0.1456827 1.1587264 -0.1738239
v 0.1478465 1.2065976 -0.1810155
v 0.1502267 1.2540373 -0.1801166
v 0.1518987 1.3027260 -0.1824923
v 0.1527052 1.3508924 -0.1816077
v 0.1481219 1.3872727 -0.1752223
v 0.1511315 1.4325096 -0.1654123
v -0.1479252 1.1069719 -0.1651555
v -0.1472367 1.0667765 -0.1649201
v -0.1464498 1.2043493 -0.1814222
v -0.1478268 1.2543779 -0.1819287
v -0.1477088 1.4729775 -0.1617737
v -0.1510332 1.4339175 -0.1662685
v -0.1525872 1.3858420 -0.1764922
v -0.1513676 1.3470545 -0.1817147
v -0.1503840 1.3058826 -0.1831630
v -0.1471187 1.1518228 -0.1742306
v 0.1379323 1.0335755 -0.1653481
v -0.1273691 1.0065969 -0.1640782
v -0.0643435 1.0056431 -0.1649486
v -0.0025375 1.0066196 -0.1686514
v 0.0594848 1.0035765 -0.1662899
v 0.1246348 1.0054387 -0.1678238
v -0.5782457 0.9834334 0.0852657
v -0.5792883 0.9723740 0.0882622
v -0.5753541 0.9762572 0.0982291
v -0.5749804 0.9882477 0.0966737
v -0.5633549 0.9869079 0.1003480
v -0.5656760 0.9751445 0.1013326
v -0.5537555 0.9813214 0.0943764
v -0.6304523 0.9533890 -0.0181633
v -0.6296655 0.9600428 -0.0162370
v -0.6263017 0.9606105 -0.0241991
v -0.6265378 0.9537069 -0.0254262
v -0.6408189 0.9375833 0.0106245
v -0.6393829 0.9497782 0.0119586
v -0.6376519 0.9502551 0.0024198
v -0.6389501 0.9381738 0.0012355
v -0.6428056 0.9435332 0.0362944
v -0.6439072 0.9287267 0.0374502
v -0.6445760 0.9300438 0.0472316
v -0.6429237 0.9446459 0.0464896
v -0.6362946 0.9498918 0.0720098
v -0.6363929 0.9387415 0.0741073
v -0.6349176 0.9408989 0.0838744
v -0.6347406 0.9519129 0.0820480
v -0.6180990 0.9577946 -0.0257544
v -0.6180596 0.9516858 -0.0266248
v -0.6289967 0.9475073 -0.0014757
v -0.6297048 0.9365841 -0.0019822
v -0.6344455 0.9398543 0.0315143
v -0.6350946 0.9262060 0.0329555
v -0.6287213 0.9455770 0.0660168
v -0.6290360 0.9344949 0.0683712
v -0.6256133 0.9498236 0.0868495
v -0.6259280 0.9389005 0.0885761
v -0.6346816 0.9421252 0.0525754
v -0.6367667 0.9290900 0.0539951
v -0.6325178 0.9465081 0.0182941
v -0.6343865 0.9354714 0.0178803
v -0.6251215 0.9567500 -0.0096518
v -0.6265771 0.9510272 -0.0111715
v -0.6230954 0.9629269 -0.0083391
v -0.6280131 0.9675596 -0.0150241
v -0.6202628 0.9698305 -0.0058848
v -0.6257116 0.9747811 -0.0132476
v -0.6241379 0.9677640 -0.0234071
v -0.6216791 0.9752580 -0.0224939
v -0.6163679 0.9639715 -0.0252906
v -0.6128272 0.9713293 -0.0241420
v -0.6267935 0.9594751 -0.0016612
v -0.6358028 0.9637671 0.0023342
v -0.6383207 0.9633811 0.0129146
v -0.6343471 0.9722604 0.0138493
v -0.6318883 0.9726010 0.0027123
v -0.6312785 0.9583396 0.0200991
v -0.6269115 0.9670600 0.0209980
v -0.6257706 0.9605878 0.0608086
v -0.6346619 0.9662197 0.0665733
v -0.6327735 0.9686496 0.0779457
v -0.6283082 0.9795728 0.0745282
v -0.6299802 0.9758712 0.0630845
v -0.6230167 0.9659926 0.0837746
v -0.6177449 0.9769839 0.0803143
v -0.6326751 0.9560460 0.0282253
v -0.6416057 0.9609739 0.0339472
v -0.6414680 0.9621321 0.0458761
v -0.6365306 0.9713066 0.0327842
v -0.6360782 0.9726010 0.0448630
v -0.6317112 0.9580217 0.0523827
v -0.6268525 0.9686950 0.0504849
v -0.6273640 0.9662424 0.0273192
v -0.6211676 0.9699895 0.0580761
v -0.6229184 0.9680138 -0.0007265
v -0.5340649 1.0761327 0.0542163
v -0.5433889 1.0634382 0.0545659
v -0.5310159 1.0553083 0.0498072
v -0.5195084 1.0656637 0.0505064
v -0.5104402 1.0761781 0.0508916
v -0.5258228 1.0886909 0.0547799
v -0.5091812 1.0847395 0.0405823
v -0.5208264 1.0959579 0.0450556
v -0.5487394 1.0859431 -0.0283085
v -0.5366615 1.0933009 -0.0228221
v -0.5575126 1.0764960 -0.0261539
v -0.5574339 1.1012719 -0.0139896
v -0.5454937 1.1048599 -0.0122060
v -0.5657941 1.0861021 -0.0074900
v -0.5588699 1.1098333 0.0092404
v -0.5485230 1.1118544 0.0079205
v -0.5327666 1.1052460 0.0414883
v -0.5428185 1.0996368 0.0471603
v -0.5528309 1.1089022 0.0315642
v -0.5427201 1.1124903 0.0283109
v -0.5654597 1.0899854 0.0132143
v -0.5493295 1.0857387 0.0483018
v -0.5585945 1.0695697 0.0519832
v -0.5599911 1.0903260 0.0338116
v -0.5355205 1.0473600 0.0581688
v -0.5481493 1.0538776 0.0620143
v -0.5716166 1.0742932 0.0379496
v -0.5653810 1.0640968 -0.0200539
v -0.5575323 1.0470194 -0.0156234
v -0.5750197 1.0697741 -0.0029097
v -0.5686857 1.0545362 -0.0144533
v -0.5769475 1.0732486 0.0179159
v -0.5784031 1.0610310 0.0011284
v -0.5763770 1.0449983 -0.0126412
v -0.5658727 1.0348926 -0.0184915
v -0.6093651 0.9787780 -0.0234143
v -0.6185121 0.9829792 -0.0209386
v -0.5404776 1.0382082 0.0668087
v -0.5520834 1.0418871 0.0733724
v -0.5530670 1.0298057 0.0824689
v -0.5541686 1.0165889 0.0890826
v -0.5436250 1.0118200 0.0793226
v -0.5414021 1.0246053 0.0743356
v -0.5857797 1.0348926 -0.0140039
v -0.5755902 1.0251276 -0.0181989
v -0.5656760 1.0442716 0.0692202
v -0.5640434 1.0587601 0.0596242
v -0.5779310 1.0608721 0.0414241
v -0.5858584 1.0610764 0.0209267
v -0.5848355 1.0551266 0.0016564
v -0.5945529 1.0223798 -0.0143748
v -0.5859567 1.0140228 -0.0193048
v -0.5941202 1.0435676 0.0038681
v -0.5969921 1.0484047 0.0256141
v -0.5883172 1.0481094 0.0452268
v -0.5769081 1.0463154 0.0589536
v -0.6036802 1.0082773 -0.0152024
v -0.5949070 1.0015554 -0.0198327
v -0.6116863 0.9938342 -0.0174427
v -0.6034442 0.9895195 -0.0211241
v -0.6173121 0.9770748 -0.0042082
v -0.6223872 0.9821617 -0.0115424
v -0.6156598 0.9945836 -0.0085460
v -0.6091487 1.0102076 -0.0071476
v -0.6181777 0.9765525 -0.0003341
v -0.6279344 0.9814350 0.0031261
v -0.6304326 0.9811397 0.0148124
v -0.6224856 0.9757803 0.0215759
v -0.6189842 0.9818891 -0.0021820
v -0.6176072 0.9944701 -0.0003555
v -0.6244527 0.9964004 0.0106387
v -0.6120600 1.0116383 0.0023413
v -0.6317703 0.9818437 0.0313573
v -0.6221118 0.9763027 0.0254714
v -0.6246297 0.9838649 0.0237234
v -0.6229774 0.9970362 0.0234737
v -0.6304523 0.9829792 0.0436929
v -0.6213053 0.9783011 0.0496859
v -0.6189645 0.9792094 0.0547014
v -0.6256329 0.9867262 0.0595529
v -0.6230167 0.9867262 0.0511199
v -0.6190629 0.9805493 0.0519333
v -0.6265575 0.9991709 0.0370792
v -0.6214824 1.0005108 0.0484088
v -0.6235085 0.9901326 0.0709039
v -0.6124338 0.9879752 0.0767328
v -0.6212267 1.0025773 0.0625922
v -0.6146369 1.0016689 0.0707683
v -0.5682136 1.0290336 0.0795509
v -0.5844617 1.0331440 0.0658812
v -0.5695119 1.0133188 0.0871064
v -0.5788359 1.0151810 0.0787233
v -0.5927432 1.0230838 0.0686423
v -0.6055489 1.0122288 0.0702261
v -0.5880222 1.0147722 0.0734723
v -0.6159745 1.0135005 0.0116590
v -0.6173908 1.0141590 0.0227460
v -0.6034245 1.0298739 0.0048812
v -0.6123551 1.0246507 0.0148980
v -0.6040540 1.0347564 0.0292883
v -0.6129059 1.0275348 0.0315286
v -0.6189055 1.0153399 0.0340114
v -0.6158172 1.0159304 0.0454908
v -0.6129255 1.0162029 0.0597741
v -0.6078504 1.0287611 0.0513696
v -0.5987822 1.0370273 0.0494005
v -0.6167023 0.9774835 -0.0022391
v -0.6214430 0.9768477 0.0237734
v -0.6023033 0.9956964 0.0741644
v -0.5941595 1.0001701 0.0737006
v -0.5862321 1.0066423 0.0757411
v -0.5773212 1.0072554 0.0738433
v -0.5719117 1.0048482 0.0750491
v -0.5741935 0.9950832 0.0811205
v -0.5723248 1.0007379 0.0932563
v -0.5568831 1.0077096 0.0923859
v -0.5702397 1.0067104 0.0895892
v -0.5593617 0.9990801 0.0964740
v -0.5473428 1.0026909 0.0845308
v -0.5510802 0.9934482 0.0894893
v -0.5727576 1.0000112 0.0782382
v -0.5757475 0.9637898 0.1015965
v -0.5744886 0.9592026 0.0988926
v -0.5625877 0.9610874 0.1009616
v -0.5691381 0.9644484 0.1038796
v -0.5688627 0.9583623 0.1010401
v -0.6276984 0.9396953 -0.0257330
v -0.6217774 0.9384009 -0.0265749
v -0.6242166 0.9350399 -0.0228934
v -0.6302556 0.9392638 -0.0207388
v -0.6262231 0.9347447 -0.0191692
v -0.6273836 0.9466443 -0.0259113
v -0.6305900 0.9463264 -0.0194689
v -0.6278951 0.9375833 -0.0157304
v -0.6278754 0.9443507 -0.0131192
v -0.6377896 0.9166454 0.0017420
v -0.6319670 0.9157597 -0.0011332
v -0.6334816 0.9123079 0.0028835
v -0.6394616 0.9163274 0.0075852
v -0.6349176 0.9117402 0.0085555
v -0.6380256 0.9274096 0.0017277
v -0.6400714 0.9269781 0.0091048
v -0.6354487 0.9148286 0.0134783
v -0.6354684 0.9250705 0.0164177
v -0.6420188 0.9121943 0.0398831
v -0.6348192 0.9101732 0.0352028
v -0.6354290 0.9037919 0.0422303
v -0.6349569 0.9181669 0.0339614
v -0.6429433 0.9204832 0.0386987
v -0.6424319 0.9129665 0.0476740
v -0.6360192 0.9049047 0.0485943
v -0.6436318 0.9215279 0.0474956
v -0.6364716 0.9122170 0.0544089
v -0.6366880 0.9206649 0.0544589
v -0.6346029 0.9240940 0.0790800
v -0.6302949 0.9208920 0.0743855
v -0.6292524 0.9187800 0.0795581
v -0.6298228 0.9276139 0.0707113
v -0.6355077 0.9314291 0.0765901
v -0.6281902 0.9202561 0.0848447
v -0.6336587 0.9259107 0.0851586
v -0.6345045 0.9334275 0.0846236
v -0.6276000 0.9251841 0.0892182
v -0.6264198 0.9319968 0.0895321
v -0.6302359 0.9262741 -0.0024317
v -0.6198890 0.9450547 -0.0273168
v -0.5565684 0.9703528 0.0967451
v -0.5361303 1.0737709 -0.0307699
v -0.5285767 1.0846033 -0.0260255
v -0.5440577 1.0653685 -0.0278448
v -0.5522605 1.0559441 -0.0240778
v -0.5789932 0.9627679 0.0947046
v 0.5651449 1.0018960 0.0659383
v 0.5812751 0.9975586 0.0675436
v 0.5645155 0.9968319 0.0718029
v 0.5400645 1.0140682 0.0604590
v 0.5460445 1.0028498 0.0675864
v 0.5498606 0.9960825 0.0728944
v 0.5541686 1.0058702 0.0491793
v 0.5672694 1.0017598 0.0510985
v 0.5464379 1.0127511 0.0421732
v 0.5800751 0.9949924 0.0524398
v 0.5689021 0.9778696 0.0791657
v 0.5652236 0.9894513 0.0744355
v 0.5522802 0.9878844 0.0775247
v 0.5568831 0.9762800 0.0825403
v 0.5702397 0.9676277 0.0837888
v 0.5598535 0.9659699 0.0861289
v 0.5723051 0.9592934 0.0915726
v 0.5652629 0.9582715 0.0936487
v 0.6115092 0.9679002 0.0631915
v 0.6056670 0.9765752 0.0590035
v 0.6102896 0.9786644 0.0511841
v 0.6033458 0.9811852 0.0706328
v 0.6095815 0.9708751 0.0741002
v 0.5971691 0.9859541 0.0695983
v 0.5975232 0.9808672 0.0570416
v 0.6190825 0.9432152 0.0705400
v 0.6156598 0.9577265 0.0664020
v 0.6144992 0.9604743 0.0777887
v 0.6183350 0.9455089 0.0807709
v 0.6177449 0.9622910 0.0328699
v 0.6118043 0.9720560 0.0314001
v 0.6124928 0.9763935 0.0238019
v 0.6114109 0.9737138 0.0438641
v 0.6170368 0.9634038 0.0447417
v 0.6020475 0.9772110 0.0396262
v 0.6032475 0.9774381 0.0225105
v 0.6260854 0.9372427 0.0371077
v 0.6232724 0.9520037 0.0339115
v 0.6220332 0.9525942 0.0462328
v 0.6261444 0.9383554 0.0474456
v 0.6151483 0.9629496 0.0056660
v 0.6098569 0.9710568 0.0060013
v 0.6089520 0.9772337 -0.0002485
v 0.6173318 0.9624954 0.0166959
v 0.6127485 0.9709433 0.0177447
v 0.6013984 0.9793003 0.0009786
v 0.6217381 0.9441236 0.0047314
v 0.6195940 0.9544563 0.0049668
v 0.6216397 0.9537523 0.0159753
v 0.6240396 0.9438511 0.0142274
v 0.6084209 0.9731007 -0.0067623
v 0.6119420 0.9661970 -0.0089740
v 0.6084012 0.9668556 -0.0173357
v 0.6041917 0.9735548 -0.0160301
v 0.5960676 0.9812987 -0.0144105
v 0.6145976 0.9586348 -0.0101227
v 0.6171351 0.9541157 -0.0112000
v 0.6134370 0.9544336 -0.0190337
v 0.6117453 0.9597249 -0.0190908
v 0.6145386 0.9489607 -0.0201253
v 0.6159352 0.9426929 -0.0214665
v 0.6183940 0.9489380 -0.0116209
v 0.6193186 0.9417618 -0.0135044
v 0.6194169 0.9366295 -0.0212311
v 0.6220135 0.9361753 -0.0160586
v 0.6225643 0.9342905 0.0048669
v 0.6235675 0.9241394 0.0040464
v 0.6254559 0.9340180 0.0139563
v 0.6258690 0.9234127 0.0134141
v 0.6276000 0.9143517 0.0038181
v 0.6287803 0.9138521 0.0100109
v 0.6269115 0.9251841 0.0390555
v 0.6271279 0.9170541 0.0399758
v 0.6279148 0.9264558 0.0491651
v 0.6274623 0.9184167 0.0499570
v 0.6285639 0.9093784 0.0412743
v 0.6287213 0.9100597 0.0496288
v 0.6198694 0.9323829 0.0728302
v 0.6182564 0.9345403 0.0829041
v 0.6208529 0.9256609 0.0747637
v 0.6191415 0.9281363 0.0841099
v 0.6239806 0.9199382 0.0780741
v 0.6228200 0.9218231 0.0845665
v 0.5347337 1.0265583 0.0516693
v 0.5311143 1.0373225 0.0430080
v 0.5246819 1.0491541 0.0362302
v 0.5111483 1.0563983 0.0365655
v 0.5014899 1.0632338 0.0360518
v 0.5019620 1.0750426 0.0282467
v 0.5440184 1.0653685 -0.0278377
v 0.5379794 1.0467696 -0.0179136
v 0.5314880 1.0564437 -0.0191336
v 0.5459068 1.0384126 -0.0142250
v 0.5285177 1.0426592 -0.0017111
v 0.5198035 1.0506529 -0.0040227
v 0.5368975 1.0368456 0.0010714
v 0.5229705 1.0436584 0.0184867
v 0.5119745 1.0505393 0.0163463
v 0.5317437 1.0379811 0.0203203
v 0.5347731 1.0293516 0.0233239
v 0.5011358 1.0551720 0.0145270
v 0.5093189 1.0565346 -0.0079110
v 0.4984409 1.0673442 0.0120228
v 0.5048536 1.0687749 -0.0074615
v 0.5217312 1.0636880 -0.0244274
v 0.5174430 1.0759283 -0.0226009
v 0.5360910 1.0737709 -0.0307699
v 0.5285374 1.0845805 -0.0260826
v 0.5523982 1.0273531 -0.0119777
v 0.5635713 1.0157033 -0.0121917
v 0.5449036 1.0263539 0.0020488
v 0.5556636 1.0169977 0.0035114
v 0.5490541 1.0190870 0.0194784
v 0.5390023 1.0189961 0.0344823
v 0.5743116 1.0049845 -0.0117636
v 0.5844027 0.9927896 -0.0124343
v 0.5721281 1.0019414 0.0022628
v 0.5839700 0.9908366 0.0018348
v 0.5954971 0.9815485 0.0009572
v 0.5891237 0.9916996 0.0681857
v 0.5563717 1.0134323 0.0285178
v 0.5627844 1.0105483 0.0200563
v 0.5737018 1.0033040 0.0200206
v 0.5836946 0.9937661 0.0218827
v 0.5934710 0.9846824 0.0215902
v 0.5731510 1.0047574 0.0356666
v 0.5629024 1.0091857 0.0342397
v 0.5819832 0.9939251 0.0369722
v 0.5933727 0.9865900 0.0379639
v 0.5899303 0.9880661 0.0542234
v 0.5718724 1.0048482 0.0750491
v 0.5772819 1.0072554 0.0738362
v 0.5727182 1.0000112 0.0782382
v 0.5413235 1.0246507 0.0741715
v 0.5435856 1.0118200 0.0793012
v 0.5473034 1.0026909 0.0845308
v 0.5741542 0.9951060 0.0811705
v 0.5782064 0.9834334 0.0852657
v 0.5510212 0.9934709 0.0894679
v 0.5537161 0.9813214 0.0943764
v 0.5792293 0.9723740 0.0882550
v 0.5565291 0.9703528 0.0967451
v 0.5789736 0.9627679 0.0947189
v 0.5625484 0.9610874 0.1009616
v 0.5744296 0.9592480 0.0989140
v 0.5688627 0.9583396 0.1010115
v 0.6188858 0.9792322 0.0547228
v 0.6211283 0.9699895 0.0580761
v 0.6190235 0.9805493 0.0519333
v 0.6123944 0.9879752 0.0767328
v 0.6176859 0.9769839 0.0803143
v 0.6023033 0.9956737 0.0741644
v 0.6257706 0.9606105 0.0608086
v 0.6286819 0.9455770 0.0660168
v 0.6229774 0.9659926 0.0837674
v 0.6256526 0.9499145 0.0868281
v 0.6273246 0.9662424 0.0273192
v 0.6220725 0.9763254 0.0254500
v 0.6214037 0.9768704 0.0237448
v 0.6212857 0.9783011 0.0497287
v 0.6268132 0.9686950 0.0504849
v 0.6326358 0.9560460 0.0282253
v 0.6344062 0.9398543 0.0315143
v 0.6316719 0.9580217 0.0523827
v 0.6346422 0.9421252 0.0525754
v 0.6181383 0.9765525 -0.0003341
v 0.6229380 0.9680592 -0.0007622
v 0.6166630 0.9775063 -0.0022462
v 0.6224463 0.9757803 0.0215759
v 0.6268722 0.9670600 0.0209980
v 0.6267542 0.9594751 -0.0016612
v 0.6289573 0.9475073 -0.0014757
v 0.6312391 0.9583396 0.0200991
v 0.6325964 0.9464399 0.0182298
v 0.6172728 0.9770975 -0.0041868
v 0.6202234 0.9698305 -0.0058848
v 0.6127878 0.9713293 -0.0241420
v 0.6093258 0.9787780 -0.0234143
v 0.6034638 0.9894286 -0.0212097
v 0.6230757 0.9629042 -0.0083605
v 0.6250625 0.9567273 -0.0096090
v 0.6180400 0.9577946 -0.0257330
v 0.6163089 0.9639715 -0.0252692
v 0.6180793 0.9516631 -0.0266533
v 0.6198497 0.9450547 -0.0273168
v 0.6265378 0.9510272 -0.0111715
v 0.6278361 0.9443507 -0.0131192
v 0.6217381 0.9384009 -0.0265749
v 0.6241970 0.9350399 -0.0228364
v 0.6261641 0.9347447 -0.0192477
v 0.6278557 0.9375833 -0.0157304
v 0.6296655 0.9365841 -0.0019822
v 0.6301966 0.9262741 -0.0024317
v 0.6343668 0.9354714 0.0178874
v 0.6354290 0.9250705 0.0164177
v 0.6319473 0.9157370 -0.0011332
v 0.6334423 0.9123306 0.0028835
v 0.6349176 0.9117402 0.0085198
v 0.6354487 0.9148286 0.0134497
v 0.6350356 0.9262287 0.0329555
v 0.6349176 0.9181669 0.0339614
v 0.6368453 0.9290900 0.0539951
v 0.6366486 0.9206649 0.0544589
v 0.6347799 0.9101732 0.0352028
v 0.6354094 0.9038146 0.0422018
v 0.6359798 0.9048819 0.0485586
v 0.6364913 0.9121943 0.0543875
v 0.6289770 0.9344949 0.0683569
v 0.6258296 0.9389459 0.0885190
v 0.6297835 0.9276139 0.0707113
v 0.6263804 0.9319968 0.0895321
v 0.6302556 0.9208920 0.0743855
v 0.6292917 0.9188027 0.0795438
v 0.6281705 0.9202334 0.0848233
v 0.6275607 0.9251841 0.0892182
v 0.5404579 1.0382763 0.0667802
v 0.5355205 1.0473827 0.0582045
v 0.5310553 1.0553083 0.0498214
v 0.5194888 1.0656637 0.0504849
v 0.5103025 1.0761327 0.0508631
v 0.5091025 1.0848531 0.0405608
v 0.5522605 1.0559441 -0.0240492
v 0.5574929 1.0470194 -0.0156020
v 0.5658334 1.0348926 -0.0184843
v 0.5755508 1.0251503 -0.0181419
v 0.5859174 1.0140455 -0.0192834
v 0.5948677 1.0015327 -0.0198113
v 0.5941202 1.0001701 0.0736792
v 0.5861534 1.0066423 0.0757768
v 0.5787769 1.0151810 0.0787447
v 0.5694529 1.0133188 0.0871135
v 0.5718724 1.0048482 0.0750491
v 0.5772819 1.0072554 0.0738362
v 0.5702003 1.0067104 0.0895892
v 0.5727182 1.0000112 0.0782382
v 0.5681742 1.0290336 0.0795581
v 0.5529883 1.0298285 0.0825046
v 0.5541292 1.0165889 0.0890826
v 0.5568438 1.0077096 0.0923859
v 0.5413235 1.0246507 0.0741715
v 0.5435856 1.0118200 0.0793012
v 0.5473034 1.0026909 0.0845308
v 0.5741542 0.9951060 0.0811705
v 0.5722855 1.0007379 0.0932563
v 0.5749214 0.9882932 0.0966666
v 0.5782064 0.9834334 0.0852657
v 0.5593223 0.9990801 0.0964740
v 0.5633155 0.9869079 0.1003480
v 0.5510212 0.9934709 0.0894679
v 0.5537161 0.9813214 0.0943764
v 0.5753148 0.9762572 0.0982291
v 0.5792293 0.9723740 0.0882550
v 0.5656367 0.9751445 0.1013326
v 0.5565291 0.9703528 0.0967451
v 0.5757279 0.9637898 0.1016037
v 0.5789736 0.9627679 0.0947189
v 0.5690988 0.9644484 0.1038796
v 0.5625484 0.9610874 0.1009616
v 0.5744296 0.9592480 0.0989140
v 0.5688627 0.9583396 0.1010115
v 0.6188858 0.9792322 0.0547228
v 0.6255543 0.9868398 0.0595814
v 0.6299409 0.9758712 0.0630845
v 0.6211283 0.9699895 0.0580761
v 0.6229774 0.9867262 0.0511199
v 0.6190235 0.9805493 0.0519333
v 0.6234691 0.9901326 0.0709039
v 0.6282688 0.9795728 0.0745282
v 0.6211873 1.0026454 0.0625708
v 0.6214430 1.0004881 0.0484159
v 0.6123944 0.9879752 0.0767328
v 0.6176859 0.9769839 0.0803143
v 0.6145976 1.0016689 0.0707612
v 0.6023033 0.9956737 0.0741644
v 0.6257706 0.9606105 0.0608086
v 0.6346225 0.9662197 0.0665733
v 0.6362552 0.9498918 0.0720098
v 0.6286819 0.9455770 0.0660168
v 0.6327341 0.9686723 0.0779385
v 0.6347012 0.9520037 0.0820266
v 0.6229774 0.9659926 0.0837674
v 0.6256526 0.9499145 0.0868281
v 0.6317309 0.9818437 0.0313573
v 0.6364913 0.9713066 0.0327842
v 0.6273246 0.9662424 0.0273192
v 0.6220725 0.9763254 0.0254500
v 0.6245904 0.9838649 0.0237234
v 0.6214037 0.9768704 0.0237448
v 0.6304130 0.9829792 0.0436929
v 0.6360388 0.9726010 0.0448630
v 0.6265378 0.9991936 0.0370935
v 0.6229577 0.9969454 0.0234808
v 0.6212857 0.9783011 0.0497287
v 0.6268132 0.9686950 0.0504849
v 0.6326358 0.9560460 0.0282253
v 0.6415467 0.9609512 0.0339329
v 0.6427663 0.9435332 0.0362944
v 0.6344062 0.9398543 0.0315143
v 0.6414287 0.9621321 0.0458761
v 0.6428843 0.9446913 0.0464825
v 0.6316719 0.9580217 0.0523827
v 0.6346422 0.9421252 0.0525754
v 0.6181383 0.9765525 -0.0003341
v 0.6278951 0.9814350 0.0031261
v 0.6318489 0.9726010 0.0027123
v 0.6229380 0.9680592 -0.0007622
v 0.6189645 0.9819346 -0.0021249
v 0.6166630 0.9775063 -0.0022462
v 0.6303933 0.9811170 0.0148196
v 0.6343078 0.9722604 0.0138493
v 0.6244133 0.9964004 0.0106387
v 0.6176466 0.9945155 -0.0001986
v 0.6224463 0.9757803 0.0215759
v 0.6268722 0.9670600 0.0209980
v 0.6267542 0.9594751 -0.0016612
v 0.6357635 0.9637444 0.0023270
v 0.6375928 0.9502097 0.0023698
v 0.6289573 0.9475073 -0.0014757
v 0.6382813 0.9633811 0.0129146
v 0.6393436 0.9497782 0.0119657
v 0.6312391 0.9583396 0.0200991
v 0.6325964 0.9464399 0.0182298
v 0.6256723 0.9747811 -0.0132476
v 0.6223676 0.9821389 -0.0115496
v 0.6172728 0.9770975 -0.0041868
v 0.6202234 0.9698305 -0.0058848
v 0.6216397 0.9752580 -0.0224939
v 0.6184727 0.9829792 -0.0209386
v 0.6116666 0.9937888 -0.0174998
v 0.6156401 0.9946063 -0.0085602
v 0.6127878 0.9713293 -0.0241420
v 0.6093258 0.9787780 -0.0234143
v 0.6034638 0.9894286 -0.0212097
v 0.6296065 0.9600655 -0.0162655
v 0.6279738 0.9675596 -0.0150241
v 0.6230757 0.9629042 -0.0083605
v 0.6250625 0.9567273 -0.0096090
v 0.6262624 0.9606105 -0.0241991
v 0.6240986 0.9677640 -0.0234071
v 0.6180400 0.9577946 -0.0257330
v 0.6163089 0.9639715 -0.0252692
v 0.6264591 0.9536615 -0.0254761
v 0.6180793 0.9516631 -0.0266533
v 0.6273443 0.9466443 -0.0259113
v 0.6198497 0.9450547 -0.0273168
v 0.6304130 0.9533890 -0.0181633
v 0.6305507 0.9463264 -0.0194689
v 0.6265378 0.9510272 -0.0111715
v 0.6278361 0.9443507 -0.0131192
v 0.6217381 0.9384009 -0.0265749
v 0.6276787 0.9397180 -0.0257187
v 0.6241970 0.9350399 -0.0228364
v 0.6302163 0.9392638 -0.0207388
v 0.6261641 0.9347447 -0.0192477
v 0.6278557 0.9375833 -0.0157304
v 0.6389895 0.9381738 0.0013353
v 0.6296655 0.9365841 -0.0019822
v 0.6379863 0.9274096 0.0017277
v 0.6301966 0.9262741 -0.0024317
v 0.6407795 0.9375833 0.0106245
v 0.6400320 0.9269781 0.0091048
v 0.6343668 0.9354714 0.0178874
v 0.6354290 0.9250705 0.0164177
v 0.6319473 0.9157370 -0.0011332
v 0.6377502 0.9165999 0.0017777
v 0.6334423 0.9123306 0.0028835
v 0.6394222 0.9163728 0.0076850
v 0.6349176 0.9117402 0.0085198
v 0.6354487 0.9148286 0.0134497
v 0.6438679 0.9287267 0.0374502
v 0.6350356 0.9262287 0.0329555
v 0.6429040 0.9204832 0.0386987
v 0.6349176 0.9181669 0.0339614
v 0.6445563 0.9300438 0.0472316
v 0.6435925 0.9215279 0.0474956
v 0.6368453 0.9290900 0.0539951
v 0.6366486 0.9206649 0.0544589
v 0.6347799 0.9101732 0.0352028
v 0.6419795 0.9121716 0.0399187
v 0.6354094 0.9038146 0.0422018
v 0.6359798 0.9048819 0.0485586
v 0.6423925 0.9129665 0.0476740
v 0.6364913 0.9121943 0.0543875
v 0.6363339 0.9387415 0.0741073
v 0.6289770 0.9344949 0.0683569
v 0.6348586 0.9408308 0.0838816
v 0.6258296 0.9389459 0.0885190
v 0.6354684 0.9314291 0.0765901
v 0.6297835 0.9276139 0.0707113
v 0.6344652 0.9334275 0.0846236
v 0.6263804 0.9319968 0.0895321
v 0.6302556 0.9208920 0.0743855
v 0.6345635 0.9240940 0.0790800
v 0.6292917 0.9188027 0.0795438
v 0.6336587 0.9259107 0.0851016
v 0.6281705 0.9202334 0.0848233
v 0.6275607 0.9251841 0.0892182
v 0.5520441 1.0418871 0.0733653
v 0.5404579 1.0382763 0.0667802
v 0.5656564 1.0442943 0.0692416
v 0.5481886 1.0538322 0.0621071
v 0.5355205 1.0473827 0.0582045
v 0.5640237 1.0587601 0.0596457
v 0.5433496 1.0634382 0.0545659
v 0.5310553 1.0553083 0.0498214
v 0.5585355 1.0695016 0.0520189
v 0.5340059 1.0761327 0.0541592
v 0.5194888 1.0656637 0.0504849
v 0.5492705 1.0857841 0.0483089
v 0.5256851 1.0888499 0.0547300
v 0.5103025 1.0761327 0.0508631
v 0.5427594 1.0997049 0.0471603
v 0.5207477 1.0960033 0.0450699
v 0.5091025 1.0848531 0.0405608
v 0.5327863 1.1053141 0.0415882
v 0.5844421 1.0331894 0.0659240
v 0.5768885 1.0462473 0.0590963
v 0.5779310 1.0609175 0.0414598
v 0.5715576 1.0742932 0.0379782
v 0.5883172 1.0481549 0.0452625
v 0.5599715 1.0903487 0.0338116
v 0.5527326 1.1090385 0.0315642
v 0.5426611 1.1125584 0.0283109
v 0.5768491 1.0733395 0.0179017
v 0.5654400 1.0899399 0.0131929
v 0.5858190 1.0609856 0.0209481
v 0.5750000 1.0697968 -0.0029240
v 0.5657744 1.0861248 -0.0074972
v 0.5783638 1.0611673 0.0011784
v 0.5847568 1.0550812 0.0016849
v 0.5653220 1.0640741 -0.0200182
v 0.5574733 1.0762689 -0.0261611
v 0.5686857 1.0546043 -0.0144819
v 0.5522605 1.0559441 -0.0240492
v 0.5574929 1.0470194 -0.0156020
v 0.5487394 1.0859658 -0.0282943
v 0.5366418 1.0933009 -0.0228364
v 0.5573946 1.1012265 -0.0139896
v 0.5454740 1.1049054 -0.0121703
v 0.5588306 1.1098106 0.0092475
v 0.5484837 1.1119225 0.0079062
v 0.5969724 1.0484047 0.0255855
v 0.5941005 1.0435903 0.0039038
v 0.5763377 1.0450210 -0.0126483
v 0.5857797 1.0349153 -0.0140609
v 0.5658334 1.0348926 -0.0184843
v 0.5755508 1.0251503 -0.0181419
v 0.5944349 1.0222663 -0.0145675
v 0.5859174 1.0140455 -0.0192834
v 0.6036409 1.0082773 -0.0152952
v 0.5948677 1.0015327 -0.0198113
v 0.6034048 1.0298057 0.0049739
v 0.6091094 1.0102076 -0.0071476
v 0.6040343 1.0348018 0.0292883
v 0.5987428 1.0370273 0.0494076
v 0.6129452 1.0273986 0.0316070
v 0.6121977 1.0248097 0.0148838
v 0.6120010 1.0116156 0.0023484
v 0.6159352 1.0135005 0.0116590
v 0.6077127 1.0288747 0.0514196
v 0.5927039 1.0231065 0.0686351
v 0.5879828 1.0147495 0.0735009
v 0.6173515 1.0142045 0.0227817
v 0.6188268 1.0153626 0.0340042
v 0.6158172 1.0158850 0.0455122
v 0.6129845 1.0162029 0.0597313
v 0.6054899 1.0122515 0.0702190
v 0.5941202 1.0001701 0.0736792
v 0.5861534 1.0066423 0.0757768
v 0.5440184 1.0653685 -0.0278377
v 0.5360910 1.0737709 -0.0307699
v 0.5285374 1.0845805 -0.0260826
v -0.2116982 0.1081493 0.0334263
v -0.2065248 0.1274067 0.0188077
v -0.2109704 0.1266573 0.0181514
v -0.2156717 0.1091485 0.0314287
v -0.2303266 0.1086943 0.0275546
v -0.2251924 0.1279518 0.0129788
v -0.2211796 0.1269525 0.0149408
v -0.2258809 0.1094664 0.0282110
v -0.2152980 0.1081038 0.0301587
v -0.2105966 0.1255900 0.0168814
v -0.2116982 0.1081493 0.0334263
v -0.2065248 0.1274067 0.0188077
v -0.2109704 0.1266573 0.0181514
v -0.2156717 0.1091485 0.0314287
v -0.2113245 0.1070819 0.0321564
v -0.2061510 0.1263621 0.0175449
v -0.2113245 0.1070819 0.0321564
v -0.2299725 0.1076269 0.0262918
v -0.2255072 0.1083991 0.0269411
v -0.2156717 0.1091485 0.0314287
v -0.2258809 0.1094664 0.0282110
v -0.2152980 0.1081038 0.0301587
v -0.2208058 0.1258852 0.0136709
v -0.2303266 0.1086943 0.0275546
v -0.2258809 0.1094664 0.0282110
v -0.2251924 0.1279518 0.0129788
v -0.2211796 0.1269525 0.0149408
v -0.2299725 0.1076269 0.0262918
v -0.2255072 0.1083991 0.0269411
v -0.2248187 0.1268844 0.0117160
v -0.2174618 0.1069911 0.0278044
v -0.2128195 0.1243183 0.0146555
v -0.2107147 0.1254083 0.0168458
v -0.2153767 0.1080811 0.0299946
v -0.2186814 0.1104883 0.0319994
v -0.2157701 0.1092393 0.0313859
v -0.2111278 0.1265665 0.0182370
v -0.2140391 0.1278155 0.0188434
v -0.2253892 0.1083763 0.0268412
v -0.2257826 0.1095345 0.0282324
v -0.2224779 0.1071273 0.0262276
v -0.2152390 0.1241593 0.0135924
v -0.2199010 0.1068321 0.0267413
v -0.2236975 0.1106246 0.0304156
v -0.2212779 0.1107835 0.0314786
v -0.2166159 0.1281107 0.0183297
v -0.2207272 0.1257035 0.0136923
v -0.2211402 0.1268617 0.0150835
v -0.2190355 0.1279745 0.0172738
v -0.2178159 0.1244545 0.0130787
v -0.2152390 0.1241593 0.0135924
v -0.2199010 0.1068321 0.0267413
v -0.2357557 0.0315735 -0.0990186
v -0.2486992 0.0132926 -0.0856272
v -0.2551709 0.0323229 -0.0684116
v -0.2458862 0.0498999 -0.0830944
v -0.2560954 0.0683626 -0.0670204
v -0.2617213 0.0490370 -0.0547776
v -0.2626065 0.0692710 -0.0315405
v -0.2569806 0.0869615 -0.0460306
v -0.2634720 0.0871659 -0.0120205
v -0.2440175 0.1064233 0.0183868
v -0.2392375 0.1241593 0.0041891
v -0.2578265 0.1056058 -0.0249553
v -0.2217697 0.1093301 0.0300517
v -0.2172257 0.1270434 0.0157684
v -0.1965320 0.1048564 0.0305083
v -0.1719630 0.0894141 0.0175307
v -0.1680485 0.1074453 0.0034329
v -0.1922437 0.1225697 0.0161323
v -0.1634455 0.0653650 -0.0060774
v -0.1561869 0.0848041 -0.0201609
v -0.1582524 0.0486282 -0.0543352
v -0.1539838 0.0665685 -0.0375263
v -0.1609080 0.0415429 -0.0292146
v -0.1618325 0.0291436 -0.0410294
v -0.1644684 0.0205595 -0.0800694
v -0.1632094 0.0014383 -0.0675269
v -0.2626655 0.0320504 -0.0370269
v -0.2602066 0.0222627 -0.0581807
v -0.2627049 -0.0050338 -0.0426560
v -0.2586526 -0.0044888 -0.0617408
v -0.1695238 0.0255783 -0.0141394
v -0.1656290 0.0141782 -0.0341660
v -0.1756021 -0.0141176 -0.0222014
v -0.1703303 -0.0131865 -0.0392101
v -0.2590854 0.0489461 -0.0541426
v -0.2617213 0.0490370 -0.0547776
v -0.2602066 0.0222627 -0.0581807
v -0.1634848 0.0420879 -0.0297854
v -0.1645077 0.0295070 -0.0410436
v -0.1609080 0.0415429 -0.0292146
v -0.1644881 -0.0147080 -0.0633889
v -0.1633668 -0.0024904 -0.0631749
v -0.1759168 -0.0100072 -0.0216449
v -0.1763299 -0.0143447 -0.0217163
v -0.1823099 -0.0124598 -0.0991185
v -0.1781790 0.0325500 -0.0983408
v -0.1657667 0.0317325 -0.0828804
v -0.1699566 -0.0138678 -0.0836794
v -0.2539120 -0.0061920 -0.0803619
v -0.2527907 0.0060256 -0.0801479
v -0.2343197 0.0383182 -0.0983266
v -0.2385293 -0.0072821 -0.0991185
v -0.2204124 -0.0088036 -0.1080295
v -0.2162619 0.0362062 -0.1072518
v -0.1962762 0.0343214 -0.1053398
v -0.2004268 -0.0106657 -0.1061175
v -0.2618197 -0.0061466 -0.0409794
v -0.2614262 -0.0018091 -0.0409009
v -0.2163602 0.0138149 -0.1058392
v -0.2068198 0.0288030 -0.1038344
v -0.2044397 0.0288030 -0.1150570
v -0.2139997 0.0138149 -0.1170689
v -0.1893324 0.0278719 -0.1001530
v -0.1869522 0.0278719 -0.1113827
v -0.1813854 0.0119300 -0.0984835
v -0.1790249 0.0119300 -0.1097061
v -0.1909257 -0.0030808 -0.1004883
v -0.1885652 -0.0030808 -0.1117180
v -0.2084132 -0.0021498 -0.1041697
v -0.2060527 -0.0021498 -0.1153923
v -0.1845720 0.0122933 -0.1182390
v -0.1907684 0.0043224 -0.1195446
v -0.2001317 0.0048447 -0.1215137
v -0.2054625 0.0134288 -0.1226338
v -0.1992662 0.0213998 -0.1213354
v -0.1899225 0.0209002 -0.1193662
v 0.2116589 0.1081493 0.0334263
v 0.2156324 0.1091485 0.0314287
v 0.2109310 0.1266573 0.0181514
v 0.2064854 0.1274067 0.0188077
v 0.2258416 0.1094664 0.0282110
v 0.2116589 0.1081493 0.0334263
v 0.2156324 0.1091485 0.0314287
v 0.2302872 0.1086943 0.0275546
v 0.2112851 0.1070819 0.0321564
v 0.2299331 0.1076269 0.0262918
v 0.2302872 0.1086943 0.0275546
v 0.2251531 0.1279518 0.0129788
v 0.2211402 0.1269525 0.0149408
v 0.2258416 0.1094664 0.0282110
v 0.2174224 0.1069911 0.0278044
v 0.2153373 0.1080811 0.0299946
v 0.2106753 0.1254083 0.0168458
v 0.2127801 0.1243183 0.0146555
v 0.2186420 0.1104883 0.0319994
v 0.2139997 0.1278155 0.0188434
v 0.2110884 0.1265665 0.0182370
v 0.2157307 0.1092393 0.0313859
v 0.2257432 0.1095345 0.0282324
v 0.2253498 0.1083763 0.0268412
v 0.2224385 0.1071273 0.0262276
v 0.2198616 0.1068321 0.0267413
v 0.2151996 0.1241593 0.0135924
v 0.2165766 0.1281107 0.0183297
v 0.2212386 0.1107835 0.0314786
v 0.2236581 0.1106246 0.0304156
v 0.2206878 0.1257035 0.0136923
v 0.2211009 0.1268617 0.0150835
v 0.2189961 0.1279745 0.0172738
v 0.2177765 0.1244545 0.0130787
v 0.2198616 0.1068321 0.0267413
v 0.2151996 0.1241593 0.0135924
v 0.2206878 0.1257035 0.0136923
v 0.2211009 0.1268617 0.0150835
v 0.2189961 0.1279745 0.0172738
v 0.2177765 0.1244545 0.0130787
v 0.2106753 0.1254083 0.0168458
v 0.2127801 0.1243183 0.0146555
v 0.2139997 0.1278155 0.0188434
v 0.2110884 0.1265665 0.0182370
v 0.2151996 0.1241593 0.0135924
v 0.2165766 0.1281107 0.0183297
v 0.2357164 0.0315735 -0.0990186
v 0.2458469 0.0498999 -0.0830944
v 0.2551316 0.0323229 -0.0684116
v 0.2486598 0.0132926 -0.0856272
v 0.2560561 0.0683626 -0.0670204
v 0.2569413 0.0869615 -0.0460306
v 0.2625672 0.0692710 -0.0315405
v 0.2616820 0.0490370 -0.0547776
v 0.2634327 0.0871659 -0.0120205
v 0.2577871 0.1056058 -0.0249553
v 0.2391981 0.1241593 0.0041891
v 0.2439782 0.1064233 0.0183868
v 0.2171864 0.1270434 0.0157684
v 0.2217304 0.1093301 0.0300517
v 0.1964926 0.1048564 0.0305083
v 0.1922044 0.1225697 0.0161323
v 0.1680091 0.1074453 0.0034329
v 0.1719237 0.0894141 0.0175307
v 0.1561476 0.0848041 -0.0201609
v 0.1634062 0.0653650 -0.0060774
v 0.1582130 0.0486282 -0.0543352
v 0.1617931 0.0291436 -0.0410294
v 0.1608686 0.0415429 -0.0292146
v 0.1539445 0.0665685 -0.0375263
v 0.1644290 0.0205595 -0.0800694
v 0.1631701 0.0014383 -0.0675269
v 0.2626262 0.0320504 -0.0370269
v 0.2601673 0.0222627 -0.0581807
v 0.2626655 -0.0050338 -0.0426560
v 0.2586133 -0.0044888 -0.0617408
v 0.1694845 0.0255783 -0.0141394
v 0.1655896 0.0141782 -0.0341660
v 0.1702910 -0.0131865 -0.0392101
v 0.1755628 -0.0141176 -0.0222014
v 0.1644487 -0.0147080 -0.0633889
v 0.1762906 -0.0143447 -0.0217163
v 0.1758775 -0.0100072 -0.0216449
v 0.1633275 -0.0024904 -0.0631749
v 0.1822705 -0.0124598 -0.0991185
v 0.1699172 -0.0138678 -0.0836794
v 0.1657273 0.0317325 -0.0828804
v 0.1781397 0.0325500 -0.0983408
v 0.2538726 -0.0061920 -0.0803619
v 0.2384900 -0.0072821 -0.0991185
v 0.2342804 0.0383182 -0.0983266
v 0.2527514 0.0060256 -0.0801479
v 0.2203731 -0.0088036 -0.1080295
v 0.2003874 -0.0106657 -0.1061175
v 0.1962369 0.0343214 -0.1053398
v 0.2162225 0.0362062 -0.1072518
v 0.2617803 -0.0061466 -0.0409794
v 0.2613869 -0.0018091 -0.0409009
v 0.2163209 0.0138149 -0.1058392
v 0.2139604 0.0138149 -0.1170689
v 0.2044003 0.0288030 -0.1150570
v 0.2067805 0.0288030 -0.1038344
v 0.1869129 0.0278719 -0.1113827
v 0.1892931 0.0278719 -0.1001530
v 0.1789855 0.0119300 -0.1097061
v 0.1813460 0.0119300 -0.0984835
v 0.1885259 -0.0030808 -0.1117180
v 0.1908864 -0.0030808 -0.1004883
v 0.2060133 -0.0021498 -0.1153923
v 0.2083738 -0.0021498 -0.1041697
v 0.1845327 0.0122933 -0.1182390
v 0.2054232 0.0134288 -0.1226338
v 0.2000924 0.0048447 -0.1215137
v 0.1907290 0.0043224 -0.1195446
v 0.1992269 0.0213998 -0.1213354
v 0.1898832 0.0209002 -0.1193662
v -0.5565684 0.9703528 0.0967451
v -0.5569225 0.9762800 0.0825403
v -0.5598928 0.9659699 0.0861289
v -0.5702987 0.9676731 0.0837746
v -0.5689414 0.9778696 0.0791657
v -0.6182957 0.9345403 0.0828756
v -0.6199087 0.9323829 0.0728302
v -0.6191219 0.9432152 0.0705400
v -0.6183547 0.9455770 0.0807567
v -0.6269312 0.9250932 0.0391696
v -0.6261050 0.9372427 0.0371077
v -0.6261837 0.9383554 0.0474456
v -0.6279148 0.9265012 0.0491151
v -0.6226233 0.9343813 0.0047742
v -0.6217774 0.9441009 0.0047100
v -0.6240789 0.9438511 0.0142274
v -0.6254952 0.9340180 0.0139563
v -0.6134763 0.9544336 -0.0190337
v -0.6171351 0.9540476 -0.0112571
v -0.6184334 0.9489380 -0.0116209
v -0.6145976 0.9489834 -0.0203108
v -0.6118043 0.9596568 -0.0190337
v -0.6084406 0.9668556 -0.0173357
v -0.6119813 0.9661970 -0.0089812
v -0.6145976 0.9586803 -0.0101013
v -0.6216988 0.9537523 0.0159967
v -0.6173712 0.9624954 0.0166959
v -0.6196333 0.9544563 0.0049668
v -0.6145386 0.9604743 0.0777887
v -0.6096208 0.9708751 0.0741002
v -0.6156991 0.9577265 0.0664020
v -0.6220135 0.9526623 0.0461686
v -0.6170761 0.9634038 0.0447417
v -0.6232921 0.9520491 0.0339400
v -0.6177842 0.9622910 0.0328699
v -0.6115486 0.9679002 0.0631915
v -0.6151877 0.9629496 0.0056660
v -0.5015489 1.0632111 0.0359591
v -0.5111876 1.0564210 0.0365655
v -0.5020604 1.0749972 0.0282467
v -0.5011948 1.0551720 0.0145270
v -0.4985393 1.0673215 0.0120300
v -0.5119548 1.0505620 0.0163249
v -0.5198232 1.0506302 -0.0040298
v -0.5093583 1.0565346 -0.0079110
v -0.5049126 1.0687749 -0.0074472
v -0.5217903 1.0636653 -0.0244060
v -0.5175020 1.0758829 -0.0226009
v -0.5315274 1.0564437 -0.0191407
v -0.5361303 1.0737709 -0.0307699
v -0.5285767 1.0846033 -0.0260255
v -0.5440577 1.0653685 -0.0278448
v -0.5247016 1.0491995 0.0362088
v -0.5230492 1.0436584 0.0184867
v -0.5285571 1.0427273 -0.0016897
v -0.5381368 1.0467015 -0.0180134
v -0.5522605 1.0559441 -0.0240778
v -0.5369565 1.0368456 0.0010785
v -0.5457494 1.0384580 -0.0141465
v -0.5318027 1.0379357 0.0204415
v -0.5525162 1.0274213 -0.0120775
v -0.6041720 0.9736003 -0.0159373
v -0.5311930 1.0372998 0.0430223
v -0.5347927 1.0264675 0.0516907
v -0.5636499 1.0157260 -0.0121631
v -0.5449429 1.0263312 0.0020488
v -0.5743509 1.0050072 -0.0117565
v -0.5844814 0.9928123 -0.0124057
v -0.5348321 1.0293516 0.0233096
v -0.5556832 1.0169750 0.0035114
v -0.5401235 1.0140682 0.0604519
v -0.5390220 1.0189734 0.0344894
v -0.5721871 1.0019642 0.0022628
v -0.5839700 0.9907912 0.0018847
v -0.5738001 1.0032359 0.0200063
v -0.5837733 0.9937888 0.0218827
v -0.5460642 1.0028271 0.0675792
v -0.5542079 1.0058702 0.0491793
v -0.5651843 1.0019187 0.0659383
v -0.5672694 1.0017144 0.0510914
v -0.5732100 1.0047347 0.0356880
v -0.5820226 0.9939251 0.0369722
v -0.5801341 0.9950151 0.0524398
v -0.5464969 1.0127511 0.0421732
v -0.5491131 1.0190870 0.0194855
v -0.5629024 1.0092084 0.0342397
v -0.5563914 1.0134096 0.0285178
v -0.5628238 1.0105483 0.0200563
v -0.6084602 0.9730552 -0.0067909
v -0.5960872 0.9813895 -0.0144391
v -0.6034638 0.9811397 0.0706970
v -0.6057063 0.9765752 0.0590035
v -0.6114502 0.9737138 0.0438641
v -0.5899696 0.9880661 0.0543590
v -0.5934120 0.9866127 0.0379639
v -0.5934907 0.9846824 0.0215902
v -0.5955168 0.9815258 0.0009287
v -0.6089914 0.9772337 -0.0002485
v -0.6014771 0.9793230 0.0009215
v -0.6127485 0.9709660 0.0177304
v -0.6125321 0.9763935 0.0238304
v -0.6118240 0.9721242 0.0313787
v -0.6032868 0.9774381 0.0225105
v -0.6098765 0.9710795 0.0060013
v -0.6103093 0.9786190 0.0512127
v -0.5975822 0.9808899 0.0570487
v -0.6020475 0.9772337 0.0396833
v -0.5972085 0.9859314 0.0696054
v -0.5891631 0.9916996 0.0681928
v -0.5812554 0.9976040 0.0675221
v -0.5499000 0.9960825 0.0728944
v -0.5523982 0.9877936 0.0776246
v -0.5652629 0.9894513 0.0744355
v -0.5645548 0.9968319 0.0718029
v -0.5789932 0.9627679 0.0947046
v -0.5723445 0.9592934 0.0915726
v -0.5653023 0.9582715 0.0936487
v -0.6220528 0.9361753 -0.0160586
v -0.6193579 0.9417618 -0.0134902
v -0.6194563 0.9366522 -0.0212382
v -0.6288983 0.9138521 0.0101322
v -0.6259083 0.9234127 0.0134141
v -0.6276984 0.9143063 0.0038110
v -0.6287409 0.9100824 0.0496145
v -0.6286229 0.9093330 0.0413670
v -0.6228593 0.9218231 0.0845665
v -0.6191809 0.9281363 0.0841099
v -0.6208923 0.9256609 0.0747637
v -0.6240199 0.9199382 0.0780741
v -0.6271673 0.9170541 0.0399758
v -0.6275017 0.9184167 0.0499570
v -0.6236068 0.9241394 0.0040536
v -0.6159745 0.9427383 -0.0214237
v -0.5782457 0.9834334 0.0852657
v -0.5792883 0.9723740 0.0882622
v -0.5537555 0.9813214 0.0943764
v -0.6180990 0.9577946 -0.0257544
v -0.6180596 0.9516858 -0.0266248
v -0.6289967 0.9475073 -0.0014757
v -0.6297048 0.9365841 -0.0019822
v -0.6344455 0.9398543 0.0315143
v -0.6350946 0.9262060 0.0329555
v -0.6287213 0.9455770 0.0660168
v -0.6290360 0.9344949 0.0683712
v -0.6256133 0.9498236 0.0868495
v -0.6259280 0.9389005 0.0885761
v -0.6346816 0.9421252 0.0525754
v -0.6367667 0.9290900 0.0539951
v -0.6325178 0.9465081 0.0182941
v -0.6343865 0.9354714 0.0178803
v -0.6251215 0.9567500 -0.0096518
v -0.6265771 0.9510272 -0.0111715
v -0.6230954 0.9629269 -0.0083391
v -0.6202628 0.9698305 -0.0058848
v -0.6163679 0.9639715 -0.0252906
v -0.6128272 0.9713293 -0.0241420
v -0.6267935 0.9594751 -0.0016612
v -0.6312785 0.9583396 0.0200991
v -0.6269115 0.9670600 0.0209980
v -0.6257706 0.9605878 0.0608086
v -0.6230167 0.9659926 0.0837746
v -0.6177449 0.9769839 0.0803143
v -0.6326751 0.9560460 0.0282253
v -0.6317112 0.9580217 0.0523827
v -0.6268525 0.9686950 0.0504849
v -0.6273640 0.9662424 0.0273192
v -0.6211676 0.9699895 0.0580761
v -0.6229184 0.9680138 -0.0007265
v -0.5310159 1.0553083 0.0498072
v -0.5195084 1.0656637 0.0505064
v -0.5104402 1.0761781 0.0508916
v -0.5091812 1.0847395 0.0405823
v -0.5355205 1.0473600 0.0581688
v -0.5575323 1.0470194 -0.0156234
v -0.5658727 1.0348926 -0.0184915
v -0.6093651 0.9787780 -0.0234143
v -0.5404776 1.0382082 0.0668087
v -0.5436250 1.0118200 0.0793226
v -0.5414021 1.0246053 0.0743356
v -0.5755902 1.0251276 -0.0181989
v -0.5859567 1.0140228 -0.0193048
v -0.5949070 1.0015554 -0.0198327
v -0.6034442 0.9895195 -0.0211241
v -0.6173121 0.9770748 -0.0042082
v -0.6181777 0.9765525 -0.0003341
v -0.6224856 0.9757803 0.0215759
v -0.6221118 0.9763027 0.0254714
v -0.6213053 0.9783011 0.0496859
v -0.6189645 0.9792094 0.0547014
v -0.6190629 0.9805493 0.0519333
v -0.6124338 0.9879752 0.0767328
v -0.6167023 0.9774835 -0.0022391
v -0.6214430 0.9768477 0.0237734
v -0.6023033 0.9956964 0.0741644
v -0.5941595 1.0001701 0.0737006
v -0.5862321 1.0066423 0.0757411
v -0.5773212 1.0072554 0.0738433
v -0.5719117 1.0048482 0.0750491
v -0.5741935 0.9950832 0.0811205
v -0.5473428 1.0026909 0.0845308
v -0.5510802 0.9934482 0.0894893
v -0.5727576 1.0000112 0.0782382
v -0.5744886 0.9592026 0.0988926
v -0.5625877 0.9610874 0.1009616
v -0.5688627 0.9583623 0.1010401
v -0.6217774 0.9384009 -0.0265749
v -0.6242166 0.9350399 -0.0228934
v -0.6262231 0.9347447 -0.0191692
v -0.6278951 0.9375833 -0.0157304
v -0.6278754 0.9443507 -0.0131192
v -0.6319670 0.9157597 -0.0011332
v -0.6334816 0.9123079 0.0028835
v -0.6349176 0.9117402 0.0085555
v -0.6354487 0.9148286 0.0134783
v -0.6354684 0.9250705 0.0164177
v -0.6348192 0.9101732 0.0352028
v -0.6354290 0.9037919 0.0422303
v -0.6349569 0.9181669 0.0339614
v -0.6360192 0.9049047 0.0485943
v -0.6364716 0.9122170 0.0544089
v -0.6366880 0.9206649 0.0544589
v -0.6302949 0.9208920 0.0743855
v -0.6292524 0.9187800 0.0795581
v -0.6298228 0.9276139 0.0707113
v -0.6281902 0.9202561 0.0848447
v -0.6276000 0.9251841 0.0892182
v -0.6264198 0.9319968 0.0895321
v -0.6302359 0.9262741 -0.0024317
v -0.6198890 0.9450547 -0.0273168
v -0.1493611 0.1922190 -0.0717719
v -0.1550264 0.1646045 -0.0702951
v -0.1682649 0.1653085 -0.0875107
v -0.1651765 0.1936043 -0.0896653
v -0.1568951 0.1311083 -0.0706661
v -0.1716876 0.1313354 -0.0880101
v -0.1588818 0.0962723 -0.0710014
v -0.1731629 0.0953412 -0.0905357
v -0.1605539 0.0619358 -0.0708302
v -0.1747563 0.0635482 -0.0937320
v -0.1532560 0.1926278 -0.0342373
v -0.1564820 0.1676703 -0.0345584
v -0.1572295 0.1304725 -0.0359139
v -0.1531379 0.0980890 -0.0334240
v -0.1631898 0.0578255 -0.0335667
v -0.1838049 0.1941720 -0.0997677
v -0.1861260 0.1648543 -0.0962647
v -0.1884669 0.1308585 -0.0985763
v -0.1913978 0.0962269 -0.1019794
v -0.1944075 0.0654558 -0.1049545
v -0.2140194 0.1937633 -0.0960079
v -0.2138030 0.1672388 -0.0933681
v -0.2148062 0.1319486 -0.0927403
v -0.2182093 0.0968627 -0.0995109
v -0.2206681 0.0655466 -0.1027999
v -0.2311331 0.1949442 -0.0786425
v -0.2309560 0.1679882 -0.0757245
v -0.2306610 0.1331976 -0.0753249
v -0.2383916 0.0980436 -0.0814392
v -0.2445880 0.0651379 -0.0829803
v -0.2554266 0.0643657 -0.0507323
v -0.2504105 0.0962496 -0.0511960
v -0.2437421 0.1338789 -0.0506181
v -0.2398669 0.1701456 -0.0502329
v -0.2391194 0.1971470 -0.0515742
v -0.2472239 0.0670227 0.1297636
v -0.2552102 0.0531928 0.1500184
v -0.2305626 0.0511716 0.1528722
v -0.2280054 0.0657283 0.1336376
v -0.2066231 0.0467660 0.1343297
v -0.2110687 0.0607323 0.1220155
v -0.2847363 0.0530565 0.1016108
v -0.2745271 0.0540784 0.1347934
v -0.2637474 0.0674542 0.1205315
v -0.2722059 0.0657510 0.0986215
v -0.2536759 0.0715646 0.0952754
v -0.2814119 0.0516713 0.0626279
v -0.2670128 0.0696343 0.0661024
v -0.2756680 0.0530565 0.0296451
v -0.2658325 0.0764017 0.0333479
v -0.2617803 0.0831236 0.0082487
v -0.2611115 0.0573032 -0.0126412
v -0.2528497 0.0881424 0.0374859
v -0.2420701 0.0791041 0.0640191
v -0.2356180 0.1994860 -0.0247341
v -0.2362868 0.1681245 -0.0240421
v -0.2432307 0.1309948 -0.0215664
v -0.2350869 0.1348781 -0.0041725
v -0.2567052 0.0964767 -0.0163083
v -0.2445289 0.1036755 0.0103605
v -0.1767627 0.1947398 -0.0070192
v -0.1797133 0.1686014 -0.0062700
v -0.1768414 0.1322438 -0.0045007
v -0.2236581 0.0692937 0.1016750
v -0.2044987 0.0580753 0.0998415
v -0.1968467 0.0433824 0.1043148
v -0.1892931 0.0423832 0.0743998
v -0.1967287 0.0644112 0.0718813
v -0.1811690 0.0477425 0.0425728
v -0.1883292 0.0783320 0.0457619
v -0.1758578 0.0823742 0.0255927
v -0.1717466 0.0531246 0.0036612
v -0.1886242 0.0975667 0.0256497
v -0.1723564 0.0984297 0.0009929
v -0.1859490 0.1128728 0.0105959
v -0.1993842 0.1346056 0.0053021
v -0.1955877 0.1957390 -0.0027527
v -0.2190355 0.1977828 -0.0077826
v -0.2190748 0.1691918 -0.0040726
v -0.1969057 0.1690329 0.0002081
v -0.2243466 0.1394654 0.0018776
v -0.2032397 0.1088760 0.0215902
v -0.2280447 0.1141218 0.0165889
v -0.2101442 0.0925934 0.0449700
v -0.2345755 0.0958408 0.0391768
v -0.2168717 0.0766742 0.0679716
v -0.2386080 0.0716554 0.0994847
v -0.2611509 0.0335038 0.1584514
v -0.2314085 0.0296432 0.1590507
v -0.2839298 0.0348891 0.1387959
v -0.2052068 0.0256237 0.1389100
v -0.1910438 0.0219221 0.1092162
v -0.1856343 0.0206277 0.0748636
v -0.1898242 0.0078196 0.0960602
v -0.1882702 0.0078196 0.0873846
v -0.1814247 0.0224898 0.0383563
v -0.1850245 0.0057304 0.0539238
v -0.1765266 0.0258735 0.0037183
v -0.1695041 0.0288711 -0.0303704
v -0.1646454 0.0319369 -0.0691893
v -0.1781200 0.0335492 -0.0938532
v -0.1985187 0.0356158 -0.1034135
v -0.2229303 0.0378186 -0.1025859
v -0.2447650 0.0384999 -0.0810611
v -0.2560167 0.0389086 -0.0489843
v -0.2653211 0.0349345 -0.0138826
v -0.2824348 0.0293026 0.0260849
v -0.2928800 0.0292572 0.0597812
v -0.2893589 0.0173802 0.0415097
v -0.2843428 0.0128838 0.0240587
v -0.2952995 0.0331859 0.1047571
v -0.2957913 0.0191515 0.0779813
v -0.2959093 0.0222173 0.0937058
v -0.1930109 -0.0129140 0.0766757
v -0.1974958 -0.0105295 0.0986999
v -0.2032201 -0.0082586 0.1192901
v -0.2620164 0.0011204 0.1533217
v -0.2343001 -0.0006964 0.1537070
v -0.2934701 0.0015064 0.1089023
v -0.2757467 0.0028236 0.0084627
v -0.1913192 -0.0069414 0.0781811
v -0.1965516 -0.0053064 0.0998272
v -0.2956143 0.0075698 0.0976797
v -0.2943947 0.0090005 0.1050639
v -0.2646326 0.0139511 -0.0137113
v -0.1731629 -0.0120056 -0.0373266
v -0.1721597 -0.0121191 -0.0430770
v -0.1678321 -0.0118239 -0.0606421
v -0.2018431 -0.0047613 -0.1043909
v -0.1707434 -0.0110064 -0.0793274
v -0.1838049 0.1941720 -0.0997677
v -0.1861260 0.1648543 -0.0962647
v -0.1884669 0.1308585 -0.0985763
v -0.1913978 0.0962269 -0.1019794
v -0.1944075 0.0654558 -0.1049545
v -0.1985187 0.0356158 -0.1034135
v -0.1908471 -0.0127323 0.0353241
v -0.1906504 -0.0131865 0.0518690
v -0.2855231 -0.0068279 0.0290672
v -0.2765532 -0.0061466 0.0121655
v -0.2919555 -0.0053064 0.0527680
v -0.2885327 -0.0060785 0.0402398
v -0.1914372 -0.0137315 0.0632058
v -0.2939619 -0.0028310 0.0754985
v -0.2932931 -0.0041936 0.0618645
v -0.1950370 -0.0112789 0.0866212
v -0.2947487 -0.0009462 0.0967165
v -0.2939816 -0.0023314 0.0839743
v -0.1991482 -0.0104387 0.1077180
v -0.2163602 -0.0042390 0.1396235
v -0.2073509 -0.0066008 0.1284294
v -0.2829462 0.0028463 0.1364771
v -0.1880341 -0.0067597 0.0521687
v -0.2869984 -0.0005828 0.0294596
v -0.2893983 0.0004391 0.0381494
v -0.1888996 -0.0068960 0.0631273
v -0.2930767 0.0018244 0.0535742
v -0.2940603 0.0016881 0.0605161
v -0.1930109 -0.0056924 0.0856866
v -0.2951815 0.0040953 0.0761264
v -0.1966500 -0.0039211 0.1054777
v -0.2956143 0.0044813 0.0823548
v -0.2028857 -0.0040573 0.1199180
v -0.2050298 -0.0018773 0.1253188
v -0.1849064 0.0001212 0.0321279
v -0.1793789 0.0118164 -0.0162298
v -0.1809723 -0.0105068 -0.0237995
v -0.2577281 0.0177890 -0.0357498
v -0.2568823 -0.0045342 -0.0453600
v -0.2569216 -0.0047613 -0.0571319
v -0.2555643 -0.0044434 -0.0638384
v -0.2526334 -0.0044434 -0.0737696
v -0.1684616 -0.0116195 -0.0537645
v -0.2497614 -0.0044434 -0.0802977
v -0.2442339 -0.0045569 -0.0902931
v -0.1683829 -0.0105295 -0.0725496
v -0.1805002 -0.0073048 -0.0945096
v -0.2018431 -0.0047613 -0.1043909
v -0.2257826 -0.0035123 -0.1036132
v -0.2386867 -0.0051020 -0.0953230
v -0.1678715 -0.0046705 -0.0755318
v -0.2414013 -0.0006510 -0.0931826
v -0.2509023 -0.0001741 -0.0772512
v -0.1676354 -0.0070096 -0.0568466
v -0.1727302 -0.0084402 -0.0405942
v -0.2564102 0.0015746 -0.0606421
v -0.1908471 -0.0127323 0.0353241
v -0.1906504 -0.0131865 0.0518690
v -0.2855231 -0.0068279 0.0290672
v -0.2765532 -0.0061466 0.0121655
v -0.2919555 -0.0053064 0.0527680
v -0.2885327 -0.0060785 0.0402398
v -0.1914372 -0.0137315 0.0632058
v -0.2939619 -0.0028310 0.0754985
v -0.2932931 -0.0041936 0.0618645
v -0.1950370 -0.0112789 0.0866212
v -0.2947487 -0.0009462 0.0967165
v -0.2939816 -0.0023314 0.0839743
v -0.1991482 -0.0104387 0.1077180
v -0.2163602 -0.0042390 0.1396235
v -0.2073509 -0.0066008 0.1284294
v -0.2359721 -0.0055562 0.1344367
v -0.2829462 0.0028463 0.1364771
v -0.2726190 -0.0017183 0.1274591
v -0.1880341 -0.0067597 0.0521687
v -0.2869984 -0.0005828 0.0294596
v -0.2893983 0.0004391 0.0381494
v -0.1888996 -0.0068960 0.0631273
v -0.2930767 0.0018244 0.0535742
v -0.2940603 0.0016881 0.0605161
v -0.1930109 -0.0056924 0.0856866
v -0.2951815 0.0040953 0.0761264
v -0.1966500 -0.0039211 0.1054777
v -0.2956143 0.0044813 0.0823548
v -0.2028857 -0.0040573 0.1199180
v -0.2050298 -0.0018773 0.1253188
v -0.1849064 0.0001212 0.0321279
v -0.1793789 0.0118164 -0.0162298
v -0.1809723 -0.0105068 -0.0237995
v -0.2577281 0.0177890 -0.0357498
v -0.2568823 -0.0045342 -0.0453600
v -0.2569216 -0.0047613 -0.0571319
v -0.2555643 -0.0044434 -0.0638384
v -0.2526334 -0.0044434 -0.0737696
v -0.1684616 -0.0116195 -0.0537645
v -0.2497614 -0.0044434 -0.0802977
v -0.2442339 -0.0045569 -0.0902931
v -0.1683829 -0.0105295 -0.0725496
v -0.1805002 -0.0073048 -0.0945096
v -0.2257826 -0.0035123 -0.1036132
v -0.2386867 -0.0051020 -0.0953230
v -0.1678715 -0.0046705 -0.0755318
v -0.2414013 -0.0006510 -0.0931826
v -0.2509023 -0.0001741 -0.0772512
v -0.1676354 -0.0070096 -0.0568466
v -0.1727302 -0.0084402 -0.0405942
v -0.2564102 0.0015746 -0.0606421
v -0.1930109 -0.0129140 0.0766757
v -0.1974958 -0.0105295 0.0986999
v -0.2032201 -0.0082586 0.1192901
v -0.2620164 0.0011204 0.1533217
v -0.2343001 -0.0006964 0.1537070
v -0.2934701 0.0015064 0.1089023
v -0.2757467 0.0028236 0.0084627
v -0.1913192 -0.0069414 0.0781811
v -0.1965516 -0.0053064 0.0998272
v -0.2956143 0.0075698 0.0976797
v -0.2943947 0.0090005 0.1050639
v -0.2646326 0.0139511 -0.0137113
v -0.1731629 -0.0120056 -0.0373266
v -0.1721597 -0.0121191 -0.0430770
v -0.1678321 -0.0118239 -0.0606421
v -0.2018431 -0.0047613 -0.1043909
v -0.1707434 -0.0110064 -0.0793274
v 0.1837655 0.1941493 -0.0997606
v 0.1860867 0.1648543 -0.0962362
v 0.1682255 0.1652858 -0.0875249
v 0.1651765 0.1935816 -0.0898008
v 0.2139997 0.1937860 -0.0960364
v 0.2137243 0.1672388 -0.0933396
v 0.1884079 0.1308131 -0.0985477
v 0.1716876 0.1313354 -0.0879744
v 0.2147669 0.1319486 -0.0927403
v 0.1913782 0.0962042 -0.1019580
v 0.1730842 0.0953866 -0.0905571
v 0.2181699 0.0968400 -0.0994966
v 0.1943682 0.0654558 -0.1049260
v 0.1747366 0.0635028 -0.0937605
v 0.2205895 0.0655466 -0.1027856
v 0.2229106 0.0378186 -0.1026287
v 0.1984990 0.0356158 -0.1033849
v 0.1780216 0.0335719 -0.0938746
v 0.2257629 -0.0034669 -0.1036132
v 0.2018038 -0.0047613 -0.1043980
v 0.1804608 -0.0073048 -0.0945096
v 0.2444896 0.0651606 -0.0829446
v 0.2446666 0.0384999 -0.0810183
v 0.2385883 -0.0050338 -0.0953015
v 0.2553283 0.0643657 -0.0507466
v 0.2559577 0.0389086 -0.0489701
v 0.2609935 0.0572804 -0.0126554
v 0.2652227 0.0349345 -0.0138398
v 0.2645342 0.0140420 -0.0136828
v 0.2755696 0.0530338 0.0296665
v 0.2824151 0.0293026 0.0260350
v 0.2842642 0.0128838 0.0240659
v 0.2813725 0.0516940 0.0626279
v 0.2928603 0.0292799 0.0597669
v 0.2892606 0.0173802 0.0415240
v 0.2846772 0.0530338 0.1016108
v 0.2952405 0.0331405 0.1047500
v 0.2958110 0.0221946 0.0936844
v 0.2956930 0.0191515 0.0779671
v 0.2745271 0.0541011 0.1348362
v 0.2839298 0.0349345 0.1388173
v 0.2942373 0.0090459 0.1050853
v 0.2551709 0.0531928 0.1500184
v 0.2611115 0.0335038 0.1583943
v 0.2619574 0.0011658 0.1532575
v 0.2828282 0.0029144 0.1364415
v 0.2933521 0.0015746 0.1088880
v 0.2305036 0.0511944 0.1529293
v 0.2313691 0.0296432 0.1590579
v 0.2342607 -0.0006964 0.1536927
v 0.2065444 0.0467660 0.1343439
v 0.2051871 0.0256691 0.1389386
v 0.2163209 -0.0042390 0.1396235
v 0.1967287 0.0434278 0.1043362
v 0.1909257 0.0218767 0.1092233
v 0.2029643 -0.0040346 0.1199180
v 0.2050101 -0.0018773 0.1253116
v 0.2073509 -0.0066462 0.1284223
v 0.1891750 0.0424059 0.0744141
v 0.1855359 0.0206277 0.0748707
v 0.1881718 0.0078196 0.0873989
v 0.1897455 0.0078196 0.0960744
v 0.1965910 -0.0039665 0.1054920
v 0.1810903 0.0477425 0.0426085
v 0.1813854 0.0224898 0.0383563
v 0.1849261 0.0057077 0.0539309
v 0.1912995 -0.0069414 0.0781811
v 0.1929518 -0.0057151 0.0857009
v 0.1888013 -0.0069641 0.0631202
v 0.1879948 -0.0068052 0.0521687
v 0.1716679 0.0531246 0.0036398
v 0.1764873 0.0258508 0.0037040
v 0.1848278 0.0000985 0.0321207
v 0.1631308 0.0577801 -0.0335595
v 0.1694648 0.0288711 -0.0303775
v 0.1606129 0.0619586 -0.0708445
v 0.1646258 0.0318915 -0.0691607
v 0.1675370 -0.0070323 -0.0568537
v 0.1726908 -0.0084402 -0.0405942
v 0.1677731 -0.0046932 -0.0755532
v 0.1587638 0.0962269 -0.0710157
v 0.1567967 0.1311311 -0.0706804
v 0.1549673 0.1646045 -0.0702951
v 0.1492628 0.1922417 -0.0717934
v 0.1530986 0.0980890 -0.0334097
v 0.1571705 0.1304725 -0.0359068
v 0.1563836 0.1676476 -0.0345156
v 0.1532166 0.1926278 -0.0342373
v 0.1722777 0.0984297 0.0010071
v 0.1767824 0.1322438 -0.0044864
v 0.1797330 0.1686241 -0.0063628
v 0.1767037 0.1948533 -0.0069264
v 0.1757201 0.0823061 0.0255713
v 0.1882702 0.0783774 0.0457904
v 0.1859293 0.1129409 0.0106102
v 0.1885456 0.0976121 0.0256783
v 0.1993449 0.1346283 0.0053378
v 0.1968270 0.1690329 0.0001439
v 0.1955681 0.1957844 -0.0027242
v 0.2383129 0.0980209 -0.0814249
v 0.2306019 0.1331749 -0.0753107
v 0.2308380 0.1680336 -0.0757102
v 0.2310937 0.1949669 -0.0786353
v 0.2502728 0.0962496 -0.0511532
v 0.2436831 0.1338789 -0.0506039
v 0.2397686 0.1701910 -0.0501544
v 0.2390211 0.1971470 -0.0515742
v 0.2566069 0.0964540 -0.0162940
v 0.2430930 0.1309721 -0.0215736
v 0.2361688 0.1681472 -0.0240421
v 0.2355984 0.1995087 -0.0247270
v 0.2616820 0.0831009 0.0082772
v 0.2657145 0.0763562 0.0333407
v 0.2669734 0.0696116 0.0660382
v 0.2721075 0.0657510 0.0985644
v 0.2637277 0.0675223 0.1205315
v 0.2471845 0.0670227 0.1297422
v 0.2280251 0.0657964 0.1336662
v 0.2110097 0.0608004 0.1220084
v 0.2043806 0.0581434 0.0998700
v 0.1966106 0.0644566 0.0719099
v 0.2189961 0.1978055 -0.0077683
v 0.2189961 0.1692145 -0.0042010
v 0.2350082 0.1348554 -0.0041868
v 0.2243073 0.1394654 0.0019346
v 0.2444699 0.1036755 0.0103890
v 0.2032791 0.1088987 0.0216901
v 0.2280054 0.1141218 0.0165889
v 0.2100852 0.0926388 0.0449985
v 0.2344968 0.0959089 0.0391554
v 0.2168126 0.0767196 0.0679930
v 0.2420504 0.0791495 0.0639977
v 0.2235991 0.0693391 0.1017036
v 0.2385687 0.0717008 0.0994847
v 0.2536366 0.0716781 0.0952754
v 0.2527907 0.0881651 0.0375287
v 0.1809526 -0.0105295 -0.0238352
v 0.2568036 -0.0044888 -0.0453814
v 0.2568233 -0.0047386 -0.0571105
v 0.1990695 -0.0103932 0.1077251
v 0.2032004 -0.0082359 0.1192544
v 0.1974762 -0.0105068 0.0987142
v 0.1949386 -0.0112562 0.0865713
v 0.1913978 -0.0137769 0.0632058
v 0.1930109 -0.0128685 0.0766472
v 0.1907487 -0.0127323 0.0352670
v 0.1906110 -0.0131638 0.0518048
v 0.1730842 -0.0120056 -0.0373408
v 0.1684026 -0.0116422 -0.0537645
v 0.1721204 -0.0121191 -0.0430698
v 0.1683042 -0.0105522 -0.0725924
v 0.1677928 -0.0118012 -0.0606350
v 0.1706844 -0.0109837 -0.0793131
v 0.1837655 0.1941493 -0.0997606
v 0.1860867 0.1648543 -0.0962362
v 0.1884079 0.1308131 -0.0985477
v 0.1913782 0.0962042 -0.1019580
v 0.1943682 0.0654558 -0.1049260
v 0.1984990 0.0356158 -0.1033849
v 0.2018038 -0.0047613 -0.1043980
v 0.2508236 -0.0001286 -0.0772798
v 0.2413226 -0.0006964 -0.0930970
v 0.2563315 0.0015746 -0.0606350
v 0.2576298 0.0178344 -0.0357641
v 0.2929980 0.0018244 0.0535671
v 0.2892999 0.0004391 0.0381922
v 0.2939816 0.0016881 0.0606017
v 0.2951028 0.0040953 0.0761121
v 0.2955553 0.0075698 0.0976726
v 0.1965123 -0.0053064 0.0998201
v 0.1793593 0.0118619 -0.0162512
v 0.2756680 0.0028690 0.0085341
v 0.2869197 -0.0005828 0.0294596
v 0.2946701 -0.0009008 0.0967023
v 0.2938832 -0.0022860 0.0840314
v 0.2955159 0.0045041 0.0823905
v 0.2939029 -0.0027856 0.0754843
v 0.2931947 -0.0041255 0.0619144
v 0.2918768 -0.0052836 0.0527609
v 0.2884541 -0.0060103 0.0402897
v 0.2854444 -0.0068052 0.0290600
v 0.2764745 -0.0061012 0.0122440
v 0.2555250 -0.0043980 -0.0637884
v 0.2525350 -0.0044207 -0.0737339
v 0.2496630 -0.0044207 -0.0802977
v 0.2441552 -0.0045342 -0.0902575
v 0.2508236 -0.0001286 -0.0772798
v 0.2413226 -0.0006964 -0.0930970
v 0.2563315 0.0015746 -0.0606350
v 0.2576298 0.0178344 -0.0357641
v 0.2929980 0.0018244 0.0535671
v 0.2892999 0.0004391 0.0381922
v 0.2939816 0.0016881 0.0606017
v 0.2951028 0.0040953 0.0761121
v 0.2955553 0.0075698 0.0976726
v 0.1965123 -0.0053064 0.0998201
v 0.1793593 0.0118619 -0.0162512
v 0.2359328 -0.0055107 0.1344295
v 0.2725600 -0.0016729 0.1274591
v 0.2756680 0.0028690 0.0085341
v 0.2869197 -0.0005828 0.0294596
v 0.2946701 -0.0009008 0.0967023
v 0.2938832 -0.0022860 0.0840314
v 0.2955159 0.0045041 0.0823905
v 0.2939029 -0.0027856 0.0754843
v 0.2931947 -0.0041255 0.0619144
v 0.2918768 -0.0052836 0.0527609
v 0.2884541 -0.0060103 0.0402897
v 0.2854444 -0.0068052 0.0290600
v 0.2764745 -0.0061012 0.0122440
v 0.2555250 -0.0043980 -0.0637884
v 0.2525350 -0.0044207 -0.0737339
v 0.2496630 -0.0044207 -0.0802977
v 0.2441552 -0.0045342 -0.0902575
v 0.2257629 -0.0034669 -0.1036132
v 0.2018038 -0.0047613 -0.1043980
v 0.1804608 -0.0073048 -0.0945096
v 0.2385883 -0.0050338 -0.0953015
v 0.2645342 0.0140420 -0.0136828
v 0.2942373 0.0090459 0.1050853
v 0.2619574 0.0011658 0.1532575
v 0.2828282 0.0029144 0.1364415
v 0.2933521 0.0015746 0.1088880
v 0.2342607 -0.0006964 0.1536927
v 0.2163209 -0.0042390 0.1396235
v 0.2029643 -0.0040346 0.1199180
v 0.2050101 -0.0018773 0.1253116
v 0.2073509 -0.0066462 0.1284223
v 0.1965910 -0.0039665 0.1054920
v 0.1912995 -0.0069414 0.0781811
v 0.1929518 -0.0057151 0.0857009
v 0.1888013 -0.0069641 0.0631202
v 0.1879948 -0.0068052 0.0521687
v 0.1848278 0.0000985 0.0321207
v 0.1675370 -0.0070323 -0.0568537
v 0.1726908 -0.0084402 -0.0405942
v 0.1677731 -0.0046932 -0.0755532
v 0.1809526 -0.0105295 -0.0238352
v 0.2568036 -0.0044888 -0.0453814
v 0.2568233 -0.0047386 -0.0571105
v 0.1990695 -0.0103932 0.1077251
v 0.2032004 -0.0082359 0.1192544
v 0.1974762 -0.0105068 0.0987142
v 0.1949386 -0.0112562 0.0865713
v 0.1913978 -0.0137769 0.0632058
v 0.1930109 -0.0128685 0.0766472
v 0.1907487 -0.0127323 0.0352670
v 0.1906110 -0.0131638 0.0518048
v 0.1730842 -0.0120056 -0.0373408
v 0.1684026 -0.0116422 -0.0537645
v 0.1721204 -0.0121191 -0.0430698
v 0.1683042 -0.0105522 -0.0725924
v 0.1677928 -0.0118012 -0.0606350
v 0.1706844 -0.0109837 -0.0793131
v -0.2258809 0.1094664 0.0282110
v -0.2116982 0.1081493 0.0334263
v -0.2156717 0.1091485 0.0314287
v -0.2303266 0.1086943 0.0275546
v -0.2113245 0.1070819 0.0321564
v -0.2299725 0.1076269 0.0262918
v -0.2061510 0.1263621 0.0175449
v -0.2248187 0.1268844 0.0117160
v -0.2109704 0.1266573 0.0181514
v -0.2211796 0.1269525 0.0149408
v -0.2105966 0.1255900 0.0168814
v -0.2208058 0.1258852 0.0136709
v -0.2065248 0.1274067 0.0188077
v -0.2109704 0.1266573 0.0181514
v -0.2251924 0.1279518 0.0129788
v -0.2211796 0.1269525 0.0149408
v -0.2061510 0.1263621 0.0175449
v -0.2248187 0.1268844 0.0117160
v -0.2151996 0.1296095 0.0170812
v -0.2207468 0.1090122 0.0327058
v -0.2197043 0.1078086 0.0314929
v -0.2141767 0.1284059 0.0158683
v -0.2171077 0.1296549 0.0164605
v -0.2226352 0.1090576 0.0320851
v -0.2172454 0.1284741 0.0148552
v -0.2227729 0.1078767 0.0304798
v -0.2154357 0.1277020 0.0144914
v -0.2209632 0.1071046 0.0301159
v -0.2151996 0.1296095 0.0170812
v -0.2207468 0.1090122 0.0327058
v -0.2141767 0.1284059 0.0158683
v -0.2171077 0.1296549 0.0164605
v -0.2226352 0.1090576 0.0320851
v -0.2227729 0.1078767 0.0304798
v -0.2154357 0.1277020 0.0144914
v -0.2209632 0.1071046 0.0301159
v -0.2207272 0.1257035 0.0136923
v -0.2211402 0.1268617 0.0150835
v -0.2190355 0.1279745 0.0172738
v -0.2178159 0.1244545 0.0130787
v -0.2128195 0.1243183 0.0146555
v -0.2107147 0.1254083 0.0168458
v -0.2111278 0.1265665 0.0182370
v -0.2140391 0.1278155 0.0188434
v -0.2152390 0.1241593 0.0135924
v -0.2166159 0.1281107 0.0183297
v -0.2174618 0.1069911 0.0278044
v -0.2153767 0.1080811 0.0299946
v -0.2186814 0.1104883 0.0319994
v -0.2157701 0.1092393 0.0313859
v -0.2253892 0.1083763 0.0268412
v -0.2257826 0.1095345 0.0282324
v -0.2224779 0.1071273 0.0262276
v -0.2199010 0.1068321 0.0267413
v -0.2236975 0.1106246 0.0304156
v -0.2212779 0.1107835 0.0314786
v -0.2190748 -0.0102570 -0.0313478
v -0.2092000 -0.0104614 -0.0718718
v -0.2042429 -0.0105749 -0.0913990
v -0.2013513 -0.0106203 -0.1035776
v -0.1644881 -0.0147080 -0.0633889
v -0.1763299 -0.0143447 -0.0217163
v -0.1823099 -0.0124598 -0.0991185
v -0.1699566 -0.0138678 -0.0836794
v -0.2539120 -0.0061920 -0.0803619
v -0.2385293 -0.0072821 -0.0991185
v -0.2204124 -0.0088036 -0.1080295
v -0.2004268 -0.0106657 -0.1061175
v -0.2618197 -0.0061466 -0.0409794
v -0.1633668 -0.0024904 -0.0631749
v -0.1759168 -0.0100072 -0.0216449
v -0.1763299 -0.0143447 -0.0217163
v -0.1781790 0.0325500 -0.0983408
v -0.1657667 0.0317325 -0.0828804
v -0.2527907 0.0060256 -0.0801479
v -0.2343197 0.0383182 -0.0983266
v -0.2162619 0.0362062 -0.1072518
v -0.1962762 0.0343214 -0.1053398
v -0.2618197 -0.0061466 -0.0409794
v -0.2614262 -0.0018091 -0.0409009
v -0.2190748 -0.0102570 -0.0313478
v 0.2105573 0.1255900 0.0168814
v 0.2152586 0.1081038 0.0301587
v 0.2116589 0.1081493 0.0334263
v 0.2156324 0.1091485 0.0314287
v 0.2109310 0.1266573 0.0181514
v 0.2064854 0.1274067 0.0188077
v 0.2112851 0.1070819 0.0321564
v 0.2061117 0.1263621 0.0175449
v 0.2112851 0.1070819 0.0321564
v 0.2299331 0.1076269 0.0262918
v 0.2254678 0.1083991 0.0269411
v 0.2156324 0.1091485 0.0314287
v 0.2258416 0.1094664 0.0282110
v 0.2152586 0.1081038 0.0301587
v 0.2109310 0.1266573 0.0181514
v 0.2064854 0.1274067 0.0188077
v 0.2251531 0.1279518 0.0129788
v 0.2211402 0.1269525 0.0149408
v 0.2061117 0.1263621 0.0175449
v 0.2247794 0.1268844 0.0117160
v 0.2207665 0.1258852 0.0136709
v 0.2302872 0.1086943 0.0275546
v 0.2258416 0.1094664 0.0282110
v 0.2251531 0.1279518 0.0129788
v 0.2211402 0.1269525 0.0149408
v 0.2299331 0.1076269 0.0262918
v 0.2254678 0.1083991 0.0269411
v 0.2247794 0.1268844 0.0117160
v 0.2061117 0.1263621 0.0175449
v 0.2247794 0.1268844 0.0117160
v 0.2109310 0.1266573 0.0181514
v 0.2211402 0.1269525 0.0149408
v 0.2105573 0.1255900 0.0168814
v 0.2207665 0.1258852 0.0136709
v 0.2151603 0.1296095 0.0170812
v 0.2141374 0.1284059 0.0158683
v 0.2196649 0.1078086 0.0314929
v 0.2207075 0.1090122 0.0327058
v 0.2170684 0.1296549 0.0164605
v 0.2225959 0.1090576 0.0320851
v 0.2172061 0.1284741 0.0148552
v 0.2227336 0.1078767 0.0304798
v 0.2153963 0.1277020 0.0144914
v 0.2209239 0.1071046 0.0301159
v 0.2151603 0.1296095 0.0170812
v 0.2141374 0.1284059 0.0158683
v 0.2207075 0.1090122 0.0327058
v 0.2170684 0.1296549 0.0164605
v 0.2225959 0.1090576 0.0320851
v 0.2227336 0.1078767 0.0304798
v 0.2153963 0.1277020 0.0144914
v 0.2209239 0.1071046 0.0301159
v 0.2174224 0.1069911 0.0278044
v 0.2153373 0.1080811 0.0299946
v 0.2186420 0.1104883 0.0319994
v 0.2157307 0.1092393 0.0313859
v 0.2257432 0.1095345 0.0282324
v 0.2253498 0.1083763 0.0268412
v 0.2224385 0.1071273 0.0262276
v 0.2198616 0.1068321 0.0267413
v 0.2212386 0.1107835 0.0314786
v 0.2236581 0.1106246 0.0304156
v 0.1634455 0.0420879 -0.0297854
v 0.1644684 0.0295070 -0.0410436
v 0.1608686 0.0415429 -0.0292146
v 0.2528301 0.0321186 -0.0670275
v 0.2435454 0.0498999 -0.0817103
v 0.2334346 0.0313010 -0.0975775
v 0.2464370 0.0127475 -0.0842003
v 0.2599313 0.0689076 -0.0311124
v 0.2543251 0.0865300 -0.0455312
v 0.2535185 0.0682036 -0.0661428
v 0.2373687 0.1226378 0.0028978
v 0.2552299 0.1047429 -0.0250980
v 0.2608755 0.0863483 -0.0120847
v 0.2421684 0.1049018 0.0170883
v 0.2212583 0.1075815 0.0280398
v 0.2167340 0.1252948 0.0137565
v 0.1701533 0.1067413 0.0019489
v 0.1932076 0.1211390 0.0140704
v 0.1974762 0.1034257 0.0284393
v 0.1741071 0.0888236 0.0160467
v 0.1586851 0.0850085 -0.0210670
v 0.1659240 0.0657056 -0.0069621
v 0.1608686 0.0491732 -0.0543780
v 0.1565410 0.0670909 -0.0380543
v 0.1658650 0.0013929 -0.0673343
v 0.1671240 0.0206958 -0.0799196
v 0.2574921 0.0222854 -0.0578169
v 0.2599509 0.0320731 -0.0367843
v 0.2559774 -0.0044207 -0.0611772
v 0.2600099 -0.0050111 -0.0421852
v 0.1720023 0.0261460 -0.0149599
v 0.1681075 0.0147459 -0.0349650
v 0.1780806 -0.0135498 -0.0229648
v 0.1728285 -0.0126187 -0.0399592
v 0.2357164 0.0315735 -0.0990186
v 0.2458469 0.0498999 -0.0830944
v 0.2551316 0.0323229 -0.0684116
v 0.2486598 0.0132926 -0.0856272
v 0.2560561 0.0683626 -0.0670204
v 0.2569413 0.0869615 -0.0460306
v 0.2625672 0.0692710 -0.0315405
v 0.2634327 0.0871659 -0.0120205
v 0.2577871 0.1056058 -0.0249553
v 0.2391981 0.1241593 0.0041891
v 0.2439782 0.1064233 0.0183868
v 0.2171864 0.1270434 0.0157684
v 0.2217304 0.1093301 0.0300517
v 0.1964926 0.1048564 0.0305083
v 0.1922044 0.1225697 0.0161323
v 0.1680091 0.1074453 0.0034329
v 0.1719237 0.0894141 0.0175307
v 0.1561476 0.0848041 -0.0201609
v 0.1634062 0.0653650 -0.0060774
v 0.1582130 0.0486282 -0.0543352
v 0.1617931 0.0291436 -0.0410294
v 0.1539445 0.0665685 -0.0375263
v 0.1644290 0.0205595 -0.0800694
v 0.1631701 0.0014383 -0.0675269
v 0.2626262 0.0320504 -0.0370269
v 0.2601673 0.0222627 -0.0581807
v 0.2626655 -0.0050338 -0.0426560
v 0.2586133 -0.0044888 -0.0617408
v 0.1694845 0.0255783 -0.0141394
v 0.1655896 0.0141782 -0.0341660
v 0.1702910 -0.0131865 -0.0392101
v 0.1755628 -0.0141176 -0.0222014
v 0.2590461 0.0489461 -0.0541426
v 0.1634455 0.0420879 -0.0297854
v 0.1644684 0.0295070 -0.0410436
v 0.2616820 0.0490370 -0.0547776
v 0.1608686 0.0415429 -0.0292146
v 0.1608686 0.0415429 -0.0292146
v 0.2091607 -0.0104614 -0.0718718
v 0.2190355 -0.0102570 -0.0313478
v 0.2042036 -0.0105749 -0.0913990
v 0.2013120 -0.0106203 -0.1035776
v 0.1644487 -0.0147080 -0.0633889
v 0.1762906 -0.0143447 -0.0217163
v 0.1822705 -0.0124598 -0.0991185
v 0.1699172 -0.0138678 -0.0836794
v 0.2538726 -0.0061920 -0.0803619
v 0.2384900 -0.0072821 -0.0991185
v 0.2203731 -0.0088036 -0.1080295
v 0.2003874 -0.0106657 -0.1061175
v 0.2617803 -0.0061466 -0.0409794
v 0.1762906 -0.0143447 -0.0217163
v 0.1758775 -0.0100072 -0.0216449
v 0.1633275 -0.0024904 -0.0631749
v 0.1657273 0.0317325 -0.0828804
v 0.1781397 0.0325500 -0.0983408
v 0.2342804 0.0383182 -0.0983266
v 0.2527514 0.0060256 -0.0801479
v 0.1962369 0.0343214 -0.1053398
v 0.2162225 0.0362062 -0.1072518
v 0.2617803 -0.0061466 -0.0409794
v 0.2613869 -0.0018091 -0.0409009
v 0.2190355 -0.0102570 -0.0313478
v -0.2528694 0.0321186 -0.0670275
v -0.2464764 0.0127475 -0.0842003
v -0.2334739 0.0313010 -0.0975775
v -0.2435847 0.0498999 -0.0817103
v -0.2599706 0.0689076 -0.0311124
v -0.2535579 0.0682036 -0.0661428
v -0.2543644 0.0865300 -0.0455312
v -0.2374081 0.1226378 0.0028978
v -0.2422078 0.1049018 0.0170883
v -0.2609148 0.0863483 -0.0120847
v -0.2552693 0.1047429 -0.0250980
v -0.2212976 0.1075815 0.0280398
v -0.2167733 0.1252948 0.0137565
v -0.1701926 0.1067413 0.0019489
v -0.1741465 0.0888236 0.0160467
v -0.1975155 0.1034257 0.0284393
v -0.1932469 0.1211390 0.0140704
v -0.1587245 0.0850085 -0.0210670
v -0.1659634 0.0657056 -0.0069621
v -0.1565804 0.0670909 -0.0380543
v -0.1609080 0.0491732 -0.0543780
v -0.1671633 0.0206958 -0.0799196
v -0.1659044 0.0013929 -0.0673343
v -0.2599903 0.0320731 -0.0367843
v -0.2575314 0.0222854 -0.0578169
v -0.2600493 -0.0050111 -0.0421852
v -0.2560167 -0.0044207 -0.0611772
v -0.1681468 0.0147459 -0.0349650
v -0.1720417 0.0261460 -0.0149599
v -0.1781200 -0.0135498 -0.0229648
v -0.1728679 -0.0126187 -0.0399592
v -0.2357557 0.0315735 -0.0990186
v -0.2486992 0.0132926 -0.0856272
v -0.2551709 0.0323229 -0.0684116
v -0.2458862 0.0498999 -0.0830944
v -0.2560954 0.0683626 -0.0670204
v -0.2626065 0.0692710 -0.0315405
v -0.2569806 0.0869615 -0.0460306
v -0.2634720 0.0871659 -0.0120205
v -0.2440175 0.1064233 0.0183868
v -0.2392375 0.1241593 0.0041891
v -0.2578265 0.1056058 -0.0249553
v -0.2217697 0.1093301 0.0300517
v -0.2172257 0.1270434 0.0157684
v -0.1965320 0.1048564 0.0305083
v -0.1719630 0.0894141 0.0175307
v -0.1680485 0.1074453 0.0034329
v -0.1922437 0.1225697 0.0161323
v -0.1634455 0.0653650 -0.0060774
v -0.1561869 0.0848041 -0.0201609
v -0.1582524 0.0486282 -0.0543352
v -0.1539838 0.0665685 -0.0375263
v -0.1618325 0.0291436 -0.0410294
v -0.1644684 0.0205595 -0.0800694
v -0.1632094 0.0014383 -0.0675269
v -0.2626655 0.0320504 -0.0370269
v -0.2627049 -0.0050338 -0.0426560
v -0.2586526 -0.0044888 -0.0617408
v -0.1695238 0.0255783 -0.0141394
v -0.1656290 0.0141782 -0.0341660
v -0.1756021 -0.0141176 -0.0222014
v -0.1703303 -0.0131865 -0.0392101
v -0.2590854 0.0489461 -0.0541426
v -0.1634848 0.0420879 -0.0297854
v -0.1645077 0.0295070 -0.0410436
v -0.2617213 0.0490370 -0.0547776
v -0.1609080 0.0415429 -0.0292146
v -0.1609080 0.0415429 -0.0292146
v -0.2602066 0.0222627 -0.0581807
v 0.2590461 0.0489461 -0.0541426
v 0.2616820 0.0490370 -0.0547776
v 0.2601673 0.0222627 -0.0581807
f 2027 2024 2023
f 2027 2026 2028
f 2026 2027 2025
f 2024 2027 2028
f 2127 2130 2126
f 2129 2130 2131
f 2130 2129 2128
f 2130 2127 2131
f 2106 2108 2107
f 2109 2108 2111
f 2108 2109 2110
f 2108 2106 2111
f 1054 1052 1053
f 1054 1055 1057
f 1055 1054 1056
f 1052 1054 1057
f 1 3 4
f 5 4 3
f 7 6 5
f 9 7 10
f 11 10 12
f 11 13 14
f 15 13 16
f 17 16 18
f 19 2 20
f 21 3 19
f 22 5 21
f 22 10 7
f 12 23 24
f 13 24 25
f 16 25 26
f 27 16 26
f 28 2 29
f 29 1 30
f 30 62 31
f 30 32 29
f 29 32 33
f 29 33 34
f 28 34 35
f 28 35 63
f 37 14 15
f 39 9 11
f 14 39 11
f 8 40 41
f 6 41 42
f 4 42 43
f 4 44 1
f 30 44 45
f 62 45 36
f 25 47 26
f 64 26 47
f 48 22 49
f 63 51 28
f 20 51 52
f 20 53 19
f 19 54 21
f 49 21 54
f 24 48 55
f 55 25 24
f 56 15 17
f 27 57 58
f 18 58 59
f 60 18 59
f 61 17 60
f 17 61 56
f 18 60 17
f 58 18 27
f 57 27 64
f 15 56 37
f 25 55 46
f 48 24 23
f 21 49 22
f 54 19 53
f 53 20 52
f 51 20 28
f 51 63 50
f 22 48 23
f 26 64 27
f 47 25 46
f 45 62 30
f 44 30 1
f 44 4 43
f 42 4 6
f 41 6 8
f 40 8 9
f 39 14 38
f 9 39 40
f 14 37 38
f 34 28 29
f 32 30 31
f 1 29 2
f 2 28 20
f 16 27 18
f 25 16 13
f 24 13 12
f 23 12 10
f 10 22 23
f 5 22 7
f 3 21 5
f 2 19 3
f 16 17 15
f 13 15 14
f 13 11 12
f 10 11 9
f 7 9 8
f 6 7 8
f 4 5 6
f 3 1 2
f 2123 2118 2125
f 2120 2118 2124
f 2121 2123 2125
f 2123 2121 2119
f 2118 2120 2122
f 2118 2123 2124
f 1044 1051 1050
f 1044 1048 1045
f 1051 1046 1050
f 1046 1051 1047
f 1048 1044 1049
f 1051 1044 1045
f 2105 2099 2104
f 2102 2099 2098
f 2100 2105 2104
f 2105 2100 2103
f 2099 2102 2101
f 2099 2105 2098
f 1058 1063 1065
f 1058 1060 1064
f 1063 1061 1065
f 1061 1063 1059
f 1060 1058 1062
f 1063 1058 1064
f 1126 1127 1125
f 2162 2161 2160
f 2056 2054 2055
f 2057 2062 2060
f 2061 2055 2062
f 2058 2060 2059
f 2060 2058 2057
f 2055 2061 2056
f 2062 2057 2061
f 2054 2056 2053
f 1201 1203 1202
f 1209 1205 1206
f 1202 1208 1209
f 1206 1204 1207
f 1204 1206 1205
f 1208 1202 1203
f 1205 1209 1208
f 1203 1201 1200
f 2153 2150 2152
f 2158 2156 2159
f 2152 2157 2158
f 2159 2155 2154
f 2155 2159 2156
f 2157 2152 2150
f 2156 2158 2157
f 2150 2153 2151
f 2328 2326 2327
f 2251 2246 2255
f 2247 2250 2248
f 2253 2248 2250
f 2256 2246 2245
f 2246 2254 2255
f 2253 2252 2249
f 2246 2256 2254
f 2248 2253 2249
f 2250 2247 2251
f 2246 2251 2247
f 2257 2259 2260
f 2261 2262 2263
f 2265 2267 2264
f 2265 2269 2268
f 2271 2273 2270
f 2274 2271 2270
f 2320 2277 2321
f 2272 2269 2273
f 2319 2260 2262
f 2321 2278 2279
f 2266 2263 2267
f 2319 2280 2281
f 2281 2282 2283
f 2275 2276 2320
f 2320 2285 2275
f 2286 2284 2287
f 2260 2288 2291
f 2258 2288 2259
f 2258 2290 2289
f 2262 2294 2263
f 2267 2297 2264
f 2265 2295 2266
f 2264 2300 2269
f 2268 2296 2265
f 2273 2303 2270
f 2271 2301 2272
f 2270 2306 2274
f 2271 2305 2302
f 2276 2307 2277
f 2269 2304 2273
f 2272 2299 2268
f 2262 2291 2292
f 2319 2290 2257
f 2279 2309 2321
f 2279 2310 2311
f 2277 2310 2278
f 2267 2294 2298
f 2266 2293 2261
f 2261 2312 2280
f 2283 2325 2281
f 2282 2314 2283
f 2280 2313 2282
f 2274 2308 2276
f 2285 2305 2275
f 2320 2316 2284
f 2287 2317 2286
f 2284 2318 2287
f 2286 2315 2285
f 2315 2286 2317
f 2318 2284 2316
f 2317 2287 2318
f 2316 2320 2324
f 2305 2285 2315
f 2308 2274 2306
f 2313 2280 2312
f 2314 2282 2313
f 2325 2283 2314
f 2312 2261 2293
f 2325 2319 2281
f 2293 2266 2295
f 2294 2267 2263
f 2310 2277 2307
f 2310 2279 2278
f 2309 2279 2311
f 2290 2319 2322
f 2291 2262 2260
f 2299 2272 2301
f 2304 2269 2300
f 2307 2276 2308
f 2323 2321 2309
f 2305 2271 2275
f 2306 2270 2303
f 2301 2271 2302
f 2303 2273 2304
f 2296 2268 2299
f 2300 2264 2297
f 2295 2265 2296
f 2297 2267 2298
f 2294 2262 2292
f 2290 2258 2257
f 2288 2258 2289
f 2288 2260 2259
f 2284 2286 2285
f 2285 2320 2284
f 2276 2275 2274
f 2282 2281 2280
f 2280 2319 2261
f 2263 2266 2261
f 2278 2321 2277
f 2260 2319 2257
f 2269 2272 2268
f 2277 2320 2276
f 2271 2274 2275
f 2273 2271 2272
f 2269 2265 2264
f 2267 2265 2266
f 2262 2261 2319
f 2259 2257 2258
f 2163 2165 2166
f 2167 2169 2226
f 2171 2173 2170
f 2175 2173 2174
f 2177 2179 2176
f 2180 2179 2181
f 2227 2182 2183
f 2178 2175 2174
f 2226 2164 2163
f 2228 2185 2182
f 2172 2168 2167
f 2226 2187 2167
f 2186 2189 2187
f 2181 2183 2180
f 2227 2190 2191
f 2192 2191 2190
f 2164 2194 2165
f 2194 2166 2165
f 2166 2196 2163
f 2199 2169 2168
f 2203 2171 2170
f 2201 2173 2172
f 2205 2170 2175
f 2204 2174 2173
f 2209 2177 2176
f 2207 2179 2178
f 2211 2176 2180
f 2179 2212 2181
f 2213 2183 2182
f 2208 2175 2177
f 2206 2178 2174
f 2169 2195 2164
f 2196 2226 2163
f 2214 2184 2228
f 2184 2216 2185
f 2216 2182 2185
f 2171 2199 2168
f 2200 2172 2167
f 2226 2219 2186
f 2218 2167 2187
f 2219 2188 2186
f 2221 2189 2188
f 2220 2187 2189
f 2215 2180 2183
f 2212 2190 2181
f 2223 2227 2191
f 2225 2193 2192
f 2224 2191 2193
f 2222 2192 2190
f 2192 2222 2225
f 2191 2224 2223
f 2193 2225 2224
f 2227 2223 2231
f 2190 2212 2222
f 2180 2215 2211
f 2187 2220 2218
f 2189 2221 2220
f 2188 2219 2221
f 2167 2218 2200
f 2172 2200 2201
f 2199 2171 2202
f 2182 2216 2213
f 2216 2184 2217
f 2184 2214 2217
f 2226 2196 2229
f 2195 2169 2198
f 2178 2206 2207
f 2175 2208 2205
f 2183 2213 2215
f 2228 2230 2214
f 2212 2179 2210
f 2176 2211 2209
f 2179 2207 2210
f 2177 2209 2208
f 2174 2204 2206
f 2170 2205 2203
f 2173 2201 2204
f 2171 2203 2202
f 2169 2199 2198
f 2196 2166 2197
f 2166 2194 2197
f 2194 2164 2195
f 2191 2192 2193
f 2190 2227 2181
f 2183 2181 2227
f 2189 2186 2188
f 2187 2226 2186
f 2168 2172 2171
f 2185 2228 2184
f 2164 2226 2169
f 2175 2178 2177
f 2182 2227 2228
f 2179 2180 2176
f 2179 2177 2178
f 2173 2175 2170
f 2173 2171 2172
f 2169 2167 2168
f 2165 2163 2164
f 2091 2087 2086
f 2086 2092 2091
f 2090 2093 2092
f 2096 2097 2087
f 2087 2097 2088
f 2093 2089 2094
f 2097 2096 2095
f 2093 2090 2089
f 2092 2086 2090
f 2087 2091 2096
f 2036 2038 2035
f 2040 2035 2039
f 2042 2039 2041
f 2044 2041 2051
f 2037 2043 2038
f 2041 2047 2051
f 2049 2037 2046
f 2037 2050 2052
f 2045 2041 2048
f 2050 2037 2049
f 2047 2041 2045
f 2043 2037 2052
f 2041 2044 2042
f 2039 2042 2040
f 2035 2040 2036
f 2038 2036 2037
f 2133 2135 2132
f 2132 2137 2136
f 2136 2139 2138
f 2138 2141 2148
f 2140 2134 2133
f 2143 2138 2148
f 2146 2144 2134
f 2147 2134 2149
f 2142 2145 2138
f 2134 2147 2146
f 2138 2143 2142
f 2134 2140 2149
f 2141 2138 2139
f 2139 2136 2137
f 2137 2132 2135
f 2135 2133 2134
f 2063 2066 2065
f 2069 2072 2071
f 2070 2065 2072
f 2067 2071 2068
f 2071 2067 2069
f 2065 2070 2063
f 2072 2069 2070
f 2066 2063 2064
f 1122 1124 1123
f 1179 1181 1178
f 1183 1185 1182
f 1185 1180 1179
f 1195 1187 1194
f 1189 1197 1188
f 1191 1193 1196
f 1178 1199 1198
f 1183 1192 1191
f 1188 1194 1187
f 1196 1186 1195
f 1186 1196 1193
f 1194 1188 1197
f 1192 1183 1182
f 1199 1178 1181
f 1193 1191 1192
f 1197 1189 1190
f 1187 1195 1186
f 1180 1185 1184
f 1185 1183 1184
f 1181 1179 1180
f 1067 1069 1066
f 1071 1073 1070
f 1068 1071 1069
f 1074 1083 1082
f 1085 1078 1076
f 1079 1081 1084
f 1086 1066 1087
f 1080 1073 1081
f 1082 1076 1074
f 1075 1084 1083
f 1084 1075 1079
f 1076 1082 1085
f 1073 1080 1070
f 1066 1086 1067
f 1081 1079 1080
f 1078 1085 1077
f 1083 1074 1075
f 1071 1068 1072
f 1073 1071 1072
f 1069 1067 1068
f 2112 2114 2113
f 2113 2117 2116
f 2117 2113 2114
f 2114 2112 2115
f 2031 2030 2029
f 2034 2029 2033
f 2029 2034 2031
f 2030 2031 2032
f 1168 1169 1171
f 1171 1172 1173
f 1172 1171 1169
f 1169 1168 1170
f 1281 1280 1282
f 1281 1283 1284
f 1414 1284 1283
f 1285 1287 1288
f 1289 1291 1292
f 1293 1295 1296
f 1297 1299 1300
f 1297 1417 1416
f 1294 1419 1418
f 1290 1421 1420
f 1287 1423 1422
f 1425 1288 1424
f 1427 1291 1426
f 1429 1295 1428
f 1431 1298 1430
f 1416 1301 1297
f 1434 1302 1301
f 1303 1432 1304
f 1297 1304 1298
f 1301 1303 1304
f 1304 1430 1298
f 1305 1428 1295
f 1306 1437 1305
f 1307 1295 1294
f 1418 1307 1294
f 1308 1424 1288
f 1441 1308 1309
f 1310 1288 1287
f 1422 1310 1287
f 1311 1426 1291
f 1311 1444 1443
f 1311 1290 1313
f 1420 1313 1290
f 1312 1313 1314
f 1313 1445 1314
f 1309 1310 1315
f 1310 1446 1315
f 1306 1307 1316
f 1316 1436 1447
f 1317 1449 1318
f 1451 1317 1319
f 1319 1320 1321
f 1320 1318 1322
f 1322 1324 1320
f 1324 1321 1320
f 1325 1326 1327
f 1326 1323 1328
f 1327 1329 1330
f 1329 1328 1331
f 1449 1332 1318
f 1323 1333 1334
f 1328 1334 1335
f 1328 1336 1331
f 1335 1337 1338
f 1335 1453 1336
f 1332 1322 1318
f 1339 1333 1332
f 1339 1334 1333
f 1340 1453 1338
f 1435 1341 1302
f 1448 1342 1332
f 1343 1452 1456
f 1454 1344 1459
f 1345 1338 1337
f 1459 1346 1460
f 1347 1460 1346
f 1339 1342 1348
f 1348 1337 1339
f 1349 1340 1345
f 1343 1458 1350
f 1342 1351 1348
f 1344 1352 1346
f 1347 1352 1353
f 1355 1352 1354
f 1350 1457 1356
f 1357 1358 1359
f 1360 1355 1354
f 1362 1360 1359
f 1350 1357 1363
f 1348 1351 1364
f 1364 1345 1348
f 1365 1359 1360
f 1343 1363 1351
f 1363 1365 1366
f 1367 1349 1364
f 1352 1367 1354
f 1367 1364 1366
f 1365 1354 1367
f 1366 1365 1367
f 1366 1351 1363
f 1368 1433 1303
f 1461 1369 1462
f 1369 1455 1462
f 1470 1309 1370
f 1371 1309 1315
f 1315 1468 1371
f 1467 1312 1372
f 1361 1373 1374
f 1355 1374 1375
f 1347 1376 1369
f 1353 1375 1376
f 1302 1368 1303
f 1377 1463 1368
f 1378 1369 1376
f 1306 1465 1438
f 1380 1465 1379
f 1381 1312 1314
f 1314 1466 1381
f 1466 1380 1381
f 1381 1380 1382
f 1382 1380 1379
f 1379 1316 1383
f 1382 1383 1378
f 1447 1383 1316
f 1464 1377 1383
f 1383 1377 1378
f 1375 1378 1376
f 1368 1369 1378
f 1378 1377 1368
f 1468 1384 1371
f 1384 1467 1372
f 1385 1371 1384
f 1384 1372 1386
f 1386 1385 1384
f 1374 1385 1386
f 1382 1374 1386
f 1381 1386 1372
f 1473 1370 1387
f 1370 1385 1387
f 1473 1388 1474
f 1387 1373 1388
f 1362 1358 1389
f 1476 1475 1389
f 1389 1477 1476
f 1389 1373 1362
f 1474 1389 1475
f 1356 1479 1390
f 1391 1415 1281
f 1390 1480 1391
f 1392 1281 1284
f 1413 1392 1284
f 1393 1391 1392
f 1477 1393 1481
f 1481 1392 1478
f 1358 1390 1393
f 1394 1283 1395
f 1482 1394 1395
f 1280 1396 1282
f 1396 1283 1282
f 1484 1395 1396
f 1396 1483 1484
f 1397 1488 1487
f 1398 1488 1397
f 1299 1489 1398
f 1397 1486 1399
f 1486 1485 1399
f 1400 1493 1492
f 1401 1493 1400
f 1296 1494 1401
f 1400 1491 1402
f 1491 1490 1402
f 1403 1499 1498
f 1404 1498 1496
f 1496 1495 1404
f 1405 1505 1504
f 1406 1505 1405
f 1501 1407 1408
f 1285 1506 1406
f 1503 1286 1407
f 1408 1504 1502
f 1407 1405 1408
f 1502 1501 1408
f 1286 1406 1407
f 1495 1409 1404
f 1292 1500 1410
f 1289 1410 1409
f 1410 1499 1403
f 1403 1409 1410
f 1497 1289 1409
f 1411 1400 1402
f 1507 1293 1411
f 1411 1490 1507
f 1411 1296 1401
f 1398 1399 1412
f 1508 1300 1412
f 1412 1485 1508
f 1300 1398 1412
f 1398 1300 1299
f 1485 1412 1399
f 1300 1508 1417
f 1399 1398 1397
f 1296 1411 1293
f 1490 1411 1402
f 1293 1507 1419
f 1400 1411 1401
f 1289 1497 1421
f 1409 1403 1404
f 1499 1410 1500
f 1410 1289 1292
f 1500 1292 1427
f 1409 1495 1497
f 1406 1286 1285
f 1405 1407 1406
f 1504 1408 1405
f 1286 1503 1423
f 1506 1285 1425
f 1407 1501 1503
f 1505 1406 1506
f 1498 1404 1403
f 1491 1400 1492
f 1494 1296 1429
f 1493 1401 1494
f 1486 1397 1487
f 1489 1299 1431
f 1488 1398 1489
f 1395 1484 1482
f 1283 1396 1395
f 1396 1280 1483
f 1283 1394 1414
f 1390 1358 1356
f 1392 1481 1393
f 1393 1477 1358
f 1391 1393 1390
f 1392 1413 1478
f 1281 1392 1391
f 1480 1390 1479
f 1415 1391 1480
f 1479 1356 1457
f 1389 1474 1388
f 1373 1389 1388
f 1477 1389 1358
f 1358 1362 1359
f 1373 1387 1385
f 1388 1473 1387
f 1385 1370 1371
f 1370 1473 1470
f 1386 1381 1382
f 1374 1382 1375
f 1385 1374 1373
f 1467 1384 1469
f 1384 1468 1469
f 1369 1368 1341
f 1378 1375 1382
f 1377 1464 1471
f 1383 1447 1464
f 1383 1382 1379
f 1316 1379 1306
f 1380 1466 1472
f 1466 1314 1445
f 1312 1381 1372
f 1465 1380 1472
f 1465 1306 1379
f 1463 1377 1471
f 1368 1302 1341
f 1375 1353 1355
f 1376 1347 1353
f 1374 1355 1361
f 1373 1361 1362
f 1312 1467 1444
f 1468 1315 1446
f 1309 1371 1370
f 1309 1470 1441
f 1455 1369 1341
f 1369 1461 1347
f 1433 1368 1463
f 1351 1366 1364
f 1354 1365 1360
f 1367 1352 1349
f 1365 1363 1357
f 1363 1343 1350
f 1359 1365 1357
f 1345 1364 1349
f 1357 1350 1356
f 1360 1362 1361
f 1355 1360 1361
f 1358 1357 1356
f 1457 1350 1458
f 1352 1355 1353
f 1352 1347 1346
f 1352 1344 1349
f 1351 1342 1343
f 1458 1343 1456
f 1340 1349 1344
f 1337 1348 1345
f 1342 1339 1332
f 1460 1347 1461
f 1346 1459 1344
f 1338 1345 1340
f 1344 1454 1340
f 1452 1343 1342
f 1342 1448 1452
f 1341 1435 1455
f 1453 1340 1454
f 1334 1339 1337
f 1322 1332 1333
f 1453 1335 1338
f 1337 1335 1334
f 1336 1328 1335
f 1334 1328 1323
f 1333 1323 1322
f 1332 1449 1448
f 1328 1329 1326
f 1329 1327 1326
f 1323 1326 1324
f 1326 1325 1324
f 1321 1324 1325
f 1324 1322 1323
f 1318 1320 1317
f 1320 1319 1317
f 1317 1451 1450
f 1449 1317 1450
f 1436 1316 1307
f 1307 1306 1305
f 1446 1310 1439
f 1310 1309 1308
f 1445 1313 1442
f 1313 1312 1311
f 1313 1420 1442
f 1290 1311 1291
f 1444 1311 1312
f 1426 1311 1443
f 1310 1422 1439
f 1288 1310 1308
f 1308 1441 1440
f 1424 1308 1440
f 1307 1418 1436
f 1295 1307 1305
f 1437 1306 1438
f 1428 1305 1437
f 1430 1304 1432
f 1303 1301 1302
f 1304 1297 1301
f 1432 1303 1433
f 1302 1434 1435
f 1301 1416 1434
f 1298 1431 1299
f 1295 1429 1296
f 1291 1427 1292
f 1288 1425 1285
f 1423 1287 1286
f 1421 1290 1289
f 1419 1294 1293
f 1417 1297 1300
f 1299 1297 1298
f 1295 1293 1294
f 1291 1289 1290
f 1287 1285 1286
f 1284 1414 1413
f 1283 1281 1282
f 1280 1281 1415
f 694 565 695
f 566 694 696
f 567 698 697
f 568 699 698
f 570 564 568
f 564 569 568
f 567 570 568
f 564 573 565
f 701 575 700
f 696 575 566
f 576 703 702
f 569 702 699
f 575 577 576
f 566 576 569
f 704 574 701
f 577 705 703
f 577 578 579
f 706 578 704
f 705 581 707
f 578 581 579
f 708 580 706
f 707 581 709
f 580 709 581
f 582 710 711
f 710 584 712
f 713 586 714
f 715 585 713
f 583 586 585
f 588 585 587
f 588 584 583
f 717 590 716
f 590 711 716
f 591 719 718
f 714 591 718
f 590 592 591
f 586 590 591
f 593 721 720
f 721 595 722
f 723 597 724
f 584 723 712
f 594 597 596
f 598 594 596
f 596 584 598
f 599 595 594
f 726 601 725
f 601 720 725
f 602 728 727
f 727 597 602
f 602 600 603
f 597 601 602
f 730 605 729
f 729 606 731
f 733 608 607
f 595 732 722
f 608 604 607
f 599 605 608
f 608 595 599
f 609 606 605
f 735 611 734
f 734 604 730
f 612 737 736
f 607 736 733
f 613 611 610
f 607 611 612
f 614 739 738
f 606 738 731
f 740 617 741
f 741 618 742
f 616 614 617
f 614 618 617
f 614 606 609
f 619 744 743
f 615 743 739
f 745 622 746
f 746 616 740
f 621 619 622
f 622 615 616
f 747 621 745
f 748 623 747
f 620 749 744
f 625 750 749
f 621 625 620
f 623 626 625
f 752 627 751
f 751 624 748
f 754 628 753
f 626 754 750
f 628 752 753
f 626 627 628
f 755 610 735
f 756 629 755
f 613 757 737
f 631 758 757
f 613 629 631
f 631 630 632
f 760 633 759
f 759 630 756
f 762 634 761
f 632 762 758
f 634 760 761
f 630 634 632
f 763 600 726
f 764 635 763
f 603 765 728
f 637 766 765
f 603 635 637
f 635 638 637
f 768 639 767
f 767 636 764
f 770 640 769
f 638 770 766
f 639 769 640
f 636 640 638
f 771 589 717
f 592 772 719
f 589 642 592
f 773 641 771
f 642 774 772
f 641 644 642
f 776 645 775
f 775 643 773
f 778 646 777
f 644 778 774
f 645 777 646
f 643 646 644
f 697 647 567
f 780 647 779
f 781 648 780
f 782 649 781
f 782 651 650
f 784 651 783
f 785 655 653
f 786 654 785
f 657 655 654
f 659 654 656
f 660 658 657
f 662 657 659
f 649 661 660
f 662 649 660
f 662 648 649
f 664 650 651
f 661 665 658
f 652 664 651
f 666 665 664
f 658 668 655
f 667 668 665
f 655 670 653
f 669 670 668
f 786 672 656
f 673 787 788
f 674 656 672
f 675 672 673
f 663 659 674
f 676 674 675
f 677 648 663
f 676 677 663
f 788 678 673
f 678 790 679
f 790 618 679
f 673 680 675
f 679 680 678
f 679 682 681
f 609 682 618
f 572 647 677
f 715 683 587
f 791 565 683
f 792 695 565
f 677 684 572
f 676 675 685
f 676 685 684
f 680 685 675
f 680 687 686
f 681 688 687
f 609 688 682
f 686 690 685
f 685 690 684
f 690 572 684
f 687 689 686
f 687 692 691
f 599 692 688
f 693 691 692
f 588 692 598
f 573 683 565
f 587 693 588
f 573 689 691
f 571 690 689
f 584 588 598
f 690 571 570
f 689 573 571
f 693 587 683
f 683 573 693
f 692 588 693
f 691 693 573
f 692 599 598
f 692 687 688
f 689 687 691
f 572 690 570
f 690 686 689
f 688 609 599
f 688 681 682
f 687 680 681
f 685 680 686
f 684 677 676
f 565 791 792
f 683 715 791
f 647 572 567
f 682 679 618
f 680 679 681
f 680 673 678
f 618 790 742
f 790 678 789
f 678 788 789
f 648 677 647
f 674 676 663
f 659 663 662
f 672 675 674
f 656 674 659
f 787 673 672
f 672 786 787
f 670 669 671
f 670 655 668
f 668 667 669
f 668 658 665
f 665 666 667
f 664 652 666
f 665 661 664
f 650 664 661
f 648 662 663
f 661 649 650
f 657 662 660
f 658 660 661
f 654 659 657
f 655 657 658
f 654 786 656
f 655 785 654
f 651 784 652
f 651 782 783
f 649 782 650
f 648 781 649
f 647 780 648
f 647 697 779
f 646 643 645
f 777 645 776
f 778 644 646
f 643 775 645
f 644 641 643
f 774 642 644
f 641 773 643
f 642 589 641
f 772 592 642
f 589 771 641
f 640 636 639
f 769 639 768
f 770 638 640
f 636 767 639
f 638 635 636
f 635 603 600
f 766 637 638
f 765 603 637
f 635 764 636
f 600 763 635
f 634 630 633
f 760 634 633
f 762 632 634
f 630 759 633
f 630 631 629
f 629 613 610
f 758 631 632
f 757 613 631
f 629 756 630
f 610 755 629
f 627 626 624
f 752 628 627
f 754 626 628
f 624 751 627
f 626 623 624
f 625 621 623
f 750 625 626
f 749 620 625
f 623 748 624
f 621 747 623
f 615 622 619
f 619 621 620
f 616 746 622
f 622 745 621
f 743 615 619
f 744 619 620
f 618 614 609
f 614 616 615
f 618 741 617
f 617 740 616
f 738 606 614
f 739 614 615
f 611 607 604
f 611 613 612
f 736 607 612
f 737 612 613
f 604 734 611
f 611 735 610
f 605 599 609
f 604 608 605
f 732 595 608
f 608 733 732
f 606 729 605
f 605 730 604
f 601 597 593
f 600 602 601
f 597 727 724
f 728 602 603
f 720 601 593
f 601 726 600
f 594 598 599
f 597 594 593
f 723 584 596
f 597 723 596
f 595 721 594
f 721 593 594
f 590 586 582
f 592 590 589
f 591 714 586
f 719 591 592
f 711 590 582
f 590 717 589
f 585 588 583
f 586 583 582
f 585 715 587
f 586 713 585
f 584 710 583
f 710 582 583
f 709 580 708
f 581 578 580
f 581 705 579
f 578 706 580
f 578 577 574
f 705 577 579
f 574 704 578
f 576 566 575
f 577 575 574
f 702 569 576
f 703 576 577
f 575 696 700
f 575 701 574
f 573 564 571
f 570 567 572
f 569 564 566
f 564 570 571
f 699 568 569
f 698 567 568
f 694 566 564
f 565 694 564
f 2018 2017 2020
f 2021 2020 2022
f 2020 2021 2018
f 2017 2018 2019
f 1263 1265 1262
f 1264 1267 1265
f 1266 1269 1267
f 1268 1271 1269
f 1270 1273 1271
f 1272 1262 1273
f 1275 1277 1274
f 1275 1279 1278
f 1263 1278 1264
f 1264 1279 1266
f 1266 1274 1268
f 1268 1277 1270
f 1270 1276 1272
f 1272 1275 1263
f 1275 1272 1276
f 1276 1270 1277
f 1277 1268 1274
f 1274 1266 1279
f 1279 1264 1278
f 1278 1263 1275
f 1279 1275 1274
f 1277 1275 1276
f 1262 1272 1263
f 1273 1270 1272
f 1271 1268 1270
f 1269 1266 1268
f 1267 1264 1266
f 1265 1263 1264
f 1147 1149 1146
f 1150 1148 1147
f 1152 1151 1150
f 1154 1153 1152
f 1156 1155 1154
f 1146 1157 1156
f 1159 1161 1158
f 1163 1161 1162
f 1162 1149 1148
f 1163 1148 1151
f 1158 1151 1153
f 1159 1153 1155
f 1160 1155 1157
f 1161 1157 1149
f 1157 1161 1160
f 1155 1160 1159
f 1153 1159 1158
f 1151 1158 1163
f 1148 1163 1162
f 1149 1162 1161
f 1161 1163 1158
f 1161 1159 1160
f 1157 1146 1149
f 1155 1156 1157
f 1153 1154 1155
f 1151 1152 1153
f 1148 1150 1151
f 1149 1147 1148
f 1165 1167 1164
f 1167 1165 1166
f 1037 1039 1036
f 1039 1037 1038
f 1176 1174 1175
f 1174 1176 1177
f 1040 1042 1041
f 1042 1040 1043
f 290 67 68
f 290 69 291
f 291 70 292
f 292 71 293
f 294 71 72
f 294 73 66
f 74 70 69
f 68 76 77
f 77 69 68
f 78 77 76
f 74 79 80
f 81 80 79
f 83 79 78
f 84 72 85
f 75 80 86
f 87 85 88
f 71 75 89
f 85 71 89
f 86 82 90
f 91 88 92
f 75 93 89
f 88 89 93
f 86 94 93
f 92 93 94
f 95 97 98
f 81 99 100
f 101 95 98
f 100 101 98
f 98 102 100
f 82 100 102
f 90 102 103
f 103 98 97
f 104 106 107
f 97 107 106
f 103 106 108
f 108 90 103
f 105 104 109
f 109 111 105
f 110 92 111
f 111 94 108
f 108 105 111
f 112 113 114
f 115 114 116
f 117 116 118
f 118 119 117
f 120 65 295
f 122 296 121
f 121 124 122
f 125 122 126
f 122 124 126
f 125 127 128
f 114 130 116
f 297 125 298
f 125 128 298
f 298 128 131
f 128 130 131
f 130 129 131
f 132 131 129
f 299 131 132
f 129 113 133
f 132 133 134
f 299 134 300
f 135 133 113
f 134 135 136
f 137 112 138
f 95 139 140
f 141 139 142
f 120 304 143
f 67 144 76
f 144 143 145
f 78 144 146
f 146 145 147
f 78 148 83
f 83 149 99
f 139 99 149
f 138 142 137
f 137 135 113
f 143 303 150
f 145 150 147
f 150 302 151
f 147 152 153
f 146 153 148
f 152 150 151
f 154 139 149
f 148 154 149
f 151 301 136
f 155 151 136
f 301 134 136
f 135 155 136
f 155 142 154
f 154 152 155
f 157 159 160
f 161 160 159
f 158 306 159
f 305 159 306
f 163 308 164
f 165 66 73
f 307 166 314
f 161 314 167
f 167 314 166
f 163 169 166
f 170 166 169
f 167 166 170
f 162 167 171
f 170 172 173
f 171 170 173
f 174 160 175
f 162 175 160
f 176 73 84
f 310 165 177
f 177 165 176
f 168 164 178
f 179 168 178
f 310 180 311
f 311 181 312
f 164 313 182
f 312 182 313
f 183 84 87
f 177 184 180
f 181 184 185
f 182 185 186
f 178 182 186
f 187 87 91
f 179 178 188
f 189 178 186
f 190 186 185
f 184 183 191
f 191 185 184
f 117 192 193
f 117 194 115
f 138 115 194
f 195 138 194
f 96 140 196
f 140 195 196
f 192 198 193
f 193 199 194
f 199 195 194
f 200 91 110
f 191 187 201
f 201 187 200
f 202 201 200
f 190 201 202
f 200 109 203
f 204 200 203
f 189 202 204
f 204 188 189
f 198 206 207
f 208 195 199
f 208 198 207
f 209 169 210
f 169 179 210
f 211 188 205
f 212 209 214
f 215 205 204
f 209 216 214
f 179 211 210
f 216 210 211
f 217 207 218
f 215 203 219
f 220 216 211
f 205 220 211
f 222 221 220
f 220 219 222
f 217 218 223
f 203 104 224
f 219 203 224
f 223 225 217
f 96 226 107
f 226 208 217
f 224 107 226
f 225 224 226
f 226 217 225
f 222 224 225
f 227 218 228
f 223 227 221
f 227 216 221
f 229 212 228
f 228 207 206
f 212 227 228
f 230 173 172
f 171 231 175
f 230 209 213
f 175 232 174
f 231 233 232
f 234 232 233
f 192 236 197
f 197 237 206
f 237 236 238
f 238 240 241
f 213 212 229
f 206 229 228
f 237 242 229
f 238 243 242
f 244 213 229
f 233 230 244
f 245 233 244
f 234 245 246
f 245 243 246
f 244 242 245
f 247 234 246
f 174 234 248
f 239 236 235
f 127 124 249
f 116 250 118
f 249 130 127
f 251 250 252
f 250 249 252
f 118 251 119
f 235 119 251
f 251 253 254
f 255 239 254
f 254 256 255
f 254 235 251
f 249 123 257
f 252 257 253
f 258 257 123
f 257 259 260
f 260 253 257
f 123 261 258
f 261 296 315
f 262 259 258
f 258 261 262
f 262 261 263
f 156 264 316
f 317 316 265
f 263 315 320
f 266 263 320
f 157 248 267
f 316 264 265
f 268 264 158
f 157 268 158
f 267 247 269
f 270 263 266
f 260 262 270
f 260 270 271
f 256 260 271
f 256 272 255
f 274 240 273
f 255 273 240
f 243 274 275
f 247 243 275
f 276 267 269
f 265 268 276
f 277 278 279
f 280 320 319
f 278 266 280
f 280 279 278
f 277 271 278
f 271 270 278
f 272 281 273
f 282 280 319
f 279 282 283
f 277 283 281
f 282 318 284
f 274 281 285
f 281 286 285
f 284 283 282
f 269 275 287
f 275 285 287
f 288 318 317
f 289 284 288
f 317 265 288
f 288 276 289
f 289 269 287
f 289 285 286
f 285 289 287
f 269 289 276
f 276 288 265
f 284 289 286
f 318 288 284
f 285 275 274
f 275 269 247
f 283 284 286
f 286 281 283
f 281 274 273
f 318 282 319
f 283 277 279
f 282 279 280
f 281 272 277
f 271 277 272
f 266 278 270
f 320 280 266
f 268 265 264
f 267 276 268
f 243 247 246
f 274 243 241
f 273 255 272
f 240 274 241
f 272 256 271
f 262 260 259
f 263 270 262
f 247 267 248
f 268 157 267
f 248 157 174
f 315 263 261
f 264 156 158
f 296 261 121
f 261 123 121
f 253 260 256
f 257 258 259
f 257 252 249
f 123 249 124
f 235 254 239
f 256 254 253
f 239 255 240
f 253 251 252
f 119 235 192
f 251 118 250
f 130 249 250
f 250 116 130
f 124 127 126
f 236 239 238
f 234 174 232
f 234 247 248
f 242 244 229
f 243 245 242
f 245 234 233
f 213 244 230
f 243 238 241
f 242 237 238
f 229 206 237
f 240 238 239
f 237 197 236
f 236 192 235
f 233 231 230
f 232 175 231
f 209 230 172
f 231 171 173
f 173 230 231
f 227 212 214
f 207 228 218
f 216 227 214
f 227 223 218
f 224 222 219
f 107 224 104
f 208 226 196
f 226 96 196
f 225 223 222
f 104 203 109
f 219 220 215
f 221 222 223
f 220 205 215
f 216 220 221
f 203 215 204
f 207 217 208
f 211 179 188
f 216 209 210
f 209 212 213
f 179 169 168
f 169 209 172
f 198 208 199
f 195 208 196
f 206 198 197
f 188 204 205
f 202 189 190
f 200 204 202
f 109 200 110
f 201 190 191
f 187 191 183
f 91 200 187
f 199 193 198
f 198 192 197
f 195 140 141
f 140 96 95
f 138 195 141
f 115 138 112
f 194 117 193
f 192 117 119
f 185 191 190
f 183 184 176
f 186 190 189
f 178 189 188
f 87 187 183
f 182 178 164
f 185 182 181
f 184 181 180
f 184 177 176
f 84 183 176
f 182 312 181
f 313 164 308
f 181 311 180
f 180 310 177
f 164 168 163
f 165 310 309
f 73 176 165
f 175 162 171
f 160 174 157
f 170 171 167
f 172 170 169
f 167 162 161
f 169 163 168
f 314 161 305
f 166 307 163
f 66 165 309
f 308 163 307
f 159 305 161
f 306 158 156
f 160 161 162
f 159 157 158
f 152 154 153
f 142 155 137
f 155 135 137
f 134 301 300
f 151 155 152
f 301 151 302
f 154 148 153
f 139 154 142
f 153 146 147
f 152 147 150
f 302 150 303
f 150 145 143
f 303 143 304
f 142 138 141
f 99 139 101
f 149 83 148
f 148 78 146
f 145 146 144
f 144 78 76
f 143 144 120
f 144 67 120
f 304 120 295
f 139 141 140
f 139 95 101
f 112 137 113
f 135 134 133
f 134 299 132
f 133 132 129
f 113 129 114
f 131 299 298
f 130 128 127
f 125 297 122
f 130 114 129
f 127 125 126
f 124 121 123
f 296 122 297
f 65 120 67
f 116 117 115
f 114 115 112
f 105 108 106
f 94 111 92
f 92 110 91
f 111 109 110
f 90 108 94
f 106 103 97
f 107 97 96
f 106 104 105
f 98 103 102
f 102 90 82
f 100 82 81
f 101 100 99
f 99 81 83
f 97 95 96
f 93 92 88
f 94 86 90
f 89 88 85
f 93 75 86
f 88 91 87
f 82 86 80
f 71 85 72
f 75 71 70
f 85 87 84
f 80 75 74
f 72 84 73
f 79 83 81
f 80 81 82
f 79 74 77
f 77 78 79
f 69 77 74
f 76 68 67
f 70 74 75
f 73 294 72
f 71 294 293
f 71 292 70
f 70 291 69
f 69 290 68
f 67 290 65
f 1696 1698 1695
f 1699 1701 1746
f 1702 1704 1747
f 1705 1707 1748
f 1709 1708 1710
f 1708 1750 1710
f 1710 1749 1712
f 1749 1711 1712
f 1712 1711 1751
f 1751 1710 1712
f 1713 1697 1696
f 1715 1701 1700
f 1715 1713 1716
f 1753 1699 1746
f 1718 1704 1703
f 1718 1753 1719
f 1702 1754 1720
f 1721 1706 1722
f 1722 1754 1721
f 1705 1723 1755
f 1724 1751 1756
f 1756 1723 1724
f 1695 1752 1725
f 1727 1728 1729
f 1757 1726 1725
f 1725 1752 1757
f 1727 1730 1758
f 1759 1732 1733
f 1735 1760 1734
f 1761 1762 1739
f 1739 1738 1761
f 1736 1741 1740
f 1741 1762 1740
f 1742 1733 1732
f 1743 1734 1760
f 1744 1730 1745
f 1731 1744 1745
f 1744 1731 1759
f 1730 1744 1758
f 1734 1743 1742
f 1733 1742 1743
f 1762 1741 1739
f 1741 1736 1735
f 1762 1761 1737
f 1760 1735 1736
f 1732 1759 1731
f 1730 1727 1729
f 1726 1757 1728
f 1728 1727 1726
f 1752 1695 1698
f 1723 1756 1755
f 1751 1724 1709
f 1723 1705 1748
f 1754 1722 1720
f 1706 1721 1707
f 1754 1702 1747
f 1753 1718 1717
f 1704 1718 1719
f 1699 1753 1717
f 1713 1715 1714
f 1701 1715 1716
f 1697 1713 1714
f 1710 1751 1709
f 1749 1710 1750
f 1707 1705 1706
f 1704 1702 1703
f 1701 1699 1700
f 1698 1696 1697
f 1763 1765 1766
f 1767 1917 1916
f 1764 1770 1765
f 1771 1917 1768
f 1769 1773 1770
f 1771 1919 1918
f 1772 1776 1773
f 1774 1775 1919
f 1777 1779 1775
f 1920 1780 1776
f 1782 1778 1781
f 1922 1780 1921
f 1784 1778 1777
f 1785 1924 1778
f 1924 1781 1778
f 1787 1785 1784
f 1785 1925 1923
f 1789 1788 1787
f 1790 1926 1788
f 1788 1926 1925
f 1792 1790 1789
f 1793 1791 1790
f 1792 1796 1793
f 1793 1796 1797
f 1797 1794 1793
f 1795 1799 1796
f 1799 1801 1796
f 1927 1797 1796
f 1929 1927 1796
f 1801 1929 1796
f 1798 1803 1799
f 1799 1803 1804
f 1804 1800 1799
f 1802 1806 1803
f 1803 1807 1808
f 1808 1804 1803
f 1805 1811 1806
f 1811 1807 1806
f 1810 1814 1811
f 1812 1814 1815
f 1813 1817 1814
f 1817 1819 1814
f 1819 1815 1814
f 1816 1822 1817
f 1822 1824 1817
f 1825 1818 1817
f 1824 1825 1817
f 1821 1827 1822
f 1822 1827 1828
f 1829 1823 1822
f 1831 1829 1822
f 1828 1831 1822
f 1826 1834 1827
f 1827 1834 1835
f 1835 1828 1827
f 1833 1837 1834
f 1834 1837 1933
f 1933 1835 1834
f 1836 1839 1837
f 1837 1840 1841
f 1841 1933 1837
f 1838 1780 1839
f 1780 1842 1839
f 1842 1840 1839
f 1838 1773 1776
f 1843 1770 1773
f 1844 1765 1770
f 1765 1846 1766
f 1847 1838 1836
f 1848 1843 1847
f 1848 1845 1844
f 1849 1846 1845
f 1851 1836 1833
f 1852 1847 1851
f 1852 1849 1848
f 1854 1849 1853
f 1855 1851 1833
f 1826 1855 1833
f 1857 1852 1851
f 1851 1858 1857
f 1859 1853 1852
f 1857 1859 1852
f 1861 1853 1860
f 1777 1862 1784
f 1771 1862 1774
f 1768 1863 1771
f 1768 1865 1864
f 1784 1866 1787
f 1862 1867 1866
f 1864 1867 1863
f 1868 1865 1869
f 1787 1870 1789
f 1866 1871 1870
f 1867 1872 1871
f 1868 1873 1872
f 1874 1792 1789
f 1789 1870 1874
f 1876 1792 1875
f 1877 1795 1876
f 1878 1798 1877
f 1879 1802 1878
f 1879 1810 1805
f 1880 1813 1810
f 1881 1816 1813
f 1882 1821 1816
f 1883 1826 1821
f 1884 1872 1873
f 1886 1871 1872
f 1885 1886 1872
f 1888 1871 1886
f 1888 1874 1870
f 1861 1885 1884
f 1860 1887 1885
f 1859 1890 1887
f 1857 1889 1859
f 1889 1892 1890
f 1858 1891 1889
f 1893 1892 1891
f 1856 1893 1891
f 1893 1895 1896
f 1882 1893 1883
f 1896 1894 1893
f 1880 1896 1895
f 1881 1895 1882
f 1890 1886 1887
f 1892 1888 1890
f 1892 1894 1898
f 1897 1876 1894
f 1876 1898 1894
f 1896 1878 1897
f 1897 1878 1877
f 1874 1898 1875
f 1855 1856 1858
f 1934 1791 1794
f 1935 1934 1794
f 1928 1794 1797
f 1900 1925 1926
f 1902 1818 1825
f 1932 1905 1904
f 1824 1830 1932
f 1831 1907 1829
f 1908 1832 1835
f 1841 1899 1933
f 1911 1841 1840
f 1913 1840 1842
f 1783 1915 1842
f 1923 1948 1924
f 1923 1945 1946
f 1935 1944 1934
f 1941 1928 1927
f 1939 1929 1930
f 1801 1938 1930
f 1936 1938 1931
f 1800 1938 1801
f 1938 1800 1931
f 1938 1936 1937
f 1929 1939 1940
f 1928 1941 1942
f 1944 1935 1943
f 1945 1923 1925
f 1948 1923 1947
f 1840 1913 1914
f 1841 1911 1912
f 1899 1841 1910
f 1832 1908 1909
f 1907 1831 1906
f 1830 1824 1823
f 1905 1932 1830
f 1818 1902 1903
f 1925 1900 1901
f 1794 1928 1935
f 1898 1874 1888
f 1878 1896 1879
f 1898 1876 1875
f 1876 1897 1877
f 1888 1892 1898
f 1886 1890 1888
f 1895 1881 1880
f 1896 1880 1879
f 1894 1896 1897
f 1893 1882 1895
f 1893 1856 1883
f 1892 1893 1894
f 1891 1858 1856
f 1892 1889 1891
f 1889 1857 1858
f 1890 1859 1889
f 1887 1860 1859
f 1885 1861 1860
f 1871 1888 1870
f 1886 1885 1887
f 1872 1884 1885
f 1826 1883 1856
f 1821 1882 1883
f 1816 1881 1882
f 1813 1880 1881
f 1810 1879 1880
f 1802 1879 1805
f 1798 1878 1802
f 1795 1877 1798
f 1792 1876 1795
f 1792 1874 1875
f 1873 1868 1869
f 1872 1867 1868
f 1871 1866 1867
f 1870 1787 1866
f 1865 1868 1864
f 1867 1864 1868
f 1867 1862 1863
f 1866 1784 1862
f 1865 1768 1767
f 1863 1768 1864
f 1862 1771 1863
f 1862 1777 1774
f 1853 1861 1854
f 1853 1859 1860
f 1858 1851 1855
f 1855 1826 1856
f 1849 1854 1850
f 1849 1852 1853
f 1847 1852 1848
f 1836 1851 1847
f 1846 1849 1850
f 1845 1848 1849
f 1843 1848 1844
f 1838 1847 1843
f 1846 1765 1845
f 1765 1844 1845
f 1770 1843 1844
f 1773 1838 1843
f 1842 1780 1783
f 1780 1838 1776
f 1840 1837 1839
f 1839 1836 1838
f 1837 1833 1836
f 1828 1835 1832
f 1834 1826 1833
f 1831 1828 1832
f 1823 1829 1830
f 1827 1821 1826
f 1825 1824 1932
f 1824 1822 1823
f 1822 1816 1821
f 1815 1819 1820
f 1819 1817 1818
f 1817 1813 1816
f 1814 1812 1811
f 1814 1810 1813
f 1807 1811 1812
f 1811 1805 1810
f 1804 1808 1809
f 1807 1803 1806
f 1806 1802 1805
f 1800 1804 1931
f 1803 1798 1802
f 1929 1801 1930
f 1797 1927 1928
f 1801 1799 1800
f 1799 1795 1798
f 1796 1792 1795
f 1791 1793 1794
f 1790 1792 1793
f 1926 1790 1791
f 1788 1789 1790
f 1925 1785 1788
f 1785 1787 1788
f 1781 1924 1786
f 1924 1785 1923
f 1778 1784 1785
f 1780 1922 1783
f 1778 1782 1779
f 1780 1920 1921
f 1779 1777 1778
f 1775 1774 1777
f 1776 1772 1920
f 1919 1771 1774
f 1773 1769 1772
f 1917 1771 1918
f 1770 1764 1769
f 1917 1767 1768
f 1765 1763 1764
f 1510 1512 1509
f 1511 1513 1514
f 1514 1515 1516
f 1516 1517 1518
f 1509 1520 1510
f 1510 1521 1513
f 1515 1521 1522
f 1517 1522 1523
f 1524 1511 1525
f 1525 1514 1526
f 1526 1516 1527
f 1527 1518 1528
f 1529 1640 1530
f 1531 1640 1641
f 1531 1642 1532
f 1532 1643 1533
f 1534 1530 1535
f 1536 1530 1531
f 1537 1531 1532
f 1537 1533 1538
f 1538 1540 1537
f 1537 1541 1536
f 1535 1541 1542
f 1543 1535 1542
f 1544 1546 1547
f 1547 1548 1549
f 1550 1552 1553
f 1551 1544 1552
f 1552 1554 1553
f 1555 1553 1556
f 1557 1556 1558
f 1557 1559 1560
f 1561 1556 1562
f 1563 1542 1564
f 1564 1541 1565
f 1566 1564 1565
f 1565 1540 1567
f 1568 1565 1567
f 1539 1567 1540
f 1567 1560 1559
f 1567 1559 1568
f 1559 1561 1568
f 1520 1569 1570
f 1520 1571 1521
f 1572 1549 1573
f 1549 1574 1573
f 1573 1575 1576
f 1576 1577 1578
f 1579 1577 1580
f 1581 1578 1579
f 1582 1523 1522
f 1579 1580 1582
f 1522 1571 1582
f 1581 1582 1583
f 1583 1571 1584
f 1582 1571 1583
f 1585 1587 1588
f 1570 1585 1588
f 1586 1564 1587
f 1570 1584 1571
f 1588 1589 1584
f 1587 1566 1589
f 1583 1590 1581
f 1584 1591 1590
f 1591 1566 1568
f 1581 1592 1578
f 1590 1593 1592
f 1593 1568 1561
f 1594 1593 1562
f 1562 1593 1561
f 1556 1554 1562
f 1578 1594 1576
f 1595 1572 1594
f 1594 1573 1576
f 1562 1595 1594
f 1552 1595 1554
f 1595 1547 1572
f 1545 1597 1546
f 1596 1551 1598
f 1546 1599 1548
f 1548 1600 1574
f 1601 1602 1603
f 1574 1601 1575
f 1604 1575 1601
f 1605 1604 1601
f 1577 1606 1580
f 1580 1607 1523
f 1523 1608 1517
f 1517 1609 1518
f 1528 1609 1610
f 1533 1644 1611
f 1538 1611 1612
f 1539 1612 1613
f 1613 1560 1539
f 1557 1614 1615
f 1616 1615 1617
f 1615 1618 1617
f 1557 1616 1555
f 1555 1619 1550
f 1598 1550 1619
f 1619 1620 1621
f 1597 1625 1626
f 1626 1599 1597
f 1625 1598 1660
f 1662 1618 1628
f 1664 1605 1601
f 1618 1663 1617
f 1665 1617 1663
f 1622 1664 1629
f 1629 1664 1601
f 1663 1649 1665
f 1629 1603 1667
f 1616 1665 1666
f 1666 1620 1616
f 1667 1623 1654
f 1667 1602 1630
f 1666 1652 1668
f 1669 1602 1600
f 1620 1668 1670
f 1670 1621 1620
f 1671 1657 1669
f 1669 1600 1671
f 1670 1655 1631
f 1598 1619 1632
f 1632 1621 1631
f 1632 1660 1598
f 1658 1672 1599
f 1672 1600 1599
f 1673 1605 1661
f 1648 1662 1628
f 1607 1606 1674
f 1614 1676 1633
f 1615 1633 1618
f 1633 1628 1618
f 1661 1645 1673
f 1673 1674 1606
f 1606 1604 1673
f 1609 1637 1610
f 1644 1687 1611
f 1689 1638 1685
f 1609 1689 1685
f 1687 1690 1611
f 1692 1684 1689
f 1692 1689 1608
f 1683 1691 1690
f 1612 1690 1691
f 1675 1693 1674
f 1693 1681 1692
f 1607 1674 1693
f 1692 1607 1693
f 1691 1679 1694
f 1694 1677 1676
f 1612 1694 1613
f 1694 1676 1613
f 1694 1612 1691
f 1677 1694 1678
f 1679 1691 1680
f 1607 1692 1608
f 1681 1693 1635
f 1693 1675 1634
f 1690 1612 1611
f 1691 1683 1682
f 1684 1692 1636
f 1690 1687 1688
f 1689 1609 1608
f 1687 1644 1686
f 1637 1609 1685
f 1645 1661 1646
f 1633 1615 1614
f 1676 1614 1613
f 1662 1648 1647
f 1605 1673 1604
f 1600 1672 1671
f 1672 1658 1659
f 1660 1632 1627
f 1621 1632 1619
f 1655 1670 1656
f 1657 1671 1624
f 1621 1670 1631
f 1602 1669 1630
f 1652 1666 1653
f 1602 1667 1603
f 1623 1667 1630
f 1620 1666 1668
f 1603 1629 1601
f 1649 1663 1650
f 1664 1622 1651
f 1617 1665 1616
f 1663 1618 1662
f 1605 1664 1661
f 1598 1625 1596
f 1599 1626 1658
f 1625 1597 1596
f 1620 1619 1616
f 1550 1598 1551
f 1619 1555 1616
f 1616 1557 1615
f 1614 1557 1560
f 1560 1613 1614
f 1612 1539 1538
f 1611 1538 1533
f 1644 1533 1643
f 1609 1528 1518
f 1609 1517 1608
f 1608 1523 1607
f 1607 1580 1606
f 1606 1577 1604
f 1575 1604 1577
f 1601 1574 1600
f 1602 1601 1600
f 1600 1548 1599
f 1599 1546 1597
f 1551 1596 1545
f 1597 1545 1596
f 1547 1595 1544
f 1595 1552 1544
f 1595 1562 1554
f 1573 1594 1572
f 1594 1578 1592
f 1554 1556 1553
f 1593 1594 1592
f 1568 1593 1591
f 1593 1590 1591
f 1592 1581 1590
f 1566 1591 1589
f 1591 1584 1589
f 1590 1583 1584
f 1566 1587 1564
f 1589 1588 1587
f 1584 1570 1588
f 1564 1586 1563
f 1585 1570 1569
f 1587 1585 1586
f 1582 1581 1579
f 1571 1522 1521
f 1523 1582 1580
f 1577 1579 1578
f 1577 1576 1575
f 1575 1573 1574
f 1574 1549 1548
f 1549 1572 1547
f 1571 1520 1570
f 1569 1520 1519
f 1561 1559 1558
f 1567 1539 1560
f 1565 1568 1566
f 1540 1565 1541
f 1541 1564 1542
f 1542 1563 1543
f 1556 1561 1558
f 1559 1557 1558
f 1556 1557 1555
f 1553 1555 1550
f 1544 1551 1545
f 1552 1550 1551
f 1548 1547 1546
f 1546 1544 1545
f 1535 1543 1534
f 1541 1535 1536
f 1541 1537 1540
f 1540 1538 1539
f 1533 1537 1532
f 1531 1537 1536
f 1530 1536 1535
f 1530 1534 1529
f 1643 1532 1642
f 1642 1531 1641
f 1640 1531 1530
f 1640 1529 1639
f 1518 1527 1516
f 1516 1526 1514
f 1514 1525 1511
f 1511 1524 1512
f 1522 1517 1515
f 1521 1515 1513
f 1521 1510 1520
f 1520 1509 1519
f 1517 1516 1515
f 1515 1514 1513
f 1513 1511 1510
f 1512 1510 1511
f 1983 1960 1961
f 1961 1984 1983
f 1986 1987 1960
f 1961 1985 1984
f 1985 1989 1982
f 1982 1988 1957
f 1959 1981 1996
f 1962 1996 1981
f 1952 2000 2001
f 1960 1985 1961
f 1987 1990 1960
f 1988 1964 1957
f 2003 1964 2004
f 1991 1965 2003
f 1958 1966 1991
f 1958 1967 1956
f 2006 1967 2005
f 1968 1993 1955
f 1992 1955 1993
f 1953 2008 1969
f 2007 1969 2008
f 1970 1994 1954
f 1995 1954 1994
f 2010 1963 1995
f 1971 2009 1972
f 2009 1962 1972
f 2000 2002 2001
f 1998 2002 2011
f 1998 1973 1951
f 2013 1974 1973
f 1974 1997 1949
f 1949 2015 1975
f 1975 2014 1976
f 2014 1950 1976
f 2016 1950 1999
f 2016 1978 1980
f 1978 1977 1980
f 1978 2016 1979
f 1950 2016 1980
f 1950 2014 1999
f 2014 1975 2015
f 2015 1949 1997
f 1997 1974 2012
f 1974 2013 2012
f 1973 1998 2013
f 2002 1998 1951
f 2002 2000 2011
f 1962 2009 1996
f 2009 1971 2010
f 1963 2010 1971
f 1954 1995 1963
f 1994 1970 2007
f 1969 2007 1970
f 2008 1953 1992
f 1955 1992 1953
f 1993 1968 2006
f 1967 2006 1968
f 1967 1958 2005
f 1966 1958 1956
f 1965 1991 1966
f 1964 2003 1965
f 1964 1988 2004
f 1985 1960 1990
f 2000 1952 1959
f 1981 1959 1952
f 1988 1982 1989
f 1989 1985 1990
f 1960 1983 1986
f 793 795 796
f 795 797 798
f 799 801 794
f 794 802 797
f 793 799 794
f 800 804 801
f 801 805 802
f 806 808 809
f 797 806 798
f 807 811 808
f 797 810 807
f 812 811 810
f 802 812 810
f 809 814 815
f 811 814 808
f 813 816 811
f 814 819 815
f 814 820 818
f 816 821 820
f 819 818 822
f 818 823 822
f 820 821 823
f 824 826 827
f 828 824 829
f 825 831 826
f 832 830 825
f 833 825 828
f 830 835 831
f 836 834 830
f 830 832 836
f 838 840 841
f 826 838 827
f 842 840 839
f 839 831 842
f 844 843 842
f 844 831 835
f 846 848 849
f 850 849 851
f 846 853 847
f 854 852 846
f 846 855 854
f 852 857 853
f 828 856 852
f 854 828 852
f 858 860 861
f 847 858 848
f 859 863 860
f 847 862 859
f 864 863 862
f 857 862 853
f 866 868 869
f 870 866 871
f 872 868 867
f 874 872 867
f 867 875 874
f 876 873 872
f 850 876 872
f 874 850 872
f 878 880 881
f 869 879 878
f 882 880 879
f 873 879 868
f 884 883 882
f 877 882 873
f 886 888 889
f 888 870 871
f 890 887 886
f 887 892 893
f 893 870 887
f 890 895 891
f 892 895 896
f 897 899 900
f 898 889 899
f 901 898 897
f 886 902 890
f 901 904 902
f 902 894 890
f 903 905 906
f 906 907 908
f 901 909 905
f 905 910 907
f 900 909 897
f 911 910 909
f 913 914 915
f 908 914 913
f 916 915 914
f 907 916 914
f 916 918 917
f 912 916 910
f 881 919 920
f 920 921 922
f 880 923 919
f 919 924 921
f 885 923 883
f 925 924 923
f 927 928 929
f 922 928 927
f 930 929 928
f 921 930 928
f 930 932 931
f 926 930 924
f 861 933 934
f 934 935 936
f 860 937 933
f 933 938 935
f 865 937 863
f 939 938 937
f 941 942 943
f 936 942 941
f 943 945 944
f 935 945 942
f 945 946 944
f 940 945 938
f 841 947 948
f 840 949 947
f 845 949 843
f 948 951 952
f 951 949 953
f 950 953 949
f 955 956 957
f 952 956 955
f 956 959 957
f 951 958 956
f 958 960 959
f 954 958 953
f 961 803 800
f 799 961 800
f 964 962 961
f 963 964 961
f 967 965 964
f 969 964 966
f 970 968 967
f 972 967 969
f 970 974 971
f 972 973 970
f 973 977 974
f 978 973 975
f 979 963 799
f 793 979 799
f 980 966 963
f 981 969 966
f 980 981 966
f 982 972 969
f 984 975 972
f 985 978 975
f 987 984 982
f 989 982 981
f 990 988 987
f 992 990 987
f 989 992 987
f 994 991 990
f 996 990 992
f 997 995 994
f 996 997 994
f 1033 999 995
f 1035 999 1034
f 999 991 995
f 1000 1001 999
f 991 1003 988
f 1002 1003 1001
f 988 985 984
f 1004 985 1003
f 983 989 981
f 1006 989 1005
f 1007 992 993
f 1006 1007 993
f 1007 998 996
f 1008 1009 1007
f 1011 1010 1008
f 1013 1012 1011
f 892 1014 1013
f 1015 1008 1006
f 1016 1011 1015
f 893 1013 1016
f 1015 1005 1017
f 983 1017 1005
f 980 1018 983
f 1017 1020 1015
f 1021 1016 1015
f 1020 1021 1015
f 1017 1023 1019
f 1018 1024 1023
f 793 1024 979
f 875 1016 1021
f 874 1021 1022
f 1022 855 874
f 855 1027 854
f 1026 1022 1020
f 1019 1026 1020
f 1027 833 854
f 833 1029 832
f 1029 836 832
f 1028 1019 1023
f 1023 1029 1028
f 1024 1029 1023
f 1030 837 836
f 1025 1031 1030
f 793 1032 1025
f 1030 1024 1025
f 1032 793 796
f 1031 1025 1032
f 837 1030 1031
f 1029 1024 1030
f 1019 1028 1027
f 836 1029 1030
f 1029 833 1028
f 833 1027 1028
f 1026 1019 1027
f 1027 855 1026
f 855 1022 1026
f 1021 874 875
f 1016 875 893
f 1024 793 1025
f 1024 1018 979
f 1023 1017 1018
f 1021 1020 1022
f 1020 1017 1019
f 1018 980 979
f 1017 983 1018
f 1005 1015 1006
f 1013 893 892
f 1011 1016 1013
f 1008 1015 1011
f 1014 892 896
f 1012 1013 1014
f 1010 1011 1012
f 1009 1008 1010
f 998 1007 1009
f 1007 1006 1008
f 992 1007 996
f 989 1006 993
f 989 983 1005
f 985 1004 986
f 985 988 1003
f 1003 1002 1004
f 1003 991 1001
f 1001 1000 1002
f 991 999 1001
f 999 1035 1000
f 999 1033 1034
f 997 996 998
f 995 997 1033
f 990 996 994
f 991 994 995
f 992 989 993
f 988 990 991
f 982 989 987
f 984 987 988
f 978 985 986
f 975 984 985
f 972 982 984
f 981 980 983
f 969 981 982
f 963 979 980
f 973 978 976
f 977 973 976
f 973 972 975
f 974 970 973
f 967 972 970
f 968 970 971
f 964 969 967
f 965 967 968
f 964 963 966
f 962 964 965
f 961 799 963
f 803 961 962
f 958 954 960
f 958 951 953
f 959 956 958
f 956 952 951
f 953 950 954
f 949 951 947
f 951 948 947
f 949 845 950
f 949 840 843
f 947 841 840
f 945 940 946
f 945 935 938
f 945 943 942
f 942 936 935
f 938 939 940
f 937 865 939
f 938 933 937
f 937 860 863
f 935 934 933
f 933 861 860
f 930 926 932
f 930 921 924
f 929 930 931
f 928 922 921
f 924 925 926
f 923 885 925
f 924 919 923
f 923 880 883
f 921 920 919
f 919 881 880
f 916 912 918
f 916 907 910
f 915 916 917
f 914 908 907
f 910 911 912
f 909 900 911
f 910 905 909
f 909 901 897
f 907 906 905
f 905 903 901
f 894 902 904
f 904 901 903
f 902 886 898
f 898 901 902
f 889 898 886
f 899 897 898
f 895 892 891
f 895 890 894
f 870 893 875
f 892 887 891
f 887 890 891
f 870 888 887
f 888 886 887
f 882 877 884
f 883 884 885
f 879 873 882
f 880 882 883
f 879 869 868
f 880 878 879
f 850 874 855
f 876 850 851
f 873 876 877
f 875 867 870
f 868 872 873
f 866 870 867
f 868 866 867
f 862 857 864
f 863 864 865
f 862 847 853
f 863 859 862
f 858 847 859
f 860 858 859
f 828 854 833
f 856 828 829
f 857 852 856
f 855 846 850
f 853 846 852
f 849 850 846
f 848 846 847
f 831 844 842
f 843 844 845
f 831 839 826
f 840 842 843
f 838 826 839
f 840 838 839
f 834 836 837
f 835 830 834
f 825 833 832
f 831 825 830
f 824 828 825
f 826 824 825
f 823 818 820
f 821 816 817
f 820 814 816
f 819 814 818
f 816 813 817
f 814 811 816
f 814 809 808
f 812 802 805
f 811 812 813
f 810 797 802
f 811 807 810
f 806 797 807
f 808 806 807
f 805 801 804
f 804 800 803
f 802 794 801
f 801 799 800
f 797 795 794
f 795 793 794
f 321 323 324
f 325 323 326
f 327 326 558
f 328 330 331
f 332 334 335
f 336 338 339
f 340 342 343
f 331 344 345
f 335 346 347
f 337 348 349
f 341 350 351
f 352 342 353
f 354 338 355
f 356 332 357
f 358 328 359
f 329 360 361
f 361 362 363
f 330 361 364
f 365 361 363
f 330 366 344
f 364 367 366
f 368 334 369
f 370 334 333
f 371 369 370
f 373 333 356
f 374 370 373
f 375 340 376
f 377 340 343
f 377 379 376
f 380 343 352
f 378 380 381
f 382 336 383
f 383 339 384
f 385 384 386
f 387 339 354
f 388 384 387
f 382 385 389
f 375 379 390
f 369 391 368
f 392 394 395
f 392 396 397
f 397 398 399
f 560 400 401
f 400 561 402
f 401 403 404
f 405 400 402
f 404 406 407
f 409 399 408
f 410 407 406
f 408 410 409
f 406 405 412
f 413 393 392
f 397 413 392
f 409 415 413
f 410 412 415
f 416 393 417
f 418 413 415
f 402 562 419
f 405 419 421
f 562 422 419
f 423 415 412
f 412 421 423
f 423 421 424
f 421 422 424
f 425 420 426
f 427 365 428
f 429 417 430
f 431 433 434
f 434 430 431
f 435 426 436
f 437 417 438
f 417 414 438
f 439 414 418
f 440 418 423
f 440 424 441
f 424 425 441
f 442 436 443
f 425 444 441
f 440 444 445
f 446 440 445
f 439 447 438
f 447 437 438
f 448 443 449
f 450 449 451
f 450 427 428
f 363 452 453
f 453 365 363
f 454 448 450
f 450 453 454
f 456 372 457
f 458 372 371
f 371 459 458
f 454 460 461
f 462 457 458
f 461 457 462
f 455 461 463
f 464 389 385
f 462 466 467
f 468 388 469
f 464 386 468
f 470 379 471
f 472 470 471
f 467 464 474
f 474 464 468
f 474 472 475
f 471 378 476
f 381 476 378
f 478 471 476
f 475 471 478
f 478 476 479
f 430 480 431
f 481 437 447
f 432 480 482
f 482 480 483
f 483 480 481
f 484 485 486
f 483 484 486
f 463 462 487
f 487 467 488
f 435 489 444
f 442 455 489
f 489 455 463
f 463 490 489
f 490 487 488
f 491 444 489
f 491 490 492
f 467 493 488
f 492 488 493
f 493 475 494
f 495 475 478
f 495 479 485
f 492 494 496
f 446 491 497
f 491 496 497
f 497 447 446
f 484 497 496
f 495 484 496
f 496 494 495
f 460 452 498
f 456 460 498
f 466 459 499
f 465 466 499
f 472 469 473
f 479 477 500
f 485 500 501
f 486 501 502
f 483 502 503
f 504 483 503
f 505 324 506
f 507 482 508
f 506 325 509
f 508 509 507
f 510 432 507
f 511 325 327
f 507 511 510
f 505 508 512
f 508 504 512
f 323 563 513
f 513 563 514
f 323 516 326
f 513 517 516
f 515 326 516
f 517 515 516
f 518 519 520
f 521 520 522
f 523 521 524
f 524 331 523
f 525 521 522
f 526 521 525
f 359 524 526
f 527 528 529
f 530 529 531
f 532 530 533
f 532 332 335
f 534 530 531
f 535 530 534
f 357 533 535
f 536 537 538
f 539 536 540
f 540 349 539
f 541 538 542
f 540 541 543
f 543 337 540
f 544 541 542
f 545 541 544
f 355 543 545
f 546 547 548
f 549 546 550
f 550 351 549
f 546 551 552
f 550 552 553
f 550 342 341
f 554 552 551
f 555 552 554
f 353 553 555
f 532 347 556
f 527 556 528
f 523 345 557
f 518 557 519
f 557 518 523
f 345 523 331
f 556 527 532
f 347 532 335
f 553 353 342
f 552 555 553
f 342 550 553
f 552 550 546
f 551 546 548
f 351 550 341
f 546 549 547
f 543 355 338
f 541 545 543
f 337 543 338
f 541 540 536
f 538 541 536
f 349 540 337
f 536 539 537
f 533 357 332
f 530 535 533
f 332 532 533
f 530 532 527
f 529 530 527
f 524 359 328
f 521 526 524
f 331 524 328
f 521 523 518
f 520 521 518
f 326 515 558
f 517 513 514
f 516 323 513
f 563 323 322
f 504 508 482
f 508 505 506
f 511 507 509
f 325 511 509
f 432 510 433
f 509 508 506
f 325 506 324
f 482 507 432
f 324 505 321
f 483 504 482
f 502 483 486
f 501 486 485
f 500 485 479
f 477 479 476
f 469 472 468
f 466 465 464
f 459 466 458
f 460 456 457
f 452 460 453
f 484 495 485
f 497 484 481
f 447 497 481
f 496 491 492
f 491 446 445
f 494 492 493
f 479 495 478
f 475 495 494
f 475 493 474
f 488 492 490
f 493 467 474
f 490 491 489
f 444 491 445
f 490 463 487
f 455 442 448
f 489 435 442
f 467 487 462
f 462 463 461
f 484 483 481
f 480 432 431
f 437 481 480
f 480 430 437
f 471 475 472
f 476 381 477
f 378 471 379
f 472 474 468
f 464 467 466
f 470 472 473
f 379 470 390
f 386 464 385
f 388 468 386
f 466 462 458
f 389 464 465
f 461 455 454
f 457 461 460
f 460 454 453
f 459 371 374
f 372 458 457
f 372 456 391
f 453 450 428
f 448 454 455
f 365 453 428
f 452 363 362
f 427 450 451
f 449 450 448
f 443 448 442
f 447 439 446
f 440 446 439
f 444 440 441
f 444 425 435
f 436 442 435
f 425 424 422
f 424 440 423
f 418 440 439
f 414 439 438
f 414 417 393
f 417 437 430
f 426 435 425
f 430 434 429
f 433 431 432
f 417 429 416
f 365 427 367
f 420 425 422
f 422 421 419
f 421 412 405
f 415 423 418
f 422 562 420
f 419 405 402
f 562 402 561
f 413 418 414
f 393 416 394
f 412 410 406
f 415 409 410
f 413 397 409
f 393 413 414
f 405 406 403
f 410 408 411
f 407 410 411
f 399 409 397
f 406 404 403
f 400 405 403
f 403 401 400
f 561 400 559
f 400 560 559
f 398 397 396
f 396 392 395
f 394 392 393
f 391 369 372
f 379 375 376
f 385 382 383
f 384 388 386
f 339 387 384
f 384 385 383
f 339 383 336
f 336 382 348
f 380 378 377
f 343 380 377
f 379 377 378
f 340 377 376
f 340 375 350
f 370 374 371
f 333 373 370
f 369 371 372
f 334 370 369
f 334 368 346
f 367 364 365
f 366 330 364
f 361 365 364
f 361 330 329
f 362 361 360
f 360 329 358
f 328 358 329
f 332 356 333
f 338 354 339
f 342 352 343
f 350 341 340
f 348 337 336
f 346 335 334
f 344 331 330
f 342 340 341
f 338 336 337
f 334 332 333
f 330 328 329
f 326 327 325
f 323 325 324
f 323 321 322
f 1210 1212 1213
f 1214 1216 1217
f 1219 1221 1218
f 1222 1221 1220
f 1225 1227 1224
f 1227 1228 1229
f 1230 1232 1233
f 1222 1224 1223
f 1211 1217 1212
f 1234 1231 1230
f 1215 1218 1216
f 1236 1217 1216
f 1238 1237 1236
f 1233 1229 1228
f 1240 1232 1241
f 1241 1243 1240
f 1243 1241 1242
f 1232 1240 1229
f 1229 1233 1232
f 1237 1238 1239
f 1217 1236 1237
f 1218 1215 1219
f 1231 1234 1235
f 1217 1211 1214
f 1224 1222 1225
f 1232 1230 1231
f 1228 1227 1226
f 1227 1225 1226
f 1221 1222 1223
f 1221 1219 1220
f 1216 1214 1215
f 1212 1210 1211
f 1088 1090 1091
f 1092 1094 1095
f 1097 1099 1096
f 1097 1101 1098
f 1103 1105 1102
f 1103 1107 1104
f 1108 1110 1111
f 1101 1102 1105
f 1091 1093 1092
f 1112 1111 1113
f 1095 1096 1099
f 1114 1093 1115
f 1116 1115 1117
f 1109 1106 1110
f 1118 1110 1106
f 1119 1120 1121
f 1120 1119 1118
f 1110 1118 1119
f 1106 1109 1107
f 1115 1116 1114
f 1093 1114 1094
f 1096 1095 1094
f 1111 1112 1108
f 1093 1091 1090
f 1102 1101 1100
f 1110 1108 1109
f 1107 1103 1106
f 1105 1103 1104
f 1101 1097 1100
f 1099 1097 1098
f 1094 1092 1093
f 1090 1088 1089
f 1244 1246 1247
f 1249 1251 1248
f 1253 1255 1252
f 1257 1259 1256
f 1248 1258 1257
f 1253 1259 1254
f 1249 1247 1250
f 1252 1261 1260
f 1261 1252 1255
f 1247 1249 1244
f 1259 1253 1256
f 1258 1248 1251
f 1259 1257 1258
f 1255 1253 1254
f 1251 1249 1250
f 1246 1244 1245
f 1128 1130 1131
f 1133 1135 1132
f 1137 1139 1136
f 1141 1143 1140
f 1142 1132 1143
f 1139 1141 1140
f 1135 1129 1128
f 1145 1136 1144
f 1136 1145 1137
f 1129 1135 1134
f 1141 1139 1138
f 1132 1142 1133
f 1143 1141 1142
f 1139 1137 1138
f 1135 1133 1134
f 1130 1128 1129
f 2078 2074 2077
f 2082 2074 2081
f 2079 2075 2076
f 2079 2076 2084
f 2073 2081 2074
f 2080 2074 2075
f 2075 2083 2076
f 2076 2083 2084
f 2083 2075 2082
f 2074 2080 2077
f 2081 2073 2085
f 2075 2079 2080
f 2074 2082 2075
f 2074 2078 2073
f 2237 2232 2233
f 2241 2232 2234
f 2238 2234 2239
f 2238 2243 2235
f 2233 2240 2244
f 2239 2232 2236
f 2234 2242 2241
f 2235 2243 2242
f 2242 2234 2235
f 2232 2239 2234
f 2240 2233 2232
f 2234 2238 2235
f 2232 2241 2240
f 2232 2237 2236
