# Decoded from sources/assets/lusion.dev/assets/models/tunnels/astronaut_helmet.buf
# Position/index data decoded from public .buf header and payload.
v -0.0183050 1.3248335 0.1539556
v -0.0196504 1.3413375 0.1487572
v -0.0421320 1.3393490 0.1497743
v -0.0397574 1.3235410 0.1645532
v -0.1863803 1.2945099 -0.1608034
v -0.2032746 1.2871361 -0.1462944
v -0.1943348 1.3117264 -0.1419750
v -0.1838513 1.3140959 -0.1597236
v -0.2121922 1.2804914 -0.1322186
v -0.2031716 1.3014694 -0.1249233
v -0.2230875 1.2696545 -0.1105399
v -0.2090457 1.2884286 -0.1048456
v -0.2251533 1.2635732 -0.0865320
v -0.2086707 1.2835735 -0.0798582
v -0.2294100 1.2594472 -0.0549148
v -0.2109645 1.2770614 -0.0531695
v -0.2326153 1.2573594 -0.0234107
v -0.2134640 1.2774591 -0.0253632
v -0.2305789 1.2571274 0.0100460
v -0.2125524 1.2772934 0.0045651
v -0.2197277 1.2600106 0.0384864
v -0.2122363 1.2822313 0.0339661
v -0.2132361 1.2633412 0.0645536
v -0.2067299 1.2849654 0.0585139
v -0.2042376 1.2729851 0.0948837
v -0.1959449 1.2894891 0.0829300
v -0.1882697 1.2817508 0.1162109
v -0.1796020 1.2983211 0.1014696
v -0.1708314 1.2914941 0.1382474
v -0.1622960 1.3069873 0.1182073
v -0.1410936 1.3162998 0.1324966
v -0.1460854 1.3001604 0.1530955
v -0.1194795 1.3100031 0.1608428
v -0.1165976 1.3251152 0.1430817
v -0.0946233 1.3327209 0.1485437
v -0.0953953 1.3161672 0.1643398
v -0.0684585 1.3209063 0.1676044
v -0.0693481 1.3380897 0.1512371
v -0.2238153 1.2520072 -0.1132647
v -0.2313876 1.2456442 -0.0887294
v -0.2152873 1.2608060 -0.1345165
v -0.2038480 1.2655119 -0.1482407
v -0.2092074 1.1849307 -0.0552664
v -0.2133832 1.1834228 -0.0249174
v -0.2286233 1.2008382 -0.0246286
v -0.2292850 1.2031249 -0.0569678
v -0.2098691 1.1869357 0.0095438
v -0.2195145 1.2071514 0.0080872
v -0.2046273 1.1926193 0.0407717
v -0.2153829 1.2125368 0.0412488
v -0.1935482 1.2005399 0.0676362
v -0.2094941 1.2181210 0.0706309
v -0.1757056 1.2075823 0.0944317
v -0.1923352 1.2254284 0.0996803
v -0.1598699 1.2149063 0.1121426
v -0.1770362 1.2310623 0.1213967
v -0.1558853 1.2392481 0.1404637
v -0.1415200 1.2213687 0.1288615
v -0.1165756 1.2297036 0.1432386
v -0.1292867 1.2483451 0.1546901
v -0.0981154 1.2350226 0.1498559
v -0.1072242 1.2558349 0.1641828
v -0.0802139 1.2409216 0.1566866
v -0.0861982 1.2646006 0.1716225
v -0.0595409 1.2484943 0.1609935
v -0.0628344 1.2702676 0.1720871
v -0.0335672 1.2567794 0.1612572
v -0.0369931 1.2764317 0.1677237
v -0.0181065 1.2610048 0.1590598
v -0.0183344 1.2786356 0.1590598
v -0.1868949 1.2756529 -0.1564275
v -0.1788889 1.2427444 -0.1489187
v -0.1911074 1.2368122 -0.1443733
v -0.1985180 1.2522060 -0.1471232
v -0.1847555 1.2605740 -0.1517000
v -0.1815575 1.2155029 -0.1421382
v -0.1918647 1.2061738 -0.1340268
v -0.2027746 1.2277980 -0.1325012
v -0.1698242 1.2288254 -0.1465832
v -0.1980475 1.1964636 -0.1139741
v -0.2126186 1.2187009 -0.1153428
v -0.2119569 1.2432415 -0.1373793
v -0.2024879 1.1881122 -0.0859669
v -0.2198968 1.2077148 -0.0878065
v -0.2219479 1.2338296 -0.1153742
v -0.2363059 1.2401097 -0.0565911
v -0.2309832 1.2248319 -0.0904056
v -0.2408860 1.2377733 -0.0228017
v -0.2380041 1.2203248 -0.0587696
v -0.2320492 1.2383367 0.0108936
v -0.2373866 1.2181872 -0.0228205
v -0.2180074 1.2402257 0.0395035
v -0.2261825 1.2224955 0.0100146
v -0.2166400 1.2471521 0.0694004
v -0.2182647 1.2262404 0.0407528
v -0.2055683 1.2570114 0.1011368
v -0.2154196 1.2320731 0.0702856
v -0.1889240 1.2655285 0.1231546
v -0.2015837 1.2399440 0.1017835
v -0.1709490 1.2753381 0.1452979
v -0.1850643 1.2474172 0.1246237
v -0.1442107 1.2843689 0.1614894
v -0.1655749 1.2559675 0.1471625
v -0.1181342 1.2927866 0.1698269
v -0.1388513 1.2649320 0.1614141
v -0.0931309 1.2978737 0.1733867
v -0.1144583 1.2732337 0.1704485
v -0.0665103 1.3021156 0.1760549
v -0.0889846 1.2815188 0.1753267
v -0.0378165 1.2908810 0.1724763
v -0.0385811 1.3067056 0.1714530
v -0.0649003 1.2856282 0.1763940
v -0.0191652 1.3081141 0.1578857
v -0.0187829 1.2929357 0.1590849
v -0.0192901 1.3250489 0.1498057
v -0.0225764 1.3385371 0.1472630
v -0.0418453 1.3372115 0.1476460
v -0.1896812 1.3106990 -0.1406566
v -0.1805209 1.3123892 -0.1568732
v -0.1823074 1.2938802 -0.1567728
v -0.1975476 1.3010054 -0.1246345
v -0.2042523 1.2884949 -0.1055173
v -0.2043626 1.2830598 -0.0804860
v -0.2063770 1.2764152 -0.0535148
v -0.2094059 1.2769123 -0.0254574
v -0.2092295 1.2759181 0.0040001
v -0.2085531 1.2802760 0.0340477
v -0.2039656 1.2836067 0.0579552
v -0.1925925 1.2887269 0.0814420
v -0.1771391 1.2969623 0.0990587
v -0.1593333 1.3058937 0.1158467
v -0.1389322 1.3150570 0.1297593
v -0.1149803 1.3240712 0.1401309
v -0.0687746 1.3364327 0.1486819
v -0.0941234 1.3317764 0.1456432
v -0.2035613 1.1871180 -0.0541112
v -0.2082590 1.1861238 -0.0252125
v -0.2066784 1.1893715 0.0075222
v -0.2017086 1.1945746 0.0386873
v -0.1909531 1.2029426 0.0653195
v -0.1731619 1.2090073 0.0905769
v -0.1575688 1.2153703 0.1080994
v -0.1389322 1.2226944 0.1234057
v -0.1150023 1.2310789 0.1385425
v -0.0977919 1.2390989 0.1457060
v -0.0798611 1.2439374 0.1517959
v -0.0599893 1.2510792 0.1558830
v -0.0351552 1.2604249 0.1565987
v -0.0218485 1.2645343 0.1571763
v -0.0203120 1.2788178 0.1556067
v -0.1827559 1.2762660 -0.1522022
v -0.1821016 1.2621979 -0.1470729
v -0.1758158 1.2443351 -0.1459680
v -0.1810282 1.2169942 -0.1376054
v -0.1896812 1.2071846 -0.1304356
v -0.1699124 1.2290739 -0.1437769
v -0.1949965 1.1982864 -0.1120592
v -0.1975770 1.1909457 -0.0844915
v -0.0209002 1.3092077 0.1535098
v -0.0201577 1.2936151 0.1550543
v 0.0421115 1.3393325 0.1497868
v 0.0196593 1.3413209 0.1487572
v 0.0182919 1.3248335 0.1539556
v 0.0397442 1.3235410 0.1645532
v 0.0190932 1.3080975 0.1578983
v 0.0385606 1.3067056 0.1714530
v 0.0185272 1.2929191 0.1591414
v 0.0377813 1.2909141 0.1724638
v 0.0693350 1.3380897 0.1512497
v 0.0684454 1.3209063 0.1676044
v 0.0946102 1.3327044 0.1485563
v 0.0953674 1.3161672 0.1643335
v 0.1165772 1.3251152 0.1430942
v 0.1194517 1.3100031 0.1608553
v 0.1410437 1.3162004 0.1325091
v 0.1460723 1.3001604 0.1531017
v 0.1707888 1.2914610 0.1382161
v 0.1623196 1.3069873 0.1182450
v 0.1882418 1.2817508 0.1161795
v 0.1795300 1.2980559 0.1015261
v 0.1959538 1.2895554 0.0829551
v 0.2042172 1.2730017 0.0948900
v 0.2132965 1.2633246 0.0645410
v 0.2067167 1.2850151 0.0584574
v 0.2197146 1.2600106 0.0384864
v 0.2122232 1.2822148 0.0339598
v 0.2125540 1.2772768 0.0045840
v 0.2305511 1.2571605 0.0100272
v 0.2326095 1.2573759 -0.0234107
v 0.2134436 1.2774757 -0.0253695
v 0.2294189 1.2595301 -0.0548897
v 0.2109808 1.2770448 -0.0531632
v 0.2251622 1.2636063 -0.0865131
v 0.2086355 1.2834575 -0.0798770
v 0.2099662 1.2894560 -0.1046949
v 0.2230596 1.2696379 -0.1105399
v 0.2122085 1.2805412 -0.1321998
v 0.2031365 1.3014197 -0.1249422
v 0.2032982 1.2872190 -0.1462379
v 0.1942188 1.3115110 -0.1419813
v 0.1863598 1.2945265 -0.1608097
v 0.1838602 1.3140959 -0.1597173
v 0.0370021 1.2764814 0.1677551
v 0.0182331 1.2786521 0.1591665
v 0.0180934 1.2610048 0.1590723
v 0.0335173 1.2567960 0.1612634
v 0.0664972 1.3021156 0.1760424
v 0.0931178 1.2978737 0.1734055
v 0.1180990 1.2927866 0.1698018
v 0.1442050 1.2843855 0.1614518
v 0.1709359 1.2753381 0.1453105
v 0.1888962 1.2655285 0.1231420
v 0.2055552 1.2570114 0.1011368
v 0.2166342 1.2471521 0.0694004
v 0.2180531 1.2402754 0.0395097
v 0.2319993 1.2383533 0.0109501
v 0.2409096 1.2378064 -0.0228142
v 0.2362413 1.2401594 -0.0565974
v 0.2313671 1.2456276 -0.0887921
v 0.2235596 1.2521729 -0.1131391
v 0.2152080 1.2608557 -0.1344411
v 0.2038349 1.2654954 -0.1482532
v 0.1868891 1.2756529 -0.1564275
v 0.0649019 1.2856117 0.1763877
v 0.0890450 1.2815188 0.1753455
v 0.1144378 1.2732337 0.1704485
v 0.1388309 1.2649320 0.1614141
v 0.1655618 1.2559675 0.1471625
v 0.1850512 1.2474172 0.1246237
v 0.2015485 1.2399109 0.1018149
v 0.2154065 1.2320731 0.0702793
v 0.2182663 1.2262238 0.0406838
v 0.2261621 1.2224955 0.0100146
v 0.2373735 1.2181872 -0.0228080
v 0.2379837 1.2203248 -0.0587696
v 0.2309407 1.2248154 -0.0904308
v 0.2219422 1.2338296 -0.1153742
v 0.2119585 1.2432415 -0.1374045
v 0.1984755 1.2522226 -0.1471169
v 0.1847351 1.2605408 -0.1517000
v 0.0628213 1.2702510 0.1720745
v 0.0595131 1.2484611 0.1609746
v 0.0861925 1.2646006 0.1716288
v 0.0802229 1.2408885 0.1566929
v 0.1072184 1.2558349 0.1641891
v 0.0980949 1.2350226 0.1498622
v 0.1292516 1.2483617 0.1546964
v 0.1166066 1.2297036 0.1432261
v 0.1414554 1.2213853 0.1288803
v 0.1559016 1.2392646 0.1404762
v 0.1598715 1.2148898 0.1121175
v 0.1770452 1.2310789 0.1214092
v 0.1756851 1.2075160 0.0944568
v 0.1923515 1.2254782 0.0996552
v 0.1935424 1.2004736 0.0676613
v 0.2094369 1.2181210 0.0706246
v 0.2153844 1.2125368 0.0412237
v 0.2046068 1.1926028 0.0407654
v 0.2194941 1.2071349 0.0080935
v 0.2098559 1.1869192 0.0095563
v 0.2133995 1.1834063 -0.0249363
v 0.2286617 1.2008547 -0.0246224
v 0.2108190 1.1848644 -0.0551283
v 0.2293160 1.2031414 -0.0569615
v 0.2199205 1.2077480 -0.0878127
v 0.2025116 1.1882282 -0.0864064
v 0.1980270 1.1964968 -0.1139741
v 0.2126349 1.2187341 -0.1153679
v 0.1918295 1.2061572 -0.1340142
v 0.2027468 1.2277980 -0.1324886
v 0.1815518 1.2155360 -0.1421069
v 0.1911017 1.2368122 -0.1443670
v 0.1698037 1.2288254 -0.1465142
v 0.1788610 1.2427444 -0.1489815
v 0.0408838 1.3373606 0.1475455
v 0.0217252 1.3397301 0.1472253
v 0.0195637 1.3234913 0.1502326
v 0.0202916 1.3070702 0.1541439
v 0.0196667 1.2926872 0.1553682
v 0.0684895 1.3357864 0.1485563
v 0.0925591 1.3303348 0.1453042
v 0.1153494 1.3224308 0.1393336
v 0.1380516 1.3140959 0.1297216
v 0.1582468 1.3050320 0.1159283
v 0.1750234 1.2957195 0.1002328
v 0.1910723 1.2878155 0.0818501
v 0.2026954 1.2814194 0.0593615
v 0.2089370 1.2768460 0.0341167
v 0.2088193 1.2739296 0.0040629
v 0.2086429 1.2753712 -0.0249237
v 0.2059228 1.2753215 -0.0528179
v 0.2032614 1.2809554 -0.0803605
v 0.2037614 1.2885280 -0.1036653
v 0.1978138 1.2995473 -0.1234605
v 0.1894475 1.3089757 -0.1397400
v 0.1822869 1.2938802 -0.1567414
v 0.1804417 1.3112293 -0.1555862
v 0.0192550 1.2783207 0.1560462
v 0.0207033 1.2619825 0.1573898
v 0.0343554 1.2575416 0.1573709
v 0.1827207 1.2762495 -0.1521646
v 0.1818385 1.2620156 -0.1476631
v 0.0596748 1.2491074 0.1568373
v 0.0795906 1.2410376 0.1530201
v 0.0975068 1.2359174 0.1469616
v 0.1150407 1.2303332 0.1391452
v 0.1390955 1.2213356 0.1248811
v 0.1576366 1.2149063 0.1087084
v 0.1734943 1.2077314 0.0909661
v 0.1906900 1.2018324 0.0661797
v 0.2019234 1.1933318 0.0393905
v 0.2071358 1.1880128 0.0091106
v 0.2090767 1.1852787 -0.0248860
v 0.2051729 1.1859084 -0.0540421
v 0.1981226 1.1897195 -0.0846297
v 0.1953877 1.2000097 -0.1124611
v 0.1885212 1.2092227 -0.1315720
v 0.1794712 1.2190820 -0.1384718
v 0.1712005 1.2304327 -0.1430800
v 0.1751558 1.2433409 -0.1457482
v -0.1484674 1.4353406 0.0910101
v -0.2318875 1.2687100 0.0308332
v -0.2226317 1.2554372 0.0656272
v -0.2014219 1.3375097 0.0778697
v -0.2192425 1.3473525 0.0472320
v -0.2228007 1.1887916 0.0127582
v -0.2131920 1.1791643 0.0487325
v -0.2006867 1.1476642 0.0399429
v -0.1856083 1.3921419 0.0863642
v -0.2072739 1.4060941 0.0617723
v -0.2174193 1.2560337 0.0637437
v -0.1966727 1.3370955 0.0750068
v -0.2265869 1.2693065 0.0290942
v -0.2144859 1.3470873 0.0443503
v -0.2078179 1.1801916 0.0471817
v -0.2174487 1.1899846 0.0114335
v -0.1950774 1.1485258 0.0390703
v -0.1966800 1.1489732 0.0024619
v -0.1817634 1.3907997 0.0824968
v -0.2036127 1.4050667 0.0576601
v -0.1459972 1.4327722 0.0866844
v -0.1899018 1.4348103 0.0653321
v -0.2022968 1.1482607 0.0025498
v -0.1870419 1.4332859 0.0607678
v -0.1907031 1.0612502 -0.0525730
v -0.1737132 1.0941257 -0.0695243
v -0.1520036 1.0565277 -0.1021459
v -0.1780067 1.0307278 -0.0858351
v -0.1321539 1.0217799 -0.1275790
v -0.1626562 0.9958640 -0.1109794
v -0.1455561 0.9517042 -0.1359040
v -0.1121278 0.9720359 -0.1505008
v -0.0922781 0.9222091 -0.1662466
v -0.1285663 0.9035013 -0.1518569
v -0.0506967 0.8397721 -0.1520013
v -0.0825812 0.8142539 -0.1363874
v -0.1051437 0.8472453 -0.1513233
v -0.0697377 0.8677261 -0.1647022
v -0.0375224 0.7690833 -0.0598307
v -0.0064981 0.7914035 -0.0756895
v 0.0018314 0.7870952 -0.0163351
v -0.0217971 0.7594560 -0.0079034
v 0.0016990 0.7848748 0.0439233
v -0.0191799 0.7608645 0.0466983
v -0.0594821 0.7891333 -0.1106278
v -0.0315749 0.8179822 -0.1322626
v -0.1741838 1.0291536 -0.0820556
v -0.1860347 1.0599246 -0.0497729
v -0.1593921 0.9946046 -0.1066160
v -0.1476440 1.0559643 -0.0986803
v -0.1287868 1.0207525 -0.1232282
v -0.1687288 1.0941588 -0.0669627
v -0.1265887 0.9036173 -0.1466209
v -0.1429095 0.9507431 -0.1310634
v -0.0902343 0.9223417 -0.1610357
v -0.1093856 0.9712406 -0.1456792
v -0.0685835 0.8692340 -0.1594285
v -0.0506232 0.8426056 -0.1471797
v -0.1040482 0.8488029 -0.1460559
v -0.0826474 0.8173194 -0.1317038
v -0.0258626 0.7632009 -0.0070182
v -0.0402793 0.7736236 -0.0580288
v -0.0089463 0.7960431 -0.0736993
v -0.0019989 0.7910886 -0.0154561
v -0.0233851 0.7645596 0.0467988
v -0.0025061 0.7884042 0.0428372
v -0.0327659 0.8218762 -0.1284203
v -0.0610039 0.7933090 -0.1072250
v -0.2022968 1.1482607 0.0025498
v -0.1988268 1.1051780 0.0049418
v -0.1966800 1.1489732 0.0024619
v -0.1932247 1.1048963 0.0052683
v -0.1529078 1.4639906 0.0694318
v -0.1967315 1.4904367 0.0299857
v -0.1606860 1.4990533 0.0393340
v -0.1638105 1.5276867 -0.0022530
v -0.2018336 1.5181256 -0.0082990
v -0.1613917 1.5371317 -0.0565848
v -0.2013410 1.5264605 -0.0593284
v -0.1590318 1.5266262 -0.0988059
v -0.1521359 1.4812402 -0.1496596
v -0.1923131 1.4818368 -0.1438522
v -0.1990473 1.5161869 -0.0976068
v -0.2002530 1.5131546 -0.0103582
v -0.1949303 1.4867084 0.0262125
v -0.1587304 1.4954244 0.0355356
v -0.1621710 1.5227819 -0.0043876
v -0.1998928 1.5210751 -0.0590019
v -0.1599655 1.5317133 -0.0563400
v -0.1507023 1.4610576 0.0652065
v -0.1916368 1.4782244 -0.1396207
v -0.1977093 1.5113484 -0.0951331
v -0.1578556 1.5217711 -0.0962821
v -0.1515037 1.4780753 -0.1450765
v -0.1869758 1.4522920 0.0595938
v -0.1846306 1.4496407 0.0552493
v -0.1549075 1.2071846 -0.1696118
v -0.1851011 1.2062732 -0.1406880
v -0.1861009 1.2691242 -0.1540292
v -0.1560764 1.2710464 -0.1805861
v -0.1473867 1.4486797 -0.1681176
v -0.1513272 1.3362504 -0.1861863
v -0.1874977 1.3309313 -0.1723742
v -0.1910045 1.3971958 -0.1792175
v -0.1511434 1.4004602 -0.1826203
v -0.1537680 1.1300997 -0.1341837
v -0.1791829 1.1485590 -0.1039792
v -0.1511875 1.2084605 -0.1656125
v -0.1527241 1.2719909 -0.1761976
v -0.1812120 1.2077314 -0.1369336
v -0.1824397 1.2702345 -0.1499170
v -0.1506141 1.3994660 -0.1771331
v -0.1496584 1.3365652 -0.1808498
v -0.1902032 1.3964336 -0.1737240
v -0.1852408 1.3316107 -0.1672951
v -0.1746396 1.1505971 -0.1014051
v -0.1492099 1.1318893 -0.1314715
v -0.1468059 1.4463764 -0.1630510
v -0.1737132 1.0941257 -0.0695243
v -0.1520036 1.0565277 -0.1021459
v -0.1902032 1.4474700 -0.1645641
v -0.1476440 1.0559643 -0.0986803
v -0.1687288 1.0941588 -0.0669627
v -0.1896959 1.4452165 -0.1594662
v 0.1484543 1.4353406 0.0910101
v 0.2014088 1.3375097 0.0778697
v 0.2226185 1.2554372 0.0656272
v 0.2318744 1.2687100 0.0308332
v 0.2192294 1.3473525 0.0472320
v 0.2131789 1.1791643 0.0487325
v 0.2227876 1.1887916 0.0127582
v 0.2006663 1.1476642 0.0399429
v 0.1855879 1.3921419 0.0863642
v 0.2072608 1.4060941 0.0617723
v 0.2265738 1.2693065 0.0290942
v 0.2144728 1.3470873 0.0443503
v 0.2174062 1.2560337 0.0637437
v 0.1966596 1.3370955 0.0750068
v 0.2174356 1.1899846 0.0114335
v 0.2078048 1.1801916 0.0471817
v 0.1966669 1.1489732 0.0024619
v 0.1950643 1.1485258 0.0390703
v 0.2035923 1.4050667 0.0576601
v 0.1817503 1.3907997 0.0824968
v 0.1459841 1.4327722 0.0866844
v 0.1898886 1.4348103 0.0653321
v 0.2022837 1.1482607 0.0025498
v 0.1870288 1.4332859 0.0607678
v -0.1869758 1.4522920 0.0595938
v -0.1899018 1.4348103 0.0653321
v -0.1082828 1.4743636 0.0849076
v -0.1094077 1.4436589 0.1053244
v -0.0542917 1.4812402 0.1074025
v -0.0567619 1.4472049 0.1193437
v -0.0188932 1.4465089 0.1229913
v -0.0191064 1.4820025 0.1141390
v 0.0190932 1.4820025 0.1141390
v 0.1898886 1.4348103 0.0653321
v 0.1869626 1.4522920 0.0595938
v 0.1082697 1.4743636 0.0849076
v 0.1093945 1.4436589 0.1053244
v 0.0542786 1.4812402 0.1074025
v 0.0567488 1.4472049 0.1193437
v -0.1846306 1.4496407 0.0552493
v -0.1870419 1.4332859 0.0607678
v -0.1073492 1.4409082 0.1008983
v -0.1061141 1.4714638 0.0806447
v -0.0557768 1.4453159 0.1141642
v -0.0530493 1.4792849 0.1023046
v -0.0185844 1.4806603 0.1087335
v -0.0186432 1.4448519 0.1176486
v 0.0185639 1.4806603 0.1087335
v 0.1846174 1.4496407 0.0552493
v 0.1870288 1.4332859 0.0607678
v 0.1061010 1.4714638 0.0806447
v 0.1073361 1.4409082 0.1008983
v 0.0530362 1.4792849 0.1023046
v 0.0557637 1.4453159 0.1141642
v -0.1529078 1.4639906 0.0694318
v -0.1484674 1.4353406 0.0910101
v 0.0188727 1.4465089 0.1229913
v 0.1528874 1.4639906 0.0694318
v 0.1484543 1.4353406 0.0910101
v -0.1507023 1.4610576 0.0652065
v -0.1459972 1.4327722 0.0866844
v 0.0186227 1.4448519 0.1176486
v 0.1506819 1.4610576 0.0652065
v 0.1459841 1.4327722 0.0866844
v 0.1528874 1.4639906 0.0694318
v 0.1967184 1.4904367 0.0299857
v 0.2018131 1.5181256 -0.0082990
v 0.1637900 1.5276867 -0.0022530
v 0.1606729 1.4990533 0.0393340
v 0.2013279 1.5264605 -0.0593284
v 0.1613786 1.5371317 -0.0565848
v 0.1590849 1.5266262 -0.0987620
v 0.1990268 1.5161869 -0.0976068
v 0.1925941 1.4818533 -0.1437769
v 0.1527845 1.4828310 -0.1518821
v 0.1621579 1.5227819 -0.0043876
v 0.1587173 1.4954244 0.0355356
v 0.2002399 1.5131546 -0.0103582
v 0.1949172 1.4867084 0.0262125
v 0.1599524 1.5317133 -0.0563400
v 0.1998796 1.5210751 -0.0590019
v 0.1506819 1.4610576 0.0652065
v 0.1518875 1.4796661 -0.1473492
v 0.1578351 1.5217711 -0.0962821
v 0.1976962 1.5113484 -0.0951331
v 0.1916236 1.4782244 -0.1396207
v 0.1869626 1.4522920 0.0595938
v 0.1846174 1.4496407 0.0552493
v 0.1906826 1.0612502 -0.0525730
v 0.1779935 1.0307278 -0.0858351
v 0.1519905 1.0565277 -0.1021459
v 0.1737001 1.0941257 -0.0695243
v 0.1626431 0.9958640 -0.1109794
v 0.1321408 1.0217799 -0.1275790
v 0.1454327 0.9516711 -0.1359667
v 0.1282885 0.9036504 -0.1525538
v 0.0908388 0.9223583 -0.1642690
v 0.1120559 0.9719034 -0.1505511
v 0.0505366 0.8400372 -0.1516121
v 0.0693644 0.8683723 -0.1640367
v 0.1050791 0.8474441 -0.1512605
v 0.0826122 0.8145190 -0.1362053
v 0.0387150 0.7705581 -0.0590459
v 0.0251364 0.7622066 -0.0072631
v -0.0014328 0.7867306 -0.0162158
v 0.0065879 0.7913206 -0.0756832
v 0.0201078 0.7615438 0.0464032
v -0.0012122 0.7852393 0.0437036
v 0.0315985 0.8179987 -0.1322626
v 0.0596160 0.7892990 -0.1102951
v 0.1548944 1.2071846 -0.1696118
v 0.1560633 1.2710464 -0.1805861
v 0.1860878 1.2691242 -0.1540292
v 0.1850880 1.2062732 -0.1406880
v 0.1479250 1.4496242 -0.1707105
v 0.1513141 1.3362504 -0.1861863
v 0.1512112 1.4003939 -0.1826265
v 0.1909914 1.3971958 -0.1792175
v 0.1874773 1.3309313 -0.1723742
v 0.1791698 1.1485590 -0.1039792
v 0.1537549 1.1300997 -0.1341837
v 0.1741706 1.0291536 -0.0820556
v 0.1860143 1.0599246 -0.0497729
v 0.1287737 1.0207525 -0.1232282
v 0.1476309 1.0559643 -0.0986803
v 0.1593716 0.9946046 -0.1066160
v 0.1687157 1.0941588 -0.0669627
v 0.0890523 0.9223914 -0.1589639
v 0.1093725 0.9712406 -0.1456792
v 0.1265682 0.9036173 -0.1472236
v 0.1428964 0.9507431 -0.1310634
v 0.1040425 0.8489520 -0.1459742
v 0.0826489 0.8175679 -0.1315029
v 0.0682984 0.8697311 -0.1587128
v 0.0504484 0.8428044 -0.1467402
v 0.0088670 0.7960597 -0.0737683
v 0.0019931 0.7910886 -0.0154561
v 0.0288196 0.7663492 -0.0064594
v 0.0412219 0.7752972 -0.0573947
v 0.0031400 0.7886196 0.0439045
v 0.0242247 0.7653053 0.0468302
v 0.0610790 0.7935244 -0.1069425
v 0.0327528 0.8218927 -0.1284078
v 0.1811989 1.2077314 -0.1369336
v 0.1824266 1.2702345 -0.1499170
v 0.1511744 1.2084605 -0.1656125
v 0.1527036 1.2719909 -0.1761976
v 0.1901901 1.3964336 -0.1737240
v 0.1852276 1.3316107 -0.1672951
v 0.1496453 1.3365652 -0.1808498
v 0.1506010 1.3994660 -0.1771331
v 0.1491968 1.1318893 -0.1314715
v 0.1746264 1.1505971 -0.1014051
v 0.1471310 1.4474700 -0.1656063
v 0.2022837 1.1482607 0.0025498
v 0.1988136 1.1051780 0.0049418
v 0.1904768 1.4473706 -0.1645704
v 0.1966669 1.1489732 0.0024619
v 0.1932116 1.1048963 0.0052683
v 0.1896828 1.4452165 -0.1594662
v 0.0214531 1.0631393 -0.1602133
v -0.0197607 1.0633712 -0.1604142
v -0.0183785 1.1808876 -0.1888420
v 0.0227470 1.1812024 -0.1884213
v -0.0199959 1.3338477 -0.2132706
v 0.0207400 1.3340134 -0.2132392
v 0.0207694 1.2970286 -0.2229830
v -0.0197607 1.2968629 -0.2230960
v -0.0185403 1.2290242 -0.2180232
v 0.0221222 1.2290076 -0.2174833
v -0.0192387 0.8379659 -0.1491196
v -0.0193049 0.9132115 -0.1727132
v 0.0217693 0.9129132 -0.1716334
v 0.0218428 0.8375682 -0.1491950
v -0.0196136 0.9890370 -0.1719787
v 0.0215267 0.9887222 -0.1721419
v 0.0206445 1.3669220 -0.1974557
v -0.0201503 1.3668225 -0.1975122
v -0.0189005 0.8004674 -0.1114628
v 0.0215634 0.8005502 -0.1117767
v 0.0210194 0.7846594 -0.0648972
v -0.0187535 0.7858690 -0.0636541
v 0.0203798 0.7730933 -0.0173019
v -0.0184373 0.7700775 -0.0177477
v 0.0227397 1.1834725 -0.1832167
v 0.0214458 1.0631724 -0.1544561
v -0.0197754 1.0634044 -0.1546508
v -0.0183785 1.1831743 -0.1836311
v 0.0207621 1.2967634 -0.2174142
v 0.0207400 1.3322238 -0.2079592
v -0.0197680 1.2965812 -0.2175335
v -0.0199886 1.3320747 -0.2079906
v 0.0221001 1.2308966 -0.2124167
v -0.0185697 1.2308801 -0.2129629
v 0.0218795 0.8404514 -0.1443921
v 0.0216590 0.9137417 -0.1660960
v -0.0192313 0.8408326 -0.1443168
v -0.0194151 0.9140234 -0.1671758
v 0.0215267 0.9880925 -0.1665919
v -0.0195916 0.9884074 -0.1664224
v 0.0206445 1.3648507 -0.1922511
v -0.0201503 1.3647678 -0.1923076
v -0.0188417 0.8052562 -0.1085560
v -0.0186873 0.7912378 -0.0620783
v 0.0215855 0.8053059 -0.1088260
v 0.0211811 0.7900447 -0.0633841
v -0.0188784 0.7754960 -0.0164607
v 0.0201298 0.7785615 -0.0160777
v -0.0203414 1.4348435 -0.1757393
v 0.0203283 1.4348435 -0.1757456
v -0.0176140 0.7637311 0.0306512
v 0.0206297 0.7651893 0.0309839
v -0.0204370 1.4332196 -0.1703777
v 0.0204239 1.4332196 -0.1703840
v 0.0204533 0.7707735 0.0305695
v -0.0178713 0.7692987 0.0301866
v 0.0188727 1.4465089 0.1229913
v 0.0188653 1.2710133 0.1615020
v 0.0188065 1.3313787 0.1562597
v -0.0188196 1.3313787 0.1562597
v -0.0188784 1.2710133 0.1615083
v 0.0186227 1.3907997 0.1442369
v -0.0186432 1.3907997 0.1442369
v -0.0187682 1.2269861 0.1622679
v 0.0187624 1.2269861 0.1622366
v 0.0195637 0.8396892 0.1411292
v 0.0191668 0.8858871 0.1574086
v -0.0191799 0.8858871 0.1574086
v -0.0195769 0.8396892 0.1411354
v 0.0196667 0.9727485 0.1646600
v -0.0196798 0.9727485 0.1646600
v 0.0193505 0.8016770 0.1154700
v -0.0193416 0.8016604 0.1155014
v 0.0184389 1.0584333 0.1573584
v -0.0184520 1.0584333 0.1573584
v -0.0190181 1.1435879 0.1471876
v 0.0190197 1.1435879 0.1471311
v -0.0176140 0.7637311 0.0306512
v 0.0206297 0.7651893 0.0309839
v 0.0193947 0.7785615 0.0746615
v -0.0181727 0.7782467 0.0744230
v 0.0188653 1.2707150 0.1559081
v 0.0188065 1.3305668 0.1507160
v -0.0188196 1.3305668 0.1507160
v -0.0188784 1.2707150 0.1559144
v 0.0186227 1.3892421 0.1388627
v -0.0186432 1.3892421 0.1388627
v 0.0187624 1.2274335 0.1566489
v -0.0187755 1.2274335 0.1566866
v 0.0194829 0.8422907 0.1361442
v 0.0191668 0.8870470 0.1519277
v -0.0191799 0.8870470 0.1519277
v -0.0194960 0.8422907 0.1361505
v 0.0196667 0.9727485 0.1590598
v -0.0196798 0.9727485 0.1590598
v 0.0193064 0.8057864 0.1116403
v -0.0193196 0.8057533 0.1116654
v 0.0186227 1.4448519 0.1176486
v 0.0184389 1.0578533 0.1517896
v -0.0184520 1.0578533 0.1517896
v 0.0190124 1.1437702 0.1415372
v -0.0190255 1.1437702 0.1415875
v 0.0204533 0.7707735 0.0305695
v 0.0193653 0.7836983 0.0724139
v -0.0178713 0.7692987 0.0301866
v -0.0182388 0.7833503 0.0721377
v -0.0188932 1.4465089 0.1229913
v -0.0186432 1.4448519 0.1176486
v 0.2170606 0.9523836 0.1338464
v 0.2216775 0.9566753 0.1289054
v 0.1938512 0.9790120 0.1512873
v 0.1961964 0.9860047 0.1481043
v 0.2150536 0.9520356 0.1316804
v 0.2196705 0.9563439 0.1267395
v 0.1918442 0.9786806 0.1491213
v 0.1941968 0.9856733 0.1459446
v 0.2087532 0.9386966 0.1436718
v 0.2087532 0.9386966 0.1436718
v 0.2065035 0.9317039 0.1468486
v 0.2170606 0.9523836 0.1338464
v 0.1938512 0.9790120 0.1512873
v 0.2067462 0.9383651 0.1415058
v 0.2044892 0.9313725 0.1446826
v 0.2087532 0.9386966 0.1436718
v 0.1855364 0.9653250 0.1611128
v 0.1809342 0.9610333 0.1660537
v 0.2065035 0.9317039 0.1468486
v 0.1789199 0.9607019 0.1638877
v 0.1835220 0.9649936 0.1589530
v 0.2067462 0.9383651 0.1415058
v 0.2044892 0.9313725 0.1446826
v 0.2087532 0.9386966 0.1436718
v 0.1855364 0.9653250 0.1611128
v 0.1864627 0.9725662 0.1582750
v 0.2137965 0.9412152 0.1377389
v 0.2165387 0.9424083 0.1395533
v 0.1892049 0.9737758 0.1600894
v 0.2180458 0.9449601 0.1376761
v 0.1907120 0.9763111 0.1582122
v 0.2162372 0.9453247 0.1347002
v 0.1889035 0.9766756 0.1552363
v 0.2136127 0.9430214 0.1347379
v 0.1862716 0.9743723 0.1552740
v 0.2136127 0.9430214 0.1347379
v 0.1862716 0.9743723 0.1552740
v 0.2066212 0.9386137 0.1421337
v 0.1836176 0.9649936 0.1594176
v 0.1834412 0.9679762 0.1546273
v 0.2064447 0.9415964 0.1373434
v 0.1900798 0.9690864 0.1617720
v 0.1858231 0.9653581 0.1617971
v 0.2088340 0.9389782 0.1445194
v 0.2130833 0.9427066 0.1444943
v 0.2169724 0.9524002 0.1348823
v 0.2147669 0.9520190 0.1325029
v 0.2080474 0.9448773 0.1344680
v 0.1850438 0.9712571 0.1517456
v 0.2105176 0.9483073 0.1325280
v 0.1925500 0.9725165 0.1598320
v 0.2155535 0.9461200 0.1425543
v 0.2171562 0.9494175 0.1396726
v 0.1939762 0.9787800 0.1521600
v 0.1917707 0.9784155 0.1497805
v 0.1875140 0.9746872 0.1498057
v 0.1941526 0.9757974 0.1569566
v 0.2080474 0.9448773 0.1344680
v 0.1850438 0.9712571 0.1517456
v -0.2100161 0.9792109 0.1367972
v -0.2094353 0.9723839 0.1409345
v -0.1778449 0.9974547 0.1569503
v -0.1813296 1.0019784 0.1513438
v -0.1759629 0.9963777 0.1549161
v -0.2075533 0.9713068 0.1388941
v -0.2081340 0.9781338 0.1347630
v -0.1794476 1.0009013 0.1493097
v -0.2081340 0.9781338 0.1347630
v -0.1794476 1.0009013 0.1493097
v -0.2149417 0.9929642 0.1249941
v -0.2184412 0.9974879 0.1193876
v -0.2165591 0.9964274 0.1173472
v -0.2130597 0.9918871 0.1229600
v -0.2100161 0.9792109 0.1367972
v -0.2094353 0.9723839 0.1409345
v -0.2075533 0.9713068 0.1388941
v -0.2081340 0.9781338 0.1347630
v -0.2081340 0.9781338 0.1347630
v -0.2130597 0.9918871 0.1229600
v -0.1862626 1.0157317 0.1395408
v -0.1869317 1.0225752 0.1353971
v -0.1850643 1.0215147 0.1333630
v -0.1843806 1.0146547 0.1375066
v -0.2149417 0.9929642 0.1249941
v -0.2184412 0.9974879 0.1193876
v -0.2165591 0.9964274 0.1173472
v -0.2130597 0.9918871 0.1229600
v -0.2130597 0.9918871 0.1229600
v -0.1843806 1.0146547 0.1375066
v -0.2079576 0.9784486 0.1353532
v -0.2070901 0.9806359 0.1302176
v -0.1786683 1.0031880 0.1446324
v -0.1795358 1.0009842 0.1497680
v -0.1848879 1.0067175 0.1513564
v -0.2133097 0.9841654 0.1369416
v -0.2100234 0.9796251 0.1375945
v -0.1816016 1.0021772 0.1520030
v -0.2127877 0.9919203 0.1237824
v -0.2148609 0.9930967 0.1260237
v -0.2078914 0.9837677 0.1268839
v -0.2095015 0.9873800 0.1244353
v -0.1794696 1.0063198 0.1412987
v -0.1864979 1.0103298 0.1489016
v -0.2157210 0.9909095 0.1311593
v -0.2149197 0.9877777 0.1344868
v -0.1864464 1.0156654 0.1404323
v -0.1843733 1.0144724 0.1381972
v -0.1873066 1.0134616 0.1455679
v -0.1810870 1.0099321 0.1388439
v -0.2078914 0.9837677 0.1268839
v -0.1794696 1.0063198 0.1412987
v -0.0216942 1.6179946 -0.1791170
v -0.0468591 1.6177295 -0.1349057
v -0.0312735 1.6644577 -0.1563396
v -0.0213266 1.6503067 -0.1791610
v 0.0213943 1.6503067 -0.1790228
v 0.0216810 1.6180278 -0.1791233
v 0.0312530 1.6644577 -0.1563145
v 0.0468240 1.6177461 -0.1348806
v -0.0197754 1.6648554 -0.1791045
v 0.0197843 1.6648719 -0.1790668
v -0.0155996 1.6758249 -0.1789412
v 0.0156379 1.6758580 -0.1789287
v 0.0171450 1.6889485 -0.1579594
v -0.0076818 1.6829998 -0.1787905
v 0.0076760 1.6830329 -0.1788219
v -0.0171876 1.6889651 -0.1579657
v -0.0000066 1.6902741 -0.1583863
v -0.0000066 1.6839774 -0.1788659
v 0.1371547 1.5989554 0.0746992
v 0.1260389 1.5717305 0.0684084
v 0.1442564 1.5841084 0.0323526
v 0.1557325 1.6146806 0.0371303
v 0.1111737 1.5469745 0.0602216
v 0.1280459 1.5560218 0.0267775
v 0.1507039 1.5955751 -0.0012673
v 0.1612978 1.6275225 0.0061661
v 0.1338317 1.5654006 -0.0076586
v 0.1052776 1.5849867 0.1093801
v 0.0972127 1.5609101 0.0991152
v 0.0867512 1.5400150 0.0861633
v 0.1502996 1.6173153 0.0357428
v 0.1329274 1.6017889 0.0723637
v 0.1017781 1.5878368 0.1063289
v 0.1550782 1.6294116 0.0061975
v 0.0710406 1.5750776 0.1325719
v 0.0653503 1.5536854 0.1198648
v 0.0576457 1.5352427 0.1038804
v 0.0695555 1.5784414 0.1291377
v 0.0349583 1.5697255 0.1458441
v 0.0310545 1.5497251 0.1314293
v 0.0263641 1.5326081 0.1139130
v 0.0342525 1.5730064 0.1426987
v 0.1538358 1.6183426 -0.0297328
v 0.1597833 1.6415741 -0.0249614
v 0.1535858 1.6427838 -0.0234358
v 0.1320599 1.5736857 -0.0377878
v 0.1437933 1.5942826 -0.0344164
v 0.1200398 1.5826834 -0.0704409
v 0.1311336 1.6054178 -0.0715835
v 0.1400880 1.6358408 -0.0723369
v 0.0951101 1.5898252 -0.1011979
v 0.1033220 1.6127750 -0.1072125
v 0.0623949 1.5944317 -0.1225753
v 0.0703642 1.6186409 -0.1315971
v 0.1108722 1.6435626 -0.1118835
v 0.0780982 1.6496438 -0.1377686
v 0.0389944 1.6523282 -0.1547700
v 0.0398986 1.6832152 -0.1584114
v 0.0796494 1.6795200 -0.1405185
v 0.1135556 1.6751123 -0.1132270
v 0.0794877 1.7080540 -0.1386413
v 0.0388767 1.7118818 -0.1564652
v 0.0744959 1.7357098 -0.1349434
v 0.1057113 1.7303410 -0.1117077
v 0.1118794 1.7032652 -0.1127247
v 0.0700187 1.7619240 -0.1256956
v 0.0974406 1.7586099 -0.1055990
v 0.0686880 1.7795382 -0.1139050
v 0.0927943 1.7803998 -0.0928353
v 0.0680778 1.7963901 -0.0981341
v 0.0712391 1.8088178 -0.0791864
v 0.1014326 1.7891655 -0.0724562
v 0.1244141 1.7666134 -0.0645205
v 0.1147098 1.7597036 -0.0858790
v 0.0682322 1.8039462 -0.0747603
v 0.0968157 1.7859674 -0.0686076
v 0.1191650 1.7638296 -0.0613186
v 0.1291780 1.7305896 -0.0838198
v 0.1374193 1.7000837 -0.0813650
v 0.1420289 1.6696607 -0.0759720
v 0.1547106 1.7027847 -0.0445746
v 0.1595260 1.6732068 -0.0350631
v 0.1430655 1.7366046 -0.0552413
v 0.1484028 1.7014425 -0.0417682
v 0.1532623 1.6720303 -0.0325141
v 0.1370003 1.7344670 -0.0520331
v 0.1569014 1.6748307 -0.0169755
v 0.1578204 1.6553937 -0.0069366
v 0.1582909 1.6482188 0.0134237
v 0.1532770 1.7051874 -0.0226761
v 0.1428302 1.7421391 -0.0287597
v 0.1256051 1.7739208 -0.0352765
v 0.1027265 1.7986603 -0.0394201
v 0.0696878 1.8188097 -0.0448257
v 0.1534314 1.6368516 0.0445512
v 0.1414407 1.6262798 0.0727592
v 0.1214440 1.6115985 0.0977843
v 0.0829651 1.5908360 0.1265134
v 0.0609540 1.5803470 0.1355101
v 0.1063068 1.6102398 0.1155077
v 0.0346495 1.5799493 0.1385927
v 0.0590499 1.5857489 0.1314042
v 0.0890302 1.7666299 0.1263439
v 0.0959115 1.7880221 0.0987825
v 0.0667619 1.8035319 0.1056446
v 0.0617259 1.7797536 0.1334572
v 0.0599836 1.7719987 0.1282023
v 0.0847001 1.7598030 0.1218110
v 0.1101003 1.7481209 0.1188163
v 0.1202825 1.7642935 0.0926361
v 0.1032558 1.7434481 0.1145534
v 0.1250758 1.7224370 0.1118914
v 0.1374414 1.7324289 0.0873373
v 0.1177902 1.7198852 0.1089407
v 0.1318982 1.6919477 0.1073648
v 0.1456459 1.6978799 0.0823712
v 0.1249361 1.6917655 0.1044329
v 0.1305675 1.6636789 0.1068689
v 0.1468884 1.6624195 0.0766957
v 0.1239289 1.6654519 0.1042759
v 0.1214514 1.6354431 0.1094806
v 0.1155773 1.6378955 0.1062285
v 0.1011533 1.6135207 0.1117219
v 0.0800758 1.5953928 0.1220747
v 0.1007930 1.8014772 0.0673914
v 0.0671074 1.8216101 0.0715099
v 0.1256713 1.7765887 0.0629464
v 0.1454621 1.7424042 0.0568188
v 0.1549606 1.7048063 0.0522043
v 0.1563206 1.6672912 0.0495612
v 0.0334806 1.8328944 0.0734059
v 0.0687395 1.8305249 0.0328485
v 0.0343554 1.8418424 0.0326351
v 0.1044983 1.8084036 0.0319947
v 0.1289207 1.7824048 0.0312413
v 0.1482999 1.7464473 0.0292197
v 0.1578571 1.7074906 0.0275120
v 0.1597833 1.6723120 0.0236698
v 0.1053878 1.8073099 -0.0046325
v 0.0695335 1.8294810 -0.0076209
v 0.1297147 1.7810792 -0.0020082
v 0.1473515 1.7462982 0.0001076
v 0.1567691 1.7079215 0.0004717
v 0.1594010 1.6747975 0.0021041
v 0.0272243 1.7799856 0.1314670
v 0.0292754 1.7881713 0.1371801
v 0.0315544 1.8136232 0.1087272
v -0.0000066 1.8168710 0.1090286
v -0.0000066 1.8359102 0.0738579
v 0.0346936 1.8316185 -0.0482787
v 0.0348039 1.8412293 -0.0090210
v -0.0000066 1.8450404 -0.0111618
v 0.0349362 1.8167550 -0.0794439
v 0.0357449 1.8218255 -0.0841902
v 0.0374726 1.7861497 -0.1249547
v 0.0364286 1.8067134 -0.1050025
v -0.0000066 1.8110548 -0.1069990
v 0.0385239 1.7657351 -0.1386036
v 0.0390973 1.7396701 -0.1498981
v -0.0000066 1.7417580 -0.1549144
v -0.0000066 1.7129257 -0.1617012
v -0.0000066 1.6842923 -0.1640179
v 0.0353847 1.6213418 -0.1451581
v 0.0300547 1.5956911 -0.1326079
v -0.0000066 1.5485321 0.1347002
v -0.0000066 1.5318458 0.1169956
v -0.0000066 1.5675050 0.1496236
v -0.0001830 1.5711505 0.1467796
v -0.0000066 1.5784083 0.1431256
v -0.0000066 1.7904414 0.1379963
v -0.0000066 1.7825208 0.1321701
v -0.0000066 1.8453884 0.0324028
v -0.0000066 1.8360759 -0.0491702
v 0.0000228 1.8217592 -0.0805928
v -0.0000066 1.8266474 -0.0846548
v -0.0000066 1.7913362 -0.1274095
v -0.0000066 1.7684692 -0.1432181
v -0.0000066 1.6549132 -0.1608160
v -0.0000066 1.5971492 -0.1377749
v -0.0000066 1.6226012 -0.1499546
v -0.1769407 1.6932899 -0.0182311
v -0.1804474 1.6882029 0.0031525
v -0.1788742 1.7001335 0.0057329
v -0.1727722 1.7097773 -0.0122480
v -0.1782125 1.6580615 -0.0009974
v -0.1808003 1.6718811 0.0004403
v -0.1765951 1.6741513 -0.0220420
v -0.1705373 1.6564045 -0.0208366
v -0.1710519 1.6728588 -0.0429046
v -0.1632664 1.6550458 -0.0396964
v -0.1736912 1.7005146 -0.0324074
v -0.1691405 1.7156267 -0.0208240
v -0.1624063 1.6696276 -0.0602199
v -0.1553633 1.6540847 -0.0564530
v -0.1554662 1.6710858 -0.0727701
v -0.1458649 1.6545486 -0.0722804
v -0.1651632 1.6839940 -0.0689341
v -0.1707652 1.6840272 -0.0565283
v -0.1480410 1.6739359 -0.0828153
v -0.1379177 1.6594037 -0.0847176
v -0.1568337 1.6869435 -0.0818170
v -0.1302498 1.6700253 -0.0959116
v -0.1424610 1.6813925 -0.0904747
v -0.1238391 1.6866618 -0.1032321
v -0.1388440 1.6919975 -0.0947878
v -0.1501215 1.6920803 -0.0886038
v -0.1216777 1.7042263 -0.1039164
v -0.1373075 1.7041103 -0.0947439
v -0.1498275 1.7034144 -0.0885473
v -0.1362121 1.7144170 -0.0918685
v -0.1227216 1.7198024 -0.0986929
v -0.1616564 1.7233815 -0.0484357
v -0.1671114 1.7147319 -0.0402865
v -0.1633694 1.7252871 -0.0287472
v -0.1562088 1.7364058 -0.0388551
v -0.1494966 1.7423711 -0.0495281
v -0.1558412 1.7290154 -0.0565534
v -0.1265078 1.7327603 -0.0889177
v -0.1382264 1.7245580 -0.0845481
v -0.1489159 1.7163226 -0.0829722
v -0.1333817 1.7415425 -0.0756518
v -0.1430051 1.7299102 -0.0757083
v -0.1420199 1.7443761 -0.0614756
v -0.1501509 1.7308382 -0.0653806
v -0.1549296 1.7202663 -0.0734293
v -0.1666997 1.7128760 -0.0562332
v -0.1605316 1.6978468 -0.0807183
v -0.1603551 1.7094459 -0.0770205
v -0.1620975 1.7182116 -0.0627061
v -0.1678025 1.7066124 -0.0641689
v -0.1686994 1.6951458 -0.0672264
v -0.1710666 1.7035304 -0.0508214
v -0.1727943 1.6929088 -0.0539731
v 0.1788978 1.7001500 0.0057705
v 0.1804343 1.6882194 0.0031714
v 0.1769275 1.6932899 -0.0182311
v 0.1727076 1.7098436 -0.0121977
v 0.1806622 1.6719143 0.0004968
v 0.1765747 1.6742176 -0.0220169
v 0.1781700 1.6580781 -0.0009974
v 0.1705242 1.6564045 -0.0208366
v 0.1737148 1.7005146 -0.0324074
v 0.1691053 1.7156267 -0.0208178
v 0.1671424 1.7147484 -0.0402803
v 0.1633562 1.7253203 -0.0286969
v 0.1616800 1.7234147 -0.0484420
v 0.1563353 1.7364058 -0.0389053
v 0.1558354 1.7290320 -0.0565472
v 0.1494174 1.7424042 -0.0494841
v 0.1499320 1.7310204 -0.0654873
v 0.1419701 1.7443595 -0.0614567
v 0.1428964 1.7300096 -0.0757020
v 0.1334862 1.7416254 -0.0757460
v 0.1380663 1.7245912 -0.0846359
v 0.1264947 1.7327437 -0.0889051
v 0.1361916 1.7144005 -0.0918559
v 0.1227379 1.7197858 -0.0986741
v 0.1372650 1.7039612 -0.0947627
v 0.1217013 1.7042097 -0.1039101
v 0.1388235 1.6918483 -0.0947313
v 0.1238627 1.6866784 -0.1032132
v 0.1424185 1.6814091 -0.0904308
v 0.1302440 1.6700584 -0.0958803
v 0.1479911 1.6739524 -0.0827776
v 0.1554825 1.6710361 -0.0726131
v 0.1458224 1.6545984 -0.0722678
v 0.1379854 1.6594037 -0.0847552
v 0.1623638 1.6696442 -0.0602011
v 0.1553429 1.6541013 -0.0564467
v 0.1711638 1.6731571 -0.0428669
v 0.1632533 1.6550623 -0.0396964
v 0.1710756 1.7035469 -0.0508277
v 0.1667086 1.7128760 -0.0562395
v 0.1707300 1.6840437 -0.0565158
v 0.1727812 1.6929088 -0.0539668
v 0.1622241 1.7181950 -0.0623985
v 0.1549826 1.7202166 -0.0734544
v 0.1651133 1.6840106 -0.0689153
v 0.1566147 1.6867281 -0.0818547
v 0.1501525 1.6920306 -0.0885159
v 0.1498291 1.7033481 -0.0885159
v 0.1489616 1.7163226 -0.0829094
v 0.1686789 1.6951127 -0.0671950
v 0.1678040 1.7066124 -0.0641752
v 0.1604964 1.6978633 -0.0806932
v 0.1603420 1.7094459 -0.0770205
v -0.1592230 1.6799674 0.0500886
v -0.1567234 1.6934225 0.0622495
v -0.1578335 1.7134891 0.0416192
v -0.1602963 1.6991061 0.0277569
v -0.1587378 1.7284686 0.0139134
v -0.1594803 1.7160078 0.0094559
v -0.1568484 1.7403826 0.0219935
v -0.1525623 1.7296120 0.0586897
v -0.1539518 1.7488335 0.0331060
v -0.0765307 1.7920653 0.1237385
v -0.0778467 1.7792565 0.1310965
v -0.0515495 1.7845755 0.1382098
v -0.0502409 1.7969038 0.1314607
v -0.0785524 1.7655860 0.1376385
v -0.0525273 1.7718164 0.1440799
v -0.0281490 1.7870942 0.1420207
v -0.0277520 1.7997373 0.1359684
v -0.0284357 1.7738711 0.1472253
v -0.1458943 1.7604161 0.0558017
v -0.1447254 1.7431333 0.0753459
v -0.1485924 1.7130583 0.0808644
v -0.1405643 1.7260328 0.0940424
v -0.1124072 1.7662820 0.1132036
v -0.1120028 1.7515013 0.1214092
v -0.0977405 1.7585768 0.1293826
v -0.0974464 1.7736226 0.1219617
v -0.0956452 1.7858680 0.1143902
v -0.1113485 1.7797039 0.1037674
v -0.1318892 1.7366377 0.1052930
v -0.1235671 1.7438955 0.1133605
v -0.1250301 1.7593059 0.1029826
v -0.1343888 1.7531417 0.0914872
v -0.1245596 1.7736060 0.0912675
v -0.1352637 1.7680053 0.0762939
v 0.1594745 1.7160078 0.0094559
v 0.1587173 1.7284520 0.0139260
v 0.1577175 1.7138536 0.0416695
v 0.1602465 1.6991061 0.0277443
v 0.1567691 1.6934556 0.0622558
v 0.1592025 1.6799674 0.0500823
v 0.1525124 1.7296120 0.0586835
v 0.1486381 1.7129920 0.0809523
v 0.1446167 1.7432161 0.0754840
v 0.1405365 1.7259831 0.0940801
v 0.1343831 1.7531417 0.0914872
v 0.1318761 1.7366046 0.1053181
v 0.1250170 1.7593059 0.1029826
v 0.1124161 1.7662985 0.1132287
v 0.1120044 1.7515178 0.1214281
v 0.1235540 1.7438790 0.1133794
v 0.0973965 1.7736060 0.1219178
v 0.0778336 1.7792730 0.1310965
v 0.0785614 1.7655860 0.1376887
v 0.0977126 1.7584111 0.1295207
v 0.0515364 1.7845755 0.1382161
v 0.0525436 1.7717999 0.1441741
v 0.1568426 1.7403826 0.0219621
v 0.1539166 1.7488997 0.0330557
v 0.1458738 1.7604327 0.0557955
v 0.1351844 1.7681378 0.0762185
v 0.1113280 1.7796707 0.1037737
v 0.1245023 1.7735894 0.0912423
v 0.0955880 1.7860337 0.1142018
v 0.0765250 1.7920487 0.1237698
v 0.0502352 1.7969369 0.1314670
v 0.0284226 1.7737883 0.1473572
v 0.0281285 1.7870942 0.1420269
v -0.0000286 1.7884861 0.1441678
v -0.0000066 1.8013446 0.1388941
v 0.0277462 1.7997539 0.1359873
v -0.0000066 1.7752796 0.1484245
v 0.1400660 1.5852518 -0.0389869
v 0.1449255 1.5904880 -0.0323257
v 0.1415804 1.5918633 -0.0309696
v 0.1367209 1.5866106 -0.0376308
v 0.1362504 1.5848707 -0.0479836
v 0.1329054 1.5862460 -0.0466276
v 0.1313542 1.5908691 -0.0550969
v 0.1346992 1.5894938 -0.0564593
v 0.1325598 1.5990217 -0.0603580
v 0.1359049 1.5976629 -0.0617204
v 0.1394852 1.6067434 -0.0620971
v 0.1361401 1.6081188 -0.0607347
v 0.1409482 1.6152605 -0.0561077
v 0.1442932 1.6138852 -0.0574701
v 0.1454695 1.6181935 -0.0479523
v 0.1488145 1.6168182 -0.0493084
v 0.1482631 1.6159731 -0.0388488
v 0.1516082 1.6145977 -0.0402049
v 0.1517920 1.6079365 -0.0330540
v 0.1484469 1.6093118 -0.0316916
v 0.1459547 1.6003307 -0.0287534
v 0.1492997 1.5989554 -0.0301158
v 0.1517920 1.6079365 -0.0330540
v 0.1484469 1.6093118 -0.0316916
v 0.1436021 1.5994359 -0.0447566
v 0.1422421 1.5946637 -0.0480527
v 0.1498952 1.5682838 -0.0111995
v 0.1507995 1.5714488 -0.0090210
v 0.1442197 1.5902063 -0.0514869
v 0.1512038 1.5653509 -0.0134722
v 0.1543136 1.5635447 -0.0151108
v 0.1489101 1.5874888 -0.0539668
v 0.1548282 1.5873728 -0.0547076
v 0.1582247 1.5634785 -0.0156005
v 0.1600847 1.5898915 -0.0534645
v 0.1617021 1.5651355 -0.0147844
v 0.1630181 1.5942494 -0.0506456
v 0.1636430 1.5680187 -0.0129197
v 0.1634298 1.5712002 -0.0105968
v 0.1626946 1.5990548 -0.0471361
v 0.1592246 1.6027997 -0.0440598
v 0.1611287 1.5736692 -0.0085564
v 0.1574749 1.5746468 -0.0074451
v 0.1536961 1.6042745 -0.0423772
v 0.1478735 1.6030151 -0.0426409
v 0.1536226 1.5738183 -0.0076209
v 0.1634298 1.5712002 -0.0105968
v 0.1626946 1.5990548 -0.0471361
v 0.1452048 1.5793362 0.0582754
v 0.1434183 1.5741829 0.0557390
v 0.1352212 1.5789385 0.0518214
v 0.1370076 1.5840919 0.0543640
v 0.1456459 1.5835782 0.0625132
v 0.1374487 1.5883339 0.0586018
v 0.1364857 1.5910348 0.0638944
v 0.1446828 1.5862626 0.0678057
v 0.1342581 1.5917639 0.0694318
v 0.1424553 1.5869917 0.0733431
v 0.1393087 1.5856495 0.0782904
v 0.1311116 1.5904051 0.0743790
v 0.1275239 1.5871905 0.0779765
v 0.1357211 1.5824348 0.0818878
v 0.1240392 1.5826005 0.0796779
v 0.1322364 1.5778283 0.0835892
v 0.1211941 1.5773146 0.0792258
v 0.1293912 1.5725590 0.0831372
v 0.1276048 1.5674056 0.0806007
v 0.1194076 1.5721613 0.0766894
v 0.1189665 1.5679193 0.0724516
v 0.1271637 1.5631636 0.0763629
v 0.1281268 1.5604627 0.0710704
v 0.1199296 1.5652349 0.0671591
v 0.1221571 1.5645058 0.0616154
v 0.1303543 1.5597336 0.0655330
v 0.1334935 1.5610923 0.0605858
v 0.1253037 1.5658480 0.0566681
v 0.1288913 1.5690626 0.0530707
v 0.1370812 1.5643070 0.0569883
v 0.1405659 1.5688969 0.0552869
v 0.1323761 1.5736692 0.0513693
v 0.1342581 1.5917639 0.0694318
v 0.1424553 1.5869917 0.0733431
v -0.0761925 1.5581428 0.1242658
v -0.0747737 1.5549613 0.1226837
v -0.0710978 1.5585737 0.1186845
v -0.0725167 1.5617717 0.1202603
v -0.0785819 1.5611089 0.1247367
v -0.0749060 1.5647212 0.1207312
v -0.0779055 1.5669914 0.1200217
v -0.0815887 1.5633625 0.1240273
v -0.0810667 1.5682176 0.1182450
v -0.0847426 1.5646052 0.1222442
v -0.0875730 1.5646218 0.1196639
v -0.0838972 1.5682507 0.1156647
v -0.0859630 1.5670411 0.1126762
v -0.0896389 1.5634288 0.1166817
v -0.0869628 1.5648041 0.1097380
v -0.0906387 1.5611918 0.1137372
v -0.0867349 1.5618711 0.1072895
v -0.0904108 1.5582423 0.1112950
v -0.0889919 1.5550608 0.1097129
v -0.0853160 1.5586731 0.1057137
v -0.0829267 1.5557236 0.1052428
v -0.0866026 1.5521113 0.1092420
v -0.0835957 1.5498411 0.1099515
v -0.0799199 1.5534535 0.1059522
v -0.0767660 1.5522273 0.1077290
v -0.0804418 1.5485984 0.1117345
v -0.0776114 1.5485818 0.1143148
v -0.0739356 1.5521941 0.1103093
v -0.0718624 1.5534037 0.1132978
v -0.0755456 1.5497914 0.1173033
v -0.0745458 1.5520284 0.1202415
v -0.0708699 1.5556407 0.1162360
v -0.0859630 1.5670411 0.1126762
v -0.0896389 1.5634288 0.1166817
v -0.0582470 1.6645239 -0.1435885
v -0.0501012 1.6485502 -0.1437894
v -0.0550490 1.6461310 -0.1526731
v -0.0631947 1.6621047 -0.1524659
v -0.0735827 1.6708538 -0.1367641
v -0.0785304 1.6684345 -0.1456478
v -0.0920649 1.6614087 -0.1361990
v -0.0871172 1.6638280 -0.1273216
v -0.0958658 1.6451533 -0.1296634
v -0.0909254 1.6475560 -0.1207860
v -0.0827723 1.6315823 -0.1209869
v -0.0877201 1.6291796 -0.1298643
v -0.0723843 1.6228497 -0.1366887
v -0.0674366 1.6252524 -0.1278113
v -0.0588498 1.6298755 -0.1461312
v -0.0539021 1.6322782 -0.1372538
v -0.0765234 1.6320462 -0.1436387
v -0.0847720 1.6354597 -0.1399660
v -0.0891610 1.6440597 -0.1398592
v -0.0671867 1.6445733 -0.1522336
v -0.0798243 1.6565868 -0.1484541
v -0.0871099 1.6528088 -0.1433751
v -0.0715757 1.6531733 -0.1521269
v -0.0692378 1.6358242 -0.1487178
v 0.1824193 1.1433725 0.0855354
v 0.1874699 1.1433559 0.0942810
v 0.1900136 1.1433393 0.0898674
v 0.1875140 1.1433559 0.0855354
v 0.1975565 1.1433228 0.0942810
v 0.1950128 1.1433393 0.0898674
v 0.2026071 1.1433062 0.0855354
v 0.1975124 1.1433228 0.0855354
v 0.1950128 1.1433393 0.0812097
v 0.1975565 1.1433228 0.0768024
v 0.1874699 1.1433559 0.0768024
v 0.1900136 1.1433393 0.0812097
v 0.1824193 1.0709107 0.0855354
v 0.1874699 1.0708941 0.0942810
v 0.1975565 1.0708610 0.0942810
v 0.2026071 1.0708610 0.0855354
v 0.1975565 1.0708610 0.0768024
v 0.1874699 1.0708941 0.0768024
v 0.1874699 1.1433559 0.0768024
v 0.1900136 1.1433393 0.0812097
v 0.1874699 1.0708941 0.0768024
v 0.1864333 1.0888895 0.0959071
v 0.1864333 1.0928000 0.0959071
v 0.1803461 1.0928000 0.0853659
v 0.1803461 1.0888895 0.0853659
v 0.1985931 1.0888729 0.0959071
v 0.1985931 1.0928000 0.0959071
v 0.2046803 1.0888729 0.0853659
v 0.2046803 1.0928000 0.0853659
v 0.1985931 1.0888729 0.0748311
v 0.1985931 1.0928000 0.0748311
v 0.1864333 1.0888895 0.0748311
v 0.1864333 1.0928000 0.0748311
v 0.1864333 1.0888895 0.0959071
v 0.1864333 1.0928000 0.0959071
v 0.1864333 1.1258577 0.0959071
v 0.1803461 1.1258577 0.0853659
v 0.1803461 1.1219471 0.0853659
v 0.1864333 1.1219471 0.0959071
v 0.1985931 1.1219471 0.0959071
v 0.1985931 1.1258577 0.0959071
v 0.2046803 1.1219471 0.0853659
v 0.2046803 1.1258577 0.0853659
v 0.1985931 1.1219471 0.0748311
v 0.1985931 1.1258577 0.0748311
v 0.1864333 1.1219471 0.0748311
v 0.1864333 1.1258577 0.0748311
v 0.1864333 1.1258577 0.0959071
v 0.1864333 1.1219471 0.0959071
v 0.0110725 1.6251033 -0.1692727
v 0.0110725 1.5885493 -0.1690593
v 0.0063968 1.5884996 -0.1671193
v 0.0063968 1.6251199 -0.1673328
v 0.0044633 1.5883836 -0.1624483
v 0.0044633 1.6251364 -0.1626618
v 0.0063968 1.5882676 -0.1577773
v 0.0063968 1.6251696 -0.1579908
v 0.0110725 1.5882179 -0.1558373
v 0.0110725 1.6251861 -0.1560571
v 0.0157408 1.5882676 -0.1577773
v 0.0157408 1.6251696 -0.1579908
v 0.0176744 1.5883836 -0.1624483
v 0.0176744 1.6251364 -0.1626618
v 0.0157408 1.5884996 -0.1671193
v 0.0157408 1.6251199 -0.1673328
v 0.0110725 1.4977111 -0.1730208
v 0.0063968 1.4975785 -0.1710872
v 0.0044633 1.4972471 -0.1664287
v 0.0063968 1.4969157 -0.1617640
v 0.0110725 1.4967831 -0.1598366
v 0.0157408 1.4969157 -0.1617640
v 0.0176744 1.4972471 -0.1664287
v 0.0157408 1.4975785 -0.1710872
v 0.0110725 1.4366662 -0.1846670
v 0.0063968 1.4365005 -0.1827395
v 0.0044633 1.4361028 -0.1780874
v 0.0063968 1.4356886 -0.1734289
v 0.0110725 1.4355229 -0.1715015
v 0.0157408 1.4356886 -0.1734289
v 0.0176744 1.4361028 -0.1780874
v 0.0157408 1.4365005 -0.1827395
v 0.0110725 1.5882179 -0.1558373
v 0.0110725 1.6251861 -0.1560571
v 0.0110725 1.4967831 -0.1598366
v 0.0110725 1.4355229 -0.1715015
v -0.0167906 1.6260312 -0.1672512
v -0.0121222 1.6263958 -0.1691535
v -0.0121222 1.6164205 -0.1710683
v -0.0167906 1.6157079 -0.1692351
v -0.0187314 1.6251364 -0.1626618
v -0.0187314 1.6139846 -0.1648152
v -0.0167906 1.6242582 -0.1580724
v -0.0167906 1.6122448 -0.1603891
v -0.0121222 1.6238937 -0.1561764
v -0.0121222 1.6115322 -0.1585558
v -0.0074465 1.6122448 -0.1603891
v -0.0074465 1.6242582 -0.1580724
v -0.0055130 1.6139846 -0.1648152
v -0.0055130 1.6251364 -0.1626618
v -0.0074465 1.6157079 -0.1692351
v -0.0074465 1.6260312 -0.1672512
v -0.0121222 1.6000656 -0.1812139
v -0.0167906 1.5987400 -0.1797574
v -0.0187314 1.5955419 -0.1762353
v -0.0167906 1.5923604 -0.1727195
v -0.0121222 1.5910348 -0.1712629
v -0.0074465 1.5923604 -0.1727195
v -0.0055130 1.5955419 -0.1762353
v -0.0074465 1.5987400 -0.1797574
v -0.0121222 1.5882179 -0.1967463
v -0.0167906 1.5868922 -0.1952897
v -0.0187314 1.5836942 -0.1917802
v -0.0167906 1.5805127 -0.1882644
v -0.0121222 1.5791871 -0.1868078
v -0.0074465 1.5805127 -0.1882644
v -0.0055130 1.5836942 -0.1917802
v -0.0074465 1.5868922 -0.1952897
v -0.0121222 1.5702888 -0.2079090
v -0.0167906 1.5695597 -0.2060757
v -0.0187314 1.5678199 -0.2016558
v -0.0167906 1.5660800 -0.1972360
v -0.0121222 1.5653675 -0.1954027
v -0.0074465 1.5660800 -0.1972360
v -0.0055130 1.5678199 -0.2016558
v -0.0074465 1.5695597 -0.2060757
v -0.0121222 1.5500234 -0.2118831
v -0.0167906 1.5501560 -0.2098866
v -0.0187314 1.5504377 -0.2050649
v -0.0167906 1.5507359 -0.2002495
v -0.0121222 1.5508685 -0.1982530
v -0.0074465 1.5507359 -0.2002495
v -0.0055130 1.5504377 -0.2050649
v -0.0074465 1.5501560 -0.2098866
v -0.0121222 1.5259468 -0.2008962
v -0.0167906 1.5270239 -0.1992136
v -0.0187314 1.5296420 -0.1951516
v -0.0167906 1.5322435 -0.1910896
v -0.0121222 1.5333371 -0.1894070
v -0.0074465 1.5322435 -0.1910896
v -0.0055130 1.5296420 -0.1951516
v -0.0074465 1.5270239 -0.1992136
v -0.0121222 1.5072390 -0.1863935
v -0.0167906 1.5084320 -0.1848239
v -0.0187314 1.5112987 -0.1810319
v -0.0167906 1.5141653 -0.1772461
v -0.0121222 1.5153418 -0.1756765
v -0.0074465 1.5141653 -0.1772461
v -0.0055130 1.5112987 -0.1810319
v -0.0074465 1.5084320 -0.1848239
v -0.0121222 1.4845874 -0.1782381
v -0.0167906 1.4851508 -0.1763546
v -0.0187314 1.4864930 -0.1718029
v -0.0167906 1.4878518 -0.1672512
v -0.0121222 1.4884152 -0.1653677
v -0.0074465 1.4878518 -0.1672512
v -0.0055130 1.4864930 -0.1718029
v -0.0074465 1.4851508 -0.1763546
v -0.0167906 1.4355891 -0.1827270
v -0.0121222 1.4353737 -0.1846544
v -0.0187314 1.4361028 -0.1780874
v -0.0167906 1.4366165 -0.1734415
v -0.0121222 1.4368319 -0.1715204
v -0.0074465 1.4366165 -0.1734415
v -0.0055130 1.4361028 -0.1780874
v -0.0074465 1.4355891 -0.1827270
v -0.0121222 1.6238937 -0.1561764
v -0.0121222 1.6115322 -0.1585558
v -0.0121222 1.5910348 -0.1712629
v -0.0121222 1.5791871 -0.1868078
v -0.0121222 1.5653675 -0.1954027
v -0.0121222 1.5508685 -0.1982530
v -0.0121222 1.5333371 -0.1894070
v -0.0121222 1.5153418 -0.1756765
v -0.0121222 1.4884152 -0.1653677
v -0.0121222 1.4368319 -0.1715204
v -0.1740294 1.6610111 0.0457817
v -0.1740073 1.6803154 0.0193943
v -0.1741764 1.6679540 0.0110819
v -0.1738235 1.6489479 0.0368541
v -0.1684788 1.6363379 0.0543138
v -0.1688832 1.6483679 0.0633356
v -0.1678319 1.6477383 0.0625697
v -0.1674569 1.6372824 0.0546842
v -0.1514816 1.6135538 0.0881221
v -0.1522756 1.6239765 0.0963089
v -0.1382044 1.6012587 0.1057576
v -0.1391895 1.6116317 0.1141516
v -0.1202882 1.5873065 0.1259547
v -0.1213983 1.5976132 0.1346123
v -0.0901241 1.5739343 0.1452853
v -0.0911239 1.5841084 0.1542067
v -0.0596879 1.5759724 0.1658465
v -0.0589748 1.5658977 0.1567557
v -0.0233630 1.5718962 0.1715974
v -0.0230763 1.5618877 0.1624249
v -0.1496731 1.6247884 0.0951097
v -0.1651999 1.6483514 0.0617096
v -0.1367193 1.6126259 0.1126386
v -0.1191413 1.5988394 0.1327226
v -0.0894110 1.5856163 0.1519026
v -0.0585557 1.5776460 0.1633101
v -0.0228998 1.5736526 0.1689543
v -0.1678319 1.6477383 0.0625697
v -0.1522756 1.6239765 0.0963089
v -0.1391895 1.6116317 0.1141516
v -0.1213983 1.5976132 0.1346123
v -0.0911239 1.5841084 0.1542067
v -0.0596879 1.5759724 0.1658465
v -0.0233630 1.5718962 0.1715974
v 0.1514685 1.6135538 0.0881221
v 0.1672380 1.6372824 0.0546842
v 0.1676129 1.6477383 0.0625697
v 0.1522698 1.6239765 0.0963089
v 0.1381986 1.6012587 0.1057576
v 0.1391764 1.6116317 0.1141516
v 0.1202751 1.5873065 0.1259547
v 0.1213852 1.5976132 0.1346123
v 0.0911108 1.5841084 0.1542067
v 0.0901110 1.5739343 0.1452853
v 0.0596748 1.5759724 0.1658465
v 0.0589617 1.5658977 0.1567557
v 0.0233499 1.5718962 0.1715974
v 0.0230632 1.5618877 0.1624249
v -0.0112694 1.5602473 0.1874688
v -0.0111518 1.5489132 0.1760487
v 0.0111387 1.5489132 0.1760487
v 0.0112563 1.5602473 0.1874688
v -0.0228998 1.5775632 0.1704422
v 0.0228867 1.5775632 0.1704422
v 0.0226074 1.5632133 0.1576409
v -0.0226205 1.5632133 0.1576409
v 0.1737516 1.6775316 0.0019848
v 0.1737442 1.6705555 0.0019534
v 0.1691494 1.6705887 0.0019534
v 0.1691568 1.6775647 0.0019848
v 0.0197181 1.5566349 0.1658968
v -0.0197313 1.5566349 0.1658968
v -0.0230763 1.5563367 0.1628330
v 0.0230632 1.5563367 0.1628330
v 0.0197181 1.5546465 0.1682072
v -0.0197313 1.5546465 0.1682072
v 0.0197181 1.5566349 0.1658968
v -0.0197313 1.5566349 0.1658968
v -0.0159598 1.5561047 0.1538991
v 0.0159540 1.5561047 0.1538991
v 0.0159540 1.5563367 0.1629083
v -0.0159598 1.5563367 0.1629083
v -0.0156510 1.5622357 0.1522353
v -0.0156510 1.5592199 0.1494918
v -0.0159598 1.5561047 0.1538991
v -0.0159598 1.5563367 0.1629083
v 0.0156379 1.5622357 0.1522353
v 0.0156379 1.5592199 0.1494918
v 0.0159540 1.5561047 0.1538991
v 0.0159540 1.5563367 0.1629083
v -0.0156510 1.5390539 0.1281772
v -0.0156510 1.5622357 0.1522353
v -0.0156510 1.5592199 0.1494918
v -0.0156510 1.5634950 0.1505402
v -0.0156510 1.5604627 0.1477966
v -0.0156510 1.5392693 0.1321199
v 0.0156379 1.5390539 0.1281772
v 0.0156379 1.5622357 0.1522353
v 0.0156379 1.5592199 0.1494918
v 0.0156379 1.5634950 0.1505402
v 0.0156379 1.5604627 0.1477966
v 0.0156379 1.5392693 0.1321199
v 0.1589967 1.6188066 0.0217361
v 0.1557693 1.6141338 0.0301489
v 0.1562471 1.6247719 0.0471817
v 0.1652530 1.6377795 0.0237388
v 0.1655324 1.6445236 0.0346316
v 0.1602465 1.6368847 0.0483934
v 0.1562471 1.6247719 0.0471817
v 0.1646943 1.6218224 0.0487890
v 0.1602465 1.6368847 0.0483934
v 0.1686936 1.6339187 0.0500007
v 0.1739795 1.6415741 0.0362388
v 0.1655324 1.6445236 0.0346316
v 0.1602465 1.6368847 0.0483934
v 0.1686936 1.6339187 0.0500007
v 0.1688039 1.6400165 0.0397044
v 0.1698625 1.6452693 0.0430569
v 0.1701125 1.6437283 0.0453485
v 0.1690538 1.6384589 0.0419896
v 0.1653853 1.6400000 0.0410981
v 0.1664440 1.6452693 0.0444507
v 0.1669659 1.6407788 0.0392586
v 0.1680319 1.6460481 0.0426112
v 0.1666939 1.6437117 0.0467423
v 0.1656353 1.6384589 0.0433897
v 0.1653853 1.6400000 0.0410981
v 0.1664440 1.6452693 0.0444507
v 0.1685319 1.6429329 0.0471880
v 0.1674659 1.6376801 0.0438354
v 0.1666939 1.6437117 0.0467423
v 0.1656353 1.6384589 0.0433897
v -0.1570395 1.6247719 0.0463593
v -0.1654867 1.6218224 0.0479665
v -0.1694860 1.6339187 0.0491782
v -0.1610389 1.6368847 0.0475710
v -0.1660454 1.6377795 0.0229164
v -0.1744925 1.6348300 0.0245236
v -0.1597891 1.6188066 0.0209136
v -0.1682436 1.6158405 0.0225209
v -0.1663248 1.6445236 0.0338091
v -0.1747719 1.6415741 0.0354163
v -0.1694860 1.6339187 0.0491782
v -0.1610389 1.6368847 0.0475710
v -0.1695963 1.6400165 0.0390703
v -0.1698462 1.6384589 0.0413618
v -0.1709049 1.6437283 0.0447144
v -0.1706549 1.6452693 0.0424228
v -0.1688243 1.6460481 0.0419771
v -0.1677583 1.6407788 0.0386245
v -0.1695963 1.6400165 0.0390703
v -0.1706549 1.6452693 0.0424228
v -0.1661777 1.6400000 0.0404640
v -0.1672364 1.6452693 0.0438229
v -0.1688243 1.6460481 0.0419771
v -0.1677583 1.6407788 0.0386245
v -0.1674863 1.6437117 0.0461082
v -0.1664277 1.6384589 0.0427556
v -0.1661777 1.6400000 0.0404640
v -0.1672364 1.6452693 0.0438229
v -0.1623622 1.6894291 0.0553058
v -0.1622004 1.6765374 0.0573776
v -0.1544297 1.6766202 0.0572709
v -0.1545914 1.6895119 0.0552053
v -0.1625680 1.7010448 0.0493540
v -0.1547899 1.7011277 0.0492536
v -0.1550104 1.7103407 0.0400057
v -0.1627812 1.7102579 0.0401062
v -0.1552236 1.7162563 0.0283659
v -0.1629944 1.7161569 0.0284663
v -0.1631856 1.7181785 0.0155646
v -0.1554148 1.7182613 0.0154641
v -0.1555618 1.7161900 0.0025749
v -0.1633326 1.7161072 0.0026754
v -0.1556500 1.7102413 -0.0090461
v -0.1634208 1.7101585 -0.0089393
v -0.1556721 1.7009951 -0.0182562
v -0.1634429 1.7009123 -0.0181558
v -0.1633988 1.6892634 -0.0240573
v -0.1556206 1.6893462 -0.0241578
v -0.1555104 1.6764545 -0.0261731
v -0.1632885 1.6763717 -0.0260726
v -0.1631194 1.6634800 -0.0240071
v -0.1553486 1.6635629 -0.0241075
v -0.1551501 1.6519471 -0.0181621
v -0.1629209 1.6518643 -0.0180553
v -0.1627004 1.6426512 -0.0088075
v -0.1549296 1.6427340 -0.0089080
v -0.1547164 1.6368185 0.0027319
v -0.1624872 1.6367356 0.0028323
v -0.1622960 1.6347306 0.0157341
v -0.1545252 1.6348135 0.0156336
v -0.1621563 1.6368019 0.0286233
v -0.1543782 1.6368847 0.0285228
v -0.1620681 1.6427506 0.0402443
v -0.1542900 1.6428335 0.0401438
v -0.1620460 1.6519968 0.0494545
v -0.1542679 1.6520797 0.0493540
v -0.1620902 1.6636457 0.0553560
v -0.1543194 1.6637286 0.0552555
v -0.1613917 1.6783933 0.0291695
v -0.1754188 1.6781778 0.0294395
v -0.1752792 1.6737867 0.0301489
v -0.1612227 1.6739856 0.0298789
v -0.1615902 1.6823536 0.0271416
v -0.1755732 1.6821547 0.0273990
v -0.1618108 1.6855019 0.0239837
v -0.1757129 1.6852865 0.0242411
v -0.1620240 1.6875235 0.0200033
v -0.1758305 1.6873081 0.0202607
v -0.1622151 1.6882029 0.0156023
v -0.1759114 1.6880040 0.0158534
v -0.1623548 1.6875069 0.0112012
v -0.1759482 1.6872915 0.0114523
v -0.1624430 1.6854688 0.0072334
v -0.1759408 1.6852534 0.0074845
v -0.1624651 1.6823204 0.0040880
v -0.1758820 1.6821050 0.0043391
v -0.1757864 1.6781281 0.0023238
v -0.1624210 1.6783436 0.0020727
v -0.1623107 1.6739359 0.0013883
v -0.1756615 1.6737204 0.0016395
v -0.1755144 1.6693128 0.0023489
v -0.1621490 1.6695282 0.0020915
v -0.1619431 1.6655679 0.0041256
v -0.1753600 1.6653525 0.0043831
v -0.1752203 1.6622041 0.0075473
v -0.1617299 1.6624195 0.0072836
v -0.1615094 1.6603980 0.0112577
v -0.1751027 1.6601991 0.0115214
v -0.1750219 1.6595032 0.0159287
v -0.1613256 1.6597186 0.0156588
v -0.1749851 1.6602157 0.0203360
v -0.1611785 1.6604311 0.0200598
v -0.1749924 1.6622373 0.0243039
v -0.1610903 1.6624527 0.0240276
v -0.1750513 1.6654022 0.0274493
v -0.1610683 1.6656176 0.0271730
v -0.1611124 1.6695944 0.0291883
v -0.1751468 1.6693790 0.0294583
v -0.1630312 1.6919643 0.0662424
v -0.1630312 1.6919643 0.0394470
v -0.1630312 1.6619058 0.0394470
v -0.1630312 1.6619058 0.0662424
v 0.1623491 1.6894291 0.0553058
v 0.1545783 1.6895119 0.0552053
v 0.1544165 1.6766202 0.0572709
v 0.1621873 1.6765374 0.0573776
v 0.1547768 1.7011277 0.0492536
v 0.1625476 1.7010448 0.0493540
v 0.1627681 1.7102579 0.0401062
v 0.1549973 1.7103407 0.0400057
v 0.1552105 1.7162563 0.0283659
v 0.1629813 1.7161569 0.0284663
v 0.1631724 1.7181785 0.0155646
v 0.1554017 1.7182613 0.0154641
v 0.1633195 1.7161072 0.0026754
v 0.1555487 1.7161900 0.0025749
v 0.1634077 1.7101585 -0.0089393
v 0.1556369 1.7102413 -0.0090461
v 0.1634298 1.7009123 -0.0181558
v 0.1556590 1.7009951 -0.0182562
v 0.1633783 1.6892634 -0.0240573
v 0.1556075 1.6893462 -0.0241578
v 0.1632680 1.6763717 -0.0260726
v 0.1554972 1.6764545 -0.0261731
v 0.1553355 1.6635629 -0.0241075
v 0.1631063 1.6634800 -0.0240071
v 0.1629078 1.6518643 -0.0180553
v 0.1551370 1.6519471 -0.0181621
v 0.1626872 1.6426512 -0.0088075
v 0.1549165 1.6427340 -0.0089080
v 0.1624740 1.6367356 0.0028323
v 0.1547033 1.6368185 0.0027319
v 0.1545121 1.6348135 0.0156336
v 0.1622829 1.6347306 0.0157341
v 0.1621359 1.6368019 0.0286233
v 0.1543651 1.6368847 0.0285228
v 0.1620476 1.6427506 0.0402443
v 0.1542769 1.6428335 0.0401438
v 0.1620256 1.6519968 0.0494545
v 0.1542548 1.6520797 0.0493540
v 0.1620770 1.6636457 0.0553560
v 0.1542989 1.6637286 0.0552555
v 0.1752587 1.6737867 0.0301489
v 0.1754057 1.6781778 0.0294395
v 0.1613713 1.6783933 0.0291695
v 0.1612095 1.6739856 0.0298789
v 0.1755601 1.6821547 0.0273990
v 0.1615771 1.6823536 0.0271416
v 0.1756998 1.6852865 0.0242411
v 0.1617903 1.6855019 0.0239837
v 0.1758174 1.6873081 0.0202607
v 0.1620109 1.6875235 0.0200033
v 0.1758983 1.6880040 0.0158534
v 0.1621947 1.6882029 0.0156023
v 0.1759351 1.6872915 0.0114523
v 0.1623417 1.6875069 0.0112012
v 0.1759203 1.6852534 0.0074845
v 0.1624299 1.6854688 0.0072334
v 0.1758689 1.6821050 0.0043391
v 0.1624520 1.6823204 0.0040880
v 0.1757733 1.6781281 0.0023238
v 0.1624079 1.6783436 0.0020727
v 0.1756410 1.6737204 0.0016395
v 0.1622976 1.6739359 0.0013883
v 0.1754939 1.6693128 0.0023489
v 0.1621285 1.6695282 0.0020915
v 0.1753469 1.6653525 0.0043831
v 0.1619300 1.6655679 0.0041256
v 0.1752072 1.6622041 0.0075473
v 0.1617168 1.6624195 0.0072836
v 0.1750896 1.6601991 0.0115214
v 0.1614963 1.6603980 0.0112577
v 0.1613125 1.6597186 0.0156588
v 0.1750087 1.6595032 0.0159287
v 0.1611654 1.6604311 0.0200598
v 0.1749720 1.6602157 0.0203360
v 0.1749793 1.6622373 0.0243039
v 0.1610772 1.6624527 0.0240276
v 0.1610552 1.6656176 0.0271730
v 0.1750381 1.6654022 0.0274493
v 0.1610993 1.6695944 0.0291883
v 0.1751337 1.6693790 0.0294583
v 0.1636062 1.6619058 0.0662424
v 0.1636062 1.6619058 0.0394407
v 0.1636062 1.6919643 0.0394407
v 0.1636062 1.6919643 0.0662424
v 0.1405071 1.5873065 -0.0399726
v 0.1447196 1.5918468 -0.0342029
v 0.1372061 1.5869917 -0.0477639
v 0.1358681 1.5909851 -0.0551032
v 0.1369047 1.5980440 -0.0596549
v 0.1400071 1.6059315 -0.0599876
v 0.1441682 1.6121122 -0.0559758
v 0.1480867 1.6146474 -0.0489128
v 0.1505054 1.6127253 -0.0410274
v 0.1506598 1.6069588 -0.0348308
v 0.1485057 1.5991708 -0.0322881
v 0.1400660 1.5852518 -0.0389869
v 0.1449255 1.5904880 -0.0323257
v 0.1362504 1.5848707 -0.0479836
v 0.1346992 1.5894938 -0.0564593
v 0.1359049 1.5976629 -0.0617204
v 0.1394852 1.6067434 -0.0620971
v 0.1442932 1.6138852 -0.0574701
v 0.1488145 1.6168182 -0.0493084
v 0.1516082 1.6145977 -0.0402049
v 0.1517920 1.6079365 -0.0330540
v 0.1492997 1.5989554 -0.0301158
v 0.1506598 1.6069588 -0.0348308
v 0.1517920 1.6079365 -0.0330540
v 0.1604229 1.5837936 -0.0497478
v 0.1632827 1.5868757 -0.0458365
v 0.1581880 1.5835782 -0.0550341
v 0.1572764 1.5862957 -0.0600127
v 0.1579821 1.5910845 -0.0631016
v 0.1600847 1.5964202 -0.0633214
v 0.1629078 1.6006290 -0.0606029
v 0.1655691 1.6023357 -0.0558126
v 0.1672085 1.6010433 -0.0504635
v 0.1673115 1.5971327 -0.0462634
v 0.1658485 1.5918468 -0.0445369
v 0.1405071 1.5873065 -0.0399726
v 0.1447196 1.5918468 -0.0342029
v 0.1372061 1.5869917 -0.0477639
v 0.1358681 1.5909851 -0.0551032
v 0.1369047 1.5980440 -0.0596549
v 0.1400071 1.6059315 -0.0599876
v 0.1441682 1.6121122 -0.0559758
v 0.1480867 1.6146474 -0.0489128
v 0.1505054 1.6127253 -0.0410274
v 0.1506598 1.6069588 -0.0348308
v 0.1485057 1.5991708 -0.0322881
v 0.1673115 1.5971327 -0.0462634
v 0.1506598 1.6069588 -0.0348308
v 0.1604229 1.5837936 -0.0497478
v 0.1632827 1.5868757 -0.0458365
v 0.1581880 1.5835782 -0.0550341
v 0.1572764 1.5862957 -0.0600127
v 0.1579821 1.5910845 -0.0631016
v 0.1600847 1.5964202 -0.0633214
v 0.1629078 1.6006290 -0.0606029
v 0.1655691 1.6023357 -0.0558126
v 0.1672085 1.6010433 -0.0504635
v 0.1673115 1.5971327 -0.0462634
v 0.1658485 1.5918468 -0.0445369
v 0.1498952 1.5682838 -0.0111995
v 0.1507995 1.5714488 -0.0090210
v 0.1512038 1.5653509 -0.0134722
v 0.1543136 1.5635447 -0.0151108
v 0.1582247 1.5634785 -0.0156005
v 0.1617021 1.5651355 -0.0147844
v 0.1636430 1.5680187 -0.0129197
v 0.1634298 1.5712002 -0.0105968
v 0.1611287 1.5736692 -0.0085564
v 0.1574749 1.5746468 -0.0074451
v 0.1536226 1.5738183 -0.0076209
v 0.1452048 1.5793362 0.0582754
v 0.1434183 1.5741829 0.0557390
v 0.1456459 1.5835782 0.0625132
v 0.1446828 1.5862626 0.0678057
v 0.1424553 1.5869917 0.0733431
v 0.1393087 1.5856495 0.0782904
v 0.1357211 1.5824348 0.0818878
v 0.1322364 1.5778283 0.0835892
v 0.1293912 1.5725590 0.0831372
v 0.1276048 1.5674056 0.0806007
v 0.1271637 1.5631636 0.0763629
v 0.1281268 1.5604627 0.0710704
v 0.1303543 1.5597336 0.0655330
v 0.1334935 1.5610923 0.0605858
v 0.1370812 1.5643070 0.0569883
v 0.1405659 1.5688969 0.0552869
v -0.0761925 1.5581428 0.1242658
v -0.0747737 1.5549613 0.1226837
v -0.0785819 1.5611089 0.1247367
v -0.0815887 1.5633625 0.1240273
v -0.0847426 1.5646052 0.1222442
v -0.0875730 1.5646218 0.1196639
v -0.0896389 1.5634288 0.1166817
v -0.0906387 1.5611918 0.1137372
v -0.0904108 1.5582423 0.1112950
v -0.0889919 1.5550608 0.1097129
v -0.0866026 1.5521113 0.1092420
v -0.0835957 1.5498411 0.1099515
v -0.0804418 1.5485984 0.1117345
v -0.0776114 1.5485818 0.1143148
v -0.0755456 1.5497914 0.1173033
v -0.0745458 1.5520284 0.1202415
v -0.1741764 1.6679540 0.0110819
v -0.1738235 1.6489479 0.0368541
v -0.1690375 1.6493456 0.0362074
v -0.1691552 1.6679871 0.0110443
v -0.1684788 1.6363379 0.0543138
v -0.1638766 1.6371996 0.0530268
v -0.1690375 1.6493456 0.0362074
v -0.1691552 1.6679871 0.0110443
v -0.1638766 1.6371996 0.0530268
v -0.1692360 1.6615247 0.0452292
v -0.1693904 1.6803486 0.0193504
v -0.1642663 1.6493622 0.0621616
v -0.1684788 1.6363379 0.0543138
v -0.1688832 1.6483679 0.0633356
v -0.1678319 1.6477383 0.0625697
v -0.1674569 1.6372824 0.0546842
v -0.1692360 1.6615247 0.0452292
v -0.1693904 1.6803486 0.0193504
v -0.1642663 1.6493622 0.0621616
v -0.1740294 1.6610111 0.0457817
v -0.1740073 1.6803154 0.0193943
v -0.1688832 1.6483679 0.0633356
v -0.1642663 1.6493622 0.0621616
v -0.1638766 1.6371996 0.0530268
v -0.1651999 1.6483514 0.0617096
v -0.1648397 1.6378955 0.0538304
v -0.1688832 1.6483679 0.0633356
v -0.1642663 1.6493622 0.0621616
v -0.1678319 1.6477383 0.0625697
v -0.1651999 1.6483514 0.0617096
v -0.1684788 1.6363379 0.0543138
v -0.1638766 1.6371996 0.0530268
v -0.1674569 1.6372824 0.0546842
v -0.1648397 1.6378955 0.0538304
v -0.1674569 1.6372824 0.0546842
v -0.1514816 1.6135538 0.0881221
v -0.1489085 1.6143658 0.0869292
v -0.1648397 1.6378955 0.0538304
v -0.1382044 1.6012587 0.1057576
v -0.1357857 1.6022529 0.1042697
v -0.1202882 1.5873065 0.1259547
v -0.1180827 1.5885493 0.1240963
v -0.0901241 1.5739343 0.1452853
v -0.0884552 1.5754256 0.1430126
v -0.0589748 1.5658977 0.1567557
v -0.0578720 1.5675547 0.1542569
v -0.0230763 1.5618877 0.1624249
v -0.0226205 1.5636276 0.1598194
v -0.0230763 1.5563367 0.1628330
v -0.0233630 1.5718962 0.1715974
v -0.0230763 1.5618877 0.1624249
v -0.0233630 1.5724761 0.1764819
v -0.0228998 1.5736526 0.1689543
v -0.0226205 1.5636276 0.1598194
v -0.0228998 1.5775632 0.1704422
v -0.0226205 1.5632133 0.1576409
v -0.1489085 1.6143658 0.0869292
v -0.1648397 1.6378955 0.0538304
v -0.1357857 1.6022529 0.1042697
v -0.1180827 1.5885493 0.1240963
v -0.0884552 1.5754256 0.1430126
v -0.0578720 1.5675547 0.1542569
v -0.0226205 1.5636276 0.1598194
v -0.1496731 1.6247884 0.0951097
v -0.1651999 1.6483514 0.0617096
v -0.1367193 1.6126259 0.1126386
v -0.1191413 1.5988394 0.1327226
v -0.0894110 1.5856163 0.1519026
v -0.0585557 1.5776460 0.1633101
v -0.0228998 1.5736526 0.1689543
v 0.1737295 1.6677883 0.0044396
v 0.1691641 1.6678214 0.0044396
v 0.1739648 1.6679540 0.0110819
v 0.1689436 1.6679871 0.0110443
v 0.1737883 1.6803154 0.0193943
v 0.1691715 1.6803486 0.0193504
v 0.1690171 1.6615247 0.0452292
v 0.1640547 1.6493622 0.0621616
v 0.1738104 1.6610111 0.0457817
v 0.1686642 1.6483679 0.0633356
v 0.1737369 1.6802988 0.0044961
v 0.1691715 1.6803320 0.0044961
v 0.1737883 1.6803154 0.0193943
v 0.1691715 1.6803486 0.0193504
v 0.1739648 1.6679540 0.0110819
v 0.1689436 1.6679871 0.0110443
v 0.1736046 1.6489479 0.0368541
v 0.1688186 1.6493456 0.0362074
v 0.1682598 1.6363379 0.0543138
v 0.1636577 1.6371996 0.0530268
v 0.1682598 1.6363379 0.0543138
v 0.1636577 1.6371996 0.0530268
v 0.1672380 1.6372824 0.0546842
v 0.1646207 1.6378955 0.0538304
v 0.1682598 1.6363379 0.0543138
v 0.1686642 1.6483679 0.0633356
v 0.1672380 1.6372824 0.0546842
v 0.1676129 1.6477383 0.0625697
v 0.1686642 1.6483679 0.0633356
v 0.1640547 1.6493622 0.0621616
v 0.1676129 1.6477383 0.0625697
v 0.1649810 1.6483514 0.0617096
v 0.1640547 1.6493622 0.0621616
v 0.1636577 1.6371996 0.0530268
v 0.1649810 1.6483514 0.0617096
v 0.1646207 1.6378955 0.0538304
v 0.1514685 1.6135538 0.0881221
v 0.1672380 1.6372824 0.0546842
v 0.1489027 1.6143658 0.0869292
v 0.1646207 1.6378955 0.0538304
v 0.1381986 1.6012587 0.1057576
v 0.1357725 1.6022529 0.1042697
v 0.1202751 1.5873065 0.1259547
v 0.1180696 1.5885493 0.1240963
v 0.0901110 1.5739343 0.1452853
v 0.0884421 1.5754256 0.1430126
v 0.0589617 1.5658977 0.1567557
v 0.0578663 1.5675547 0.1542569
v 0.0230632 1.5618877 0.1624249
v 0.0226074 1.5636276 0.1598194
v 0.1649810 1.6483514 0.0617096
v 0.1496600 1.6247884 0.0951097
v 0.1367062 1.6126259 0.1126386
v 0.1191356 1.5988394 0.1327226
v 0.0893978 1.5856163 0.1519026
v 0.0585426 1.5776460 0.1633101
v 0.0228867 1.5736526 0.1689543
v 0.1676129 1.6477383 0.0625697
v 0.1522698 1.6239765 0.0963089
v 0.1391764 1.6116317 0.1141516
v 0.1213852 1.5976132 0.1346123
v 0.0911108 1.5841084 0.1542067
v 0.0596748 1.5759724 0.1658465
v 0.0233499 1.5718962 0.1715974
v 0.0230632 1.5618877 0.1624249
v 0.0226074 1.5636276 0.1598194
v 0.0226074 1.5632133 0.1576409
v 0.0230632 1.5563367 0.1628330
v 0.0228867 1.5736526 0.1689543
v 0.0226074 1.5636276 0.1598194
v 0.0228867 1.5775632 0.1704422
v 0.0226074 1.5632133 0.1576409
v 0.0233499 1.5718962 0.1715974
v 0.0228867 1.5736526 0.1689543
v 0.0228867 1.5775632 0.1704422
v 0.0233499 1.5724761 0.1764819
v 0.1489027 1.6143658 0.0869292
v 0.1646207 1.6378955 0.0538304
v 0.1357725 1.6022529 0.1042697
v 0.1180696 1.5885493 0.1240963
v 0.0884421 1.5754256 0.1430126
v 0.0578663 1.5675547 0.1542569
v 0.0226074 1.5636276 0.1598194
v 0.1649810 1.6483514 0.0617096
v 0.1496600 1.6247884 0.0951097
v 0.1367062 1.6126259 0.1126386
v 0.1191356 1.5988394 0.1327226
v 0.0893978 1.5856163 0.1519026
v 0.0585426 1.5776460 0.1633101
v 0.0228867 1.5736526 0.1689543
v -0.0112694 1.5602473 0.1874688
v 0.0112563 1.5602473 0.1874688
v 0.0199240 1.5679690 0.1796272
v -0.0199297 1.5679690 0.1796272
v -0.0111518 1.5489132 0.1760487
v 0.0111387 1.5489132 0.1760487
v 0.0197181 1.5546465 0.1682072
v -0.0197313 1.5546465 0.1682072
v 0.0233499 1.5724761 0.1764819
v -0.0233630 1.5724761 0.1764819
v -0.0228998 1.5775632 0.1704422
v 0.0228867 1.5775632 0.1704422
v 0.0226074 1.5632133 0.1576409
v -0.0226205 1.5632133 0.1576409
v -0.0230763 1.5563367 0.1628330
v 0.0230632 1.5563367 0.1628330
v -0.0230763 1.5618877 0.1624249
v -0.0226205 1.5636276 0.1598194
v -0.0226205 1.5632133 0.1576409
v -0.0230763 1.5563367 0.1628330
v 0.1738104 1.6610111 0.0457817
v 0.1736046 1.6489479 0.0368541
v 0.1682598 1.6363379 0.0543138
v 0.1686642 1.6483679 0.0633356
v 0.1739648 1.6679540 0.0110819
v 0.1737883 1.6803154 0.0193943
v 0.1737295 1.6677883 0.0044396
v 0.1737369 1.6802988 0.0044961
v 0.1737516 1.6775316 0.0019848
v 0.1737442 1.6705555 0.0019534
v 0.1737295 1.6677883 0.0044396
v 0.1691641 1.6678214 0.0044396
v 0.1737442 1.6705555 0.0019534
v 0.1691494 1.6705887 0.0019534
v 0.1688186 1.6493456 0.0362074
v 0.1636577 1.6371996 0.0530268
v 0.1691715 1.6803486 0.0193504
v 0.1690171 1.6615247 0.0452292
v 0.1689436 1.6679871 0.0110443
v 0.1640547 1.6493622 0.0621616
v 0.1691715 1.6803320 0.0044961
v 0.1691641 1.6678214 0.0044396
v 0.1691494 1.6705887 0.0019534
v 0.1691568 1.6775647 0.0019848
v 0.1737369 1.6802988 0.0044961
v 0.1691715 1.6803320 0.0044961
v 0.1737516 1.6775316 0.0019848
v 0.1691568 1.6775647 0.0019848
v 0.0230632 1.5563367 0.1628330
v 0.0233499 1.5718962 0.1715974
v 0.0230632 1.5618877 0.1624249
v 0.0233499 1.5724761 0.1764819
v -0.0233630 1.5718962 0.1715974
v -0.0228998 1.5736526 0.1689543
v -0.0228998 1.5775632 0.1704422
v -0.0233630 1.5724761 0.1764819
v -0.0233630 1.5724761 0.1764819
v -0.0230763 1.5563367 0.1628330
v -0.0197313 1.5566349 0.1658968
v -0.0199297 1.5699409 0.1773231
v 0.0199240 1.5699409 0.1773231
v 0.0233499 1.5724761 0.1764819
v 0.0230632 1.5563367 0.1628330
v 0.0197181 1.5566349 0.1658968
v -0.0199297 1.5679690 0.1796272
v 0.0199240 1.5699409 0.1773231
v -0.0199297 1.5699409 0.1773231
v 0.0199240 1.5679690 0.1796272
v -0.0199297 1.5699409 0.1773231
v 0.0233499 1.5724761 0.1764819
v -0.0233630 1.5724761 0.1764819
v 0.0199240 1.5699409 0.1773231
v -0.0197313 1.5566349 0.1658968
v -0.0199297 1.5699409 0.1773231
v -0.0197313 1.5546465 0.1682072
v -0.0199297 1.5679690 0.1796272
v 0.0199240 1.5679690 0.1796272
v 0.0197181 1.5566349 0.1658968
v 0.0199240 1.5699409 0.1773231
v 0.0197181 1.5546465 0.1682072
v 0.0111387 1.5489132 0.1760487
v 0.0112563 1.5602473 0.1874688
v 0.0197181 1.5546465 0.1682072
v 0.0199240 1.5679690 0.1796272
v -0.0112694 1.5602473 0.1874688
v -0.0111518 1.5489132 0.1760487
v -0.0197313 1.5546465 0.1682072
v -0.0199297 1.5679690 0.1796272
v 0.0156379 1.5392693 0.1321199
v 0.0159540 1.5561047 0.1538991
v 0.0156379 1.5592199 0.1494918
v 0.0159540 1.5367175 0.1353343
v -0.0159598 1.5367175 0.1353343
v 0.0159540 1.5367175 0.1353343
v -0.0159598 1.5561047 0.1538991
v 0.0159540 1.5561047 0.1538991
v 0.0159540 1.5563367 0.1629083
v -0.0159598 1.5563367 0.1629083
v -0.0156510 1.5622357 0.1522353
v 0.0156379 1.5622357 0.1522353
v -0.0156510 1.5392693 0.1321199
v -0.0159598 1.5561047 0.1538991
v -0.0156510 1.5592199 0.1494918
v -0.0159598 1.5367175 0.1353343
v 0.0156379 1.5634950 0.1505402
v -0.0156510 1.5634950 0.1505402
v -0.0156510 1.5622357 0.1522353
v 0.0156379 1.5622357 0.1522353
v -0.0156510 1.5604627 0.1477966
v 0.0156379 1.5604627 0.1477966
v 0.0156379 1.5634950 0.1505402
v -0.0156510 1.5634950 0.1505402
v -0.0159598 1.5367175 0.1353343
v 0.0159540 1.5367175 0.1353343
v -0.0156510 1.5392693 0.1321199
v 0.0156379 1.5392693 0.1321199
v -0.0156510 1.5392693 0.1321199
v 0.0156379 1.5392693 0.1321199
v -0.0156510 1.5390539 0.1281772
v 0.0156379 1.5390539 0.1281772
v -0.0156510 1.5604627 0.1477966
v 0.0156379 1.5604627 0.1477966
v -0.0156510 1.5390539 0.1281772
v 0.0156379 1.5390539 0.1281772
v 0.1557693 1.6141338 0.0301489
v 0.1562471 1.6247719 0.0471817
v 0.1646943 1.6218224 0.0487890
v 0.1642237 1.6111843 0.0317499
v 0.1652530 1.6377795 0.0237388
v 0.1737001 1.6348300 0.0253461
v 0.1589967 1.6188066 0.0217361
v 0.1674512 1.6158405 0.0233433
v 0.1589967 1.6188066 0.0217361
v 0.1557693 1.6141338 0.0301489
v 0.1674512 1.6158405 0.0233433
v 0.1642237 1.6111843 0.0317499
v 0.1674512 1.6158405 0.0233433
v 0.1642237 1.6111843 0.0317499
v 0.1737001 1.6348300 0.0253461
v 0.1646943 1.6218224 0.0487890
v 0.1739795 1.6415741 0.0362388
v 0.1686936 1.6339187 0.0500007
v 0.1652530 1.6377795 0.0237388
v 0.1737001 1.6348300 0.0253461
v 0.1739795 1.6415741 0.0362388
v 0.1655324 1.6445236 0.0346316
v 0.1669659 1.6407788 0.0392586
v 0.1680319 1.6460481 0.0426112
v 0.1688039 1.6400165 0.0397044
v 0.1698625 1.6452693 0.0430569
v 0.1701125 1.6437283 0.0453485
v 0.1690538 1.6384589 0.0419896
v 0.1685319 1.6429329 0.0471880
v 0.1674659 1.6376801 0.0438354
v 0.1698625 1.6452693 0.0430569
v 0.1701125 1.6437283 0.0453485
v 0.1680319 1.6460481 0.0426112
v 0.1664440 1.6452693 0.0444507
v 0.1666939 1.6437117 0.0467423
v 0.1685319 1.6429329 0.0471880
v -0.1565617 1.6141338 0.0293265
v -0.1597891 1.6188066 0.0209136
v -0.1682436 1.6158405 0.0225209
v -0.1650088 1.6111843 0.0309337
v -0.1565617 1.6141338 0.0293265
v -0.1597891 1.6188066 0.0209136
v -0.1570395 1.6247719 0.0463593
v -0.1660454 1.6377795 0.0229164
v -0.1663248 1.6445236 0.0338091
v -0.1610389 1.6368847 0.0475710
v -0.1570395 1.6247719 0.0463593
v -0.1565617 1.6141338 0.0293265
v -0.1650088 1.6111843 0.0309337
v -0.1654867 1.6218224 0.0479665
v -0.1660454 1.6377795 0.0229164
v -0.1744925 1.6348300 0.0245236
v -0.1663248 1.6445236 0.0338091
v -0.1747719 1.6415741 0.0354163
v -0.1682436 1.6158405 0.0225209
v -0.1650088 1.6111843 0.0309337
v -0.1654867 1.6218224 0.0479665
v -0.1744925 1.6348300 0.0245236
v -0.1747719 1.6415741 0.0354163
v -0.1694860 1.6339187 0.0491782
v -0.1698462 1.6384589 0.0413618
v -0.1709049 1.6437283 0.0447144
v -0.1693243 1.6429329 0.0465539
v -0.1682583 1.6376801 0.0432013
v -0.1709049 1.6437283 0.0447144
v -0.1706549 1.6452693 0.0424228
v -0.1688243 1.6460481 0.0419771
v -0.1672364 1.6452693 0.0438229
v -0.1674863 1.6437117 0.0461082
v -0.1693243 1.6429329 0.0465539
v -0.1693243 1.6429329 0.0465539
v -0.1682583 1.6376801 0.0432013
v -0.1674863 1.6437117 0.0461082
v -0.1664277 1.6384589 0.0427556
v -0.1623622 1.6894291 0.0553058
v -0.1622004 1.6765374 0.0573776
v -0.1625680 1.7010448 0.0493540
v -0.1627812 1.7102579 0.0401062
v -0.1629944 1.7161569 0.0284663
v -0.1631856 1.7181785 0.0155646
v -0.1633326 1.7161072 0.0026754
v -0.1634208 1.7101585 -0.0089393
v -0.1634429 1.7009123 -0.0181558
v -0.1633988 1.6892634 -0.0240573
v -0.1632885 1.6763717 -0.0260726
v -0.1631194 1.6634800 -0.0240071
v -0.1629209 1.6518643 -0.0180553
v -0.1627004 1.6426512 -0.0088075
v -0.1624872 1.6367356 0.0028323
v -0.1622960 1.6347306 0.0157341
v -0.1621563 1.6368019 0.0286233
v -0.1620681 1.6427506 0.0402443
v -0.1620460 1.6519968 0.0494545
v -0.1620902 1.6636457 0.0553560
v -0.1754188 1.6781778 0.0294395
v -0.1752792 1.6737867 0.0301489
v -0.1755732 1.6821547 0.0273990
v -0.1757129 1.6852865 0.0242411
v -0.1758305 1.6873081 0.0202607
v -0.1759114 1.6880040 0.0158534
v -0.1759482 1.6872915 0.0114523
v -0.1759408 1.6852534 0.0074845
v -0.1758820 1.6821050 0.0043391
v -0.1757864 1.6781281 0.0023238
v -0.1756615 1.6737204 0.0016395
v -0.1755144 1.6693128 0.0023489
v -0.1753600 1.6653525 0.0043831
v -0.1752203 1.6622041 0.0075473
v -0.1751027 1.6601991 0.0115214
v -0.1750219 1.6595032 0.0159287
v -0.1749851 1.6602157 0.0203360
v -0.1749924 1.6622373 0.0243039
v -0.1750513 1.6654022 0.0274493
v -0.1751468 1.6693790 0.0294583
v -0.1592965 1.6619058 0.0662424
v -0.1592965 1.6619058 0.0394470
v -0.1630312 1.6619058 0.0394470
v -0.1630312 1.6619058 0.0662424
v -0.1592965 1.6619058 0.0394470
v -0.1592965 1.6919643 0.0394470
v -0.1630312 1.6919643 0.0394470
v -0.1630312 1.6619058 0.0394470
v -0.1592965 1.6919643 0.0662424
v -0.1592965 1.6919643 0.0394470
v -0.1630312 1.6919643 0.0662424
v -0.1630312 1.6919643 0.0394470
v -0.1592965 1.6919643 0.0662424
v -0.1592965 1.6619058 0.0662424
v -0.1630312 1.6919643 0.0662424
v -0.1630312 1.6619058 0.0662424
v 0.1623491 1.6894291 0.0553058
v 0.1621873 1.6765374 0.0573776
v 0.1625476 1.7010448 0.0493540
v 0.1627681 1.7102579 0.0401062
v 0.1629813 1.7161569 0.0284663
v 0.1631724 1.7181785 0.0155646
v 0.1633195 1.7161072 0.0026754
v 0.1634077 1.7101585 -0.0089393
v 0.1634298 1.7009123 -0.0181558
v 0.1633783 1.6892634 -0.0240573
v 0.1632680 1.6763717 -0.0260726
v 0.1631063 1.6634800 -0.0240071
v 0.1629078 1.6518643 -0.0180553
v 0.1626872 1.6426512 -0.0088075
v 0.1624740 1.6367356 0.0028323
v 0.1622829 1.6347306 0.0157341
v 0.1621359 1.6368019 0.0286233
v 0.1620476 1.6427506 0.0402443
v 0.1620256 1.6519968 0.0494545
v 0.1620770 1.6636457 0.0553560
v 0.1752587 1.6737867 0.0301489
v 0.1754057 1.6781778 0.0294395
v 0.1755601 1.6821547 0.0273990
v 0.1756998 1.6852865 0.0242411
v 0.1758174 1.6873081 0.0202607
v 0.1758983 1.6880040 0.0158534
v 0.1759351 1.6872915 0.0114523
v 0.1759203 1.6852534 0.0074845
v 0.1758689 1.6821050 0.0043391
v 0.1757733 1.6781281 0.0023238
v 0.1756410 1.6737204 0.0016395
v 0.1754939 1.6693128 0.0023489
v 0.1753469 1.6653525 0.0043831
v 0.1752072 1.6622041 0.0075473
v 0.1750896 1.6601991 0.0115214
v 0.1750087 1.6595032 0.0159287
v 0.1749720 1.6602157 0.0203360
v 0.1749793 1.6622373 0.0243039
v 0.1750381 1.6654022 0.0274493
v 0.1751337 1.6693790 0.0294583
v 0.1598715 1.6619058 0.0662424
v 0.1598715 1.6919643 0.0662424
v 0.1636062 1.6619058 0.0662424
v 0.1636062 1.6919643 0.0662424
v 0.1598715 1.6619058 0.0662424
v 0.1598715 1.6619058 0.0394407
v 0.1636062 1.6619058 0.0662424
v 0.1636062 1.6619058 0.0394407
v 0.1598715 1.6919643 0.0394407
v 0.1598715 1.6619058 0.0394407
v 0.1636062 1.6619058 0.0394407
v 0.1636062 1.6919643 0.0394407
v 0.1598715 1.6919643 0.0662424
v 0.1598715 1.6919643 0.0394407
v 0.1636062 1.6919643 0.0394407
v 0.1636062 1.6919643 0.0662424
v -0.1902032 1.4474700 -0.1645641
v -0.0784495 1.4724414 -0.1654116
v -0.0762734 1.4394003 -0.1775286
v -0.0203414 1.4675863 -0.1660960
v -0.0203414 1.4348435 -0.1757393
v 0.1904768 1.4473706 -0.1645704
v 0.0783776 1.4731042 -0.1681364
v 0.0760986 1.4390358 -0.1775726
v 0.0203283 1.4348435 -0.1757456
v 0.0202916 1.4675035 -0.1661085
v -0.1896959 1.4452165 -0.1594662
v -0.0781996 1.4704033 -0.1602007
v -0.0761705 1.4375444 -0.1722423
v -0.0204370 1.4332196 -0.1703777
v -0.0204664 1.4659293 -0.1607406
v 0.1896828 1.4452165 -0.1594662
v 0.0761500 1.4375279 -0.1721796
v 0.0782894 1.4714141 -0.1627999
v 0.0204460 1.4659293 -0.1607344
v 0.0204239 1.4332196 -0.1703840
v -0.1521359 1.4812402 -0.1496596
v -0.1923131 1.4818368 -0.1438522
v -0.1473867 1.4486797 -0.1681176
v 0.1925941 1.4818533 -0.1437769
v 0.1527845 1.4828310 -0.1518821
v 0.1479250 1.4496242 -0.1707105
v -0.1916368 1.4782244 -0.1396207
v -0.1515037 1.4780753 -0.1450765
v -0.1468059 1.4463764 -0.1630510
v 0.1518875 1.4796661 -0.1473492
v 0.1916236 1.4782244 -0.1396207
v 0.1471310 1.4474700 -0.1656063
v -0.2022968 1.1482773 0.0025373
v -0.1927028 1.1180531 0.0411672
v -0.1987018 1.1073487 0.0040566
v -0.2048184 1.0693365 0.0265389
v -0.1938790 1.0937280 0.0583444
v -0.1832117 1.0079603 0.1413866
v -0.1989591 1.0564283 0.1037549
v -0.2198159 1.0262870 0.0847444
v -0.2134493 0.9864686 0.1252766
v -0.1919382 0.9436014 0.1585952
v -0.1392704 0.8673118 0.1673094
v -0.1151420 0.8962601 0.1739392
v -0.1614211 0.9657558 0.1693561
v -0.0509467 0.8303270 0.1423911
v -0.0770380 0.8047757 0.1373685
v -0.0309941 0.7749492 0.1054876
v -0.0054836 0.7957614 0.1045773
v -0.1884902 1.0927006 0.0569632
v -0.1871154 1.1175892 0.0402380
v -0.1931071 1.1070008 0.0043893
v -0.1994443 1.0681103 0.0252268
v -0.2099940 0.9842482 0.1214720
v -0.2152726 1.0240997 0.0822519
v -0.1941511 1.0545890 0.1015261
v -0.1795285 1.0062038 0.1375568
v -0.1144656 0.8966578 0.1686780
v -0.1588333 0.9647782 0.1644842
v -0.1389910 0.8678587 0.1622303
v -0.1894827 0.9423254 0.1537296
v -0.0782437 0.8068469 0.1325970
v -0.0522185 0.8324149 0.1375882
v -0.0086007 0.7990755 0.1013252
v -0.0338539 0.7782632 0.1019970
v -0.2003633 1.1489567 0.0391833
v 0.0016990 0.7848748 0.0439233
v -0.0191799 0.7608645 0.0466983
v -0.1947686 1.1497355 0.0383420
v -0.0233851 0.7645596 0.0467988
v -0.0025061 0.7884042 0.0428372
v 0.2022837 1.1482607 0.0025498
v 0.1931160 1.1095526 0.0441494
v 0.1912708 1.0739928 0.0604288
v 0.2012544 1.0555169 0.0263317
v 0.1988136 1.1051780 0.0049418
v 0.1890579 0.9719696 0.1520595
v 0.2141199 0.9464183 0.1332437
v 0.2306907 0.9886725 0.0984749
v 0.2166269 1.0200400 0.1213465
v 0.1823605 0.9056554 0.1604347
v 0.1573352 0.9326153 0.1740333
v 0.0930663 0.8726806 0.1515510
v 0.1167977 0.8444946 0.1439857
v 0.0465005 0.8276095 0.1375631
v 0.0727682 0.8020913 0.1327414
v 0.0055219 0.7957117 0.1045334
v 0.0312236 0.7751315 0.1052114
v 0.1958362 1.0549370 0.0249129
v 0.1932116 1.1048963 0.0052683
v 0.1875214 1.1093869 0.0431888
v 0.1858231 1.0736614 0.0589409
v 0.2115983 1.0196589 0.1188854
v 0.1851909 0.9716217 0.1480226
v 0.2103779 0.9455732 0.1291691
v 0.2258459 0.9879268 0.0956999
v 0.1161140 0.8452237 0.1384672
v 0.1798315 0.9056057 0.1554372
v 0.1547547 0.9328970 0.1690735
v 0.0922135 0.8735588 0.1460952
v 0.0474268 0.8295482 0.1324024
v 0.0735769 0.8039803 0.1275368
v 0.0340614 0.7785118 0.1017521
v 0.0086023 0.7990921 0.1013063
v 0.2006663 1.1476642 0.0399429
v 0.0201078 0.7615438 0.0464032
v -0.0012122 0.7852393 0.0437036
v 0.1950643 1.1485258 0.0390703
v 0.0031400 0.7886196 0.0439045
v 0.0242247 0.7653053 0.0468302
v 0.1855364 0.9653250 0.1611128
v 0.1855364 0.9653250 0.1611128
v 0.1809342 0.9610333 0.1660537
v 0.1938512 0.9790120 0.1512873
v 0.1938512 0.9790120 0.1512873
v 0.1961964 0.9860047 0.1481043
v 0.1789199 0.9607019 0.1638877
v 0.1835220 0.9649936 0.1589530
v 0.1918442 0.9786806 0.1491213
v 0.1941968 0.9856733 0.1459446
v 0.1864627 0.9725662 0.1582750
v 0.1892049 0.9737758 0.1600894
v 0.1907120 0.9763111 0.1582122
v 0.1889035 0.9766756 0.1552363
v 0.1862716 0.9743723 0.1552740
v 0.2137965 0.9412152 0.1377389
v 0.2165387 0.9424083 0.1395533
v 0.2180458 0.9449601 0.1376761
v 0.2162372 0.9453247 0.1347002
v 0.2136127 0.9430214 0.1347379
v 0.1939762 0.9787800 0.1521600
v 0.1917707 0.9784155 0.1497805
v 0.1875140 0.9746872 0.1498057
v 0.1941526 0.9757974 0.1569566
v 0.1836176 0.9649936 0.1594176
v 0.1834412 0.9679762 0.1546273
v 0.1900798 0.9690864 0.1617720
v 0.1858231 0.9653581 0.1617971
v 0.1850438 0.9712571 0.1517456
v 0.1925500 0.9725165 0.1598320
v 0.2066212 0.9386137 0.1421337
v 0.2064447 0.9415964 0.1373434
v 0.2088340 0.9389782 0.1445194
v 0.2130833 0.9427066 0.1444943
v 0.2169724 0.9524002 0.1348823
v 0.2147669 0.9520190 0.1325029
v 0.2080474 0.9448773 0.1344680
v 0.2105176 0.9483073 0.1325280
v 0.2155535 0.9461200 0.1425543
v 0.2171562 0.9494175 0.1396726
v -0.1778449 0.9974547 0.1569503
v -0.1813296 1.0019784 0.1513438
v -0.1862626 1.0157317 0.1395408
v -0.1869317 1.0225752 0.1353971
v -0.1759629 0.9963777 0.1549161
v -0.1794476 1.0009013 0.1493097
v -0.1794476 1.0009013 0.1493097
v -0.1850643 1.0215147 0.1333630
v -0.1843806 1.0146547 0.1375066
v -0.1843806 1.0146547 0.1375066
v -0.1805651 1.0087888 0.1475455
v -0.1829617 1.0108104 0.1490962
v -0.1838366 1.0133456 0.1468612
v -0.1819913 1.0128982 0.1439230
v -0.1799622 1.0100813 0.1443499
v -0.2167356 0.9840162 0.1319692
v -0.2143389 0.9819781 0.1304185
v -0.2176104 0.9865515 0.1297279
v -0.2157578 0.9861041 0.1267960
v -0.2137361 0.9832706 0.1272166
v -0.1805651 1.0087888 0.1475455
v -0.1829617 1.0108104 0.1490962
v -0.2167356 0.9840162 0.1319692
v -0.2143389 0.9819781 0.1304185
v -0.1838366 1.0133456 0.1468612
v -0.2176104 0.9865515 0.1297279
v -0.1819913 1.0128982 0.1439230
v -0.2157578 0.9861041 0.1267960
v -0.1799622 1.0100813 0.1443499
v -0.2137361 0.9832706 0.1272166
v -0.1799622 1.0100813 0.1443499
v -0.2137361 0.9832706 0.1272166
v -0.2079576 0.9784486 0.1353532
v -0.2070901 0.9806359 0.1302176
v -0.2133097 0.9841654 0.1369416
v -0.2100234 0.9796251 0.1375945
v -0.2127877 0.9919203 0.1237824
v -0.2148609 0.9930967 0.1260237
v -0.2078914 0.9837677 0.1268839
v -0.2095015 0.9873800 0.1244353
v -0.2157210 0.9909095 0.1311593
v -0.2149197 0.9877777 0.1344868
v -0.1864464 1.0156654 0.1404323
v -0.1843733 1.0144724 0.1381972
v -0.1873066 1.0134616 0.1455679
v -0.1810870 1.0099321 0.1388439
v -0.1786683 1.0031880 0.1446324
v -0.1795358 1.0009842 0.1497680
v -0.1848879 1.0067175 0.1513564
v -0.1816016 1.0021772 0.1520030
v -0.1794696 1.0063198 0.1412987
v -0.1864979 1.0103298 0.1489016
v -0.0093580 1.4458130 0.1266076
v -0.0092109 1.4840075 0.1168701
v -0.0169523 1.4859130 0.1161983
v -0.0171140 1.4438743 0.1269215
v 0.0094184 1.4458627 0.1270408
v 0.0171597 1.4439406 0.1277126
v 0.0095654 1.4840406 0.1173033
v 0.0173215 1.4859793 0.1169956
v -0.0168861 1.4851840 0.1133166
v -0.0091448 1.4832618 0.1139946
v -0.0092918 1.4450839 0.1237259
v -0.0170479 1.4431452 0.1240398
v 0.0094845 1.4451170 0.1241654
v 0.0172259 1.4432115 0.1248309
v 0.0096316 1.4833115 0.1144278
v 0.0173950 1.4852502 0.1141139
v 0.0095654 1.4840406 0.1173033
v 0.0173215 1.4859793 0.1169956
v -0.0168861 1.4851840 0.1133166
v -0.0170479 1.4431452 0.1240398
v 0.0172259 1.4432115 0.1248309
v 0.0096316 1.4833115 0.1144278
v 0.0173950 1.4852502 0.1141139
v 0.0173950 1.4852502 0.1141139
v 0.0173950 1.4852502 0.1141139
v -0.0025503 1.4875535 0.1156458
v -0.0014843 1.4883654 0.1188728
v 0.0020152 1.4883654 0.1188979
v 0.0031179 1.4875369 0.1156772
v 0.0002949 1.4870398 0.1136682
v -0.0027267 1.4425984 0.1271036
v -0.0016607 1.4434103 0.1303369
v 0.0018387 1.4434103 0.1303620
v 0.0029415 1.4425818 0.1271413
v 0.0001184 1.4420847 0.1251322
v -0.0025503 1.4875535 0.1156458
v -0.0027267 1.4425984 0.1271036
v -0.0016607 1.4434103 0.1303369
v -0.0014843 1.4883654 0.1188728
v 0.0018387 1.4434103 0.1303620
v 0.0020152 1.4883654 0.1188979
v 0.0029415 1.4425818 0.1271413
v 0.0031179 1.4875369 0.1156772
v 0.0001184 1.4420847 0.1251322
v 0.0002949 1.4870398 0.1136682
v 0.0001184 1.4420847 0.1251322
v 0.0002949 1.4870398 0.1136682
v -0.0090786 1.4451502 0.1234371
v -0.0044029 1.4443548 0.1203733
v -0.0091595 1.4459621 0.1266013
v -0.0046308 1.4467741 0.1298848
v 0.0092566 1.4459953 0.1270282
v 0.0093301 1.4451833 0.1238640
v 0.0002140 1.4442057 0.1198585
v 0.0048015 1.4443714 0.1205805
v -0.0000433 1.4469398 0.1306131
v 0.0045809 1.4467906 0.1300920
v -0.0090786 1.4451502 0.1234371
v -0.0089316 1.4829801 0.1137875
v -0.0042559 1.4821847 0.1107237
v -0.0044029 1.4443548 0.1203733
v -0.0044838 1.4846040 0.1202352
v -0.0090051 1.4837920 0.1169580
v -0.0091595 1.4459621 0.1266013
v -0.0046308 1.4467741 0.1298848
v 0.0092566 1.4459953 0.1270282
v 0.0093301 1.4451833 0.1238640
v 0.0002140 1.4442057 0.1198585
v 0.0003610 1.4820356 0.1102089
v 0.0048015 1.4443714 0.1205805
v 0.0001111 1.4847697 0.1209635
v -0.0000433 1.4469398 0.1306131
v 0.0045809 1.4467906 0.1300920
v 0.0094037 1.4838252 0.1173849
v 0.0094772 1.4830132 0.1142144
v 0.0049485 1.4822013 0.1109372
v 0.0047280 1.4846206 0.1204487
v 0.0002140 1.4442057 0.1198585
v 0.0003610 1.4820356 0.1102089
v 0.0094037 1.4838252 0.1173849
v 0.0094772 1.4830132 0.1142144
v 0.0049485 1.4822013 0.1109372
v 0.0047280 1.4846206 0.1204487
v -0.0089316 1.4829801 0.1137875
v -0.0042559 1.4821847 0.1107237
v -0.0044838 1.4846040 0.1202352
v -0.0090051 1.4837920 0.1169580
v 0.0003610 1.4820356 0.1102089
v 0.0001111 1.4847697 0.1209635
v -0.0216942 1.6179946 -0.1791170
v -0.0468591 1.6177295 -0.1349057
v 0.0216810 1.6180278 -0.1791233
v 0.0468240 1.6177461 -0.1348806
v -0.1260520 1.5717305 0.0684084
v -0.1442696 1.5841084 0.0323526
v -0.1280663 1.5560218 0.0267775
v -0.1112235 1.5469745 0.0602530
v -0.0972332 1.5609101 0.0991152
v -0.0867570 1.5399487 0.0861319
v -0.0653561 1.5537020 0.1198836
v -0.0576441 1.5352096 0.1038365
v -0.1505626 1.5951608 -0.0009911
v -0.1338448 1.5653509 -0.0076711
v -0.1438138 1.5942826 -0.0343913
v -0.1320510 1.5736360 -0.0378129
v -0.0951379 1.5899080 -0.1011916
v -0.1200236 1.5827165 -0.0704158
v -0.1311688 1.6054012 -0.0715961
v -0.1033792 1.6127419 -0.1072627
v -0.1537827 1.6181769 -0.0297517
v -0.0703847 1.6186409 -0.1316034
v -0.0624080 1.5944317 -0.1225753
v -0.0353831 1.6209276 -0.1450639
v -0.0300604 1.5956413 -0.1325765
v -0.0392501 1.7395707 -0.1499735
v -0.0745163 1.7359087 -0.1349434
v -0.0700465 1.7619405 -0.1257207
v -0.0385443 1.7657351 -0.1386036
v -0.0928369 1.7804164 -0.0928667
v -0.0680468 1.7960256 -0.0985234
v -0.0687085 1.7795547 -0.1139050
v -0.0974317 1.7585768 -0.1056806
v -0.1058862 1.7307553 -0.1114565
v -0.0796920 1.6795200 -0.1405624
v -0.1135908 1.6751123 -0.1132396
v -0.1119367 1.7032652 -0.1127687
v -0.0793244 1.7080540 -0.1388547
v -0.1420493 1.6696607 -0.0759720
v -0.1109221 1.6435626 -0.1119211
v -0.1401158 1.6358242 -0.0723495
v -0.0778908 1.6496438 -0.1378879
v -0.1375648 1.7001169 -0.0812018
v -0.1292132 1.7306062 -0.0838323
v -0.1147009 1.7596870 -0.0858728
v -0.1598773 1.6415244 -0.0248484
v -0.0263772 1.5325749 0.1138754
v -0.0310750 1.5497251 0.1314293
v -0.0366035 1.8064980 -0.1051218
v -0.0712081 1.8087515 -0.0791802
v -0.0357580 1.8218421 -0.0841023
v -0.1014457 1.7891821 -0.0724248
v -0.1244272 1.7665968 -0.0645644
v -0.1430786 1.7365880 -0.0552978
v -0.1547605 1.7027681 -0.0446374
v -0.1594950 1.6731902 -0.0350944
v -0.0349934 1.5696592 0.1458818
v -0.0710316 1.5750279 0.1325656
v -0.1052172 1.5849370 0.1094367
v -0.1371972 1.5989720 0.0747243
v -0.1558191 1.6146640 0.0371429
v -0.1613403 1.6274728 0.0061410
v -0.1327420 1.6016066 0.0727781
v -0.1018648 1.5878368 0.1063101
v -0.0695980 1.5785243 0.1291754
v -0.1504230 1.6172490 0.0358370
v -0.1416965 1.6262466 0.0726023
v -0.1536651 1.6368019 0.0445951
v -0.1553045 1.6293453 0.0062226
v -0.1566793 1.6671752 0.0494921
v -0.1471882 1.6624030 0.0768589
v -0.1459237 1.6978799 0.0826475
v -0.1553266 1.7044252 0.0526312
v -0.1377927 1.7325780 0.0875131
v -0.1458649 1.7425533 0.0569507
v -0.1206558 1.7645255 0.0928496
v -0.1261108 1.7768869 0.0630970
v -0.0966304 1.7879393 0.0989708
v -0.1010414 1.8017589 0.0675106
v -0.0667456 1.8037473 0.1058895
v -0.0671646 1.8218752 0.0716731
v -0.0349934 1.8169041 -0.0795255
v -0.0682453 1.8042776 -0.0750114
v -0.0970273 1.7862988 -0.0688462
v -0.1194575 1.7641444 -0.0615383
v -0.1372707 1.7348979 -0.0523156
v -0.1487394 1.7014591 -0.0418749
v -0.1601861 1.6724445 0.0237012
v -0.1583040 1.7075072 0.0274555
v -0.1489232 1.7463645 0.0291883
v -0.1433432 1.7422882 -0.0289418
v -0.1261623 1.7742357 -0.0353142
v -0.1293897 1.7827362 0.0312915
v -0.1302498 1.7814438 -0.0020710
v -0.1477984 1.7465136 -0.0002503
v -0.1045261 1.8090332 0.0320826
v -0.1057686 1.8077242 -0.0046262
v -0.1030999 1.7990579 -0.0396148
v -0.0698774 1.8297792 -0.0075330
v -0.0697157 1.8192405 -0.0449073
v -0.0688923 1.8308397 0.0328799
v -0.1537165 1.7053034 -0.0226949
v -0.1572160 1.7079712 0.0003713
v -0.1597964 1.6747975 0.0020789
v -0.1585907 1.6481028 0.0133358
v -0.1538195 1.6425518 -0.0233479
v -0.1581864 1.6555097 -0.0068361
v -0.1572454 1.6748472 -0.0172141
v -0.1535769 1.6722126 -0.0326899
v -0.1215233 1.6115654 0.0978910
v -0.0000066 1.5485321 0.1347002
v -0.0000066 1.5318458 0.1169956
v -0.0000066 1.5675050 0.1496236
v -0.0344127 1.5730064 0.1426736
v -0.0001830 1.5711505 0.1467796
v -0.0000066 1.5784083 0.1431256
v -0.0345817 1.5799493 0.1386179
v -0.0609892 1.5803470 0.1355478
v -0.0590851 1.5856660 0.1314042
v -0.0830149 1.5908194 0.1265825
v -0.0801551 1.5952934 0.1220810
v -0.1212513 1.6355426 0.1095811
v -0.1062611 1.6103723 0.1155893
v -0.1012252 1.6134544 0.1116591
v -0.1157743 1.6377795 0.1060778
v -0.1306027 1.6636789 0.1070384
v -0.1240891 1.6654187 0.1040688
v -0.1319775 1.6919477 0.1074339
v -0.1253021 1.6918649 0.1043073
v -0.1252653 1.7224702 0.1120923
v -0.1178989 1.7199846 0.1087084
v -0.1102311 1.7481375 0.1190298
v -0.1036439 1.7437795 0.1144718
v -0.0891830 1.7667294 0.1264758
v -0.0847279 1.7598693 0.1215662
v -0.0293179 1.7883038 0.1371550
v -0.0318616 1.8136398 0.1088088
v -0.0617979 1.7798861 0.1335074
v -0.0599820 1.7718993 0.1279574
v -0.0272447 1.7801181 0.1316114
v -0.0000066 1.7904414 0.1379963
v -0.0000066 1.7825208 0.1321701
v -0.0335231 1.8330767 0.0736068
v -0.0344127 1.8420578 0.0326539
v -0.0348685 1.8414115 -0.0090398
v -0.0000066 1.8453884 0.0324028
v -0.0348391 1.8317511 -0.0483415
v -0.0000066 1.8360759 -0.0491702
v 0.0000228 1.8217592 -0.0805928
v -0.0000066 1.8266474 -0.0846548
v -0.0374857 1.7861663 -0.1249610
v -0.0000066 1.7913362 -0.1274095
v -0.0000066 1.7684692 -0.1432181
v -0.0390148 1.7118818 -0.1564652
v -0.0399338 1.6832152 -0.1584805
v -0.0388090 1.6523282 -0.1548517
v -0.0000066 1.6549132 -0.1608160
v -0.0000066 1.5971492 -0.1377749
v -0.0000066 1.6226012 -0.1499546
v -0.0000066 1.8168710 0.1090286
v -0.0000066 1.8359102 0.0738579
v -0.0000066 1.8450404 -0.0111618
v -0.0000066 1.8110548 -0.1069990
v -0.0000066 1.7417580 -0.1549144
v -0.0000066 1.7129257 -0.1617012
v -0.0000066 1.6842923 -0.1640179
v -0.1732721 1.6988907 0.0065428
v -0.1747278 1.6876229 0.0039499
v -0.1712651 1.6924946 -0.0173145
v -0.1673246 1.7079380 -0.0114883
v -0.1710078 1.6749301 -0.0206796
v -0.1751101 1.6722291 0.0014888
v -0.1727575 1.6594203 0.0004529
v -0.1653690 1.6584592 -0.0191729
v -0.1583922 1.6575644 -0.0378192
v -0.1656778 1.6744661 -0.0414166
v -0.1680524 1.6993381 -0.0317105
v -0.1638472 1.7133565 -0.0201146
v -0.1577453 1.6721297 -0.0578530
v -0.1507979 1.6567359 -0.0540421
v -0.1416818 1.6570342 -0.0691287
v -0.1512611 1.6735547 -0.0696184
v -0.1604066 1.6857836 -0.0661403
v -0.1654425 1.6855350 -0.0547892
v -0.1443284 1.6760569 -0.0788914
v -0.1341389 1.6615413 -0.0808690
v -0.1528270 1.6885508 -0.0779371
v -0.1269415 1.6714503 -0.0913662
v -0.1392410 1.6828175 -0.0858665
v -0.1208984 1.6870595 -0.0982534
v -0.1359842 1.6923123 -0.0897527
v -0.1469015 1.6927431 -0.0838323
v -0.1187738 1.7033647 -0.0989691
v -0.1345579 1.7030830 -0.0897401
v -0.1466736 1.7023042 -0.0838072
v -0.1333228 1.7123623 -0.0872728
v -0.1196633 1.7179465 -0.0941286
v -0.1582231 1.7227022 -0.0280691
v -0.1618696 1.7123126 -0.0397341
v -0.1567087 1.7204817 -0.0475505
v -0.1512684 1.7335722 -0.0377878
v -0.1513346 1.7257677 -0.0549023
v -0.1449312 1.7392559 -0.0477514
v -0.1232216 1.7301422 -0.0849185
v -0.1350652 1.7217576 -0.0805739
v -0.1457179 1.7136216 -0.0789479
v -0.1297352 1.7385102 -0.0723181
v -0.1394762 1.7266790 -0.0724248
v -0.1379324 1.7411614 -0.0588952
v -0.1461296 1.7274578 -0.0629384
v -0.1510699 1.7170020 -0.0705978
v -0.1615535 1.7103242 -0.0553794
v -0.1561353 1.6977142 -0.0769326
v -0.1560176 1.7073912 -0.0737683
v -0.1574806 1.7151461 -0.0610110
v -0.1625827 1.7048560 -0.0623608
v -0.1634282 1.6951955 -0.0647967
v -0.1655602 1.7018568 -0.0501371
v -0.1670820 1.6928757 -0.0529686
v -0.1804474 1.6882029 0.0031525
v -0.1788742 1.7001335 0.0057329
v -0.1727722 1.7097773 -0.0122480
v -0.1782125 1.6580615 -0.0009974
v -0.1808003 1.6718811 0.0004403
v -0.1705373 1.6564045 -0.0208366
v -0.1632664 1.6550458 -0.0396964
v -0.1691405 1.7156267 -0.0208240
v -0.1553633 1.6540847 -0.0564530
v -0.1458649 1.6545486 -0.0722804
v -0.1379177 1.6594037 -0.0847176
v -0.1302498 1.6700253 -0.0959116
v -0.1238391 1.6866618 -0.1032321
v -0.1216777 1.7042263 -0.1039164
v -0.1227216 1.7198024 -0.0986929
v -0.1633694 1.7252871 -0.0287472
v -0.1562088 1.7364058 -0.0388551
v -0.1494966 1.7423711 -0.0495281
v -0.1265078 1.7327603 -0.0889177
v -0.1333817 1.7415425 -0.0756518
v -0.1420199 1.7443761 -0.0614756
v 0.1712520 1.6925111 -0.0173208
v 0.1747147 1.6876726 0.0039812
v 0.1732884 1.6989073 0.0065867
v 0.1672674 1.7079878 -0.0114381
v 0.1709800 1.6749964 -0.0206796
v 0.1749646 1.6722623 0.0015327
v 0.1653486 1.6584427 -0.0191791
v 0.1727076 1.6593872 0.0004341
v 0.1638194 1.7133400 -0.0201334
v 0.1680761 1.6993546 -0.0317230
v 0.1582027 1.7227353 -0.0280314
v 0.1619080 1.7123126 -0.0397341
v 0.1514023 1.7335722 -0.0378192
v 0.1567323 1.7205149 -0.0475505
v 0.1448813 1.7392724 -0.0476823
v 0.1513362 1.7257677 -0.0548834
v 0.1378678 1.7411449 -0.0588889
v 0.1459179 1.7276235 -0.0630326
v 0.1298029 1.7386096 -0.0724248
v 0.1393602 1.7267950 -0.0724248
v 0.1232231 1.7301422 -0.0848871
v 0.1349050 1.7218074 -0.0806555
v 0.1196723 1.7179299 -0.0941161
v 0.1332950 1.7123789 -0.0872602
v 0.1187827 1.7033647 -0.0989691
v 0.1345081 1.7029504 -0.0897527
v 0.1209074 1.6870761 -0.0982346
v 0.1359490 1.6921797 -0.0897025
v 0.1391985 1.6828341 -0.0858225
v 0.1269284 1.6714669 -0.0913285
v 0.1416319 1.6570839 -0.0691287
v 0.1512773 1.6734885 -0.0694615
v 0.1442785 1.6760734 -0.0788600
v 0.1341772 1.6615082 -0.0809192
v 0.1507774 1.6567359 -0.0540421
v 0.1576954 1.6721463 -0.0578405
v 0.1657897 1.6747478 -0.0413790
v 0.1583718 1.6575810 -0.0378129
v 0.1615624 1.7103573 -0.0553794
v 0.1655618 1.7018733 -0.0501371
v 0.1670689 1.6928757 -0.0529560
v 0.1654147 1.6855516 -0.0547579
v 0.1575925 1.7151461 -0.0607159
v 0.1511156 1.7169523 -0.0706229
v 0.1603641 1.6858002 -0.0661152
v 0.1526227 1.6883354 -0.0779685
v 0.1469251 1.6927100 -0.0837444
v 0.1466825 1.7022379 -0.0837696
v 0.1457709 1.7136382 -0.0788788
v 0.1634151 1.6951789 -0.0647591
v 0.1625770 1.7048560 -0.0623545
v 0.1561074 1.6977473 -0.0769074
v 0.1559972 1.7073912 -0.0737621
v 0.1788978 1.7001500 0.0057705
v 0.1804343 1.6882194 0.0031714
v 0.1727076 1.7098436 -0.0121977
v 0.1806622 1.6719143 0.0004968
v 0.1781700 1.6580781 -0.0009974
v 0.1705242 1.6564045 -0.0208366
v 0.1691053 1.7156267 -0.0208178
v 0.1633562 1.7253203 -0.0286969
v 0.1563353 1.7364058 -0.0389053
v 0.1494174 1.7424042 -0.0494841
v 0.1419701 1.7443595 -0.0614567
v 0.1334862 1.7416254 -0.0757460
v 0.1264947 1.7327437 -0.0889051
v 0.1227379 1.7197858 -0.0986741
v 0.1217013 1.7042097 -0.1039101
v 0.1238627 1.6866784 -0.1032132
v 0.1302440 1.6700584 -0.0958803
v 0.1458224 1.6545984 -0.0722678
v 0.1379854 1.6594037 -0.0847552
v 0.1553429 1.6541013 -0.0564467
v 0.1632533 1.6550623 -0.0396964
v -0.1544811 1.7131080 0.0411923
v -0.1533931 1.6930745 0.0616531
v -0.1558559 1.6797355 0.0496930
v -0.1569145 1.6988078 0.0274744
v -0.1560911 1.7157758 0.0092675
v -0.1553560 1.7282366 0.0136748
v -0.1534960 1.7399518 0.0215854
v -0.1506582 1.7482369 0.0324970
v -0.1493055 1.7290320 0.0579050
v -0.0507041 1.7830511 0.1352967
v -0.0764719 1.7777320 0.1283906
v -0.0751412 1.7904248 0.1211079
v -0.0493514 1.7952965 0.1286041
v -0.0517113 1.7703748 0.1411103
v -0.0771703 1.7641941 0.1348635
v -0.0276711 1.7857354 0.1389443
v -0.0272006 1.7982957 0.1329423
v -0.0280314 1.7725952 0.1440988
v -0.1427478 1.7595213 0.0548663
v -0.1416376 1.7422882 0.0741970
v -0.1454091 1.7125114 0.0798160
v -0.1375354 1.7253037 0.0926738
v -0.0958952 1.7572843 0.1268462
v -0.1098120 1.7502585 0.1191177
v -0.1101943 1.7648901 0.1110376
v -0.0955864 1.7721147 0.1195446
v -0.0937779 1.7841944 0.1120861
v -0.1091062 1.7780966 0.1017772
v -0.1224643 1.7580465 0.1011494
v -0.1210675 1.7427853 0.1113515
v -0.1290588 1.7357264 0.1036418
v -0.1315217 1.7520647 0.0900118
v -0.1219424 1.7721810 0.0896351
v -0.1323598 1.7668288 0.0749943
v 0.1560780 1.7158089 0.0094182
v 0.1568647 1.6988410 0.0274555
v 0.1543724 1.7134891 0.0412237
v 0.1553429 1.7281703 0.0137062
v 0.1534388 1.6930911 0.0616719
v 0.1558354 1.6797355 0.0496993
v 0.1454548 1.7124452 0.0799039
v 0.1492556 1.7290154 0.0578987
v 0.1375076 1.7252540 0.0927115
v 0.1415216 1.7423876 0.0743351
v 0.1315085 1.7520647 0.0900118
v 0.1290457 1.7356932 0.1036670
v 0.1098136 1.7502751 0.1191428
v 0.1102032 1.7648901 0.1110627
v 0.1224512 1.7580300 0.1011494
v 0.1210470 1.7427687 0.1113766
v 0.0771793 1.7641941 0.1349200
v 0.0764514 1.7777154 0.1283969
v 0.0955439 1.7720815 0.1195069
v 0.0958674 1.7571020 0.1269906
v 0.0517276 1.7703417 0.1412108
v 0.0506910 1.7830345 0.1353030
v 0.1534902 1.7399684 0.0215477
v 0.1506230 1.7483032 0.0324467
v 0.1427273 1.7595379 0.0548663
v 0.1322731 1.7669448 0.0749252
v 0.1090858 1.7780634 0.1017835
v 0.1218925 1.7721478 0.0896226
v 0.0751208 1.7904083 0.1211393
v 0.0937207 1.7843601 0.1118977
v 0.0493383 1.7953296 0.1286104
v 0.0280256 1.7724958 0.1442432
v 0.0276580 1.7857354 0.1389443
v -0.0000286 1.7872931 0.1409848
v -0.0000066 1.8000522 0.1357424
v 0.0271948 1.7983289 0.1329486
v -0.0000066 1.7741694 0.1452100
v -0.1592230 1.6799674 0.0500886
v -0.1567234 1.6934225 0.0622495
v -0.1602963 1.6991061 0.0277569
v -0.1587378 1.7284686 0.0139134
v -0.1594803 1.7160078 0.0094559
v -0.1568484 1.7403826 0.0219935
v -0.1539518 1.7488335 0.0331060
v -0.0765307 1.7920653 0.1237385
v -0.0502409 1.7969038 0.1314607
v -0.0785524 1.7655860 0.1376385
v -0.0525273 1.7718164 0.1440799
v -0.0277520 1.7997373 0.1359684
v -0.0284357 1.7738711 0.1472253
v -0.1458943 1.7604161 0.0558017
v -0.1485924 1.7130583 0.0808644
v -0.1405643 1.7260328 0.0940424
v -0.1120028 1.7515013 0.1214092
v -0.0977405 1.7585768 0.1293826
v -0.0956452 1.7858680 0.1143902
v -0.1113485 1.7797039 0.1037674
v -0.1318892 1.7366377 0.1052930
v -0.1235671 1.7438955 0.1133605
v -0.1245596 1.7736060 0.0912675
v -0.1352637 1.7680053 0.0762939
v 0.1594745 1.7160078 0.0094559
v 0.1587173 1.7284520 0.0139260
v 0.1602465 1.6991061 0.0277443
v 0.1567691 1.6934556 0.0622558
v 0.1592025 1.6799674 0.0500823
v 0.1486381 1.7129920 0.0809523
v 0.1405365 1.7259831 0.0940801
v 0.1318761 1.7366046 0.1053181
v 0.1120044 1.7515178 0.1214281
v 0.1235540 1.7438790 0.1133794
v 0.0785614 1.7655860 0.1376887
v 0.0977126 1.7584111 0.1295207
v 0.0525436 1.7717999 0.1441741
v 0.1568426 1.7403826 0.0219621
v 0.1539166 1.7488997 0.0330557
v 0.1458738 1.7604327 0.0557955
v 0.1351844 1.7681378 0.0762185
v 0.1113280 1.7796707 0.1037737
v 0.1245023 1.7735894 0.0912423
v 0.0955880 1.7860337 0.1142018
v 0.0765250 1.7920487 0.1237698
v 0.0502352 1.7969369 0.1314670
v 0.0284226 1.7737883 0.1473572
v -0.0000066 1.8013446 0.1388941
v 0.0277462 1.7997539 0.1359873
v -0.0000066 1.7752796 0.1484245
v -0.0852646 1.6101735 0.1433265
v -0.0777658 1.5800487 0.1256722
v -0.1012913 1.5862460 0.1093488
v -0.1092533 1.6171993 0.1250067
v -0.0602319 1.6065612 0.1567431
v -0.0534242 1.5756742 0.1371676
v -0.0641210 1.6469429 0.1708880
v -0.0900800 1.6477714 0.1555000
v -0.0664074 1.7253203 0.1718611
v -0.0348096 1.7285515 0.1809896
v -0.0342803 1.6874903 0.1852714
v -0.0657604 1.6869104 0.1753894
v -0.0917194 1.6855682 0.1600392
v -0.0332143 1.6465452 0.1804057
v -0.0868893 1.7578974 0.1494980
v -0.0621581 1.7629182 0.1594239
v -0.0910945 1.7210451 0.1590409
v -0.0773027 1.7892318 0.1314105
v -0.0532845 1.7944348 0.1398233
v -0.1157963 1.7173334 0.1389883
v -0.1104443 1.7517995 0.1344366
v -0.1144215 1.6486828 0.1337271
v -0.0998945 1.7827859 0.1199401
v -0.1186708 1.5937358 0.0916693
v -0.1268974 1.6229160 0.1048473
v -0.1418067 1.6285002 0.0807640
v -0.1340213 1.6036282 0.0725835
v -0.1435711 1.6122282 0.0589785
v -0.1549296 1.6390223 0.0552493
v -0.1159066 1.6845408 0.1391327
v -0.1336096 1.7175488 0.1176611
v -0.1340360 1.6819724 0.1164557
v -0.1478866 1.6794040 0.0889759
v -0.1584143 1.6800669 0.0590350
v -0.1570101 1.7202332 0.0644218
v -0.1475852 1.7171843 0.0917948
v -0.1318378 1.6512015 0.1118475
v -0.1460046 1.6536704 0.0857803
v -0.1436814 1.7418905 0.0915374
v -0.1295882 1.7466130 0.1142772
v -0.1498863 1.7499602 0.0709072
v -0.1357416 1.7648072 0.0882790
v -0.1196413 1.7745837 0.1058078
v 0.1570485 1.7202498 0.0644092
v 0.1475133 1.7171843 0.0917760
v 0.1436463 1.7418905 0.0915311
v 0.1499393 1.7500265 0.0708695
v 0.1357505 1.7649563 0.0882162
v 0.1584967 1.6800669 0.0590539
v 0.1478073 1.6781447 0.0889068
v 0.1549900 1.6390057 0.0552179
v 0.1459253 1.6538693 0.0857677
v 0.1435654 1.6122116 0.0589534
v 0.1340228 1.6035122 0.0725395
v 0.1416319 1.6283013 0.0806384
v 0.1295750 1.7466130 0.1142834
v 0.1196576 1.7745339 0.1058455
v 0.0998961 1.7829019 0.1199464
v 0.1104458 1.7518161 0.1344617
v 0.0865527 1.7583779 0.1495608
v 0.0773336 1.7891489 0.1315674
v 0.0532935 1.7945177 0.1398233
v 0.0604026 1.7631833 0.1603217
v 0.0312456 1.7673259 0.1662986
v 0.0277462 1.7977323 0.1458692
v 0.1338390 1.6819724 0.1166315
v 0.1340081 1.7175322 0.1170396
v 0.1317806 1.6512180 0.1118224
v 0.1187018 1.5938352 0.0917383
v 0.1267667 1.6228332 0.1048347
v 0.0601674 1.6065943 0.1567494
v 0.0851632 1.6102232 0.1432261
v 0.0777527 1.5799990 0.1256784
v 0.0533964 1.5753096 0.1369918
v 0.1091446 1.6172490 0.1249125
v 0.1011974 1.5863951 0.1093236
v 0.0903389 1.7221222 0.1593046
v 0.0664457 1.7253534 0.1719866
v 0.0916916 1.6855682 0.1600392
v 0.0657914 1.6869104 0.1754899
v 0.0899860 1.6478211 0.1554121
v 0.0641152 1.6469429 0.1709319
v 0.1159229 1.7171180 0.1389004
v 0.1158714 1.6845408 0.1391076
v 0.1143349 1.6486993 0.1336518
v -0.0320307 1.7664642 0.1665497
v -0.0277520 1.7974175 0.1460450
v -0.0000139 1.7685024 0.1685085
v -0.0000066 1.7998865 0.1472881
v 0.0349509 1.7284023 0.1810085
v -0.0000066 1.7299268 0.1835323
v 0.0342819 1.6874903 0.1853530
v -0.0000066 1.6889485 0.1883477
v 0.0332086 1.6465286 0.1804497
v 0.0303634 1.6044733 0.1651434
v 0.0271875 1.5721944 0.1438602
v 0.0000008 1.6468103 0.1832121
v -0.0303177 1.6038933 0.1646097
v -0.0000139 1.6032968 0.1671336
v -0.0272080 1.5722607 0.1438727
v -0.0000066 1.5715316 0.1465912
v -0.1039894 1.5842907 0.1117408
v -0.0798537 1.5778780 0.1284534
v -0.0548431 1.5734206 0.1402816
v -0.0545490 1.7967381 0.1429687
v -0.0790965 1.7914853 0.1343298
v -0.1022250 1.7848904 0.1225770
v -0.1217880 1.5919628 0.0936406
v -0.1471441 1.6107534 0.0603723
v -0.1374178 1.6019878 0.0742095
v -0.1586863 1.6381275 0.0566368
v -0.1608624 1.7204817 0.0657904
v -0.1622813 1.6798183 0.0603849
v -0.1390866 1.7663482 0.0900872
v -0.1535916 1.7509213 0.0723951
v -0.1225452 1.7764064 0.1080429
v 0.1609008 1.7204983 0.0657904
v 0.1536373 1.7509710 0.0723700
v 0.1390955 1.7664974 0.0900244
v 0.1623491 1.6798017 0.0604225
v 0.1587320 1.6381109 0.0566305
v 0.1374120 1.6019049 0.0741718
v 0.1471310 1.6107534 0.0603535
v 0.1225615 1.7763732 0.1080806
v 0.1022340 1.7850064 0.1225770
v 0.0791275 1.7914025 0.1344742
v 0.0545580 1.7968375 0.1429624
v 0.0284226 1.8000190 0.1491967
v 0.1218190 1.5920622 0.0937222
v 0.0798479 1.5778283 0.1284597
v 0.0548226 1.5730395 0.1400995
v 0.1038954 1.5844564 0.1117157
v -0.0284283 1.7997208 0.1493725
v -0.0000066 1.8021897 0.1506909
v 0.0279227 1.5699574 0.1472128
v -0.0279431 1.5700237 0.1472253
v -0.0000066 1.5693112 0.1500380
v 0.1561662 1.5720950 -0.0118524
v 0.1590040 1.5710179 -0.0131520
v 0.1590040 1.5684495 -0.0152176
v 0.1561662 1.5669582 -0.0159898
v 0.1533285 1.5680353 -0.0146965
v 0.1533285 1.5706037 -0.0126247
v 0.1561662 1.5720950 -0.0118524
v 0.1582247 1.5611918 0.0017023
v 0.1609596 1.5606781 -0.0002817
v 0.1590040 1.5710179 -0.0131520
v 0.1608934 1.5584577 -0.0027992
v 0.1590040 1.5684495 -0.0152176
v 0.1561662 1.5669582 -0.0159898
v 0.1580924 1.5567675 -0.0033329
v 0.1553576 1.5572978 -0.0013490
v 0.1533285 1.5680353 -0.0146965
v 0.1533285 1.5706037 -0.0126247
v 0.1554237 1.5595016 0.0011686
v 0.1672821 1.5470242 0.0096128
v 0.1691494 1.5478527 0.0068755
v 0.1685172 1.5465271 0.0038682
v 0.1660102 1.5443729 0.0035920
v 0.1641429 1.5435444 0.0063293
v 0.1647751 1.5448701 0.0093429
v 0.1975491 1.5179931 0.0079428
v 0.1992400 1.5190370 0.0052432
v 0.1983137 1.5180262 0.0022296
v 0.1957039 1.5159881 0.0019220
v 0.1940130 1.5149442 0.0046279
v 0.1949319 1.5159384 0.0076415
v 0.2087238 1.5018205 0.0090415
v 0.2064594 1.5018371 0.0115151
v 0.2079445 1.5005777 0.0060907
v 0.2048935 1.4993184 0.0056073
v 0.2026292 1.4993184 0.0080809
v 0.2034085 1.5005777 0.0110380
v 0.2094001 1.4849851 0.0188355
v 0.2118703 1.4839080 0.0168453
v 0.2111866 1.4822013 0.0140829
v 0.2080401 1.4815716 0.0133107
v 0.2055625 1.4826321 0.0153009
v 0.2062462 1.4843554 0.0180633
v 0.2068711 1.4564180 0.0419206
v 0.2092604 1.4544461 0.0406649
v 0.2085326 1.4521760 0.0383483
v 0.2054155 1.4518943 0.0372935
v 0.2030188 1.4538661 0.0385492
v 0.2037466 1.4561363 0.0408658
v 0.2001590 1.4435429 0.0602342
v 0.2024748 1.4414384 0.0591355
v 0.2017470 1.4392180 0.0567749
v 0.1986960 1.4391020 0.0555129
v 0.1963802 1.4412065 0.0566116
v 0.1971154 1.4434269 0.0589723
v 0.1953583 1.4283976 0.0725269
v 0.1978506 1.4268400 0.0709825
v 0.1973212 1.4252327 0.0681196
v 0.1942923 1.4251830 0.0668012
v 0.1918001 1.4267406 0.0683456
v 0.1923368 1.4283479 0.0712085
v 0.1553576 1.5572978 -0.0013490
v 0.1533285 1.5680353 -0.0146965
v 0.1641429 1.5435444 0.0063293
v 0.1940130 1.5149442 0.0046279
v 0.2026292 1.4993184 0.0080809
v 0.2055625 1.4826321 0.0153009
v 0.2030188 1.4538661 0.0385492
v 0.1963802 1.4412065 0.0566116
v 0.1918001 1.4267406 0.0683456
v 0.1917266 1.4093750 0.0808644
v 0.1942850 1.4081488 0.0791693
v 0.1938218 1.4069226 0.0761495
v 0.1908003 1.4069060 0.0748122
v 0.1882492 1.4081322 0.0765011
v 0.1887124 1.4093750 0.0795272
v 0.1953583 1.4283976 0.0725269
v 0.1978506 1.4268400 0.0709825
v 0.1973212 1.4252327 0.0681196
v 0.1942923 1.4251830 0.0668012
v 0.1918001 1.4267406 0.0683456
v 0.1923368 1.4283479 0.0712085
v 0.1923368 1.4283479 0.0712085
v 0.1887124 1.4093750 0.0795272
v 0.2059154 1.2864236 0.1016893
v 0.2034158 1.2864236 0.0973636
v 0.2044304 1.2387344 0.1016768
v 0.2069299 1.2387344 0.1060087
v 0.2109146 1.2864070 0.1016893
v 0.2119291 1.2387178 0.1060087
v 0.2144287 1.2387012 0.1016768
v 0.2134142 1.2864070 0.0973636
v 0.2119291 1.2387178 0.0973448
v 0.2109146 1.2864070 0.0930316
v 0.2059154 1.2864236 0.0930316
v 0.2069299 1.2387344 0.0973448
v 0.1953583 1.1910286 0.0942936
v 0.1928587 1.1910451 0.0899616
v 0.1903077 1.3818021 0.0898674
v 0.1878081 1.3818021 0.0855354
v 0.1949172 1.3341128 0.0910038
v 0.1974168 1.3341128 0.0953358
v 0.2003575 1.1910286 0.0942936
v 0.1953069 1.3817855 0.0898674
v 0.2024160 1.3340963 0.0953358
v 0.2028571 1.1910120 0.0899616
v 0.2049156 1.3340963 0.0910038
v 0.1978065 1.3817855 0.0855354
v 0.2003575 1.1910286 0.0856296
v 0.2024160 1.3340963 0.0866718
v 0.1953069 1.3817855 0.0812097
v 0.1953583 1.1910286 0.0856296
v 0.1974168 1.3341128 0.0866718
v 0.1903077 1.3818021 0.0812097
v 0.2059154 1.2864236 0.0930316
v 0.2069299 1.2387344 0.0973448
v 0.1900136 1.1433393 0.0898674
v 0.1875140 1.1433559 0.0855354
v 0.1950128 1.1433393 0.0898674
v 0.1975124 1.1433228 0.0855354
v 0.1950128 1.1433393 0.0812097
v 0.1900136 1.1433393 0.0812097
v 0.1900136 1.1433393 0.0812097
v 0.1953583 1.1910286 0.0856296
v 0.1974168 1.3341128 0.0866718
v 0.1903077 1.3818021 0.0812097
v 0.1824193 1.0709107 0.0855354
v 0.1874699 1.0708941 0.0942810
v 0.1975565 1.0708610 0.0942810
v 0.2026071 1.0708610 0.0855354
v 0.1975565 1.0708610 0.0768024
v 0.1874699 1.0708941 0.0768024
v 0.1864333 1.0888895 0.0959071
v 0.1803461 1.0888895 0.0853659
v 0.1985931 1.0888729 0.0959071
v 0.2046803 1.0888729 0.0853659
v 0.1985931 1.0888729 0.0748311
v 0.1864333 1.0888895 0.0748311
v 0.1864333 1.0928000 0.0959071
v 0.1803461 1.0928000 0.0853659
v 0.1985931 1.0928000 0.0959071
v 0.2046803 1.0928000 0.0853659
v 0.1985931 1.0928000 0.0748311
v 0.1864333 1.0928000 0.0748311
v 0.1803461 1.1219471 0.0853659
v 0.1864333 1.1219471 0.0959071
v 0.1985931 1.1219471 0.0959071
v 0.2046803 1.1219471 0.0853659
v 0.1985931 1.1219471 0.0748311
v 0.1864333 1.1219471 0.0748311
v 0.1864333 1.1258577 0.0959071
v 0.1803461 1.1258577 0.0853659
v 0.1985931 1.1258577 0.0959071
v 0.2046803 1.1258577 0.0853659
v 0.1985931 1.1258577 0.0748311
v 0.1864333 1.1258577 0.0748311
f 2241 2242 2240
f 2243 2245 2242
f 2245 2243 2244
f 2242 2241 2243
f 1588 1590 1591
f 1591 1593 1592
f 1593 1591 1590
f 1590 1588 1589
f 2234 2231 2230
f 2234 2232 2233
f 2232 2234 2230
f 2231 2234 2235
f 2113 2114 2110
f 2113 2111 2115
f 2117 2112 2116
f 2119 2117 2116
f 2117 2119 2118
f 2112 2117 2114
f 2111 2113 2110
f 2114 2113 2112
f 3252 3254 3249
f 3252 3250 3251
f 3250 3252 3249
f 3254 3252 3253
f 2198 2197 2199
f 2197 2198 2196
f 1552 1554 1555
f 1554 1552 1553
f 1925 1923 1926
f 1925 1924 1922
f 1924 1925 1927
f 1923 1925 1922
f 2186 2184 2187
f 2184 2186 2185
f 1607 1608 1606
f 1608 1607 1609
f 2381 2379 2378
f 2379 2381 2380
f 2123 2120 2122
f 2120 2123 2121
f 1610 1612 1611
f 1612 1610 1613
f 1643 1645 1642
f 1645 1643 1644
f 2273 2270 2271
f 2270 2273 2272
f 1639 1641 1640
f 1641 1639 1638
f 2173 2175 2174
f 2175 2173 2172
f 2319 2321 2320
f 2321 2319 2318
f 2109 2106 2107
f 2106 2109 2108
f 1614 1617 1615
f 1617 1614 1616
f 1999 1996 1997
f 1996 1999 1998
f 2021 2018 2019
f 2018 2021 2020
f 2062 2069 2063
f 2071 2062 2064
f 2064 2072 2071
f 2066 2072 2065
f 2066 2074 2073
f 2075 2067 2068
f 2067 2075 2074
f 2074 2066 2067
f 2072 2066 2073
f 2072 2064 2065
f 2062 2071 2070
f 2069 2062 2070
f 1972 1980 1979
f 1979 1974 1972
f 1974 1982 1975
f 1983 1975 1982
f 1976 1984 1977
f 1985 1977 1984
f 1977 1985 1978
f 1984 1976 1983
f 1975 1983 1976
f 1982 1974 1981
f 1974 1979 1981
f 1980 1972 1973
f 1988 1987 1986
f 1987 1988 1989
f 2375 2376 2374
f 2376 2375 2377
f 2002 2001 2000
f 2003 2004 2005
f 2004 2003 2002
f 2001 2002 2003
f 2264 2268 2265
f 2268 2266 2265
f 2266 2268 2267
f 2268 2264 2269
f 606 608 605
f 612 610 611
f 611 613 612
f 613 608 607
f 615 617 618
f 617 619 620
f 606 620 619
f 653 621 622
f 609 621 610
f 625 623 624
f 655 627 656
f 626 627 628
f 623 618 624
f 605 629 630
f 632 606 631
f 611 634 633
f 612 636 609
f 637 611 633
f 638 612 613
f 608 637 629
f 607 638 613
f 618 640 639
f 641 616 615
f 643 617 620
f 619 642 644
f 605 643 620
f 606 644 631
f 645 654 658
f 657 622 646
f 621 634 610
f 622 636 646
f 623 648 647
f 624 650 625
f 655 651 628
f 659 627 652
f 648 628 651
f 650 627 625
f 649 618 639
f 623 641 615
f 641 623 647
f 618 649 624
f 627 650 652
f 628 648 626
f 627 659 656
f 651 655 660
f 650 624 649
f 648 623 626
f 636 622 609
f 634 621 645
f 622 657 653
f 654 645 621
f 644 606 619
f 643 605 630
f 642 619 616
f 617 643 640
f 616 641 642
f 640 618 617
f 638 607 632
f 637 608 614
f 612 638 635
f 611 637 614
f 636 612 635
f 634 611 610
f 606 632 607
f 629 605 608
f 618 623 615
f 627 626 625
f 627 655 628
f 623 625 626
f 621 609 622
f 621 653 654
f 620 606 605
f 619 617 616
f 617 615 616
f 608 613 614
f 613 611 614
f 610 612 609
f 608 606 607
f 1551 1549 1550
f 1549 1551 1548
f 1916 1918 1917
f 1918 1920 1917
f 1920 1918 1921
f 1918 1916 1919
f 2315 2317 2316
f 2317 2315 2314
f 3112 3114 3115
f 3117 3112 3116
f 3116 3119 3118
f 3121 3123 3120
f 3119 3123 3118
f 3125 3123 3122
f 3120 3126 3127
f 3123 3128 3120
f 3127 3129 3130
f 3132 3128 3131
f 3133 3112 3115
f 3129 3132 3134
f 3115 3135 3136
f 3137 3139 3140
f 3135 3137 3136
f 3119 3141 3124
f 3141 3142 3131
f 3141 3128 3124
f 3144 3146 3147
f 3143 3147 3142
f 3148 3137 3149
f 3136 3133 3115
f 3140 3144 3149
f 3144 3148 3149
f 3149 3137 3140
f 3150 3142 3147
f 3143 3133 3148
f 3151 3131 3142
f 3152 3153 3150
f 3154 3150 3153
f 3147 3152 3150
f 3132 3154 3134
f 3158 3156 3157
f 3157 3159 3158
f 3160 3156 3155
f 3162 3161 3160
f 3164 3166 3162
f 3162 3166 3163
f 3168 3157 3167
f 3171 3169 3170
f 3168 3170 3169
f 3175 3173 3174
f 3173 3171 3174
f 3161 3178 3156
f 3167 3156 3178
f 3163 3177 3161
f 3165 3181 3166
f 3179 3166 3181
f 3185 3183 3184
f 3186 3184 3183
f 3186 3180 3187
f 3174 3188 3189
f 3190 3189 3188
f 3192 3191 3190
f 3193 3183 3182
f 3188 3170 3194
f 3178 3170 3167
f 3194 3190 3188
f 3178 3195 3194
f 3196 3190 3195
f 3179 3195 3177
f 3192 3186 3183
f 3186 3179 3181
f 3197 3130 3198
f 3121 3127 3197
f 3199 3176 3175
f 3198 3199 3197
f 3174 3201 3175
f 3202 3197 3199
f 3199 3201 3202
f 3201 3191 3203
f 3202 3122 3121
f 3202 3203 3204
f 3193 3203 3191
f 3193 3206 3205
f 3206 3185 3207
f 3204 3125 3122
f 3208 3203 3205
f 3209 3208 3210
f 3206 3208 3205
f 3209 3212 3211
f 3210 3207 3212
f 3209 3117 3116
f 3125 3116 3118
f 3114 3214 3213
f 3113 3215 3214
f 3130 3217 3216
f 3217 3134 3218
f 3219 3114 3213
f 3138 3220 3139
f 3220 3140 3139
f 3221 3135 3219
f 3145 3223 3146
f 3224 3140 3222
f 3152 3225 3153
f 3225 3154 3153
f 3226 3146 3223
f 3134 3227 3218
f 3155 3229 3228
f 3230 3158 3159
f 3231 3155 3228
f 3232 3160 3231
f 3164 3233 3165
f 3232 3164 3162
f 3159 3235 3230
f 3236 3172 3237
f 3235 3169 3236
f 3173 3239 3238
f 3237 3173 3238
f 3165 3240 3180
f 3242 3184 3241
f 3241 3187 3243
f 3187 3240 3243
f 3244 3130 3216
f 3245 3176 3200
f 3245 3198 3244
f 3246 3185 3242
f 3212 3247 3211
f 3207 3248 3212
f 3247 3117 3211
f 3117 3247 3215
f 3248 3207 3246
f 3247 3212 3248
f 3185 3246 3207
f 3198 3245 3200
f 3176 3245 3239
f 3130 3244 3198
f 3240 3187 3180
f 3187 3241 3184
f 3184 3242 3185
f 3240 3165 3233
f 3173 3237 3172
f 3239 3173 3176
f 3169 3235 3168
f 3172 3236 3169
f 3235 3159 3168
f 3164 3232 3234
f 3233 3164 3234
f 3160 3232 3162
f 3155 3231 3160
f 3158 3230 3229
f 3229 3155 3158
f 3227 3134 3154
f 3146 3226 3152
f 3154 3225 3227
f 3225 3152 3226
f 3140 3224 3145
f 3223 3145 3224
f 3135 3221 3138
f 3140 3220 3222
f 3220 3138 3221
f 3114 3219 3135
f 3134 3217 3129
f 3217 3130 3129
f 3215 3113 3117
f 3214 3114 3113
f 3116 3125 3209
f 3117 3209 3211
f 3207 3210 3206
f 3212 3209 3210
f 3208 3206 3210
f 3208 3209 3125
f 3203 3208 3204
f 3125 3204 3208
f 3185 3206 3182
f 3206 3193 3182
f 3203 3193 3205
f 3203 3202 3201
f 3122 3202 3204
f 3191 3201 3189
f 3201 3199 3175
f 3197 3202 3121
f 3201 3174 3189
f 3199 3198 3200
f 3176 3199 3200
f 3127 3121 3120
f 3130 3197 3127
f 3179 3186 3196
f 3186 3192 3196
f 3195 3179 3196
f 3190 3196 3192
f 3195 3178 3177
f 3190 3194 3195
f 3170 3178 3194
f 3170 3188 3171
f 3183 3193 3192
f 3191 3192 3193
f 3189 3190 3191
f 3188 3174 3171
f 3180 3186 3181
f 3184 3186 3187
f 3183 3185 3182
f 3166 3179 3163
f 3181 3165 3180
f 3177 3163 3179
f 3156 3167 3157
f 3178 3161 3177
f 3171 3173 3172
f 3173 3175 3176
f 3170 3168 3167
f 3169 3171 3172
f 3157 3168 3159
f 3166 3164 3165
f 3161 3162 3163
f 3156 3160 3161
f 3156 3158 3155
f 3154 3132 3151
f 3152 3147 3146
f 3150 3154 3151
f 3131 3151 3132
f 3133 3143 3141
f 3142 3150 3151
f 3148 3144 3143
f 3144 3140 3145
f 3133 3136 3148
f 3137 3148 3136
f 3147 3143 3144
f 3146 3144 3145
f 3128 3141 3131
f 3142 3141 3143
f 3141 3119 3133
f 3137 3135 3138
f 3139 3137 3138
f 3135 3115 3114
f 3132 3129 3126
f 3112 3133 3119
f 3128 3132 3126
f 3129 3127 3126
f 3128 3123 3124
f 3126 3120 3128
f 3123 3125 3118
f 3123 3119 3124
f 3123 3121 3122
f 3119 3116 3112
f 3112 3117 3113
f 3114 3112 3113
f 2183 2181 2182
f 2181 2183 2180
f 2917 2919 2920
f 2921 2918 2917
f 2921 2924 2922
f 2920 2926 2917
f 2925 2928 2926
f 2928 2929 2930
f 2929 2932 2930
f 2932 2933 2934
f 2935 2934 2933
f 2935 2938 2936
f 2940 2937 2939
f 2939 2942 2940
f 2943 2942 2941
f 2945 2943 2946
f 2950 2948 2949
f 2946 2949 2945
f 2948 2951 2952
f 2921 2954 2923
f 2952 2954 2953
f 2921 2926 2953
f 2926 2955 2956
f 2958 2926 2957
f 2926 2956 2957
f 2928 2930 2955
f 2955 2932 2959
f 2934 2959 2932
f 2961 2953 2958
f 2962 2948 2961
f 2948 2952 2961
f 2945 2962 2963
f 2963 2942 2944
f 2944 2945 2963
f 2964 2940 2942
f 2965 2938 2940
f 2960 2934 2936
f 2938 2960 2936
f 2961 2957 2966
f 2956 2955 2967
f 2956 2966 2957
f 2968 2961 2966
f 2963 2968 2964
f 2969 2964 2968
f 2969 2960 2965
f 2969 2959 2960
f 2967 2955 2959
f 2967 2968 2966
f 2919 2971 2970
f 2919 2972 2920
f 2918 2973 2971
f 2924 2975 2974
f 2922 2974 2973
f 2976 2920 2972
f 2927 2976 2977
f 2929 2977 2978
f 2929 2979 2931
f 2980 2931 2979
f 2935 2980 2981
f 2935 2982 2937
f 2982 2939 2937
f 2941 2983 2984
f 2943 2984 2985
f 2943 2986 2946
f 2947 2988 2987
f 2950 2986 2988
f 2989 2947 2987
f 2990 2923 2954
f 2954 2989 2990
f 2989 2954 2951
f 2923 2990 2975
f 2947 2989 2951
f 2986 2950 2946
f 2988 2947 2950
f 2986 2943 2985
f 2984 2943 2941
f 2983 2941 2939
f 2939 2982 2983
f 2982 2935 2981
f 2980 2935 2933
f 2931 2980 2933
f 2979 2929 2978
f 2977 2929 2927
f 2976 2927 2925
f 2920 2976 2925
f 2974 2922 2924
f 2975 2924 2923
f 2973 2918 2922
f 2972 2919 2970
f 2971 2919 2918
f 2968 2967 2969
f 2959 2969 2967
f 2964 2969 2965
f 2968 2963 2962
f 2961 2968 2962
f 2966 2956 2967
f 2957 2961 2958
f 2960 2938 2965
f 2940 2964 2965
f 2942 2963 2964
f 2962 2945 2949
f 2948 2962 2949
f 2953 2961 2952
f 2959 2934 2960
f 2932 2955 2930
f 2926 2958 2953
f 2955 2926 2928
f 2926 2921 2917
f 2954 2952 2951
f 2954 2921 2953
f 2951 2948 2947
f 2949 2946 2950
f 2948 2950 2947
f 2943 2945 2944
f 2942 2943 2944
f 2942 2939 2941
f 2937 2940 2938
f 2938 2935 2937
f 2934 2935 2936
f 2933 2932 2931
f 2932 2929 2931
f 2929 2928 2927
f 2928 2925 2927
f 2926 2920 2925
f 2924 2921 2923
f 2918 2921 2922
f 2919 2917 2918
f 2843 2845 2846
f 2850 2848 2849
f 2848 2845 2844
f 2850 2852 2847
f 2853 2846 2845
f 2851 2855 2852
f 2856 2858 2855
f 2859 2855 2858
f 2859 2852 2855
f 2858 2862 2861
f 2863 2858 2861
f 2865 2862 2864
f 2867 2864 2866
f 2868 2865 2867
f 2861 2868 2863
f 2869 2867 2866
f 2871 2867 2870
f 2869 2872 2870
f 2877 2875 2876
f 2876 2879 2877
f 2872 2880 2881
f 2870 2882 2871
f 2880 2884 2881
f 2885 2884 2883
f 2878 2885 2879
f 2887 2884 2886
f 2876 2875 2888
f 2868 2889 2863
f 2882 2872 2881
f 2884 2882 2881
f 2890 2882 2887
f 2886 2891 2887
f 2871 2890 2889
f 2891 2876 2888
f 2891 2890 2887
f 2892 2891 2888
f 2893 2890 2892
f 2892 2888 2894
f 2859 2889 2893
f 2853 2847 2852
f 2854 2875 2874
f 2875 2894 2888
f 2852 2895 2853
f 2895 2894 2853
f 2859 2895 2860
f 2892 2895 2893
f 2896 2843 2897
f 2898 2843 2846
f 2848 2899 2849
f 2901 2849 2899
f 2844 2900 2848
f 2851 2901 2902
f 2854 2898 2846
f 2856 2902 2904
f 2856 2905 2857
f 2905 2862 2857
f 2907 2862 2906
f 2908 2864 2907
f 2908 2869 2866
f 2869 2910 2873
f 2911 2877 2912
f 2912 2879 2913
f 2914 2873 2910
f 2883 2914 2915
f 2916 2883 2915
f 2879 2916 2913
f 2854 2911 2903
f 2911 2854 2874
f 2916 2879 2885
f 2883 2916 2885
f 2914 2883 2880
f 2873 2914 2880
f 2879 2912 2877
f 2877 2911 2874
f 2910 2869 2909
f 2869 2908 2909
f 2864 2908 2866
f 2862 2907 2864
f 2862 2905 2906
f 2905 2856 2904
f 2902 2856 2851
f 2898 2854 2903
f 2901 2851 2850
f 2900 2844 2896
f 2849 2901 2850
f 2899 2848 2900
f 2843 2898 2897
f 2843 2896 2844
f 2895 2892 2894
f 2895 2859 2893
f 2895 2852 2860
f 2894 2875 2853
f 2875 2854 2853
f 2847 2853 2845
f 2889 2859 2863
f 2890 2893 2889
f 2890 2891 2892
f 2876 2891 2878
f 2890 2871 2882
f 2891 2886 2878
f 2882 2884 2887
f 2889 2868 2871
f 2885 2878 2886
f 2884 2885 2886
f 2884 2880 2883
f 2882 2870 2872
f 2880 2872 2873
f 2879 2876 2878
f 2875 2877 2874
f 2872 2869 2873
f 2867 2871 2868
f 2867 2869 2870
f 2868 2861 2865
f 2864 2867 2865
f 2862 2865 2861
f 2858 2863 2859
f 2862 2858 2857
f 2852 2859 2860
f 2858 2856 2857
f 2855 2851 2856
f 2846 2853 2854
f 2852 2850 2851
f 2845 2848 2847
f 2848 2850 2847
f 2845 2843 2844
f 1939 1940 1941
f 1940 1939 1938
f 1730 1732 1733
f 1730 1734 1731
f 1734 1736 1737
f 1739 1737 1736
f 1740 1738 1739
f 1743 1740 1742
f 1742 1745 1743
f 1744 1747 1745
f 1747 1748 1749
f 1750 1749 1748
f 1750 1752 1751
f 1753 1755 1752
f 1757 1754 1756
f 1756 1759 1757
f 1759 1761 1760
f 1760 1762 1763
f 1764 1763 1762
f 1766 1765 1764
f 1769 1766 1768
f 1732 1768 1733
f 1768 1732 1769
f 1766 1769 1767
f 1765 1766 1767
f 1763 1764 1765
f 1762 1760 1761
f 1761 1759 1758
f 1759 1756 1758
f 1754 1757 1755
f 1755 1753 1754
f 1752 1750 1753
f 1749 1750 1751
f 1748 1747 1746
f 1747 1744 1746
f 1745 1742 1744
f 1740 1743 1741
f 1738 1740 1741
f 1737 1739 1738
f 1736 1734 1735
f 1734 1730 1735
f 1732 1730 1731
f 2224 2223 2225
f 2223 2224 2222
f 1372 1370 1371
f 1372 1375 1373
f 1375 1376 1377
f 1378 1377 1376
f 1381 1402 1380
f 1382 1381 1380
f 1384 1383 1382
f 1384 1370 1385
f 1371 1387 1372
f 1388 1372 1387
f 1374 1389 1376
f 1390 1376 1389
f 1404 1380 1402
f 1380 1392 1382
f 1392 1384 1382
f 1384 1386 1371
f 1395 1386 1394
f 1387 1396 1388
f 1396 1389 1388
f 1397 1390 1389
f 1404 1399 1391
f 1400 1391 1399
f 1400 1393 1392
f 1394 1393 1401
f 1393 1394 1386
f 1393 1400 1401
f 1391 1400 1392
f 1399 1404 1405
f 1390 1397 1398
f 1389 1396 1397
f 1396 1387 1395
f 1386 1395 1387
f 1386 1384 1393
f 1384 1392 1393
f 1392 1380 1391
f 1380 1404 1391
f 1376 1390 1378
f 1389 1374 1388
f 1372 1388 1374
f 1387 1371 1386
f 1370 1384 1371
f 1383 1384 1385
f 1381 1382 1383
f 1402 1381 1403
f 1377 1378 1379
f 1376 1375 1374
f 1375 1372 1374
f 1370 1372 1373
f 1649 1647 1648
f 1650 1649 1651
f 1651 1653 1650
f 1653 1654 1655
f 1656 1654 1657
f 1659 1657 1658
f 1660 1659 1658
f 1662 1661 1660
f 1663 1665 1664
f 1664 1666 1667
f 1666 1668 1667
f 1670 1668 1669
f 1672 1670 1673
f 1672 1674 1675
f 1675 1677 1676
f 1678 1677 1679
f 1679 1680 1678
f 1683 1680 1681
f 1683 1684 1682
f 1684 1648 1647
f 1648 1684 1685
f 1684 1683 1685
f 1680 1683 1682
f 1680 1679 1681
f 1677 1678 1676
f 1677 1675 1674
f 1674 1672 1673
f 1670 1672 1671
f 1668 1670 1671
f 1668 1666 1669
f 1666 1664 1665
f 1665 1663 1662
f 1661 1662 1663
f 1659 1660 1661
f 1657 1659 1656
f 1654 1656 1655
f 1654 1653 1652
f 1653 1651 1652
f 1649 1650 1646
f 1647 1649 1646
f 1772 1770 1771
f 1771 1775 1772
f 1775 1776 1777
f 1776 1779 1777
f 1779 1780 1781
f 1782 1781 1780
f 1783 1784 1785
f 1785 1786 1787
f 1786 1789 1787
f 1789 1790 1791
f 1791 1792 1793
f 1795 1792 1794
f 1794 1797 1795
f 1796 1799 1797
f 1799 1801 1800
f 1802 1801 1803
f 1804 1802 1803
f 1804 1806 1805
f 1807 1808 1806
f 1808 1770 1773
f 1770 1808 1809
f 1808 1807 1809
f 1806 1804 1807
f 1802 1804 1805
f 1801 1802 1800
f 1801 1799 1798
f 1799 1796 1798
f 1797 1794 1796
f 1792 1795 1793
f 1792 1791 1790
f 1790 1789 1788
f 1789 1786 1788
f 1786 1785 1784
f 1784 1783 1782
f 1781 1782 1783
f 1780 1779 1778
f 1779 1776 1778
f 1776 1775 1774
f 1775 1771 1774
f 1770 1772 1773
f 1686 1688 1689
f 1686 1691 1687
f 1691 1692 1693
f 1693 1694 1695
f 1695 1696 1697
f 1697 1698 1699
f 1698 1701 1699
f 1701 1702 1703
f 1702 1704 1703
f 1707 1705 1706
f 1709 1707 1706
f 1709 1711 1708
f 1712 1710 1713
f 1714 1712 1713
f 1716 1714 1717
f 1717 1718 1716
f 1720 1719 1721
f 1722 1721 1723
f 1724 1722 1723
f 1689 1725 1724
f 1725 1689 1688
f 1722 1724 1725
f 1721 1722 1720
f 1719 1720 1718
f 1718 1717 1719
f 1714 1716 1715
f 1712 1714 1715
f 1710 1712 1711
f 1711 1709 1710
f 1707 1709 1708
f 1705 1707 1704
f 1704 1702 1705
f 1702 1701 1700
f 1701 1698 1700
f 1698 1697 1696
f 1696 1695 1694
f 1694 1693 1692
f 1692 1691 1690
f 1691 1686 1690
f 1688 1686 1687
f 2089 2091 2090
f 2091 2089 2088
f 2993 2991 2992
f 2995 2991 2994
f 2991 2996 2997
f 2991 2998 2999
f 3002 3000 3001
f 3004 3001 3000
f 3003 3006 3000
f 3006 3004 3000
f 3009 2999 2998
f 2999 2992 2991
f 3011 3010 3012
f 3016 3014 3015
f 3005 3016 3001
f 3001 3017 3002
f 3018 3016 3015
f 3022 3020 3021
f 3022 3012 3010
f 3014 3019 3015
f 3019 3018 3015
f 3023 3022 3024
f 3024 3010 3009
f 3027 3025 3026
f 3026 3029 3027
f 3032 3029 3031
f 3031 3034 3032
f 3033 3035 3034
f 3040 3038 3039
f 3039 3036 3040
f 3044 3042 3043
f 3043 3037 3044
f 3041 3046 3042
f 3028 3027 3047
f 3032 3047 3027
f 3034 3048 3032
f 3035 3049 3034
f 3052 3038 3051
f 3039 3050 3035
f 3053 3043 3042
f 3051 3043 3054
f 3053 3046 3055
f 3046 3056 3057
f 3006 3059 3058
f 3057 3059 3060
f 3008 3058 3061
f 3061 3057 3056
f 3055 3057 3060
f 2993 3063 3062
f 2993 3064 2994
f 2996 3066 3065
f 3066 2994 3064
f 2997 3065 3067
f 2998 3067 3068
f 3002 3070 3003
f 3071 3004 3072
f 3007 3070 3073
f 3008 3072 3004
f 3075 2998 3068
f 2992 3076 3063
f 3011 3077 3076
f 3014 3079 3078
f 3079 3005 3071
f 3080 3002 3017
f 3080 3018 3081
f 3082 3020 3083
f 3012 3082 3077
f 3083 3014 3078
f 3023 3081 3018
f 3024 3084 3023
f 3085 3009 3075
f 3086 3026 3025
f 3086 3028 3087
f 3090 3029 3030
f 3090 3026 3088
f 3031 3089 3091
f 3033 3091 3092
f 3036 3092 3093
f 3094 3040 3095
f 3095 3036 3093
f 3096 3044 3097
f 3097 3037 3094
f 3041 3098 3045
f 3028 3099 3087
f 3048 3099 3047
f 3100 3049 3101
f 3101 3050 3102
f 3052 3103 3104
f 3050 3104 3102
f 3054 3106 3105
f 3103 3054 3105
f 3106 3055 3107
f 3056 3098 3108
f 3059 3073 3109
f 3059 3110 3060
f 3061 3074 3008
f 3061 3108 3111
f 3107 3060 3110
f 3060 3107 3055
f 3108 3061 3056
f 3074 3061 3111
f 3110 3059 3109
f 3073 3059 3007
f 3098 3056 3045
f 3055 3106 3053
f 3054 3103 3051
f 3106 3054 3053
f 3104 3050 3052
f 3103 3052 3051
f 3050 3101 3049
f 3049 3100 3048
f 3099 3048 3100
f 3099 3028 3047
f 3098 3041 3096
f 3037 3097 3044
f 3044 3096 3041
f 3036 3095 3040
f 3040 3094 3037
f 3092 3036 3033
f 3091 3033 3031
f 3089 3031 3029
f 3026 3090 3030
f 3029 3090 3089
f 3028 3086 3025
f 3026 3086 3088
f 3009 3085 3024
f 3084 3024 3085
f 3081 3023 3084
f 3014 3083 3020
f 3082 3012 3021
f 3020 3082 3021
f 3018 3080 3017
f 3002 3080 3069
f 3005 3079 3013
f 3079 3014 3013
f 3077 3011 3012
f 3076 2992 3011
f 2998 3075 3009
f 3072 3008 3074
f 3070 3007 3003
f 3004 3071 3005
f 3070 3002 3069
f 3067 2998 2997
f 3065 2997 2996
f 2994 3066 2995
f 3066 2996 2995
f 3064 2993 3062
f 3063 2993 2992
f 3057 3055 3046
f 3057 3061 3058
f 3058 3008 3006
f 3059 3057 3058
f 3059 3006 3007
f 3056 3046 3045
f 3046 3053 3042
f 3043 3051 3038
f 3043 3053 3054
f 3050 3039 3052
f 3038 3052 3039
f 3049 3035 3050
f 3048 3034 3049
f 3047 3032 3048
f 3046 3041 3045
f 3037 3043 3038
f 3042 3044 3041
f 3036 3039 3035
f 3038 3040 3037
f 3035 3033 3036
f 3034 3031 3033
f 3029 3032 3027
f 3029 3026 3030
f 3025 3027 3028
f 3010 3024 3022
f 3022 3023 3019
f 3018 3019 3023
f 3019 3014 3020
f 3012 3022 3021
f 3020 3022 3019
f 3016 3018 3017
f 3017 3001 3016
f 3016 3005 3013
f 3014 3016 3013
f 3010 3011 2999
f 2992 2999 3011
f 2999 3009 3010
f 3004 3006 3008
f 3006 3003 3007
f 3001 3004 3005
f 3000 3002 3003
f 2998 2991 2997
f 2991 2995 2996
f 2991 2993 2994
f 1968 1971 1969
f 1971 1968 1970
f 2324 2323 2325
f 2323 2324 2322
f 2008 2007 2006
f 2007 2008 2009
f 2054 2057 2056
f 2057 2054 2055
f 2016 2015 2017
f 2015 2016 2014
f 2678 2679 2680
f 2679 2678 2677
f 3387 3388 3391
f 3391 3389 3390
f 3389 3391 3388
f 3388 3387 3386
f 1949 1946 1947
f 1946 1949 1948
f 2190 2189 2188
f 2189 2190 2191
f 2667 2669 2670
f 2676 2672 2673
f 2676 2669 2675
f 2673 2671 2674
f 2671 2673 2672
f 2669 2676 2670
f 2672 2676 2675
f 2669 2667 2668
f 2200 2202 2201
f 2202 2200 2203
f 3398 3403 3399
f 3401 3403 3400
f 3403 3401 3402
f 3403 3398 3400
f 2050 2052 2051
f 2052 2050 2053
f 2638 2635 2636
f 2642 2643 2641
f 2641 2638 2636
f 2640 2644 2642
f 2644 2640 2639
f 2638 2641 2643
f 2643 2642 2644
f 2635 2638 2637
f 2613 2616 2617
f 2614 2615 2616
f 2616 2613 2614
f 2384 2382 2385
f 2382 2384 2383
f 1572 1574 1573
f 1574 1572 1575
f 2249 2247 2246
f 2247 2249 2248
f 2023 2024 2025
f 2024 2026 2027
f 2029 2026 2028
f 2030 2029 2028
f 2032 2031 2030
f 2033 2034 2035
f 2034 2033 2032
f 2031 2032 2033
f 2029 2030 2031
f 2026 2029 2027
f 2026 2024 2022
f 2024 2023 2022
f 1263 1265 1266
f 1268 1263 1266
f 1270 1268 1269
f 1269 1272 1270
f 1273 1271 1274
f 1275 1273 1274
f 1277 1296 1295
f 1279 1278 1277
f 1281 1279 1282
f 1283 1281 1282
f 1283 1285 1284
f 1286 1288 1285
f 1289 1287 1290
f 1291 1289 1290
f 1293 1291 1294
f 1294 1264 1293
f 1264 1294 1265
f 1291 1293 1292
f 1289 1291 1292
f 1287 1289 1288
f 1288 1286 1287
f 1285 1283 1286
f 1281 1283 1284
f 1279 1281 1280
f 1278 1279 1280
f 1296 1277 1278
f 1273 1275 1276
f 1271 1273 1272
f 1272 1269 1271
f 1268 1270 1267
f 1263 1268 1267
f 1265 1263 1264
f 3380 3385 3382
f 3385 3383 3382
f 3383 3385 3384
f 3385 3380 3381
f 1600 1598 1599
f 1598 1600 1601
f 1182 1184 1181
f 1185 1184 1186
f 1188 1186 1187
f 1188 1189 1190
f 1189 1191 1190
f 1193 1191 1192
f 1195 1194 1193
f 1197 1196 1195
f 1197 1199 1198
f 1202 1204 1201
f 1202 1183 1182
f 1183 1202 1201
f 1204 1202 1203
f 1199 1197 1200
f 1196 1197 1198
f 1194 1195 1196
f 1191 1193 1194
f 1191 1189 1192
f 1189 1188 1187
f 1186 1188 1185
f 1184 1185 1181
f 1184 1182 1183
f 1877 1874 1873
f 1883 1880 1882
f 1878 1883 1874
f 1875 1877 1873
f 1880 1881 1882
f 1877 1875 1876
f 1883 1878 1879
f 1880 1883 1879
f 1874 1877 1878
f 2588 2590 2591
f 2592 2591 2593
f 2593 2594 2592
f 2604 2590 2589
f 2599 2597 2598
f 2598 2601 2599
f 2601 2602 2603
f 2612 2597 2596
f 2588 2597 2589
f 2591 2606 2607
f 2598 2592 2600
f 2607 2593 2591
f 2602 2592 2594
f 2611 2593 2608
f 2604 2597 2609
f 2610 2590 2605
f 2590 2610 2606
f 2597 2604 2589
f 2593 2611 2595
f 2592 2602 2600
f 2593 2607 2608
f 2592 2598 2588
f 2606 2591 2590
f 2597 2588 2598
f 2597 2612 2609
f 2602 2601 2600
f 2601 2598 2600
f 2597 2599 2596
f 2590 2604 2605
f 2594 2593 2595
f 2591 2592 2588
f 2590 2588 2589
f 2210 2209 2208
f 2209 2210 2211
f 1561 1562 1560
f 1562 1561 1563
f 3394 3392 3397
f 3397 3395 3394
f 3395 3397 3396
f 3392 3394 3393
f 1629 1627 1628
f 1627 1629 1626
f 1569 1571 1568
f 1571 1569 1570
f 3324 3319 3325
f 3319 3326 3325
f 3321 3326 3320
f 3322 3327 3321
f 3330 3322 3323
f 3329 3318 3324
f 3318 3329 3331
f 3322 3330 3328
f 3327 3322 3328
f 3326 3321 3327
f 3326 3319 3320
f 3319 3324 3318
f 2094 2092 2093
f 2092 2094 2095
f 2236 2238 2237
f 2238 2236 2239
f 1951 1953 1952
f 1954 1952 1955
f 1955 1956 1954
f 1958 1957 1959
f 1960 1959 1961
f 1961 1962 1960
f 1962 1961 1963
f 1959 1960 1958
f 1957 1958 1956
f 1956 1955 1957
f 1952 1954 1951
f 1953 1951 1950
f 1945 1942 1944
f 1942 1945 1943
f 1321 1323 1324
f 1325 1323 1322
f 1327 1326 1325
f 1327 1329 1328
f 1332 1330 1331
f 1324 1339 1321
f 1333 1322 1321
f 1334 1325 1322
f 1327 1335 1336
f 1330 1336 1337
f 1337 1331 1330
f 1339 1333 1321
f 1333 1339 1341
f 1331 1337 1338
f 1336 1330 1327
f 1335 1327 1325
f 1325 1334 1335
f 1322 1333 1334
f 1339 1324 1340
f 1330 1332 1329
f 1329 1327 1330
f 1326 1327 1328
f 1323 1325 1326
f 1323 1321 1322
f 1584 1585 1583
f 1582 1584 1587
f 1584 1582 1586
f 1585 1584 1586
f 1578 1579 1580
f 1576 1578 1580
f 1578 1576 1581
f 1579 1578 1577
f 1594 1597 1596
f 1597 1594 1595
f 2178 2179 2177
f 2179 2178 2176
f 1618 1620 1619
f 1620 1618 1621
f 448 446 447
f 447 451 448
f 467 450 452
f 453 449 454
f 454 445 453
f 449 455 456
f 447 458 457
f 448 459 455
f 460 447 457
f 451 461 459
f 452 460 462
f 463 449 456
f 464 446 453
f 454 468 466
f 465 453 445
f 453 465 464
f 468 454 463
f 446 464 458
f 449 463 454
f 460 452 450
f 461 451 467
f 447 460 450
f 459 448 451
f 458 447 446
f 455 449 448
f 445 454 466
f 449 453 446
f 450 467 451
f 451 447 450
f 446 448 449
f 2623 2625 2626
f 2625 2628 2626
f 2629 2628 2627
f 2631 2630 2629
f 2634 2624 2623
f 2624 2634 2633
f 2630 2631 2632
f 2628 2629 2630
f 2628 2625 2627
f 2625 2623 2624
f 1229 1231 1232
f 1233 1232 1234
f 1234 1236 1233
f 1238 1235 1237
f 1261 1239 1262
f 1240 1242 1239
f 1242 1243 1244
f 1243 1246 1244
f 1245 1247 1246
f 1247 1249 1250
f 1251 1249 1252
f 1254 1252 1253
f 1253 1255 1254
f 1258 1256 1257
f 1258 1260 1259
f 1230 1260 1231
f 1260 1230 1259
f 1260 1258 1257
f 1256 1258 1255
f 1255 1253 1256
f 1252 1254 1251
f 1249 1251 1250
f 1249 1247 1248
f 1247 1245 1248
f 1246 1243 1245
f 1243 1242 1241
f 1242 1240 1241
f 1239 1261 1240
f 1235 1238 1236
f 1236 1234 1235
f 1232 1233 1229
f 1231 1229 1230
f 3375 3379 3376
f 3377 3379 3378
f 3379 3377 3376
f 3379 3375 3374
f 1634 1636 1637
f 1636 1634 1635
f 2165 2164 2166
f 2164 2165 2167
f 2080 2082 2081
f 2082 2080 2083
f 1408 1406 1407
f 1410 1409 1411
f 1412 1411 1413
f 1414 1413 1415
f 1416 1486 1487
f 1417 1418 1419
f 1419 1420 1421
f 1420 1407 1421
f 1422 1409 1408
f 1423 1411 1409
f 1411 1425 1413
f 1425 1415 1413
f 1487 1427 1416
f 1427 1418 1416
f 1418 1429 1420
f 1422 1420 1429
f 1422 1431 1423
f 1431 1424 1423
f 1433 1424 1432
f 1425 1434 1426
f 1435 1488 1489
f 1428 1435 1436
f 1436 1429 1428
f 1437 1422 1429
f 1439 1430 1438
f 1431 1440 1432
f 1441 1432 1440
f 1434 1441 1442
f 1443 1489 1490
f 1436 1443 1444
f 1437 1444 1445
f 1438 1437 1445
f 1446 1439 1438
f 1448 1439 1447
f 1448 1441 1440
f 1442 1449 1450
f 1490 1451 1443
f 1452 1443 1451
f 1452 1445 1444
f 1438 1453 1446
f 1447 1454 1455
f 1448 1455 1456
f 1448 1457 1449
f 1457 1450 1449
f 1451 1492 1459
f 1451 1460 1452
f 1453 1460 1461
f 1454 1453 1461
f 1454 1463 1455
f 1456 1463 1464
f 1457 1464 1465
f 1465 1458 1457
f 1467 1492 1493
f 1459 1468 1460
f 1460 1469 1461
f 1461 1462 1454
f 1462 1471 1463
f 1471 1464 1463
f 1464 1473 1465
f 1474 1465 1473
f 1494 1467 1493
f 1468 1475 1476
f 1469 1476 1477
f 1470 1469 1477
f 1478 1470 1479
f 1472 1478 1480
f 1481 1472 1480
f 1482 1473 1481
f 1495 1475 1494
f 1483 1476 1475
f 1484 1477 1476
f 1479 1477 1485
f 1477 1479 1470
f 1477 1484 1485
f 1476 1483 1484
f 1475 1495 1483
f 1473 1482 1474
f 1472 1481 1473
f 1478 1472 1471
f 1470 1478 1471
f 1469 1470 1462
f 1476 1469 1468
f 1475 1468 1467
f 1467 1494 1475
f 1465 1474 1466
f 1473 1464 1472
f 1464 1471 1472
f 1471 1462 1470
f 1462 1461 1469
f 1469 1460 1468
f 1468 1459 1467
f 1492 1467 1459
f 1458 1465 1466
f 1464 1457 1456
f 1463 1456 1455
f 1463 1454 1462
f 1453 1454 1446
f 1460 1453 1452
f 1460 1451 1459
f 1492 1451 1491
f 1450 1457 1458
f 1457 1448 1456
f 1455 1448 1447
f 1454 1447 1446
f 1453 1438 1445
f 1445 1452 1453
f 1443 1452 1444
f 1451 1490 1491
f 1449 1442 1441
f 1441 1448 1449
f 1439 1448 1440
f 1439 1446 1447
f 1437 1438 1430
f 1444 1437 1436
f 1443 1436 1435
f 1489 1443 1435
f 1441 1434 1433
f 1432 1441 1433
f 1440 1431 1439
f 1430 1439 1431
f 1422 1437 1430
f 1429 1436 1437
f 1435 1428 1427
f 1488 1435 1427
f 1434 1425 1433
f 1424 1433 1425
f 1424 1431 1432
f 1431 1422 1430
f 1420 1422 1408
f 1429 1418 1428
f 1418 1427 1428
f 1427 1487 1488
f 1415 1425 1426
f 1425 1411 1424
f 1411 1423 1424
f 1409 1422 1423
f 1407 1420 1408
f 1420 1419 1418
f 1418 1417 1416
f 1486 1416 1417
f 1413 1414 1412
f 1411 1412 1410
f 1409 1410 1406
f 1406 1408 1409
f 1936 1932 1933
f 1937 1932 1935
f 1932 1937 1934
f 1932 1936 1935
f 1992 1990 1991
f 1994 1993 1995
f 1993 1994 1992
f 1990 1992 1994
f 3256 3258 3255
f 3257 3260 3258
f 3261 3259 3262
f 3263 3261 3262
f 3266 3310 3309
f 3266 3255 3265
f 3268 3256 3267
f 3257 3269 3259
f 3270 3259 3269
f 3270 3263 3262
f 3272 3309 3311
f 3266 3267 3256
f 3268 3273 3274
f 3269 3274 3275
f 3269 3276 3270
f 3270 3277 3271
f 3312 3272 3311
f 3272 3273 3267
f 3280 3274 3273
f 3279 3275 3274
f 3275 3282 3276
f 3282 3277 3276
f 3313 3278 3312
f 3278 3280 3273
f 3285 3279 3280
f 3286 3281 3279
f 3281 3288 3282
f 3283 3288 3289
f 3290 3313 3314
f 3285 3284 3290
f 3291 3286 3285
f 3293 3286 3292
f 3287 3294 3288
f 3288 3295 3289
f 3296 3314 3315
f 3285 3296 3291
f 3292 3297 3298
f 3299 3292 3298
f 3293 3300 3294
f 3294 3301 3295
f 3315 3302 3296
f 3302 3291 3296
f 3298 3303 3304
f 3305 3298 3304
f 3306 3299 3305
f 3300 3307 3301
f 3317 3302 3316
f 3302 3303 3297
f 3303 3302 3308
f 3302 3317 3308
f 3307 3300 3306
f 3299 3306 3300
f 3298 3305 3299
f 3303 3298 3297
f 3291 3302 3297
f 3302 3315 3316
f 3301 3294 3300
f 3300 3293 3299
f 3292 3299 3293
f 3297 3292 3291
f 3296 3285 3290
f 3314 3296 3290
f 3295 3288 3294
f 3294 3287 3293
f 3286 3293 3287
f 3286 3291 3292
f 3284 3285 3280
f 3313 3290 3284
f 3288 3283 3282
f 3288 3281 3287
f 3281 3286 3287
f 3279 3285 3286
f 3280 3278 3284
f 3278 3313 3284
f 3277 3282 3283
f 3282 3275 3281
f 3275 3279 3281
f 3274 3280 3279
f 3273 3272 3278
f 3272 3312 3278
f 3277 3270 3276
f 3276 3269 3275
f 3274 3269 3268
f 3273 3268 3267
f 3267 3266 3272
f 3309 3272 3266
f 3263 3270 3271
f 3259 3270 3262
f 3269 3257 3268
f 3256 3268 3257
f 3255 3266 3256
f 3310 3266 3265
f 3261 3263 3264
f 3259 3261 3260
f 3260 3257 3259
f 3258 3256 3257
f 418 420 417
f 423 425 422
f 426 418 417
f 420 423 422
f 441 425 424
f 439 426 440
f 420 428 417
f 431 418 430
f 422 432 433
f 434 423 435
f 430 427 436
f 417 437 426
f 420 433 429
f 423 431 435
f 438 425 421
f 424 444 441
f 440 437 442
f 427 443 436
f 443 427 439
f 437 440 426
f 444 424 434
f 425 438 432
f 431 423 419
f 433 420 422
f 437 417 428
f 427 430 418
f 423 434 424
f 432 422 425
f 418 431 419
f 428 420 429
f 426 439 427
f 425 441 421
f 423 420 419
f 418 426 427
f 425 423 424
f 420 418 419
f 2537 2539 2538
f 2543 2542 2545
f 2537 2544 2541
f 2543 2536 2540
f 2536 2543 2539
f 2544 2537 2538
f 2542 2543 2540
f 2539 2537 2536
f 2012 2011 2013
f 2011 2012 2010
f 1622 1625 1623
f 1625 1622 1624
f 2648 2646 2647
f 2651 2649 2650
f 2645 2650 2646
f 2654 2661 2653
f 2656 2657 2655
f 2658 2660 2664
f 2647 2665 2648
f 2652 2658 2649
f 2663 2654 2657
f 2661 2660 2653
f 2660 2661 2664
f 2654 2663 2662
f 2658 2652 2659
f 2665 2647 2666
f 2660 2658 2659
f 2657 2656 2663
f 2661 2654 2662
f 2650 2645 2651
f 2649 2651 2652
f 2646 2648 2645
f 535 533 534
f 535 537 538
f 599 533 536
f 542 540 541
f 546 544 545
f 541 545 544
f 538 539 542
f 549 547 548
f 548 552 549
f 553 547 550
f 555 557 558
f 560 562 563
f 565 558 564
f 563 556 560
f 561 601 562
f 565 536 535
f 553 546 554
f 566 533 567
f 569 538 568
f 537 566 570
f 600 567 533
f 571 599 536
f 572 542 541
f 539 574 540
f 577 545 576
f 578 543 579
f 541 578 572
f 576 540 574
f 575 537 570
f 538 573 568
f 550 581 580
f 582 547 583
f 549 584 581
f 585 548 582
f 583 554 586
f 550 587 553
f 557 588 558
f 555 591 556
f 592 563 562
f 561 594 595
f 565 590 555
f 588 564 558
f 589 563 593
f 591 560 556
f 562 604 592
f 598 561 595
f 597 536 564
f 569 565 535
f 586 546 577
f 587 543 553
f 543 587 579
f 546 586 554
f 565 569 596
f 536 597 571
f 561 598 559
f 604 562 601
f 560 591 594
f 563 589 557
f 564 588 597
f 590 565 596
f 594 561 560
f 563 592 593
f 591 555 590
f 588 557 589
f 587 550 580
f 554 583 547
f 548 585 551
f 584 549 552
f 547 582 548
f 581 550 549
f 573 538 542
f 537 575 539
f 540 576 545
f 578 541 544
f 543 578 544
f 545 577 546
f 574 539 575
f 542 572 573
f 599 571 602
f 567 600 603
f 566 537 534
f 538 569 535
f 533 566 534
f 546 553 543
f 536 565 564
f 601 561 559
f 556 563 557
f 558 565 555
f 562 560 561
f 557 555 556
f 547 553 554
f 552 548 551
f 547 549 550
f 539 538 537
f 545 541 540
f 544 546 543
f 540 542 539
f 533 599 600
f 537 535 534
f 533 535 536
f 2207 2204 2205
f 2204 2207 2206
f 1826 1814 1815
f 1827 1814 1825
f 1816 1828 1817
f 1817 1829 1818
f 1830 1818 1829
f 1820 1830 1831
f 1831 1821 1820
f 1833 1821 1832
f 1833 1823 1822
f 1824 1837 1835
f 1826 1824 1835
f 1824 1826 1815
f 1837 1824 1836
f 1823 1833 1834
f 1821 1833 1822
f 1821 1831 1832
f 1830 1820 1819
f 1818 1830 1819
f 1829 1817 1828
f 1828 1816 1827
f 1814 1827 1816
f 1814 1826 1825
f 2059 2061 2058
f 2061 2059 2060
f 787 782 783
f 784 790 788
f 789 782 786
f 788 783 784
f 783 788 787
f 782 789 791
f 790 784 785
f 782 787 786
f 2620 2619 2618
f 2618 2621 2620
f 2621 2618 2622
f 345 347 348
f 350 347 349
f 346 390 389
f 354 352 353
f 355 357 358
f 353 357 354
f 349 351 350
f 359 361 362
f 364 361 363
f 365 360 359
f 355 365 356
f 367 345 348
f 348 369 367
f 371 347 370
f 372 389 391
f 390 368 392
f 354 374 351
f 353 376 375
f 378 358 377
f 379 356 380
f 373 357 379
f 353 377 358
f 352 371 376
f 369 351 374
f 359 381 382
f 384 360 383
f 381 364 385
f 363 384 386
f 366 383 360
f 359 388 365
f 365 380 356
f 366 378 387
f 378 366 355
f 380 365 388
f 388 359 382
f 383 366 387
f 384 363 361
f 364 381 362
f 360 384 361
f 381 359 362
f 351 369 350
f 371 352 349
f 377 353 375
f 357 373 354
f 356 379 357
f 358 378 355
f 376 353 352
f 374 354 373
f 368 390 345
f 389 372 346
f 347 371 349
f 369 348 350
f 345 367 368
f 365 355 366
f 360 365 366
f 361 364 362
f 361 359 360
f 351 349 352
f 357 353 358
f 357 355 356
f 352 354 351
f 390 346 345
f 347 350 348
f 347 345 346
f 2386 2406 2408
f 2387 2408 2406
f 2388 2389 2390
f 2391 2410 2409
f 2393 2410 2411
f 2393 2395 2392
f 2389 2394 2390
f 2407 2396 2412
f 2387 2413 2397
f 2388 2414 2408
f 2388 2399 2398
f 2397 2389 2387
f 2391 2416 2401
f 2393 2417 2402
f 2415 2392 2403
f 2395 2403 2392
f 2394 2402 2405
f 2389 2404 2395
f 2404 2389 2400
f 2402 2394 2393
f 2403 2395 2404
f 2392 2415 2410
f 2417 2393 2411
f 2416 2391 2409
f 2389 2397 2400
f 2399 2388 2390
f 2414 2388 2398
f 2413 2387 2406
f 2396 2407 2386
f 2394 2389 2395
f 2395 2393 2394
f 2410 2393 2392
f 2410 2391 2411
f 2389 2388 2387
f 2408 2387 2388
f 2406 2386 2407
f 2193 2194 2195
f 2194 2193 2192
f 3334 3332 3333
f 3336 3335 3337
f 3336 3338 3339
f 3340 3339 3338
f 3342 3340 3343
f 3334 3362 3363
f 3364 3345 3365
f 3345 3335 3334
f 3348 3346 3347
f 3348 3332 3349
f 3350 3364 3366
f 3344 3337 3335
f 3351 3349 3352
f 3349 3336 3352
f 3367 3350 3366
f 3353 3337 3350
f 3355 3352 3354
f 3339 3352 3336
f 3356 3367 3368
f 3340 3353 3356
f 3355 3357 3358
f 3354 3341 3357
f 3356 3370 3359
f 3356 3343 3340
f 3357 3361 3358
f 3357 3342 3360
f 3369 3345 3371
f 3345 3363 3371
f 3348 3373 3372
f 3362 3348 3372
f 3348 3362 3333
f 3373 3348 3347
f 3363 3345 3334
f 3345 3369 3365
f 3342 3357 3341
f 3361 3357 3360
f 3343 3356 3359
f 3370 3356 3368
f 3341 3354 3339
f 3357 3355 3354
f 3353 3340 3338
f 3367 3356 3353
f 3352 3339 3354
f 3352 3355 3351
f 3337 3353 3338
f 3350 3367 3353
f 3336 3349 3332
f 3349 3351 3346
f 3337 3344 3350
f 3364 3350 3344
f 3332 3348 3333
f 3346 3348 3349
f 3335 3345 3344
f 3345 3364 3344
f 3362 3334 3333
f 3340 3342 3341
f 3339 3340 3341
f 3338 3336 3337
f 3335 3336 3332
f 3332 3334 3335
f 1928 1930 1929
f 1930 1928 1931
f 1208 1206 1207
f 1207 1209 1210
f 1212 1210 1209
f 1214 1212 1213
f 1214 1215 1216
f 1216 1217 1218
f 1218 1220 1219
f 1221 1227 1228
f 1224 1222 1221
f 1224 1226 1223
f 1225 1208 1226
f 1208 1225 1205
f 1226 1224 1225
f 1222 1224 1223
f 1227 1221 1222
f 1220 1218 1217
f 1217 1216 1215
f 1215 1214 1213
f 1212 1214 1211
f 1210 1212 1211
f 1209 1207 1206
f 1206 1208 1205
f 792 797 796
f 794 800 798
f 801 796 799
f 798 793 794
f 793 798 797
f 796 801 792
f 800 794 795
f 797 792 793
f 469 500 499
f 499 472 471
f 471 474 473
f 476 474 475
f 475 477 476
f 502 478 479
f 503 480 481
f 483 480 482
f 483 477 501
f 485 469 484
f 500 486 472
f 499 487 504
f 488 472 486
f 471 489 487
f 489 476 490
f 491 474 488
f 477 490 476
f 493 478 494
f 502 495 480
f 508 481 496
f 495 482 480
f 483 496 481
f 501 498 483
f 497 477 482
f 477 497 492
f 498 501 506
f 496 483 498
f 482 495 497
f 481 508 503
f 495 502 507
f 478 493 479
f 490 477 492
f 474 491 475
f 476 489 473
f 489 471 473
f 472 488 474
f 487 499 471
f 486 500 505
f 469 485 470
f 477 483 482
f 480 483 481
f 480 503 502
f 478 502 503
f 477 475 501
f 474 476 473
f 474 471 472
f 472 499 500
f 500 469 470
f 2131 2129 2128
f 2129 2131 2130
f 324 322 323
f 322 327 323
f 326 328 327
f 330 324 329
f 342 329 321
f 331 324 323
f 333 325 334
f 331 327 335
f 326 333 336
f 328 335 327
f 336 343 326
f 324 339 329
f 325 340 334
f 321 339 341
f 340 342 344
f 342 340 330
f 339 321 329
f 340 325 330
f 339 324 332
f 343 336 338
f 335 328 337
f 333 326 322
f 327 331 323
f 325 333 322
f 324 331 332
f 329 342 330
f 324 330 325
f 328 326 343
f 327 322 326
f 322 324 325
f 1566 1564 1565
f 1564 1566 1567
f 2220 2218 2221
f 2218 2220 2219
f 1966 1967 1965
f 1967 1966 1964
f 2127 2126 2125
f 2126 2127 2124
f 663 665 662
f 664 666 667
f 662 668 669
f 671 673 670
f 671 675 672
f 676 673 677
f 661 667 666
f 679 674 678
f 668 681 669
f 680 678 681
f 683 685 682
f 684 677 685
f 662 687 663
f 664 689 665
f 663 690 666
f 667 688 664
f 692 662 669
f 668 689 693
f 695 670 694
f 696 673 672
f 671 698 674
f 696 675 699
f 694 676 700
f 677 697 701
f 667 712 691
f 666 702 661
f 678 698 703
f 679 699 675
f 692 681 705
f 693 680 668
f 705 678 703
f 679 706 704
f 707 684 683
f 682 710 709
f 677 710 685
f 684 700 676
f 700 684 708
f 710 677 701
f 710 682 685
f 684 707 708
f 706 679 680
f 678 705 681
f 680 693 706
f 681 692 669
f 699 679 704
f 698 678 674
f 702 666 690
f 712 667 711
f 697 677 673
f 676 694 670
f 675 696 672
f 698 671 695
f 673 696 697
f 670 695 671
f 689 668 665
f 662 692 686
f 688 667 691
f 690 663 687
f 689 664 688
f 687 662 686
f 677 684 676
f 685 683 684
f 678 680 679
f 681 668 680
f 674 679 675
f 667 661 711
f 673 676 670
f 675 671 674
f 673 671 672
f 668 662 665
f 666 664 663
f 665 663 664
f 2559 2557 2558
f 2561 2557 2560
f 2561 2562 2563
f 2564 2563 2562
f 2566 2559 2567
f 2559 2566 2556
f 2563 2564 2565
f 2562 2561 2560
f 2557 2561 2558
f 2557 2559 2556
f 2149 2150 2151
f 2150 2149 2148
f 1839 1849 1838
f 1849 1840 1838
f 1840 1852 1841
f 1852 1842 1841
f 1842 1854 1843
f 1855 1843 1854
f 1856 1844 1855
f 1856 1846 1845
f 1858 1846 1857
f 1859 1860 1861
f 1839 1859 1850
f 1859 1839 1848
f 1860 1859 1848
f 1846 1858 1847
f 1846 1856 1857
f 1844 1856 1845
f 1843 1855 1844
f 1854 1842 1853
f 1842 1852 1853
f 1852 1840 1851
f 1840 1849 1851
f 1849 1839 1850
f 775 773 774
f 778 776 777
f 775 780 772
f 773 776 774
f 776 773 777
f 780 775 781
f 776 778 779
f 773 775 772
f 161 163 164
f 165 164 163
f 167 166 165
f 169 164 170
f 171 170 172
f 174 171 172
f 175 174 176
f 177 175 176
f 179 178 177
f 180 182 181
f 184 182 183
f 186 183 185
f 185 187 186
f 188 190 187
f 190 191 192
f 194 191 193
f 195 193 196
f 195 197 198
f 198 199 200
f 200 201 202
f 205 203 204
f 204 168 167
f 207 164 166
f 208 170 207
f 174 208 209
f 176 209 210
f 210 177 176
f 179 211 212
f 179 213 182
f 183 213 214
f 185 214 215
f 216 185 215
f 189 216 217
f 189 218 191
f 218 193 191
f 219 196 193
f 220 197 196
f 221 199 197
f 199 223 201
f 166 224 207
f 225 207 224
f 209 225 226
f 210 226 227
f 211 227 228
f 229 211 228
f 212 230 213
f 230 214 213
f 232 214 231
f 216 232 233
f 217 233 234
f 235 217 234
f 236 218 235
f 236 220 219
f 238 220 237
f 221 239 222
f 239 223 222
f 241 206 242
f 224 203 241
f 243 242 244
f 224 243 225
f 245 244 246
f 225 245 226
f 246 247 245
f 226 247 227
f 248 250 247
f 227 250 228
f 250 251 252
f 229 250 252
f 254 251 253
f 252 230 229
f 254 255 256
f 254 231 230
f 255 257 256
f 231 257 232
f 258 259 257
f 257 233 232
f 260 262 259
f 233 262 234
f 263 262 261
f 262 235 234
f 263 265 264
f 264 236 235
f 268 266 267
f 237 265 268
f 269 268 267
f 268 238 237
f 270 271 272
f 238 272 239
f 273 272 271
f 272 240 239
f 275 162 161
f 276 163 162
f 277 165 163
f 165 279 167
f 169 275 161
f 169 281 280
f 282 171 173
f 283 173 175
f 283 178 284
f 284 180 285
f 181 285 180
f 286 184 287
f 186 287 184
f 187 288 186
f 190 289 187
f 291 190 192
f 194 291 192
f 194 293 292
f 198 293 195
f 295 198 200
f 296 202 201
f 295 202 297
f 204 299 205
f 300 205 299
f 204 279 298
f 223 296 201
f 240 301 223
f 242 300 303
f 242 304 244
f 246 304 305
f 246 306 248
f 249 306 307
f 307 251 249
f 251 309 253
f 310 253 309
f 255 311 258
f 260 311 312
f 260 313 261
f 314 261 313
f 266 314 315
f 266 316 267
f 269 316 317
f 271 317 318
f 318 273 271
f 320 273 319
f 274 302 240
f 302 274 320
f 273 320 274
f 273 318 319
f 317 271 269
f 316 269 267
f 316 266 315
f 314 266 263
f 261 314 263
f 313 260 312
f 311 260 258
f 311 255 310
f 253 310 255
f 309 251 308
f 251 307 308
f 306 249 248
f 306 246 305
f 304 246 244
f 304 242 303
f 300 242 206
f 301 240 302
f 296 223 301
f 279 204 167
f 205 300 206
f 299 204 298
f 202 295 200
f 202 296 297
f 198 295 294
f 293 198 294
f 293 194 195
f 291 194 292
f 190 291 290
f 289 190 290
f 288 187 289
f 287 186 288
f 184 286 181
f 285 181 286
f 180 284 178
f 178 283 175
f 173 283 282
f 171 282 281
f 281 169 171
f 275 169 280
f 279 165 278
f 165 277 278
f 163 276 277
f 162 275 276
f 240 272 274
f 272 273 274
f 272 238 270
f 271 270 269
f 238 268 270
f 268 269 270
f 265 237 236
f 266 268 265
f 236 264 265
f 265 263 266
f 235 262 264
f 262 263 264
f 262 233 259
f 262 260 261
f 233 257 259
f 259 258 260
f 257 231 256
f 257 255 258
f 231 254 256
f 255 254 253
f 230 252 254
f 251 254 252
f 250 229 228
f 251 250 249
f 250 227 247
f 250 248 249
f 247 226 245
f 247 246 248
f 245 225 243
f 244 245 243
f 243 224 241
f 242 243 241
f 203 224 168
f 206 241 203
f 223 239 240
f 239 221 238
f 220 238 221
f 220 236 237
f 218 236 219
f 217 235 218
f 233 217 216
f 232 216 215
f 214 232 215
f 214 230 231
f 230 212 229
f 211 229 212
f 227 211 210
f 226 210 209
f 225 209 208
f 207 225 208
f 224 166 168
f 223 199 222
f 199 221 222
f 197 220 221
f 196 219 220
f 193 218 219
f 218 189 217
f 216 189 188
f 185 216 188
f 214 185 183
f 213 183 182
f 213 179 212
f 211 179 177
f 177 210 211
f 209 176 174
f 208 174 172
f 170 208 172
f 164 207 170
f 168 204 203
f 203 205 206
f 201 200 199
f 199 198 197
f 197 195 196
f 193 195 194
f 191 194 192
f 191 190 189
f 190 188 189
f 187 185 188
f 183 186 184
f 182 184 181
f 182 180 179
f 178 179 180
f 175 177 178
f 174 175 173
f 171 174 173
f 170 171 169
f 164 169 161
f 166 167 168
f 164 165 166
f 163 161 162
f 740 738 739
f 742 741 740
f 744 743 742
f 746 745 744
f 738 748 739
f 748 738 749
f 745 746 747
f 743 744 745
f 741 742 743
f 738 740 741
f 4 2 3
f 5 7 8
f 10 6 9
f 11 10 9
f 14 11 13
f 13 16 14
f 18 15 17
f 19 18 17
f 19 22 20
f 24 21 23
f 26 23 25
f 26 27 28
f 27 30 28
f 32 30 29
f 32 34 31
f 38 36 37
f 33 35 34
f 3 37 4
f 13 39 40
f 41 11 9
f 6 41 9
f 43 45 46
f 47 45 44
f 48 49 50
f 49 52 50
f 51 54 52
f 53 56 54
f 57 55 58
f 58 60 57
f 60 61 62
f 62 63 64
f 66 63 65
f 68 65 67
f 68 69 70
f 6 71 42
f 74 72 73
f 76 78 73
f 76 72 79
f 42 75 74
f 80 78 77
f 74 78 82
f 42 82 41
f 83 81 80
f 81 82 78
f 85 41 82
f 86 13 40
f 84 43 46
f 85 84 87
f 40 85 87
f 86 17 15
f 86 87 89
f 84 89 87
f 19 88 90
f 88 89 91
f 91 46 45
f 19 92 21
f 91 90 88
f 48 91 45
f 94 21 92
f 93 92 90
f 95 48 50
f 25 94 96
f 94 95 97
f 95 52 97
f 27 96 98
f 96 97 99
f 54 97 52
f 29 98 100
f 98 99 101
f 56 99 54
f 100 32 29
f 98 103 100
f 103 56 57
f 102 33 32
f 103 102 100
f 60 103 57
f 36 104 106
f 104 105 107
f 60 107 105
f 36 108 37
f 106 107 109
f 109 62 64
f 108 110 111
f 109 108 106
f 109 66 112
f 111 1 4
f 114 111 110
f 37 111 4
f 70 110 68
f 68 112 66
f 115 2 1
f 116 3 2
f 118 8 7
f 5 119 120
f 10 118 7
f 12 121 10
f 12 123 122
f 16 123 14
f 125 16 18
f 18 126 125
f 127 20 22
f 24 127 22
f 129 24 26
f 28 129 26
f 30 130 28
f 31 131 30
f 133 31 34
f 38 135 35
f 135 34 35
f 117 38 3
f 43 137 44
f 137 47 44
f 138 49 47
f 140 49 139
f 140 53 51
f 141 55 53
f 55 143 58
f 58 144 59
f 61 144 145
f 61 146 63
f 146 65 63
f 147 67 65
f 70 149 150
f 148 69 67
f 151 5 120
f 75 153 72
f 77 154 155
f 79 154 76
f 79 153 156
f 152 71 151
f 155 80 77
f 83 157 158
f 83 136 43
f 113 115 1
f 113 160 159
f 114 150 160
f 150 114 70
f 160 113 114
f 115 113 159
f 136 83 158
f 157 83 80
f 80 155 157
f 71 152 75
f 153 79 72
f 154 79 156
f 154 77 76
f 153 75 152
f 5 151 71
f 69 148 149
f 149 70 69
f 67 147 148
f 65 146 147
f 146 61 145
f 144 61 59
f 144 58 143
f 143 55 142
f 55 141 142
f 53 140 141
f 49 140 51
f 49 138 139
f 47 137 138
f 137 43 136
f 38 117 134
f 34 135 133
f 135 38 134
f 31 133 132
f 131 31 132
f 130 30 131
f 129 28 130
f 24 129 128
f 127 24 128
f 20 127 126
f 126 18 20
f 16 125 124
f 123 16 124
f 123 12 14
f 121 12 122
f 118 10 121
f 119 5 8
f 8 118 119
f 3 116 117
f 2 115 116
f 112 68 110
f 110 70 114
f 111 37 108
f 111 114 113
f 1 111 113
f 66 109 64
f 108 109 112
f 110 108 112
f 62 109 107
f 107 106 104
f 108 36 106
f 107 60 62
f 105 104 102
f 104 36 33
f 103 60 105
f 102 103 105
f 33 102 104
f 56 103 101
f 103 98 101
f 32 100 102
f 99 56 101
f 99 98 96
f 98 29 27
f 97 54 99
f 97 96 94
f 96 27 25
f 52 95 50
f 95 94 92
f 94 25 23
f 48 95 93
f 92 93 95
f 21 94 23
f 91 48 93
f 90 91 93
f 92 19 90
f 46 91 89
f 89 88 86
f 88 19 17
f 89 84 46
f 87 86 40
f 17 86 88
f 85 40 39
f 84 85 81
f 43 84 83
f 13 86 15
f 41 85 39
f 82 81 85
f 81 83 84
f 82 42 74
f 78 74 73
f 78 80 81
f 75 42 71
f 72 76 73
f 78 76 77
f 72 74 75
f 71 6 5
f 69 68 67
f 65 68 66
f 63 66 64
f 63 62 61
f 61 60 59
f 60 58 59
f 55 57 56
f 56 53 55
f 54 51 53
f 52 49 51
f 49 48 47
f 45 47 48
f 45 43 44
f 41 6 42
f 11 41 39
f 39 13 11
f 37 3 38
f 35 33 36
f 36 38 35
f 34 32 33
f 30 32 31
f 30 27 29
f 27 26 25
f 23 26 24
f 21 24 22
f 22 19 21
f 18 19 20
f 15 18 16
f 16 13 15
f 11 14 12
f 10 11 12
f 6 10 7
f 7 5 6
f 2 4 1
f 1113 1111 1112
f 1115 1112 1114
f 1116 1114 1112
f 1112 1118 1116
f 1121 1119 1120
f 1120 1124 1121
f 1122 1125 1126
f 1121 1127 1125
f 1128 1117 1129
f 1111 1117 1112
f 1131 1117 1130
f 1135 1133 1134
f 1123 1135 1134
f 1120 1136 1135
f 1137 1135 1136
f 1139 1141 1138
f 1131 1141 1129
f 1133 1140 1139
f 1140 1137 1142
f 1141 1142 1143
f 1143 1129 1141
f 1144 1146 1147
f 1146 1149 1147
f 1148 1150 1151
f 1152 1151 1150
f 1153 1154 1155
f 1156 1158 1159
f 1155 1156 1159
f 1162 1160 1161
f 1160 1158 1157
f 1161 1165 1162
f 1166 1146 1145
f 1150 1166 1167
f 1150 1168 1152
f 1154 1168 1169
f 1170 1156 1171
f 1154 1171 1156
f 1173 1160 1172
f 1160 1170 1172
f 1164 1173 1174
f 1165 1176 1175
f 1125 1178 1126
f 1178 1176 1179
f 1127 1177 1125
f 1176 1180 1175
f 1174 1176 1164
f 1176 1174 1179
f 1180 1176 1177
f 1177 1127 1180
f 1176 1178 1177
f 1178 1125 1177
f 1176 1165 1164
f 1173 1164 1161
f 1170 1160 1157
f 1160 1173 1161
f 1171 1154 1169
f 1156 1170 1157
f 1168 1154 1152
f 1168 1150 1167
f 1166 1150 1146
f 1165 1161 1164
f 1158 1160 1163
f 1160 1162 1163
f 1156 1155 1154
f 1158 1156 1157
f 1154 1153 1152
f 1151 1152 1153
f 1150 1148 1146
f 1149 1146 1148
f 1146 1144 1145
f 1129 1143 1128
f 1142 1141 1140
f 1137 1140 1132
f 1140 1133 1132
f 1141 1131 1138
f 1141 1139 1140
f 1135 1137 1132
f 1136 1120 1119
f 1135 1123 1120
f 1133 1135 1132
f 1117 1131 1129
f 1117 1111 1130
f 1117 1128 1118
f 1127 1121 1124
f 1125 1122 1121
f 1124 1120 1123
f 1119 1121 1122
f 1118 1112 1117
f 1112 1115 1113
f 1111 1113 1110
f 2578 2581 2579
f 2584 2586 2587
f 2580 2586 2581
f 2583 2584 2585
f 2584 2583 2582
f 2586 2580 2587
f 2586 2584 2582
f 2581 2578 2580
f 723 713 722
f 714 715 713
f 727 717 718
f 719 718 717
f 717 721 724
f 714 727 718
f 717 725 719
f 718 716 714
f 716 718 720
f 725 717 724
f 727 714 723
f 721 717 726
f 718 719 720
f 717 727 726
f 715 714 716
f 713 723 714
f 1344 1342 1343
f 1355 1346 1347
f 1346 1349 1347
f 1351 1348 1350
f 1353 1350 1352
f 1344 1352 1345
f 1352 1344 1353
f 1350 1353 1351
f 1348 1351 1349
f 1349 1346 1348
f 1346 1355 1354
f 1342 1344 1345
f 1557 1559 1556
f 1559 1557 1558
f 2155 2154 2152
f 2154 2155 2153
f 511 513 510
f 515 511 514
f 509 510 513
f 519 517 518
f 516 514 517
f 520 513 512
f 522 510 523
f 520 515 524
f 511 525 514
f 523 531 532
f 513 526 509
f 527 516 519
f 529 518 517
f 514 529 517
f 524 516 528
f 516 524 515
f 529 514 525
f 518 529 530
f 516 527 528
f 526 513 521
f 531 523 510
f 525 511 522
f 515 520 512
f 510 522 511
f 513 520 521
f 514 516 515
f 517 519 516
f 510 509 531
f 511 515 512
f 513 511 512
f 2500 2498 2497
f 2505 2503 2502
f 2504 2496 2503
f 2502 2501 2505
f 2501 2502 2498
f 2496 2504 2499
f 2503 2505 2504
f 2498 2500 2501
f 2329 2326 2328
f 2326 2329 2327
f 2253 2250 2251
f 2250 2253 2252
f 2459 2461 2458
f 2463 2465 2462
f 2467 2469 2466
f 2471 2468 2470
f 2460 2465 2464
f 2462 2466 2463
f 2470 2473 2471
f 2458 2457 2490
f 2491 2472 2492
f 2460 2475 2461
f 2477 2458 2476
f 2478 2462 2465
f 2480 2464 2463
f 2466 2482 2483
f 2467 2485 2468
f 2486 2468 2485
f 2482 2471 2487
f 2478 2459 2477
f 2460 2481 2474
f 2462 2484 2467
f 2480 2466 2483
f 2488 2471 2473
f 2489 2470 2486
f 2490 2476 2458
f 2494 2472 2489
f 2473 2495 2488
f 2495 2473 2491
f 2472 2494 2492
f 2476 2490 2493
f 2470 2489 2472
f 2471 2488 2487
f 2466 2480 2463
f 2484 2462 2479
f 2481 2460 2464
f 2459 2478 2465
f 2471 2482 2469
f 2468 2486 2470
f 2485 2467 2484
f 2482 2466 2469
f 2464 2480 2481
f 2462 2478 2479
f 2458 2477 2459
f 2475 2460 2474
f 2472 2491 2473
f 2457 2458 2461
f 2473 2470 2472
f 2466 2462 2467
f 2465 2460 2459
f 2468 2471 2469
f 2469 2467 2468
f 2465 2463 2464
f 2461 2459 2460
f 2549 2546 2550
f 2547 2549 2548
f 2546 2549 2547
f 1300 1298 1299
f 1301 1300 1302
f 1303 1301 1302
f 1304 1305 1306
f 1306 1308 1307
f 1310 1308 1309
f 1312 1309 1311
f 1298 1311 1299
f 1315 1313 1314
f 1318 1316 1315
f 1317 1319 1316
f 1320 1313 1316
f 1316 1300 1299
f 1311 1316 1299
f 1313 1311 1309
f 1309 1314 1313
f 1308 1315 1314
f 1305 1318 1315
f 1302 1318 1303
f 1317 1300 1319
f 1300 1317 1302
f 1318 1302 1317
f 1318 1305 1303
f 1315 1308 1305
f 1314 1309 1308
f 1311 1313 1320
f 1316 1311 1320
f 1300 1316 1319
f 1316 1318 1317
f 1313 1315 1316
f 1311 1298 1312
f 1309 1312 1310
f 1308 1310 1307
f 1308 1306 1305
f 1305 1304 1303
f 1301 1303 1304
f 1300 1301 1297
f 1298 1300 1297
f 394 396 397
f 398 397 396
f 415 395 394
f 402 400 401
f 403 398 400
f 394 404 405
f 396 406 407
f 397 408 404
f 396 409 398
f 406 393 410
f 415 405 416
f 411 403 402
f 401 413 414
f 398 413 400
f 408 403 412
f 403 408 399
f 413 398 409
f 413 401 400
f 403 411 412
f 405 415 394
f 393 406 395
f 409 396 407
f 408 397 399
f 406 396 395
f 404 394 397
f 398 403 399
f 400 402 403
f 395 415 393
f 397 398 399
f 396 394 395
f 1358 1356 1357
f 1368 1360 1361
f 1360 1363 1361
f 1363 1364 1365
f 1364 1367 1365
f 1358 1367 1366
f 1367 1358 1357
f 1367 1364 1366
f 1364 1363 1362
f 1363 1360 1362
f 1360 1368 1369
f 1356 1358 1359
f 2419 2421 2422
f 2424 2426 2423
f 2430 2428 2429
f 2428 2431 2429
f 2424 2421 2425
f 2427 2423 2426
f 2432 2434 2431
f 2418 2419 2451
f 2434 2453 2452
f 2422 2436 2419
f 2421 2437 2438
f 2439 2425 2440
f 2441 2423 2442
f 2444 2429 2443
f 2428 2446 2445
f 2447 2428 2445
f 2429 2448 2443
f 2440 2421 2438
f 2441 2422 2424
f 2426 2446 2427
f 2430 2442 2423
f 2448 2434 2449
f 2450 2432 2447
f 2451 2436 2454
f 2434 2456 2449
f 2455 2433 2450
f 2433 2455 2453
f 2456 2434 2452
f 2436 2451 2419
f 2432 2450 2433
f 2434 2448 2431
f 2442 2430 2444
f 2446 2426 2439
f 2422 2441 2435
f 2421 2440 2425
f 2448 2429 2431
f 2428 2447 2432
f 2446 2428 2427
f 2429 2444 2430
f 2423 2441 2424
f 2425 2439 2426
f 2437 2421 2420
f 2436 2422 2435
f 2453 2434 2433
f 2419 2418 2420
f 2434 2432 2433
f 2423 2427 2430
f 2421 2424 2422
f 2431 2428 2432
f 2428 2430 2427
f 2426 2424 2425
f 2421 2419 2420
f 805 803 804
f 809 807 808
f 805 808 802
f 811 819 810
f 814 813 821
f 817 820 816
f 822 804 803
f 807 815 817
f 821 810 819
f 811 820 818
f 820 811 816
f 810 821 813
f 815 807 806
f 804 822 823
f 820 817 815
f 813 814 812
f 819 811 818
f 808 805 809
f 807 809 806
f 803 805 802
f 728 730 731
f 734 732 733
f 736 733 737
f 735 730 732
f 730 735 731
f 733 736 734
f 732 734 735
f 730 728 729
f 2171 2168 2169
f 2168 2171 2170
f 2507 2510 2506
f 2507 2508 2509
f 2510 2507 2509
f 752 750 751
f 754 756 757
f 751 756 755
f 766 759 767
f 768 760 761
f 765 763 764
f 771 753 752
f 763 757 764
f 762 767 759
f 766 765 758
f 765 766 769
f 767 762 768
f 757 763 754
f 753 771 770
f 763 765 769
f 760 768 762
f 759 766 758
f 756 751 750
f 756 754 755
f 750 752 753
f 2371 2372 2373
f 2372 2371 2370
f 2346 2333 2347
f 2335 2344 2336
f 2335 2346 2345
f 2349 2332 2330
f 2332 2347 2333
f 2349 2330 2331
f 2337 2342 2338
f 2337 2344 2343
f 2338 2341 2339
f 2339 2341 2340
f 2341 2338 2342
f 2344 2337 2336
f 2342 2337 2343
f 2347 2332 2348
f 2332 2349 2348
f 2346 2335 2334
f 2344 2335 2345
f 2333 2346 2334
f 1523 1516 1517
f 1518 1524 1525
f 1519 1525 1526
f 1526 1520 1519
f 1528 1520 1527
f 1522 1528 1529
f 1528 1522 1521
f 1520 1528 1521
f 1520 1526 1527
f 1525 1519 1518
f 1524 1518 1516
f 1516 1523 1524
f 2037 2043 2036
f 2038 2044 2037
f 2039 2045 2038
f 2047 2039 2040
f 2040 2048 2047
f 2049 2041 2042
f 2041 2049 2048
f 2048 2040 2041
f 2039 2047 2046
f 2045 2039 2046
f 2044 2038 2045
f 2043 2037 2044
f 2518 2516 2517
f 2521 2525 2524
f 2519 2524 2525
f 2522 2520 2523
f 2520 2522 2521
f 2524 2519 2518
f 2525 2521 2522
f 2516 2518 2519
f 2291 2278 2290
f 2289 2280 2288
f 2279 2290 2278
f 2292 2274 2276
f 2292 2277 2291
f 2293 2275 2274
f 2281 2286 2287
f 2281 2288 2280
f 2282 2285 2286
f 2283 2284 2285
f 2285 2282 2283
f 2288 2281 2287
f 2286 2281 2282
f 2277 2292 2276
f 2274 2292 2293
f 2290 2279 2289
f 2280 2289 2279
f 2278 2291 2277
f 845 843 844
f 847 843 846
f 845 848 849
f 848 847 850
f 843 851 852
f 852 846 843
f 854 842 845
f 856 842 855
f 854 849 857
f 852 858 859
f 853 859 860
f 856 858 851
f 863 858 862
f 863 860 859
f 858 865 862
f 862 988 863
f 988 864 863
f 991 862 865
f 867 848 866
f 867 857 849
f 870 850 869
f 848 870 866
f 869 872 870
f 873 870 872
f 874 872 871
f 877 874 876
f 873 875 878
f 875 879 878
f 866 873 867
f 881 879 880
f 878 882 883
f 881 884 882
f 887 884 886
f 884 883 882
f 886 890 887
f 890 891 892
f 893 892 891
f 893 895 892
f 895 897 892
f 897 890 892
f 894 899 895
f 895 900 896
f 890 901 887
f 887 902 888
f 883 902 903
f 903 878 883
f 867 873 903
f 904 903 902
f 903 905 867
f 906 902 901
f 907 905 904
f 907 906 909
f 867 908 868
f 896 901 897
f 906 900 909
f 911 908 910
f 857 911 912
f 913 908 907
f 914 907 909
f 914 900 915
f 916 900 899
f 899 917 916
f 912 854 857
f 919 854 918
f 920 856 855
f 855 919 920
f 921 861 856
f 856 923 921
f 920 923 856
f 922 865 861
f 992 865 924
f 924 922 925
f 926 928 929
f 926 930 931
f 926 933 927
f 932 931 934
f 936 932 935
f 935 934 937
f 939 935 938
f 937 938 935
f 942 938 941
f 941 940 943
f 919 941 944
f 944 943 945
f 944 923 920
f 946 944 945
f 920 919 944
f 947 923 946
f 921 925 922
f 928 948 949
f 933 948 927
f 951 933 936
f 951 939 952
f 939 953 952
f 953 919 918
f 949 956 954
f 957 949 948
f 957 950 958
f 951 958 950
f 952 959 951
f 952 961 960
f 953 912 961
f 957 963 955
f 962 958 964
f 959 964 958
f 959 966 965
f 960 967 966
f 961 912 967
f 967 911 910
f 962 917 963
f 964 916 962
f 964 914 915
f 914 966 913
f 913 967 910
f 929 968 930
f 993 968 969
f 969 928 970
f 970 949 954
f 971 969 970
f 954 971 970
f 954 995 972
f 974 917 973
f 956 963 974
f 974 995 956
f 973 898 976
f 975 973 996
f 996 976 997
f 894 976 898
f 997 977 998
f 979 891 978
f 893 977 894
f 977 980 998
f 978 889 981
f 999 979 978
f 981 999 978
f 885 886 884
f 889 982 981
f 982 1000 981
f 983 885 984
f 984 881 985
f 877 880 879
f 1001 881 880
f 986 1002 1003
f 1003 880 986
f 986 876 987
f 876 986 877
f 880 1003 1001
f 1002 986 987
f 881 1001 985
f 880 877 986
f 881 984 885
f 885 983 982
f 1000 982 983
f 982 889 886
f 886 885 982
f 999 981 1000
f 979 999 980
f 889 978 891
f 980 977 979
f 977 893 979
f 891 979 893
f 977 997 976
f 976 894 977
f 976 996 973
f 973 975 974
f 898 973 917
f 995 974 975
f 963 956 955
f 917 974 963
f 995 954 956
f 971 954 972
f 969 971 993
f 949 970 928
f 928 969 929
f 968 993 994
f 968 929 969
f 967 913 966
f 966 914 965
f 914 964 965
f 916 964 915
f 917 962 916
f 911 967 912
f 967 960 961
f 966 959 960
f 964 959 965
f 958 962 957
f 963 957 962
f 912 953 918
f 961 952 953
f 959 952 960
f 958 951 959
f 950 957 948
f 949 957 955
f 956 949 955
f 919 953 942
f 953 939 942
f 939 951 936
f 933 951 950
f 948 933 950
f 948 928 927
f 925 921 947
f 923 947 921
f 944 946 923
f 943 944 941
f 941 919 942
f 940 941 938
f 938 942 939
f 938 937 940
f 935 939 936
f 934 935 932
f 932 936 933
f 931 932 926
f 933 926 932
f 930 926 929
f 928 926 927
f 922 924 865
f 865 992 991
f 861 921 922
f 854 919 855
f 854 912 918
f 917 899 898
f 900 916 915
f 900 914 909
f 907 914 913
f 908 913 910
f 911 857 868
f 908 911 868
f 900 906 896
f 901 896 906
f 908 867 905
f 906 907 904
f 905 907 908
f 902 906 904
f 903 904 905
f 878 903 873
f 902 883 888
f 902 887 901
f 901 890 897
f 900 895 899
f 899 894 898
f 897 895 896
f 895 893 894
f 891 890 889
f 890 886 889
f 883 884 888
f 884 887 888
f 884 881 885
f 882 878 879
f 879 881 882
f 879 875 877
f 875 873 872
f 874 877 875
f 872 874 875
f 870 873 866
f 872 869 871
f 850 870 848
f 857 867 868
f 848 867 849
f 862 991 990
f 864 988 989
f 988 862 990
f 865 858 861
f 860 863 864
f 858 863 859
f 858 856 861
f 859 853 852
f 858 852 851
f 849 854 845
f 842 856 851
f 842 854 855
f 846 852 853
f 851 843 842
f 847 848 844
f 848 845 844
f 843 847 844
f 843 845 842
f 2683 2681 2682
f 2684 2685 2681
f 2686 2687 2685
f 2682 2690 2683
f 2692 2689 2691
f 2694 2696 2693
f 2697 2691 2689
f 2695 2692 2691
f 2696 2699 2693
f 2698 2701 2699
f 2702 2704 2705
f 2706 2707 2708
f 2704 2706 2708
f 2709 2703 2710
f 2712 2714 2711
f 2710 2714 2713
f 2716 2715 2712
f 2696 2718 2698
f 2712 2718 2716
f 2713 2715 2719
f 2710 2719 2720
f 2721 2706 2709
f 2721 2710 2720
f 2722 2715 2717
f 2695 2697 2717
f 2717 2696 2695
f 2687 2723 2724
f 2725 2726 2727
f 2706 2726 2707
f 2728 2721 2729
f 2729 2720 2730
f 2730 2719 2731
f 2715 2731 2719
f 2722 2732 2715
f 2717 2697 2722
f 2724 2734 2687
f 2685 2734 2735
f 2736 2685 2735
f 2682 2736 2737
f 2738 2682 2737
f 2697 2738 2722
f 2736 2740 2739
f 2741 2735 2734
f 2739 2737 2736
f 2744 2739 2743
f 2742 2738 2737
f 2748 2746 2747
f 2749 2750 2751
f 2752 2751 2750
f 2754 2753 2752
f 2756 2755 2754
f 2726 2758 2727
f 2726 2760 2759
f 2729 2760 2728
f 2762 2729 2730
f 2730 2763 2762
f 2765 2746 2749
f 2749 2766 2765
f 2761 2767 2768
f 2769 2751 2753
f 2766 2770 2771
f 2768 2771 2770
f 2769 2755 2772
f 2773 2768 2770
f 2770 2772 2773
f 2768 2760 2761
f 2773 2776 2774
f 2760 2776 2759
f 2757 2772 2755
f 2775 2772 2777
f 2778 2771 2767
f 2771 2765 2766
f 2765 2780 2764
f 2746 2781 2744
f 2781 2764 2780
f 2742 2781 2745
f 2738 2782 2722
f 2781 2782 2745
f 2783 2780 2784
f 2782 2732 2722
f 2782 2784 2785
f 2731 2785 2763
f 2784 2763 2785
f 2767 2763 2778
f 2778 2780 2779
f 2747 2744 2743
f 2743 2739 2786
f 2786 2739 2740
f 2787 2723 2788
f 2733 2787 2789
f 2733 2741 2734
f 2791 2733 2789
f 2791 2793 2790
f 2741 2790 2794
f 2794 2793 2795
f 2741 2796 2740
f 2795 2796 2794
f 2798 2743 2786
f 2799 2798 2786
f 2801 2799 2800
f 2740 2796 2799
f 2799 2797 2800
f 2786 2740 2799
f 2747 2798 2802
f 2802 2801 2803
f 2804 2747 2802
f 2803 2804 2802
f 2748 2806 2750
f 2805 2806 2804
f 2750 2808 2752
f 2807 2808 2806
f 2752 2810 2754
f 2809 2810 2808
f 2813 2814 2812
f 2814 2754 2810
f 2810 2815 2814
f 2812 2815 2816
f 2817 2816 2818
f 2812 2836 2813
f 2757 2813 2819
f 2821 2777 2820
f 2820 2757 2819
f 2819 2836 2837
f 2820 2837 2822
f 2822 2821 2820
f 2776 2758 2759
f 2775 2823 2776
f 2823 2838 2824
f 2825 2823 2824
f 2727 2825 2826
f 2708 2705 2704
f 2725 2708 2707
f 2826 2725 2727
f 2827 2839 2828
f 2828 2705 2827
f 2702 2714 2703
f 2840 2705 2829
f 2831 2714 2830
f 2840 2830 2702
f 2698 2832 2700
f 2832 2711 2831
f 2841 2831 2830
f 2842 2832 2831
f 2701 2835 2834
f 2832 2835 2700
f 2835 2832 2833
f 2835 2701 2700
f 2832 2842 2833
f 2831 2841 2842
f 2711 2832 2718
f 2832 2698 2718
f 2830 2840 2841
f 2714 2831 2711
f 2705 2840 2702
f 2714 2702 2830
f 2705 2828 2829
f 2839 2827 2725
f 2725 2826 2839
f 2708 2725 2827
f 2705 2708 2827
f 2825 2727 2758
f 2823 2825 2758
f 2838 2823 2821
f 2823 2775 2821
f 2758 2776 2823
f 2821 2822 2838
f 2837 2820 2819
f 2836 2819 2813
f 2757 2820 2777
f 2777 2821 2775
f 2813 2757 2756
f 2836 2812 2817
f 2816 2817 2812
f 2815 2812 2814
f 2815 2810 2811
f 2754 2814 2756
f 2814 2813 2756
f 2810 2809 2811
f 2810 2752 2808
f 2808 2807 2809
f 2808 2750 2806
f 2806 2805 2807
f 2806 2748 2804
f 2804 2803 2805
f 2747 2804 2748
f 2801 2802 2798
f 2798 2747 2743
f 2797 2799 2796
f 2799 2801 2798
f 2796 2795 2797
f 2796 2741 2794
f 2793 2794 2790
f 2793 2791 2792
f 2733 2791 2790
f 2741 2733 2790
f 2787 2733 2724
f 2723 2787 2724
f 2744 2747 2746
f 2780 2778 2784
f 2763 2767 2762
f 2763 2784 2778
f 2785 2731 2732
f 2784 2782 2783
f 2732 2782 2785
f 2780 2783 2781
f 2782 2781 2783
f 2782 2738 2745
f 2781 2742 2744
f 2781 2746 2764
f 2780 2765 2779
f 2765 2771 2779
f 2771 2778 2779
f 2772 2775 2773
f 2772 2757 2777
f 2776 2760 2774
f 2776 2773 2775
f 2760 2768 2774
f 2772 2770 2769
f 2768 2773 2774
f 2755 2769 2753
f 2771 2768 2767
f 2770 2766 2769
f 2751 2769 2766
f 2767 2761 2762
f 2766 2749 2751
f 2746 2765 2764
f 2763 2730 2731
f 2729 2762 2761
f 2760 2729 2761
f 2760 2726 2728
f 2758 2726 2759
f 2755 2756 2757
f 2753 2754 2755
f 2751 2752 2753
f 2750 2749 2748
f 2746 2748 2749
f 2738 2742 2745
f 2739 2744 2742
f 2737 2739 2742
f 2735 2741 2740
f 2740 2736 2735
f 2738 2697 2689
f 2682 2738 2689
f 2736 2682 2681
f 2685 2736 2681
f 2734 2685 2687
f 2734 2724 2733
f 2731 2715 2732
f 2719 2730 2720
f 2720 2729 2721
f 2721 2728 2706
f 2726 2706 2728
f 2726 2725 2707
f 2723 2687 2688
f 2696 2717 2716
f 2697 2695 2691
f 2710 2721 2709
f 2719 2710 2713
f 2715 2713 2712
f 2718 2712 2711
f 2718 2696 2716
f 2715 2716 2717
f 2714 2710 2703
f 2714 2712 2713
f 2703 2709 2704
f 2706 2704 2709
f 2704 2702 2703
f 2701 2698 2700
f 2699 2696 2698
f 2692 2695 2694
f 2696 2694 2695
f 2689 2692 2690
f 2690 2682 2689
f 2687 2686 2688
f 2685 2684 2686
f 2681 2683 2684
f 2513 2512 2511
f 2514 2511 2515
f 2511 2514 2513
f 2087 2085 2084
f 2085 2087 2086
f 2553 2552 2551
f 2553 2555 2552
f 2555 2553 2554
f 2527 2528 2526
f 2535 2532 2533
f 2529 2532 2534
f 2533 2530 2535
f 2530 2533 2531
f 2532 2529 2527
f 2532 2535 2534
f 2528 2527 2529
f 2569 2571 2570
f 2574 2576 2575
f 2570 2574 2569
f 2576 2572 2575
f 2572 2576 2573
f 2574 2570 2577
f 2576 2574 2577
f 2571 2569 2568
f 824 826 827
f 827 829 824
f 828 831 829
f 832 827 826
f 828 832 833
f 834 833 832
f 830 828 833
f 835 830 833
f 835 837 838
f 836 835 838
f 839 832 826
f 837 834 839
f 841 839 840
f 840 838 841
f 841 838 837
f 838 840 836
f 839 841 837
f 832 839 834
f 837 835 834
f 830 835 836
f 833 834 835
f 832 828 827
f 831 828 830
f 829 827 828
f 826 824 825
f 2141 2140 2143
f 2140 2141 2142
f 1915 1909 1910
f 1904 1906 1903
f 1914 1912 1913
f 1910 1914 1915
f 1909 1900 1908
f 1907 1900 1902
f 1902 1906 1907
f 1906 1902 1903
f 1900 1907 1908
f 1900 1909 1901
f 1914 1910 1911
f 1912 1914 1911
f 1906 1904 1905
f 1909 1915 1901
f 1866 1863 1862
f 1868 1871 1872
f 1867 1872 1863
f 1866 1864 1865
f 1869 1870 1871
f 1864 1866 1862
f 1872 1867 1868
f 1871 1868 1869
f 1863 1866 1867
f 2159 2156 2158
f 2156 2159 2157
f 1810 1812 1813
f 1812 1810 1811
f 1899 1893 1894
f 1888 1890 1887
f 1895 1897 1898
f 1899 1895 1898
f 1885 1892 1893
f 1892 1886 1891
f 1886 1890 1891
f 1890 1886 1887
f 1886 1892 1884
f 1892 1885 1884
f 1895 1899 1894
f 1897 1895 1896
f 1890 1888 1889
f 1893 1899 1885
f 2076 2078 2079
f 2078 2076 2077
f 2163 2161 2160
f 2161 2163 2162
f 2226 2229 2227
f 2229 2226 2228
f 2133 2135 2132
f 2135 2133 2134
f 1547 1545 1546
f 1545 1547 1544
f 2139 2137 2136
f 2137 2139 2138
f 1502 1504 1505
f 1507 1504 1506
f 1507 1508 1509
f 1510 1509 1508
f 1512 1510 1513
f 1514 1513 1515
f 1513 1514 1512
f 1510 1512 1511
f 1509 1510 1511
f 1508 1507 1506
f 1504 1507 1505
f 1504 1502 1503
f 2260 2262 2261
f 2262 2260 2263
f 1531 1533 1530
f 1533 1534 1530
f 1536 1535 1537
f 1537 1539 1536
f 1540 1539 1538
f 1541 1542 1543
f 1542 1541 1540
f 1539 1540 1541
f 1539 1537 1538
f 1535 1536 1534
f 1534 1533 1535
f 1533 1531 1532
f 1726 1728 1729
f 1728 1726 1727
f 2256 2254 2255
f 2258 2256 2259
f 2256 2258 2257
f 2254 2256 2257
f 1632 1630 1631
f 1630 1632 1633
f 1603 1605 1602
f 1605 1603 1604
f 2101 2097 2100
f 2096 2098 2097
f 2103 2100 2102
f 2103 2105 2104
f 2105 2103 2102
f 2100 2103 2101
f 2098 2096 2099
f 2097 2101 2096
f 2214 2213 2212
f 2215 2216 2217
f 2216 2215 2214
f 2213 2214 2215
f 2147 2146 2144
f 2146 2147 2145
f 1499 1497 1498
f 1501 1499 1500
f 1499 1501 1496
f 1497 1499 1496
f 2354 2367 2366
f 2355 2364 2356
f 2365 2354 2366
f 2351 2368 2352
f 2353 2368 2367
f 2369 2351 2350
f 2357 2362 2358
f 2363 2356 2364
f 2358 2361 2359
f 2359 2361 2360
f 2361 2358 2362
f 2356 2363 2357
f 2362 2357 2363
f 2368 2353 2352
f 2368 2351 2369
f 2354 2365 2355
f 2364 2355 2365
f 2367 2354 2353
f 2298 2311 2297
f 2309 2300 2308
f 2310 2299 2309
f 2294 2312 2313
f 2296 2311 2312
f 2313 2295 2294
f 2307 2302 2306
f 2308 2301 2307
f 2306 2303 2305
f 2303 2304 2305
f 2303 2306 2302
f 2301 2308 2300
f 2302 2307 2301
f 2311 2296 2297
f 2312 2294 2296
f 2299 2310 2298
f 2300 2309 2299
f 2311 2298 2310
f 1058 1060 1057
f 1061 1059 1058
f 1063 1062 1061
f 1065 1060 1059
f 1067 1066 1065
f 1069 1068 1067
f 1071 1070 1069
f 1071 1074 1072
f 1074 1075 1076
f 1078 1075 1077
f 1080 1077 1079
f 1082 1079 1081
f 1081 1084 1082
f 1084 1085 1086
f 1089 1087 1088
f 1086 1087 1090
f 1091 1089 1088
f 1064 1093 1062
f 1094 1091 1093
f 1065 1062 1093
f 1067 1095 1096
f 1093 1098 1065
f 1098 1095 1065
f 1096 1069 1067
f 1069 1099 1071
f 1073 1099 1100
f 1101 1093 1091
f 1087 1101 1088
f 1101 1091 1088
f 1103 1087 1085
f 1081 1103 1083
f 1103 1085 1083
f 1105 1081 1079
f 1079 1077 1105
f 1075 1073 1100
f 1077 1100 1105
f 1097 1106 1098
f 1107 1096 1095
f 1098 1107 1095
f 1102 1106 1101
f 1103 1108 1102
f 1105 1108 1104
f 1105 1100 1109
f 1107 1100 1099
f 1099 1096 1107
f 1109 1106 1108
f 1106 1109 1107
f 1100 1107 1109
f 1108 1105 1109
f 1108 1103 1104
f 1106 1102 1108
f 1107 1098 1106
f 1106 1097 1101
f 1100 1077 1075
f 1081 1105 1104
f 1103 1081 1104
f 1087 1103 1102
f 1101 1087 1102
f 1093 1101 1097
f 1099 1073 1071
f 1099 1069 1096
f 1098 1093 1097
f 1095 1067 1065
f 1062 1065 1059
f 1091 1094 1092
f 1093 1064 1094
f 1089 1091 1092
f 1087 1086 1085
f 1087 1089 1090
f 1085 1084 1083
f 1084 1081 1083
f 1079 1082 1080
f 1077 1080 1078
f 1075 1078 1076
f 1075 1074 1073
f 1074 1071 1073
f 1070 1071 1072
f 1068 1069 1070
f 1066 1067 1068
f 1060 1065 1066
f 1062 1063 1064
f 1059 1061 1062
f 1060 1058 1059
f 1006 1004 1005
f 1010 1008 1009
f 1004 1009 1005
f 1013 1010 1012
f 1014 1007 1015
f 1016 1013 1012
f 1018 1017 1016
f 1018 1016 1020
f 1012 1020 1016
f 1019 1022 1023
f 1022 1020 1024
f 1025 1022 1026
f 1025 1028 1027
f 1028 1026 1029
f 1029 1022 1024
f 1028 1030 1027
f 1029 1031 1028
f 1034 1031 1033
f 1037 1035 1036
f 1040 1038 1039
f 1041 1033 1042
f 1043 1031 1032
f 1044 1042 1045
f 1045 1046 1044
f 1047 1039 1046
f 1047 1045 1048
f 1049 1036 1035
f 1050 1029 1024
f 1042 1033 1043
f 1043 1045 1042
f 1048 1043 1051
f 1052 1047 1048
f 1032 1051 1043
f 1035 1052 1049
f 1053 1048 1051
f 1049 1052 1053
f 1050 1053 1051
f 1055 1049 1053
f 1054 1024 1020
f 1012 1004 1014
f 1037 1014 1015
f 1014 1049 1055
f 1014 1021 1012
f 1014 1055 1056
f 1054 1021 1056
f 1055 1054 1056
f 1054 1055 1053
f 1021 1054 1020
f 1021 1014 1056
f 1049 1014 1036
f 1014 1037 1036
f 1004 1012 1010
f 1024 1054 1050
f 1053 1050 1054
f 1048 1053 1052
f 1052 1035 1040
f 1051 1032 1050
f 1047 1052 1040
f 1045 1043 1048
f 1029 1050 1032
f 1039 1047 1040
f 1046 1045 1047
f 1042 1044 1041
f 1031 1043 1033
f 1033 1041 1034
f 1038 1040 1035
f 1035 1037 1038
f 1031 1034 1030
f 1031 1029 1032
f 1030 1028 1031
f 1022 1029 1026
f 1028 1025 1026
f 1022 1025 1023
f 1020 1022 1018
f 1022 1019 1018
f 1020 1012 1021
f 1017 1018 1019
f 1013 1016 1017
f 1007 1014 1004
f 1010 1013 1011
f 1009 1004 1010
f 1008 1010 1011
f 1004 1006 1007
