# Decoded from sources/assets/lusion.dev/assets/models/plant.buf
# Position/index data decoded from public .buf header and payload.
v -0.0060451 0.0007433 -0.0036048
v -0.0080669 0.0016638 0.0012688
v -0.0060190 0.0021311 0.0062024
v -0.0011040 0.0018479 0.0083046
v 0.0038110 0.0009840 0.0063397
v 0.0058327 0.0000635 0.0014662
v 0.0037935 -0.0004039 -0.0034589
v -0.0011302 -0.0001206 -0.0055610
v -0.0048077 0.0105718 -0.0049175
v -0.0068033 0.0115348 -0.0001298
v -0.0047815 0.0120163 0.0047266
v 0.0000637 0.0117189 0.0067945
v 0.0048916 0.0108267 0.0048725
v 0.0068872 0.0098495 0.0000847
v 0.0048654 0.0093821 -0.0047717
v 0.0000202 0.0096795 -0.0068395
v -0.0034395 0.0203578 -0.0064105
v -0.0053915 0.0213633 -0.0016914
v -0.0033959 0.0218590 0.0030792
v 0.0013709 0.0215474 0.0051213
v 0.0061290 0.0206269 0.0032337
v 0.0080811 0.0196214 -0.0014769
v 0.0060855 0.0191257 -0.0062475
v 0.0013186 0.0194372 -0.0082896
v -0.0020887 0.0301580 -0.0078777
v -0.0040147 0.0311068 -0.0032272
v -0.0020626 0.0315742 0.0014833
v 0.0026432 0.0312909 0.0034911
v 0.0073316 0.0304129 0.0016292
v 0.0092662 0.0294640 -0.0030213
v 0.0073055 0.0289967 -0.0077318
v 0.0025997 0.0292799 -0.0097396
v -0.0008426 0.0399440 -0.0092334
v -0.0027423 0.0409070 -0.0046601
v -0.0008077 0.0414027 -0.0000268
v 0.0038284 0.0411478 0.0019552
v 0.0084471 0.0402839 0.0001191
v 0.0103468 0.0393209 -0.0044628
v 0.0084122 0.0388252 -0.0090961
v 0.0037761 0.0390801 -0.0110695
v 0.0004385 0.0496592 -0.0108465
v -0.0014177 0.0507072 -0.0063504
v 0.0004995 0.0512737 -0.0017943
v 0.0050659 0.0510329 0.0001448
v 0.0096148 0.0501266 -0.0016485
v 0.0114710 0.0490786 -0.0061445
v 0.0095538 0.0485121 -0.0107006
v 0.0049874 0.0487528 -0.0126483
v 0.0017892 0.0594311 -0.0126054
v -0.0000408 0.0605357 -0.0081866
v 0.0018502 0.0611022 -0.0036991
v 0.0063556 0.0608190 -0.0017772
v 0.0108261 0.0598418 -0.0035361
v 0.0126475 0.0587513 -0.0079549
v 0.0107564 0.0581706 -0.0124424
v 0.0062597 0.0584681 -0.0143643
v 0.0033840 0.0691888 -0.0143987
v 0.0015801 0.0702651 -0.0100399
v 0.0034450 0.0708174 -0.0056125
v 0.0078719 0.0705059 -0.0037077
v 0.0122815 0.0695145 -0.0054409
v 0.0140766 0.0684382 -0.0097911
v 0.0122205 0.0678859 -0.0142185
v 0.0077848 0.0681974 -0.0161319
v 0.0048393 0.0789182 -0.0161061
v 0.0030615 0.0799237 -0.0117989
v 0.0048916 0.0804477 -0.0074315
v 0.0092662 0.0801644 -0.0055610
v 0.0136148 0.0792580 -0.0072771
v 0.0154013 0.0782525 -0.0115844
v 0.0135712 0.0777427 -0.0159517
v 0.0091965 0.0780118 -0.0178222
v 0.0061987 0.0886475 -0.0176935
v 0.0044471 0.0896247 -0.0134548
v 0.0062597 0.0901629 -0.0091476
v 0.0105734 0.0899363 -0.0073114
v 0.0148697 0.0890866 -0.0090103
v 0.0166300 0.0880952 -0.0132575
v 0.0148174 0.0875712 -0.0175562
v 0.0104950 0.0877836 -0.0194009
v 0.0074449 0.0983061 -0.0194438
v 0.0057194 0.0993116 -0.0152653
v 0.0075146 0.0999064 -0.0110352
v 0.0117847 0.0997648 -0.0092334
v 0.0160200 0.0989434 -0.0109151
v 0.0177542 0.0979379 -0.0151022
v 0.0159590 0.0973431 -0.0193323
v 0.0116889 0.0974847 -0.0211341
v 0.0085778 0.1080496 -0.0212972
v 0.0068698 0.1090268 -0.0171787
v 0.0086388 0.1096358 -0.0130001
v 0.0128479 0.1095083 -0.0112326
v 0.0170309 0.1087153 -0.0128971
v 0.0187389 0.1077239 -0.0170156
v 0.0169699 0.1071291 -0.0211856
v 0.0127608 0.1072566 -0.0229617
v 0.0097630 0.1178357 -0.0230818
v 0.0080811 0.1188128 -0.0190148
v 0.0098240 0.1194077 -0.0149049
v 0.0139808 0.1192519 -0.0131545
v 0.0181027 0.1184588 -0.0147848
v 0.0197846 0.1174816 -0.0188518
v 0.0180330 0.1168868 -0.0229703
v 0.0138849 0.1170284 -0.0247207
v 0.0109569 0.1275084 -0.0249438
v 0.0093098 0.1285281 -0.0209454
v 0.0110353 0.1291654 -0.0168955
v 0.0151398 0.1290662 -0.0151795
v 0.0192095 0.1282731 -0.0167925
v 0.0208565 0.1272535 -0.0207909
v 0.0191311 0.1266020 -0.0248408
v 0.0150265 0.1267153 -0.0265568
v 0.0120549 0.1371953 -0.0270030
v 0.0104340 0.1382150 -0.0230561
v 0.0121420 0.1388806 -0.0190663
v 0.0161856 0.1387956 -0.0173760
v 0.0202029 0.1380167 -0.0189633
v 0.0218326 0.1369970 -0.0229102
v 0.0201158 0.1363314 -0.0269000
v 0.0160723 0.1364164 -0.0285903
v 0.0132139 0.1470096 -0.0289850
v 0.0116017 0.1479727 -0.0250896
v 0.0132836 0.1485675 -0.0211427
v 0.0172749 0.1484400 -0.0194610
v 0.0212313 0.1476752 -0.0210312
v 0.0228434 0.1466981 -0.0249352
v 0.0211615 0.1461033 -0.0288735
v 0.0171790 0.1462307 -0.0305552
v 0.0144427 0.1567673 -0.0308212
v 0.0128479 0.1577162 -0.0269687
v 0.0145037 0.1582968 -0.0230733
v 0.0184426 0.1581694 -0.0214173
v 0.0223467 0.1574046 -0.0229703
v 0.0239415 0.1564558 -0.0268142
v 0.0222857 0.1558751 -0.0307097
v 0.0183468 0.1560026 -0.0323742
v 0.0155668 0.1665109 -0.0327518
v 0.0139982 0.1674597 -0.0289593
v 0.0156365 0.1680404 -0.0251154
v 0.0195232 0.1679129 -0.0234765
v 0.0233750 0.1671482 -0.0250038
v 0.0249436 0.1661993 -0.0287963
v 0.0233053 0.1656187 -0.0326402
v 0.0194274 0.1657461 -0.0342790
v 0.0168479 0.1763252 -0.0346480
v 0.0152880 0.1772316 -0.0308984
v 0.0169001 0.1777556 -0.0270974
v 0.0207258 0.1775715 -0.0254671
v 0.0245253 0.1768067 -0.0269773
v 0.0260852 0.1759004 -0.0307268
v 0.0244730 0.1753764 -0.0345279
v 0.0206474 0.1755463 -0.0361581
v 0.0181550 0.1860971 -0.0363898
v 0.0166213 0.1869893 -0.0326831
v 0.0182073 0.1874991 -0.0289250
v 0.0219894 0.1873150 -0.0273205
v 0.0257367 0.1865503 -0.0288049
v 0.0272704 0.1856581 -0.0325115
v 0.0256844 0.1851482 -0.0362611
v 0.0219110 0.1853323 -0.0378656
v 0.0194448 0.1958123 -0.0382173
v 0.0179372 0.1967612 -0.0345793
v 0.0195058 0.1972993 -0.0308813
v 0.0232356 0.1971152 -0.0292939
v 0.0269393 0.1963080 -0.0307440
v 0.0284381 0.1953733 -0.0343906
v 0.0268695 0.1948351 -0.0380886
v 0.0231397 0.1950192 -0.0396760
v 0.0208914 0.2054709 -0.0402337
v 0.0194099 0.2064339 -0.0366386
v 0.0209611 0.2069862 -0.0329920
v 0.0246473 0.2068304 -0.0314304
v 0.0282987 0.2060232 -0.0328633
v 0.0297802 0.2050602 -0.0364584
v 0.0282203 0.2044937 -0.0400964
v 0.0245428 0.2046636 -0.0416666
v 0.0221724 0.2151578 -0.0422243
v 0.0207084 0.2161208 -0.0386807
v 0.0222509 0.2167156 -0.0350856
v 0.0258848 0.2165598 -0.0335497
v 0.0294839 0.2157667 -0.0349569
v 0.0309479 0.2147895 -0.0385005
v 0.0294142 0.2142089 -0.0420956
v 0.0257715 0.2143505 -0.0436315
v 0.0235842 0.2248163 -0.0443865
v 0.0221463 0.2257935 -0.0408944
v 0.0236713 0.2263742 -0.0373507
v 0.0272530 0.2262184 -0.0358235
v 0.0308085 0.2254111 -0.0372220
v 0.0322464 0.2244198 -0.0407056
v 0.0307301 0.2238391 -0.0442578
v 0.0271397 0.2240091 -0.0457765
v 0.0249698 0.2345174 -0.0464544
v 0.0235493 0.2354662 -0.0430051
v 0.0250482 0.2360186 -0.0394958
v 0.0285950 0.2358628 -0.0379943
v 0.0321070 0.2350839 -0.0393671
v 0.0335274 0.2341350 -0.0428249
v 0.0320285 0.2335685 -0.0463257
v 0.0284817 0.2337243 -0.0478358
v 0.0263380 0.2441901 -0.0485222
v 0.0249349 0.2451248 -0.0451073
v 0.0264164 0.2456771 -0.0416494
v 0.0299109 0.2455355 -0.0401651
v 0.0333793 0.2447707 -0.0415293
v 0.0347910 0.2438360 -0.0449357
v 0.0333096 0.2432837 -0.0483935
v 0.0298063 0.2434253 -0.0498779
v 0.0276887 0.2538912 -0.0505900
v 0.0263031 0.2548400 -0.0472266
v 0.0277671 0.2553923 -0.0438117
v 0.0312181 0.2552224 -0.0423444
v 0.0346429 0.2544435 -0.0436829
v 0.0360285 0.2534946 -0.0470378
v 0.0345644 0.2529423 -0.0504613
v 0.0311135 0.2531122 -0.0519285
v 0.0291876 0.2635497 -0.0527437
v 0.0278281 0.2644986 -0.0494317
v 0.0292747 0.2650651 -0.0460597
v 0.0326821 0.2648810 -0.0446010
v 0.0360546 0.2640879 -0.0459138
v 0.0374228 0.2631249 -0.0492343
v 0.0359762 0.2625725 -0.0526064
v 0.0325688 0.2627425 -0.0540564
v 0.0306429 0.2731658 -0.0549059
v 0.0292922 0.2741288 -0.0516368
v 0.0307301 0.2746953 -0.0483163
v 0.0340939 0.2745537 -0.0468834
v 0.0374315 0.2737606 -0.0481790
v 0.0387735 0.2727976 -0.0514480
v 0.0373444 0.2722169 -0.0547772
v 0.0339719 0.2723727 -0.0562101
v 0.0320634 0.2827394 -0.0571710
v 0.0307388 0.2837166 -0.0539449
v 0.0321592 0.2843255 -0.0506672
v 0.0354882 0.2842123 -0.0492601
v 0.0387910 0.2834333 -0.0505471
v 0.0401156 0.2824561 -0.0537733
v 0.0386951 0.2818472 -0.0570423
v 0.0353575 0.2819746 -0.0584495
v 0.0333880 0.2923555 -0.0595392
v 0.0320808 0.2933327 -0.0563559
v 0.0334838 0.2939416 -0.0531212
v 0.0367779 0.2938283 -0.0517312
v 0.0400371 0.2930636 -0.0530011
v 0.0413443 0.2920864 -0.0561843
v 0.0399413 0.2914774 -0.0594191
v 0.0366472 0.2915907 -0.0608091
v 0.0348346 0.3020282 -0.0618816
v 0.0335448 0.3030195 -0.0587498
v 0.0349305 0.3036002 -0.0555494
v 0.0381810 0.3034302 -0.0541594
v 0.0413879 0.3026088 -0.0554035
v 0.0426776 0.3016317 -0.0585439
v 0.0412920 0.3010510 -0.0617443
v 0.0380415 0.3012210 -0.0631257
v 0.0364991 0.3116160 -0.0642583
v 0.0352355 0.3126215 -0.0611694
v 0.0366036 0.3132021 -0.0580033
v 0.0398019 0.3130180 -0.0566305
v 0.0429652 0.3121683 -0.0578489
v 0.0442288 0.3111628 -0.0609378
v 0.0428606 0.3105821 -0.0640953
v 0.0396624 0.3107662 -0.0654767
v 0.0381461 0.3211754 -0.0667123
v 0.0368912 0.3221809 -0.0636577
v 0.0382507 0.3227474 -0.0605345
v 0.0414140 0.3225633 -0.0591788
v 0.0445338 0.3217135 -0.0603715
v 0.0457800 0.3207080 -0.0634260
v 0.0444293 0.3201274 -0.0665492
v 0.0412659 0.3203257 -0.0679049
v 0.0398629 0.3307631 -0.0691405
v 0.0386254 0.3317403 -0.0661202
v 0.0399500 0.3322785 -0.0630313
v 0.0430698 0.3320519 -0.0616757
v 0.0461547 0.3312163 -0.0628597
v 0.0473922 0.3302391 -0.0658800
v 0.0460676 0.3297010 -0.0689688
v 0.0429478 0.3299276 -0.0703245
v 0.0416493 0.3403934 -0.0714314
v 0.0404206 0.3413139 -0.0684369
v 0.0417190 0.3417954 -0.0653652
v 0.0448040 0.3415547 -0.0640266
v 0.0478453 0.3407333 -0.0651936
v 0.0490828 0.3398127 -0.0681880
v 0.0477756 0.3393312 -0.0712598
v 0.0446994 0.3395720 -0.0725983
v 0.0434009 0.3500378 -0.0735421
v 0.0421896 0.3509442 -0.0705819
v 0.0434707 0.3513974 -0.0675445
v 0.0465120 0.3511424 -0.0662146
v 0.0495272 0.3503210 -0.0673729
v 0.0507386 0.3494147 -0.0703331
v 0.0494575 0.3489615 -0.0733619
v 0.0464162 0.3492164 -0.0746919
v 0.0452746 0.3596255 -0.0757558
v 0.0440807 0.3605461 -0.0728385
v 0.0453530 0.3609993 -0.0698440
v 0.0483508 0.3607302 -0.0685227
v 0.0513224 0.3598805 -0.0696553
v 0.0525163 0.3589458 -0.0725725
v 0.0512440 0.3584926 -0.0755670
v 0.0482462 0.3587617 -0.0768884
v 0.0472440 0.3691850 -0.0780038
v 0.0460589 0.3701055 -0.0751209
v 0.0473138 0.3705587 -0.0721607
v 0.0502767 0.3702613 -0.0708479
v 0.0532048 0.3693974 -0.0719633
v 0.0543899 0.3684769 -0.0748463
v 0.0531263 0.3680237 -0.0778065
v 0.0501721 0.3683211 -0.0791107
v 0.0492571 0.3787302 -0.0802261
v 0.0480893 0.3796649 -0.0773860
v 0.0493355 0.3801040 -0.0744516
v 0.0522549 0.3798066 -0.0731560
v 0.0551394 0.3789285 -0.0742543
v 0.0563071 0.3779938 -0.0770943
v 0.0550697 0.3775548 -0.0800287
v 0.0521416 0.3778664 -0.0813244
v 0.0513399 0.3882472 -0.0825256
v 0.0501983 0.3892102 -0.0797199
v 0.0514270 0.3896634 -0.0768283
v 0.0543115 0.3893377 -0.0755413
v 0.0571611 0.3884171 -0.0766138
v 0.0583027 0.3874683 -0.0794110
v 0.0570653 0.3870151 -0.0823025
v 0.0541895 0.3873408 -0.0835895
v 0.0536056 0.3977075 -0.0849281
v 0.0524902 0.3987130 -0.0821738
v 0.0537102 0.3991662 -0.0793166
v 0.0565511 0.3988121 -0.0780381
v 0.0593485 0.3978491 -0.0790763
v 0.0604639 0.3968436 -0.0818306
v 0.0592439 0.3963904 -0.0846878
v 0.0564030 0.3967445 -0.0859663
v 0.0559847 0.4070262 -0.0874421
v 0.0548954 0.4080600 -0.0847221
v 0.0561067 0.4085415 -0.0819164
v 0.0589215 0.4082158 -0.0806551
v 0.0616927 0.4072669 -0.0816847
v 0.0627820 0.4062472 -0.0844047
v 0.0615707 0.4057516 -0.0872104
v 0.0587559 0.4060773 -0.0884717
v 0.0581459 0.4163590 -0.0900676
v 0.0570653 0.4173787 -0.0873906
v 0.0582766 0.4179168 -0.0846277
v 0.0610740 0.4176477 -0.0833922
v 0.0638103 0.4167272 -0.0844218
v 0.0648909 0.4157075 -0.0870988
v 0.0636796 0.4151694 -0.0898617
v 0.0608909 0.4154385 -0.0910972
v 0.0602461 0.4257626 -0.0928304
v 0.0591742 0.4267823 -0.0901791
v 0.0603681 0.4273063 -0.0874421
v 0.0631306 0.4270089 -0.0862237
v 0.0658321 0.4260884 -0.0872276
v 0.0669040 0.4250687 -0.0898788
v 0.0657014 0.4245447 -0.0926159
v 0.0629476 0.4248421 -0.0938343
v 0.0626077 0.4351946 -0.0954817
v 0.0615532 0.4362001 -0.0928648
v 0.0627297 0.4366675 -0.0901534
v 0.0654399 0.4363276 -0.0889264
v 0.0681066 0.4353646 -0.0899046
v 0.0691610 0.4343591 -0.0925215
v 0.0679846 0.4338917 -0.0952415
v 0.0652743 0.4342316 -0.0964684
v 0.0651001 0.4445416 -0.0980901
v 0.0640630 0.4455471 -0.0955075
v 0.0652133 0.4460003 -0.0928133
v 0.0678887 0.4456321 -0.0915949
v 0.0705205 0.4446691 -0.0925644
v 0.0715662 0.4436777 -0.0951471
v 0.0704072 0.4432245 -0.0978413
v 0.0677318 0.4435928 -0.0990597
v 0.0675924 0.4539169 -0.1006642
v 0.0665554 0.4548941 -0.0981073
v 0.0676970 0.4553190 -0.0954388
v 0.0703375 0.4549366 -0.0942290
v 0.0729344 0.4539878 -0.0951814
v 0.0739627 0.4530106 -0.0977469
v 0.0728298 0.4525857 -0.1004068
v 0.0701893 0.4529539 -0.1016166
v 0.0701893 0.4632923 -0.1031524
v 0.0691784 0.4642553 -0.1006213
v 0.0702939 0.4646518 -0.0979871
v 0.0728995 0.4642553 -0.0967773
v 0.0754529 0.4632781 -0.0977126
v 0.0764725 0.4623009 -0.1002437
v 0.0753483 0.4619044 -0.1028864
v 0.0727514 0.4623009 -0.1040877
v 0.0729344 0.4725685 -0.1057093
v 0.0719409 0.4735740 -0.1032211
v 0.0730564 0.4739847 -0.1006213
v 0.0756185 0.4735598 -0.0994200
v 0.0781282 0.4725260 -0.1003210
v 0.0791217 0.4715063 -0.1028092
v 0.0780062 0.4710956 -0.1054176
v 0.0754442 0.4715346 -0.1066188
v 0.0758799 0.4817172 -0.1083949
v 0.0749126 0.4827652 -0.1059496
v 0.0760193 0.4831900 -0.1033841
v 0.0785465 0.4827510 -0.1021914
v 0.0810214 0.4817030 -0.1030838
v 0.0819888 0.4806692 -0.1055292
v 0.0808820 0.4802302 -0.1080946
v 0.0783548 0.4806692 -0.1092873
v 0.0787470 0.4908517 -0.1111921
v 0.0777971 0.4918997 -0.1087811
v 0.0788951 0.4923529 -0.1062413
v 0.0814049 0.4919281 -0.1050658
v 0.0838449 0.4908942 -0.1059496
v 0.0848035 0.4898321 -0.1083606
v 0.0836968 0.4893931 -0.1109004
v 0.0811957 0.4898179 -0.1120673
v 0.0816576 0.4999863 -0.1140321
v 0.0807252 0.5010485 -0.1116554
v 0.0818232 0.5015017 -0.1091500
v 0.0842981 0.5010768 -0.1079917
v 0.0867033 0.5000288 -0.1088497
v 0.0876358 0.4989525 -0.1112264
v 0.0865464 0.4984993 -0.1137318
v 0.0840715 0.4989242 -0.1148902
v 0.0846990 0.5090501 -0.1170095
v 0.0837839 0.5101264 -0.1146585
v 0.0848558 0.5105796 -0.1121874
v 0.0873046 0.5101406 -0.1110291
v 0.0896749 0.5090642 -0.1118699
v 0.0905900 0.5079879 -0.1142123
v 0.0895094 0.5075347 -0.1166920
v 0.0870693 0.5079738 -0.1178503
v 0.0878100 0.5181138 -0.1199353
v 0.0869124 0.5191902 -0.1176273
v 0.0879756 0.5196292 -0.1151733
v 0.0903808 0.5191760 -0.1140236
v 0.0927250 0.5180997 -0.1148473
v 0.0936226 0.5170092 -0.1171639
v 0.0925594 0.5165702 -0.1196093
v 0.0901542 0.5170375 -0.1207590
v 0.0910170 0.5271351 -0.1229213
v 0.0901281 0.5282114 -0.1206389
v 0.0911738 0.5286363 -0.1182107
v 0.0935529 0.5281548 -0.1170695
v 0.0958535 0.5270643 -0.1178761
v 0.0967424 0.5259880 -0.1201584
v 0.0956967 0.5255631 -0.1225866
v 0.0933176 0.5260446 -0.1237278
v 0.0943459 0.5361422 -0.1258214
v 0.0934745 0.5372044 -0.1235648
v 0.0945028 0.5376009 -0.1211537
v 0.0968383 0.5371194 -0.1200126
v 0.0991127 0.5360148 -0.1208105
v 0.0999929 0.5349526 -0.1230671
v 0.0989646 0.5345561 -0.1254696
v 0.0966204 0.5350376 -0.1266107
v 0.0977359 0.5451352 -0.1287386
v 0.0968644 0.5461973 -0.1265078
v 0.0978840 0.5465797 -0.1241225
v 0.1001846 0.5460557 -0.1229813
v 0.1024155 0.5449369 -0.1237535
v 0.1032870 0.5438747 -0.1259844
v 0.1022674 0.5434924 -0.1283697
v 0.0999668 0.5440163 -0.1295109
v 0.1013698 0.5540431 -0.1316044
v 0.1005158 0.5551053 -0.1293993
v 0.1015092 0.5554593 -0.1270312
v 0.1037663 0.5549070 -0.1258986
v 0.1059711 0.5537741 -0.1266536
v 0.1068251 0.5527261 -0.1288588
v 0.1058316 0.5523720 -0.1312269
v 0.1035746 0.5529243 -0.1323595
v 0.1049776 0.5629653 -0.1343758
v 0.1041410 0.5640133 -0.1321965
v 0.1051258 0.5643815 -0.1298627
v 0.1073567 0.5638150 -0.1287301
v 0.1095266 0.5626820 -0.1294765
v 0.1103632 0.5616199 -0.1316473
v 0.1093784 0.5612658 -0.1339897
v 0.1071475 0.5618181 -0.1351137
v 0.1087597 0.5717599 -0.1373532
v 0.1079493 0.5728504 -0.1352081
v 0.1089166 0.5731903 -0.1328915
v 0.1111039 0.5726097 -0.1317675
v 0.1132302 0.5714201 -0.1324796
v 0.1140494 0.5703437 -0.1346247
v 0.1130734 0.5699897 -0.1369328
v 0.1108860 0.5705845 -0.1380653
v 0.1127945 0.5805263 -0.1402447
v 0.1119841 0.5815743 -0.1381168
v 0.1129339 0.5818859 -0.1358173
v 0.1150777 0.5812627 -0.1346847
v 0.1171692 0.5800731 -0.1353883
v 0.1179796 0.5790109 -0.1375076
v 0.1170385 0.5786994 -0.1398071
v 0.1148860 0.5793225 -0.1409397
v 0.1168903 0.5892643 -0.1429561
v 0.1160799 0.5902982 -0.1408539
v 0.1170036 0.5905814 -0.1385716
v 0.1191212 0.5899583 -0.1374476
v 0.1211953 0.5887686 -0.1381426
v 0.1219970 0.5877348 -0.1402447
v 0.1210733 0.5874516 -0.1425185
v 0.1189557 0.5880889 -0.1436425
v 0.1209687 0.5979882 -0.1456846
v 0.1201757 0.5990220 -0.1436082
v 0.1210907 0.5993194 -0.1413516
v 0.1231822 0.5986821 -0.1402361
v 0.1252127 0.5974925 -0.1409140
v 0.1260057 0.5964445 -0.1429904
v 0.1250907 0.5961613 -0.1452470
v 0.1229992 0.5967986 -0.1463624
v 0.1252214 0.6066129 -0.1484731
v 0.1244545 0.6076751 -0.1464311
v 0.1253608 0.6079583 -0.1442002
v 0.1274174 0.6073069 -0.1430848
v 0.1294131 0.6060889 -0.1437454
v 0.1301799 0.6050409 -0.1457875
v 0.1292736 0.6047577 -0.1480184
v 0.1272170 0.6054091 -0.1491252
v 0.1295612 0.6151952 -0.1513046
v 0.1288031 0.6162432 -0.1492883
v 0.1296919 0.6165122 -0.1470746
v 0.1317137 0.6158466 -0.1459677
v 0.1336832 0.6146428 -0.1466112
v 0.1344413 0.6135948 -0.1486362
v 0.1335525 0.6133116 -0.1508413
v 0.1315307 0.6139772 -0.1519481
v 0.1339882 0.6237491 -0.1540417
v 0.1332387 0.6247971 -0.1520425
v 0.1341189 0.6250520 -0.1498546
v 0.1361145 0.6243864 -0.1487563
v 0.1380491 0.6231826 -0.1493912
v 0.1387986 0.6221346 -0.1513904
v 0.1379184 0.6218655 -0.1535784
v 0.1359228 0.6225453 -0.1546766
v 0.1384064 0.6322464 -0.1568560
v 0.1376744 0.6332944 -0.1548911
v 0.1385633 0.6335776 -0.1527375
v 0.1405328 0.6329120 -0.1516478
v 0.1424500 0.6317082 -0.1522742
v 0.1431733 0.6306602 -0.1542390
v 0.1422931 0.6303770 -0.1564013
v 0.1403149 0.6310284 -0.1574824
v 0.1428595 0.6407011 -0.1597990
v 0.1421624 0.6417775 -0.1578685
v 0.1430338 0.6420749 -0.1557406
v 0.1449772 0.6414093 -0.1546595
v 0.1468508 0.6401630 -0.1552687
v 0.1475567 0.6390867 -0.1571992
v 0.1466765 0.6388034 -0.1593271
v 0.1447332 0.6394690 -0.1604082
v 0.1475654 0.6489860 -0.1628450
v 0.1468944 0.6500906 -0.1609488
v 0.1477745 0.6503880 -0.1588552
v 0.1496917 0.6497224 -0.1577827
v 0.1515218 0.6484620 -0.1583661
v 0.1521928 0.6473432 -0.1602624
v 0.1513126 0.6470458 -0.1623559
v 0.1493954 0.6477114 -0.1634285
v 0.1522451 0.6571434 -0.1660712
v 0.1516002 0.6582763 -0.1642093
v 0.1524891 0.6586162 -0.1621500
v 0.1543975 0.6579648 -0.1610946
v 0.1562014 0.6567043 -0.1616695
v 0.1568463 0.6555855 -0.1635314
v 0.1559574 0.6552456 -0.1655907
v 0.1540490 0.6558971 -0.1666460
v 0.1568637 0.6653149 -0.1694947
v 0.1562363 0.6664479 -0.1676585
v 0.1571339 0.6668019 -0.1656336
v 0.1590162 0.6661646 -0.1645868
v 0.1607940 0.6649042 -0.1651531
v 0.1614127 0.6637712 -0.1669807
v 0.1605238 0.6634030 -0.1690142
v 0.1586328 0.6640545 -0.1700524
v 0.1616480 0.6733873 -0.1729868
v 0.1610467 0.6745628 -0.1711850
v 0.1619356 0.6749168 -0.1691772
v 0.1637831 0.6742512 -0.1681390
v 0.1655172 0.6729625 -0.1686710
v 0.1661098 0.6718012 -0.1704728
v 0.1652210 0.6714471 -0.1724806
v 0.1633735 0.6720986 -0.1735188
v 0.1666153 0.6812898 -0.1765734
v 0.1660488 0.6824652 -0.1748058
v 0.1669290 0.6828335 -0.1728238
v 0.1687590 0.6821678 -0.1717942
v 0.1704497 0.6808649 -0.1723090
v 0.1710248 0.6796895 -0.1740765
v 0.1701359 0.6793212 -0.1760585
v 0.1683146 0.6799869 -0.1770882
v 0.1715477 0.6891214 -0.1802543
v 0.1709900 0.6902969 -0.1785125
v 0.1718875 0.6906934 -0.1765648
v 0.1737002 0.6900561 -0.1755523
v 0.1753821 0.6887674 -0.1760671
v 0.1759311 0.6875778 -0.1778089
v 0.1750422 0.6871954 -0.1797480
v 0.1732209 0.6878327 -0.1807605
v 0.1763755 0.6969531 -0.1840982
v 0.1758352 0.6981427 -0.1823907
v 0.1767328 0.6985534 -0.1804774
v 0.1785367 0.6979303 -0.1794820
v 0.1801837 0.6966415 -0.1799797
v 0.1807240 0.6954519 -0.1816957
v 0.1798265 0.6950412 -0.1836006
v 0.1780226 0.6956643 -0.1846044
v 0.1813079 0.7046856 -0.1880623
v 0.1808025 0.7059035 -0.1863891
v 0.1816914 0.7063284 -0.1845015
v 0.1834691 0.7056911 -0.1835062
v 0.1850813 0.7044024 -0.1839867
v 0.1855955 0.7031844 -0.1856598
v 0.1846979 0.7027596 -0.1875475
v 0.1829201 0.7033969 -0.1885428
v 0.1863536 0.7122765 -0.1921722
v 0.1858656 0.7134944 -0.1905334
v 0.1867632 0.7139193 -0.1886715
v 0.1885148 0.7132962 -0.1876847
v 0.1901009 0.7119933 -0.1881481
v 0.1905801 0.7107612 -0.1897955
v 0.1896913 0.7103363 -0.1916488
v 0.1879397 0.7109594 -0.1926355
v 0.1914342 0.7198107 -0.1963336
v 0.1909549 0.7210287 -0.1947205
v 0.1918438 0.7214536 -0.1928843
v 0.1935692 0.7208304 -0.1919062
v 0.1951291 0.7195275 -0.1923610
v 0.1956084 0.7183096 -0.1939826
v 0.1947195 0.7178989 -0.1958188
v 0.1929941 0.7185220 -0.1967883
v 0.1965322 0.7273450 -0.2004864
v 0.1960703 0.7285771 -0.1988991
v 0.1969504 0.7290020 -0.1970887
v 0.1986585 0.7283788 -0.1961191
v 0.2001922 0.7270759 -0.1965567
v 0.2006454 0.7258438 -0.1981440
v 0.1997652 0.7254189 -0.1999544
v 0.1980572 0.7260421 -0.2009240
v 0.2017260 0.7347093 -0.2048109
v 0.2012903 0.7359414 -0.2032493
v 0.2021791 0.7363804 -0.2014646
v 0.2038610 0.7357573 -0.2005036
v 0.2053599 0.7344402 -0.2009240
v 0.2057957 0.7332081 -0.2024856
v 0.2049068 0.7327691 -0.2042703
v 0.2032249 0.7333922 -0.2052313
v 0.2069634 0.7420028 -0.2091953
v 0.2065364 0.7432349 -0.2076681
v 0.2074166 0.7436739 -0.2059091
v 0.2090810 0.7430650 -0.2049567
v 0.2105538 0.7417479 -0.2053686
v 0.2109808 0.7405158 -0.2069044
v 0.2101006 0.7400767 -0.2086548
v 0.2084362 0.7406999 -0.2096072
v 0.2121921 0.7492680 -0.2136142
v 0.2117912 0.7505001 -0.2121040
v 0.2126627 0.7509533 -0.2103794
v 0.2143097 0.7503443 -0.2094356
v 0.2157651 0.7490414 -0.2098389
v 0.2161746 0.7478093 -0.2113490
v 0.2152945 0.7473561 -0.2130736
v 0.2136474 0.7479650 -0.2140174
v 0.2174382 0.7564482 -0.2181617
v 0.2170635 0.7576944 -0.2166859
v 0.2179437 0.7581476 -0.2149870
v 0.2195733 0.7575528 -0.2140603
v 0.2209938 0.7562499 -0.2144464
v 0.2213772 0.7549895 -0.2159137
v 0.2204883 0.7545363 -0.2176125
v 0.2188587 0.7551311 -0.2185478
v 0.2227715 0.7634726 -0.2228808
v 0.2224229 0.7647472 -0.2214479
v 0.2233118 0.7652145 -0.2197747
v 0.2249066 0.7646055 -0.2188481
v 0.2262835 0.7632743 -0.2191999
v 0.2266320 0.7619997 -0.2206328
v 0.2257432 0.7615324 -0.2222973
v 0.2241484 0.7621413 -0.2232326
v 0.2283401 0.7701996 -0.2277200
v 0.2280176 0.7714883 -0.2263300
v 0.2289152 0.7719698 -0.2246912
v 0.2304838 0.7713609 -0.2237731
v 0.2318259 0.7700155 -0.2240992
v 0.2321483 0.7687267 -0.2254892
v 0.2312507 0.7682452 -0.2271280
v 0.2296734 0.7688542 -0.2280547
v 0.2337692 0.7768558 -0.2327566
v 0.2334729 0.7781587 -0.2313924
v 0.2343705 0.7786544 -0.2297964
v 0.2359391 0.7780737 -0.2288955
v 0.2372550 0.7767283 -0.2292130
v 0.2375513 0.7754396 -0.2305772
v 0.2366537 0.7749297 -0.2321732
v 0.2350851 0.7755245 -0.2330741
v 0.2392681 0.7834128 -0.2379219
v 0.2389892 0.7847157 -0.2366006
v 0.2398868 0.7852256 -0.2350218
v 0.2414293 0.7846308 -0.2341295
v 0.2427190 0.7832995 -0.2344298
v 0.2429892 0.7819966 -0.2357597
v 0.2420916 0.7814868 -0.2373299
v 0.2405491 0.7820816 -0.2382308
v 0.2448366 0.7898566 -0.2431816
v 0.2445839 0.7911737 -0.2418860
v 0.2454728 0.7916693 -0.2403415
v 0.2469891 0.7910745 -0.2394406
v 0.2482353 0.7897291 -0.2397152
v 0.2484880 0.7884262 -0.2410108
v 0.2475991 0.7879164 -0.2425552
v 0.2460828 0.7885112 -0.2434561
v 0.2506056 0.7960596 -0.2485271
v 0.2503703 0.7973767 -0.2472658
v 0.2512592 0.7978724 -0.2457385
v 0.2527320 0.7972775 -0.2448290
v 0.2539433 0.7959180 -0.2450864
v 0.2541786 0.7946009 -0.2463477
v 0.2532984 0.7941052 -0.2478750
v 0.2518169 0.7947000 -0.2487845
v 0.2564792 0.8022060 -0.2538554
v 0.2562526 0.8035089 -0.2526112
v 0.2571154 0.8039904 -0.2510925
v 0.2585620 0.8033673 -0.2501830
v 0.2597471 0.8020219 -0.2504233
v 0.2599737 0.8007189 -0.2516674
v 0.2591110 0.8002374 -0.2531861
v 0.2576644 0.8008464 -0.2540956
v 0.2625096 0.8082957 -0.2590893
v 0.2622831 0.8095844 -0.2578538
v 0.2631197 0.8100518 -0.2563351
v 0.2645227 0.8094145 -0.2554256
v 0.2656817 0.8080691 -0.2556486
v 0.2659083 0.8067803 -0.2568756
v 0.2650717 0.8063130 -0.2583943
v 0.2636687 0.8069503 -0.2593124
v 0.2686534 0.8143146 -0.2642117
v 0.2684355 0.8155892 -0.2630019
v 0.2692634 0.8160565 -0.2615003
v 0.2706403 0.8154192 -0.2605823
v 0.2717644 0.8140738 -0.2607968
v 0.2719823 0.8127992 -0.2620066
v 0.2711631 0.8123460 -0.2635081
v 0.2697862 0.8129692 -0.2644176
v 0.2748145 0.8202060 -0.2693941
v 0.2746141 0.8214806 -0.2682101
v 0.2754420 0.8219480 -0.2667429
v 0.2768101 0.8213248 -0.2658419
v 0.2779169 0.8199794 -0.2660393
v 0.2781173 0.8187190 -0.2672319
v 0.2772981 0.8182516 -0.2686991
v 0.2759300 0.8188748 -0.2696001
v 0.2809321 0.8260691 -0.2746796
v 0.2807491 0.8273437 -0.2735298
v 0.2815682 0.8277969 -0.2720883
v 0.2829190 0.8271879 -0.2712046
v 0.2840083 0.8258567 -0.2714019
v 0.2841913 0.8245963 -0.2725517
v 0.2833634 0.8241289 -0.2739931
v 0.2820127 0.8247379 -0.2748769
v 0.2871194 0.8317623 -0.2800851
v 0.2869538 0.8330369 -0.2789697
v 0.2877817 0.8335043 -0.2775539
v 0.2891063 0.8328953 -0.2766702
v 0.2901607 0.8315640 -0.2768418
v 0.2903176 0.8302895 -0.2779572
v 0.2894897 0.8298221 -0.2793815
v 0.2881651 0.8304311 -0.2802567
v 0.2934025 0.8372572 -0.2855850
v 0.2932805 0.8385460 -0.2845039
v 0.2941084 0.8390275 -0.2831225
v 0.2954069 0.8384043 -0.2822387
v 0.2964090 0.8370731 -0.2823760
v 0.2965310 0.8357844 -0.2834571
v 0.2957032 0.8353028 -0.2848385
v 0.2944047 0.8359118 -0.2857223
v 0.2998251 0.8423839 -0.2912823
v 0.2997293 0.8436727 -0.2902441
v 0.3005571 0.8441542 -0.2888884
v 0.3018295 0.8435452 -0.2880132
v 0.3027881 0.8421998 -0.2881248
v 0.3028839 0.8408969 -0.2891630
v 0.3020560 0.8404154 -0.2905186
v 0.3007837 0.8410385 -0.2913938
v 0.3063087 0.8473831 -0.2970139
v 0.3062303 0.8486577 -0.2960014
v 0.3070582 0.8491392 -0.2946715
v 0.3083131 0.8485444 -0.2938049
v 0.3092455 0.8471990 -0.2939078
v 0.3093239 0.8459103 -0.2949203
v 0.3084961 0.8454288 -0.2962416
v 0.3072499 0.8460377 -0.2971168
v 0.3127226 0.8522832 -0.3028570
v 0.3126790 0.8535720 -0.3018789
v 0.3135156 0.8540677 -0.3005918
v 0.3147531 0.8534728 -0.2997424
v 0.3156681 0.8521416 -0.2998282
v 0.3157117 0.8508528 -0.3008063
v 0.3148751 0.8503572 -0.3020934
v 0.3136376 0.8509520 -0.3029428
v 0.3191277 0.8569142 -0.3089489
v 0.3191190 0.8582030 -0.3080223
v 0.3199643 0.8586987 -0.3067782
v 0.3211844 0.8581180 -0.3059373
v 0.3220558 0.8567868 -0.3059974
v 0.3220732 0.8554839 -0.3069240
v 0.3212192 0.8549882 -0.3081681
v 0.3199992 0.8555830 -0.3090090
v 0.3256288 0.8612620 -0.3151696
v 0.3256549 0.8625649 -0.3142858
v 0.3265089 0.8630606 -0.3130760
v 0.3276941 0.8624799 -0.3122352
v 0.3285220 0.8611487 -0.3122609
v 0.3285046 0.8598458 -0.3131447
v 0.3276505 0.8593501 -0.3143545
v 0.3264566 0.8599308 -0.3151953
v 0.3322082 0.8652557 -0.3215533
v 0.3322605 0.8665586 -0.3207124
v 0.3331145 0.8670685 -0.3195369
v 0.3342736 0.8664737 -0.3186961
v 0.3350579 0.8651424 -0.3186961
v 0.3350056 0.8638537 -0.3195284
v 0.3341428 0.8633438 -0.3207124
v 0.3329838 0.8639245 -0.3215447
v 0.3388748 0.8689945 -0.3280056
v 0.3389532 0.8702974 -0.3272162
v 0.3398160 0.8707931 -0.3260665
v 0.3409401 0.8702125 -0.3252256
v 0.3416722 0.8688812 -0.3251913
v 0.3415937 0.8675783 -0.3259807
v 0.3407310 0.8670826 -0.3271304
v 0.3396068 0.8676633 -0.3279627
v 0.3456285 0.8723226 -0.3345609
v 0.3457505 0.8736114 -0.3338230
v 0.3466133 0.8741212 -0.3327162
v 0.3477113 0.8735406 -0.3318839
v 0.3484085 0.8722235 -0.3318152
v 0.3482778 0.8709206 -0.3325531
v 0.3474150 0.8704107 -0.3336686
v 0.3463170 0.8709914 -0.3344923
v 0.3523300 0.8753108 -0.3413049
v 0.3524869 0.8766137 -0.3406185
v 0.3533670 0.8771236 -0.3395546
v 0.3544476 0.8765429 -0.3387395
v 0.3551012 0.8752400 -0.3386451
v 0.3549443 0.8739513 -0.3393315
v 0.3540642 0.8734414 -0.3403954
v 0.3529836 0.8740079 -0.3412191
v 0.3590053 0.8779875 -0.3482120
v 0.3591883 0.8792621 -0.3475685
v 0.3600772 0.8797719 -0.3465475
v 0.3611491 0.8792196 -0.3457581
v 0.3617678 0.8779167 -0.3456465
v 0.3615848 0.8766421 -0.3462901
v 0.3606959 0.8761322 -0.3473025
v 0.3596240 0.8766846 -0.3481005
v 0.3655499 0.8804517 -0.3553422
v 0.3657503 0.8817121 -0.3547330
v 0.3666305 0.8822219 -0.3537463
v 0.3676762 0.8816696 -0.3529655
v 0.3682688 0.8803950 -0.3528368
v 0.3680684 0.8791346 -0.3534460
v 0.3671882 0.8786248 -0.3544327
v 0.3661425 0.8791771 -0.3552221
v 0.3722862 0.8827318 -0.3624123
v 0.3725041 0.8839780 -0.3618288
v 0.3733581 0.8844737 -0.3608593
v 0.3743603 0.8839214 -0.3600699
v 0.3749180 0.8826610 -0.3599154
v 0.3747088 0.8814147 -0.3604989
v 0.3738461 0.8809190 -0.3614685
v 0.3728439 0.8814714 -0.3622664
v 0.3791358 0.8847286 -0.3694309
v 0.3793711 0.8859466 -0.3688903
v 0.3802164 0.8864423 -0.3679465
v 0.3811837 0.8859041 -0.3671571
v 0.3816979 0.8846578 -0.3669855
v 0.3814626 0.8834399 -0.3675261
v 0.3806173 0.8829442 -0.3684699
v 0.3796500 0.8834824 -0.3692593
v 0.3859680 0.8863714 -0.3765353
v 0.3862381 0.8875752 -0.3760377
v 0.3870834 0.8880567 -0.3751367
v 0.3880159 0.8875327 -0.3743559
v 0.3884865 0.8863148 -0.3741414
v 0.3882250 0.8850969 -0.3746391
v 0.3873797 0.8846295 -0.3755400
v 0.3864386 0.8851535 -0.3763208
v 0.3928524 0.8875469 -0.3837084
v 0.3931400 0.8887365 -0.3832622
v 0.3939766 0.8892039 -0.3823870
v 0.3948655 0.8886940 -0.3816062
v 0.3952925 0.8874903 -0.3813660
v 0.3950049 0.8863006 -0.3818122
v 0.3941683 0.8858333 -0.3826873
v 0.3932794 0.8863573 -0.3834681
v 0.3998763 0.8884391 -0.3908042
v 0.4001813 0.8895862 -0.3903924
v 0.4009918 0.8900394 -0.3895344
v 0.4018371 0.8895438 -0.3887536
v 0.4022205 0.8883683 -0.3884876
v 0.4019155 0.8872212 -0.3888994
v 0.4011051 0.8867538 -0.3897574
v 0.4002685 0.8872637 -0.3905382
v 0.4070048 0.8889914 -0.3978143
v 0.4073272 0.8901102 -0.3974453
v 0.4081202 0.8905634 -0.3966216
v 0.4089220 0.8900678 -0.3958408
v 0.4092618 0.8889348 -0.3955491
v 0.4089394 0.8878160 -0.3959266
v 0.4081464 0.8873628 -0.3967417
v 0.4073446 0.8878585 -0.3975225
v 0.4141158 0.8890622 -0.4048415
v 0.4144644 0.8901527 -0.4045240
v 0.4152487 0.8905776 -0.4037432
v 0.4160069 0.8900961 -0.4029710
v 0.4162944 0.8890056 -0.4026535
v 0.4159459 0.8879151 -0.4029796
v 0.4151615 0.8874903 -0.4037518
v 0.4144034 0.8879718 -0.4045240
v 0.4212443 0.8886232 -0.4118601
v 0.4216103 0.8896571 -0.4115855
v 0.4223684 0.8900819 -0.4108476
v 0.4230743 0.8896146 -0.4100926
v 0.4233183 0.8885666 -0.4097493
v 0.4229523 0.8875327 -0.4100239
v 0.4221854 0.8871220 -0.4107618
v 0.4214796 0.8875752 -0.4115169
v 0.4284599 0.8877593 -0.4187500
v 0.4288433 0.8887365 -0.4185097
v 0.4295666 0.8891331 -0.4178147
v 0.4302202 0.8887082 -0.4170683
v 0.4304206 0.8877027 -0.4167079
v 0.4300372 0.8867113 -0.4169481
v 0.4293139 0.8863290 -0.4176431
v 0.4286603 0.8867538 -0.4183896
v 0.4356755 0.8864706 -0.4255541
v 0.4360676 0.8873911 -0.4253653
v 0.4367648 0.8877452 -0.4247304
v 0.4373661 0.8873486 -0.4240097
v 0.4375142 0.8864139 -0.4236407
v 0.4371221 0.8854934 -0.4238295
v 0.4364249 0.8851252 -0.4244730
v 0.4358236 0.8855359 -0.4251852
v 0.4428039 0.8845587 -0.4322982
v 0.4431874 0.8853801 -0.4321523
v 0.4438410 0.8857200 -0.4315860
v 0.4443726 0.8853518 -0.4309339
v 0.4444771 0.8845162 -0.4305650
v 0.4440937 0.8836806 -0.4307108
v 0.4434401 0.8833549 -0.4312685
v 0.4429085 0.8837231 -0.4319292
v 0.4482505 0.8828026 -0.4373776
v 0.4485817 0.8834824 -0.4372747
v 0.4491307 0.8837515 -0.4368114
v 0.4495751 0.8834540 -0.4362622
v 0.4496535 0.8827601 -0.4359447
v 0.4493224 0.8820803 -0.4360563
v 0.4487734 0.8818112 -0.4365196
v 0.4483289 0.8821086 -0.4370688
v 0.0609955 0.4166281 -0.0872705
v 0.0662765 0.4231710 -0.0818649
v 0.0659192 0.4220097 -0.0801918
v 0.0660848 0.4246155 -0.0833321
v 0.0715575 0.4295864 -0.0762878
v 0.0710172 0.4278870 -0.0739282
v 0.0713048 0.4316824 -0.0783556
v 0.0768385 0.4358461 -0.0705648
v 0.0761936 0.4338492 -0.0678620
v 0.0765858 0.4383103 -0.0729243
v 0.0821456 0.4420066 -0.0647216
v 0.0814136 0.4398398 -0.0619159
v 0.0819190 0.4446549 -0.0671756
v 0.0874876 0.4479688 -0.0587498
v 0.0866946 0.4457596 -0.0560385
v 0.0873482 0.4506880 -0.0610836
v 0.0929516 0.4536054 -0.0525463
v 0.0921411 0.4514669 -0.0501353
v 0.0929167 0.4561970 -0.0545970
v 0.0985637 0.4587745 -0.0460854
v 0.0978143 0.4569476 -0.0441549
v 0.0986160 0.4610263 -0.0476985
v 0.1043240 0.4634622 -0.0393928
v 0.1037314 0.4620885 -0.0380286
v 0.1044199 0.4651333 -0.0405083
v 0.1102586 0.4676400 -0.0325201
v 0.1098577 0.4667761 -0.0317307
v 0.1103632 0.4687022 -0.0331464
v 0.1163675 0.4712514 -0.0254671
v 0.1161670 0.4708407 -0.0251325
v 0.1164372 0.4717329 -0.0257246
v 0.1226593 0.4741121 -0.0182426
v 0.1226245 0.4740555 -0.0181911
v 0.1226680 0.4741971 -0.0182855
v 0.1244719 0.4748627 -0.0161662
v 0.0609955 0.4166281 -0.0872705
v 0.0551917 0.4223921 -0.0930106
v 0.0541895 0.4207068 -0.0937056
v 0.0565598 0.4239357 -0.0928390
v 0.0494052 0.4281702 -0.0987679
v 0.0479935 0.4257485 -0.0997375
v 0.0513573 0.4303937 -0.0985277
v 0.0450828 0.4324472 -0.1031439
v 0.0441242 0.4292749 -0.1036415
v 0.0466515 0.4353929 -0.1034613
v 0.0362115 0.4363417 -0.1110634
v 0.0355143 0.4327871 -0.1112951
v 0.0376319 0.4396274 -0.1116726
v 0.0290046 0.4381970 -0.1177388
v 0.0285950 0.4345998 -0.1177045
v 0.0301549 0.4415109 -0.1185882
v 0.0217106 0.4389759 -0.1245343
v 0.0215885 0.4356478 -0.1242598
v 0.0225297 0.4420491 -0.1255468
v 0.0143991 0.4386785 -0.1313470
v 0.0145211 0.4359027 -0.1309009
v 0.0148784 0.4412418 -0.1323938
v 0.0071922 0.4372481 -0.1381340
v 0.0074623 0.4352513 -0.1376363
v 0.0073926 0.4390892 -0.1390606
v 0.0002990 0.4345998 -0.1448780
v 0.0005692 0.4334244 -0.1444662
v 0.0003252 0.4356903 -0.1455387
v -0.0061758 0.4307619 -0.1514591
v -0.0060103 0.4302520 -0.1512188
v -0.0062107 0.4312434 -0.1518108
v -0.0122499 0.4258476 -0.1576969
v -0.0122150 0.4257485 -0.1576454
v -0.0122586 0.4259326 -0.1577655
v -0.0143065 0.4240065 -0.1597990
v 0.0648212 0.4331128 -0.0920754
v 0.0704856 0.4399106 -0.0864982
v 0.0698233 0.4384519 -0.0850310
v 0.0705989 0.4416950 -0.0877338
v 0.0760019 0.4440601 -0.0799258
v 0.0749387 0.4419358 -0.0780210
v 0.0763418 0.4466801 -0.0814445
v 0.0820585 0.4474590 -0.0727270
v 0.0806641 0.4448957 -0.0706849
v 0.0826511 0.4506030 -0.0742714
v 0.0884026 0.4498666 -0.0653823
v 0.0867469 0.4470908 -0.0634003
v 0.0892479 0.4532796 -0.0667723
v 0.0949646 0.4512545 -0.0579690
v 0.0930997 0.4484504 -0.0561929
v 0.0960888 0.4547242 -0.0590759
v 0.1017010 0.4514386 -0.0505814
v 0.0997315 0.4487903 -0.0491228
v 0.1030343 0.4547100 -0.0513537
v 0.1085244 0.4503622 -0.0433483
v 0.1066334 0.4480963 -0.0422501
v 0.1099100 0.4531663 -0.0437859
v 0.1153130 0.4481105 -0.0363554
v 0.1137183 0.4463827 -0.0356175
v 0.1165417 0.4502348 -0.0365442
v 0.1219709 0.4448249 -0.0296629
v 0.1208119 0.4437061 -0.0292339
v 0.1229120 0.4462127 -0.0296886
v 0.1284283 0.4405479 -0.0233393
v 0.1277399 0.4399673 -0.0231505
v 0.1290122 0.4412560 -0.0232878
v 0.1345110 0.4351946 -0.0174704
v 0.1342409 0.4349963 -0.0174189
v 0.1347463 0.4354354 -0.0174361
v 0.1394957 0.4296572 -0.0127169
v 0.0648212 0.4331128 -0.0920754
v 0.0592613 0.4393300 -0.0976010
v 0.0581459 0.4376305 -0.0983046
v 0.0607602 0.4408595 -0.0974294
v 0.0536405 0.4453913 -0.1032125
v 0.0520370 0.4429130 -0.1042164
v 0.0557843 0.4476431 -0.1029808
v 0.0479935 0.4513678 -0.1089098
v 0.0461112 0.4484504 -0.1100852
v 0.0505120 0.4540019 -0.1086438
v 0.0424075 0.4573017 -0.1147014
v 0.0404119 0.4541577 -0.1159455
v 0.0451090 0.4601341 -0.1144183
v 0.0368651 0.4631648 -0.1206132
v 0.0348869 0.4599075 -0.1218230
v 0.0395491 0.4660822 -0.1203815
v 0.0311919 0.4688155 -0.1265936
v 0.0293619 0.4656149 -0.1276747
v 0.0337104 0.4717187 -0.1264391
v 0.0253445 0.4742113 -0.1326426
v 0.0237846 0.4712655 -0.1335350
v 0.0275406 0.4768879 -0.1325912
v 0.0193228 0.4792813 -0.1388204
v 0.0181289 0.4768029 -0.1394639
v 0.0210483 0.4815331 -0.1388461
v 0.0131529 0.4839265 -0.1451698
v 0.0123512 0.4820712 -0.1455644
v 0.0143381 0.4855976 -0.1452556
v 0.0068175 0.4880618 -0.1517079
v 0.0063905 0.4868722 -0.1518795
v 0.0074885 0.4891381 -0.1518194
v 0.0002467 0.4914324 -0.1584434
v 0.0000812 0.4908517 -0.1584948
v 0.0005343 0.4919706 -0.1585377
v -0.0065419 0.4938824 -0.1653676
v -0.0065767 0.4937550 -0.1653762
v -0.0064809 0.4940099 -0.1653933
v -0.0093131 0.4947038 -0.1681819
v 0.0678364 0.4447116 -0.0953530
v 0.0733265 0.4510137 -0.0898617
v 0.0728995 0.4498241 -0.0881456
v 0.0731958 0.4525149 -0.0913804
v 0.0789125 0.4571317 -0.0842588
v 0.0782677 0.4553898 -0.0817963
v 0.0787557 0.4593410 -0.0864124
v 0.0845770 0.4630940 -0.0785701
v 0.0838101 0.4610405 -0.0757043
v 0.0844201 0.4656715 -0.0810670
v 0.0895617 0.4681782 -0.0735764
v 0.0883155 0.4656290 -0.0709938
v 0.0899015 0.4713647 -0.0756957
v 0.0965420 0.4725685 -0.0658628
v 0.0950344 0.4698493 -0.0634947
v 0.0971607 0.4759674 -0.0676990
v 0.1029297 0.4752876 -0.0586640
v 0.1012652 0.4726109 -0.0566648
v 0.1038011 0.4786298 -0.0601141
v 0.1094220 0.4768171 -0.0512164
v 0.1077401 0.4744095 -0.0496805
v 0.1104503 0.4798053 -0.0522031
v 0.1159404 0.4770862 -0.0436400
v 0.1144328 0.4751743 -0.0425933
v 0.1169688 0.4794796 -0.0441978
v 0.1224676 0.4760523 -0.0361324
v 0.1212824 0.4747353 -0.0355232
v 0.1233303 0.4777093 -0.0363554
v 0.1288641 0.4737156 -0.0288134
v 0.1281059 0.4729650 -0.0285303
v 0.1294566 0.4746503 -0.0288563
v 0.1350339 0.4701042 -0.0218120
v 0.1346766 0.4698068 -0.0217262
v 0.1353215 0.4704866 -0.0217948
v 0.1408378 0.4652608 -0.0152653
v 0.1408029 0.4652325 -0.0152567
v 0.1408639 0.4653033 -0.0152653
v 0.1417441 0.4644677 -0.0142528
v 0.0678364 0.4447116 -0.0953530
v 0.0622853 0.4510137 -0.1007843
v 0.0611524 0.4493709 -0.1015394
v 0.0637842 0.4525291 -0.1005698
v 0.0566557 0.4573300 -0.1061126
v 0.0550261 0.4549508 -0.1072023
v 0.0588082 0.4595393 -0.1058209
v 0.0509477 0.4636322 -0.1113723
v 0.0490654 0.4608139 -0.1126250
v 0.0534313 0.4662238 -0.1110548
v 0.0451090 0.4698210 -0.1166234
v 0.0431395 0.4667620 -0.1179190
v 0.0477233 0.4726534 -0.1163231
v 0.0391396 0.4758824 -0.1218745
v 0.0371962 0.4727242 -0.1231358
v 0.0417365 0.4787998 -0.1216085
v 0.0330917 0.4817597 -0.1272543
v 0.0313052 0.4786723 -0.1284040
v 0.0355318 0.4845921 -0.1270483
v 0.0269828 0.4873820 -0.1328142
v 0.0254665 0.4845921 -0.1337752
v 0.0290830 0.4899595 -0.1326941
v 0.0207694 0.4927211 -0.1385544
v 0.0196104 0.4904127 -0.1392666
v 0.0223990 0.4948455 -0.1385115
v 0.0144165 0.4977062 -0.1444404
v 0.0136496 0.4960351 -0.1448952
v 0.0155145 0.4992499 -0.1444576
v 0.0079068 0.5022806 -0.1505067
v 0.0075059 0.5012609 -0.1507212
v 0.0085168 0.5032294 -0.1505496
v 0.0012925 0.5062318 -0.1568903
v 0.0011530 0.5057786 -0.1569590
v 0.0015365 0.5066567 -0.1569332
v -0.0053828 0.5094041 -0.1636258
v -0.0053915 0.5093475 -0.1636344
v -0.0053480 0.5094466 -0.1636258
v -0.0065941 0.5099423 -0.1648614
v 0.0710782 0.4569335 -0.0987250
v 0.0763418 0.4633489 -0.0931393
v 0.0758712 0.4621876 -0.0913718
v 0.0762459 0.4648076 -0.0947267
v 0.0816402 0.4696935 -0.0875364
v 0.0809430 0.4680082 -0.0849881
v 0.0815182 0.4718603 -0.0898274
v 0.0869996 0.4759815 -0.0818992
v 0.0861543 0.4739705 -0.0789219
v 0.0868776 0.4785449 -0.0845591
v 0.0924200 0.4821420 -0.0761934
v 0.0914788 0.4799469 -0.0730187
v 0.0923329 0.4849461 -0.0790077
v 0.0979276 0.4881468 -0.0703846
v 0.0969428 0.4858667 -0.0671927
v 0.0978753 0.4910500 -0.0732161
v 0.1035310 0.4939674 -0.0645071
v 0.1025375 0.4917298 -0.0614440
v 0.1035310 0.4968423 -0.0671842
v 0.1092564 0.4995756 -0.0585181
v 0.1083065 0.4974938 -0.0557982
v 0.1093261 0.5022381 -0.0608863
v 0.1151213 0.5048864 -0.0524004
v 0.1142673 0.5031020 -0.0502039
v 0.1152520 0.5071665 -0.0542795
v 0.1211256 0.5097865 -0.0460768
v 0.1204371 0.5084128 -0.0444981
v 0.1212912 0.5115284 -0.0473982
v 0.1272867 0.5141768 -0.0395387
v 0.1267987 0.5132704 -0.0385863
v 0.1274436 0.5153239 -0.0403281
v 0.1336745 0.5178872 -0.0327947
v 0.1333956 0.5174057 -0.0323399
v 0.1337877 0.5184820 -0.0331550
v 0.1402888 0.5207338 -0.0258618
v 0.1402016 0.5205922 -0.0257417
v 0.1403323 0.5209038 -0.0259562
v 0.1442451 0.5220792 -0.0217433
v 0.0710782 0.4569335 -0.0987250
v 0.0656926 0.4633631 -0.1041821
v 0.0644988 0.4617061 -0.1049714
v 0.0672700 0.4648501 -0.1039332
v 0.0603419 0.4698352 -0.1095876
v 0.0585990 0.4674276 -0.1107459
v 0.0626251 0.4720161 -0.1092272
v 0.0550087 0.4763073 -0.1150360
v 0.0529782 0.4734323 -0.1163831
v 0.0577014 0.4788989 -0.1146328
v 0.0497190 0.4826660 -0.1206475
v 0.0475665 0.4795221 -0.1220547
v 0.0525947 0.4854985 -0.1202356
v 0.0444467 0.4888832 -0.1264391
v 0.0422942 0.4856118 -0.1278291
v 0.0473399 0.4918289 -0.1260702
v 0.0390611 0.4949021 -0.1323338
v 0.0370306 0.4916307 -0.1336122
v 0.0418323 0.4978620 -0.1320420
v 0.0335274 0.5006803 -0.1383313
v 0.0317322 0.4975929 -0.1394210
v 0.0360023 0.5034702 -0.1381340
v 0.0278543 0.5061610 -0.1444833
v 0.0264077 0.5034560 -0.1453328
v 0.0298935 0.5085827 -0.1443890
v 0.0221201 0.5112452 -0.1509099
v 0.0210831 0.5091209 -0.1514762
v 0.0236277 0.5131571 -0.1509013
v 0.0163163 0.5158621 -0.1576111
v 0.0156801 0.5144034 -0.1579285
v 0.0172749 0.5171933 -0.1576626
v 0.0102771 0.5199549 -0.1644581
v 0.0099634 0.5191193 -0.1645868
v 0.0107739 0.5207197 -0.1645267
v 0.0039591 0.5234246 -0.1713909
v 0.0038545 0.5230989 -0.1714166
v 0.0041334 0.5237079 -0.1714338
v -0.0019755 0.5259455 -0.1777317
v 0.0757666 0.4732907 -0.1032382
v 0.0806380 0.4797628 -0.0973779
v 0.0799583 0.4786723 -0.0956018
v 0.0807252 0.4811932 -0.0990253
v 0.0834876 0.4833600 -0.0941003
v 0.0822240 0.4815614 -0.0923242
v 0.0840541 0.4856543 -0.0956276
v 0.0912523 0.4886425 -0.0832377
v 0.0894135 0.4861641 -0.0810927
v 0.0922283 0.4918289 -0.0849881
v 0.0969080 0.4912341 -0.0754040
v 0.0947468 0.4884867 -0.0733276
v 0.0981803 0.4947605 -0.0769914
v 0.1027031 0.4927353 -0.0673987
v 0.1002979 0.4898887 -0.0655282
v 0.1042630 0.4963750 -0.0686685
v 0.1086203 0.4930186 -0.0593418
v 0.1060843 0.4902428 -0.0577717
v 0.1104067 0.4965732 -0.0602428
v 0.1145810 0.4920555 -0.0513708
v 0.1120625 0.4895630 -0.0501610
v 0.1164633 0.4952703 -0.0518942
v 0.1204720 0.4898746 -0.0435886
v 0.1181626 0.4878211 -0.0427734
v 0.1222759 0.4925087 -0.0437687
v 0.1261364 0.4865181 -0.0360637
v 0.1242454 0.4850170 -0.0355918
v 0.1276702 0.4884300 -0.0360037
v 0.1314871 0.4820146 -0.0289164
v 0.1301451 0.4810657 -0.0286933
v 0.1326113 0.4832325 -0.0287619
v 0.1364544 0.4765622 -0.0221552
v 0.1356701 0.4760807 -0.0220780
v 0.1371254 0.4771995 -0.0220093
v 0.1409772 0.4702742 -0.0158316
v 0.1406548 0.4701042 -0.0158144
v 0.1412474 0.4705008 -0.0157543
v 0.1448116 0.4636322 -0.0103660
v 0.0757666 0.4732907 -0.1032382
v 0.0705118 0.4799752 -0.1084979
v 0.0692046 0.4783749 -0.1092101
v 0.0721762 0.4813915 -0.1083520
v 0.0652743 0.4866314 -0.1138176
v 0.0633746 0.4842805 -0.1148387
v 0.0676883 0.4887133 -0.1136117
v 0.0600282 0.4932310 -0.1191889
v 0.0577973 0.4904269 -0.1203815
v 0.0628517 0.4957235 -0.1189658
v 0.0547211 0.4997314 -0.1246201
v 0.0523507 0.4966582 -0.1258643
v 0.0577450 0.5024647 -0.1244142
v 0.0493442 0.5061185 -0.1301372
v 0.0469826 0.5028896 -0.1313470
v 0.0523943 0.5089651 -0.1299742
v 0.0438890 0.5122507 -0.1358431
v 0.0416580 0.5090076 -0.1369413
v 0.0468083 0.5151256 -0.1357487
v 0.0383378 0.5180855 -0.1417720
v 0.0363596 0.5150123 -0.1427072
v 0.0409609 0.5208046 -0.1417634
v 0.0326734 0.5235946 -0.1478983
v 0.0310438 0.5209038 -0.1486362
v 0.0348607 0.5259596 -0.1479497
v 0.0268434 0.5288346 -0.1541103
v 0.0256408 0.5267102 -0.1546166
v 0.0284817 0.5307040 -0.1542133
v 0.0208391 0.5337346 -0.1604254
v 0.0200897 0.5322476 -0.1607000
v 0.0218936 0.5350517 -0.1605541
v 0.0146605 0.5380683 -0.1669893
v 0.0142771 0.5371902 -0.1670922
v 0.0152182 0.5388330 -0.1671008
v 0.0083164 0.5416654 -0.1738277
v 0.0081856 0.5413114 -0.1738448
v 0.0085168 0.5419770 -0.1738877
v 0.0019025 0.5444129 -0.1807948
v 0.0795400 0.4852294 -0.1068248
v 0.0848820 0.4915882 -0.1012562
v 0.0843330 0.4904410 -0.0994458
v 0.0848384 0.4930752 -0.1028864
v 0.0901281 0.4979611 -0.0956104
v 0.0893176 0.4962617 -0.0929763
v 0.0900845 0.5001421 -0.0979871
v 0.0954091 0.5042633 -0.0899217
v 0.0944418 0.5022523 -0.0868157
v 0.0953917 0.5068691 -0.0927103
v 0.1008992 0.5103955 -0.0842331
v 0.0998361 0.5081862 -0.0808954
v 0.1009166 0.5132562 -0.0872190
v 0.1066246 0.5162869 -0.0785272
v 0.1054830 0.5139785 -0.0751380
v 0.1066944 0.5192893 -0.0815389
v 0.1124372 0.5219659 -0.0727098
v 0.1112520 0.5196292 -0.0694236
v 0.1125767 0.5249966 -0.0756014
v 0.1183369 0.5273900 -0.0667208
v 0.1171692 0.5251524 -0.0637349
v 0.1185548 0.5302791 -0.0693378
v 0.1243499 0.5324884 -0.0605774
v 0.1232781 0.5305057 -0.0580462
v 0.1246201 0.5350659 -0.0627568
v 0.1305285 0.5371760 -0.0542538
v 0.1296135 0.5355616 -0.0523232
v 0.1308161 0.5392720 -0.0559012
v 0.1368640 0.5413680 -0.0477671
v 0.1361842 0.5402209 -0.0464458
v 0.1371341 0.5428834 -0.0488568
v 0.1434783 0.5449652 -0.0411861
v 0.1430425 0.5442571 -0.0404225
v 0.1436787 0.5458857 -0.0417953
v 0.1503802 0.5478543 -0.0345450
v 0.1501623 0.5475286 -0.0342190
v 0.1504934 0.5482791 -0.0347938
v 0.1574912 0.5499220 -0.0278267
v 0.1574650 0.5498653 -0.0277838
v 0.1575086 0.5499786 -0.0278610
v 0.1592079 0.5503610 -0.0261965
v 0.0795400 0.4852294 -0.1068248
v 0.0741718 0.4918148 -0.1120844
v 0.0728298 0.4901578 -0.1127794
v 0.0758537 0.4933018 -0.1119729
v 0.0687776 0.4983718 -0.1173699
v 0.0668255 0.4959218 -0.1183737
v 0.0712351 0.5005670 -0.1172154
v 0.0633136 0.5048722 -0.1226638
v 0.0610304 0.5019124 -0.1238308
v 0.0662068 0.5075064 -0.1225094
v 0.0577450 0.5112735 -0.1279407
v 0.0552962 0.5080162 -0.1291762
v 0.0608474 0.5142051 -0.1278291
v 0.0520370 0.5175473 -0.1332433
v 0.0495621 0.5141060 -0.1344616
v 0.0551917 0.5206347 -0.1331660
v 0.0462070 0.5236371 -0.1386231
v 0.0438192 0.5201390 -0.1397642
v 0.0492832 0.5267810 -0.1386059
v 0.0402550 0.5295143 -0.1441058
v 0.0380677 0.5261154 -0.1451183
v 0.0430872 0.5325450 -0.1441573
v 0.0341549 0.5351225 -0.1497087
v 0.0322725 0.5320494 -0.1505581
v 0.0366298 0.5378700 -0.1498117
v 0.0279501 0.5404900 -0.1554145
v 0.0264687 0.5379125 -0.1560495
v 0.0299283 0.5427984 -0.1555518
v 0.0216147 0.5455742 -0.1612491
v 0.0205951 0.5435915 -0.1616438
v 0.0230090 0.5473444 -0.1614121
v 0.0151398 0.5501202 -0.1673668
v 0.0145472 0.5487748 -0.1675555
v 0.0159938 0.5513098 -0.1675298
v 0.0085342 0.5539582 -0.1738191
v 0.0082554 0.5532217 -0.1738792
v 0.0089525 0.5546096 -0.1739392
v 0.0018153 0.5570172 -0.1805632
v 0.0017282 0.5567623 -0.1805717
v 0.0019461 0.5572438 -0.1806146
v -0.0033001 0.5588583 -0.1857113
v 0.0840628 0.4996181 -0.1113208
v 0.0894135 0.5060335 -0.1058295
v 0.0887948 0.5049431 -0.1039332
v 0.0894484 0.5075064 -0.1075627
v 0.0949472 0.5123357 -0.1003810
v 0.0940235 0.5107212 -0.0975839
v 0.0950169 0.5145167 -0.1029379
v 0.1006204 0.5185245 -0.0949412
v 0.0994962 0.5165702 -0.0916120
v 0.1007249 0.5211587 -0.0979700
v 0.1063458 0.5246001 -0.0894412
v 0.1050909 0.5224333 -0.0858290
v 0.1065026 0.5275316 -0.0927189
v 0.1121496 0.5305340 -0.0838641
v 0.1107989 0.5282397 -0.0801575
v 0.1123849 0.5336497 -0.0872104
v 0.1181365 0.5361847 -0.0781840
v 0.1167160 0.5338196 -0.0745202
v 0.1184677 0.5393853 -0.0814531
v 0.1243325 0.5414672 -0.0723838
v 0.1228946 0.5391304 -0.0689345
v 0.1247508 0.5446395 -0.0754212
v 0.1307202 0.5463389 -0.0664205
v 0.1293085 0.5441438 -0.0633660
v 0.1312257 0.5492988 -0.0690718
v 0.1372387 0.5507434 -0.0602513
v 0.1359489 0.5488173 -0.0577373
v 0.1377877 0.5533492 -0.0624050
v 0.1438879 0.5546238 -0.0538677
v 0.1428160 0.5530801 -0.0519714
v 0.1444020 0.5566914 -0.0554722
v 0.1505893 0.5580652 -0.0472952
v 0.1497876 0.5569605 -0.0460082
v 0.1510076 0.5595380 -0.0483592
v 0.1573169 0.5610534 -0.0405254
v 0.1568027 0.5603736 -0.0397789
v 0.1576045 0.5619598 -0.0411260
v 0.1640881 0.5635034 -0.0335840
v 0.1638353 0.5631777 -0.0332580
v 0.1642449 0.5639283 -0.0338414
v 0.1710510 0.5651887 -0.0266083
v 0.1709987 0.5651321 -0.0265483
v 0.1710771 0.5652737 -0.0266512
v 0.1731076 0.5656136 -0.0245576
v 0.0840628 0.4996181 -0.1113208
v 0.0786772 0.5058919 -0.1169494
v 0.0773962 0.5041641 -0.1176015
v 0.0803156 0.5074356 -0.1168550
v 0.0731871 0.5120808 -0.1225609
v 0.0713222 0.5095033 -0.1235047
v 0.0755749 0.5143750 -0.1224579
v 0.0676098 0.5181705 -0.1282067
v 0.0654225 0.5150690 -0.1292964
v 0.0704333 0.5209321 -0.1281037
v 0.0619715 0.5241469 -0.1339039
v 0.0596361 0.5207197 -0.1350537
v 0.0650129 0.5272059 -0.1338439
v 0.0562635 0.5299817 -0.1396870
v 0.0539106 0.5263562 -0.1407938
v 0.0593485 0.5331965 -0.1396870
v 0.0504335 0.5355616 -0.1455902
v 0.0481852 0.5318511 -0.1466027
v 0.0534313 0.5388472 -0.1456760
v 0.0444728 0.5408440 -0.1516392
v 0.0424249 0.5372327 -0.1525144
v 0.0472440 0.5440447 -0.1518023
v 0.0383727 0.5458008 -0.1578170
v 0.0365949 0.5425293 -0.1585377
v 0.0407953 0.5487323 -0.1580229
v 0.0321331 0.5505451 -0.1640205
v 0.0307213 0.5477693 -0.1645525
v 0.0340851 0.5530235 -0.1642607
v 0.0257279 0.5550062 -0.1702841
v 0.0247432 0.5528535 -0.1706101
v 0.0271484 0.5569180 -0.1705243
v 0.0192008 0.5589999 -0.1767106
v 0.0185995 0.5575270 -0.1768737
v 0.0200897 0.5603169 -0.1769251
v 0.0125429 0.5624271 -0.1833346
v 0.0122466 0.5615915 -0.1833860
v 0.0130048 0.5631777 -0.1834890
v 0.0057630 0.5652029 -0.1901473
v 0.0056672 0.5648772 -0.1901473
v 0.0059199 0.5655003 -0.1902245
v -0.0006073 0.5670864 -0.1965309
v 0.0879930 0.5114151 -0.1152076
v 0.0932479 0.5180713 -0.1099051
v 0.0926553 0.5170517 -0.1079659
v 0.0932566 0.5194592 -0.1117069
v 0.0985899 0.5247700 -0.1047484
v 0.0977271 0.5232830 -0.1018740
v 0.0985899 0.5268094 -0.1073996
v 0.1040626 0.5314121 -0.0996517
v 0.1030081 0.5296135 -0.0962368
v 0.1040887 0.5338763 -0.1027921
v 0.1097183 0.5378558 -0.0945122
v 0.1085506 0.5358590 -0.0908055
v 0.1098054 0.5406174 -0.0979099
v 0.1156006 0.5440588 -0.0893211
v 0.1143196 0.5419345 -0.0855115
v 0.1157662 0.5470046 -0.0927790
v 0.1216572 0.5499644 -0.0839928
v 0.1203064 0.5477693 -0.0802433
v 0.1219186 0.5530093 -0.0873734
v 0.1278967 0.5555302 -0.0785015
v 0.1265286 0.5533492 -0.0749664
v 0.1282540 0.5585325 -0.0816504
v 0.1343193 0.5606993 -0.0728385
v 0.1330034 0.5586741 -0.0696982
v 0.1347289 0.5634893 -0.0756185
v 0.1408813 0.5655003 -0.0670211
v 0.1396962 0.5637300 -0.0644213
v 0.1413258 0.5679362 -0.0692863
v 0.1480882 0.5701455 -0.0605860
v 0.1468944 0.5686584 -0.0589043
v 0.1487941 0.5721706 -0.0619502
v 0.1544498 0.5722556 -0.0541680
v 0.1534825 0.5711651 -0.0530954
v 0.1551034 0.5737285 -0.0549831
v 0.1614563 0.5730487 -0.0470807
v 0.1608201 0.5724114 -0.0465144
v 0.1619356 0.5739267 -0.0474754
v 0.1684540 0.5723972 -0.0399763
v 0.1681403 0.5721140 -0.0397446
v 0.1687068 0.5727796 -0.0401050
v 0.1752949 0.5703721 -0.0329663
v 0.1752601 0.5703296 -0.0329405
v 0.1753298 0.5704145 -0.0329834
v 0.1766805 0.5699047 -0.0315505
v 0.0879930 0.5114151 -0.1152076
v 0.0825988 0.5178448 -0.1206561
v 0.0812393 0.5161028 -0.1213253
v 0.0843068 0.5193743 -0.1205874
v 0.0771086 0.5242035 -0.1260788
v 0.0751217 0.5216119 -0.1270483
v 0.0796358 0.5265120 -0.1259930
v 0.0715749 0.5304915 -0.1315530
v 0.0692133 0.5273334 -0.1326855
v 0.0745814 0.5332673 -0.1314586
v 0.0660499 0.5366520 -0.1371558
v 0.0634966 0.5331398 -0.1383656
v 0.0693266 0.5397394 -0.1370872
v 0.0605075 0.5426568 -0.1429217
v 0.0579106 0.5389180 -0.1441144
v 0.0638713 0.5459424 -0.1429132
v 0.0548431 0.5484633 -0.1487735
v 0.0523072 0.5446112 -0.1498803
v 0.0581546 0.5518622 -0.1488507
v 0.0490044 0.5540148 -0.1547024
v 0.0466340 0.5501769 -0.1556805
v 0.0521242 0.5573996 -0.1548654
v 0.0429739 0.5592690 -0.1607000
v 0.0408825 0.5556435 -0.1615065
v 0.0457713 0.5624838 -0.1609488
v 0.0367256 0.5642257 -0.1667318
v 0.0350002 0.5609826 -0.1673410
v 0.0390611 0.5671006 -0.1670493
v 0.0302420 0.5688142 -0.1727981
v 0.0289436 0.5661234 -0.1731927
v 0.0320372 0.5712076 -0.1731413
v 0.0235667 0.5729354 -0.1790101
v 0.0227040 0.5709102 -0.1792161
v 0.0248129 0.5747340 -0.1793362
v 0.0167346 0.5765043 -0.1853852
v 0.0162378 0.5751447 -0.1854625
v 0.0174927 0.5776939 -0.1856512
v 0.0097455 0.5794358 -0.1919062
v 0.0095190 0.5786852 -0.1919148
v 0.0101203 0.5800873 -0.1920864
v 0.0038110 0.5812769 -0.1973718
v 0.0037761 0.5809512 -0.1973203
v 0.0039068 0.5815885 -0.1975005
v -0.0034569 0.5811778 -0.2031806
v 0.0940671 0.5288204 -0.1209564
v 0.0998012 0.5349809 -0.1155680
v 0.0991999 0.5338763 -0.1136546
v 0.0998273 0.5364821 -0.1173012
v 0.1055789 0.5411131 -0.1101711
v 0.1046726 0.5394561 -0.1073482
v 0.1056312 0.5433649 -0.1127280
v 0.1114263 0.5471603 -0.1047569
v 0.1103196 0.5451352 -0.1013935
v 0.1115222 0.5498795 -0.1077772
v 0.1173783 0.5530235 -0.0992656
v 0.1161235 0.5507717 -0.0956190
v 0.1175439 0.5560683 -0.1025432
v 0.1234523 0.5586883 -0.0936970
v 0.1221103 0.5563091 -0.0899132
v 0.1236528 0.5618889 -0.0970776
v 0.1295089 0.5642823 -0.0880341
v 0.1281233 0.5618465 -0.0842588
v 0.1297529 0.5675396 -0.0914061
v 0.1355568 0.5697772 -0.0822768
v 0.1341625 0.5673838 -0.0786645
v 0.1358444 0.5729920 -0.0854858
v 0.1416395 0.5751022 -0.0763907
v 0.1402975 0.5728504 -0.0731217
v 0.1419881 0.5781329 -0.0792823
v 0.1478878 0.5801014 -0.0704017
v 0.1466765 0.5781046 -0.0676218
v 0.1482800 0.5827922 -0.0728214
v 0.1543191 0.5847041 -0.0642755
v 0.1532821 0.5830613 -0.0621133
v 0.1547200 0.5869134 -0.0661374
v 0.1609247 0.5888111 -0.0579947
v 0.1601143 0.5875932 -0.0564761
v 0.1612907 0.5904539 -0.0592732
v 0.1676959 0.5923517 -0.0515424
v 0.1671381 0.5915444 -0.0506072
v 0.1679834 0.5934138 -0.0523061
v 0.1746152 0.5952407 -0.0449185
v 0.1743015 0.5948159 -0.0444637
v 0.1747895 0.5958072 -0.0452874
v 0.1816391 0.5973934 -0.0381401
v 0.1815345 0.5972659 -0.0380028
v 0.1817001 0.5975775 -0.0382431
v 0.1860225 0.5984272 -0.0338758
v 0.0940671 0.5288204 -0.1209564
v 0.0891259 0.5355616 -0.1264391
v 0.0876793 0.5339471 -0.1271942
v 0.0909385 0.5369778 -0.1262761
v 0.0842981 0.5424160 -0.1319047
v 0.0821369 0.5400085 -0.1330373
v 0.0869996 0.5444979 -0.1316388
v 0.0795661 0.5492847 -0.1374132
v 0.0769779 0.5463956 -0.1387603
v 0.0828079 0.5517772 -0.1370872
v 0.0749126 0.5560825 -0.1430762
v 0.0720891 0.5528818 -0.1445348
v 0.0784768 0.5588299 -0.1427244
v 0.0703288 0.5627812 -0.1489107
v 0.0674094 0.5593681 -0.1503951
v 0.0740237 0.5656986 -0.1485847
v 0.0657014 0.5693241 -0.1548997
v 0.0628169 0.5658119 -0.1563155
v 0.0693876 0.5723264 -0.1546252
v 0.0609955 0.5756545 -0.1610432
v 0.0582679 0.5721282 -0.1623216
v 0.0645162 0.5786711 -0.1608716
v 0.0561415 0.5817018 -0.1673668
v 0.0537276 0.5783028 -0.1684050
v 0.0593049 0.5846191 -0.1673325
v 0.0510087 0.5873241 -0.1738448
v 0.0490131 0.5842226 -0.1746085
v 0.0536666 0.5899866 -0.1739650
v 0.0455796 0.5924508 -0.1805031
v 0.0440807 0.5898308 -0.1809750
v 0.0476362 0.5947026 -0.1807176
v 0.0398977 0.5969544 -0.1873844
v 0.0388868 0.5949433 -0.1876161
v 0.0413269 0.5986821 -0.1876590
v 0.0339806 0.6007356 -0.1945060
v 0.0333793 0.5993619 -0.1945747
v 0.0348607 0.6018969 -0.1947548
v 0.0278717 0.6037522 -0.2018249
v 0.0275754 0.6029874 -0.2018249
v 0.0283249 0.6044036 -0.2019965
v 0.0216670 0.6061314 -0.2092983
v 0.0215624 0.6058482 -0.2092811
v 0.0218238 0.6063722 -0.2093669
v 0.0164731 0.6076184 -0.2155619
v 0.1008121 0.5468629 -0.1268424
v 0.1059362 0.5532501 -0.1210937
v 0.1051258 0.5521596 -0.1191717
v 0.1061279 0.5547229 -0.1229127
v 0.1109993 0.5596513 -0.1153278
v 0.1097967 0.5580227 -0.1124534
v 0.1112956 0.5618606 -0.1180477
v 0.1160886 0.5660526 -0.1095704
v 0.1146507 0.5641124 -0.1060869
v 0.1164372 0.5687151 -0.1128652
v 0.1212999 0.5724114 -0.1038732
v 0.1197051 0.5702729 -0.1000035
v 0.1216833 0.5753713 -0.1075198
v 0.1266331 0.5786994 -0.0982188
v 0.1249338 0.5764193 -0.0941604
v 0.1270863 0.5818717 -0.1020027
v 0.1321843 0.5847466 -0.0925044
v 0.1304065 0.5823674 -0.0884116
v 0.1327159 0.5880464 -0.0962797
v 0.1379707 0.5904539 -0.0866784
v 0.1361842 0.5880747 -0.0826886
v 0.1385720 0.5937820 -0.0903422
v 0.1439837 0.5958355 -0.0807838
v 0.1422670 0.5935696 -0.0769999
v 0.1446024 0.5990362 -0.0842159
v 0.1501710 0.6010047 -0.0748549
v 0.1485850 0.5989229 -0.0714571
v 0.1507810 0.6039504 -0.0779180
v 0.1565326 0.6058907 -0.0688916
v 0.1551208 0.6040779 -0.0660430
v 0.1571339 0.6084682 -0.0714314
v 0.1630598 0.6103942 -0.0627825
v 0.1618746 0.6088930 -0.0605860
v 0.1636175 0.6124902 -0.0647216
v 0.1667808 0.6126177 -0.0592818
v 0.1655521 0.6112581 -0.0576344
v 0.1675477 0.6145295 -0.0606289
v 0.1768200 0.6155775 -0.0493631
v 0.1760618 0.6148128 -0.0485394
v 0.1773515 0.6166539 -0.0499980
v 0.1839397 0.6161440 -0.0423702
v 0.1835040 0.6157333 -0.0419669
v 0.1842796 0.6167105 -0.0426533
v 0.1910769 0.6153651 -0.0354116
v 0.1909287 0.6152377 -0.0352829
v 0.1912076 0.6155492 -0.0354888
v 0.1958960 0.6141897 -0.0306839
v 0.1008121 0.5468629 -0.1268424
v 0.0959755 0.5537741 -0.1322051
v 0.0944592 0.5521454 -0.1329515
v 0.0978491 0.5551903 -0.1320678
v 0.0911477 0.5607135 -0.1375505
v 0.0888906 0.5582493 -0.1386402
v 0.0939276 0.5628378 -0.1373532
v 0.0862763 0.5675963 -0.1429303
v 0.0836009 0.5645797 -0.1442088
v 0.0896052 0.5702021 -0.1427330
v 0.0813352 0.5743091 -0.1484302
v 0.0784245 0.5708961 -0.1497859
v 0.0849691 0.5772690 -0.1482672
v 0.0762895 0.5808379 -0.1540846
v 0.0732830 0.5771840 -0.1554489
v 0.0800716 0.5840102 -0.1539559
v 0.0711653 0.5872108 -0.1598505
v 0.0681676 0.5834154 -0.1611719
v 0.0749649 0.5904823 -0.1597819
v 0.0659454 0.5933713 -0.1657365
v 0.0630696 0.5895334 -0.1669464
v 0.0696142 0.5966994 -0.1657537
v 0.0605772 0.5992769 -0.1717684
v 0.0579803 0.5954957 -0.1727637
v 0.0639323 0.6025484 -0.1719229
v 0.0549389 0.6047718 -0.1779376
v 0.0527342 0.6012313 -0.1786841
v 0.0578409 0.6078450 -0.1782122
v 0.0490218 0.6097994 -0.1842355
v 0.0472528 0.6066979 -0.1847589
v 0.0513921 0.6124902 -0.1845787
v 0.0429042 0.6143596 -0.1906964
v 0.0416058 0.6118529 -0.1910053
v 0.0446907 0.6165406 -0.1910568
v 0.0366123 0.6184241 -0.1973203
v 0.0357496 0.6165831 -0.1974662
v 0.0378237 0.6200386 -0.1976464
v 0.0301375 0.6219505 -0.2040815
v 0.0296495 0.6207467 -0.2041073
v 0.0308521 0.6229985 -0.2043389
v 0.0221114 0.6254202 -0.2122156
v 0.0220068 0.6248679 -0.2121298
v 0.0223119 0.6259017 -0.2124301
v 0.0159416 0.6257743 -0.2173723
v 0.0159154 0.6255760 -0.2173294
v 0.0160026 0.6259442 -0.2174581
v 0.0113839 0.6254910 -0.2211733
v 0.1071737 0.5626395 -0.1318704
v 0.1127684 0.5686584 -0.1261646
v 0.1119492 0.5675255 -0.1242512
v 0.1129862 0.5702163 -0.1279407
v 0.1183108 0.5745640 -0.1203043
v 0.1170646 0.5728363 -0.1174728
v 0.1186681 0.5769291 -0.1229298
v 0.1238271 0.5803705 -0.1143153
v 0.1222933 0.5782462 -0.1109175
v 0.1242889 0.5832596 -0.1174642
v 0.1293346 0.5861062 -0.1082491
v 0.1276005 0.5837269 -0.1045167
v 0.1298749 0.5893493 -0.1117069
v 0.1348422 0.5917427 -0.1020971
v 0.1329424 0.5891652 -0.0982274
v 0.1354958 0.5952407 -0.1056493
v 0.1403846 0.5971526 -0.0957649
v 0.1383629 0.5944193 -0.0919123
v 0.1411515 0.6008065 -0.0992828
v 0.1459968 0.6022368 -0.0892353
v 0.1439053 0.5994752 -0.0855029
v 0.1468508 0.6059615 -0.0926073
v 0.1516786 0.6070095 -0.0825342
v 0.1496307 0.6043187 -0.0790249
v 0.1525675 0.6106208 -0.0856660
v 0.1574563 0.6114989 -0.0757215
v 0.1555304 0.6089922 -0.0725725
v 0.1583539 0.6148553 -0.0785015
v 0.1633560 0.6156484 -0.0687887
v 0.1616306 0.6134391 -0.0661460
v 0.1642188 0.6186082 -0.0711053
v 0.1693778 0.6193872 -0.0617357
v 0.1679224 0.6175744 -0.0596679
v 0.1701534 0.6218372 -0.0635118
v 0.1755215 0.6226586 -0.0545627
v 0.1743886 0.6212849 -0.0530697
v 0.1761664 0.6245138 -0.0557982
v 0.1817959 0.6253636 -0.0472609
v 0.1809942 0.6244430 -0.0463085
v 0.1822752 0.6266240 -0.0480245
v 0.1882011 0.6274029 -0.0398562
v 0.1877218 0.6268648 -0.0393414
v 0.1885061 0.6281252 -0.0402423
v 0.1947108 0.6286917 -0.0323742
v 0.1945104 0.6284651 -0.0321855
v 0.1948503 0.6289891 -0.0325115
v 0.2010375 0.6291873 -0.0250124
v 0.1071737 0.5626395 -0.1318704
v 0.1024765 0.5695223 -0.1374047
v 0.1009254 0.5678795 -0.1381168
v 0.1043850 0.5709102 -0.1372845
v 0.0978056 0.5763626 -0.1429904
v 0.0954962 0.5738984 -0.1440543
v 0.1006639 0.5784586 -0.1428274
v 0.0931520 0.5831604 -0.1486619
v 0.0903721 0.5801581 -0.1499318
v 0.0966030 0.5857096 -0.1484646
v 0.0885246 0.5898875 -0.1544450
v 0.0854571 0.5865169 -0.1558178
v 0.0923329 0.5927340 -0.1542390
v 0.0838972 0.5964870 -0.1603482
v 0.0806903 0.5929040 -0.1617725
v 0.0879059 0.5995177 -0.1601508
v 0.0793047 0.6029874 -0.1664058
v 0.0760629 0.5992769 -0.1678215
v 0.0833831 0.6061031 -0.1662342
v 0.0747470 0.6093320 -0.1726436
v 0.0715924 0.6055649 -0.1739564
v 0.0787382 0.6124760 -0.1725321
v 0.0701283 0.6154359 -0.1790874
v 0.0672264 0.6116971 -0.1801770
v 0.0738494 0.6185658 -0.1791131
v 0.0653092 0.6211291 -0.1857456
v 0.0627733 0.6175744 -0.1865779
v 0.0686033 0.6241031 -0.1859086
v 0.0602635 0.6263408 -0.1926355
v 0.0581546 0.6231826 -0.1932447
v 0.0630609 0.6289749 -0.1928672
v 0.0551394 0.6311417 -0.1997485
v 0.0535011 0.6285359 -0.2001604
v 0.0573529 0.6333227 -0.1999973
v 0.0499804 0.6355461 -0.2070932
v 0.0488214 0.6335634 -0.2073163
v 0.0515751 0.6371889 -0.2073420
v 0.0447343 0.6394690 -0.2146524
v 0.0440110 0.6381095 -0.2147296
v 0.0457539 0.6405878 -0.2148840
v 0.0392790 0.6427971 -0.2223402
v 0.0389043 0.6420182 -0.2223402
v 0.0398280 0.6434486 -0.2225204
v 0.0336233 0.6454738 -0.2301482
v 0.0334838 0.6451481 -0.2301225
v 0.0338237 0.6457287 -0.2302255
v 0.0280983 0.6473290 -0.2376731
v 0.1127858 0.5755129 -0.1362206
v 0.1184677 0.5812911 -0.1303603
v 0.1175962 0.5801439 -0.1284383
v 0.1187552 0.5828772 -0.1321450
v 0.1241408 0.5869842 -0.1244056
v 0.1228075 0.5852564 -0.1215398
v 0.1245852 0.5893776 -0.1270655
v 0.1298401 0.5925924 -0.1183995
v 0.1282279 0.5904823 -0.1149073
v 0.1303804 0.5955098 -0.1216171
v 0.1356265 0.5981156 -0.1124019
v 0.1338313 0.5957647 -0.1085237
v 0.1362540 0.6013871 -0.1159713
v 0.1415349 0.6035114 -0.1064043
v 0.1396352 0.6010330 -0.1022773
v 0.1421972 0.6069811 -0.1101882
v 0.1475218 0.6088505 -0.1004411
v 0.1455698 0.6063155 -0.0962025
v 0.1482102 0.6124194 -0.1043022
v 0.1535958 0.6141188 -0.0944950
v 0.1516525 0.6115838 -0.0902649
v 0.1543104 0.6177019 -0.0983389
v 0.1597744 0.6192739 -0.0885575
v 0.1578921 0.6168096 -0.0844733
v 0.1604890 0.6227577 -0.0922556
v 0.1660663 0.6242872 -0.0826200
v 0.1642972 0.6219930 -0.0788361
v 0.1667634 0.6275587 -0.0860263
v 0.1724801 0.6291307 -0.0766653
v 0.1708592 0.6270630 -0.0733619
v 0.1731686 0.6320906 -0.0796169
v 0.1790421 0.6336484 -0.0706162
v 0.1776304 0.6318640 -0.0679135
v 0.1797045 0.6361693 -0.0730016
v 0.1857785 0.6377129 -0.0644385
v 0.1846194 0.6362967 -0.0623878
v 0.1863710 0.6397098 -0.0662232
v 0.1926542 0.6412818 -0.0581235
v 0.1917827 0.6402621 -0.0567077
v 0.1931335 0.6427405 -0.0593333
v 0.1995909 0.6443691 -0.0516111
v 0.1990071 0.6437035 -0.0507616
v 0.1999395 0.6452897 -0.0523318
v 0.2065800 0.6468758 -0.0449185
v 0.2062575 0.6465359 -0.0445066
v 0.2067891 0.6473573 -0.0452531
v 0.2136213 0.6486036 -0.0380286
v 0.2135254 0.6485045 -0.0379170
v 0.2136823 0.6487452 -0.0381230
v 0.2174208 0.6492692 -0.0342619
v 0.1127858 0.5755129 -0.1362206
v 0.1087858 0.5823674 -0.1422954
v 0.1072957 0.5807529 -0.1431706
v 0.1107030 0.5837269 -0.1419865
v 0.1048295 0.5892785 -0.1483359
v 0.1025898 0.5868709 -0.1496486
v 0.1076965 0.5913178 -0.1478639
v 0.1009254 0.5962038 -0.1544192
v 0.0982326 0.5932439 -0.1559808
v 0.1043850 0.5986680 -0.1538444
v 0.0970823 0.6030157 -0.1606485
v 0.0941193 0.5997018 -0.1623474
v 0.1009079 0.6057774 -0.1600307
v 0.0932915 0.6096861 -0.1670493
v 0.0901891 0.6061314 -0.1687911
v 0.0973001 0.6126601 -0.1664487
v 0.0894309 0.6162290 -0.1735617
v 0.0863111 0.6125185 -0.1752520
v 0.0934832 0.6193163 -0.1730126
v 0.0854658 0.6225878 -0.1801685
v 0.0824245 0.6188348 -0.1817644
v 0.0894397 0.6257318 -0.1797051
v 0.0814136 0.6287342 -0.1869468
v 0.0785727 0.6250520 -0.1883626
v 0.0851695 0.6317932 -0.1865693
v 0.0773614 0.6345831 -0.1939826
v 0.0748341 0.6311276 -0.1951667
v 0.0807600 0.6374439 -0.1937080
v 0.0733091 0.6400638 -0.2012930
v 0.0711915 0.6369907 -0.2021939
v 0.0761849 0.6426130 -0.2011728
v 0.0691349 0.6451197 -0.2086891
v 0.0678451 0.6422873 -0.2087749
v 0.0710433 0.6475273 -0.2092211
v 0.0634269 0.6479238 -0.2165572
v 0.0626687 0.6457570 -0.2163512
v 0.0646818 0.6497649 -0.2171749
v 0.0575272 0.6492692 -0.2245196
v 0.0571524 0.6478105 -0.2242107
v 0.0582505 0.6505013 -0.2250773
v 0.0515839 0.6491134 -0.2325507
v 0.0514444 0.6483062 -0.2322847
v 0.0519324 0.6498074 -0.2329540
v 0.0457190 0.6474848 -0.2404874
v 0.0456841 0.6471732 -0.2403415
v 0.0458323 0.6477539 -0.2406847
v 0.0402463 0.6446241 -0.2477377
v 0.1200363 0.5911620 -0.1412229
v 0.1262236 0.5967561 -0.1357058
v 0.1254828 0.5955948 -0.1337237
v 0.1263804 0.5983564 -0.1374990
v 0.1323324 0.6023784 -0.1301372
v 0.1311995 0.6006223 -0.1271856
v 0.1326026 0.6048143 -0.1328057
v 0.1384239 0.6079300 -0.1244743
v 0.1369773 0.6057349 -0.1209478
v 0.1388247 0.6109607 -0.1276490
v 0.1445589 0.6132550 -0.1186397
v 0.1428683 0.6107341 -0.1147786
v 0.1450905 0.6167105 -0.1220890
v 0.1507375 0.6183250 -0.1126250
v 0.1489074 0.6156059 -0.1085751
v 0.1513736 0.6220213 -0.1162287
v 0.1569945 0.6231968 -0.1065245
v 0.1550598 0.6203785 -0.1024145
v 0.1577003 0.6270489 -0.1101711
v 0.1633212 0.6278561 -0.1003553
v 0.1613517 0.6250095 -0.0962797
v 0.1640968 0.6317507 -0.1039332
v 0.1697438 0.6323172 -0.0941175
v 0.1678092 0.6295556 -0.0901791
v 0.1705107 0.6361126 -0.0975667
v 0.1762274 0.6366649 -0.0878711
v 0.1744060 0.6340733 -0.0842245
v 0.1769855 0.6402338 -0.0910543
v 0.1828068 0.6408569 -0.0816161
v 0.1810988 0.6384919 -0.0784414
v 0.1835998 0.6441142 -0.0843360
v 0.1895083 0.6445957 -0.0751981
v 0.1879658 0.6425422 -0.0726326
v 0.1903187 0.6473998 -0.0773603
v 0.1963404 0.6477114 -0.0685999
v 0.1950333 0.6460828 -0.0666693
v 0.1970899 0.6499632 -0.0701787
v 0.2032597 0.6501898 -0.0618129
v 0.2022576 0.6489860 -0.0604916
v 0.2038785 0.6518326 -0.0628769
v 0.2101878 0.6520733 -0.0548544
v 0.2094993 0.6512944 -0.0540478
v 0.2106409 0.6531355 -0.0554722
v 0.2170897 0.6533054 -0.0477242
v 0.2166975 0.6528806 -0.0473210
v 0.2173598 0.6538719 -0.0480245
v 0.2239741 0.6538861 -0.0404911
v 0.2238434 0.6537586 -0.0403624
v 0.2240700 0.6540843 -0.0405855
v 0.2286015 0.6539852 -0.0355918
v 0.1200363 0.5911620 -0.1412229
v 0.1155396 0.5983706 -0.1465083
v 0.1138925 0.5967561 -0.1472633
v 0.1175265 0.5997301 -0.1463881
v 0.1109819 0.6054941 -0.1518366
v 0.1085070 0.6030582 -0.1529520
v 0.1139710 0.6075618 -0.1516564
v 0.1063806 0.6126035 -0.1571649
v 0.1033741 0.6096436 -0.1585292
v 0.1100233 0.6151102 -0.1569504
v 0.1017794 0.6197270 -0.1624589
v 0.0984243 0.6164131 -0.1639776
v 0.1058491 0.6225453 -0.1622187
v 0.0971520 0.6268506 -0.1677357
v 0.0936575 0.6232393 -0.1692802
v 0.1014221 0.6299238 -0.1675470
v 0.0924200 0.6337617 -0.1732013
v 0.0889168 0.6299096 -0.1746771
v 0.0967424 0.6370332 -0.1730898
v 0.0875573 0.6403896 -0.1788900
v 0.0841412 0.6363959 -0.1802543
v 0.0918013 0.6437743 -0.1788814
v 0.0825465 0.6466917 -0.1848189
v 0.0793308 0.6426697 -0.1860116
v 0.0865813 0.6500906 -0.1849219
v 0.0773701 0.6526398 -0.1909624
v 0.0744769 0.6487311 -0.1919405
v 0.0810563 0.6559537 -0.1911769
v 0.0720194 0.6581914 -0.1973375
v 0.0695270 0.6545800 -0.1980840
v 0.0752437 0.6612504 -0.1976292
v 0.0665205 0.6633464 -0.2039013
v 0.0644988 0.6601882 -0.2044247
v 0.0691784 0.6660230 -0.2042531
v 0.0608735 0.6680907 -0.2106626
v 0.0593485 0.6654990 -0.2109714
v 0.0629127 0.6702717 -0.2110401
v 0.0550697 0.6723110 -0.2176297
v 0.0540414 0.6703425 -0.2177498
v 0.0564901 0.6739680 -0.2179901
v 0.0491089 0.6758515 -0.2248285
v 0.0484902 0.6745203 -0.2248285
v 0.0499891 0.6769703 -0.2251374
v 0.0430001 0.6786415 -0.2322418
v 0.0426951 0.6778909 -0.2321903
v 0.0434619 0.6792929 -0.2324563
v 0.0367605 0.6806383 -0.2397924
v 0.0366559 0.6803409 -0.2397581
v 0.0369261 0.6808932 -0.2398954
v 0.0310351 0.6817288 -0.2466737
v 0.1258488 0.6033556 -0.1451269
v 0.1318357 0.6091621 -0.1396269
v 0.1309991 0.6081283 -0.1376106
v 0.1321146 0.6106774 -0.1414888
v 0.1379794 0.6148411 -0.1341442
v 0.1366984 0.6132833 -0.1311154
v 0.1384151 0.6171354 -0.1369413
v 0.1442626 0.6203502 -0.1286443
v 0.1426765 0.6184241 -0.1249891
v 0.1448464 0.6231826 -0.1319991
v 0.1506764 0.6256326 -0.1230757
v 0.1488551 0.6234375 -0.1190344
v 0.1513910 0.6288475 -0.1267566
v 0.1572210 0.6306319 -0.1174213
v 0.1552864 0.6283093 -0.1131226
v 0.1580053 0.6340733 -0.1213253
v 0.1638353 0.6355745 -0.1117670
v 0.1618484 0.6331669 -0.1073482
v 0.1646458 0.6391008 -0.1157739
v 0.1705019 0.6404462 -0.1061212
v 0.1684889 0.6380245 -0.1017110
v 0.1713472 0.6440151 -0.1101110
v 0.1772557 0.6451622 -0.1004582
v 0.1752339 0.6427830 -0.0962196
v 0.1781620 0.6487027 -0.1042679
v 0.1841140 0.6496091 -0.0947009
v 0.1821619 0.6473149 -0.0907798
v 0.1850639 0.6529797 -0.0981845
v 0.1911030 0.6537020 -0.0888321
v 0.1892555 0.6516060 -0.0854000
v 0.1920878 0.6567893 -0.0918609
v 0.1981879 0.6573558 -0.0827916
v 0.1965147 0.6555289 -0.0799601
v 0.1991465 0.6600466 -0.0852541
v 0.2053425 0.6604856 -0.0765538
v 0.2039395 0.6589986 -0.0743658
v 0.2062140 0.6626666 -0.0784157
v 0.2125843 0.6630490 -0.0701529
v 0.2115124 0.6619443 -0.0685827
v 0.2132901 0.6646635 -0.0714571
v 0.2199654 0.6650317 -0.0637006
v 0.2192334 0.6642952 -0.0626967
v 0.2204796 0.6661080 -0.0645243
v 0.2274686 0.6663771 -0.0572311
v 0.2270416 0.6659664 -0.0566906
v 0.2277824 0.6669860 -0.0576687
v 0.2350677 0.6671277 -0.0507788
v 0.2349021 0.6669719 -0.0505729
v 0.2351984 0.6673543 -0.0509332
v 0.2417604 0.6672976 -0.0451673
v 0.1258488 0.6033556 -0.1451269
v 0.1215700 0.6105642 -0.1505839
v 0.1198968 0.6089497 -0.1513218
v 0.1235918 0.6118954 -0.1504638
v 0.1171953 0.6176452 -0.1561267
v 0.1146943 0.6151952 -0.1572250
v 0.1202367 0.6196846 -0.1559637
v 0.1128119 0.6246413 -0.1617639
v 0.1097619 0.6216673 -0.1631024
v 0.1165243 0.6271055 -0.1615408
v 0.1085157 0.6316232 -0.1674955
v 0.1051170 0.6283093 -0.1689884
v 0.1126725 0.6343707 -0.1672381
v 0.1043066 0.6385627 -0.1733300
v 0.1007162 0.6349655 -0.1748745
v 0.1086987 0.6415367 -0.1730984
v 0.1000016 0.6453888 -0.1792418
v 0.0963590 0.6416075 -0.1807605
v 0.1044896 0.6485186 -0.1790616
v 0.0955747 0.6520733 -0.1852222
v 0.0919756 0.6481787 -0.1866637
v 0.1000191 0.6553023 -0.1851193
v 0.0910170 0.6585596 -0.1913142
v 0.0875747 0.6546508 -0.1926269
v 0.0952958 0.6617885 -0.1912970
v 0.0863373 0.6647767 -0.1975949
v 0.0831826 0.6609955 -0.1987103
v 0.0903024 0.6679207 -0.1976721
v 0.0815356 0.6706965 -0.2040730
v 0.0788167 0.6671277 -0.2049052
v 0.0850127 0.6736564 -0.2042875
v 0.0764986 0.6761348 -0.2107827
v 0.0742938 0.6729341 -0.2113232
v 0.0793570 0.6787831 -0.2111345
v 0.0711741 0.6809499 -0.2177498
v 0.0695183 0.6782733 -0.2180244
v 0.0733788 0.6831733 -0.2181531
v 0.0656142 0.6851277 -0.2249315
v 0.0644552 0.6830884 -0.2250516
v 0.0672090 0.6868272 -0.2253090
v 0.0599498 0.6887957 -0.2323190
v 0.0592178 0.6873795 -0.2323276
v 0.0609868 0.6899570 -0.2326279
v 0.0541895 0.6918547 -0.2398868
v 0.0537973 0.6910192 -0.2398439
v 0.0547647 0.6925628 -0.2401099
v 0.0483595 0.6941490 -0.2476862
v 0.0482113 0.6937666 -0.2476433
v 0.0485948 0.6944464 -0.2478063
v 0.0425121 0.6955086 -0.2556830
v 0.0425034 0.6954802 -0.2556830
v 0.0425295 0.6955227 -0.2556915
v 0.0419805 0.6956218 -0.2564037
v 0.1326026 0.6168238 -0.1495800
v 0.1390600 0.6222904 -0.1442345
v 0.1383193 0.6211857 -0.1421838
v 0.1392256 0.6238765 -0.1460878
v 0.1454652 0.6278278 -0.1389148
v 0.1443497 0.6261566 -0.1358259
v 0.1457179 0.6302212 -0.1417205
v 0.1518703 0.6333793 -0.1336036
v 0.1504847 0.6313117 -0.1298369
v 0.1522015 0.6363250 -0.1370100
v 0.1583191 0.6388317 -0.1282582
v 0.1567505 0.6365092 -0.1240624
v 0.1587286 0.6421598 -0.1320334
v 0.1648375 0.6441567 -0.1228612
v 0.1631120 0.6416358 -0.1184338
v 0.1653430 0.6477539 -0.1268338
v 0.1713995 0.6493259 -0.1173527
v 0.1695433 0.6466634 -0.1128481
v 0.1720095 0.6530930 -0.1213854
v 0.1780138 0.6542685 -0.1117155
v 0.1760531 0.6515210 -0.1072452
v 0.1787371 0.6581489 -0.1156796
v 0.1846891 0.6589420 -0.1059238
v 0.1826674 0.6561662 -0.1016337
v 0.1855432 0.6628365 -0.1096820
v 0.1914690 0.6632189 -0.0999434
v 0.1894298 0.6605281 -0.0959880
v 0.1924276 0.6670144 -0.1033841
v 0.1983535 0.6670710 -0.0937914
v 0.1963840 0.6645643 -0.0902735
v 0.1993731 0.6705974 -0.0967945
v 0.2053687 0.6703991 -0.0874935
v 0.2035560 0.6681757 -0.0845248
v 0.2063970 0.6735289 -0.0899818
v 0.2125320 0.6731466 -0.0810755
v 0.2109547 0.6712913 -0.0787246
v 0.2134993 0.6757524 -0.0830061
v 0.2197999 0.6752709 -0.0745460
v 0.2185188 0.6738405 -0.0728214
v 0.2206365 0.6772961 -0.0759360
v 0.2270678 0.6768429 -0.0678620
v 0.2261179 0.6758232 -0.0667123
v 0.2277301 0.6782591 -0.0687629
v 0.2343182 0.6777776 -0.0610407
v 0.2336995 0.6771544 -0.0603629
v 0.2347714 0.6786556 -0.0615555
v 0.2415164 0.6781316 -0.0541079
v 0.2411940 0.6778201 -0.0537904
v 0.2417604 0.6785707 -0.0543396
v 0.2486274 0.6778767 -0.0470807
v 0.2485490 0.6778059 -0.0470035
v 0.2486797 0.6779758 -0.0471322
v 0.2514335 0.6776784 -0.0442750
v 0.1326026 0.6168238 -0.1495800
v 0.1284980 0.6240182 -0.1551829
v 0.1268597 0.6224603 -0.1560152
v 0.1305024 0.6253211 -0.1549684
v 0.1243499 0.6312833 -0.1606571
v 0.1218837 0.6289466 -0.1619012
v 0.1273652 0.6332519 -0.1603224
v 0.1201757 0.6385768 -0.1660883
v 0.1171953 0.6357161 -0.1675899
v 0.1238358 0.6409702 -0.1656936
v 0.1160189 0.6457995 -0.1716054
v 0.1127161 0.6425705 -0.1732528
v 0.1200798 0.6485045 -0.1711850
v 0.1118621 0.6529372 -0.1772512
v 0.1084198 0.6494250 -0.1789158
v 0.1161322 0.6558688 -0.1768565
v 0.1076268 0.6598625 -0.1830772
v 0.1041672 0.6561520 -0.1846902
v 0.1119492 0.6629782 -0.1827597
v 0.1032870 0.6665329 -0.1891348
v 0.0999145 0.6626808 -0.1906192
v 0.1075310 0.6697477 -0.1889203
v 0.0988077 0.6728916 -0.1954327
v 0.0956531 0.6690112 -0.1967111
v 0.1028338 0.6761206 -0.1953469
v 0.0941455 0.6788397 -0.2019708
v 0.0913220 0.6750868 -0.2030004
v 0.0977881 0.6819837 -0.2020394
v 0.0892915 0.6843488 -0.2087578
v 0.0868863 0.6808932 -0.2095300
v 0.0924549 0.6872237 -0.2089294
v 0.0843330 0.6893764 -0.2158450
v 0.0824071 0.6863881 -0.2163598
v 0.0869212 0.6918547 -0.2160938
v 0.0793308 0.6938657 -0.2232412
v 0.0779017 0.6914582 -0.2235329
v 0.0812916 0.6958626 -0.2235243
v 0.0742590 0.6977887 -0.2309205
v 0.0732917 0.6960325 -0.2310406
v 0.0756185 0.6992474 -0.2311864
v 0.0690564 0.7011876 -0.2387542
v 0.0684813 0.7000404 -0.2387714
v 0.0698843 0.7021364 -0.2389773
v 0.0637319 0.7039917 -0.2467424
v 0.0634617 0.7033827 -0.2467081
v 0.0641502 0.7045015 -0.2468882
v 0.0583027 0.7060735 -0.2548764
v 0.0582156 0.7058894 -0.2548593
v 0.0584247 0.7062434 -0.2549279
v 0.0548779 0.7070507 -0.2599816
v 0.1389990 0.6292157 -0.1536470
v 0.1446199 0.6352204 -0.1479497
v 0.1436438 0.6342007 -0.1459677
v 0.1450033 0.6367074 -0.1498374
v 0.1502233 0.6411260 -0.1421581
v 0.1487331 0.6395823 -0.1391722
v 0.1508246 0.6434061 -0.1449896
v 0.1558616 0.6469608 -0.1362978
v 0.1540490 0.6450631 -0.1326598
v 0.1565936 0.6497366 -0.1397471
v 0.1615870 0.6527106 -0.1304633
v 0.1595652 0.6505863 -0.1263877
v 0.1624236 0.6558263 -0.1343072
v 0.1674344 0.6583471 -0.1246201
v 0.1652820 0.6560954 -0.1202614
v 0.1683233 0.6616611 -0.1287129
v 0.1733690 0.6639129 -0.1188113
v 0.1711642 0.6616044 -0.1143153
v 0.1742840 0.6673401 -0.1230328
v 0.1793994 0.6694219 -0.1130283
v 0.1771860 0.6670993 -0.1085065
v 0.1803319 0.6728775 -0.1172669
v 0.1855432 0.6748035 -0.1072709
v 0.1833820 0.6725376 -0.1028350
v 0.1864756 0.6782024 -0.1113980
v 0.1918002 0.6800718 -0.1015222
v 0.1897523 0.6779192 -0.0973350
v 0.1927065 0.6833150 -0.1054005
v 0.1981879 0.6851844 -0.0957734
v 0.1962794 0.6831875 -0.0920067
v 0.1990855 0.6881867 -0.0992313
v 0.2047412 0.6899712 -0.0899217
v 0.2030332 0.6882151 -0.0867213
v 0.2056039 0.6926195 -0.0928304
v 0.2114601 0.6943331 -0.0839413
v 0.2100222 0.6928744 -0.0813930
v 0.2122444 0.6965424 -0.0862322
v 0.2183358 0.6982418 -0.0778236
v 0.2171855 0.6971089 -0.0759446
v 0.2189981 0.6999555 -0.0794882
v 0.2252813 0.7016974 -0.0715086
v 0.2244534 0.7008902 -0.0702559
v 0.2257954 0.7028870 -0.0726069
v 0.2322965 0.7046290 -0.0650134
v 0.2317649 0.7041333 -0.0642926
v 0.2326538 0.7053654 -0.0656311
v 0.2393726 0.7068099 -0.0582951
v 0.2391025 0.7065833 -0.0579776
v 0.2395644 0.7071640 -0.0585610
v 0.2464750 0.7081270 -0.0513708
v 0.2464227 0.7080845 -0.0513193
v 0.2465011 0.7081836 -0.0514137
v 0.2482614 0.7083961 -0.0496205
v 0.1389990 0.6292157 -0.1536470
v 0.1346418 0.6362401 -0.1592671
v 0.1329686 0.6345831 -0.1599621
v 0.1366810 0.6376280 -0.1591984
v 0.1301887 0.6431087 -0.1650072
v 0.1276789 0.6405454 -0.1660197
v 0.1332387 0.6452472 -0.1649300
v 0.1256397 0.6498357 -0.1708503
v 0.1226070 0.6466492 -0.1720516
v 0.1293521 0.6524840 -0.1707817
v 0.1210471 0.6564494 -0.1767793
v 0.1176833 0.6528098 -0.1780749
v 0.1251778 0.6594660 -0.1767450
v 0.1163849 0.6629073 -0.1828198
v 0.1128032 0.6590128 -0.1841840
v 0.1207857 0.6661505 -0.1828026
v 0.1117052 0.6693228 -0.1889117
v 0.1080190 0.6652583 -0.1902931
v 0.1162542 0.6726934 -0.1889031
v 0.1070168 0.6756816 -0.1950466
v 0.1033306 0.6715321 -0.1963937
v 0.1115832 0.6791088 -0.1950723
v 0.1022935 0.6819129 -0.2012758
v 0.0987293 0.6777351 -0.2025199
v 0.1067379 0.6853543 -0.2013702
v 0.0975093 0.6879035 -0.2076852
v 0.0941803 0.6838248 -0.2087749
v 0.1017010 0.6912741 -0.2078568
v 0.0926553 0.6936250 -0.2143006
v 0.0896749 0.6897729 -0.2151758
v 0.0964548 0.6967973 -0.2145322
v 0.0877665 0.6989783 -0.2211905
v 0.0852305 0.6954944 -0.2218340
v 0.0910518 0.7018390 -0.2214822
v 0.0828602 0.7038784 -0.2283893
v 0.0808297 0.7008902 -0.2288097
v 0.0855356 0.7063284 -0.2287325
v 0.0779017 0.7082828 -0.2358798
v 0.0763940 0.7058752 -0.2360857
v 0.0799321 0.7102513 -0.2362488
v 0.0749910 0.7104637 -0.2401699
v 0.0740063 0.7082969 -0.2399554
v 0.0764550 0.7122623 -0.2408220
v 0.0666164 0.7131262 -0.2515387
v 0.0662068 0.7118941 -0.2512384
v 0.0673135 0.7141459 -0.2520535
v 0.0606295 0.7131687 -0.2595441
v 0.0604727 0.7125031 -0.2592867
v 0.0609519 0.7137069 -0.2599044
v 0.0546949 0.7115542 -0.2674293
v 0.0546601 0.7113276 -0.2673177
v 0.0547995 0.7117383 -0.2675751
v 0.0503638 0.7094299 -0.2731694
v 0.1446896 0.6401205 -0.1574223
v 0.1503889 0.6462244 -0.1519138
v 0.1493867 0.6453038 -0.1498460
v 0.1507985 0.6476264 -0.1539130
v 0.1560707 0.6523566 -0.1464311
v 0.1545457 0.6509687 -0.1432821
v 0.1566895 0.6544951 -0.1494599
v 0.1618049 0.6584604 -0.1409655
v 0.1599487 0.6567610 -0.1371044
v 0.1625630 0.6610804 -0.1446721
v 0.1676959 0.6644369 -0.1355256
v 0.1656131 0.6625391 -0.1311840
v 0.1685673 0.6673967 -0.1396698
v 0.1737524 0.6702433 -0.1300857
v 0.1714780 0.6681615 -0.1254782
v 0.1747546 0.6734723 -0.1344702
v 0.1798700 0.6758657 -0.1245258
v 0.1774561 0.6736564 -0.1198152
v 0.1810029 0.6792929 -0.1289960
v 0.1860573 0.6812615 -0.1188199
v 0.1835214 0.6789530 -0.1141265
v 0.1873035 0.6848303 -0.1232301
v 0.1922969 0.6863881 -0.1129167
v 0.1896826 0.6840089 -0.1083864
v 0.1936825 0.6900278 -0.1171468
v 0.1986062 0.6911325 -0.1067819
v 0.1959744 0.6887674 -0.1025432
v 0.2000877 0.6947296 -0.1106944
v 0.2049852 0.6954519 -0.1003982
v 0.2024842 0.6932284 -0.0965199
v 0.2064318 0.6988366 -0.1039504
v 0.2114862 0.6994315 -0.0939373
v 0.2092379 0.6974346 -0.0904966
v 0.2128283 0.7024905 -0.0970433
v 0.2181528 0.7030994 -0.0874421
v 0.2162182 0.7014000 -0.0845677
v 0.2193554 0.7057194 -0.0900161
v 0.2250024 0.7063426 -0.0809211
v 0.2234077 0.7049688 -0.0786731
v 0.2260482 0.7084811 -0.0828774
v 0.2320612 0.7089201 -0.0743229
v 0.2308411 0.7078862 -0.0727012
v 0.2329152 0.7105204 -0.0757043
v 0.2393116 0.7107470 -0.0676904
v 0.2384576 0.7100389 -0.0666264
v 0.2399478 0.7118375 -0.0685656
v 0.2466580 0.7118658 -0.0609892
v 0.2461351 0.7114551 -0.0603972
v 0.2470588 0.7125031 -0.0614612
v 0.2540130 0.7122482 -0.0542280
v 0.2537777 0.7120641 -0.0539792
v 0.2542047 0.7125173 -0.0544168
v 0.2613506 0.7118516 -0.0474411
v 0.2613419 0.7118375 -0.0474325
v 0.2613593 0.7118658 -0.0474497
v 0.2617689 0.7118233 -0.0470550
v 0.1446896 0.6401205 -0.1574223
v 0.1411602 0.6467484 -0.1640291
v 0.1395567 0.6451056 -0.1648356
v 0.1431907 0.6480654 -0.1637545
v 0.1377616 0.6533338 -0.1707388
v 0.1353476 0.6508554 -0.1719658
v 0.1408378 0.6553165 -0.1703184
v 0.1344413 0.6599191 -0.1775000
v 0.1314871 0.6568884 -0.1790016
v 0.1381886 0.6623267 -0.1769852
v 0.1311037 0.6665187 -0.1842183
v 0.1278009 0.6631481 -0.1859001
v 0.1352954 0.6692237 -0.1836520
v 0.1277486 0.6731324 -0.1909281
v 0.1242454 0.6694927 -0.1926784
v 0.1321843 0.6760640 -0.1903618
v 0.1242541 0.6797178 -0.1976035
v 0.1206724 0.6759082 -0.1993453
v 0.1287943 0.6828051 -0.1970887
v 0.1205940 0.6862182 -0.2042617
v 0.1170385 0.6823095 -0.2059349
v 0.1251168 0.6893905 -0.2038241
v 0.1167683 0.6925628 -0.2109714
v 0.1133522 0.6886399 -0.2124987
v 0.1211430 0.6957635 -0.2106454
v 0.1128381 0.6986525 -0.2178614
v 0.1096834 0.6948288 -0.2191741
v 0.1169165 0.7017682 -0.2176554
v 0.1087858 0.7044307 -0.2249486
v 0.1059885 0.7008618 -0.2260211
v 0.1124372 0.7073198 -0.2248457
v 0.1047249 0.7098265 -0.2323190
v 0.1023633 0.7066683 -0.2331341
v 0.1078360 0.7123756 -0.2323019
v 0.1006988 0.7147974 -0.2400069
v 0.0988426 0.7121490 -0.2405560
v 0.1031911 0.7169217 -0.2400755
v 0.0966640 0.7192726 -0.2479865
v 0.0953219 0.7172191 -0.2482868
v 0.0985027 0.7209296 -0.2481324
v 0.0924462 0.7232521 -0.2561291
v 0.0915573 0.7218076 -0.2562578
v 0.0936662 0.7244276 -0.2563007
v 0.0880366 0.7266511 -0.2644434
v 0.0875399 0.7257588 -0.2644605
v 0.0887512 0.7273733 -0.2645892
v 0.0834964 0.7293560 -0.2729206
v 0.0832785 0.7289312 -0.2728949
v 0.0838101 0.7296959 -0.2730150
v 0.0788602 0.7312821 -0.2815695
v 0.0788254 0.7312113 -0.2815609
v 0.0789038 0.7313387 -0.2815866
v 0.0776925 0.7317069 -0.2837403
v 0.1509466 0.6511811 -0.1615837
v 0.1572036 0.6569168 -0.1563069
v 0.1563234 0.6559821 -0.1542390
v 0.1575260 0.6583613 -0.1582546
v 0.1634258 0.6626949 -0.1510129
v 0.1620924 0.6612787 -0.1478811
v 0.1639051 0.6648617 -0.1539559
v 0.1696653 0.6684589 -0.1457446
v 0.1680619 0.6667453 -0.1419007
v 0.1702318 0.6710931 -0.1493483
v 0.1760095 0.6741804 -0.1405536
v 0.1742492 0.6722968 -0.1362292
v 0.1766369 0.6771261 -0.1445949
v 0.1824844 0.6798311 -0.1354312
v 0.1805846 0.6778059 -0.1308408
v 0.1831990 0.6830176 -0.1397042
v 0.1891423 0.6852410 -0.1302917
v 0.1871466 0.6831025 -0.1255725
v 0.1899614 0.6885833 -0.1346333
v 0.1960093 0.6903111 -0.1250835
v 0.1939701 0.6881442 -0.1203644
v 0.1969069 0.6937241 -0.1293993
v 0.2030767 0.6950695 -0.1198495
v 0.2010811 0.6929594 -0.1152248
v 0.2039743 0.6984401 -0.1240624
v 0.2102923 0.6996439 -0.1146413
v 0.2083926 0.6976187 -0.1102654
v 0.2111899 0.7028587 -0.1186054
v 0.2176735 0.7039633 -0.1094589
v 0.2158958 0.7020939 -0.1055034
v 0.2185711 0.7069374 -0.1130111
v 0.2251941 0.7079429 -0.1042078
v 0.2235820 0.7062859 -0.1008186
v 0.2260743 0.7105770 -0.1072109
v 0.2328368 0.7114976 -0.0988366
v 0.2314686 0.7101239 -0.0961081
v 0.2336472 0.7136927 -0.1012390
v 0.2406188 0.7146133 -0.0933796
v 0.2395556 0.7135653 -0.0913117
v 0.2412724 0.7162985 -0.0951728
v 0.2485141 0.7173607 -0.0879054
v 0.2477647 0.7166243 -0.0864811
v 0.2490109 0.7185503 -0.0891238
v 0.2565489 0.7196975 -0.0824226
v 0.2560609 0.7192443 -0.0815646
v 0.2568801 0.7204339 -0.0831434
v 0.2646447 0.7214819 -0.0768283
v 0.2643920 0.7212553 -0.0764336
v 0.2648277 0.7218359 -0.0771630
v 0.2727579 0.7226148 -0.0711053
v 0.2727056 0.7225724 -0.0710281
v 0.2728015 0.7226857 -0.0711740
v 0.2755901 0.7229123 -0.0691061
v 0.1509466 0.6511811 -0.1615837
v 0.1469466 0.6580781 -0.1676156
v 0.1452299 0.6564636 -0.1683020
v 0.1490207 0.6593668 -0.1675384
v 0.1429031 0.6649467 -0.1736561
v 0.1403149 0.6624966 -0.1746685
v 0.1460316 0.6669152 -0.1735445
v 0.1388160 0.6717728 -0.1797137
v 0.1356788 0.6687563 -0.1809321
v 0.1426243 0.6741946 -0.1795936
v 0.1347028 0.6785282 -0.1858314
v 0.1312083 0.6751151 -0.1871613
v 0.1389554 0.6812756 -0.1857284
v 0.1305547 0.6851985 -0.1920263
v 0.1268684 0.6814881 -0.1933820
v 0.1350426 0.6882009 -0.1919834
v 0.1262323 0.6917414 -0.1982298
v 0.1224850 0.6878185 -0.1995426
v 0.1308074 0.6949279 -0.1982727
v 0.1217182 0.6981427 -0.2044419
v 0.1180145 0.6940923 -0.2056689
v 0.1262584 0.7014566 -0.2045792
v 0.1169949 0.7043457 -0.2106969
v 0.1134394 0.7002670 -0.2117866
v 0.1213696 0.7077021 -0.2109371
v 0.1120538 0.7103221 -0.2170205
v 0.1087771 0.7063426 -0.2179300
v 0.1161235 0.7136219 -0.2173637
v 0.1069035 0.7160153 -0.2234299
v 0.1039929 0.7122907 -0.2241592
v 0.1105636 0.7191026 -0.2238246
v 0.1016574 0.7214111 -0.2300109
v 0.0991912 0.7180688 -0.2305601
v 0.1047859 0.7241444 -0.2304314
v 0.0963503 0.7264528 -0.2368322
v 0.0943982 0.7236345 -0.2371840
v 0.0988687 0.7287470 -0.2372441
v 0.0909560 0.7310696 -0.2438680
v 0.0895442 0.7288462 -0.2440310
v 0.0928209 0.7328965 -0.2442799
v 0.0853526 0.7351766 -0.2510582
v 0.0844201 0.7335763 -0.2510840
v 0.0866074 0.7365079 -0.2514186
v 0.0795313 0.7386889 -0.2583943
v 0.0789910 0.7376692 -0.2583600
v 0.0802807 0.7395386 -0.2586603
v 0.0735618 0.7415921 -0.2658677
v 0.0733091 0.7410681 -0.2658248
v 0.0739191 0.7420311 -0.2660307
v 0.0674617 0.7438297 -0.2734612
v 0.0674007 0.7436881 -0.2734440
v 0.0675488 0.7439430 -0.2735041
v 0.0645510 0.7447219 -0.2770820
v 0.1569335 0.6617461 -0.1658996
v 0.1638702 0.6669860 -0.1609659
v 0.1630598 0.6660089 -0.1588209
v 0.1641404 0.6685155 -0.1629136
v 0.1708941 0.6720702 -0.1559894
v 0.1696653 0.6705691 -0.1527289
v 0.1713211 0.6744070 -0.1589410
v 0.1779790 0.6770695 -0.1510129
v 0.1765062 0.6752426 -0.1469973
v 0.1784844 0.6799161 -0.1546509
v 0.1850813 0.6821253 -0.1460964
v 0.1834430 0.6800860 -0.1415746
v 0.1856129 0.6852977 -0.1502149
v 0.1922010 0.6872095 -0.1412486
v 0.1904320 0.6850003 -0.1364008
v 0.1928111 0.6906368 -0.1456417
v 0.1993905 0.6921663 -0.1363750
v 0.1975082 0.6898579 -0.1313642
v 0.2000790 0.6957635 -0.1408968
v 0.2066584 0.6969389 -0.1314586
v 0.2047064 0.6945739 -0.1264134
v 0.2074514 0.7006494 -0.1359889
v 0.2140309 0.7014991 -0.1264477
v 0.2119742 0.6990774 -0.1215227
v 0.2149459 0.7052521 -0.1308494
v 0.2214643 0.7057194 -0.1212824
v 0.2193729 0.7033260 -0.1165976
v 0.2225014 0.7094299 -0.1254267
v 0.2289850 0.7095999 -0.1159455
v 0.2269632 0.7073339 -0.1116125
v 0.2300568 0.7131121 -0.1197466
v 0.2366363 0.7130979 -0.1105400
v 0.2347714 0.7110444 -0.1066789
v 0.2376907 0.7162985 -0.1138949
v 0.2444445 0.7161994 -0.1051173
v 0.2428062 0.7144150 -0.1018397
v 0.2454292 0.7189752 -0.1079402
v 0.2524095 0.7188760 -0.0996946
v 0.2510588 0.7174174 -0.0970433
v 0.2532636 0.7211420 -0.1019426
v 0.2604966 0.7211845 -0.0942891
v 0.2594508 0.7200798 -0.0922985
v 0.2611937 0.7229123 -0.0959622
v 0.2687144 0.7230680 -0.0889179
v 0.2679736 0.7223033 -0.0875450
v 0.2692372 0.7242860 -0.0900590
v 0.2770454 0.7245267 -0.0835810
v 0.2765748 0.7240452 -0.0827487
v 0.2773853 0.7252773 -0.0842674
v 0.2854723 0.7255039 -0.0782955
v 0.2852371 0.7252773 -0.0778923
v 0.2856554 0.7258721 -0.0786216
v 0.2939777 0.7259429 -0.0730616
v 0.2939254 0.7258863 -0.0729758
v 0.2940213 0.7260279 -0.0731303
v 0.2970713 0.7259996 -0.0711568
v 0.1569335 0.6617461 -0.1658996
v 0.1530119 0.6685580 -0.1720859
v 0.1512690 0.6669577 -0.1727380
v 0.1551208 0.6698043 -0.1720173
v 0.1491863 0.6753134 -0.1783752
v 0.1465371 0.6728916 -0.1793533
v 0.1523758 0.6772111 -0.1782808
v 0.1453867 0.6820262 -0.1847503
v 0.1421711 0.6790380 -0.1859258
v 0.1492734 0.6843630 -0.1846473
v 0.1415437 0.6886824 -0.1911426
v 0.1379533 0.6852977 -0.1924210
v 0.1458835 0.6913307 -0.1910653
v 0.1376396 0.6952678 -0.1975863
v 0.1338313 0.6916140 -0.1989077
v 0.1422670 0.6981144 -0.1975177
v 0.1337616 0.7016832 -0.2041931
v 0.1298662 0.6978595 -0.2054973
v 0.1385284 0.7046714 -0.2041502
v 0.1299272 0.7079146 -0.2110058
v 0.1260406 0.7039775 -0.2122499
v 0.1347115 0.7109736 -0.2110229
v 0.1260667 0.7139335 -0.2180072
v 0.1223107 0.7099681 -0.2191227
v 0.1307115 0.7170208 -0.2181188
v 0.1220319 0.7197399 -0.2250687
v 0.1185112 0.7158737 -0.2260126
v 0.1263978 0.7227706 -0.2252918
v 0.1178054 0.7253198 -0.2322161
v 0.1146507 0.7216518 -0.2329454
v 0.1217443 0.7281806 -0.2325335
v 0.1134220 0.7305456 -0.2395350
v 0.1107466 0.7272459 -0.2400326
v 0.1168119 0.7331231 -0.2399125
v 0.1089078 0.7353466 -0.2470427
v 0.1067641 0.7325283 -0.2473258
v 0.1116529 0.7375559 -0.2474717
v 0.1042194 0.7396802 -0.2547477
v 0.1026421 0.7374143 -0.2548335
v 0.1062761 0.7414505 -0.2552025
v 0.0992609 0.7434332 -0.2625729
v 0.0982064 0.7417904 -0.2625300
v 0.1006726 0.7447502 -0.2629847
v 0.0940409 0.7465772 -0.2705010
v 0.0934047 0.7455008 -0.2704152
v 0.0949036 0.7474269 -0.2708185
v 0.0886553 0.7490697 -0.2785407
v 0.0883416 0.7485032 -0.2784634
v 0.0890911 0.7495229 -0.2787380
v 0.0831565 0.7508966 -0.2867004
v 0.0830694 0.7507125 -0.2866661
v 0.0832959 0.7510382 -0.2867605
v 0.0796968 0.7517463 -0.2918228
v 0.1648637 0.6752284 -0.1717599
v 0.1715564 0.6809074 -0.1669807
v 0.1707024 0.6801002 -0.1647841
v 0.1718701 0.6822528 -0.1690399
v 0.1783101 0.6865581 -0.1622530
v 0.1770030 0.6853260 -0.1589238
v 0.1788069 0.6886258 -0.1653848
v 0.1850900 0.6921805 -0.1574995
v 0.1834168 0.6906085 -0.1534582
v 0.1857523 0.6947580 -0.1613006
v 0.1918089 0.6977037 -0.1525745
v 0.1898568 0.6958768 -0.1480870
v 0.1926281 0.7006777 -0.1567874
v 0.1984842 0.7031136 -0.1474607
v 0.1963666 0.7011451 -0.1426729
v 0.1993905 0.7063284 -0.1519653
v 0.2051334 0.7085094 -0.1422868
v 0.2029025 0.7064417 -0.1373360
v 0.2061007 0.7118658 -0.1469459
v 0.2117651 0.7138627 -0.1370615
v 0.2094732 0.7117383 -0.1320592
v 0.2127760 0.7172899 -0.1417548
v 0.2184055 0.7191451 -0.1317760
v 0.2161136 0.7170208 -0.1268338
v 0.2194600 0.7225724 -0.1364008
v 0.2251244 0.7242860 -0.1264477
v 0.2228848 0.7222183 -0.1217029
v 0.2261876 0.7276424 -0.1308665
v 0.2319305 0.7292569 -0.1210508
v 0.2298041 0.7272883 -0.1166405
v 0.2329762 0.7324150 -0.1251435
v 0.2388323 0.7340154 -0.1156109
v 0.2368977 0.7322451 -0.1116726
v 0.2398171 0.7368903 -0.1192403
v 0.2458388 0.7385614 -0.1101110
v 0.2441395 0.7370177 -0.1067647
v 0.2467451 0.7410681 -0.1131741
v 0.2529585 0.7428242 -0.1045253
v 0.2515207 0.7415354 -0.1018654
v 0.2537864 0.7448919 -0.1069363
v 0.2601916 0.7466338 -0.0987679
v 0.2590587 0.7456283 -0.0967945
v 0.2608975 0.7482341 -0.1005269
v 0.2675379 0.7499336 -0.0928390
v 0.2667013 0.7492255 -0.0915091
v 0.2680869 0.7510665 -0.0940059
v 0.2749452 0.7526527 -0.0867042
v 0.2744049 0.7521995 -0.0859148
v 0.2753287 0.7533608 -0.0873820
v 0.2824136 0.7546779 -0.0803634
v 0.2821260 0.7544655 -0.0800030
v 0.2826140 0.7550319 -0.0806723
v 0.2898993 0.7559808 -0.0738682
v 0.2898383 0.7559383 -0.0737909
v 0.2899429 0.7560516 -0.0739282
v 0.2924004 0.7563349 -0.0716888
v 0.1648637 0.6752284 -0.1717599
v 0.1609770 0.6822953 -0.1776716
v 0.1590947 0.6807516 -0.1782637
v 0.1631643 0.6834707 -0.1777059
v 0.1570729 0.6893339 -0.1836091
v 0.1542407 0.6869688 -0.1844757
v 0.1604018 0.6911608 -0.1836692
v 0.1531427 0.6962875 -0.1896239
v 0.1497004 0.6933276 -0.1906363
v 0.1571949 0.6985676 -0.1897440
v 0.1491340 0.7030428 -0.1958016
v 0.1453083 0.6996297 -0.1968656
v 0.1536568 0.7056770 -0.1959990
v 0.1450469 0.7095857 -0.2021767
v 0.1409859 0.7058469 -0.2032493
v 0.1498660 0.7124606 -0.2024341
v 0.1408988 0.7159445 -0.2086719
v 0.1367332 0.7119933 -0.2097102
v 0.1458748 0.7189893 -0.2089980
v 0.1366810 0.7221333 -0.2153045
v 0.1325154 0.7180405 -0.2162654
v 0.1416831 0.7252915 -0.2157077
v 0.1323760 0.7280956 -0.2220828
v 0.1283150 0.7239178 -0.2229065
v 0.1372823 0.7313104 -0.2225805
v 0.1279403 0.7337888 -0.2290071
v 0.1241059 0.7296534 -0.2296677
v 0.1326113 0.7369752 -0.2295991
v 0.1233739 0.7391562 -0.2360943
v 0.1198881 0.7351625 -0.2365577
v 0.1276615 0.7422294 -0.2367636
v 0.1187029 0.7440846 -0.2434390
v 0.1156703 0.7403741 -0.2436792
v 0.1224938 0.7469312 -0.2441683
v 0.1139535 0.7484607 -0.2510754
v 0.1114525 0.7451893 -0.2511183
v 0.1171430 0.7509674 -0.2518133
v 0.1091344 0.7522703 -0.2589692
v 0.1071737 0.7495512 -0.2588748
v 0.1116616 0.7543522 -0.2596642
v 0.1042020 0.7555418 -0.2670260
v 0.1027816 0.7534316 -0.2668458
v 0.1060756 0.7571563 -0.2676438
v 0.0991825 0.7582467 -0.2752287
v 0.0982413 0.7567456 -0.2750142
v 0.1004461 0.7593939 -0.2757349
v 0.0940235 0.7602578 -0.2835601
v 0.0934832 0.7593231 -0.2833627
v 0.0947729 0.7609800 -0.2839205
v 0.0887425 0.7615324 -0.2919515
v 0.0884898 0.7610650 -0.2918228
v 0.0890998 0.7619006 -0.2921575
v 0.0833656 0.7619997 -0.3003687
v 0.0833046 0.7618864 -0.3003344
v 0.0834528 0.7620847 -0.3004202
v 0.0810999 0.7620422 -0.3038952
v 0.1710074 0.6850286 -0.1763074
v 0.1779528 0.6905376 -0.1716826
v 0.1771511 0.6897162 -0.1694432
v 0.1782230 0.6919255 -0.1737676
v 0.1850116 0.6959759 -0.1671609
v 0.1838003 0.6947296 -0.1637373
v 0.1854212 0.6980861 -0.1703441
v 0.1921400 0.7013717 -0.1626648
v 0.1906237 0.6998138 -0.1584691
v 0.1926716 0.7039775 -0.1665688
v 0.1992511 0.7067108 -0.1581087
v 0.1975082 0.7049405 -0.1533896
v 0.1998959 0.7096990 -0.1624846
v 0.2063621 0.7120074 -0.1534754
v 0.2044623 0.7100672 -0.1484217
v 0.2070854 0.7152364 -0.1581688
v 0.2134906 0.7172332 -0.1487906
v 0.2114775 0.7151939 -0.1435395
v 0.2142836 0.7206180 -0.1536556
v 0.2206539 0.7223458 -0.1440543
v 0.2185624 0.7202498 -0.1387346
v 0.2215166 0.7258438 -0.1489708
v 0.2278782 0.7273308 -0.1392580
v 0.2257432 0.7252065 -0.1339726
v 0.2288194 0.7308714 -0.1441058
v 0.2352071 0.7320610 -0.1343758
v 0.2330721 0.7299650 -0.1292706
v 0.2362180 0.7355732 -0.1390435
v 0.2426667 0.7365221 -0.1294251
v 0.2405752 0.7344969 -0.1246373
v 0.2437125 0.7399068 -0.1337667
v 0.2502222 0.7406857 -0.1243713
v 0.2482527 0.7388022 -0.1200383
v 0.2512854 0.7438297 -0.1282753
v 0.2578997 0.7444953 -0.1192146
v 0.2561132 0.7428242 -0.1154479
v 0.2589193 0.7472994 -0.1225780
v 0.2634595 0.7469454 -0.1154908
v 0.2613419 0.7452884 -0.1125649
v 0.2650543 0.7496220 -0.1179447
v 0.2734202 0.7483333 -0.1074683
v 0.2717644 0.7471012 -0.1053661
v 0.2747884 0.7503443 -0.1091586
v 0.2813591 0.7480217 -0.1014021
v 0.2800606 0.7471295 -0.0999177
v 0.2825094 0.7494804 -0.1025261
v 0.2892370 0.7464072 -0.0954474
v 0.2883046 0.7458407 -0.0945122
v 0.2900997 0.7473561 -0.0961167
v 0.2968622 0.7435323 -0.0896558
v 0.2962958 0.7432207 -0.0891409
v 0.2974112 0.7440421 -0.0899990
v 0.3041127 0.7394536 -0.0841129
v 0.3038687 0.7393403 -0.0839070
v 0.3043567 0.7396519 -0.0842331
v 0.3106485 0.7345818 -0.0790163
v 0.1710074 0.6850286 -0.1763074
v 0.1671730 0.6915007 -0.1828884
v 0.1654301 0.6898437 -0.1834976
v 0.1692819 0.6928036 -0.1828541
v 0.1632515 0.6980152 -0.1893836
v 0.1606284 0.6954802 -0.1902931
v 0.1664410 0.7000121 -0.1893579
v 0.1592602 0.7045015 -0.1958617
v 0.1560620 0.7013575 -0.1969428
v 0.1631382 0.7069799 -0.1958703
v 0.1551906 0.7108745 -0.2024084
v 0.1516438 0.7072914 -0.2035581
v 0.1595217 0.7137069 -0.2024599
v 0.1510425 0.7171058 -0.2090409
v 0.1472517 0.7132537 -0.2102593
v 0.1556699 0.7201365 -0.2091095
v 0.1468856 0.7232946 -0.2157077
v 0.1429554 0.7192868 -0.2169519
v 0.1516786 0.7264528 -0.2157849
v 0.1427201 0.7294410 -0.2224089
v 0.1387812 0.7253340 -0.2236187
v 0.1475567 0.7326700 -0.2225118
v 0.1385546 0.7354599 -0.2292130
v 0.1347115 0.7313246 -0.2303198
v 0.1433040 0.7387030 -0.2293760
v 0.1343890 0.7412097 -0.2362573
v 0.1307551 0.7371452 -0.2372012
v 0.1389119 0.7443820 -0.2364804
v 0.1302148 0.7466338 -0.2435420
v 0.1269381 0.7427534 -0.2442799
v 0.1343542 0.7496645 -0.2438766
v 0.1259186 0.7516897 -0.2510325
v 0.1230863 0.7481350 -0.2515216
v 0.1295264 0.7544796 -0.2514529
v 0.1214393 0.7563065 -0.2586860
v 0.1191300 0.7532192 -0.2589520
v 0.1244284 0.7587424 -0.2591665
v 0.1168032 0.7604560 -0.2665198
v 0.1150254 0.7579210 -0.2666142
v 0.1191387 0.7624387 -0.2669917
v 0.1120886 0.7640674 -0.2745423
v 0.1108250 0.7621555 -0.2745251
v 0.1137705 0.7655686 -0.2749713
v 0.1072957 0.7671122 -0.2827793
v 0.1064852 0.7657952 -0.2826935
v 0.1084024 0.7681461 -0.2831225
v 0.1023807 0.7695764 -0.2911364
v 0.1019362 0.7687975 -0.2910335
v 0.1029994 0.7701854 -0.2913681
v 0.0973176 0.7714458 -0.2995536
v 0.0971346 0.7711059 -0.2994850
v 0.0975703 0.7717149 -0.2996737
v 0.0921324 0.7726496 -0.3080137
v 0.0921150 0.7726213 -0.3080137
v 0.0921411 0.7726638 -0.3080223
v 0.0917316 0.7727346 -0.3086658
v 0.1798352 0.6992474 -0.1833002
v 0.1868765 0.7046998 -0.1787527
v 0.1860573 0.7038784 -0.1765476
v 0.1871641 0.7060735 -0.1808034
v 0.1911292 0.7080137 -0.1759384
v 0.1894995 0.7065550 -0.1734073
v 0.1921488 0.7102796 -0.1781693
v 0.2009591 0.7123473 -0.1670922
v 0.1985452 0.7102513 -0.1637459
v 0.2026062 0.7155621 -0.1699837
v 0.2081399 0.7145849 -0.1605026
v 0.2052379 0.7121915 -0.1568989
v 0.2102488 0.7182812 -0.1635228
v 0.2153903 0.7159587 -0.1537586
v 0.2121485 0.7133811 -0.1500176
v 0.2178914 0.7199524 -0.1567702
v 0.2227802 0.7164260 -0.1470317
v 0.2192857 0.7137494 -0.1432564
v 0.2256037 0.7205613 -0.1499489
v 0.2302660 0.7159728 -0.1404249
v 0.2265885 0.7132678 -0.1367182
v 0.2333858 0.7201223 -0.1431620
v 0.2377779 0.7145991 -0.1339640
v 0.2339522 0.7119649 -0.1304375
v 0.2411504 0.7186495 -0.1364351
v 0.2451765 0.7122765 -0.1276490
v 0.2413247 0.7098123 -0.1243885
v 0.2487059 0.7160861 -0.1298112
v 0.2524095 0.7090475 -0.1215398
v 0.2486536 0.7068382 -0.1186397
v 0.2559476 0.7124748 -0.1233503
v 0.2593811 0.7049547 -0.1156624
v 0.2558692 0.7030570 -0.1131827
v 0.2627711 0.7078721 -0.1170953
v 0.2660129 0.7000121 -0.1100338
v 0.2629018 0.6984968 -0.1080088
v 0.2690804 0.7023772 -0.1111149
v 0.2722612 0.6942906 -0.1047398
v 0.2696904 0.6931293 -0.1031610
v 0.2748581 0.6960609 -0.1055120
v 0.2781435 0.6877760 -0.0999349
v 0.2761565 0.6869688 -0.0987851
v 0.2801826 0.6890223 -0.1004497
v 0.2835900 0.6805675 -0.0956705
v 0.2821870 0.6800577 -0.0949068
v 0.2850541 0.6813323 -0.0959794
v 0.2884876 0.6727359 -0.0918351
v 0.2876161 0.6724668 -0.0913975
v 0.2894113 0.6731324 -0.0919982
v 0.2927664 0.6643802 -0.0883945
v 0.2923481 0.6642669 -0.0881971
v 0.2932108 0.6645360 -0.0884631
v 0.2963916 0.6555572 -0.0853828
v 0.2963219 0.6555430 -0.0853485
v 0.2964700 0.6555855 -0.0853914
v 0.2973241 0.6531496 -0.0846020
v 0.1798352 0.6992474 -0.1833002
v 0.1764017 0.7054220 -0.1903789
v 0.1746500 0.7037651 -0.1909795
v 0.1785541 0.7066683 -0.1903103
v 0.1731076 0.7115117 -0.1975863
v 0.1704409 0.7089909 -0.1984872
v 0.1763668 0.7134095 -0.1974833
v 0.1698396 0.7175448 -0.2048709
v 0.1665978 0.7144291 -0.2059434
v 0.1738309 0.7198957 -0.2047679
v 0.1665020 0.7235354 -0.2121469
v 0.1628767 0.7199949 -0.2133138
v 0.1709725 0.7262120 -0.2120783
v 0.1630772 0.7294410 -0.2194487
v 0.1592428 0.7255606 -0.2205813
v 0.1678179 0.7323867 -0.2194659
v 0.1595391 0.7351058 -0.2268878
v 0.1556263 0.7309705 -0.2279174
v 0.1644018 0.7382498 -0.2270336
v 0.1558703 0.7404591 -0.2344984
v 0.1519749 0.7361538 -0.2353907
v 0.1607417 0.7437164 -0.2347644
v 0.1520795 0.7454867 -0.2422721
v 0.1482887 0.7411389 -0.2430271
v 0.1568637 0.7487864 -0.2426324
v 0.1482190 0.7502451 -0.2501745
v 0.1446199 0.7459823 -0.2507665
v 0.1527766 0.7534883 -0.2506206
v 0.1442626 0.7546921 -0.2582055
v 0.1409685 0.7506558 -0.2586431
v 0.1484717 0.7577511 -0.2587032
v 0.1402975 0.7588132 -0.2664082
v 0.1374043 0.7551452 -0.2666914
v 0.1440360 0.7615890 -0.2669316
v 0.1363585 0.7625520 -0.2747997
v 0.1339359 0.7593656 -0.2749198
v 0.1395132 0.7649454 -0.2753145
v 0.1324457 0.7658518 -0.2833971
v 0.1305460 0.7632460 -0.2833799
v 0.1349555 0.7678062 -0.2838776
v 0.1286026 0.7685851 -0.2922089
v 0.1272257 0.7666024 -0.2921060
v 0.1304675 0.7700721 -0.2926380
v 0.1248467 0.7707094 -0.3012268
v 0.1239229 0.7693357 -0.3010895
v 0.1261016 0.7717432 -0.3015700
v 0.1210820 0.7722814 -0.3103561
v 0.1205417 0.7714458 -0.3102274
v 0.1218227 0.7729187 -0.3105964
v 0.1172651 0.7733436 -0.3195369
v 0.1170210 0.7729470 -0.3194597
v 0.1176049 0.7736410 -0.3196656
v 0.1133871 0.7738109 -0.3287435
v 0.1133435 0.7737543 -0.3287349
v 0.1134394 0.7738676 -0.3287693
v 0.1124198 0.7738959 -0.3310173
v 0.1883579 0.7123190 -0.1902674
v 0.1946062 0.7185928 -0.1856083
v 0.1935867 0.7179555 -0.1834032
v 0.1950420 0.7197541 -0.1877791
v 0.2008284 0.7248808 -0.1809578
v 0.1992772 0.7239178 -0.1776030
v 0.2015168 0.7266794 -0.1842698
v 0.2070593 0.7311404 -0.1762645
v 0.2051072 0.7299225 -0.1721717
v 0.2079481 0.7333922 -0.1802972
v 0.2133163 0.7372868 -0.1714595
v 0.2110767 0.7358564 -0.1668691
v 0.2143794 0.7398785 -0.1759556
v 0.2196169 0.7432774 -0.1665173
v 0.2172291 0.7417620 -0.1615666
v 0.2207585 0.7460532 -0.1713566
v 0.2260482 0.7491688 -0.1616180
v 0.2235994 0.7476252 -0.1564356
v 0.2272159 0.7520437 -0.1666718
v 0.2326363 0.7549328 -0.1568045
v 0.2301701 0.7533891 -0.1515191
v 0.2338389 0.7578785 -0.1619269
v 0.2394162 0.7605127 -0.1520082
v 0.2369239 0.7589407 -0.1467657
v 0.2407060 0.7635151 -0.1570448
v 0.2464140 0.7657102 -0.1471089
v 0.2439565 0.7641523 -0.1420551
v 0.2477734 0.7686984 -0.1519396
v 0.2536470 0.7704687 -0.1421152
v 0.2513028 0.7689816 -0.1373703
v 0.2550152 0.7733436 -0.1466027
v 0.2610979 0.7748306 -0.1370615
v 0.2589367 0.7734569 -0.1327628
v 0.2624225 0.7774931 -0.1410856
v 0.2687579 0.7787393 -0.1319562
v 0.2668407 0.7775356 -0.1282324
v 0.2699954 0.7811044 -0.1354141
v 0.2765923 0.7821807 -0.1267995
v 0.2749627 0.7811611 -0.1237450
v 0.2776990 0.7841634 -0.1296052
v 0.2845573 0.7851973 -0.1215484
v 0.2832501 0.7843900 -0.1191974
v 0.2854811 0.7867551 -0.1236849
v 0.2926182 0.7877181 -0.1162029
v 0.2916422 0.7871233 -0.1145384
v 0.2933503 0.7888652 -0.1177045
v 0.3007576 0.7896867 -0.1107288
v 0.3000866 0.7892901 -0.1096648
v 0.3012805 0.7904372 -0.1116726
v 0.3089231 0.7910321 -0.1051259
v 0.3085396 0.7908196 -0.1045510
v 0.3092368 0.7914569 -0.1056235
v 0.3171060 0.7916977 -0.0994200
v 0.3169666 0.7916269 -0.0992141
v 0.3172280 0.7918535 -0.0995916
v 0.3234153 0.7916693 -0.0950784
v 0.1883579 0.7123190 -0.1902674
v 0.1850377 0.7184653 -0.1974319
v 0.1832425 0.7168367 -0.1980325
v 0.1872164 0.7196691 -0.1973546
v 0.1818744 0.7246259 -0.2046392
v 0.1791293 0.7221758 -0.2055831
v 0.1852120 0.7264386 -0.2045020
v 0.1788330 0.7308006 -0.2119067
v 0.1754692 0.7277840 -0.2130736
v 0.1829375 0.7329957 -0.2117093
v 0.1758788 0.7369469 -0.2192085
v 0.1720880 0.7335622 -0.2205212
v 0.1804975 0.7394111 -0.2189854
v 0.1729769 0.7430508 -0.2265874
v 0.1689246 0.7393828 -0.2279517
v 0.1779441 0.7456991 -0.2263386
v 0.1701708 0.7489706 -0.2341380
v 0.1659878 0.7451185 -0.2354937
v 0.1753211 0.7517463 -0.2338978
v 0.1674606 0.7546637 -0.2418946
v 0.1632340 0.7506842 -0.2431902
v 0.1726718 0.7575103 -0.2417058
v 0.1647939 0.7600878 -0.2498656
v 0.1606371 0.7560516 -0.2510239
v 0.1699442 0.7629769 -0.2497626
v 0.1620663 0.7652287 -0.2579996
v 0.1581012 0.7612350 -0.2589778
v 0.1670161 0.7680894 -0.2579996
v 0.1592777 0.7700438 -0.2663053
v 0.1556263 0.7661917 -0.2670174
v 0.1638528 0.7728196 -0.2664683
v 0.1563147 0.7744340 -0.2747825
v 0.1530991 0.7708510 -0.2752030
v 0.1603844 0.7770116 -0.2751086
v 0.1531514 0.7783145 -0.2834314
v 0.1504499 0.7751422 -0.2836116
v 0.1565936 0.7806087 -0.2838776
v 0.1497963 0.7816567 -0.2922433
v 0.1476351 0.7790367 -0.2922604
v 0.1525675 0.7835545 -0.2926894
v 0.1463366 0.7845741 -0.3011581
v 0.1447332 0.7825489 -0.3010723
v 0.1484281 0.7860470 -0.3015871
v 0.1427811 0.7870242 -0.3101845
v 0.1416831 0.7855655 -0.3100472
v 0.1442277 0.7880722 -0.3105363
v 0.1391384 0.7889077 -0.3192967
v 0.1384761 0.7880014 -0.3191594
v 0.1400273 0.7895734 -0.3195627
v 0.1354086 0.7902106 -0.3284861
v 0.1350862 0.7897433 -0.3283831
v 0.1358531 0.7905505 -0.3286491
v 0.1316091 0.7908338 -0.3377184
v 0.1315307 0.7907063 -0.3376841
v 0.1317311 0.7909188 -0.3377613
v 0.1297791 0.7909612 -0.3421544
v 0.1954690 0.7229264 -0.1961448
v 0.2026846 0.7282514 -0.1917260
v 0.2018480 0.7275149 -0.1894694
v 0.2029983 0.7295685 -0.1938368
v 0.2099263 0.7335622 -0.1873244
v 0.2086540 0.7324434 -0.1838923
v 0.2104231 0.7355732 -0.1905505
v 0.2172029 0.7388163 -0.1829141
v 0.2156169 0.7374284 -0.1787012
v 0.2178391 0.7413088 -0.1868610
v 0.2245144 0.7439855 -0.1784696
v 0.2227105 0.7423852 -0.1737333
v 0.2252813 0.7468179 -0.1828970
v 0.2318869 0.7490130 -0.1739650
v 0.2299000 0.7472853 -0.1688941
v 0.2327583 0.7521145 -0.1786927
v 0.2393029 0.7539273 -0.1693831
v 0.2371853 0.7520862 -0.1641320
v 0.2402789 0.7571846 -0.1742653
v 0.2467712 0.7586574 -0.1647155
v 0.2445578 0.7567456 -0.1594129
v 0.2478518 0.7620422 -0.1696234
v 0.2543093 0.7631752 -0.1599449
v 0.2520261 0.7612208 -0.1547110
v 0.2555119 0.7666024 -0.1647670
v 0.2619606 0.7673671 -0.1550542
v 0.2596426 0.7654269 -0.1500090
v 0.2632591 0.7707661 -0.1596532
v 0.2697078 0.7711909 -0.1500262
v 0.2674595 0.7693215 -0.1453156
v 0.2710586 0.7744624 -0.1542905
v 0.2775509 0.7746606 -0.1448952
v 0.2754332 0.7729329 -0.1406480
v 0.2788842 0.7776772 -0.1487134
v 0.2854985 0.7777480 -0.1396698
v 0.2835726 0.7762185 -0.1359975
v 0.2867708 0.7804388 -0.1429303
v 0.2935333 0.7803963 -0.1343415
v 0.2918514 0.7790934 -0.1313556
v 0.2947359 0.7826622 -0.1369585
v 0.3016900 0.7823648 -0.1288931
v 0.3003044 0.7813452 -0.1266022
v 0.3027358 0.7841634 -0.1308665
v 0.3099165 0.7836253 -0.1233503
v 0.3088795 0.7828747 -0.1217114
v 0.3107357 0.7849282 -0.1247403
v 0.3181866 0.7843334 -0.1177817
v 0.3174894 0.7838519 -0.1167178
v 0.3187617 0.7851973 -0.1186740
v 0.3265002 0.7846024 -0.1122217
v 0.3260993 0.7843192 -0.1116297
v 0.3268314 0.7850840 -0.1127108
v 0.3348313 0.7843334 -0.1067046
v 0.3346744 0.7842342 -0.1064816
v 0.3349707 0.7845175 -0.1068848
v 0.3419336 0.7835686 -0.1021829
v 0.1954690 0.7229264 -0.1961448
v 0.1918612 0.7297809 -0.2024599
v 0.1898917 0.7282797 -0.2029404
v 0.1941269 0.7308855 -0.2025972
v 0.1881749 0.7365787 -0.2088007
v 0.1851859 0.7342561 -0.2095042
v 0.1916259 0.7382782 -0.2090323
v 0.1844364 0.7433199 -0.2151758
v 0.1807676 0.7404308 -0.2160166
v 0.1886630 0.7454300 -0.2154761
v 0.1806543 0.7499761 -0.2216109
v 0.1765411 0.7466763 -0.2225118
v 0.1854124 0.7523978 -0.2219713
v 0.1768200 0.7565331 -0.2281061
v 0.1724366 0.7529076 -0.2290071
v 0.1819092 0.7591814 -0.2285437
v 0.1729507 0.7628778 -0.2348073
v 0.1684366 0.7589973 -0.2356482
v 0.1782317 0.7656819 -0.2353221
v 0.1690466 0.7689250 -0.2417401
v 0.1645064 0.7649171 -0.2424952
v 0.1743973 0.7718424 -0.2423150
v 0.1651164 0.7747315 -0.2488788
v 0.1606023 0.7706811 -0.2495910
v 0.1704409 0.7776630 -0.2494795
v 0.1611861 0.7803821 -0.2561291
v 0.1568202 0.7763743 -0.2567555
v 0.1663538 0.7832712 -0.2567555
v 0.1572385 0.7858487 -0.2635167
v 0.1531601 0.7819825 -0.2640144
v 0.1621099 0.7886245 -0.2641774
v 0.1532385 0.7910604 -0.2710587
v 0.1495610 0.7874490 -0.2714019
v 0.1576568 0.7936520 -0.2717451
v 0.1491601 0.7959463 -0.2787552
v 0.1459880 0.7926890 -0.2789353
v 0.1529945 0.7982972 -0.2794502
v 0.1449859 0.8004499 -0.2866490
v 0.1424064 0.7976316 -0.2866404
v 0.1481318 0.8024750 -0.2873440
v 0.1406635 0.8043728 -0.2947659
v 0.1387027 0.8020927 -0.2946200
v 0.1431035 0.8060156 -0.2954179
v 0.1362104 0.8076584 -0.3030972
v 0.1348161 0.8059448 -0.3028913
v 0.1379707 0.8089046 -0.3036464
v 0.1316701 0.8103350 -0.3115917
v 0.1307725 0.8091596 -0.3113943
v 0.1328292 0.8111847 -0.3120121
v 0.1270689 0.8123602 -0.3202405
v 0.1265721 0.8116663 -0.3200775
v 0.1277312 0.8128559 -0.3205151
v 0.1224066 0.8136773 -0.3289838
v 0.1222062 0.8133799 -0.3288894
v 0.1226768 0.8139039 -0.3291296
v 0.1175788 0.8141730 -0.3377270
v 0.1175701 0.8141588 -0.3377270
v 0.1175875 0.8141730 -0.3377356
v 0.1173696 0.8141871 -0.3380959
v 0.2048196 0.7363663 -0.2039442
v 0.2116257 0.7421586 -0.1994740
v 0.2106584 0.7415779 -0.1972088
v 0.2120788 0.7433340 -0.2016791
v 0.2185798 0.7478093 -0.1950294
v 0.2170809 0.7469170 -0.1915544
v 0.2192770 0.7496220 -0.1984014
v 0.2256037 0.7533608 -0.1905849
v 0.2237475 0.7522420 -0.1863119
v 0.2264926 0.7556126 -0.1947205
v 0.2326363 0.7588699 -0.1860888
v 0.2305100 0.7575811 -0.1812667
v 0.2336734 0.7614474 -0.1907479
v 0.2396951 0.7642940 -0.1815241
v 0.2373770 0.7628919 -0.1763417
v 0.2408454 0.7670981 -0.1865264
v 0.2468061 0.7695906 -0.1769080
v 0.2443573 0.7681036 -0.1715110
v 0.2480697 0.7725646 -0.1820990
v 0.2540043 0.7747173 -0.1722318
v 0.2514858 0.7731736 -0.1667318
v 0.2553550 0.7777905 -0.1774914
v 0.2613332 0.7796032 -0.1674955
v 0.2588060 0.7780596 -0.1619870
v 0.2627449 0.7827189 -0.1727294
v 0.2688887 0.7841351 -0.1627678
v 0.2664137 0.7826339 -0.1573708
v 0.2703353 0.7872366 -0.1678473
v 0.2766620 0.7882704 -0.1580315
v 0.2742045 0.7867976 -0.1529434
v 0.2781783 0.7913011 -0.1628021
v 0.2845225 0.7920376 -0.1531408
v 0.2821260 0.7906072 -0.1485075
v 0.2860911 0.7949125 -0.1574481
v 0.2924265 0.7954081 -0.1480184
v 0.2901782 0.7941052 -0.1439685
v 0.2939777 0.7980281 -0.1517594
v 0.3003480 0.7983397 -0.1426729
v 0.2983349 0.7971926 -0.1392837
v 0.3018120 0.8006198 -0.1457618
v 0.3083043 0.8007614 -0.1371215
v 0.3065963 0.7998126 -0.1344359
v 0.3096115 0.8026308 -0.1395326
v 0.3162781 0.8026167 -0.1313728
v 0.3149448 0.8018802 -0.1293650
v 0.3173413 0.8040470 -0.1331575
v 0.3243129 0.8038913 -0.1255640
v 0.3233630 0.8033814 -0.1241654
v 0.3250972 0.8049109 -0.1267824
v 0.3324435 0.8045852 -0.1197809
v 0.3318422 0.8042595 -0.1189143
v 0.3329577 0.8052225 -0.1205188
v 0.3406264 0.8046419 -0.1140236
v 0.3403040 0.8044719 -0.1135946
v 0.3409053 0.8049534 -0.1143925
v 0.3487483 0.8040187 -0.1082319
v 0.3486612 0.8039762 -0.1081204
v 0.3488268 0.8041037 -0.1083177
v 0.3524171 0.8035939 -0.1055892
v 0.2048196 0.7363663 -0.2039442
v 0.2012641 0.7429517 -0.2105768
v 0.1992946 0.7414221 -0.2110401
v 0.2035386 0.7440421 -0.2107055
v 0.1977173 0.7495370 -0.2172093
v 0.1947108 0.7472145 -0.2179214
v 0.2011857 0.7512082 -0.2173980
v 0.1941880 0.7561083 -0.2238761
v 0.1904930 0.7532475 -0.2247513
v 0.1984755 0.7581618 -0.2240906
v 0.1907283 0.7626370 -0.2306030
v 0.1865540 0.7593939 -0.2315897
v 0.1955736 0.7649454 -0.2308432
v 0.1873122 0.7691091 -0.2374243
v 0.1828417 0.7655686 -0.2384281
v 0.1925148 0.7716299 -0.2377160
v 0.1838526 0.7754537 -0.2443399
v 0.1792252 0.7716866 -0.2453095
v 0.1892468 0.7781304 -0.2447003
v 0.1803058 0.7816142 -0.2513671
v 0.1756435 0.7777055 -0.2522680
v 0.1857785 0.7844042 -0.2518133
v 0.1766805 0.7875765 -0.2585316
v 0.1720705 0.7835828 -0.2593296
v 0.1821184 0.7904372 -0.2590464
v 0.1729856 0.7933122 -0.2658419
v 0.1685325 0.7893184 -0.2665026
v 0.1782491 0.7961587 -0.2664340
v 0.1691948 0.7987646 -0.2733067
v 0.1650467 0.7948558 -0.2737872
v 0.1741359 0.8015687 -0.2739931
v 0.1652210 0.8039196 -0.2809088
v 0.1614999 0.8002233 -0.2811834
v 0.1696915 0.8065679 -0.2816810
v 0.1610380 0.8087064 -0.2886224
v 0.1578311 0.8053500 -0.2886996
v 0.1649072 0.8111423 -0.2894375
v 0.1566372 0.8130966 -0.2964476
v 0.1540054 0.8101934 -0.2963789
v 0.1598354 0.8152068 -0.2972541
v 0.1520446 0.8170479 -0.3044014
v 0.1500229 0.8146828 -0.3042212
v 0.1545370 0.8187756 -0.3051479
v 0.1472691 0.8205034 -0.3124840
v 0.1458138 0.8187048 -0.3122523
v 0.1490817 0.8218205 -0.3131018
v 0.1423890 0.8233783 -0.3207296
v 0.1414391 0.8221321 -0.3205065
v 0.1436090 0.8242989 -0.3211929
v 0.1374740 0.8256301 -0.3291382
v 0.1369337 0.8248654 -0.3289580
v 0.1381799 0.8261824 -0.3294557
v 0.1325241 0.8271596 -0.3376927
v 0.1322889 0.8268056 -0.3375811
v 0.1328379 0.8274145 -0.3378557
v 0.1274697 0.8277828 -0.3462986
v 0.1274349 0.8277403 -0.3462815
v 0.1275046 0.8278252 -0.3463158
v 0.1265111 0.8278677 -0.3479203
v 0.2127847 0.7474835 -0.2107055
v 0.2200090 0.7529643 -0.2064840
v 0.2191463 0.7523128 -0.2041759
v 0.2203576 0.7541964 -0.2086805
v 0.2271985 0.7584733 -0.2022454
v 0.2258826 0.7574962 -0.1987017
v 0.2277213 0.7603711 -0.2056174
v 0.2344054 0.7639824 -0.1980411
v 0.2328280 0.7627928 -0.1936480
v 0.2350241 0.7662908 -0.2022196
v 0.2417168 0.7694348 -0.1939397
v 0.2399652 0.7681319 -0.1889460
v 0.2423879 0.7720406 -0.1986846
v 0.2491416 0.7748164 -0.1899413
v 0.2472418 0.7734002 -0.1845444
v 0.2499085 0.7776630 -0.1950380
v 0.2567232 0.7799431 -0.1859258
v 0.2547189 0.7784419 -0.1802972
v 0.2576121 0.7829596 -0.1912198
v 0.2644965 0.7847582 -0.1818759
v 0.2624399 0.7832146 -0.1761272
v 0.2654639 0.7878881 -0.1872557
v 0.2724355 0.7892759 -0.1778175
v 0.2704137 0.7877606 -0.1720344
v 0.2734028 0.7924199 -0.1832144
v 0.2805138 0.7936237 -0.1738448
v 0.2785530 0.7921367 -0.1681476
v 0.2814724 0.7967111 -0.1791388
v 0.2887490 0.7977449 -0.1699408
v 0.2868405 0.7963145 -0.1645010
v 0.2897425 0.8007473 -0.1749689
v 0.2971062 0.8015828 -0.1660111
v 0.2952849 0.8002374 -0.1609831
v 0.2981258 0.8044153 -0.1706358
v 0.3055854 0.8050667 -0.1620127
v 0.3039122 0.8038346 -0.1575167
v 0.3065876 0.8076301 -0.1661141
v 0.3141779 0.8081824 -0.1579543
v 0.3127487 0.8071202 -0.1541018
v 0.3150668 0.8103917 -0.1614636
v 0.3222040 0.8107740 -0.1542734
v 0.3206441 0.8098110 -0.1512617
v 0.3234501 0.8127284 -0.1569332
v 0.3315982 0.8118645 -0.1490652
v 0.3303346 0.8111281 -0.1468343
v 0.3327049 0.8133516 -0.1509786
v 0.3403388 0.8115813 -0.1442174
v 0.3393715 0.8110715 -0.1426643
v 0.3412539 0.8126293 -0.1455130
v 0.3489488 0.8100376 -0.1393610
v 0.3482865 0.8097261 -0.1383914
v 0.3496111 0.8106891 -0.1401503
v 0.3572798 0.8072760 -0.1345904
v 0.3569051 0.8071061 -0.1340755
v 0.3576807 0.8076017 -0.1349850
v 0.3652187 0.8032681 -0.1300085
v 0.3650880 0.8032256 -0.1298369
v 0.3653582 0.8033814 -0.1301286
v 0.3701424 0.8001949 -0.1271513
v 0.2127847 0.7474835 -0.2107055
v 0.2092118 0.7542814 -0.2171149
v 0.2071638 0.7528368 -0.2175696
v 0.2115385 0.7553152 -0.2172779
v 0.2057172 0.7611925 -0.2234557
v 0.2025800 0.7589690 -0.2241507
v 0.2092815 0.7627503 -0.2236959
v 0.2022489 0.7680894 -0.2298050
v 0.1983971 0.7653136 -0.2306287
v 0.2066497 0.7700438 -0.2301225
v 0.1987718 0.7748589 -0.2362917
v 0.1944407 0.7716724 -0.2371754
v 0.2037390 0.7770965 -0.2366864
v 0.1952773 0.7814726 -0.2429328
v 0.1906324 0.7779604 -0.2438165
v 0.2006018 0.7839368 -0.2434132
v 0.1916695 0.7879164 -0.2496682
v 0.1868678 0.7841634 -0.2505005
v 0.1972032 0.7905789 -0.2502431
v 0.1879484 0.7941902 -0.2565067
v 0.1830944 0.7902390 -0.2572360
v 0.1935431 0.7969943 -0.2571845
v 0.1840878 0.8002091 -0.2634995
v 0.1793123 0.7961163 -0.2640658
v 0.1896477 0.8031123 -0.2642889
v 0.1801227 0.8058456 -0.2707498
v 0.1755302 0.8016820 -0.2711188
v 0.1855170 0.8087772 -0.2716507
v 0.1760444 0.8110290 -0.2782575
v 0.1717481 0.8069220 -0.2784120
v 0.1811249 0.8139180 -0.2792528
v 0.1718353 0.8157166 -0.2860226
v 0.1679660 0.8117796 -0.2859625
v 0.1764801 0.8184924 -0.2870951
v 0.1675129 0.8198661 -0.2940280
v 0.1641404 0.8162406 -0.2937877
v 0.1716000 0.8224153 -0.2951262
v 0.1630772 0.8234350 -0.3022478
v 0.1602537 0.8202910 -0.3019218
v 0.1665543 0.8256584 -0.3032688
v 0.1586066 0.8265931 -0.3106221
v 0.1563583 0.8239731 -0.3102446
v 0.1614127 0.8284342 -0.3115230
v 0.1541012 0.8292556 -0.3191337
v 0.1524193 0.8272304 -0.3187561
v 0.1562276 0.8306860 -0.3198973
v 0.1495959 0.8313516 -0.3278168
v 0.1484368 0.8298929 -0.3274651
v 0.1510773 0.8323854 -0.3284003
v 0.1451079 0.8327961 -0.3366373
v 0.1443933 0.8318473 -0.3363542
v 0.1460490 0.8334618 -0.3370492
v 0.1406548 0.8335326 -0.3455607
v 0.1402888 0.8330227 -0.3453720
v 0.1411428 0.8339008 -0.3458010
v 0.1361755 0.8335184 -0.3545013
v 0.1360622 0.8333485 -0.3544241
v 0.1363324 0.8336317 -0.3545871
v 0.1332562 0.8331502 -0.3603016
v 0.2226669 0.7609092 -0.2193801
v 0.2295775 0.7668290 -0.2152187
v 0.2285667 0.7663900 -0.2129192
v 0.2300481 0.7678628 -0.2175010
v 0.2364794 0.7727771 -0.2110916
v 0.2349195 0.7720831 -0.2075737
v 0.2372289 0.7743774 -0.2145751
v 0.2433639 0.7786827 -0.2068873
v 0.2413683 0.7777763 -0.2025972
v 0.2443748 0.7807220 -0.2111431
v 0.2502222 0.7844750 -0.2024856
v 0.2478780 0.7833703 -0.1976721
v 0.2514596 0.7868684 -0.2072391
v 0.2570631 0.7901257 -0.1978695
v 0.2544487 0.7888794 -0.1927299
v 0.2584835 0.7927740 -0.2029404
v 0.2638865 0.7956347 -0.1930731
v 0.2610717 0.7942752 -0.1877534
v 0.2654639 0.7984955 -0.1983156
v 0.2706926 0.8010022 -0.1880966
v 0.2677645 0.7995718 -0.1826996
v 0.2723832 0.8039904 -0.1933992
v 0.2775422 0.8061997 -0.1829828
v 0.2746054 0.8047551 -0.1775601
v 0.2792676 0.8092021 -0.1882939
v 0.2845399 0.8111847 -0.1778775
v 0.2816641 0.8097827 -0.1725407
v 0.2862654 0.8141588 -0.1830772
v 0.2916945 0.8159574 -0.1727723
v 0.2889669 0.8146120 -0.1676413
v 0.2933764 0.8188181 -0.1777317
v 0.2990321 0.8204609 -0.1676928
v 0.2965136 0.8192288 -0.1629051
v 0.3006181 0.8231376 -0.1722832
v 0.3065702 0.8246671 -0.1626391
v 0.3043131 0.8235624 -0.1583404
v 0.3080342 0.8271030 -0.1667318
v 0.3142825 0.8285333 -0.1575853
v 0.3122956 0.8275703 -0.1539130
v 0.3156158 0.8306718 -0.1610689
v 0.3220820 0.8320880 -0.1524286
v 0.3204175 0.8312666 -0.1494513
v 0.3232410 0.8338583 -0.1552344
v 0.3299773 0.8352462 -0.1471689
v 0.3286788 0.8346231 -0.1448780
v 0.3309098 0.8366341 -0.1493054
v 0.3380034 0.8379795 -0.1418750
v 0.3370709 0.8375263 -0.1402361
v 0.3387092 0.8389708 -0.1433765
v 0.3462037 0.8401888 -0.1365895
v 0.3455937 0.8398914 -0.1355256
v 0.3466743 0.8408402 -0.1375419
v 0.3545348 0.8418316 -0.1313127
v 0.3542036 0.8416758 -0.1307464
v 0.3548136 0.8421998 -0.1318275
v 0.3629791 0.8427946 -0.1260445
v 0.3628571 0.8427380 -0.1258471
v 0.3630837 0.8429221 -0.1262161
v 0.3689747 0.8431062 -0.1223292
v 0.2226669 0.7609092 -0.2193801
v 0.2194251 0.7667015 -0.2268620
v 0.2175080 0.7651154 -0.2272481
v 0.2216909 0.7677920 -0.2269907
v 0.2162356 0.7724089 -0.2344298
v 0.2133163 0.7699871 -0.2349961
v 0.2196779 0.7740800 -0.2346357
v 0.2130374 0.7780454 -0.2420490
v 0.2094645 0.7750289 -0.2427011
v 0.2172639 0.7801272 -0.2423407
v 0.2097608 0.7836111 -0.2496768
v 0.2057434 0.7801697 -0.2503632
v 0.2145102 0.7859903 -0.2500629
v 0.2063883 0.7890777 -0.2573475
v 0.2021007 0.7853389 -0.2580339
v 0.2114688 0.7916835 -0.2578109
v 0.2029199 0.7944734 -0.2650097
v 0.1984755 0.7905505 -0.2656618
v 0.2081834 0.7972351 -0.2655588
v 0.1993295 0.7997984 -0.2726804
v 0.1948415 0.7957480 -0.2732552
v 0.2046628 0.8026592 -0.2732981
v 0.1956433 0.8049817 -0.2803854
v 0.1912163 0.8008747 -0.2808573
v 0.2009243 0.8078850 -0.2810804
v 0.1918960 0.8099243 -0.2882277
v 0.1876434 0.8058456 -0.2885709
v 0.1969940 0.8127992 -0.2889999
v 0.1880791 0.8145695 -0.2962159
v 0.1841227 0.8106324 -0.2964133
v 0.1928459 0.8173311 -0.2970482
v 0.1841488 0.8189173 -0.3043242
v 0.1806020 0.8152634 -0.3043671
v 0.1884625 0.8214948 -0.3051822
v 0.1801053 0.8229393 -0.3125355
v 0.1770640 0.8196820 -0.3124497
v 0.1838351 0.8252477 -0.3133849
v 0.1759572 0.8265931 -0.3208669
v 0.1734736 0.8238315 -0.3206781
v 0.1790160 0.8285475 -0.3216563
v 0.1717307 0.8297938 -0.3293527
v 0.1698396 0.8275845 -0.3291039
v 0.1741010 0.8313516 -0.3300391
v 0.1674519 0.8324987 -0.3379758
v 0.1661011 0.8308701 -0.3377270
v 0.1691599 0.8336459 -0.3385164
v 0.1631730 0.8347222 -0.3467276
v 0.1622929 0.8336459 -0.3465303
v 0.1642885 0.8354869 -0.3471138
v 0.1589204 0.8364783 -0.3556168
v 0.1584411 0.8358552 -0.3554709
v 0.1595478 0.8369173 -0.3558484
v 0.1547200 0.8376679 -0.3646088
v 0.1545283 0.8374130 -0.3645316
v 0.1549640 0.8378379 -0.3647118
v 0.1509205 0.8380078 -0.3729145
v 0.2299435 0.7699447 -0.2257895
v 0.2372027 0.7758078 -0.2221944
v 0.2363226 0.7754679 -0.2198262
v 0.2375862 0.7767425 -0.2245196
v 0.2446013 0.7815293 -0.2186507
v 0.2432419 0.7810194 -0.2150299
v 0.2452026 0.7829880 -0.2222030
v 0.2520610 0.7871375 -0.2150642
v 0.2503181 0.7864718 -0.2106368
v 0.2528714 0.7890069 -0.2194230
v 0.2594857 0.7926890 -0.2113147
v 0.2574465 0.7918676 -0.2063381
v 0.2604879 0.7948558 -0.2161968
v 0.2668930 0.7981273 -0.2073763
v 0.2646098 0.7971926 -0.2020566
v 0.2680695 0.8005348 -0.2125931
v 0.2743004 0.8034239 -0.2032664
v 0.2718342 0.8023901 -0.1977493
v 0.2756511 0.8060156 -0.2086548
v 0.2817513 0.8085223 -0.1989591
v 0.2791630 0.8074176 -0.1933648
v 0.2832240 0.8112272 -0.2044162
v 0.2892632 0.8134082 -0.1945232
v 0.2866837 0.8123036 -0.1889031
v 0.2907620 0.8161415 -0.1999716
v 0.2969319 0.8180534 -0.1900872
v 0.2944047 0.8169912 -0.1845701
v 0.2984308 0.8207583 -0.1954155
v 0.3047488 0.8224436 -0.1856598
v 0.3023000 0.8213956 -0.1804087
v 0.3062651 0.8250636 -0.1907136
v 0.3126790 0.8265507 -0.1811552
v 0.3103610 0.8255451 -0.1763159
v 0.3141779 0.8290290 -0.1857799
v 0.3207051 0.8303178 -0.1765305
v 0.3185700 0.8294114 -0.1722403
v 0.3221430 0.8325696 -0.1806061
v 0.3288357 0.8336884 -0.1717770
v 0.3269447 0.8328811 -0.1681476
v 0.3301952 0.8356711 -0.1751919
v 0.3370970 0.8364500 -0.1668777
v 0.3355110 0.8357844 -0.1639604
v 0.3383084 0.8380928 -0.1695805
v 0.3454717 0.8385601 -0.1618325
v 0.3442255 0.8380503 -0.1596274
v 0.3464651 0.8398347 -0.1638575
v 0.3539160 0.8401038 -0.1567102
v 0.3530184 0.8397356 -0.1551657
v 0.3546655 0.8410102 -0.1581173
v 0.3624214 0.8411235 -0.1515449
v 0.3618462 0.8408827 -0.1505753
v 0.3629268 0.8416900 -0.1524200
v 0.3709703 0.8415200 -0.1463710
v 0.3706740 0.8414067 -0.1458733
v 0.3712492 0.8418174 -0.1468172
v 0.3795890 0.8411235 -0.1413172
v 0.3795018 0.8410951 -0.1411714
v 0.3796761 0.8412084 -0.1414459
v 0.3842686 0.8406561 -0.1386145
v 0.2299435 0.7699447 -0.2257895
v 0.2266843 0.7760344 -0.2330140
v 0.2246626 0.7745615 -0.2333830
v 0.2289937 0.7770257 -0.2332028
v 0.2234861 0.7821949 -0.2402214
v 0.2204099 0.7799573 -0.2407877
v 0.2270242 0.7836819 -0.2404874
v 0.2203663 0.7883271 -0.2474717
v 0.2165842 0.7855655 -0.2481581
v 0.2247236 0.7901540 -0.2477892
v 0.2173162 0.7943318 -0.2548678
v 0.2130548 0.7911878 -0.2556057
v 0.2222399 0.7963853 -0.2552196
v 0.2143272 0.8001808 -0.2624099
v 0.2097520 0.7967677 -0.2631649
v 0.2196081 0.8024184 -0.2628217
v 0.2113119 0.8059023 -0.2700291
v 0.2065713 0.8023051 -0.2707584
v 0.2168021 0.8082674 -0.2705010
v 0.2082444 0.8115105 -0.2777170
v 0.2034428 0.8077858 -0.2783948
v 0.2138217 0.8139464 -0.2782404
v 0.2051508 0.8169204 -0.2855335
v 0.2003927 0.8131533 -0.2861342
v 0.2107106 0.8193705 -0.2860827
v 0.2021094 0.8220329 -0.2935732
v 0.1975082 0.8183083 -0.2940537
v 0.2075211 0.8244547 -0.2941309
v 0.1991204 0.8268197 -0.3018274
v 0.1947980 0.8232226 -0.3021706
v 0.2042096 0.8291423 -0.3024451
v 0.1960441 0.8313233 -0.3102102
v 0.1921313 0.8279669 -0.3103990
v 0.2006628 0.8335043 -0.3108709
v 0.1928198 0.8355436 -0.3186789
v 0.1894298 0.8325412 -0.3187218
v 0.1968459 0.8375121 -0.3193653
v 0.1894734 0.8394382 -0.3272591
v 0.1866761 0.8368607 -0.3271648
v 0.1928111 0.8411235 -0.3279198
v 0.1860312 0.8428513 -0.3360024
v 0.1838700 0.8407836 -0.3358222
v 0.1886368 0.8442108 -0.3365944
v 0.1825018 0.8457403 -0.3449086
v 0.1809593 0.8441825 -0.3446684
v 0.1843929 0.8467600 -0.3454235
v 0.1788156 0.8480629 -0.3539093
v 0.1778047 0.8470008 -0.3536690
v 0.1800530 0.8487569 -0.3543126
v 0.1749028 0.8497624 -0.3629528
v 0.1743450 0.8491534 -0.3627727
v 0.1756086 0.8501731 -0.3632188
v 0.1708244 0.8508104 -0.3720221
v 0.1705891 0.8505413 -0.3719277
v 0.1711207 0.8509945 -0.3721423
v 0.1667024 0.8511927 -0.3811257
v 0.1666937 0.8511786 -0.3811172
v 0.1667111 0.8511927 -0.3811257
v 0.1666066 0.8511927 -0.3813317
v 0.2373683 0.7790084 -0.2327395
v 0.2450893 0.7842201 -0.2290929
v 0.2442266 0.7837952 -0.2267505
v 0.2454902 0.7852822 -0.2313580
v 0.2528714 0.7892476 -0.2253347
v 0.2515468 0.7885962 -0.2217654
v 0.2535076 0.7908904 -0.2287754
v 0.2606883 0.7941902 -0.2215337
v 0.2590761 0.7933971 -0.2171235
v 0.2614465 0.7961871 -0.2257895
v 0.2684878 0.7992036 -0.2177927
v 0.2666926 0.7983255 -0.2127990
v 0.2693157 0.8014412 -0.2226148
v 0.2762873 0.8042453 -0.2141032
v 0.2744136 0.8033389 -0.2086977
v 0.2771500 0.8066529 -0.2193028
v 0.2842436 0.8091312 -0.2105253
v 0.2823526 0.8082249 -0.2048452
v 0.2851238 0.8116379 -0.2159566
v 0.2923917 0.8137906 -0.2070674
v 0.2904919 0.8128842 -0.2012672
v 0.2933067 0.8163398 -0.2126017
v 0.3006879 0.8182092 -0.2036525
v 0.2986922 0.8172461 -0.1978952
v 0.3017162 0.8208150 -0.2091439
v 0.3090015 0.8224578 -0.2000746
v 0.3069623 0.8214664 -0.1944888
v 0.3101257 0.8250636 -0.2053857
v 0.3173500 0.8264940 -0.1963250
v 0.3153195 0.8255168 -0.1910482
v 0.3185613 0.8290290 -0.2013101
v 0.3257856 0.8301478 -0.1924039
v 0.3238336 0.8292273 -0.1875904
v 0.3270492 0.8325554 -0.1969171
v 0.3343346 0.8333485 -0.1883197
v 0.3325481 0.8325129 -0.1840982
v 0.3355720 0.8355153 -0.1922580
v 0.3429881 0.8360676 -0.1841068
v 0.3414892 0.8353595 -0.1805460
v 0.3440774 0.8379087 -0.1874187
v 0.3517984 0.8383335 -0.1799625
v 0.3506132 0.8377670 -0.1771053
v 0.3527047 0.8398206 -0.1825795
v 0.3607482 0.8401180 -0.1758698
v 0.3598332 0.8396931 -0.1737505
v 0.3614889 0.8412226 -0.1777917
v 0.3697677 0.8413359 -0.1717170
v 0.3691141 0.8410385 -0.1702841
v 0.3703254 0.8421007 -0.1730126
v 0.3787959 0.8419449 -0.1674612
v 0.3783864 0.8417749 -0.1666117
v 0.3791619 0.8424122 -0.1682248
v 0.3878067 0.8418882 -0.1631196
v 0.3876063 0.8418174 -0.1627249
v 0.3879897 0.8421148 -0.1634714
v 0.3968001 0.8411518 -0.1588123
v 0.3967652 0.8411376 -0.1587522
v 0.3968262 0.8411801 -0.1588638
v 0.3987086 0.8409535 -0.1578942
v 0.2373683 0.7790084 -0.2327395
v 0.2341962 0.7845600 -0.2404359
v 0.2321919 0.7829880 -0.2407620
v 0.2365317 0.7855938 -0.2406247
v 0.2311287 0.7900407 -0.2482182
v 0.2280525 0.7876473 -0.2487244
v 0.2347191 0.7916269 -0.2484756
v 0.2281571 0.7955073 -0.2560433
v 0.2243314 0.7925616 -0.2567040
v 0.2326102 0.7974475 -0.2563351
v 0.2252551 0.8010022 -0.2638771
v 0.2209240 0.7976882 -0.2646493
v 0.2303183 0.8031832 -0.2641774
v 0.2224404 0.8065112 -0.2717365
v 0.2177607 0.8028999 -0.2725345
v 0.2278956 0.8088905 -0.2720969
v 0.2195297 0.8119920 -0.2795703
v 0.2146496 0.8081682 -0.2803425
v 0.2252290 0.8145270 -0.2800079
v 0.2165058 0.8174444 -0.2873869
v 0.2115472 0.8134507 -0.2880819
v 0.2223096 0.8201069 -0.2879360
v 0.2133337 0.8227552 -0.2952463
v 0.2084274 0.8186057 -0.2957440
v 0.2191027 0.8255310 -0.2959585
v 0.2099612 0.8276978 -0.3032517
v 0.2052118 0.8234916 -0.3035263
v 0.2155733 0.8305444 -0.3041269
v 0.2063795 0.8322580 -0.3114029
v 0.2019003 0.8281085 -0.3114630
v 0.2117128 0.8350762 -0.3124068
v 0.2026062 0.8364500 -0.3196656
v 0.1985016 0.8324704 -0.3195284
v 0.2075299 0.8391691 -0.3207639
v 0.1986411 0.8402596 -0.3280142
v 0.1950071 0.8365633 -0.3277139
v 0.2030245 0.8427804 -0.3291554
v 0.1945104 0.8436302 -0.3364743
v 0.1914167 0.8403729 -0.3360796
v 0.1982925 0.8458536 -0.3375382
v 0.1903884 0.8465192 -0.3451146
v 0.1878699 0.8437718 -0.3446684
v 0.1934908 0.8483745 -0.3460670
v 0.1862752 0.8488560 -0.3539179
v 0.1843406 0.8466750 -0.3534717
v 0.1886804 0.8503430 -0.3547330
v 0.1821619 0.8506546 -0.3628585
v 0.1807850 0.8490401 -0.3624466
v 0.1839136 0.8517451 -0.3635106
v 0.1780574 0.8518584 -0.3719020
v 0.1771598 0.8507820 -0.3715674
v 0.1792164 0.8526090 -0.3723739
v 0.1739616 0.8524673 -0.3809970
v 0.1734474 0.8518300 -0.3807739
v 0.1746239 0.8529064 -0.3812973
v 0.1697612 0.8525806 -0.3900749
v 0.1695521 0.8523115 -0.3899634
v 0.1700401 0.8527647 -0.3902122
v 0.1654650 0.8521699 -0.3990927
v 0.1654650 0.8521699 -0.3990927
v 0.1654737 0.8521699 -0.3991013
v 0.1653691 0.8521558 -0.3993072
v 0.2485141 0.7919243 -0.2432931
v 0.2562439 0.7971643 -0.2397066
v 0.2553550 0.7968668 -0.2373385
v 0.2566796 0.7980990 -0.2420233
v 0.2639911 0.8023617 -0.2361201
v 0.2626229 0.8019086 -0.2325078
v 0.2646795 0.8038204 -0.2396637
v 0.2717732 0.8075026 -0.2325164
v 0.2700738 0.8069220 -0.2280718
v 0.2726620 0.8093153 -0.2368665
v 0.2796336 0.8124735 -0.2288355
v 0.2776642 0.8117937 -0.2238246
v 0.2806881 0.8145695 -0.2337348
v 0.2875725 0.8172603 -0.2250773
v 0.2853939 0.8165097 -0.2196889
v 0.2887577 0.8195546 -0.2303370
v 0.2955115 0.8219480 -0.2212248
v 0.2931934 0.8211407 -0.2156133
v 0.2968273 0.8243838 -0.2266904
v 0.3034678 0.8265365 -0.2172779
v 0.3010452 0.8256726 -0.2115721
v 0.3048970 0.8290715 -0.2228121
v 0.3114764 0.8309409 -0.2132023
v 0.3089579 0.8300345 -0.2075222
v 0.3130450 0.8335467 -0.2186851
v 0.3195983 0.8349488 -0.2089637
v 0.3170537 0.8340141 -0.2034380
v 0.3212802 0.8375688 -0.2142663
v 0.3278422 0.8385035 -0.2045706
v 0.3253063 0.8375829 -0.1993538
v 0.3296113 0.8410810 -0.2095471
v 0.3361472 0.8416758 -0.1999802
v 0.3336897 0.8407836 -0.1952096
v 0.3379424 0.8441117 -0.2045020
v 0.3444782 0.8444091 -0.1951753
v 0.3422037 0.8435877 -0.1909624
v 0.3462211 0.8466325 -0.1991307
v 0.3528529 0.8466750 -0.1902159
v 0.3509270 0.8459811 -0.1866036
v 0.3543866 0.8485869 -0.1935708
v 0.3614018 0.8484170 -0.1853252
v 0.3598506 0.8478505 -0.1823822
v 0.3626828 0.8499748 -0.1880194
v 0.3700901 0.8495783 -0.1805117
v 0.3688963 0.8491534 -0.1782894
v 0.3711359 0.8507679 -0.1825366
v 0.3788395 0.8501447 -0.1756982
v 0.3779681 0.8498332 -0.1741366
v 0.3796238 0.8509803 -0.1770882
v 0.3875714 0.8500739 -0.1708160
v 0.3870050 0.8498898 -0.1698465
v 0.3880943 0.8506121 -0.1716826
v 0.3962598 0.8493517 -0.1659339
v 0.3959722 0.8492525 -0.1654277
v 0.3965387 0.8496207 -0.1663715
v 0.4050004 0.8480346 -0.1612491
v 0.4049220 0.8480063 -0.1611032
v 0.4050789 0.8481054 -0.1613778
v 0.4095145 0.8471707 -0.1588895
v 0.2485141 0.7919243 -0.2432931
v 0.2454205 0.7980281 -0.2505949
v 0.2432767 0.7966544 -0.2508266
v 0.2478257 0.7988495 -0.2509038
v 0.2409761 0.8068370 -0.2615003
v 0.2375775 0.8040470 -0.2613287
v 0.2448279 0.8086922 -0.2625815
v 0.2386232 0.8094711 -0.2654387
v 0.2350764 0.8061997 -0.2649153
v 0.2427277 0.8116379 -0.2668544
v 0.2338389 0.8134082 -0.2732810
v 0.2300568 0.8095419 -0.2723200
v 0.2383269 0.8159715 -0.2751515
v 0.2287932 0.8162831 -0.2814236
v 0.2249414 0.8120062 -0.2799736
v 0.2334816 0.8191439 -0.2836888
v 0.2236342 0.8181100 -0.2897893
v 0.2198434 0.8135640 -0.2878759
v 0.2283837 0.8211407 -0.2924235
v 0.2184317 0.8188606 -0.2982923
v 0.2147977 0.8142013 -0.2959328
v 0.2231375 0.8219763 -0.3012611
v 0.2132291 0.8185915 -0.3068296
v 0.2098131 0.8139322 -0.3040668
v 0.2177868 0.8216930 -0.3100815
v 0.2080179 0.8174161 -0.3152812
v 0.2048894 0.8128984 -0.3121923
v 0.2123490 0.8204043 -0.3187390
v 0.2028327 0.8153201 -0.3235782
v 0.2000441 0.8110998 -0.3202577
v 0.2068588 0.8181384 -0.3271304
v 0.1978045 0.8122894 -0.3316694
v 0.1953906 0.8084798 -0.3282544
v 0.2014384 0.8148386 -0.3351873
v 0.1929941 0.8083382 -0.3394945
v 0.1909897 0.8050526 -0.3361397
v 0.1961661 0.8105191 -0.3428408
v 0.1884451 0.8034947 -0.3469679
v 0.1868503 0.8008181 -0.3438190
v 0.1910943 0.8052650 -0.3500396
v 0.1840966 0.7978440 -0.3539779
v 0.1828852 0.7957905 -0.3511979
v 0.1861968 0.7991894 -0.3566378
v 0.1799833 0.7914428 -0.3604646
v 0.1791206 0.7899841 -0.3581737
v 0.1815694 0.7924058 -0.3626354
v 0.1761925 0.7843475 -0.3664107
v 0.1756173 0.7833845 -0.3646603
v 0.1773167 0.7849707 -0.3680323
v 0.1727764 0.7766150 -0.3717561
v 0.1724278 0.7760627 -0.3705463
v 0.1734997 0.7769832 -0.3728630
v 0.1697699 0.7683302 -0.3764753
v 0.1695869 0.7680469 -0.3757631
v 0.1701795 0.7685143 -0.3771102
v 0.1672340 0.7595780 -0.3805852
v 0.1671643 0.7594788 -0.3802935
v 0.1673996 0.7596346 -0.3808426
v 0.1653517 0.7513781 -0.3837684
v 0.2587450 0.8027441 -0.2526885
v 0.2660739 0.8084231 -0.2489389
v 0.2650368 0.8082532 -0.2466394
v 0.2666316 0.8092445 -0.2512727
v 0.2734202 0.8140738 -0.2451894
v 0.2718342 0.8137906 -0.2416629
v 0.2742829 0.8153201 -0.2487501
v 0.2808101 0.8196395 -0.2414141
v 0.2788406 0.8192855 -0.2370725
v 0.2818994 0.8212115 -0.2457900
v 0.2882348 0.8251486 -0.2376044
v 0.2860039 0.8247379 -0.2327051
v 0.2894897 0.8269330 -0.2425381
v 0.2957119 0.8305444 -0.2337433
v 0.2933503 0.8301337 -0.2284408
v 0.2970626 0.8324704 -0.2390631
v 0.3033719 0.8357277 -0.2299251
v 0.3009580 0.8353453 -0.2243566
v 0.3047663 0.8377387 -0.2354937
v 0.3112324 0.8406420 -0.2261756
v 0.3088185 0.8402596 -0.2204783
v 0.3126703 0.8426955 -0.2318471
v 0.3192759 0.8452871 -0.2224604
v 0.3168271 0.8448906 -0.2167631
v 0.3207574 0.8473690 -0.2281147
v 0.3273717 0.8497624 -0.2186765
v 0.3249577 0.8493658 -0.2131165
v 0.3288793 0.8518300 -0.2241850
v 0.3355459 0.8540535 -0.2148325
v 0.3332278 0.8536711 -0.2095386
v 0.3370535 0.8560645 -0.2200407
v 0.3438595 0.8579906 -0.2109028
v 0.3417070 0.8576223 -0.2060378
v 0.3453323 0.8598741 -0.2156734
v 0.3523300 0.8614744 -0.2069044
v 0.3504041 0.8611487 -0.2025886
v 0.3537156 0.8631739 -0.2111001
v 0.3609574 0.8644768 -0.2028288
v 0.3593016 0.8641936 -0.1991736
v 0.3621948 0.8659497 -0.2063553
v 0.3696980 0.8670260 -0.1986932
v 0.3683560 0.8667852 -0.1957587
v 0.3707525 0.8682156 -0.2014989
v 0.3785345 0.8690512 -0.1944888
v 0.3775149 0.8688812 -0.1923009
v 0.3793972 0.8699575 -0.1965738
v 0.3874581 0.8704815 -0.1901987
v 0.3867261 0.8703541 -0.1886886
v 0.3880943 0.8711188 -0.1916145
v 0.3964079 0.8712321 -0.1858057
v 0.3959461 0.8711613 -0.1848876
v 0.3968350 0.8716287 -0.1866551
v 0.4053403 0.8712746 -0.1813182
v 0.4051137 0.8712463 -0.1808806
v 0.4055669 0.8714729 -0.1817215
v 0.4141942 0.8706373 -0.1767021
v 0.4141419 0.8706373 -0.1766163
v 0.4142378 0.8706798 -0.1767879
v 0.4170787 0.8703541 -0.1751834
v 0.2587450 0.8027441 -0.2526885
v 0.2559302 0.8083665 -0.2604707
v 0.2538736 0.8068936 -0.2607796
v 0.2583005 0.8093012 -0.2606681
v 0.2530457 0.8140030 -0.2682101
v 0.2498910 0.8117371 -0.2686648
v 0.2566622 0.8154475 -0.2685275
v 0.2501002 0.8196537 -0.2759065
v 0.2462048 0.8168496 -0.2764642
v 0.2545620 0.8214381 -0.2763098
v 0.2471285 0.8253044 -0.2836030
v 0.2427277 0.8221179 -0.2842208
v 0.2521830 0.8273437 -0.2840749
v 0.2441395 0.8309409 -0.2912994
v 0.2394162 0.8274429 -0.2918915
v 0.2495686 0.8331927 -0.2918829
v 0.2410371 0.8364358 -0.2990645
v 0.2361396 0.8327112 -0.2995708
v 0.2466841 0.8388434 -0.2997510
v 0.2378040 0.8417466 -0.3068897
v 0.2328455 0.8378520 -0.3073015
v 0.2435469 0.8442675 -0.3076877
v 0.2344664 0.8468450 -0.3148264
v 0.2295253 0.8428796 -0.3151353
v 0.2402005 0.8494225 -0.3156844
v 0.2310677 0.8517026 -0.3228746
v 0.2262573 0.8477372 -0.3230720
v 0.2366711 0.8542659 -0.3238013
v 0.2276168 0.8562769 -0.3310688
v 0.2230504 0.8524248 -0.3311546
v 0.2329675 0.8587836 -0.3320126
v 0.2241484 0.8605822 -0.3394087
v 0.2199393 0.8569426 -0.3393830
v 0.2290982 0.8629331 -0.3403354
v 0.2206626 0.8645618 -0.3478860
v 0.2169154 0.8612478 -0.3477659
v 0.2250809 0.8667003 -0.3487783
v 0.2171681 0.8682014 -0.3565263
v 0.2139786 0.8653265 -0.3563375
v 0.2209589 0.8700567 -0.3573242
v 0.2137084 0.8714729 -0.3653210
v 0.2111289 0.8690795 -0.3650979
v 0.2168108 0.8730024 -0.3660160
v 0.2102923 0.8743195 -0.3742787
v 0.2083229 0.8724501 -0.3740385
v 0.2126714 0.8755091 -0.3748450
v 0.2069286 0.8767270 -0.3833823
v 0.2055255 0.8753816 -0.3831593
v 0.2086279 0.8775909 -0.3838113
v 0.2036083 0.8786673 -0.3926147
v 0.2027194 0.8777892 -0.3924345
v 0.2047064 0.8792337 -0.3929064
v 0.2003578 0.8800693 -0.4019671
v 0.1998785 0.8795878 -0.4018384
v 0.2009504 0.8803809 -0.4021387
v 0.1971857 0.8807349 -0.4114225
v 0.1970202 0.8805650 -0.4113710
v 0.1973949 0.8808482 -0.4114911
v 0.1949287 0.8808199 -0.4183296
v 0.2674856 0.8115105 -0.2602133
v 0.2751108 0.8166938 -0.2563608
v 0.2741086 0.8165097 -0.2540613
v 0.2756772 0.8175435 -0.2586603
v 0.2828667 0.8217355 -0.2525683
v 0.2813242 0.8214523 -0.2490590
v 0.2837556 0.8230526 -0.2560605
v 0.2906749 0.8266639 -0.2487330
v 0.2887229 0.8262674 -0.2444515
v 0.2918426 0.8283209 -0.2529974
v 0.2984482 0.8315216 -0.2447260
v 0.2961650 0.8310259 -0.2399383
v 0.2998426 0.8334334 -0.2495052
v 0.3061780 0.8362942 -0.2405560
v 0.3036508 0.8357135 -0.2354422
v 0.3077815 0.8384043 -0.2456355
v 0.3139165 0.8409110 -0.2362059
v 0.3111976 0.8402596 -0.2309290
v 0.3156855 0.8431770 -0.2414398
v 0.3216550 0.8453296 -0.2316755
v 0.3188315 0.8446498 -0.2263386
v 0.3235460 0.8476805 -0.2369523
v 0.3294370 0.8495358 -0.2270165
v 0.3266484 0.8488560 -0.2216796
v 0.3313455 0.8519008 -0.2322761
v 0.3373585 0.8535012 -0.2223746
v 0.3346657 0.8528497 -0.2171664
v 0.3392408 0.8558096 -0.2274798
v 0.3454281 0.8571833 -0.2177498
v 0.3428573 0.8565602 -0.2128334
v 0.3472669 0.8593926 -0.2225290
v 0.3535849 0.8605681 -0.2130564
v 0.3511971 0.8599733 -0.2085861
v 0.3553452 0.8626074 -0.2173723
v 0.3618114 0.8636129 -0.2082515
v 0.3596676 0.8630748 -0.2043818
v 0.3634758 0.8654398 -0.2119668
v 0.3735934 0.8670968 -0.2012501
v 0.3716675 0.8666153 -0.1985044
v 0.3752578 0.8685697 -0.2038070
v 0.3782992 0.8677341 -0.1978266
v 0.3765650 0.8673234 -0.1955099
v 0.3798940 0.8690228 -0.1999115
v 0.3863340 0.8673517 -0.1918890
v 0.3850355 0.8670543 -0.1902245
v 0.3875976 0.8682723 -0.1933305
v 0.3942467 0.8656664 -0.1860202
v 0.3933753 0.8654823 -0.1849305
v 0.3951443 0.8662612 -0.1869297
v 0.4019504 0.8627915 -0.1803143
v 0.4014449 0.8626924 -0.1797051
v 0.4024907 0.8631172 -0.1808120
v 0.4093228 0.8587836 -0.1748831
v 0.4091137 0.8587411 -0.1746342
v 0.4095494 0.8589111 -0.1750718
v 0.4157280 0.8540818 -0.1703012
v 0.2674856 0.8115105 -0.2602133
v 0.2647928 0.8172178 -0.2679613
v 0.2626926 0.8158158 -0.2682787
v 0.2671806 0.8180817 -0.2681586
v 0.2621001 0.8229251 -0.2757178
v 0.2588931 0.8207583 -0.2761897
v 0.2657601 0.8242422 -0.2760181
v 0.2594247 0.8285758 -0.2835172
v 0.2554683 0.8258992 -0.2840749
v 0.2639301 0.8302186 -0.2838861
v 0.2567581 0.8341415 -0.2913938
v 0.2522962 0.8310825 -0.2919944
v 0.2618648 0.8359968 -0.2918228
v 0.2541089 0.8395798 -0.2993563
v 0.2492985 0.8362517 -0.2999655
v 0.2596077 0.8415908 -0.2998368
v 0.2514596 0.8448906 -0.3073959
v 0.2464488 0.8413784 -0.3079965
v 0.2572025 0.8470149 -0.3079279
v 0.2488017 0.8500598 -0.3155386
v 0.2437037 0.8464343 -0.3160705
v 0.2546579 0.8522549 -0.3161049
v 0.2461351 0.8550307 -0.3237927
v 0.2410545 0.8513202 -0.3242217
v 0.2519912 0.8572683 -0.3244277
v 0.2434597 0.8596758 -0.3322357
v 0.2385099 0.8559654 -0.3325360
v 0.2491852 0.8618993 -0.3329135
v 0.2407670 0.8639528 -0.3408588
v 0.2360524 0.8603840 -0.3410733
v 0.2462397 0.8661055 -0.3415452
v 0.2380916 0.8680032 -0.3496106
v 0.2337344 0.8646609 -0.3497565
v 0.2431722 0.8700000 -0.3502541
v 0.2354511 0.8718269 -0.3584568
v 0.2315732 0.8688104 -0.3585083
v 0.2399827 0.8736397 -0.3590746
v 0.2328193 0.8753675 -0.3674317
v 0.2295340 0.8727192 -0.3673373
v 0.2366799 0.8769536 -0.3680409
v 0.2301527 0.8783698 -0.3765954
v 0.2275122 0.8761747 -0.3763980
v 0.2332812 0.8796728 -0.3771617
v 0.2274686 0.8807632 -0.3859221
v 0.2254730 0.8790496 -0.3856647
v 0.2298477 0.8817688 -0.3864283
v 0.2247061 0.8825477 -0.3953603
v 0.2233118 0.8813297 -0.3950943
v 0.2263793 0.8832841 -0.3957808
v 0.2218391 0.8837231 -0.4048672
v 0.2209676 0.8829442 -0.4046441
v 0.2228935 0.8841905 -0.4051761
v 0.2188848 0.8842188 -0.4144084
v 0.2184404 0.8837939 -0.4142540
v 0.2194426 0.8844596 -0.4145972
v 0.2159132 0.8838081 -0.4239496
v 0.2157738 0.8836665 -0.4238895
v 0.2160875 0.8838789 -0.4240097
v 0.2141006 0.8831991 -0.4297327
v 0.2786576 0.8223020 -0.2697116
v 0.2867970 0.8269330 -0.2662195
v 0.2859342 0.8266923 -0.2638771
v 0.2872501 0.8278536 -0.2685104
v 0.2949624 0.8315357 -0.2627359
v 0.2936553 0.8311675 -0.2591579
v 0.2956596 0.8329378 -0.2662280
v 0.3031715 0.8360676 -0.2592695
v 0.3015680 0.8356286 -0.2548593
v 0.3040342 0.8377954 -0.2635596
v 0.3114241 0.8405428 -0.2558202
v 0.3096377 0.8400330 -0.2508437
v 0.3124002 0.8424830 -0.2606595
v 0.3197465 0.8448906 -0.2523796
v 0.3178119 0.8443524 -0.2470341
v 0.3208271 0.8470008 -0.2575792
v 0.3281298 0.8491109 -0.2489217
v 0.3260993 0.8485303 -0.2433618
v 0.3292976 0.8513344 -0.2543187
v 0.3365829 0.8531471 -0.2454296
v 0.3344827 0.8525523 -0.2397924
v 0.3378465 0.8554414 -0.2508866
v 0.3451057 0.8569567 -0.2418516
v 0.3429096 0.8563194 -0.2362745
v 0.3465174 0.8593076 -0.2472229
v 0.3536720 0.8604831 -0.2380764
v 0.3514237 0.8598175 -0.2326966
v 0.3551884 0.8628198 -0.2432245
v 0.3622732 0.8636696 -0.2340866
v 0.3601033 0.8630181 -0.2290414
v 0.3637896 0.8659072 -0.2389172
v 0.3709180 0.8666011 -0.2300109
v 0.3689224 0.8659922 -0.2254205
v 0.3723646 0.8686546 -0.2343783
v 0.3796238 0.8692636 -0.2258753
v 0.3778548 0.8687396 -0.2218769
v 0.3809484 0.8710764 -0.2296506
v 0.3883906 0.8716004 -0.2216796
v 0.3869091 0.8711613 -0.2183762
v 0.3895583 0.8731299 -0.2247856
v 0.3972620 0.8734556 -0.2174495
v 0.3960855 0.8731015 -0.2148754
v 0.3982293 0.8746452 -0.2198434
v 0.4062118 0.8747585 -0.2131851
v 0.4053577 0.8745036 -0.2113318
v 0.4069612 0.8756224 -0.2149012
v 0.4152313 0.8754666 -0.2089122
v 0.4146561 0.8752967 -0.2077024
v 0.4157454 0.8760331 -0.2100190
v 0.4242682 0.8755516 -0.2046392
v 0.4239458 0.8754525 -0.2039614
v 0.4245732 0.8758632 -0.2052399
v 0.4332964 0.8749568 -0.2003749
v 0.4331744 0.8749143 -0.2001261
v 0.4334184 0.8750701 -0.2005980
v 0.4406602 0.8739796 -0.1968913
v 0.2786576 0.8223020 -0.2697116
v 0.2759823 0.8287883 -0.2768246
v 0.2737688 0.8276128 -0.2770563
v 0.2783875 0.8294539 -0.2771507
v 0.2732372 0.8353170 -0.2838861
v 0.2698821 0.8335043 -0.2842293
v 0.2769060 0.8363367 -0.2843924
v 0.2704573 0.8418599 -0.2909219
v 0.2663179 0.8396223 -0.2913423
v 0.2749539 0.8431062 -0.2915483
v 0.2676512 0.8483886 -0.2979491
v 0.2629889 0.8458678 -0.2984124
v 0.2727230 0.8498190 -0.2986698
v 0.2648277 0.8548891 -0.3050020
v 0.2598343 0.8521133 -0.3054311
v 0.2702655 0.8564752 -0.3058343
v 0.2618909 0.8612762 -0.3121236
v 0.2567232 0.8582880 -0.3124754
v 0.2675292 0.8629898 -0.3130589
v 0.2588060 0.8674650 -0.3193396
v 0.2535947 0.8643493 -0.3196056
v 0.2645140 0.8692778 -0.3203692
v 0.2555990 0.8734556 -0.3266843
v 0.2504401 0.8702833 -0.3268559
v 0.2612722 0.8752825 -0.3277568
v 0.2523224 0.8791913 -0.3341919
v 0.2473464 0.8760331 -0.3342606
v 0.2578212 0.8810182 -0.3352902
v 0.2489760 0.8846437 -0.3418798
v 0.2443050 0.8815988 -0.3418541
v 0.2541524 0.8863998 -0.3429524
v 0.2455861 0.8897845 -0.3497479
v 0.2413595 0.8869521 -0.3496535
v 0.2503006 0.8914132 -0.3507689
v 0.2421700 0.8945996 -0.3578219
v 0.2385012 0.8920788 -0.3576503
v 0.2462832 0.8960583 -0.3587485
v 0.2387365 0.8990465 -0.3660932
v 0.2357038 0.8969081 -0.3658959
v 0.2421526 0.9002645 -0.3668912
v 0.2353204 0.9030686 -0.3745962
v 0.2329675 0.9013550 -0.3743731
v 0.2379957 0.9040316 -0.3752397
v 0.2319392 0.9066091 -0.3833051
v 0.2302398 0.9053487 -0.3830992
v 0.2338825 0.9073314 -0.3837942
v 0.2285841 0.9096681 -0.3922200
v 0.2274773 0.9088184 -0.3920484
v 0.2298651 0.9101496 -0.3925546
v 0.2252900 0.9121890 -0.4013150
v 0.2246626 0.9117075 -0.4011949
v 0.2260133 0.9124581 -0.4015123
v 0.2220395 0.9140867 -0.4105816
v 0.2217955 0.9139026 -0.4105216
v 0.2223271 0.9142000 -0.4106674
v 0.2191289 0.9151489 -0.4191361
v 0.2865704 0.8297513 -0.2766444
v 0.2940997 0.8354020 -0.2732810
v 0.2930801 0.8353878 -0.2709729
v 0.2946661 0.8360676 -0.2756577
v 0.3016029 0.8410951 -0.2699261
v 0.3000517 0.8410810 -0.2663739
v 0.3024482 0.8421007 -0.2735556
v 0.3091322 0.8467742 -0.2666056
v 0.3072760 0.8467883 -0.2622125
v 0.3101431 0.8479921 -0.2711102
v 0.3167748 0.8523682 -0.2633880
v 0.3147356 0.8524248 -0.2584029
v 0.3178729 0.8537136 -0.2684932
v 0.3245482 0.8578489 -0.2602734
v 0.3223608 0.8579056 -0.2548936
v 0.3257595 0.8593076 -0.2657647
v 0.3324784 0.8630464 -0.2571244
v 0.3302039 0.8631172 -0.2515044
v 0.3338030 0.8646184 -0.2628303
v 0.3405828 0.8679324 -0.2538983
v 0.3382822 0.8680173 -0.2481581
v 0.3419685 0.8695610 -0.2597071
v 0.3488703 0.8725067 -0.2506550
v 0.3466481 0.8726342 -0.2448805
v 0.3502211 0.8741071 -0.2564809
v 0.3573060 0.8768545 -0.2475060
v 0.3552058 0.8770103 -0.2418259
v 0.3585957 0.8783982 -0.2532119
v 0.3659072 0.8809190 -0.2444429
v 0.3639377 0.8810890 -0.2390288
v 0.3671708 0.8824202 -0.2498656
v 0.3746478 0.8846862 -0.2413712
v 0.3728352 0.8848419 -0.2363861
v 0.3758679 0.8860882 -0.2463477
v 0.3835192 0.8880851 -0.2382480
v 0.3819244 0.8882125 -0.2338206
v 0.3846434 0.8893455 -0.2426410
v 0.3925213 0.8910874 -0.2350904
v 0.3912228 0.8912149 -0.2313237
v 0.3934537 0.8921496 -0.2388057
v 0.4016628 0.8937357 -0.2320273
v 0.4006693 0.8938490 -0.2289985
v 0.4024035 0.8945855 -0.2350132
v 0.4109437 0.8959875 -0.2290671
v 0.4102030 0.8960725 -0.2267934
v 0.4115276 0.8966390 -0.2312980
v 0.4203205 0.8977861 -0.2260898
v 0.4198064 0.8978428 -0.2245282
v 0.4207563 0.8982251 -0.2276171
v 0.4297583 0.8990465 -0.2230352
v 0.4294359 0.8990749 -0.2220828
v 0.4300459 0.8993156 -0.2239533
v 0.4392310 0.8997122 -0.2198949
v 0.4390741 0.8997405 -0.2194401
v 0.4393704 0.8998538 -0.2203325
v 0.4487037 0.8996697 -0.2167116
v 0.4486775 0.8996838 -0.2166344
v 0.4487298 0.8996980 -0.2167888
v 0.4513703 0.8995989 -0.2158193
v 0.2865704 0.8297513 -0.2766444
v 0.2839212 0.8359968 -0.2839891
v 0.2816815 0.8348072 -0.2841521
v 0.2863525 0.8366482 -0.2843666
v 0.2811587 0.8421431 -0.2913852
v 0.2777339 0.8402879 -0.2916083
v 0.2848798 0.8431345 -0.2919687
v 0.2783787 0.8481904 -0.2988500
v 0.2741435 0.8459244 -0.2991589
v 0.2829887 0.8493800 -0.2995279
v 0.2757295 0.8541668 -0.3064178
v 0.2709366 0.8516176 -0.3067867
v 0.2809757 0.8554697 -0.3071385
v 0.2732110 0.8600441 -0.3141057
v 0.2680433 0.8572825 -0.3144832
v 0.2788668 0.8614603 -0.3148950
v 0.2706838 0.8658364 -0.3218536
v 0.2652896 0.8629048 -0.3221968
v 0.2765836 0.8673376 -0.3227030
v 0.2681131 0.8715295 -0.3296616
v 0.2626055 0.8684847 -0.3299619
v 0.2741261 0.8730874 -0.3305625
v 0.2654900 0.8770528 -0.3375726
v 0.2599911 0.8739654 -0.3377956
v 0.2715117 0.8786389 -0.3385078
v 0.2628408 0.8823494 -0.3456294
v 0.2574727 0.8792762 -0.3457752
v 0.2687579 0.8839356 -0.3465818
v 0.2601742 0.8873770 -0.3538578
v 0.2550936 0.8843321 -0.3538149
v 0.2657950 0.8889631 -0.3548789
v 0.2573419 0.8920080 -0.3622493
v 0.2526884 0.8890764 -0.3620090
v 0.2625009 0.8935516 -0.3633561
v 0.2542657 0.8961716 -0.3708123
v 0.2501699 0.8934525 -0.3704176
v 0.2588495 0.8976020 -0.3719192
v 0.2510065 0.8998113 -0.3795384
v 0.2475294 0.8974604 -0.3791180
v 0.2549280 0.9010576 -0.3805165
v 0.2477647 0.9030261 -0.3884361
v 0.2449499 0.9010717 -0.3880157
v 0.2509542 0.9040458 -0.3892598
v 0.2445403 0.9057452 -0.3974968
v 0.2424140 0.9042299 -0.3970935
v 0.2469717 0.9065383 -0.3981746
v 0.2412985 0.9077987 -0.4067291
v 0.2398084 0.9067083 -0.4063602
v 0.2430066 0.9083794 -0.4072525
v 0.2380306 0.9090733 -0.4160987
v 0.2370982 0.9083794 -0.4158156
v 0.2391199 0.9094415 -0.4164505
v 0.2347714 0.9095407 -0.4255369
v 0.2342834 0.9091725 -0.4253739
v 0.2353465 0.9097389 -0.4257343
v 0.2315906 0.9093707 -0.4350181
v 0.2314337 0.9092574 -0.4349666
v 0.2317736 0.9094274 -0.4350867
v 0.2296560 0.9090025 -0.4408955
v 0.2950583 0.8372855 -0.2841178
v 0.3028926 0.8427380 -0.2811319
v 0.3019515 0.8428654 -0.2788152
v 0.3033981 0.8432620 -0.2835258
v 0.3126442 0.8496066 -0.2775539
v 0.3106224 0.8494650 -0.2740446
v 0.3140821 0.8508812 -0.2811233
v 0.3184567 0.8529064 -0.2740532
v 0.3160777 0.8527081 -0.2700377
v 0.3202781 0.8544500 -0.2780773
v 0.3264741 0.8563053 -0.2691453
v 0.3237377 0.8560645 -0.2646407
v 0.3286963 0.8581039 -0.2735556
v 0.3347093 0.8587270 -0.2640144
v 0.3317463 0.8584721 -0.2591923
v 0.3372713 0.8607097 -0.2686477
v 0.3431101 0.8601290 -0.2587718
v 0.3400251 0.8598600 -0.2537696
v 0.3459510 0.8621967 -0.2634910
v 0.3516067 0.8604831 -0.2535122
v 0.3484782 0.8601998 -0.2484241
v 0.3546393 0.8625791 -0.2582141
v 0.3601295 0.8598033 -0.2483211
v 0.3571055 0.8595201 -0.2432073
v 0.3632231 0.8618710 -0.2529545
v 0.3686523 0.8581039 -0.2433789
v 0.3658113 0.8578064 -0.2383767
v 0.3717285 0.8601007 -0.2478235
v 0.3770966 0.8554272 -0.2387370
v 0.3744474 0.8551440 -0.2340265
v 0.3801205 0.8572400 -0.2428384
v 0.3852708 0.8516884 -0.2343611
v 0.3828743 0.8514335 -0.2300968
v 0.3881466 0.8532604 -0.2379991
v 0.3930529 0.8469299 -0.2302684
v 0.3909788 0.8467033 -0.2265789
v 0.3956585 0.8482045 -0.2333572
v 0.4003382 0.8412084 -0.2265016
v 0.3986214 0.8410385 -0.2234900
v 0.4025691 0.8421715 -0.2289899
v 0.4070396 0.8346372 -0.2230352
v 0.4056976 0.8345239 -0.2207272
v 0.4088174 0.8353028 -0.2249229
v 0.4130788 0.8273012 -0.2199206
v 0.4121289 0.8272304 -0.2182732
v 0.4143772 0.8277261 -0.2212334
v 0.4184731 0.8193421 -0.2171749
v 0.4178718 0.8192996 -0.2161367
v 0.4193184 0.8195829 -0.2180072
v 0.4232225 0.8108590 -0.2148497
v 0.4229000 0.8108307 -0.2143006
v 0.4236669 0.8109723 -0.2152787
v 0.4272747 0.8019086 -0.2129449
v 0.4271788 0.8019086 -0.2127819
v 0.4274141 0.8019510 -0.2130822
v 0.4294272 0.7964986 -0.2119839
v 0.2950583 0.8372855 -0.2841178
v 0.2927315 0.8429787 -0.2920030
v 0.2905093 0.8418316 -0.2921832
v 0.2951542 0.8435310 -0.2922947
v 0.2905006 0.8485869 -0.2999655
v 0.2871107 0.8468591 -0.3002658
v 0.2941956 0.8494083 -0.3003859
v 0.2883568 0.8541526 -0.3079965
v 0.2841913 0.8520566 -0.3083912
v 0.2929145 0.8551440 -0.3084685
v 0.2863264 0.8597325 -0.3160448
v 0.2816205 0.8573957 -0.3165253
v 0.2914679 0.8608088 -0.3165339
v 0.2843830 0.8652840 -0.3241359
v 0.2793373 0.8627490 -0.3246250
v 0.2898993 0.8664595 -0.3246851
v 0.2823961 0.8708214 -0.3322185
v 0.2771587 0.8681590 -0.3326818
v 0.2881216 0.8720677 -0.3328363
v 0.2803134 0.8763163 -0.3403096
v 0.2750149 0.8735547 -0.3406958
v 0.2861085 0.8776334 -0.3410132
v 0.2780999 0.8816838 -0.3484523
v 0.2728799 0.8788230 -0.3486582
v 0.2838340 0.8830717 -0.3492846
v 0.2756772 0.8866972 -0.3567579
v 0.2706838 0.8838223 -0.3567665
v 0.2812022 0.8881275 -0.3576932
v 0.2730455 0.8913282 -0.3652180
v 0.2683919 0.8885383 -0.3650636
v 0.2781870 0.8927302 -0.3662219
v 0.2702133 0.8955910 -0.3738068
v 0.2660477 0.8929852 -0.3735151
v 0.2748319 0.8969222 -0.3748279
v 0.2671806 0.8994572 -0.3825157
v 0.2636164 0.8971488 -0.3821210
v 0.2711631 0.9006469 -0.3834939
v 0.2639911 0.9028845 -0.3913534
v 0.2610892 0.9009584 -0.3909415
v 0.2672503 0.9038758 -0.3921856
v 0.2608016 0.9057594 -0.4003883
v 0.2585968 0.9042440 -0.3999936
v 0.2633027 0.9065241 -0.4010576
v 0.2576295 0.9080253 -0.4095949
v 0.2560696 0.9069348 -0.4092603
v 0.2593986 0.9085777 -0.4101011
v 0.2544574 0.9096540 -0.4189388
v 0.2534814 0.9089600 -0.4186814
v 0.2555903 0.9100080 -0.4192734
v 0.2513028 0.9106312 -0.4283770
v 0.2507973 0.9102629 -0.4282226
v 0.2519041 0.9108294 -0.4285658
v 0.2481656 0.9109286 -0.4378667
v 0.2480087 0.9108153 -0.4378152
v 0.2483573 0.9109852 -0.4379268
v 0.2461787 0.9109002 -0.4438214
v 0.3072237 0.8468591 -0.2949632
v 0.3156681 0.8512352 -0.2918743
v 0.3148141 0.8512352 -0.2895148
v 0.3161648 0.8519292 -0.2942425
v 0.3241386 0.8555830 -0.2888198
v 0.3228401 0.8555830 -0.2852161
v 0.3248967 0.8566452 -0.2924149
v 0.3326439 0.8598600 -0.2857566
v 0.3310318 0.8598600 -0.2813292
v 0.3335938 0.8611770 -0.2901754
v 0.3411754 0.8640519 -0.2826592
v 0.3393541 0.8640519 -0.2776741
v 0.3422822 0.8655531 -0.2876357
v 0.3497505 0.8681306 -0.2795274
v 0.3477723 0.8681306 -0.2741647
v 0.3509792 0.8697734 -0.2848643
v 0.3583604 0.8720960 -0.2763355
v 0.3562777 0.8720677 -0.2707670
v 0.3596850 0.8738096 -0.2818784
v 0.3670226 0.8758915 -0.2730836
v 0.3648702 0.8758632 -0.2674293
v 0.3684257 0.8776759 -0.2786951
v 0.3757371 0.8794887 -0.2697631
v 0.3735585 0.8794462 -0.2641345
v 0.3772360 0.8813014 -0.2753145
v 0.3845301 0.8827884 -0.2663224
v 0.3823689 0.8827176 -0.2608740
v 0.3860813 0.8845729 -0.2716936
v 0.3934014 0.8857342 -0.2627788
v 0.3913361 0.8856775 -0.2576392
v 0.3949352 0.8874478 -0.2678154
v 0.4023425 0.8883541 -0.2591494
v 0.4004515 0.8882975 -0.2544731
v 0.4038153 0.8899261 -0.2637140
v 0.4113620 0.8906201 -0.2554770
v 0.4096976 0.8905634 -0.2513929
v 0.4127128 0.8920080 -0.2594325
v 0.4204512 0.8924612 -0.2517275
v 0.4190308 0.8924045 -0.2483555
v 0.4216713 0.8936225 -0.2549708
v 0.4295928 0.8936649 -0.2478492
v 0.4284512 0.8936225 -0.2452323
v 0.4306298 0.8945855 -0.2503461
v 0.4387430 0.8942031 -0.2438508
v 0.4379151 0.8941748 -0.2419546
v 0.4395186 0.8948687 -0.2456527
v 0.4479106 0.8942173 -0.2398696
v 0.4473791 0.8942031 -0.2386169
v 0.4484335 0.8946563 -0.2410451
v 0.4571132 0.8938066 -0.2359656
v 0.4568169 0.8937924 -0.2352620
v 0.4574007 0.8940473 -0.2366177
v 0.4663157 0.8928719 -0.2321646
v 0.4662024 0.8928719 -0.2318986
v 0.4664290 0.8929710 -0.2324134
v 0.4739844 0.8915548 -0.2291443
v 0.3072237 0.8468591 -0.2949632
v 0.3048621 0.8526798 -0.3027455
v 0.3025876 0.8515893 -0.3028999
v 0.3073196 0.8531754 -0.3030887
v 0.3025963 0.8585429 -0.3105191
v 0.2991105 0.8569001 -0.3107680
v 0.3063610 0.8592793 -0.3110254
v 0.3004090 0.8643777 -0.3183443
v 0.2961128 0.8623383 -0.3186446
v 0.3050538 0.8652699 -0.3189449
v 0.2982827 0.8700425 -0.3262981
v 0.2934287 0.8677341 -0.3266242
v 0.3035375 0.8710480 -0.3269674
v 0.2962173 0.8755374 -0.3343979
v 0.2909886 0.8730307 -0.3347239
v 0.3018730 0.8766137 -0.3351272
v 0.2941346 0.8809049 -0.3425748
v 0.2886967 0.8782566 -0.3428751
v 0.3000343 0.8820520 -0.3433556
v 0.2920344 0.8861449 -0.3508290
v 0.2864919 0.8834116 -0.3510778
v 0.2980474 0.8873203 -0.3516355
v 0.2899255 0.8912007 -0.3591947
v 0.2844005 0.8884391 -0.3594006
v 0.2959385 0.8923762 -0.3599927
v 0.2878775 0.8959167 -0.3677663
v 0.2824833 0.8931834 -0.3679036
v 0.2937598 0.8970638 -0.3685386
v 0.2858819 0.9002786 -0.3765525
v 0.2807752 0.8976303 -0.3765868
v 0.2914679 0.9013833 -0.3773161
v 0.2838427 0.9043573 -0.3854416
v 0.2791630 0.9018931 -0.3853901
v 0.2889669 0.9054053 -0.3862138
v 0.2817077 0.9081953 -0.3944337
v 0.2775857 0.9059577 -0.3942878
v 0.2862392 0.9091441 -0.3951716
v 0.2794942 0.9117075 -0.4035287
v 0.2760345 0.9097814 -0.4033056
v 0.2833111 0.9125289 -0.4041979
v 0.2772197 0.9147523 -0.4127782
v 0.2744659 0.9131945 -0.4125122
v 0.2802611 0.9154180 -0.4133530
v 0.2748842 0.9172874 -0.4221649
v 0.2728450 0.9160977 -0.4218818
v 0.2771500 0.9177972 -0.4226540
v 0.2724093 0.9192842 -0.4316461
v 0.2710411 0.9184628 -0.4313887
v 0.2739605 0.9196383 -0.4320236
v 0.2697601 0.9207288 -0.4411787
v 0.2689322 0.9202189 -0.4409813
v 0.2706838 0.9209553 -0.4414275
v 0.2669366 0.9215643 -0.4507370
v 0.2665532 0.9213236 -0.4506255
v 0.2673723 0.9216776 -0.4508572
v 0.2641044 0.9217626 -0.4603211
v 0.2640434 0.9217201 -0.4603040
v 0.2641828 0.9217767 -0.4603469
v 0.2633898 0.9217626 -0.4627665
v 0.3174284 0.8545492 -0.3044358
v 0.3260383 0.8589394 -0.3018617
v 0.3252628 0.8590810 -0.2995193
v 0.3264654 0.8594776 -0.3042298
v 0.3346570 0.8633014 -0.2993048
v 0.3334980 0.8635279 -0.2957440
v 0.3353019 0.8641369 -0.3028999
v 0.3433018 0.8676350 -0.2967565
v 0.3418987 0.8679182 -0.2923977
v 0.3440948 0.8686546 -0.3011667
v 0.3519901 0.8718978 -0.2942339
v 0.3504302 0.8722235 -0.2893260
v 0.3528790 0.8730307 -0.2991847
v 0.3617504 0.8764863 -0.2914196
v 0.3593800 0.8765429 -0.2864087
v 0.3635804 0.8780866 -0.2964133
v 0.3694540 0.8789363 -0.2878159
v 0.3670314 0.8790071 -0.2826334
v 0.3715019 0.8806216 -0.2928782
v 0.3783864 0.8806216 -0.2836459
v 0.3759289 0.8806783 -0.2784120
v 0.3806347 0.8823494 -0.2886911
v 0.3874233 0.8812164 -0.2794073
v 0.3849309 0.8812731 -0.2742677
v 0.3898634 0.8829301 -0.2842894
v 0.3964167 0.8808482 -0.2750485
v 0.3939679 0.8809049 -0.2701578
v 0.3989613 0.8824769 -0.2796218
v 0.4052706 0.8795028 -0.2706125
v 0.4029525 0.8795595 -0.2660993
v 0.4078065 0.8809757 -0.2747482
v 0.4139154 0.8772227 -0.2661251
v 0.4118152 0.8772935 -0.2621439
v 0.4163206 0.8784831 -0.2697288
v 0.4222813 0.8740504 -0.2616548
v 0.4204861 0.8741212 -0.2582999
v 0.4244163 0.8750701 -0.2646321
v 0.4302986 0.8699859 -0.2572789
v 0.4289130 0.8700142 -0.2546019
v 0.4320328 0.8707648 -0.2596213
v 0.4379325 0.8649158 -0.2532805
v 0.4369478 0.8649158 -0.2512985
v 0.4392484 0.8654682 -0.2549880
v 0.4451046 0.8589394 -0.2496940
v 0.4444597 0.8589394 -0.2483726
v 0.4460022 0.8592793 -0.2508180
v 0.4517102 0.8521558 -0.2464935
v 0.4513354 0.8521416 -0.2457299
v 0.4522417 0.8523257 -0.2471285
v 0.4576622 0.8446357 -0.2436621
v 0.4575053 0.8446215 -0.2433446
v 0.4578800 0.8446923 -0.2439195
v 0.4627601 0.8367191 -0.2412939
v 0.3174284 0.8545492 -0.3044358
v 0.3149622 0.8592368 -0.3129216
v 0.3128010 0.8580330 -0.3129559
v 0.3173413 0.8598175 -0.3132905
v 0.3124873 0.8638962 -0.3214160
v 0.3092194 0.8620551 -0.3214417
v 0.3160951 0.8647884 -0.3219909
v 0.3100037 0.8684422 -0.3299619
v 0.3060124 0.8661763 -0.3299533
v 0.3144132 0.8695468 -0.3306826
v 0.3075200 0.8727758 -0.3386279
v 0.3030495 0.8701841 -0.3385593
v 0.3124612 0.8740221 -0.3394602
v 0.3050190 0.8768403 -0.3474141
v 0.3002347 0.8740787 -0.3473454
v 0.3103174 0.8781716 -0.3482807
v 0.3025876 0.8808057 -0.3562688
v 0.2976291 0.8779450 -0.3562088
v 0.3080952 0.8821653 -0.3571269
v 0.3002434 0.8846862 -0.3651837
v 0.2952239 0.8817688 -0.3651151
v 0.3058207 0.8860457 -0.3660417
v 0.2979602 0.8884108 -0.3741843
v 0.2930104 0.8855076 -0.3740556
v 0.3034678 0.8897562 -0.3750338
v 0.2956857 0.8919230 -0.3832622
v 0.2909451 0.8891189 -0.3830820
v 0.3009667 0.8932259 -0.3841031
v 0.2934200 0.8951944 -0.3924345
v 0.2890453 0.8925461 -0.3921599
v 0.2983001 0.8964266 -0.3932753
v 0.2910932 0.8980552 -0.4017268
v 0.2872414 0.8956760 -0.4013493
v 0.2954156 0.8991740 -0.4025505
v 0.2886793 0.9004486 -0.4111308
v 0.2854549 0.8984092 -0.4106932
v 0.2923219 0.9014116 -0.4118944
v 0.2862044 0.9023180 -0.4206376
v 0.2836597 0.9006894 -0.4202172
v 0.2890976 0.9030827 -0.4212726
v 0.2837294 0.9037059 -0.4302303
v 0.2818645 0.9024879 -0.4298614
v 0.2858645 0.9042724 -0.4307280
v 0.2812632 0.9045414 -0.4398831
v 0.2800258 0.9037200 -0.4395742
v 0.2826837 0.9049238 -0.4402520
v 0.2786838 0.9047822 -0.4495444
v 0.2779779 0.9043007 -0.4493213
v 0.2794942 0.9049946 -0.4497846
v 0.2759474 0.9043715 -0.4591542
v 0.2756511 0.9041591 -0.4590427
v 0.2762873 0.9044565 -0.4592658
v 0.2730890 0.9032669 -0.4686697
v 0.2730803 0.9032527 -0.4686697
v 0.2730978 0.9032669 -0.4686783
v 0.2730019 0.9032244 -0.4689528
v 0.3309359 0.8635563 -0.3174863
v 0.3397375 0.8676774 -0.3151010
v 0.3389620 0.8679465 -0.3127757
v 0.3401907 0.8680881 -0.3174948
v 0.3484869 0.8718694 -0.3126985
v 0.3473104 0.8722943 -0.3091720
v 0.3491753 0.8725067 -0.3163194
v 0.3572537 0.8760331 -0.3102875
v 0.3558419 0.8765571 -0.3059630
v 0.3581077 0.8768120 -0.3147063
v 0.3661338 0.8799418 -0.3078678
v 0.3645826 0.8805508 -0.3030114
v 0.3671098 0.8808341 -0.3128358
v 0.3751271 0.8835957 -0.3054568
v 0.3734714 0.8842471 -0.3002658
v 0.3761903 0.8845445 -0.3107680
v 0.3841728 0.8870937 -0.3030200
v 0.3824560 0.8877735 -0.2976402
v 0.3852970 0.8880992 -0.3085114
v 0.3932533 0.8904643 -0.3005489
v 0.3915278 0.8911441 -0.2951091
v 0.3944210 0.8914840 -0.3060832
v 0.4024035 0.8936366 -0.2980349
v 0.4007042 0.8943164 -0.2926637
v 0.4035800 0.8946563 -0.3034919
v 0.4116235 0.8965398 -0.2954952
v 0.4100200 0.8971913 -0.2903556
v 0.4127912 0.8975312 -0.3007119
v 0.4209305 0.8991457 -0.2929297
v 0.4195014 0.8997688 -0.2881591
v 0.4220286 0.9000521 -0.2977432
v 0.4303596 0.9012842 -0.2903728
v 0.4291570 0.9018365 -0.2861427
v 0.4313444 0.9020914 -0.2946286
v 0.4399107 0.9028562 -0.2878588
v 0.4389347 0.9033235 -0.2842980
v 0.4407647 0.9035359 -0.2914196
v 0.4495403 0.9038617 -0.2853448
v 0.4487385 0.9042299 -0.2825476
v 0.4502810 0.9044140 -0.2881333
v 0.4591523 0.9044282 -0.2826677
v 0.4585510 0.9047114 -0.2806342
v 0.4597449 0.9048389 -0.2846841
v 0.4687470 0.9045131 -0.2798363
v 0.4683374 0.9046972 -0.2784978
v 0.4691653 0.9047822 -0.2811490
v 0.4782720 0.9040599 -0.2768504
v 0.4780454 0.9041591 -0.2761039
v 0.4785334 0.9042016 -0.2775797
v 0.4877185 0.9029836 -0.2737272
v 0.4876226 0.9030261 -0.2734354
v 0.4878231 0.9030403 -0.2740017
v 0.4957707 0.9015674 -0.2709472
v 0.3309359 0.8635563 -0.3174863
v 0.3289228 0.8683856 -0.3260064
v 0.3266222 0.8674084 -0.3260407
v 0.3313629 0.8687254 -0.3263840
v 0.3269447 0.8732432 -0.3345266
v 0.3234501 0.8717420 -0.3345609
v 0.3306570 0.8737530 -0.3351015
v 0.3249577 0.8780583 -0.3430639
v 0.3206876 0.8761889 -0.3430639
v 0.3295154 0.8786956 -0.3438104
v 0.3229098 0.8827035 -0.3516784
v 0.3181169 0.8805650 -0.3516012
v 0.3280253 0.8834540 -0.3525450
v 0.3207835 0.8871928 -0.3603616
v 0.3156507 0.8848703 -0.3602501
v 0.3262736 0.8879859 -0.3613054
v 0.3186485 0.8915123 -0.3691220
v 0.3133239 0.8890906 -0.3689762
v 0.3243564 0.8923479 -0.3701002
v 0.3165221 0.8956618 -0.3779682
v 0.3111366 0.8931834 -0.3777537
v 0.3223085 0.8965257 -0.3789893
v 0.3143609 0.8995989 -0.3869002
v 0.3090364 0.8970780 -0.3865484
v 0.3200776 0.9004911 -0.3880242
v 0.3120167 0.9032952 -0.3958923
v 0.3069100 0.9008026 -0.3954118
v 0.3175243 0.9042016 -0.3970849
v 0.3094982 0.9066941 -0.4049530
v 0.3047401 0.9043290 -0.4044039
v 0.3146398 0.9075580 -0.4061113
v 0.3069100 0.9097814 -0.4141081
v 0.3026399 0.9076146 -0.4135332
v 0.3115461 0.9105745 -0.4151806
v 0.3042957 0.9125006 -0.4233661
v 0.3006356 0.9106170 -0.4228084
v 0.3082782 0.9131945 -0.4243186
v 0.3016639 0.9148515 -0.4327186
v 0.2986922 0.9133078 -0.4322295
v 0.3049057 0.9154180 -0.4335080
v 0.2990321 0.9169050 -0.4421482
v 0.2967751 0.9157295 -0.4417364
v 0.3015070 0.9173440 -0.4427574
v 0.2964090 0.9186328 -0.4516465
v 0.2948317 0.9177972 -0.4513205
v 0.2981432 0.9189302 -0.4520756
v 0.2938121 0.9198224 -0.4612221
v 0.2928361 0.9192984 -0.4609990
v 0.2948927 0.9200206 -0.4614966
v 0.2912762 0.9203747 -0.4708834
v 0.2907882 0.9201056 -0.4707547
v 0.2918252 0.9204738 -0.4710293
v 0.2888013 0.9202189 -0.4805705
v 0.2886706 0.9201481 -0.4805361
v 0.2889407 0.9202472 -0.4806048
v 0.2876335 0.9199640 -0.4851008
v 0.3405741 0.8690795 -0.3268902
v 0.3490969 0.8738805 -0.3248138
v 0.3482342 0.8744611 -0.3225743
v 0.3496198 0.8739938 -0.3272248
v 0.3576371 0.8786673 -0.3227631
v 0.3563387 0.8795453 -0.3193653
v 0.3584214 0.8788230 -0.3264183
v 0.3662035 0.8834116 -0.3207296
v 0.3646349 0.8845020 -0.3165682
v 0.3671534 0.8835957 -0.3252085
v 0.3748134 0.8880709 -0.3187132
v 0.3730879 0.8893030 -0.3140284
v 0.3758766 0.8882692 -0.3237327
v 0.3834931 0.8926169 -0.3166969
v 0.3816717 0.8939482 -0.3116860
v 0.3846346 0.8928152 -0.3220767
v 0.3922511 0.8969930 -0.3146805
v 0.3903949 0.8983951 -0.3094809
v 0.3934276 0.8972055 -0.3202491
v 0.4011051 0.9011850 -0.3126470
v 0.3992402 0.9026012 -0.3073874
v 0.4023164 0.9014116 -0.3182671
v 0.4100287 0.9051787 -0.3105620
v 0.4081551 0.9065666 -0.3053796
v 0.4112923 0.9054337 -0.3160963
v 0.4189872 0.9090450 -0.3083569
v 0.4171572 0.9103479 -0.3033975
v 0.4202595 0.9092999 -0.3136423
v 0.4279893 0.9127130 -0.3060059
v 0.4262725 0.9139168 -0.3014327
v 0.4292180 0.9129821 -0.3108795
v 0.4370262 0.9161969 -0.3035348
v 0.4355012 0.9172590 -0.2994936
v 0.4381678 0.9164518 -0.3078335
v 0.4461329 0.9194258 -0.3009350
v 0.4448519 0.9203180 -0.2975373
v 0.4471176 0.9196524 -0.3045387
v 0.4553180 0.9223149 -0.2982408
v 0.4543768 0.9230513 -0.2955381
v 0.4560674 0.9224849 -0.3010895
v 0.4646861 0.9246233 -0.2956153
v 0.4640586 0.9251615 -0.2936247
v 0.4652176 0.9247508 -0.2977003
v 0.4742110 0.9262945 -0.2930670
v 0.4738276 0.9266485 -0.2917456
v 0.4745596 0.9263653 -0.2944398
v 0.4838318 0.9273000 -0.2905358
v 0.4836314 0.9274982 -0.2897893
v 0.4840322 0.9273425 -0.2913080
v 0.4934962 0.9276257 -0.2879961
v 0.4934265 0.9277107 -0.2877043
v 0.4935746 0.9276399 -0.2882964
v 0.5020800 0.9273283 -0.2857395
v 0.3405741 0.8690795 -0.3268902
v 0.3385349 0.8738096 -0.3354704
v 0.3362517 0.8729458 -0.3354018
v 0.3409314 0.8740079 -0.3359166
v 0.3365219 0.8785256 -0.3440506
v 0.3330622 0.8772369 -0.3439562
v 0.3401471 0.8788230 -0.3447199
v 0.3345524 0.8831991 -0.3526652
v 0.3303172 0.8816271 -0.3525794
v 0.3389794 0.8835532 -0.3534460
v 0.3326614 0.8877877 -0.3613483
v 0.3279207 0.8860457 -0.3612625
v 0.3376286 0.8881559 -0.3621892
v 0.3308488 0.8922629 -0.3701087
v 0.3258031 0.8903793 -0.3699800
v 0.3361472 0.8926594 -0.3710097
v 0.3290274 0.8965682 -0.3789464
v 0.3238249 0.8946138 -0.3787662
v 0.3344914 0.8969930 -0.3798902
v 0.3271625 0.9006894 -0.3878612
v 0.3219338 0.8986925 -0.3876210
v 0.3326614 0.9011284 -0.3888394
v 0.3252540 0.9045839 -0.3968790
v 0.3201386 0.9025871 -0.3965873
v 0.3306570 0.9050088 -0.3978486
v 0.3233369 0.9081953 -0.4059998
v 0.3184916 0.9062834 -0.4056566
v 0.3284523 0.9086060 -0.4069350
v 0.3213848 0.9114950 -0.4152407
v 0.3169753 0.9097106 -0.4148374
v 0.3260471 0.9118916 -0.4161416
v 0.3193282 0.9144833 -0.4245588
v 0.3155199 0.9129113 -0.4241126
v 0.3233717 0.9148373 -0.4253997
v 0.3171408 0.9171457 -0.4339456
v 0.3140298 0.9158287 -0.4334994
v 0.3204524 0.9174431 -0.4346835
v 0.3148228 0.9194117 -0.4434010
v 0.3124612 0.9183920 -0.4429977
v 0.3173500 0.9196524 -0.4439930
v 0.3124089 0.9212386 -0.4529336
v 0.3107705 0.9205163 -0.4526075
v 0.3141692 0.9214085 -0.4533712
v 0.3099078 0.9225698 -0.4625263
v 0.3088969 0.9221166 -0.4622946
v 0.3109884 0.9226831 -0.4628008
v 0.3073806 0.9232921 -0.4721704
v 0.3068839 0.9230655 -0.4720417
v 0.3079209 0.9233346 -0.4723077
v 0.3048795 0.9233063 -0.4818575
v 0.3047575 0.9232496 -0.4818232
v 0.3050103 0.9233204 -0.4818918
v 0.3038251 0.9231788 -0.4859417
v 0.3500119 0.8736114 -0.3362255
v 0.3590924 0.8774493 -0.3345523
v 0.3584737 0.8780441 -0.3322871
v 0.3594497 0.8775484 -0.3369548
v 0.3682427 0.8812023 -0.3330594
v 0.3673538 0.8821228 -0.3296187
v 0.3687481 0.8813439 -0.3366888
v 0.3774626 0.8847995 -0.3316350
v 0.3763907 0.8859324 -0.3274479
v 0.3780988 0.8849836 -0.3360539
v 0.3867610 0.8881559 -0.3301678
v 0.3855932 0.8894305 -0.3254830
v 0.3874930 0.8883683 -0.3351100
v 0.3961552 0.8912432 -0.3286491
v 0.3949003 0.8926028 -0.3236640
v 0.3969831 0.8914840 -0.3339002
v 0.4056105 0.8940756 -0.3270446
v 0.4043120 0.8954635 -0.3219051
v 0.4065168 0.8943306 -0.3324416
v 0.4151354 0.8966107 -0.3253200
v 0.4138369 0.8980127 -0.3201547
v 0.4160853 0.8968797 -0.3307341
v 0.4247126 0.8988341 -0.3235182
v 0.4234839 0.9002078 -0.3184730
v 0.4256538 0.8990890 -0.3288036
v 0.4343509 0.9007743 -0.3217077
v 0.4332354 0.9020772 -0.3169286
v 0.4352485 0.9010292 -0.3266928
v 0.4440501 0.9023888 -0.3198716
v 0.4430828 0.9035784 -0.3155471
v 0.4448693 0.9026154 -0.3243848
v 0.4538016 0.9036351 -0.3180440
v 0.4530173 0.9046689 -0.3143116
v 0.4545075 0.9038333 -0.3219222
v 0.4635967 0.9044706 -0.3162164
v 0.4630129 0.9052920 -0.3131962
v 0.4641632 0.9046264 -0.3193482
v 0.4734267 0.9048389 -0.3144060
v 0.4730258 0.9054620 -0.3121408
v 0.4738363 0.9049663 -0.3167484
v 0.4832741 0.9047822 -0.3126813
v 0.4830388 0.9052071 -0.3111369
v 0.4835442 0.9048672 -0.3142687
v 0.4931215 0.9042582 -0.3110339
v 0.4929995 0.9044990 -0.3101244
v 0.4932783 0.9043007 -0.3119692
v 0.5029253 0.9031252 -0.3094209
v 0.5028817 0.9032385 -0.3090176
v 0.5029950 0.9031394 -0.3098327
v 0.5126332 0.9013266 -0.3078078
v 0.5126245 0.9013408 -0.3077735
v 0.5126420 0.9013266 -0.3078421
v 0.5138533 0.9010859 -0.3076019
v 0.3500119 0.8736114 -0.3362255
v 0.3478333 0.8784831 -0.3446856
v 0.3455240 0.8777750 -0.3444796
v 0.3501862 0.8785540 -0.3452690
v 0.3455850 0.8833266 -0.3531371
v 0.3421079 0.8822361 -0.3528110
v 0.3491231 0.8834257 -0.3540466
v 0.3432756 0.8881134 -0.3616143
v 0.3390491 0.8867680 -0.3611939
v 0.3475893 0.8882408 -0.3627212
v 0.3409576 0.8928010 -0.3701259
v 0.3362430 0.8912999 -0.3696454
v 0.3457680 0.8929568 -0.3713700
v 0.3386134 0.8973896 -0.3787061
v 0.3336112 0.8957609 -0.3781312
v 0.3437288 0.8975454 -0.3800275
v 0.3362256 0.9016949 -0.3874065
v 0.3310928 0.8999812 -0.3867544
v 0.3414892 0.9018506 -0.3887879
v 0.3337855 0.9056461 -0.3962612
v 0.3286440 0.9039183 -0.3955577
v 0.3390665 0.9058160 -0.3976427
v 0.3313280 0.9092716 -0.4052533
v 0.3263172 0.9075863 -0.4045841
v 0.3364957 0.9093991 -0.4065403
v 0.3289751 0.9126563 -0.4143655
v 0.3242519 0.9110843 -0.4137391
v 0.3338465 0.9127696 -0.4155238
v 0.3267094 0.9157862 -0.4235892
v 0.3224567 0.9143558 -0.4230058
v 0.3311102 0.9158853 -0.4246017
v 0.3244872 0.9185903 -0.4329245
v 0.3208619 0.9173582 -0.4323925
v 0.3282518 0.9186611 -0.4337825
v 0.3222824 0.9209978 -0.4423799
v 0.3193892 0.9199923 -0.4419166
v 0.3253063 0.9210545 -0.4430577
v 0.3200863 0.9229380 -0.4519383
v 0.3179513 0.9221874 -0.4515350
v 0.3223173 0.9229805 -0.4524617
v 0.3178031 0.9242693 -0.4615824
v 0.3163827 0.9237594 -0.4612736
v 0.3192933 0.9242976 -0.4619428
v 0.3154328 0.9249207 -0.4712781
v 0.3146224 0.9246233 -0.4710807
v 0.3162955 0.9249349 -0.4714840
v 0.3130625 0.9248924 -0.4809909
v 0.3127313 0.9247650 -0.4809051
v 0.3134198 0.9248924 -0.4810767
v 0.3107270 0.9241418 -0.4906865
v 0.3604519 0.8779733 -0.3469936
v 0.3698026 0.8813156 -0.3458181
v 0.3693233 0.8819245 -0.3435615
v 0.3700379 0.8814147 -0.3481949
v 0.3791532 0.8847003 -0.3447628
v 0.3784474 0.8856209 -0.3413650
v 0.3794931 0.8848419 -0.3483321
v 0.3885039 0.8880992 -0.3437503
v 0.3876324 0.8892039 -0.3396318
v 0.3889396 0.8882692 -0.3480747
v 0.3978545 0.8914698 -0.3426778
v 0.3968611 0.8927019 -0.3381045
v 0.3983600 0.8916681 -0.3474827
v 0.4072139 0.8948121 -0.3415452
v 0.4061856 0.8961008 -0.3367060
v 0.4077629 0.8950245 -0.3466333
v 0.4166169 0.8979985 -0.3403954
v 0.4155973 0.8993298 -0.3354361
v 0.4171833 0.8982110 -0.3456036
v 0.4260982 0.9009868 -0.3392457
v 0.4251309 0.9023322 -0.3342949
v 0.4266385 0.9011992 -0.3444367
v 0.4356493 0.9037059 -0.3381303
v 0.4348563 0.9050371 -0.3333511
v 0.4360938 0.9038900 -0.3431411
v 0.4453224 0.9060851 -0.3371864
v 0.4447124 0.9073455 -0.3327591
v 0.4456536 0.9062409 -0.3418198
v 0.4550914 0.9080678 -0.3364142
v 0.4546208 0.9091866 -0.3325102
v 0.4553877 0.9081953 -0.3404812
v 0.4649562 0.9095265 -0.3356506
v 0.4646076 0.9104471 -0.3324244
v 0.4652176 0.9096398 -0.3390055
v 0.4748820 0.9103904 -0.3348355
v 0.4746554 0.9110985 -0.3323644
v 0.4750999 0.9104754 -0.3374095
v 0.4848427 0.9106028 -0.3339689
v 0.4846945 0.9110985 -0.3322528
v 0.4850170 0.9106595 -0.3357535
v 0.4947859 0.9101921 -0.3329993
v 0.4947075 0.9104895 -0.3319611
v 0.4949079 0.9102346 -0.3340804
v 0.5046682 0.9091016 -0.3319354
v 0.5046333 0.9092433 -0.3314377
v 0.5047292 0.9091158 -0.3324502
v 0.5144546 0.9073455 -0.3308371
v 0.5144459 0.9073739 -0.3307427
v 0.5144633 0.9073455 -0.3309400
v 0.5175569 0.9067083 -0.3304853
v 0.3604519 0.8779733 -0.3469936
v 0.3583866 0.8825760 -0.3556253
v 0.3560685 0.8819812 -0.3554280
v 0.3607221 0.8825052 -0.3561830
v 0.3564781 0.8871079 -0.3643428
v 0.3529836 0.8862298 -0.3640768
v 0.3599988 0.8869663 -0.3651236
v 0.3547003 0.8915406 -0.3731204
v 0.3504564 0.8904926 -0.3728287
v 0.3589879 0.8913565 -0.3740299
v 0.3530272 0.8958884 -0.3819752
v 0.3482865 0.8947413 -0.3816749
v 0.3578114 0.8956476 -0.3829276
v 0.3514498 0.9001087 -0.3908986
v 0.3464303 0.8988908 -0.3905897
v 0.3565304 0.8998396 -0.3918682
v 0.3499335 0.9040316 -0.3999765
v 0.3447832 0.9027712 -0.3996418
v 0.3551535 0.9037342 -0.4009117
v 0.3484695 0.9075863 -0.4092002
v 0.3433279 0.9063259 -0.4088398
v 0.3536895 0.9072889 -0.4101097
v 0.3470316 0.9107728 -0.4185698
v 0.3420643 0.9095407 -0.4181665
v 0.3520773 0.9104754 -0.4194450
v 0.3455501 0.9136194 -0.4280424
v 0.3409489 0.9124581 -0.4276134
v 0.3502472 0.9133503 -0.4288575
v 0.3440425 0.9160836 -0.4376179
v 0.3399728 0.9150214 -0.4371374
v 0.3481993 0.9158428 -0.4383815
v 0.3423780 0.9181088 -0.4472706
v 0.3389881 0.9172024 -0.4467644
v 0.3458464 0.9179247 -0.4479571
v 0.3405218 0.9196524 -0.4569749
v 0.3378988 0.9189443 -0.4565029
v 0.3432146 0.9195108 -0.4575412
v 0.3385088 0.9206721 -0.4667134
v 0.3366526 0.9201623 -0.4663616
v 0.3404260 0.9205588 -0.4671081
v 0.3365045 0.9211961 -0.4764949
v 0.3353367 0.9208704 -0.4762546
v 0.3377071 0.9211253 -0.4767437
v 0.3345001 0.9211678 -0.4862935
v 0.3339075 0.9210120 -0.4861648
v 0.3351189 0.9211395 -0.4864222
v 0.3325132 0.9205305 -0.4960749
v 0.3323389 0.9204880 -0.4960320
v 0.3326962 0.9205305 -0.4961092
v 0.3314239 0.9199782 -0.5014290
v 0.3718592 0.8821086 -0.3593148
v 0.3812360 0.8852243 -0.3577961
v 0.3806608 0.8858758 -0.3555996
v 0.3816020 0.8852526 -0.3601385
v 0.3906041 0.8883825 -0.3562946
v 0.3897675 0.8893738 -0.3529998
v 0.3911270 0.8884250 -0.3597953
v 0.3999896 0.8915123 -0.3548531
v 0.3990484 0.8927302 -0.3508547
v 0.4005735 0.8915548 -0.3590917
v 0.4094448 0.8944863 -0.3535232
v 0.4084775 0.8958742 -0.3490872
v 0.4100287 0.8945147 -0.3582423
v 0.4189698 0.8972763 -0.3523219
v 0.4179938 0.8987491 -0.3476286
v 0.4196059 0.8973046 -0.3572985
v 0.4285819 0.8997547 -0.3510864
v 0.4276146 0.9012558 -0.3462901
v 0.4292529 0.8997830 -0.3561659
v 0.4382724 0.9018506 -0.3497908
v 0.4373748 0.9033518 -0.3450373
v 0.4389347 0.9018790 -0.3548188
v 0.4480414 0.9035643 -0.3484952
v 0.4473006 0.9050230 -0.3439305
v 0.4485991 0.9035926 -0.3533087
v 0.4578713 0.9049521 -0.3473368
v 0.4573049 0.9062975 -0.3431583
v 0.4583245 0.9049663 -0.3517385
v 0.4677710 0.9059860 -0.3463330
v 0.4673440 0.9071473 -0.3427121
v 0.4681370 0.9060001 -0.3501340
v 0.4777055 0.9066091 -0.3453548
v 0.4774005 0.9075438 -0.3424375
v 0.4780018 0.9066233 -0.3484265
v 0.4849560 0.9067366 -0.3446512
v 0.4847294 0.9075013 -0.3422831
v 0.4852784 0.9067507 -0.3471223
v 0.4974700 0.9052496 -0.3430124
v 0.4974177 0.9056886 -0.3415709
v 0.4976356 0.9052496 -0.3445140
v 0.5071082 0.9028137 -0.3419399
v 0.5071257 0.9030403 -0.3411248
v 0.5071867 0.9028137 -0.3427807
v 0.5164240 0.8992731 -0.3410819
v 0.5164328 0.8993581 -0.3407644
v 0.5164502 0.8992731 -0.3414079
v 0.5245721 0.8951378 -0.3403783
v 0.3718592 0.8821086 -0.3593148
v 0.3701337 0.8857058 -0.3684785
v 0.3678680 0.8850119 -0.3683412
v 0.3724692 0.8857200 -0.3689075
v 0.3684518 0.8893313 -0.3776508
v 0.3650619 0.8882975 -0.3774362
v 0.3719463 0.8893455 -0.3782857
v 0.3667699 0.8929002 -0.3868402
v 0.3626741 0.8916256 -0.3865313
v 0.3709965 0.8929285 -0.3876295
v 0.3650183 0.8963133 -0.3960725
v 0.3604781 0.8948829 -0.3956778
v 0.3697067 0.8963557 -0.3969820
v 0.3631795 0.8995281 -0.4053649
v 0.3583953 0.8980127 -0.4049187
v 0.3681381 0.8995705 -0.4063173
v 0.3613495 0.9025729 -0.4147087
v 0.3564607 0.9010009 -0.4142368
v 0.3664126 0.9026012 -0.4156783
v 0.3595369 0.9053912 -0.4241298
v 0.3546916 0.9038333 -0.4236150
v 0.3645564 0.9054337 -0.4250994
v 0.3576807 0.9079828 -0.4336109
v 0.3530707 0.9064533 -0.4330017
v 0.3624737 0.9080395 -0.4346148
v 0.3556676 0.9102913 -0.4431264
v 0.3514585 0.9088751 -0.4424657
v 0.3600423 0.9103621 -0.4441131
v 0.3534890 0.9123023 -0.4526848
v 0.3498464 0.9110560 -0.4520498
v 0.3572885 0.9123589 -0.4535514
v 0.3512581 0.9139309 -0.4622946
v 0.3483126 0.9129113 -0.4617369
v 0.3543430 0.9139734 -0.4629982
v 0.3490185 0.9151347 -0.4719645
v 0.3468311 0.9143700 -0.4715183
v 0.3513278 0.9151630 -0.4724879
v 0.3467876 0.9158995 -0.4816773
v 0.3453148 0.9153755 -0.4813684
v 0.3483388 0.9159136 -0.4820291
v 0.3446002 0.9162960 -0.4914330
v 0.3437549 0.9159986 -0.4912442
v 0.3454978 0.9163102 -0.4916304
v 0.3424565 0.9162677 -0.5011973
v 0.3421079 0.9161402 -0.5011115
v 0.3428312 0.9162677 -0.5012745
v 0.3403824 0.9156162 -0.5109616
v 0.3403737 0.9156162 -0.5109530
v 0.3403911 0.9156162 -0.5109616
v 0.3403214 0.9156021 -0.5112533
v 0.3823340 0.8851535 -0.3702203
v 0.3917893 0.8881134 -0.3688045
v 0.3912228 0.8889065 -0.3666767
v 0.3921640 0.8880001 -0.3711040
v 0.4012532 0.8910025 -0.3673974
v 0.4004340 0.8921921 -0.3642227
v 0.4018022 0.8908467 -0.3708295
v 0.4107433 0.8938207 -0.3659988
v 0.4097934 0.8952653 -0.3621806
v 0.4113969 0.8936225 -0.3701431
v 0.4202770 0.8965257 -0.3646431
v 0.4192574 0.8981260 -0.3604131
v 0.4209741 0.8962991 -0.3692164
v 0.4298542 0.8990890 -0.3633046
v 0.4288172 0.9007743 -0.3588601
v 0.4305775 0.8988483 -0.3681181
v 0.4394750 0.9014541 -0.3619661
v 0.4384554 0.9031819 -0.3574529
v 0.4402070 0.9012133 -0.3668483
v 0.4491394 0.9036209 -0.3606190
v 0.4481634 0.9053062 -0.3561745
v 0.4498888 0.9033802 -0.3654068
v 0.4588561 0.9055186 -0.3592033
v 0.4579062 0.9071190 -0.3550247
v 0.4596316 0.9053062 -0.3637079
v 0.4685902 0.9071473 -0.3576159
v 0.4677274 0.9085777 -0.3538750
v 0.4693483 0.9069773 -0.3616315
v 0.4783504 0.9084644 -0.3558398
v 0.4776445 0.9096540 -0.3526995
v 0.4789865 0.9083086 -0.3592204
v 0.4881368 0.9094557 -0.3540466
v 0.4876313 0.9103904 -0.3516012
v 0.4886161 0.9093424 -0.3566635
v 0.4979580 0.9101072 -0.3522705
v 0.4976356 0.9107586 -0.3505544
v 0.4982805 0.9100222 -0.3541066
v 0.5077967 0.9103338 -0.3505115
v 0.5076224 0.9107303 -0.3494647
v 0.5079971 0.9102913 -0.3516355
v 0.5176354 0.9099655 -0.3487526
v 0.5175656 0.9101496 -0.3482463
v 0.5177225 0.9099372 -0.3492846
v 0.5274217 0.9089175 -0.3469851
v 0.5274043 0.9089600 -0.3468821
v 0.5274392 0.9089175 -0.3470966
v 0.5308814 0.9084644 -0.3463673
v 0.3823340 0.8851535 -0.3702203
v 0.3806957 0.8891189 -0.3792553
v 0.3784125 0.8886515 -0.3790407
v 0.3829615 0.8889065 -0.3797615
v 0.3790225 0.8930418 -0.3882988
v 0.3756326 0.8923479 -0.3879728
v 0.3824125 0.8927444 -0.3890453
v 0.3773580 0.8969222 -0.3973595
v 0.3732709 0.8960725 -0.3969734
v 0.3814364 0.8965398 -0.3982519
v 0.3757197 0.9007035 -0.4064717
v 0.3712056 0.8997830 -0.4060513
v 0.3802251 0.9002928 -0.4074327
v 0.3741075 0.9043715 -0.4156354
v 0.3693756 0.9033802 -0.4151377
v 0.3788395 0.9039466 -0.4166736
v 0.3723995 0.9079120 -0.4248248
v 0.3676065 0.9068924 -0.4242499
v 0.3771925 0.9075013 -0.4259316
v 0.3705694 0.9112968 -0.4340571
v 0.3658723 0.9102629 -0.4334307
v 0.3752666 0.9109002 -0.4351725
v 0.3686261 0.9144691 -0.4433409
v 0.3642166 0.9134777 -0.4427145
v 0.3730531 0.9140867 -0.4443963
v 0.3666479 0.9173298 -0.4527191
v 0.3627090 0.9164376 -0.4521099
v 0.3706130 0.9170041 -0.4536543
v 0.3646262 0.9198507 -0.4621831
v 0.3613321 0.9191001 -0.4616425
v 0.3679464 0.9195675 -0.4629467
v 0.3625957 0.9219609 -0.4717414
v 0.3600510 0.9213660 -0.4713038
v 0.3651665 0.9217343 -0.4723249
v 0.3605652 0.9235753 -0.4813942
v 0.3587874 0.9231646 -0.4810767
v 0.3623691 0.9234196 -0.4817974
v 0.3585260 0.9246941 -0.4911241
v 0.3574541 0.9244392 -0.4909096
v 0.3596240 0.9245950 -0.4913644
v 0.3564258 0.9253598 -0.5008798
v 0.3559117 0.9252465 -0.5007683
v 0.3569400 0.9253173 -0.5009914
v 0.3542559 0.9255155 -0.5106355
v 0.3541600 0.9255014 -0.5106184
v 0.3543605 0.9255155 -0.5106613
v 0.3535239 0.9255014 -0.5139218
v 0.3917283 0.8871220 -0.3800790
v 0.4012532 0.8898270 -0.3786461
v 0.4006780 0.8906909 -0.3765954
v 0.4016715 0.8896287 -0.3808941
v 0.4107607 0.8925320 -0.3771016
v 0.4098980 0.8938066 -0.3740728
v 0.4113882 0.8922346 -0.3804307
v 0.4202682 0.8951520 -0.3755229
v 0.4192835 0.8967098 -0.3718848
v 0.4210090 0.8947979 -0.3795127
v 0.4298368 0.8976303 -0.3739784
v 0.4288085 0.8993439 -0.3699715
v 0.4306211 0.8972338 -0.3783629
v 0.4394576 0.8999104 -0.3724683
v 0.4384728 0.9017232 -0.3682812
v 0.4401983 0.8994714 -0.3770673
v 0.4491394 0.9019923 -0.3711040
v 0.4482592 0.9038475 -0.3668654
v 0.4498017 0.9015532 -0.3757374
v 0.4588909 0.9038617 -0.3698942
v 0.4581589 0.9056744 -0.3657671
v 0.4594399 0.9034085 -0.3743988
v 0.4687034 0.9054761 -0.3688474
v 0.4681544 0.9071614 -0.3650378
v 0.4691217 0.9050371 -0.3730174
v 0.4785857 0.9067791 -0.3679980
v 0.4782197 0.9082661 -0.3646775
v 0.4788558 0.9064108 -0.3716189
v 0.4885115 0.9077421 -0.3673373
v 0.4882936 0.9089317 -0.3646689
v 0.4887032 0.9074447 -0.3702460
v 0.4984809 0.9082802 -0.3667453
v 0.4983676 0.9091441 -0.3648062
v 0.4986029 0.9080537 -0.3688646
v 0.5084677 0.9082944 -0.3661704
v 0.5084241 0.9088467 -0.3649263
v 0.5085287 0.9081528 -0.3675175
v 0.5184371 0.9077704 -0.3656041
v 0.5184284 0.9080537 -0.3649520
v 0.5184632 0.9076996 -0.3663163
v 0.5283716 0.9067507 -0.3650636
v 0.5283716 0.9068499 -0.3648576
v 0.5283803 0.9067366 -0.3652867
v 0.5347506 0.9058727 -0.3647204
v 0.3917283 0.8871220 -0.3800790
v 0.3904298 0.8906626 -0.3893370
v 0.3881727 0.8902944 -0.3891911
v 0.3926781 0.8903652 -0.3897403
v 0.3892446 0.8942314 -0.3986036
v 0.3858895 0.8936791 -0.3984063
v 0.3925736 0.8937782 -0.3991699
v 0.3881379 0.8977011 -0.4079132
v 0.3841118 0.8970497 -0.4076815
v 0.3921291 0.8971488 -0.4085567
v 0.3870660 0.9009584 -0.4173085
v 0.3826477 0.9002362 -0.4170597
v 0.3914581 0.9003353 -0.4179778
v 0.3860377 0.9039466 -0.4267982
v 0.3814190 0.9031960 -0.4265237
v 0.3906302 0.9032810 -0.4274761
v 0.3850268 0.9067507 -0.4363394
v 0.3803733 0.9060001 -0.4360563
v 0.3896542 0.9060851 -0.4370087
v 0.3840159 0.9093849 -0.4459321
v 0.3795018 0.9086485 -0.4456576
v 0.3885039 0.9087193 -0.4465499
v 0.3830312 0.9117216 -0.4556106
v 0.3788569 0.9110277 -0.4553446
v 0.3871880 0.9110985 -0.4561168
v 0.3820987 0.9135910 -0.4653835
v 0.3784735 0.9129962 -0.4651518
v 0.3857152 0.9130529 -0.4657782
v 0.3812273 0.9149364 -0.4752593
v 0.3783166 0.9144549 -0.4750448
v 0.3841466 0.9144974 -0.4755510
v 0.3803645 0.9159136 -0.4851695
v 0.3782295 0.9155596 -0.4850064
v 0.3824909 0.9155879 -0.4853754
v 0.3794844 0.9164943 -0.4951139
v 0.3781162 0.9162677 -0.4949938
v 0.3808526 0.9162960 -0.4952426
v 0.3785868 0.9166359 -0.5050756
v 0.3778635 0.9165084 -0.5049983
v 0.3793188 0.9165226 -0.5051356
v 0.3776805 0.9161261 -0.5150200
v 0.3774452 0.9160977 -0.5149943
v 0.3779245 0.9160977 -0.5150372
v 0.3770530 0.9154604 -0.5218670
v 0.4013926 0.8884250 -0.3899891
v 0.4110309 0.8905918 -0.3884275
v 0.4104819 0.8914981 -0.3864541
v 0.4114666 0.8903510 -0.3906155
v 0.4206604 0.8926594 -0.3867200
v 0.4198499 0.8939907 -0.3838199
v 0.4213314 0.8923054 -0.3899290
v 0.4302986 0.8946563 -0.3849439
v 0.4293488 0.8962424 -0.3814861
v 0.4310829 0.8942314 -0.3887536
v 0.4399456 0.8966248 -0.3831850
v 0.4389347 0.8983526 -0.3794183
v 0.4407822 0.8961575 -0.3873378
v 0.4496100 0.8985225 -0.3814518
v 0.4486252 0.9003211 -0.3775478
v 0.4504466 0.8980269 -0.3857591
v 0.4593354 0.9001087 -0.3797443
v 0.4584378 0.9019073 -0.3758489
v 0.4601371 0.8996130 -0.3840259
v 0.4691130 0.9013125 -0.3780540
v 0.4683461 0.9030261 -0.3743559
v 0.4698363 0.9008451 -0.3821210
v 0.4789430 0.9021622 -0.3764066
v 0.4783068 0.9036917 -0.3731032
v 0.4795530 0.9017373 -0.3800275
v 0.4887904 0.9028278 -0.3748193
v 0.4883198 0.9040883 -0.3720994
v 0.4892697 0.9024738 -0.3777966
v 0.4986726 0.9032385 -0.3733006
v 0.4983327 0.9041732 -0.3712756
v 0.4990299 0.9029836 -0.3755143
v 0.5085374 0.9032669 -0.3716875
v 0.5083283 0.9038758 -0.3703747
v 0.5087901 0.9030969 -0.3731290
v 0.5183674 0.9027853 -0.3699286
v 0.5182715 0.9031111 -0.3692164
v 0.5185068 0.9027004 -0.3706922
v 0.5281363 0.9017373 -0.3680581
v 0.5281102 0.9018506 -0.3678178
v 0.5281799 0.9017090 -0.3683155
v 0.5353258 0.9005761 -0.3667024
v 0.4013926 0.8884250 -0.3899891
v 0.4002510 0.8911724 -0.3995303
v 0.3980376 0.8908042 -0.3993844
v 0.4024558 0.8908750 -0.3998649
v 0.3991617 0.8937641 -0.4091316
v 0.3958938 0.8932259 -0.4089085
v 0.4024122 0.8933109 -0.4096035
v 0.3980986 0.8962424 -0.4187586
v 0.3942119 0.8955910 -0.4185012
v 0.4019678 0.8956901 -0.4193163
v 0.3970528 0.8986500 -0.4284113
v 0.3928089 0.8979277 -0.4281282
v 0.4012793 0.8980552 -0.4290034
v 0.3960158 0.9009443 -0.4380898
v 0.3916237 0.9002078 -0.4377981
v 0.4003992 0.9003211 -0.4386561
v 0.3950398 0.9029553 -0.4478369
v 0.3906564 0.9022189 -0.4475538
v 0.3994232 0.9023180 -0.4483432
v 0.3941247 0.9045839 -0.4576613
v 0.3899592 0.9038758 -0.4573867
v 0.3982990 0.9039750 -0.4581074
v 0.3932620 0.9058585 -0.4675371
v 0.3895148 0.9052212 -0.4672797
v 0.3970092 0.9053062 -0.4679318
v 0.3923906 0.9069207 -0.4774473
v 0.3892708 0.9063825 -0.4772070
v 0.3955103 0.9064533 -0.4777561
v 0.3915017 0.9076996 -0.4873746
v 0.3891488 0.9073031 -0.4871772
v 0.3938633 0.9073455 -0.4875977
v 0.3906128 0.9080537 -0.4973276
v 0.3890442 0.9077846 -0.4971818
v 0.3921988 0.9078129 -0.4974649
v 0.3897152 0.9078554 -0.5072807
v 0.3888350 0.9077138 -0.5071949
v 0.3906041 0.9077279 -0.5073579
v 0.3887915 0.9071048 -0.5172080
v 0.3884516 0.9070481 -0.5171651
v 0.3891313 0.9070481 -0.5172423
v 0.3878242 0.9059152 -0.5263717
v 0.4114405 0.8889914 -0.3999936
v 0.4209828 0.8917106 -0.3986809
v 0.4204338 0.8928152 -0.3968962
v 0.4214011 0.8912149 -0.4007487
v 0.4305339 0.8943730 -0.3973853
v 0.4297409 0.8959875 -0.3947940
v 0.4311439 0.8936508 -0.4003969
v 0.4401024 0.8969506 -0.3960639
v 0.4391787 0.8988341 -0.3930093
v 0.4408432 0.8961008 -0.3995989
v 0.4497058 0.8993439 -0.3946396
v 0.4487211 0.9013833 -0.3913448
v 0.4505163 0.8984376 -0.3984406
v 0.4593441 0.9015391 -0.3931209
v 0.4583593 0.9036209 -0.3897574
v 0.4601632 0.9006044 -0.3969991
v 0.4690084 0.9035926 -0.3915593
v 0.4680760 0.9056178 -0.3882902
v 0.4697928 0.9026862 -0.3953260
v 0.4786990 0.9054903 -0.3899805
v 0.4778798 0.9073314 -0.3870032
v 0.4794136 0.9046689 -0.3934040
v 0.4884244 0.9071048 -0.3883245
v 0.4877708 0.9086626 -0.3858363
v 0.4890431 0.9064250 -0.3911903
v 0.4981846 0.9082661 -0.3864884
v 0.4977227 0.9094274 -0.3846179
v 0.4986552 0.9077421 -0.3886248
v 0.5079623 0.9088751 -0.3844720
v 0.5076747 0.9096398 -0.3832536
v 0.5082760 0.9085493 -0.3858534
v 0.5177138 0.9090025 -0.3822755
v 0.5175744 0.9093991 -0.3816406
v 0.5178794 0.9088326 -0.3829962
v 0.5274217 0.9086060 -0.3799245
v 0.5273869 0.9087193 -0.3797272
v 0.5274740 0.9085493 -0.3801476
v 0.5338008 0.9080678 -0.3783028
v 0.4114405 0.8889914 -0.3999936
v 0.4102727 0.8919230 -0.4094834
v 0.4081551 0.8917531 -0.4092431
v 0.4123293 0.8914698 -0.4099038
v 0.4089743 0.8947837 -0.4189731
v 0.4058980 0.8945147 -0.4186213
v 0.4119459 0.8941040 -0.4195823
v 0.4076409 0.8975029 -0.4285057
v 0.4040331 0.8972055 -0.4281282
v 0.4111267 0.8966956 -0.4291578
v 0.4064383 0.9000237 -0.4381070
v 0.4025691 0.8997122 -0.4377552
v 0.4101856 0.8991457 -0.4387333
v 0.4053664 0.9022897 -0.4477854
v 0.4014362 0.9019781 -0.4474337
v 0.4091747 0.9013975 -0.4483861
v 0.4043294 0.9043715 -0.4575154
v 0.4005473 0.9040883 -0.4571722
v 0.4079895 0.9035076 -0.4580645
v 0.4033011 0.9062409 -0.4672797
v 0.3999199 0.9059860 -0.4669794
v 0.4065778 0.9054620 -0.4677430
v 0.4022902 0.9078129 -0.4771041
v 0.3995364 0.9075863 -0.4768552
v 0.4049569 0.9071614 -0.4774473
v 0.4012968 0.9089317 -0.4869970
v 0.3993186 0.9087759 -0.4868083
v 0.4032140 0.9084644 -0.4872115
v 0.4003208 0.9095548 -0.4969244
v 0.3991269 0.9094699 -0.4967957
v 0.4014885 0.9092716 -0.4970616
v 0.3992053 0.9095973 -0.5068602
v 0.3986563 0.9095548 -0.5067916
v 0.3997456 0.9094699 -0.5069289
v 0.3978807 0.9089742 -0.5167532
v 0.3977848 0.9089742 -0.5167447
v 0.3979853 0.9089459 -0.5167704
v 0.3974537 0.9087051 -0.5198507
v 0.4221244 0.8886091 -0.4106503
v 0.4319108 0.8900819 -0.4092174
v 0.4314751 0.8911724 -0.4074842
v 0.4323117 0.8895862 -0.4112166
v 0.4416885 0.8914415 -0.4076043
v 0.4410610 0.8930135 -0.4051160
v 0.4422636 0.8907192 -0.4104787
v 0.4514662 0.8927019 -0.4059483
v 0.4507864 0.8945430 -0.4030482
v 0.4520849 0.8918663 -0.4093032
v 0.4612700 0.8939340 -0.4044382
v 0.4606164 0.8959026 -0.4013407
v 0.4618713 0.8930418 -0.4080076
v 0.4711086 0.8950812 -0.4030739
v 0.4705596 0.8970497 -0.3999507
v 0.4716402 0.8941889 -0.4066519
v 0.4809996 0.8958601 -0.4017955
v 0.4805900 0.8977153 -0.3988610
v 0.4814266 0.8950103 -0.4051675
v 0.4909254 0.8961716 -0.4006200
v 0.4906553 0.8977578 -0.3980802
v 0.4912479 0.8954352 -0.4035201
v 0.5008599 0.8960300 -0.3994874
v 0.5006769 0.8972480 -0.3975397
v 0.5011040 0.8954777 -0.4017011
v 0.5107858 0.8956335 -0.3983033
v 0.5106812 0.8964266 -0.3970335
v 0.5109339 0.8952653 -0.3997534
v 0.5206767 0.8949112 -0.3970678
v 0.5206419 0.8953219 -0.3964071
v 0.5207552 0.8947129 -0.3978228
v 0.5305067 0.8936508 -0.3957207
v 0.5304980 0.8937782 -0.3955148
v 0.5305328 0.8935941 -0.3959524
v 0.5369380 0.8925320 -0.3947769
v 0.4221244 0.8886091 -0.4106503
v 0.4209915 0.8903935 -0.4204231
v 0.4189524 0.8902094 -0.4202344
v 0.4229785 0.8899545 -0.4207234
v 0.4199197 0.8921638 -0.4302046
v 0.4170090 0.8918947 -0.4299472
v 0.4227606 0.8915265 -0.4306079
v 0.4189088 0.8938066 -0.4400204
v 0.4155450 0.8934950 -0.4397286
v 0.4221941 0.8930560 -0.4404494
v 0.4179415 0.8952369 -0.4498704
v 0.4143947 0.8949112 -0.4495787
v 0.4214011 0.8944439 -0.4502823
v 0.4170177 0.8963841 -0.4597634
v 0.4135058 0.8960583 -0.4594545
v 0.4204425 0.8956051 -0.4601581
v 0.4160766 0.8972480 -0.4696736
v 0.4128609 0.8969647 -0.4693733
v 0.4192138 0.8965398 -0.4700254
v 0.4151005 0.8977861 -0.4796181
v 0.4124513 0.8975454 -0.4793521
v 0.4176888 0.8972055 -0.4798840
v 0.4141071 0.8979702 -0.4895625
v 0.4122073 0.8978003 -0.4893738
v 0.4159720 0.8975454 -0.4897341
v 0.4131485 0.8978144 -0.4995156
v 0.4120243 0.8977153 -0.4994040
v 0.4142465 0.8975595 -0.4996014
v 0.4122160 0.8972480 -0.5094601
v 0.4117455 0.8972055 -0.5094086
v 0.4126866 0.8971488 -0.5094858
v 0.4113446 0.8960583 -0.5193445
v 0.4113010 0.8960583 -0.5193445
v 0.4113795 0.8960583 -0.5193530
v 0.4112226 0.8958742 -0.5207259
v 0.4360676 0.8865414 -0.4240955
v 0.4459063 0.8876036 -0.4226883
v 0.4455577 0.8887507 -0.4211868
v 0.4462462 0.8869946 -0.4244730
v 0.4557363 0.8886799 -0.4211868
v 0.4552482 0.8902660 -0.4191018
v 0.4562156 0.8878443 -0.4236665
v 0.4655662 0.8896712 -0.4196423
v 0.4650695 0.8914556 -0.4172999
v 0.4660717 0.8887224 -0.4224223
v 0.4754223 0.8904360 -0.4181236
v 0.4749779 0.8922346 -0.4157383
v 0.4758929 0.8894588 -0.4209551
v 0.4852958 0.8908892 -0.4166307
v 0.4849734 0.8925603 -0.4144256
v 0.4856706 0.8899969 -0.4192476
v 0.4939145 0.8910166 -0.4154638
v 0.4935485 0.8923903 -0.4136362
v 0.4944025 0.8902660 -0.4176002
v 0.5048338 0.8902094 -0.4126666
v 0.5047379 0.8910591 -0.4114911
v 0.5050691 0.8897562 -0.4140309
v 0.5143849 0.8882550 -0.4104358
v 0.5143936 0.8886515 -0.4098523
v 0.5144546 0.8880567 -0.4110964
v 0.5236745 0.8851252 -0.4084623
v 0.5236832 0.8852102 -0.4083336
v 0.5236919 0.8850827 -0.4086082
v 0.5277878 0.8834682 -0.4076300
v 0.4360676 0.8865414 -0.4240955
v 0.4353356 0.8878868 -0.4339713
v 0.4333923 0.8879151 -0.4338254
v 0.4371744 0.8872778 -0.4341858
v 0.4346210 0.8892039 -0.4438557
v 0.4319021 0.8892464 -0.4436584
v 0.4371918 0.8883400 -0.4441474
v 0.4339152 0.8904218 -0.4537573
v 0.4308389 0.8904643 -0.4535428
v 0.4368258 0.8894446 -0.4540576
v 0.4330786 0.8915973 -0.4657610
v 0.4300111 0.8915689 -0.4650317
v 0.4359805 0.8906342 -0.4665161
v 0.4312485 0.8921071 -0.4734403
v 0.4283553 0.8920929 -0.4727625
v 0.4340197 0.8912007 -0.4740495
v 0.4289740 0.8916539 -0.4831703
v 0.4265514 0.8916539 -0.4826126
v 0.4313008 0.8909175 -0.4835907
v 0.4267518 0.8901102 -0.4927973
v 0.4250525 0.8901102 -0.4924026
v 0.4284076 0.8896004 -0.4930289
v 0.4246168 0.8874478 -0.5021926
v 0.4236756 0.8874336 -0.5019781
v 0.4255318 0.8871787 -0.5022870
v 0.4225514 0.8835815 -0.5111847
v 0.4222203 0.8835815 -0.5111075
v 0.4228739 0.8834965 -0.5112104
v 0.4208957 0.8795311 -0.5183492
v 0.4462287 0.8836806 -0.4339799
v 0.4561371 0.8847711 -0.4331562
v 0.4559106 0.8859324 -0.4318177
v 0.4563288 0.8840913 -0.4347950
v 0.4660455 0.8858333 -0.4323925
v 0.4657492 0.8874053 -0.4305907
v 0.4663157 0.8848986 -0.4346062
v 0.4759626 0.8868246 -0.4316032
v 0.4756228 0.8885241 -0.4296469
v 0.4762938 0.8858333 -0.4339885
v 0.4858797 0.8877735 -0.4306508
v 0.4855399 0.8893880 -0.4287803
v 0.4862109 0.8868105 -0.4329417
v 0.4957794 0.8885524 -0.4295439
v 0.4955267 0.8898695 -0.4280338
v 0.4960495 0.8877735 -0.4313972
v 0.5056965 0.8891189 -0.4283427
v 0.5055483 0.8899403 -0.4273903
v 0.5058534 0.8886374 -0.4295010
v 0.5156136 0.8893597 -0.4270642
v 0.5155700 0.8896995 -0.4266695
v 0.5156659 0.8891614 -0.4275447
v 0.5239447 0.8891331 -0.4259574
v 0.5239272 0.8892039 -0.4258887
v 0.5239621 0.8891047 -0.4260432
v 0.5267507 0.8890906 -0.4253139
v 0.4462287 0.8836806 -0.4339799
v 0.4456013 0.8854792 -0.4437956
v 0.4438235 0.8856492 -0.4436498
v 0.4472222 0.8847570 -0.4440273
v 0.4450261 0.8870087 -0.4526419
v 0.4427081 0.8872070 -0.4522043
v 0.4471612 0.8861024 -0.4531138
v 0.4431264 0.8882125 -0.4634186
v 0.4405643 0.8884250 -0.4629639
v 0.4454967 0.8872070 -0.4638305
v 0.4414096 0.8882267 -0.4732687
v 0.4389521 0.8884391 -0.4728654
v 0.4436928 0.8872778 -0.4735518
v 0.4397103 0.8871645 -0.4830587
v 0.4377234 0.8873203 -0.4827584
v 0.4415752 0.8863998 -0.4832046
v 0.4380720 0.8849977 -0.4926857
v 0.4368345 0.8850827 -0.4925141
v 0.4392484 0.8845304 -0.4927200
v 0.4365295 0.8817121 -0.5020038
v 0.4360153 0.8817404 -0.5019352
v 0.4370175 0.8815280 -0.5019953
v 0.4350306 0.8772794 -0.5108500
v 0.4349957 0.8772935 -0.5108415
v 0.4350655 0.8772652 -0.5108415
v 0.4348563 0.8767554 -0.5118711
v 0.4489477 0.8827884 -0.4366655
v 0.4558670 0.8806216 -0.4435554
v 0.4543855 0.8797436 -0.4448253
v 0.4573920 0.8808765 -0.4420624
v 0.4628996 0.8785964 -0.4503681
v 0.4607558 0.8773077 -0.4522300
v 0.4650956 0.8789647 -0.4481973
v 0.4699670 0.8766421 -0.4571722
v 0.4674398 0.8751409 -0.4593258
v 0.4725640 0.8770669 -0.4546410
v 0.4769735 0.8747019 -0.4640364
v 0.4742459 0.8731015 -0.4663273
v 0.4797796 0.8751550 -0.4613508
v 0.4839190 0.8727616 -0.4709606
v 0.4811477 0.8711330 -0.4732944
v 0.4867512 0.8732148 -0.4682235
v 0.4908993 0.8707081 -0.4778248
v 0.4882326 0.8691503 -0.4800728
v 0.4936008 0.8711613 -0.4751735
v 0.4979144 0.8685130 -0.4846032
v 0.4955180 0.8671110 -0.4866024
v 0.5003284 0.8689237 -0.4822179
v 0.5049296 0.8660488 -0.4912872
v 0.5029427 0.8649300 -0.4928831
v 0.5069078 0.8663745 -0.4893480
v 0.5118751 0.8631172 -0.4978596
v 0.5104110 0.8623242 -0.4989836
v 0.5133043 0.8633438 -0.4964696
v 0.5186985 0.8596758 -0.5043033
v 0.5177748 0.8591943 -0.5049640
v 0.5195874 0.8598033 -0.5034625
v 0.5253128 0.8557105 -0.5106699
v 0.5248684 0.8554980 -0.5109702
v 0.5257311 0.8557671 -0.5102923
v 0.5316396 0.8511927 -0.5169677
v 0.5315524 0.8511503 -0.5170192
v 0.5317180 0.8512069 -0.5168905
v 0.5337659 0.8495783 -0.5191042
v 0.4489477 0.8827884 -0.4366655
v 0.4484074 0.8806358 -0.4464126
v 0.4463159 0.8801543 -0.4462238
v 0.4505424 0.8804658 -0.4464641
v 0.4479891 0.8785681 -0.4561941
v 0.4449739 0.8778742 -0.4559452
v 0.4510914 0.8783274 -0.4562455
v 0.4476666 0.8765146 -0.4659755
v 0.4441198 0.8757074 -0.4656752
v 0.4513006 0.8762314 -0.4660270
v 0.4473355 0.8743761 -0.4757312
v 0.4435360 0.8734981 -0.4754052
v 0.4512309 0.8740646 -0.4757913
v 0.4470130 0.8720960 -0.4854698
v 0.4431612 0.8712180 -0.4850837
v 0.4509694 0.8717703 -0.4855470
v 0.4466122 0.8696460 -0.4951568
v 0.4429085 0.8688246 -0.4947364
v 0.4504204 0.8693344 -0.4952598
v 0.4461155 0.8669835 -0.5047838
v 0.4427952 0.8662612 -0.5043720
v 0.4495228 0.8667003 -0.5048782
v 0.4456013 0.8640519 -0.5143250
v 0.4428911 0.8634430 -0.5140076
v 0.4483812 0.8638254 -0.5143508
v 0.4452353 0.8607097 -0.5237461
v 0.4432832 0.8602707 -0.5235230
v 0.4472483 0.8605681 -0.5237290
v 0.4450349 0.8569284 -0.5330042
v 0.4438410 0.8566593 -0.5328669
v 0.4462636 0.8568576 -0.5329698
v 0.4449739 0.8527506 -0.5420820
v 0.4444161 0.8526231 -0.5420220
v 0.4455490 0.8527222 -0.5420649
v 0.4450523 0.8481337 -0.5509540
v 0.4449477 0.8481054 -0.5509368
v 0.4451656 0.8481196 -0.5509454
v 0.4450959 0.8464768 -0.5540000
v 0.4489477 0.8827884 -0.4366655
v 0.4517799 0.8802959 -0.4459321
v 0.4497930 0.8796586 -0.4463697
v 0.4538191 0.8802959 -0.4452972
v 0.4546208 0.8777892 -0.4551816
v 0.4517450 0.8768687 -0.4557994
v 0.4575750 0.8777750 -0.4542807
v 0.4574269 0.8752117 -0.4644225
v 0.4540456 0.8741495 -0.4651003
v 0.4608865 0.8751834 -0.4634186
v 0.4601109 0.8725209 -0.4736720
v 0.4564770 0.8714021 -0.4743412
v 0.4638233 0.8724784 -0.4726338
v 0.4626730 0.8696743 -0.4829129
v 0.4590042 0.8685555 -0.4835993
v 0.4664202 0.8696460 -0.4818403
v 0.4652961 0.8666861 -0.4920851
v 0.4617841 0.8656098 -0.4927544
v 0.4688603 0.8666719 -0.4910212
v 0.4679888 0.8634855 -0.5011716
v 0.4648865 0.8625224 -0.5017722
v 0.4711435 0.8634855 -0.5001848
v 0.4707949 0.8600441 -0.5101379
v 0.4683113 0.8592651 -0.5106441
v 0.4733047 0.8600724 -0.5092970
v 0.4737491 0.8563336 -0.5189326
v 0.4720149 0.8557813 -0.5193016
v 0.4755095 0.8563619 -0.5183148
v 0.4768689 0.8522832 -0.5275300
v 0.4758406 0.8519717 -0.5277359
v 0.4778972 0.8522974 -0.5271696
v 0.4799190 0.8478505 -0.5359558
v 0.4794746 0.8477230 -0.5360416
v 0.4803547 0.8478505 -0.5358099
v 0.4828296 0.8429787 -0.5441928
v 0.4827861 0.8429645 -0.5442014
v 0.4828645 0.8429787 -0.5441756
v 0.4832305 0.8422989 -0.5453254
v 0.4489477 0.8827884 -0.4366655
v 0.4576447 0.8808907 -0.4412302
v 0.4565816 0.8798852 -0.4428003
v 0.4586992 0.8812589 -0.4394112
v 0.4662895 0.8789647 -0.4458721
v 0.4647209 0.8775343 -0.4481201
v 0.4678494 0.8794887 -0.4432551
v 0.4748820 0.8769820 -0.4505826
v 0.4729997 0.8753108 -0.4531910
v 0.4767469 0.8775909 -0.4475452
v 0.4833961 0.8749001 -0.4553961
v 0.4813308 0.8731299 -0.4581504
v 0.4854440 0.8755374 -0.4521699
v 0.4918317 0.8726767 -0.4602868
v 0.4897054 0.8709064 -0.4630668
v 0.4939145 0.8733281 -0.4570349
v 0.5002151 0.8702833 -0.4651861
v 0.4981497 0.8685980 -0.4678203
v 0.5022281 0.8708922 -0.4620715
v 0.5085549 0.8676774 -0.4700511
v 0.5066725 0.8661904 -0.4723764
v 0.5103588 0.8682156 -0.4673054
v 0.5168075 0.8648450 -0.4749247
v 0.5152563 0.8636554 -0.4767694
v 0.5183064 0.8652557 -0.4727281
v 0.5249555 0.8618285 -0.4798840
v 0.5238227 0.8609929 -0.4811625
v 0.5260361 0.8621117 -0.4783396
v 0.5329729 0.8585712 -0.4849035
v 0.5322670 0.8581039 -0.4856499
v 0.5336352 0.8587411 -0.4840025
v 0.5407811 0.8549315 -0.4899830
v 0.5404586 0.8547333 -0.4903004
v 0.5410774 0.8550024 -0.4895883
v 0.5483278 0.8508245 -0.4950882
v 0.5482930 0.8507962 -0.4951225
v 0.5483714 0.8508387 -0.4950367
v 0.5498006 0.8500031 -0.4960921
v 0.4489477 0.8827884 -0.4366655
v 0.4589171 0.8819812 -0.4363309
v 0.4588822 0.8808341 -0.4381413
v 0.4588909 0.8825193 -0.4342544
v 0.4688777 0.8812164 -0.4360391
v 0.4688167 0.8795595 -0.4386561
v 0.4688603 0.8819954 -0.4330275
v 0.4788384 0.8803950 -0.4357474
v 0.4787425 0.8784407 -0.4388191
v 0.4788123 0.8813014 -0.4322209
v 0.4848950 0.8797719 -0.4355415
v 0.4839800 0.8778459 -0.4387162
v 0.4856009 0.8806216 -0.4318777
v 0.4982456 0.8762597 -0.4372833
v 0.4971301 0.8743195 -0.4405523
v 0.4990212 0.8771236 -0.4334994
v 0.5075701 0.8728608 -0.4384416
v 0.5063675 0.8710480 -0.4415648
v 0.5083718 0.8736539 -0.4348207
v 0.5165896 0.8686688 -0.4395141
v 0.5153870 0.8671251 -0.4422855
v 0.5173565 0.8693627 -0.4362794
v 0.5252344 0.8637262 -0.4404923
v 0.5241625 0.8625366 -0.4427403
v 0.5258880 0.8642644 -0.4378667
v 0.5334522 0.8581180 -0.4414103
v 0.5326243 0.8573108 -0.4430148
v 0.5339576 0.8584862 -0.4395313
v 0.5411994 0.8518442 -0.4422598
v 0.5406504 0.8513910 -0.4432294
v 0.5415131 0.8520566 -0.4411272
v 0.5483714 0.8449189 -0.4429977
v 0.5481100 0.8447207 -0.4434439
v 0.5485283 0.8450039 -0.4424743
v 0.5549073 0.8373705 -0.4436069
v 0.5548550 0.8373422 -0.4436841
v 0.5549334 0.8373847 -0.4435211
v 0.5567983 0.8350621 -0.4437785
f 1 2 10
f 10 9 1
f 2 3 11
f 11 10 2
f 3 4 12
f 12 11 3
f 4 5 13
f 13 12 4
f 5 6 14
f 14 13 5
f 6 7 15
f 15 14 6
f 7 8 16
f 16 15 7
f 8 1 9
f 9 16 8
f 9 10 18
f 18 17 9
f 10 11 19
f 19 18 10
f 11 12 20
f 20 19 11
f 12 13 21
f 21 20 12
f 13 14 22
f 22 21 13
f 14 15 23
f 23 22 14
f 15 16 24
f 24 23 15
f 16 9 17
f 17 24 16
f 17 18 26
f 26 25 17
f 18 19 27
f 27 26 18
f 19 20 28
f 28 27 19
f 20 21 29
f 29 28 20
f 21 22 30
f 30 29 21
f 22 23 31
f 31 30 22
f 23 24 32
f 32 31 23
f 24 17 25
f 25 32 24
f 25 26 34
f 34 33 25
f 26 27 35
f 35 34 26
f 27 28 36
f 36 35 27
f 28 29 37
f 37 36 28
f 29 30 38
f 38 37 29
f 30 31 39
f 39 38 30
f 31 32 40
f 40 39 31
f 32 25 33
f 33 40 32
f 33 34 42
f 42 41 33
f 34 35 43
f 43 42 34
f 35 36 44
f 44 43 35
f 36 37 45
f 45 44 36
f 37 38 46
f 46 45 37
f 38 39 47
f 47 46 38
f 39 40 48
f 48 47 39
f 40 33 41
f 41 48 40
f 41 42 50
f 50 49 41
f 42 43 51
f 51 50 42
f 43 44 52
f 52 51 43
f 44 45 53
f 53 52 44
f 45 46 54
f 54 53 45
f 46 47 55
f 55 54 46
f 47 48 56
f 56 55 47
f 48 41 49
f 49 56 48
f 49 50 58
f 58 57 49
f 50 51 59
f 59 58 50
f 51 52 60
f 60 59 51
f 52 53 61
f 61 60 52
f 53 54 62
f 62 61 53
f 54 55 63
f 63 62 54
f 55 56 64
f 64 63 55
f 56 49 57
f 57 64 56
f 57 58 66
f 66 65 57
f 58 59 67
f 67 66 58
f 59 60 68
f 68 67 59
f 60 61 69
f 69 68 60
f 61 62 70
f 70 69 61
f 62 63 71
f 71 70 62
f 63 64 72
f 72 71 63
f 64 57 65
f 65 72 64
f 65 66 74
f 74 73 65
f 66 67 75
f 75 74 66
f 67 68 76
f 76 75 67
f 68 69 77
f 77 76 68
f 69 70 78
f 78 77 69
f 70 71 79
f 79 78 70
f 71 72 80
f 80 79 71
f 72 65 73
f 73 80 72
f 73 74 82
f 82 81 73
f 74 75 83
f 83 82 74
f 75 76 84
f 84 83 75
f 76 77 85
f 85 84 76
f 77 78 86
f 86 85 77
f 78 79 87
f 87 86 78
f 79 80 88
f 88 87 79
f 80 73 81
f 81 88 80
f 81 82 90
f 90 89 81
f 82 83 91
f 91 90 82
f 83 84 92
f 92 91 83
f 84 85 93
f 93 92 84
f 85 86 94
f 94 93 85
f 86 87 95
f 95 94 86
f 87 88 96
f 96 95 87
f 88 81 89
f 89 96 88
f 89 90 98
f 98 97 89
f 90 91 99
f 99 98 90
f 91 92 100
f 100 99 91
f 92 93 101
f 101 100 92
f 93 94 102
f 102 101 93
f 94 95 103
f 103 102 94
f 95 96 104
f 104 103 95
f 96 89 97
f 97 104 96
f 97 98 106
f 106 105 97
f 98 99 107
f 107 106 98
f 99 100 108
f 108 107 99
f 100 101 109
f 109 108 100
f 101 102 110
f 110 109 101
f 102 103 111
f 111 110 102
f 103 104 112
f 112 111 103
f 104 97 105
f 105 112 104
f 105 106 114
f 114 113 105
f 106 107 115
f 115 114 106
f 107 108 116
f 116 115 107
f 108 109 117
f 117 116 108
f 109 110 118
f 118 117 109
f 110 111 119
f 119 118 110
f 111 112 120
f 120 119 111
f 112 105 113
f 113 120 112
f 113 114 122
f 122 121 113
f 114 115 123
f 123 122 114
f 115 116 124
f 124 123 115
f 116 117 125
f 125 124 116
f 117 118 126
f 126 125 117
f 118 119 127
f 127 126 118
f 119 120 128
f 128 127 119
f 120 113 121
f 121 128 120
f 121 122 130
f 130 129 121
f 122 123 131
f 131 130 122
f 123 124 132
f 132 131 123
f 124 125 133
f 133 132 124
f 125 126 134
f 134 133 125
f 126 127 135
f 135 134 126
f 127 128 136
f 136 135 127
f 128 121 129
f 129 136 128
f 129 130 138
f 138 137 129
f 130 131 139
f 139 138 130
f 131 132 140
f 140 139 131
f 132 133 141
f 141 140 132
f 133 134 142
f 142 141 133
f 134 135 143
f 143 142 134
f 135 136 144
f 144 143 135
f 136 129 137
f 137 144 136
f 137 138 146
f 146 145 137
f 138 139 147
f 147 146 138
f 139 140 148
f 148 147 139
f 140 141 149
f 149 148 140
f 141 142 150
f 150 149 141
f 142 143 151
f 151 150 142
f 143 144 152
f 152 151 143
f 144 137 145
f 145 152 144
f 145 146 154
f 154 153 145
f 146 147 155
f 155 154 146
f 147 148 156
f 156 155 147
f 148 149 157
f 157 156 148
f 149 150 158
f 158 157 149
f 150 151 159
f 159 158 150
f 151 152 160
f 160 159 151
f 152 145 153
f 153 160 152
f 153 154 162
f 162 161 153
f 154 155 163
f 163 162 154
f 155 156 164
f 164 163 155
f 156 157 165
f 165 164 156
f 157 158 166
f 166 165 157
f 158 159 167
f 167 166 158
f 159 160 168
f 168 167 159
f 160 153 161
f 161 168 160
f 161 162 170
f 170 169 161
f 162 163 171
f 171 170 162
f 163 164 172
f 172 171 163
f 164 165 173
f 173 172 164
f 165 166 174
f 174 173 165
f 166 167 175
f 175 174 166
f 167 168 176
f 176 175 167
f 168 161 169
f 169 176 168
f 169 170 178
f 178 177 169
f 170 171 179
f 179 178 170
f 171 172 180
f 180 179 171
f 172 173 181
f 181 180 172
f 173 174 182
f 182 181 173
f 174 175 183
f 183 182 174
f 175 176 184
f 184 183 175
f 176 169 177
f 177 184 176
f 177 178 186
f 186 185 177
f 178 179 187
f 187 186 178
f 179 180 188
f 188 187 179
f 180 181 189
f 189 188 180
f 181 182 190
f 190 189 181
f 182 183 191
f 191 190 182
f 183 184 192
f 192 191 183
f 184 177 185
f 185 192 184
f 185 186 194
f 194 193 185
f 186 187 195
f 195 194 186
f 187 188 196
f 196 195 187
f 188 189 197
f 197 196 188
f 189 190 198
f 198 197 189
f 190 191 199
f 199 198 190
f 191 192 200
f 200 199 191
f 192 185 193
f 193 200 192
f 193 194 202
f 202 201 193
f 194 195 203
f 203 202 194
f 195 196 204
f 204 203 195
f 196 197 205
f 205 204 196
f 197 198 206
f 206 205 197
f 198 199 207
f 207 206 198
f 199 200 208
f 208 207 199
f 200 193 201
f 201 208 200
f 201 202 210
f 210 209 201
f 202 203 211
f 211 210 202
f 203 204 212
f 212 211 203
f 204 205 213
f 213 212 204
f 205 206 214
f 214 213 205
f 206 207 215
f 215 214 206
f 207 208 216
f 216 215 207
f 208 201 209
f 209 216 208
f 209 210 218
f 218 217 209
f 210 211 219
f 219 218 210
f 211 212 220
f 220 219 211
f 212 213 221
f 221 220 212
f 213 214 222
f 222 221 213
f 214 215 223
f 223 222 214
f 215 216 224
f 224 223 215
f 216 209 217
f 217 224 216
f 217 218 226
f 226 225 217
f 218 219 227
f 227 226 218
f 219 220 228
f 228 227 219
f 220 221 229
f 229 228 220
f 221 222 230
f 230 229 221
f 222 223 231
f 231 230 222
f 223 224 232
f 232 231 223
f 224 217 225
f 225 232 224
f 225 226 234
f 234 233 225
f 226 227 235
f 235 234 226
f 227 228 236
f 236 235 227
f 228 229 237
f 237 236 228
f 229 230 238
f 238 237 229
f 230 231 239
f 239 238 230
f 231 232 240
f 240 239 231
f 232 225 233
f 233 240 232
f 233 234 242
f 242 241 233
f 234 235 243
f 243 242 234
f 235 236 244
f 244 243 235
f 236 237 245
f 245 244 236
f 237 238 246
f 246 245 237
f 238 239 247
f 247 246 238
f 239 240 248
f 248 247 239
f 240 233 241
f 241 248 240
f 241 242 250
f 250 249 241
f 242 243 251
f 251 250 242
f 243 244 252
f 252 251 243
f 244 245 253
f 253 252 244
f 245 246 254
f 254 253 245
f 246 247 255
f 255 254 246
f 247 248 256
f 256 255 247
f 248 241 249
f 249 256 248
f 249 250 258
f 258 257 249
f 250 251 259
f 259 258 250
f 251 252 260
f 260 259 251
f 252 253 261
f 261 260 252
f 253 254 262
f 262 261 253
f 254 255 263
f 263 262 254
f 255 256 264
f 264 263 255
f 256 249 257
f 257 264 256
f 257 258 266
f 266 265 257
f 258 259 267
f 267 266 258
f 259 260 268
f 268 267 259
f 260 261 269
f 269 268 260
f 261 262 270
f 270 269 261
f 262 263 271
f 271 270 262
f 263 264 272
f 272 271 263
f 264 257 265
f 265 272 264
f 265 266 274
f 274 273 265
f 266 267 275
f 275 274 266
f 267 268 276
f 276 275 267
f 268 269 277
f 277 276 268
f 269 270 278
f 278 277 269
f 270 271 279
f 279 278 270
f 271 272 280
f 280 279 271
f 272 265 273
f 273 280 272
f 273 274 282
f 282 281 273
f 274 275 283
f 283 282 274
f 275 276 284
f 284 283 275
f 276 277 285
f 285 284 276
f 277 278 286
f 286 285 277
f 278 279 287
f 287 286 278
f 279 280 288
f 288 287 279
f 280 273 281
f 281 288 280
f 281 282 290
f 290 289 281
f 282 283 291
f 291 290 282
f 283 284 292
f 292 291 283
f 284 285 293
f 293 292 284
f 285 286 294
f 294 293 285
f 286 287 295
f 295 294 286
f 287 288 296
f 296 295 287
f 288 281 289
f 289 296 288
f 289 290 298
f 298 297 289
f 290 291 299
f 299 298 290
f 291 292 300
f 300 299 291
f 292 293 301
f 301 300 292
f 293 294 302
f 302 301 293
f 294 295 303
f 303 302 294
f 295 296 304
f 304 303 295
f 296 289 297
f 297 304 296
f 297 298 306
f 306 305 297
f 298 299 307
f 307 306 298
f 299 300 308
f 308 307 299
f 300 301 309
f 309 308 300
f 301 302 310
f 310 309 301
f 302 303 311
f 311 310 302
f 303 304 312
f 312 311 303
f 304 297 305
f 305 312 304
f 305 306 314
f 314 313 305
f 306 307 315
f 315 314 306
f 307 308 316
f 316 315 307
f 308 309 317
f 317 316 308
f 309 310 318
f 318 317 309
f 310 311 319
f 319 318 310
f 311 312 320
f 320 319 311
f 312 305 313
f 313 320 312
f 313 314 322
f 322 321 313
f 314 315 323
f 323 322 314
f 315 316 324
f 324 323 315
f 316 317 325
f 325 324 316
f 317 318 326
f 326 325 317
f 318 319 327
f 327 326 318
f 319 320 328
f 328 327 319
f 320 313 321
f 321 328 320
f 321 322 330
f 330 329 321
f 322 323 331
f 331 330 322
f 323 324 332
f 332 331 323
f 324 325 333
f 333 332 324
f 325 326 334
f 334 333 325
f 326 327 335
f 335 334 326
f 327 328 336
f 336 335 327
f 328 321 329
f 329 336 328
f 329 330 338
f 338 337 329
f 330 331 339
f 339 338 330
f 331 332 340
f 340 339 331
f 332 333 341
f 341 340 332
f 333 334 342
f 342 341 333
f 334 335 343
f 343 342 334
f 335 336 344
f 344 343 335
f 336 329 337
f 337 344 336
f 337 338 346
f 346 345 337
f 338 339 347
f 347 346 338
f 339 340 348
f 348 347 339
f 340 341 349
f 349 348 340
f 341 342 350
f 350 349 341
f 342 343 351
f 351 350 342
f 343 344 352
f 352 351 343
f 344 337 345
f 345 352 344
f 345 346 354
f 354 353 345
f 346 347 355
f 355 354 346
f 347 348 356
f 356 355 347
f 348 349 357
f 357 356 348
f 349 350 358
f 358 357 349
f 350 351 359
f 359 358 350
f 351 352 360
f 360 359 351
f 352 345 353
f 353 360 352
f 353 354 362
f 362 361 353
f 354 355 363
f 363 362 354
f 355 356 364
f 364 363 355
f 356 357 365
f 365 364 356
f 357 358 366
f 366 365 357
f 358 359 367
f 367 366 358
f 359 360 368
f 368 367 359
f 360 353 361
f 361 368 360
f 361 362 370
f 370 369 361
f 362 363 371
f 371 370 362
f 363 364 372
f 372 371 363
f 364 365 373
f 373 372 364
f 365 366 374
f 374 373 365
f 366 367 375
f 375 374 366
f 367 368 376
f 376 375 367
f 368 361 369
f 369 376 368
f 369 370 378
f 378 377 369
f 370 371 379
f 379 378 370
f 371 372 380
f 380 379 371
f 372 373 381
f 381 380 372
f 373 374 382
f 382 381 373
f 374 375 383
f 383 382 374
f 375 376 384
f 384 383 375
f 376 369 377
f 377 384 376
f 377 378 386
f 386 385 377
f 378 379 387
f 387 386 378
f 379 380 388
f 388 387 379
f 380 381 389
f 389 388 380
f 381 382 390
f 390 389 381
f 382 383 391
f 391 390 382
f 383 384 392
f 392 391 383
f 384 377 385
f 385 392 384
f 385 386 394
f 394 393 385
f 386 387 395
f 395 394 386
f 387 388 396
f 396 395 387
f 388 389 397
f 397 396 388
f 389 390 398
f 398 397 389
f 390 391 399
f 399 398 390
f 391 392 400
f 400 399 391
f 392 385 393
f 393 400 392
f 393 394 402
f 402 401 393
f 394 395 403
f 403 402 394
f 395 396 404
f 404 403 395
f 396 397 405
f 405 404 396
f 397 398 406
f 406 405 397
f 398 399 407
f 407 406 398
f 399 400 408
f 408 407 399
f 400 393 401
f 401 408 400
f 401 402 410
f 410 409 401
f 402 403 411
f 411 410 402
f 403 404 412
f 412 411 403
f 404 405 413
f 413 412 404
f 405 406 414
f 414 413 405
f 406 407 415
f 415 414 406
f 407 408 416
f 416 415 407
f 408 401 409
f 409 416 408
f 409 410 418
f 418 417 409
f 410 411 419
f 419 418 410
f 411 412 420
f 420 419 411
f 412 413 421
f 421 420 412
f 413 414 422
f 422 421 413
f 414 415 423
f 423 422 414
f 415 416 424
f 424 423 415
f 416 409 417
f 417 424 416
f 417 418 426
f 426 425 417
f 418 419 427
f 427 426 418
f 419 420 428
f 428 427 419
f 420 421 429
f 429 428 420
f 421 422 430
f 430 429 421
f 422 423 431
f 431 430 422
f 423 424 432
f 432 431 423
f 424 417 425
f 425 432 424
f 425 426 434
f 434 433 425
f 426 427 435
f 435 434 426
f 427 428 436
f 436 435 427
f 428 429 437
f 437 436 428
f 429 430 438
f 438 437 429
f 430 431 439
f 439 438 430
f 431 432 440
f 440 439 431
f 432 425 433
f 433 440 432
f 433 434 442
f 442 441 433
f 434 435 443
f 443 442 434
f 435 436 444
f 444 443 435
f 436 437 445
f 445 444 436
f 437 438 446
f 446 445 437
f 438 439 447
f 447 446 438
f 439 440 448
f 448 447 439
f 440 433 441
f 441 448 440
f 441 442 450
f 450 449 441
f 442 443 451
f 451 450 442
f 443 444 452
f 452 451 443
f 444 445 453
f 453 452 444
f 445 446 454
f 454 453 445
f 446 447 455
f 455 454 446
f 447 448 456
f 456 455 447
f 448 441 449
f 449 456 448
f 449 450 458
f 458 457 449
f 450 451 459
f 459 458 450
f 451 452 460
f 460 459 451
f 452 453 461
f 461 460 452
f 453 454 462
f 462 461 453
f 454 455 463
f 463 462 454
f 455 456 464
f 464 463 455
f 456 449 457
f 457 464 456
f 457 458 466
f 466 465 457
f 458 459 467
f 467 466 458
f 459 460 468
f 468 467 459
f 460 461 469
f 469 468 460
f 461 462 470
f 470 469 461
f 462 463 471
f 471 470 462
f 463 464 472
f 472 471 463
f 464 457 465
f 465 472 464
f 465 466 474
f 474 473 465
f 466 467 475
f 475 474 466
f 467 468 476
f 476 475 467
f 468 469 477
f 477 476 468
f 469 470 478
f 478 477 469
f 470 471 479
f 479 478 470
f 471 472 480
f 480 479 471
f 472 465 473
f 473 480 472
f 473 474 482
f 482 481 473
f 474 475 483
f 483 482 474
f 475 476 484
f 484 483 475
f 476 477 485
f 485 484 476
f 477 478 486
f 486 485 477
f 478 479 487
f 487 486 478
f 479 480 488
f 488 487 479
f 480 473 481
f 481 488 480
f 481 482 490
f 490 489 481
f 482 483 491
f 491 490 482
f 483 484 492
f 492 491 483
f 484 485 493
f 493 492 484
f 485 486 494
f 494 493 485
f 486 487 495
f 495 494 486
f 487 488 496
f 496 495 487
f 488 481 489
f 489 496 488
f 489 490 498
f 498 497 489
f 490 491 499
f 499 498 490
f 491 492 500
f 500 499 491
f 492 493 501
f 501 500 492
f 493 494 502
f 502 501 493
f 494 495 503
f 503 502 494
f 495 496 504
f 504 503 495
f 496 489 497
f 497 504 496
f 497 498 506
f 506 505 497
f 498 499 507
f 507 506 498
f 499 500 508
f 508 507 499
f 500 501 509
f 509 508 500
f 501 502 510
f 510 509 501
f 502 503 511
f 511 510 502
f 503 504 512
f 512 511 503
f 504 497 505
f 505 512 504
f 505 506 514
f 514 513 505
f 506 507 515
f 515 514 506
f 507 508 516
f 516 515 507
f 508 509 517
f 517 516 508
f 509 510 518
f 518 517 509
f 510 511 519
f 519 518 510
f 511 512 520
f 520 519 511
f 512 505 513
f 513 520 512
f 513 514 522
f 522 521 513
f 514 515 523
f 523 522 514
f 515 516 524
f 524 523 515
f 516 517 525
f 525 524 516
f 517 518 526
f 526 525 517
f 518 519 527
f 527 526 518
f 519 520 528
f 528 527 519
f 520 513 521
f 521 528 520
f 521 522 530
f 530 529 521
f 522 523 531
f 531 530 522
f 523 524 532
f 532 531 523
f 524 525 533
f 533 532 524
f 525 526 534
f 534 533 525
f 526 527 535
f 535 534 526
f 527 528 536
f 536 535 527
f 528 521 529
f 529 536 528
f 529 530 538
f 538 537 529
f 530 531 539
f 539 538 530
f 531 532 540
f 540 539 531
f 532 533 541
f 541 540 532
f 533 534 542
f 542 541 533
f 534 535 543
f 543 542 534
f 535 536 544
f 544 543 535
f 536 529 537
f 537 544 536
f 537 538 546
f 546 545 537
f 538 539 547
f 547 546 538
f 539 540 548
f 548 547 539
f 540 541 549
f 549 548 540
f 541 542 550
f 550 549 541
f 542 543 551
f 551 550 542
f 543 544 552
f 552 551 543
f 544 537 545
f 545 552 544
f 545 546 554
f 554 553 545
f 546 547 555
f 555 554 546
f 547 548 556
f 556 555 547
f 548 549 557
f 557 556 548
f 549 550 558
f 558 557 549
f 550 551 559
f 559 558 550
f 551 552 560
f 560 559 551
f 552 545 553
f 553 560 552
f 553 554 562
f 562 561 553
f 554 555 563
f 563 562 554
f 555 556 564
f 564 563 555
f 556 557 565
f 565 564 556
f 557 558 566
f 566 565 557
f 558 559 567
f 567 566 558
f 559 560 568
f 568 567 559
f 560 553 561
f 561 568 560
f 561 562 570
f 570 569 561
f 562 563 571
f 571 570 562
f 563 564 572
f 572 571 563
f 564 565 573
f 573 572 564
f 565 566 574
f 574 573 565
f 566 567 575
f 575 574 566
f 567 568 576
f 576 575 567
f 568 561 569
f 569 576 568
f 569 570 578
f 578 577 569
f 570 571 579
f 579 578 570
f 571 572 580
f 580 579 571
f 572 573 581
f 581 580 572
f 573 574 582
f 582 581 573
f 574 575 583
f 583 582 574
f 575 576 584
f 584 583 575
f 576 569 577
f 577 584 576
f 577 578 586
f 586 585 577
f 578 579 587
f 587 586 578
f 579 580 588
f 588 587 579
f 580 581 589
f 589 588 580
f 581 582 590
f 590 589 581
f 582 583 591
f 591 590 582
f 583 584 592
f 592 591 583
f 584 577 585
f 585 592 584
f 585 586 594
f 594 593 585
f 586 587 595
f 595 594 586
f 587 588 596
f 596 595 587
f 588 589 597
f 597 596 588
f 589 590 598
f 598 597 589
f 590 591 599
f 599 598 590
f 591 592 600
f 600 599 591
f 592 585 593
f 593 600 592
f 593 594 602
f 602 601 593
f 594 595 603
f 603 602 594
f 595 596 604
f 604 603 595
f 596 597 605
f 605 604 596
f 597 598 606
f 606 605 597
f 598 599 607
f 607 606 598
f 599 600 608
f 608 607 599
f 600 593 601
f 601 608 600
f 601 602 610
f 610 609 601
f 602 603 611
f 611 610 602
f 603 604 612
f 612 611 603
f 604 605 613
f 613 612 604
f 605 606 614
f 614 613 605
f 606 607 615
f 615 614 606
f 607 608 616
f 616 615 607
f 608 601 609
f 609 616 608
f 609 610 618
f 618 617 609
f 610 611 619
f 619 618 610
f 611 612 620
f 620 619 611
f 612 613 621
f 621 620 612
f 613 614 622
f 622 621 613
f 614 615 623
f 623 622 614
f 615 616 624
f 624 623 615
f 616 609 617
f 617 624 616
f 617 618 626
f 626 625 617
f 618 619 627
f 627 626 618
f 619 620 628
f 628 627 619
f 620 621 629
f 629 628 620
f 621 622 630
f 630 629 621
f 622 623 631
f 631 630 622
f 623 624 632
f 632 631 623
f 624 617 625
f 625 632 624
f 625 626 634
f 634 633 625
f 626 627 635
f 635 634 626
f 627 628 636
f 636 635 627
f 628 629 637
f 637 636 628
f 629 630 638
f 638 637 629
f 630 631 639
f 639 638 630
f 631 632 640
f 640 639 631
f 632 625 633
f 633 640 632
f 633 634 642
f 642 641 633
f 634 635 643
f 643 642 634
f 635 636 644
f 644 643 635
f 636 637 645
f 645 644 636
f 637 638 646
f 646 645 637
f 638 639 647
f 647 646 638
f 639 640 648
f 648 647 639
f 640 633 641
f 641 648 640
f 641 642 650
f 650 649 641
f 642 643 651
f 651 650 642
f 643 644 652
f 652 651 643
f 644 645 653
f 653 652 644
f 645 646 654
f 654 653 645
f 646 647 655
f 655 654 646
f 647 648 656
f 656 655 647
f 648 641 649
f 649 656 648
f 649 650 658
f 658 657 649
f 650 651 659
f 659 658 650
f 651 652 660
f 660 659 651
f 652 653 661
f 661 660 652
f 653 654 662
f 662 661 653
f 654 655 663
f 663 662 654
f 655 656 664
f 664 663 655
f 656 649 657
f 657 664 656
f 657 658 666
f 666 665 657
f 658 659 667
f 667 666 658
f 659 660 668
f 668 667 659
f 660 661 669
f 669 668 660
f 661 662 670
f 670 669 661
f 662 663 671
f 671 670 662
f 663 664 672
f 672 671 663
f 664 657 665
f 665 672 664
f 665 666 674
f 674 673 665
f 666 667 675
f 675 674 666
f 667 668 676
f 676 675 667
f 668 669 677
f 677 676 668
f 669 670 678
f 678 677 669
f 670 671 679
f 679 678 670
f 671 672 680
f 680 679 671
f 672 665 673
f 673 680 672
f 673 674 682
f 682 681 673
f 674 675 683
f 683 682 674
f 675 676 684
f 684 683 675
f 676 677 685
f 685 684 676
f 677 678 686
f 686 685 677
f 678 679 687
f 687 686 678
f 679 680 688
f 688 687 679
f 680 673 681
f 681 688 680
f 681 682 690
f 690 689 681
f 682 683 691
f 691 690 682
f 683 684 692
f 692 691 683
f 684 685 693
f 693 692 684
f 685 686 694
f 694 693 685
f 686 687 695
f 695 694 686
f 687 688 696
f 696 695 687
f 688 681 689
f 689 696 688
f 689 690 698
f 698 697 689
f 690 691 699
f 699 698 690
f 691 692 700
f 700 699 691
f 692 693 701
f 701 700 692
f 693 694 702
f 702 701 693
f 694 695 703
f 703 702 694
f 695 696 704
f 704 703 695
f 696 689 697
f 697 704 696
f 697 698 706
f 706 705 697
f 698 699 707
f 707 706 698
f 699 700 708
f 708 707 699
f 700 701 709
f 709 708 700
f 701 702 710
f 710 709 701
f 702 703 711
f 711 710 702
f 703 704 712
f 712 711 703
f 704 697 705
f 705 712 704
f 705 706 714
f 714 713 705
f 706 707 715
f 715 714 706
f 707 708 716
f 716 715 707
f 708 709 717
f 717 716 708
f 709 710 718
f 718 717 709
f 710 711 719
f 719 718 710
f 711 712 720
f 720 719 711
f 712 705 713
f 713 720 712
f 713 714 722
f 722 721 713
f 714 715 723
f 723 722 714
f 715 716 724
f 724 723 715
f 716 717 725
f 725 724 716
f 717 718 726
f 726 725 717
f 718 719 727
f 727 726 718
f 719 720 728
f 728 727 719
f 720 713 721
f 721 728 720
f 721 722 730
f 730 729 721
f 722 723 731
f 731 730 722
f 723 724 732
f 732 731 723
f 724 725 733
f 733 732 724
f 725 726 734
f 734 733 725
f 726 727 735
f 735 734 726
f 727 728 736
f 736 735 727
f 728 721 729
f 729 736 728
f 729 730 738
f 738 737 729
f 730 731 739
f 739 738 730
f 731 732 740
f 740 739 731
f 732 733 741
f 741 740 732
f 733 734 742
f 742 741 733
f 734 735 743
f 743 742 734
f 735 736 744
f 744 743 735
f 736 729 737
f 737 744 736
f 737 738 746
f 746 745 737
f 738 739 747
f 747 746 738
f 739 740 748
f 748 747 739
f 740 741 749
f 749 748 740
f 741 742 750
f 750 749 741
f 742 743 751
f 751 750 742
f 743 744 752
f 752 751 743
f 744 737 745
f 745 752 744
f 745 746 754
f 754 753 745
f 746 747 755
f 755 754 746
f 747 748 756
f 756 755 747
f 748 749 757
f 757 756 748
f 749 750 758
f 758 757 749
f 750 751 759
f 759 758 750
f 751 752 760
f 760 759 751
f 752 745 753
f 753 760 752
f 753 754 762
f 762 761 753
f 754 755 763
f 763 762 754
f 755 756 764
f 764 763 755
f 756 757 765
f 765 764 756
f 757 758 766
f 766 765 757
f 758 759 767
f 767 766 758
f 759 760 768
f 768 767 759
f 760 753 761
f 761 768 760
f 761 762 770
f 770 769 761
f 762 763 771
f 771 770 762
f 763 764 772
f 772 771 763
f 764 765 773
f 773 772 764
f 765 766 774
f 774 773 765
f 766 767 775
f 775 774 766
f 767 768 776
f 776 775 767
f 768 761 769
f 769 776 768
f 769 770 778
f 778 777 769
f 770 771 779
f 779 778 770
f 771 772 780
f 780 779 771
f 772 773 781
f 781 780 772
f 773 774 782
f 782 781 773
f 774 775 783
f 783 782 774
f 775 776 784
f 784 783 775
f 776 769 777
f 777 784 776
f 777 778 786
f 786 785 777
f 778 779 787
f 787 786 778
f 779 780 788
f 788 787 779
f 780 781 789
f 789 788 780
f 781 782 790
f 790 789 781
f 782 783 791
f 791 790 782
f 783 784 792
f 792 791 783
f 784 777 785
f 785 792 784
f 785 786 794
f 794 793 785
f 786 787 795
f 795 794 786
f 787 788 796
f 796 795 787
f 788 789 797
f 797 796 788
f 789 790 798
f 798 797 789
f 790 791 799
f 799 798 790
f 791 792 800
f 800 799 791
f 792 785 793
f 793 800 792
f 793 794 802
f 802 801 793
f 794 795 803
f 803 802 794
f 795 796 804
f 804 803 795
f 796 797 805
f 805 804 796
f 797 798 806
f 806 805 797
f 798 799 807
f 807 806 798
f 799 800 808
f 808 807 799
f 800 793 801
f 801 808 800
f 801 802 810
f 810 809 801
f 802 803 811
f 811 810 802
f 803 804 812
f 812 811 803
f 804 805 813
f 813 812 804
f 805 806 814
f 814 813 805
f 806 807 815
f 815 814 806
f 807 808 816
f 816 815 807
f 808 801 809
f 809 816 808
f 809 810 818
f 818 817 809
f 810 811 819
f 819 818 810
f 811 812 820
f 820 819 811
f 812 813 821
f 821 820 812
f 813 814 822
f 822 821 813
f 814 815 823
f 823 822 814
f 815 816 824
f 824 823 815
f 816 809 817
f 817 824 816
f 817 818 826
f 826 825 817
f 818 819 827
f 827 826 818
f 819 820 828
f 828 827 819
f 820 821 829
f 829 828 820
f 821 822 830
f 830 829 821
f 822 823 831
f 831 830 822
f 823 824 832
f 832 831 823
f 824 817 825
f 825 832 824
f 825 826 834
f 834 833 825
f 826 827 835
f 835 834 826
f 827 828 836
f 836 835 827
f 828 829 837
f 837 836 828
f 829 830 838
f 838 837 829
f 830 831 839
f 839 838 830
f 831 832 840
f 840 839 831
f 832 825 833
f 833 840 832
f 833 834 842
f 842 841 833
f 834 835 843
f 843 842 834
f 835 836 844
f 844 843 835
f 836 837 845
f 845 844 836
f 837 838 846
f 846 845 837
f 838 839 847
f 847 846 838
f 839 840 848
f 848 847 839
f 840 833 841
f 841 848 840
f 841 842 850
f 850 849 841
f 842 843 851
f 851 850 842
f 843 844 852
f 852 851 843
f 844 845 853
f 853 852 844
f 845 846 854
f 854 853 845
f 846 847 855
f 855 854 846
f 847 848 856
f 856 855 847
f 848 841 849
f 849 856 848
f 849 850 858
f 858 857 849
f 850 851 859
f 859 858 850
f 851 852 860
f 860 859 851
f 852 853 861
f 861 860 852
f 853 854 862
f 862 861 853
f 854 855 863
f 863 862 854
f 855 856 864
f 864 863 855
f 856 849 857
f 857 864 856
f 857 858 866
f 866 865 857
f 858 859 867
f 867 866 858
f 859 860 868
f 868 867 859
f 860 861 869
f 869 868 860
f 861 862 870
f 870 869 861
f 862 863 871
f 871 870 862
f 863 864 872
f 872 871 863
f 864 857 865
f 865 872 864
f 865 866 874
f 874 873 865
f 866 867 875
f 875 874 866
f 867 868 876
f 876 875 867
f 868 869 877
f 877 876 868
f 869 870 878
f 878 877 869
f 870 871 879
f 879 878 870
f 871 872 880
f 880 879 871
f 872 865 873
f 873 880 872
f 873 874 882
f 882 881 873
f 874 875 883
f 883 882 874
f 875 876 884
f 884 883 875
f 876 877 885
f 885 884 876
f 877 878 886
f 886 885 877
f 878 879 887
f 887 886 878
f 879 880 888
f 888 887 879
f 880 873 881
f 881 888 880
f 881 882 890
f 890 889 881
f 882 883 891
f 891 890 882
f 883 884 892
f 892 891 883
f 884 885 893
f 893 892 884
f 885 886 894
f 894 893 885
f 886 887 895
f 895 894 886
f 887 888 896
f 896 895 887
f 888 881 889
f 889 896 888
f 889 890 898
f 898 897 889
f 890 891 899
f 899 898 890
f 891 892 900
f 900 899 891
f 892 893 901
f 901 900 892
f 893 894 902
f 902 901 893
f 894 895 903
f 903 902 894
f 895 896 904
f 904 903 895
f 896 889 897
f 897 904 896
f 897 898 906
f 906 905 897
f 898 899 907
f 907 906 898
f 899 900 908
f 908 907 899
f 900 901 909
f 909 908 900
f 901 902 910
f 910 909 901
f 902 903 911
f 911 910 902
f 903 904 912
f 912 911 903
f 904 897 905
f 905 912 904
f 905 906 914
f 914 913 905
f 906 907 915
f 915 914 906
f 907 908 916
f 916 915 907
f 908 909 917
f 917 916 908
f 909 910 918
f 918 917 909
f 910 911 919
f 919 918 910
f 911 912 920
f 920 919 911
f 912 905 913
f 913 920 912
f 913 914 922
f 922 921 913
f 914 915 923
f 923 922 914
f 915 916 924
f 924 923 915
f 916 917 925
f 925 924 916
f 917 918 926
f 926 925 917
f 918 919 927
f 927 926 918
f 919 920 928
f 928 927 919
f 920 913 921
f 921 928 920
f 921 922 930
f 930 929 921
f 922 923 931
f 931 930 922
f 923 924 932
f 932 931 923
f 924 925 933
f 933 932 924
f 925 926 934
f 934 933 925
f 926 927 935
f 935 934 926
f 927 928 936
f 936 935 927
f 928 921 929
f 929 936 928
f 929 930 938
f 938 937 929
f 930 931 939
f 939 938 930
f 931 932 940
f 940 939 931
f 932 933 941
f 941 940 932
f 933 934 942
f 942 941 933
f 934 935 943
f 943 942 934
f 935 936 944
f 944 943 935
f 936 929 937
f 937 944 936
f 937 938 946
f 946 945 937
f 938 939 947
f 947 946 938
f 939 940 948
f 948 947 939
f 940 941 949
f 949 948 940
f 941 942 950
f 950 949 941
f 942 943 951
f 951 950 942
f 943 944 952
f 952 951 943
f 944 937 945
f 945 952 944
f 945 946 954
f 954 953 945
f 946 947 955
f 955 954 946
f 947 948 956
f 956 955 947
f 948 949 957
f 957 956 948
f 949 950 958
f 958 957 949
f 950 951 959
f 959 958 950
f 951 952 960
f 960 959 951
f 952 945 953
f 953 960 952
f 961 963 962
f 961 962 964
f 962 963 966
f 966 965 962
f 967 964 962
f 962 965 967
f 965 966 969
f 969 968 965
f 970 967 965
f 965 968 970
f 968 969 972
f 972 971 968
f 973 970 968
f 968 971 973
f 971 972 975
f 975 974 971
f 976 973 971
f 971 974 976
f 974 975 978
f 978 977 974
f 979 976 974
f 974 977 979
f 977 978 981
f 981 980 977
f 982 979 977
f 977 980 982
f 980 981 984
f 984 983 980
f 985 982 980
f 980 983 985
f 983 984 987
f 987 986 983
f 988 985 983
f 983 986 988
f 986 987 990
f 990 989 986
f 991 988 986
f 986 989 991
f 989 990 993
f 993 992 989
f 994 991 989
f 989 992 994
f 992 993 995
f 994 992 995
f 996 997 998
f 996 999 997
f 997 1001 998
f 1001 997 1000
f 1002 997 999
f 997 1002 1000
f 1000 1004 1001
f 1004 1000 1003
f 1005 1000 1002
f 1000 1005 1003
f 1003 1007 1004
f 1007 1003 1006
f 1008 1003 1005
f 1003 1008 1006
f 1006 1010 1007
f 1010 1006 1009
f 1011 1006 1008
f 1006 1011 1009
f 1009 1013 1010
f 1013 1009 1012
f 1014 1009 1011
f 1009 1014 1012
f 1012 1016 1013
f 1016 1012 1015
f 1017 1012 1014
f 1012 1017 1015
f 1015 1019 1016
f 1019 1015 1018
f 1020 1015 1017
f 1015 1020 1018
f 1018 1022 1019
f 1022 1018 1021
f 1023 1018 1020
f 1018 1023 1021
f 1021 1025 1022
f 1025 1021 1024
f 1026 1021 1023
f 1021 1026 1024
f 1024 1028 1025
f 1028 1024 1027
f 1029 1024 1026
f 1024 1029 1027
f 1027 1030 1028
f 1029 1030 1027
f 1031 1033 1032
f 1031 1032 1034
f 1032 1033 1036
f 1036 1035 1032
f 1037 1034 1032
f 1032 1035 1037
f 1035 1036 1039
f 1039 1038 1035
f 1040 1037 1035
f 1035 1038 1040
f 1038 1039 1042
f 1042 1041 1038
f 1043 1040 1038
f 1038 1041 1043
f 1041 1042 1045
f 1045 1044 1041
f 1046 1043 1041
f 1041 1044 1046
f 1044 1045 1048
f 1048 1047 1044
f 1049 1046 1044
f 1044 1047 1049
f 1047 1048 1051
f 1051 1050 1047
f 1052 1049 1047
f 1047 1050 1052
f 1050 1051 1054
f 1054 1053 1050
f 1055 1052 1050
f 1050 1053 1055
f 1053 1054 1057
f 1057 1056 1053
f 1058 1055 1053
f 1053 1056 1058
f 1056 1057 1060
f 1060 1059 1056
f 1061 1058 1056
f 1056 1059 1061
f 1059 1060 1063
f 1063 1062 1059
f 1064 1061 1059
f 1059 1062 1064
f 1062 1063 1065
f 1064 1062 1065
f 1066 1067 1068
f 1066 1069 1067
f 1067 1071 1068
f 1071 1067 1070
f 1072 1067 1069
f 1067 1072 1070
f 1070 1074 1071
f 1074 1070 1073
f 1075 1070 1072
f 1070 1075 1073
f 1073 1077 1074
f 1077 1073 1076
f 1078 1073 1075
f 1073 1078 1076
f 1076 1080 1077
f 1080 1076 1079
f 1081 1076 1078
f 1076 1081 1079
f 1079 1083 1080
f 1083 1079 1082
f 1084 1079 1081
f 1079 1084 1082
f 1082 1086 1083
f 1086 1082 1085
f 1087 1082 1084
f 1082 1087 1085
f 1085 1089 1086
f 1089 1085 1088
f 1090 1085 1087
f 1085 1090 1088
f 1088 1092 1089
f 1092 1088 1091
f 1093 1088 1090
f 1088 1093 1091
f 1091 1095 1092
f 1095 1091 1094
f 1096 1091 1093
f 1091 1096 1094
f 1094 1098 1095
f 1098 1094 1097
f 1099 1094 1096
f 1094 1099 1097
f 1097 1101 1098
f 1101 1097 1100
f 1102 1097 1099
f 1097 1102 1100
f 1100 1103 1101
f 1102 1103 1100
f 1104 1106 1105
f 1104 1105 1107
f 1105 1106 1109
f 1109 1108 1105
f 1110 1107 1105
f 1105 1108 1110
f 1108 1109 1112
f 1112 1111 1108
f 1113 1110 1108
f 1108 1111 1113
f 1111 1112 1115
f 1115 1114 1111
f 1116 1113 1111
f 1111 1114 1116
f 1114 1115 1118
f 1118 1117 1114
f 1119 1116 1114
f 1114 1117 1119
f 1117 1118 1121
f 1121 1120 1117
f 1122 1119 1117
f 1117 1120 1122
f 1120 1121 1124
f 1124 1123 1120
f 1125 1122 1120
f 1120 1123 1125
f 1123 1124 1127
f 1127 1126 1123
f 1128 1125 1123
f 1123 1126 1128
f 1126 1127 1130
f 1130 1129 1126
f 1131 1128 1126
f 1126 1129 1131
f 1129 1130 1133
f 1133 1132 1129
f 1134 1131 1129
f 1129 1132 1134
f 1132 1133 1136
f 1136 1135 1132
f 1137 1134 1132
f 1132 1135 1137
f 1135 1136 1139
f 1139 1138 1135
f 1140 1137 1135
f 1135 1138 1140
f 1138 1139 1141
f 1140 1138 1141
f 1142 1143 1144
f 1142 1145 1143
f 1143 1147 1144
f 1147 1143 1146
f 1148 1143 1145
f 1143 1148 1146
f 1146 1150 1147
f 1150 1146 1149
f 1151 1146 1148
f 1146 1151 1149
f 1149 1153 1150
f 1153 1149 1152
f 1154 1149 1151
f 1149 1154 1152
f 1152 1156 1153
f 1156 1152 1155
f 1157 1152 1154
f 1152 1157 1155
f 1155 1159 1156
f 1159 1155 1158
f 1160 1155 1157
f 1155 1160 1158
f 1158 1162 1159
f 1162 1158 1161
f 1163 1158 1160
f 1158 1163 1161
f 1161 1165 1162
f 1165 1161 1164
f 1166 1161 1163
f 1161 1166 1164
f 1164 1168 1165
f 1168 1164 1167
f 1169 1164 1166
f 1164 1169 1167
f 1167 1171 1168
f 1171 1167 1170
f 1172 1167 1169
f 1167 1172 1170
f 1170 1174 1171
f 1174 1170 1173
f 1175 1170 1172
f 1170 1175 1173
f 1173 1177 1174
f 1177 1173 1176
f 1178 1173 1175
f 1173 1178 1176
f 1176 1179 1177
f 1178 1179 1176
f 1180 1182 1181
f 1180 1181 1183
f 1181 1182 1185
f 1185 1184 1181
f 1186 1183 1181
f 1181 1184 1186
f 1184 1185 1188
f 1188 1187 1184
f 1189 1186 1184
f 1184 1187 1189
f 1187 1188 1191
f 1191 1190 1187
f 1192 1189 1187
f 1187 1190 1192
f 1190 1191 1194
f 1194 1193 1190
f 1195 1192 1190
f 1190 1193 1195
f 1193 1194 1197
f 1197 1196 1193
f 1198 1195 1193
f 1193 1196 1198
f 1196 1197 1200
f 1200 1199 1196
f 1201 1198 1196
f 1196 1199 1201
f 1199 1200 1203
f 1203 1202 1199
f 1204 1201 1199
f 1199 1202 1204
f 1202 1203 1206
f 1206 1205 1202
f 1207 1204 1202
f 1202 1205 1207
f 1205 1206 1209
f 1209 1208 1205
f 1210 1207 1205
f 1205 1208 1210
f 1208 1209 1212
f 1212 1211 1208
f 1213 1210 1208
f 1208 1211 1213
f 1211 1212 1215
f 1215 1214 1211
f 1216 1213 1211
f 1211 1214 1216
f 1214 1215 1217
f 1216 1214 1217
f 1218 1219 1220
f 1218 1221 1219
f 1219 1223 1220
f 1223 1219 1222
f 1224 1219 1221
f 1219 1224 1222
f 1222 1226 1223
f 1226 1222 1225
f 1227 1222 1224
f 1222 1227 1225
f 1225 1229 1226
f 1229 1225 1228
f 1230 1225 1227
f 1225 1230 1228
f 1228 1232 1229
f 1232 1228 1231
f 1233 1228 1230
f 1228 1233 1231
f 1231 1235 1232
f 1235 1231 1234
f 1236 1231 1233
f 1231 1236 1234
f 1234 1238 1235
f 1238 1234 1237
f 1239 1234 1236
f 1234 1239 1237
f 1237 1241 1238
f 1241 1237 1240
f 1242 1237 1239
f 1237 1242 1240
f 1240 1244 1241
f 1244 1240 1243
f 1245 1240 1242
f 1240 1245 1243
f 1243 1247 1244
f 1247 1243 1246
f 1248 1243 1245
f 1243 1248 1246
f 1246 1250 1247
f 1250 1246 1249
f 1251 1246 1248
f 1246 1251 1249
f 1249 1253 1250
f 1253 1249 1252
f 1254 1249 1251
f 1249 1254 1252
f 1252 1255 1253
f 1254 1255 1252
f 1256 1258 1257
f 1256 1257 1259
f 1257 1258 1261
f 1261 1260 1257
f 1262 1259 1257
f 1257 1260 1262
f 1260 1261 1264
f 1264 1263 1260
f 1265 1262 1260
f 1260 1263 1265
f 1263 1264 1267
f 1267 1266 1263
f 1268 1265 1263
f 1263 1266 1268
f 1266 1267 1270
f 1270 1269 1266
f 1271 1268 1266
f 1266 1269 1271
f 1269 1270 1273
f 1273 1272 1269
f 1274 1271 1269
f 1269 1272 1274
f 1272 1273 1276
f 1276 1275 1272
f 1277 1274 1272
f 1272 1275 1277
f 1275 1276 1279
f 1279 1278 1275
f 1280 1277 1275
f 1275 1278 1280
f 1278 1279 1282
f 1282 1281 1278
f 1283 1280 1278
f 1278 1281 1283
f 1281 1282 1285
f 1285 1284 1281
f 1286 1283 1281
f 1281 1284 1286
f 1284 1285 1288
f 1288 1287 1284
f 1289 1286 1284
f 1284 1287 1289
f 1287 1288 1291
f 1291 1290 1287
f 1292 1289 1287
f 1287 1290 1292
f 1290 1291 1293
f 1292 1290 1293
f 1294 1295 1296
f 1294 1297 1295
f 1295 1299 1296
f 1299 1295 1298
f 1300 1295 1297
f 1295 1300 1298
f 1298 1302 1299
f 1302 1298 1301
f 1303 1298 1300
f 1298 1303 1301
f 1301 1305 1302
f 1305 1301 1304
f 1306 1301 1303
f 1301 1306 1304
f 1304 1308 1305
f 1308 1304 1307
f 1309 1304 1306
f 1304 1309 1307
f 1307 1311 1308
f 1311 1307 1310
f 1312 1307 1309
f 1307 1312 1310
f 1310 1314 1311
f 1314 1310 1313
f 1315 1310 1312
f 1310 1315 1313
f 1313 1317 1314
f 1317 1313 1316
f 1318 1313 1315
f 1313 1318 1316
f 1316 1320 1317
f 1320 1316 1319
f 1321 1316 1318
f 1316 1321 1319
f 1319 1323 1320
f 1323 1319 1322
f 1324 1319 1321
f 1319 1324 1322
f 1322 1326 1323
f 1326 1322 1325
f 1327 1322 1324
f 1322 1327 1325
f 1325 1329 1326
f 1329 1325 1328
f 1330 1325 1327
f 1325 1330 1328
f 1328 1331 1329
f 1330 1331 1328
f 1332 1334 1333
f 1332 1333 1335
f 1333 1334 1337
f 1337 1336 1333
f 1338 1335 1333
f 1333 1336 1338
f 1336 1337 1340
f 1340 1339 1336
f 1341 1338 1336
f 1336 1339 1341
f 1339 1340 1343
f 1343 1342 1339
f 1344 1341 1339
f 1339 1342 1344
f 1342 1343 1346
f 1346 1345 1342
f 1347 1344 1342
f 1342 1345 1347
f 1345 1346 1349
f 1349 1348 1345
f 1350 1347 1345
f 1345 1348 1350
f 1348 1349 1352
f 1352 1351 1348
f 1353 1350 1348
f 1348 1351 1353
f 1351 1352 1355
f 1355 1354 1351
f 1356 1353 1351
f 1351 1354 1356
f 1354 1355 1358
f 1358 1357 1354
f 1359 1356 1354
f 1354 1357 1359
f 1357 1358 1361
f 1361 1360 1357
f 1362 1359 1357
f 1357 1360 1362
f 1360 1361 1364
f 1364 1363 1360
f 1365 1362 1360
f 1360 1363 1365
f 1363 1364 1367
f 1367 1366 1363
f 1368 1365 1363
f 1363 1366 1368
f 1366 1367 1370
f 1370 1369 1366
f 1371 1368 1366
f 1366 1369 1371
f 1369 1370 1372
f 1371 1369 1372
f 1373 1374 1375
f 1373 1376 1374
f 1374 1378 1375
f 1378 1374 1377
f 1379 1374 1376
f 1374 1379 1377
f 1377 1381 1378
f 1381 1377 1380
f 1382 1377 1379
f 1377 1382 1380
f 1380 1384 1381
f 1384 1380 1383
f 1385 1380 1382
f 1380 1385 1383
f 1383 1387 1384
f 1387 1383 1386
f 1388 1383 1385
f 1383 1388 1386
f 1386 1390 1387
f 1390 1386 1389
f 1391 1386 1388
f 1386 1391 1389
f 1389 1393 1390
f 1393 1389 1392
f 1394 1389 1391
f 1389 1394 1392
f 1392 1396 1393
f 1396 1392 1395
f 1397 1392 1394
f 1392 1397 1395
f 1395 1399 1396
f 1399 1395 1398
f 1400 1395 1397
f 1395 1400 1398
f 1398 1402 1399
f 1402 1398 1401
f 1403 1398 1400
f 1398 1403 1401
f 1401 1405 1402
f 1405 1401 1404
f 1406 1401 1403
f 1401 1406 1404
f 1404 1408 1405
f 1408 1404 1407
f 1409 1404 1406
f 1404 1409 1407
f 1407 1411 1408
f 1411 1407 1410
f 1412 1407 1409
f 1407 1412 1410
f 1410 1413 1411
f 1412 1413 1410
f 1414 1416 1415
f 1414 1415 1417
f 1415 1416 1419
f 1419 1418 1415
f 1420 1417 1415
f 1415 1418 1420
f 1418 1419 1422
f 1422 1421 1418
f 1423 1420 1418
f 1418 1421 1423
f 1421 1422 1425
f 1425 1424 1421
f 1426 1423 1421
f 1421 1424 1426
f 1424 1425 1428
f 1428 1427 1424
f 1429 1426 1424
f 1424 1427 1429
f 1427 1428 1431
f 1431 1430 1427
f 1432 1429 1427
f 1427 1430 1432
f 1430 1431 1434
f 1434 1433 1430
f 1435 1432 1430
f 1430 1433 1435
f 1433 1434 1437
f 1437 1436 1433
f 1438 1435 1433
f 1433 1436 1438
f 1436 1437 1440
f 1440 1439 1436
f 1441 1438 1436
f 1436 1439 1441
f 1439 1440 1443
f 1443 1442 1439
f 1444 1441 1439
f 1439 1442 1444
f 1442 1443 1446
f 1446 1445 1442
f 1447 1444 1442
f 1442 1445 1447
f 1445 1446 1449
f 1449 1448 1445
f 1450 1447 1445
f 1445 1448 1450
f 1448 1449 1452
f 1452 1451 1448
f 1453 1450 1448
f 1448 1451 1453
f 1451 1452 1455
f 1455 1454 1451
f 1456 1453 1451
f 1451 1454 1456
f 1454 1455 1457
f 1456 1454 1457
f 1458 1459 1460
f 1458 1461 1459
f 1459 1463 1460
f 1463 1459 1462
f 1464 1459 1461
f 1459 1464 1462
f 1462 1466 1463
f 1466 1462 1465
f 1467 1462 1464
f 1462 1467 1465
f 1465 1469 1466
f 1469 1465 1468
f 1470 1465 1467
f 1465 1470 1468
f 1468 1472 1469
f 1472 1468 1471
f 1473 1468 1470
f 1468 1473 1471
f 1471 1475 1472
f 1475 1471 1474
f 1476 1471 1473
f 1471 1476 1474
f 1474 1478 1475
f 1478 1474 1477
f 1479 1474 1476
f 1474 1479 1477
f 1477 1481 1478
f 1481 1477 1480
f 1482 1477 1479
f 1477 1482 1480
f 1480 1484 1481
f 1484 1480 1483
f 1485 1480 1482
f 1480 1485 1483
f 1483 1487 1484
f 1487 1483 1486
f 1488 1483 1485
f 1483 1488 1486
f 1486 1490 1487
f 1490 1486 1489
f 1491 1486 1488
f 1486 1491 1489
f 1489 1493 1490
f 1493 1489 1492
f 1494 1489 1491
f 1489 1494 1492
f 1492 1496 1493
f 1496 1492 1495
f 1497 1492 1494
f 1492 1497 1495
f 1495 1498 1496
f 1497 1498 1495
f 1499 1501 1500
f 1499 1500 1502
f 1500 1501 1504
f 1504 1503 1500
f 1505 1502 1500
f 1500 1503 1505
f 1503 1504 1507
f 1507 1506 1503
f 1508 1505 1503
f 1503 1506 1508
f 1506 1507 1510
f 1510 1509 1506
f 1511 1508 1506
f 1506 1509 1511
f 1509 1510 1513
f 1513 1512 1509
f 1514 1511 1509
f 1509 1512 1514
f 1512 1513 1516
f 1516 1515 1512
f 1517 1514 1512
f 1512 1515 1517
f 1515 1516 1519
f 1519 1518 1515
f 1520 1517 1515
f 1515 1518 1520
f 1518 1519 1522
f 1522 1521 1518
f 1523 1520 1518
f 1518 1521 1523
f 1521 1522 1525
f 1525 1524 1521
f 1526 1523 1521
f 1521 1524 1526
f 1524 1525 1528
f 1528 1527 1524
f 1529 1526 1524
f 1524 1527 1529
f 1527 1528 1531
f 1531 1530 1527
f 1532 1529 1527
f 1527 1530 1532
f 1530 1531 1534
f 1534 1533 1530
f 1535 1532 1530
f 1530 1533 1535
f 1533 1534 1537
f 1537 1536 1533
f 1538 1535 1533
f 1533 1536 1538
f 1536 1537 1540
f 1540 1539 1536
f 1541 1538 1536
f 1536 1539 1541
f 1539 1540 1542
f 1541 1539 1542
f 1543 1544 1545
f 1543 1546 1544
f 1544 1548 1545
f 1548 1544 1547
f 1549 1544 1546
f 1544 1549 1547
f 1547 1551 1548
f 1551 1547 1550
f 1552 1547 1549
f 1547 1552 1550
f 1550 1554 1551
f 1554 1550 1553
f 1555 1550 1552
f 1550 1555 1553
f 1553 1557 1554
f 1557 1553 1556
f 1558 1553 1555
f 1553 1558 1556
f 1556 1560 1557
f 1560 1556 1559
f 1561 1556 1558
f 1556 1561 1559
f 1559 1563 1560
f 1563 1559 1562
f 1564 1559 1561
f 1559 1564 1562
f 1562 1566 1563
f 1566 1562 1565
f 1567 1562 1564
f 1562 1567 1565
f 1565 1569 1566
f 1569 1565 1568
f 1570 1565 1567
f 1565 1570 1568
f 1568 1572 1569
f 1572 1568 1571
f 1573 1568 1570
f 1568 1573 1571
f 1571 1575 1572
f 1575 1571 1574
f 1576 1571 1573
f 1571 1576 1574
f 1574 1578 1575
f 1578 1574 1577
f 1579 1574 1576
f 1574 1579 1577
f 1577 1581 1578
f 1581 1577 1580
f 1582 1577 1579
f 1577 1582 1580
f 1580 1584 1581
f 1584 1580 1583
f 1585 1580 1582
f 1580 1585 1583
f 1583 1586 1584
f 1585 1586 1583
f 1587 1589 1588
f 1587 1588 1590
f 1588 1589 1592
f 1592 1591 1588
f 1593 1590 1588
f 1588 1591 1593
f 1591 1592 1595
f 1595 1594 1591
f 1596 1593 1591
f 1591 1594 1596
f 1594 1595 1598
f 1598 1597 1594
f 1599 1596 1594
f 1594 1597 1599
f 1597 1598 1601
f 1601 1600 1597
f 1602 1599 1597
f 1597 1600 1602
f 1600 1601 1604
f 1604 1603 1600
f 1605 1602 1600
f 1600 1603 1605
f 1603 1604 1607
f 1607 1606 1603
f 1608 1605 1603
f 1603 1606 1608
f 1606 1607 1610
f 1610 1609 1606
f 1611 1608 1606
f 1606 1609 1611
f 1609 1610 1613
f 1613 1612 1609
f 1614 1611 1609
f 1609 1612 1614
f 1612 1613 1616
f 1616 1615 1612
f 1617 1614 1612
f 1612 1615 1617
f 1615 1616 1619
f 1619 1618 1615
f 1620 1617 1615
f 1615 1618 1620
f 1618 1619 1622
f 1622 1621 1618
f 1623 1620 1618
f 1618 1621 1623
f 1621 1622 1625
f 1625 1624 1621
f 1626 1623 1621
f 1621 1624 1626
f 1624 1625 1628
f 1628 1627 1624
f 1629 1626 1624
f 1624 1627 1629
f 1627 1628 1630
f 1629 1627 1630
f 1631 1632 1633
f 1631 1634 1632
f 1632 1636 1633
f 1636 1632 1635
f 1637 1632 1634
f 1632 1637 1635
f 1635 1639 1636
f 1639 1635 1638
f 1640 1635 1637
f 1635 1640 1638
f 1638 1642 1639
f 1642 1638 1641
f 1643 1638 1640
f 1638 1643 1641
f 1641 1645 1642
f 1645 1641 1644
f 1646 1641 1643
f 1641 1646 1644
f 1644 1648 1645
f 1648 1644 1647
f 1649 1644 1646
f 1644 1649 1647
f 1647 1651 1648
f 1651 1647 1650
f 1652 1647 1649
f 1647 1652 1650
f 1650 1654 1651
f 1654 1650 1653
f 1655 1650 1652
f 1650 1655 1653
f 1653 1657 1654
f 1657 1653 1656
f 1658 1653 1655
f 1653 1658 1656
f 1656 1660 1657
f 1660 1656 1659
f 1661 1656 1658
f 1656 1661 1659
f 1659 1663 1660
f 1663 1659 1662
f 1664 1659 1661
f 1659 1664 1662
f 1662 1666 1663
f 1666 1662 1665
f 1667 1662 1664
f 1662 1667 1665
f 1665 1669 1666
f 1669 1665 1668
f 1670 1665 1667
f 1665 1670 1668
f 1668 1672 1669
f 1672 1668 1671
f 1673 1668 1670
f 1668 1673 1671
f 1671 1674 1672
f 1673 1674 1671
f 1675 1677 1676
f 1675 1676 1678
f 1676 1677 1680
f 1680 1679 1676
f 1681 1678 1676
f 1676 1679 1681
f 1679 1680 1683
f 1683 1682 1679
f 1684 1681 1679
f 1679 1682 1684
f 1682 1683 1686
f 1686 1685 1682
f 1687 1684 1682
f 1682 1685 1687
f 1685 1686 1689
f 1689 1688 1685
f 1690 1687 1685
f 1685 1688 1690
f 1688 1689 1692
f 1692 1691 1688
f 1693 1690 1688
f 1688 1691 1693
f 1691 1692 1695
f 1695 1694 1691
f 1696 1693 1691
f 1691 1694 1696
f 1694 1695 1698
f 1698 1697 1694
f 1699 1696 1694
f 1694 1697 1699
f 1697 1698 1701
f 1701 1700 1697
f 1702 1699 1697
f 1697 1700 1702
f 1700 1701 1704
f 1704 1703 1700
f 1705 1702 1700
f 1700 1703 1705
f 1703 1704 1707
f 1707 1706 1703
f 1708 1705 1703
f 1703 1706 1708
f 1706 1707 1710
f 1710 1709 1706
f 1711 1708 1706
f 1706 1709 1711
f 1709 1710 1713
f 1713 1712 1709
f 1714 1711 1709
f 1709 1712 1714
f 1712 1713 1716
f 1716 1715 1712
f 1717 1714 1712
f 1712 1715 1717
f 1715 1716 1719
f 1719 1718 1715
f 1720 1717 1715
f 1715 1718 1720
f 1718 1719 1721
f 1720 1718 1721
f 1722 1723 1724
f 1722 1725 1723
f 1723 1727 1724
f 1727 1723 1726
f 1728 1723 1725
f 1723 1728 1726
f 1726 1730 1727
f 1730 1726 1729
f 1731 1726 1728
f 1726 1731 1729
f 1729 1733 1730
f 1733 1729 1732
f 1734 1729 1731
f 1729 1734 1732
f 1732 1736 1733
f 1736 1732 1735
f 1737 1732 1734
f 1732 1737 1735
f 1735 1739 1736
f 1739 1735 1738
f 1740 1735 1737
f 1735 1740 1738
f 1738 1742 1739
f 1742 1738 1741
f 1743 1738 1740
f 1738 1743 1741
f 1741 1745 1742
f 1745 1741 1744
f 1746 1741 1743
f 1741 1746 1744
f 1744 1748 1745
f 1748 1744 1747
f 1749 1744 1746
f 1744 1749 1747
f 1747 1751 1748
f 1751 1747 1750
f 1752 1747 1749
f 1747 1752 1750
f 1750 1754 1751
f 1754 1750 1753
f 1755 1750 1752
f 1750 1755 1753
f 1753 1757 1754
f 1757 1753 1756
f 1758 1753 1755
f 1753 1758 1756
f 1756 1760 1757
f 1760 1756 1759
f 1761 1756 1758
f 1756 1761 1759
f 1759 1763 1760
f 1763 1759 1762
f 1764 1759 1761
f 1759 1764 1762
f 1762 1766 1763
f 1766 1762 1765
f 1767 1762 1764
f 1762 1767 1765
f 1765 1768 1766
f 1767 1768 1765
f 1769 1771 1770
f 1769 1770 1772
f 1770 1771 1774
f 1774 1773 1770
f 1775 1772 1770
f 1770 1773 1775
f 1773 1774 1777
f 1777 1776 1773
f 1778 1775 1773
f 1773 1776 1778
f 1776 1777 1780
f 1780 1779 1776
f 1781 1778 1776
f 1776 1779 1781
f 1779 1780 1783
f 1783 1782 1779
f 1784 1781 1779
f 1779 1782 1784
f 1782 1783 1786
f 1786 1785 1782
f 1787 1784 1782
f 1782 1785 1787
f 1785 1786 1789
f 1789 1788 1785
f 1790 1787 1785
f 1785 1788 1790
f 1788 1789 1792
f 1792 1791 1788
f 1793 1790 1788
f 1788 1791 1793
f 1791 1792 1795
f 1795 1794 1791
f 1796 1793 1791
f 1791 1794 1796
f 1794 1795 1798
f 1798 1797 1794
f 1799 1796 1794
f 1794 1797 1799
f 1797 1798 1801
f 1801 1800 1797
f 1802 1799 1797
f 1797 1800 1802
f 1800 1801 1804
f 1804 1803 1800
f 1805 1802 1800
f 1800 1803 1805
f 1803 1804 1807
f 1807 1806 1803
f 1808 1805 1803
f 1803 1806 1808
f 1806 1807 1810
f 1810 1809 1806
f 1811 1808 1806
f 1806 1809 1811
f 1809 1810 1813
f 1813 1812 1809
f 1814 1811 1809
f 1809 1812 1814
f 1812 1813 1815
f 1814 1812 1815
f 1816 1817 1818
f 1816 1819 1817
f 1817 1821 1818
f 1821 1817 1820
f 1822 1817 1819
f 1817 1822 1820
f 1820 1824 1821
f 1824 1820 1823
f 1825 1820 1822
f 1820 1825 1823
f 1823 1827 1824
f 1827 1823 1826
f 1828 1823 1825
f 1823 1828 1826
f 1826 1830 1827
f 1830 1826 1829
f 1831 1826 1828
f 1826 1831 1829
f 1829 1833 1830
f 1833 1829 1832
f 1834 1829 1831
f 1829 1834 1832
f 1832 1836 1833
f 1836 1832 1835
f 1837 1832 1834
f 1832 1837 1835
f 1835 1839 1836
f 1839 1835 1838
f 1840 1835 1837
f 1835 1840 1838
f 1838 1842 1839
f 1842 1838 1841
f 1843 1838 1840
f 1838 1843 1841
f 1841 1845 1842
f 1845 1841 1844
f 1846 1841 1843
f 1841 1846 1844
f 1844 1848 1845
f 1848 1844 1847
f 1849 1844 1846
f 1844 1849 1847
f 1847 1851 1848
f 1851 1847 1850
f 1852 1847 1849
f 1847 1852 1850
f 1850 1854 1851
f 1854 1850 1853
f 1855 1850 1852
f 1850 1855 1853
f 1853 1857 1854
f 1857 1853 1856
f 1858 1853 1855
f 1853 1858 1856
f 1856 1860 1857
f 1860 1856 1859
f 1861 1856 1858
f 1856 1861 1859
f 1859 1862 1860
f 1861 1862 1859
f 1863 1865 1864
f 1863 1864 1866
f 1864 1865 1868
f 1868 1867 1864
f 1869 1866 1864
f 1864 1867 1869
f 1867 1868 1871
f 1871 1870 1867
f 1872 1869 1867
f 1867 1870 1872
f 1870 1871 1874
f 1874 1873 1870
f 1875 1872 1870
f 1870 1873 1875
f 1873 1874 1877
f 1877 1876 1873
f 1878 1875 1873
f 1873 1876 1878
f 1876 1877 1880
f 1880 1879 1876
f 1881 1878 1876
f 1876 1879 1881
f 1879 1880 1883
f 1883 1882 1879
f 1884 1881 1879
f 1879 1882 1884
f 1882 1883 1886
f 1886 1885 1882
f 1887 1884 1882
f 1882 1885 1887
f 1885 1886 1889
f 1889 1888 1885
f 1890 1887 1885
f 1885 1888 1890
f 1888 1889 1892
f 1892 1891 1888
f 1893 1890 1888
f 1888 1891 1893
f 1891 1892 1895
f 1895 1894 1891
f 1896 1893 1891
f 1891 1894 1896
f 1894 1895 1898
f 1898 1897 1894
f 1899 1896 1894
f 1894 1897 1899
f 1897 1898 1901
f 1901 1900 1897
f 1902 1899 1897
f 1897 1900 1902
f 1900 1901 1904
f 1904 1903 1900
f 1905 1902 1900
f 1900 1903 1905
f 1903 1904 1907
f 1907 1906 1903
f 1908 1905 1903
f 1903 1906 1908
f 1906 1907 1910
f 1910 1909 1906
f 1911 1908 1906
f 1906 1909 1911
f 1909 1910 1912
f 1911 1909 1912
f 1913 1914 1915
f 1913 1916 1914
f 1914 1918 1915
f 1918 1914 1917
f 1919 1914 1916
f 1914 1919 1917
f 1917 1921 1918
f 1921 1917 1920
f 1922 1917 1919
f 1917 1922 1920
f 1920 1924 1921
f 1924 1920 1923
f 1925 1920 1922
f 1920 1925 1923
f 1923 1927 1924
f 1927 1923 1926
f 1928 1923 1925
f 1923 1928 1926
f 1926 1930 1927
f 1930 1926 1929
f 1931 1926 1928
f 1926 1931 1929
f 1929 1933 1930
f 1933 1929 1932
f 1934 1929 1931
f 1929 1934 1932
f 1932 1936 1933
f 1936 1932 1935
f 1937 1932 1934
f 1932 1937 1935
f 1935 1939 1936
f 1939 1935 1938
f 1940 1935 1937
f 1935 1940 1938
f 1938 1942 1939
f 1942 1938 1941
f 1943 1938 1940
f 1938 1943 1941
f 1941 1945 1942
f 1945 1941 1944
f 1946 1941 1943
f 1941 1946 1944
f 1944 1948 1945
f 1948 1944 1947
f 1949 1944 1946
f 1944 1949 1947
f 1947 1951 1948
f 1951 1947 1950
f 1952 1947 1949
f 1947 1952 1950
f 1950 1954 1951
f 1954 1950 1953
f 1955 1950 1952
f 1950 1955 1953
f 1953 1957 1954
f 1957 1953 1956
f 1958 1953 1955
f 1953 1958 1956
f 1956 1959 1957
f 1958 1959 1956
f 1960 1962 1961
f 1960 1961 1963
f 1961 1962 1965
f 1965 1964 1961
f 1966 1963 1961
f 1961 1964 1966
f 1964 1965 1968
f 1968 1967 1964
f 1969 1966 1964
f 1964 1967 1969
f 1967 1968 1971
f 1971 1970 1967
f 1972 1969 1967
f 1967 1970 1972
f 1970 1971 1974
f 1974 1973 1970
f 1975 1972 1970
f 1970 1973 1975
f 1973 1974 1977
f 1977 1976 1973
f 1978 1975 1973
f 1973 1976 1978
f 1976 1977 1980
f 1980 1979 1976
f 1981 1978 1976
f 1976 1979 1981
f 1979 1980 1983
f 1983 1982 1979
f 1984 1981 1979
f 1979 1982 1984
f 1982 1983 1986
f 1986 1985 1982
f 1987 1984 1982
f 1982 1985 1987
f 1985 1986 1989
f 1989 1988 1985
f 1990 1987 1985
f 1985 1988 1990
f 1988 1989 1992
f 1992 1991 1988
f 1993 1990 1988
f 1988 1991 1993
f 1991 1992 1995
f 1995 1994 1991
f 1996 1993 1991
f 1991 1994 1996
f 1994 1995 1998
f 1998 1997 1994
f 1999 1996 1994
f 1994 1997 1999
f 1997 1998 2001
f 2001 2000 1997
f 2002 1999 1997
f 1997 2000 2002
f 2000 2001 2004
f 2004 2003 2000
f 2005 2002 2000
f 2000 2003 2005
f 2003 2004 2007
f 2007 2006 2003
f 2008 2005 2003
f 2003 2006 2008
f 2006 2007 2009
f 2008 2006 2009
f 2010 2011 2012
f 2010 2013 2011
f 2011 2015 2012
f 2015 2011 2014
f 2016 2011 2013
f 2011 2016 2014
f 2014 2018 2015
f 2018 2014 2017
f 2019 2014 2016
f 2014 2019 2017
f 2017 2021 2018
f 2021 2017 2020
f 2022 2017 2019
f 2017 2022 2020
f 2020 2024 2021
f 2024 2020 2023
f 2025 2020 2022
f 2020 2025 2023
f 2023 2027 2024
f 2027 2023 2026
f 2028 2023 2025
f 2023 2028 2026
f 2026 2030 2027
f 2030 2026 2029
f 2031 2026 2028
f 2026 2031 2029
f 2029 2033 2030
f 2033 2029 2032
f 2034 2029 2031
f 2029 2034 2032
f 2032 2036 2033
f 2036 2032 2035
f 2037 2032 2034
f 2032 2037 2035
f 2035 2039 2036
f 2039 2035 2038
f 2040 2035 2037
f 2035 2040 2038
f 2038 2042 2039
f 2042 2038 2041
f 2043 2038 2040
f 2038 2043 2041
f 2041 2045 2042
f 2045 2041 2044
f 2046 2041 2043
f 2041 2046 2044
f 2044 2048 2045
f 2048 2044 2047
f 2049 2044 2046
f 2044 2049 2047
f 2047 2051 2048
f 2051 2047 2050
f 2052 2047 2049
f 2047 2052 2050
f 2050 2054 2051
f 2054 2050 2053
f 2055 2050 2052
f 2050 2055 2053
f 2053 2057 2054
f 2057 2053 2056
f 2058 2053 2055
f 2053 2058 2056
f 2056 2059 2057
f 2058 2059 2056
f 2060 2062 2061
f 2060 2061 2063
f 2061 2062 2065
f 2065 2064 2061
f 2066 2063 2061
f 2061 2064 2066
f 2064 2065 2068
f 2068 2067 2064
f 2069 2066 2064
f 2064 2067 2069
f 2067 2068 2071
f 2071 2070 2067
f 2072 2069 2067
f 2067 2070 2072
f 2070 2071 2074
f 2074 2073 2070
f 2075 2072 2070
f 2070 2073 2075
f 2073 2074 2077
f 2077 2076 2073
f 2078 2075 2073
f 2073 2076 2078
f 2076 2077 2080
f 2080 2079 2076
f 2081 2078 2076
f 2076 2079 2081
f 2079 2080 2083
f 2083 2082 2079
f 2084 2081 2079
f 2079 2082 2084
f 2082 2083 2086
f 2086 2085 2082
f 2087 2084 2082
f 2082 2085 2087
f 2085 2086 2089
f 2089 2088 2085
f 2090 2087 2085
f 2085 2088 2090
f 2088 2089 2092
f 2092 2091 2088
f 2093 2090 2088
f 2088 2091 2093
f 2091 2092 2095
f 2095 2094 2091
f 2096 2093 2091
f 2091 2094 2096
f 2094 2095 2098
f 2098 2097 2094
f 2099 2096 2094
f 2094 2097 2099
f 2097 2098 2101
f 2101 2100 2097
f 2102 2099 2097
f 2097 2100 2102
f 2100 2101 2104
f 2104 2103 2100
f 2105 2102 2100
f 2100 2103 2105
f 2103 2104 2107
f 2107 2106 2103
f 2108 2105 2103
f 2103 2106 2108
f 2106 2107 2109
f 2108 2106 2109
f 2110 2111 2112
f 2110 2113 2111
f 2111 2115 2112
f 2115 2111 2114
f 2116 2111 2113
f 2111 2116 2114
f 2114 2118 2115
f 2118 2114 2117
f 2119 2114 2116
f 2114 2119 2117
f 2117 2121 2118
f 2121 2117 2120
f 2122 2117 2119
f 2117 2122 2120
f 2120 2124 2121
f 2124 2120 2123
f 2125 2120 2122
f 2120 2125 2123
f 2123 2127 2124
f 2127 2123 2126
f 2128 2123 2125
f 2123 2128 2126
f 2126 2130 2127
f 2130 2126 2129
f 2131 2126 2128
f 2126 2131 2129
f 2129 2133 2130
f 2133 2129 2132
f 2134 2129 2131
f 2129 2134 2132
f 2132 2136 2133
f 2136 2132 2135
f 2137 2132 2134
f 2132 2137 2135
f 2135 2139 2136
f 2139 2135 2138
f 2140 2135 2137
f 2135 2140 2138
f 2138 2142 2139
f 2142 2138 2141
f 2143 2138 2140
f 2138 2143 2141
f 2141 2145 2142
f 2145 2141 2144
f 2146 2141 2143
f 2141 2146 2144
f 2144 2148 2145
f 2148 2144 2147
f 2149 2144 2146
f 2144 2149 2147
f 2147 2151 2148
f 2151 2147 2150
f 2152 2147 2149
f 2147 2152 2150
f 2150 2154 2151
f 2154 2150 2153
f 2155 2150 2152
f 2150 2155 2153
f 2153 2157 2154
f 2157 2153 2156
f 2158 2153 2155
f 2153 2158 2156
f 2156 2160 2157
f 2160 2156 2159
f 2161 2156 2158
f 2156 2161 2159
f 2159 2162 2160
f 2161 2162 2159
f 2163 2165 2164
f 2163 2164 2166
f 2164 2165 2168
f 2168 2167 2164
f 2169 2166 2164
f 2164 2167 2169
f 2167 2168 2171
f 2171 2170 2167
f 2172 2169 2167
f 2167 2170 2172
f 2170 2171 2174
f 2174 2173 2170
f 2175 2172 2170
f 2170 2173 2175
f 2173 2174 2177
f 2177 2176 2173
f 2178 2175 2173
f 2173 2176 2178
f 2176 2177 2180
f 2180 2179 2176
f 2181 2178 2176
f 2176 2179 2181
f 2179 2180 2183
f 2183 2182 2179
f 2184 2181 2179
f 2179 2182 2184
f 2182 2183 2186
f 2186 2185 2182
f 2187 2184 2182
f 2182 2185 2187
f 2185 2186 2189
f 2189 2188 2185
f 2190 2187 2185
f 2185 2188 2190
f 2188 2189 2192
f 2192 2191 2188
f 2193 2190 2188
f 2188 2191 2193
f 2191 2192 2195
f 2195 2194 2191
f 2196 2193 2191
f 2191 2194 2196
f 2194 2195 2198
f 2198 2197 2194
f 2199 2196 2194
f 2194 2197 2199
f 2197 2198 2201
f 2201 2200 2197
f 2202 2199 2197
f 2197 2200 2202
f 2200 2201 2204
f 2204 2203 2200
f 2205 2202 2200
f 2200 2203 2205
f 2203 2204 2207
f 2207 2206 2203
f 2208 2205 2203
f 2203 2206 2208
f 2206 2207 2210
f 2210 2209 2206
f 2211 2208 2206
f 2206 2209 2211
f 2209 2210 2213
f 2213 2212 2209
f 2214 2211 2209
f 2209 2212 2214
f 2212 2213 2215
f 2214 2212 2215
f 2216 2217 2218
f 2216 2219 2217
f 2217 2221 2218
f 2221 2217 2220
f 2222 2217 2219
f 2217 2222 2220
f 2220 2224 2221
f 2224 2220 2223
f 2225 2220 2222
f 2220 2225 2223
f 2223 2227 2224
f 2227 2223 2226
f 2228 2223 2225
f 2223 2228 2226
f 2226 2230 2227
f 2230 2226 2229
f 2231 2226 2228
f 2226 2231 2229
f 2229 2233 2230
f 2233 2229 2232
f 2234 2229 2231
f 2229 2234 2232
f 2232 2236 2233
f 2236 2232 2235
f 2237 2232 2234
f 2232 2237 2235
f 2235 2239 2236
f 2239 2235 2238
f 2240 2235 2237
f 2235 2240 2238
f 2238 2242 2239
f 2242 2238 2241
f 2243 2238 2240
f 2238 2243 2241
f 2241 2245 2242
f 2245 2241 2244
f 2246 2241 2243
f 2241 2246 2244
f 2244 2248 2245
f 2248 2244 2247
f 2249 2244 2246
f 2244 2249 2247
f 2247 2251 2248
f 2251 2247 2250
f 2252 2247 2249
f 2247 2252 2250
f 2250 2254 2251
f 2254 2250 2253
f 2255 2250 2252
f 2250 2255 2253
f 2253 2257 2254
f 2257 2253 2256
f 2258 2253 2255
f 2253 2258 2256
f 2256 2260 2257
f 2260 2256 2259
f 2261 2256 2258
f 2256 2261 2259
f 2259 2263 2260
f 2263 2259 2262
f 2264 2259 2261
f 2259 2264 2262
f 2262 2265 2263
f 2264 2265 2262
f 2266 2268 2267
f 2266 2267 2269
f 2267 2268 2271
f 2271 2270 2267
f 2272 2269 2267
f 2267 2270 2272
f 2270 2271 2274
f 2274 2273 2270
f 2275 2272 2270
f 2270 2273 2275
f 2273 2274 2277
f 2277 2276 2273
f 2278 2275 2273
f 2273 2276 2278
f 2276 2277 2280
f 2280 2279 2276
f 2281 2278 2276
f 2276 2279 2281
f 2279 2280 2283
f 2283 2282 2279
f 2284 2281 2279
f 2279 2282 2284
f 2282 2283 2286
f 2286 2285 2282
f 2287 2284 2282
f 2282 2285 2287
f 2285 2286 2289
f 2289 2288 2285
f 2290 2287 2285
f 2285 2288 2290
f 2288 2289 2292
f 2292 2291 2288
f 2293 2290 2288
f 2288 2291 2293
f 2291 2292 2295
f 2295 2294 2291
f 2296 2293 2291
f 2291 2294 2296
f 2294 2295 2298
f 2298 2297 2294
f 2299 2296 2294
f 2294 2297 2299
f 2297 2298 2301
f 2301 2300 2297
f 2302 2299 2297
f 2297 2300 2302
f 2300 2301 2304
f 2304 2303 2300
f 2305 2302 2300
f 2300 2303 2305
f 2303 2304 2307
f 2307 2306 2303
f 2308 2305 2303
f 2303 2306 2308
f 2306 2307 2310
f 2310 2309 2306
f 2311 2308 2306
f 2306 2309 2311
f 2309 2310 2313
f 2313 2312 2309
f 2314 2311 2309
f 2309 2312 2314
f 2312 2313 2316
f 2316 2315 2312
f 2317 2314 2312
f 2312 2315 2317
f 2315 2316 2318
f 2317 2315 2318
f 2319 2320 2321
f 2319 2322 2320
f 2320 2324 2321
f 2324 2320 2323
f 2325 2320 2322
f 2320 2325 2323
f 2323 2327 2324
f 2327 2323 2326
f 2328 2323 2325
f 2323 2328 2326
f 2326 2330 2327
f 2330 2326 2329
f 2331 2326 2328
f 2326 2331 2329
f 2329 2333 2330
f 2333 2329 2332
f 2334 2329 2331
f 2329 2334 2332
f 2332 2336 2333
f 2336 2332 2335
f 2337 2332 2334
f 2332 2337 2335
f 2335 2339 2336
f 2339 2335 2338
f 2340 2335 2337
f 2335 2340 2338
f 2338 2342 2339
f 2342 2338 2341
f 2343 2338 2340
f 2338 2343 2341
f 2341 2345 2342
f 2345 2341 2344
f 2346 2341 2343
f 2341 2346 2344
f 2344 2348 2345
f 2348 2344 2347
f 2349 2344 2346
f 2344 2349 2347
f 2347 2351 2348
f 2351 2347 2350
f 2352 2347 2349
f 2347 2352 2350
f 2350 2354 2351
f 2354 2350 2353
f 2355 2350 2352
f 2350 2355 2353
f 2353 2357 2354
f 2357 2353 2356
f 2358 2353 2355
f 2353 2358 2356
f 2356 2360 2357
f 2360 2356 2359
f 2361 2356 2358
f 2356 2361 2359
f 2359 2363 2360
f 2363 2359 2362
f 2364 2359 2361
f 2359 2364 2362
f 2362 2366 2363
f 2366 2362 2365
f 2367 2362 2364
f 2362 2367 2365
f 2365 2369 2366
f 2369 2365 2368
f 2370 2365 2367
f 2365 2370 2368
f 2368 2371 2369
f 2370 2371 2368
f 2372 2374 2373
f 2372 2373 2375
f 2373 2374 2377
f 2377 2376 2373
f 2378 2375 2373
f 2373 2376 2378
f 2376 2377 2380
f 2380 2379 2376
f 2381 2378 2376
f 2376 2379 2381
f 2379 2380 2383
f 2383 2382 2379
f 2384 2381 2379
f 2379 2382 2384
f 2382 2383 2386
f 2386 2385 2382
f 2387 2384 2382
f 2382 2385 2387
f 2385 2386 2389
f 2389 2388 2385
f 2390 2387 2385
f 2385 2388 2390
f 2388 2389 2392
f 2392 2391 2388
f 2393 2390 2388
f 2388 2391 2393
f 2391 2392 2395
f 2395 2394 2391
f 2396 2393 2391
f 2391 2394 2396
f 2394 2395 2398
f 2398 2397 2394
f 2399 2396 2394
f 2394 2397 2399
f 2397 2398 2401
f 2401 2400 2397
f 2402 2399 2397
f 2397 2400 2402
f 2400 2401 2404
f 2404 2403 2400
f 2405 2402 2400
f 2400 2403 2405
f 2403 2404 2407
f 2407 2406 2403
f 2408 2405 2403
f 2403 2406 2408
f 2406 2407 2410
f 2410 2409 2406
f 2411 2408 2406
f 2406 2409 2411
f 2409 2410 2413
f 2413 2412 2409
f 2414 2411 2409
f 2409 2412 2414
f 2412 2413 2416
f 2416 2415 2412
f 2417 2414 2412
f 2412 2415 2417
f 2415 2416 2419
f 2419 2418 2415
f 2420 2417 2415
f 2415 2418 2420
f 2418 2419 2422
f 2422 2421 2418
f 2423 2420 2418
f 2418 2421 2423
f 2421 2422 2425
f 2425 2424 2421
f 2426 2423 2421
f 2421 2424 2426
f 2424 2425 2427
f 2426 2424 2427
f 2428 2429 2430
f 2428 2431 2429
f 2429 2433 2430
f 2433 2429 2432
f 2434 2429 2431
f 2429 2434 2432
f 2432 2436 2433
f 2436 2432 2435
f 2437 2432 2434
f 2432 2437 2435
f 2435 2439 2436
f 2439 2435 2438
f 2440 2435 2437
f 2435 2440 2438
f 2438 2442 2439
f 2442 2438 2441
f 2443 2438 2440
f 2438 2443 2441
f 2441 2445 2442
f 2445 2441 2444
f 2446 2441 2443
f 2441 2446 2444
f 2444 2448 2445
f 2448 2444 2447
f 2449 2444 2446
f 2444 2449 2447
f 2447 2451 2448
f 2451 2447 2450
f 2452 2447 2449
f 2447 2452 2450
f 2450 2454 2451
f 2454 2450 2453
f 2455 2450 2452
f 2450 2455 2453
f 2453 2457 2454
f 2457 2453 2456
f 2458 2453 2455
f 2453 2458 2456
f 2456 2460 2457
f 2460 2456 2459
f 2461 2456 2458
f 2456 2461 2459
f 2459 2463 2460
f 2463 2459 2462
f 2464 2459 2461
f 2459 2464 2462
f 2462 2466 2463
f 2466 2462 2465
f 2467 2462 2464
f 2462 2467 2465
f 2465 2469 2466
f 2469 2465 2468
f 2470 2465 2467
f 2465 2470 2468
f 2468 2472 2469
f 2472 2468 2471
f 2473 2468 2470
f 2468 2473 2471
f 2471 2475 2472
f 2475 2471 2474
f 2476 2471 2473
f 2471 2476 2474
f 2474 2478 2475
f 2478 2474 2477
f 2479 2474 2476
f 2474 2479 2477
f 2477 2480 2478
f 2479 2480 2477
f 2481 2483 2482
f 2481 2482 2484
f 2482 2483 2486
f 2486 2485 2482
f 2487 2484 2482
f 2482 2485 2487
f 2485 2486 2489
f 2489 2488 2485
f 2490 2487 2485
f 2485 2488 2490
f 2488 2489 2492
f 2492 2491 2488
f 2493 2490 2488
f 2488 2491 2493
f 2491 2492 2495
f 2495 2494 2491
f 2496 2493 2491
f 2491 2494 2496
f 2494 2495 2498
f 2498 2497 2494
f 2499 2496 2494
f 2494 2497 2499
f 2497 2498 2501
f 2501 2500 2497
f 2502 2499 2497
f 2497 2500 2502
f 2500 2501 2504
f 2504 2503 2500
f 2505 2502 2500
f 2500 2503 2505
f 2503 2504 2507
f 2507 2506 2503
f 2508 2505 2503
f 2503 2506 2508
f 2506 2507 2510
f 2510 2509 2506
f 2511 2508 2506
f 2506 2509 2511
f 2509 2510 2513
f 2513 2512 2509
f 2514 2511 2509
f 2509 2512 2514
f 2512 2513 2516
f 2516 2515 2512
f 2517 2514 2512
f 2512 2515 2517
f 2515 2516 2519
f 2519 2518 2515
f 2520 2517 2515
f 2515 2518 2520
f 2518 2519 2522
f 2522 2521 2518
f 2523 2520 2518
f 2518 2521 2523
f 2521 2522 2525
f 2525 2524 2521
f 2526 2523 2521
f 2521 2524 2526
f 2524 2525 2528
f 2528 2527 2524
f 2529 2526 2524
f 2524 2527 2529
f 2527 2528 2531
f 2531 2530 2527
f 2532 2529 2527
f 2527 2530 2532
f 2530 2531 2533
f 2532 2530 2533
f 2534 2535 2536
f 2534 2537 2535
f 2535 2539 2536
f 2539 2535 2538
f 2540 2535 2537
f 2535 2540 2538
f 2538 2542 2539
f 2542 2538 2541
f 2543 2538 2540
f 2538 2543 2541
f 2541 2545 2542
f 2545 2541 2544
f 2546 2541 2543
f 2541 2546 2544
f 2544 2548 2545
f 2548 2544 2547
f 2549 2544 2546
f 2544 2549 2547
f 2547 2551 2548
f 2551 2547 2550
f 2552 2547 2549
f 2547 2552 2550
f 2550 2554 2551
f 2554 2550 2553
f 2555 2550 2552
f 2550 2555 2553
f 2553 2557 2554
f 2557 2553 2556
f 2558 2553 2555
f 2553 2558 2556
f 2556 2560 2557
f 2560 2556 2559
f 2561 2556 2558
f 2556 2561 2559
f 2559 2563 2560
f 2563 2559 2562
f 2564 2559 2561
f 2559 2564 2562
f 2562 2566 2563
f 2566 2562 2565
f 2567 2562 2564
f 2562 2567 2565
f 2565 2569 2566
f 2569 2565 2568
f 2570 2565 2567
f 2565 2570 2568
f 2568 2572 2569
f 2572 2568 2571
f 2573 2568 2570
f 2568 2573 2571
f 2571 2575 2572
f 2575 2571 2574
f 2576 2571 2573
f 2571 2576 2574
f 2574 2578 2575
f 2578 2574 2577
f 2579 2574 2576
f 2574 2579 2577
f 2577 2581 2578
f 2581 2577 2580
f 2582 2577 2579
f 2577 2582 2580
f 2580 2584 2581
f 2584 2580 2583
f 2585 2580 2582
f 2580 2585 2583
f 2583 2586 2584
f 2585 2586 2583
f 2587 2589 2588
f 2587 2588 2590
f 2588 2589 2592
f 2592 2591 2588
f 2593 2590 2588
f 2588 2591 2593
f 2591 2592 2595
f 2595 2594 2591
f 2596 2593 2591
f 2591 2594 2596
f 2594 2595 2598
f 2598 2597 2594
f 2599 2596 2594
f 2594 2597 2599
f 2597 2598 2601
f 2601 2600 2597
f 2602 2599 2597
f 2597 2600 2602
f 2600 2601 2604
f 2604 2603 2600
f 2605 2602 2600
f 2600 2603 2605
f 2603 2604 2607
f 2607 2606 2603
f 2608 2605 2603
f 2603 2606 2608
f 2606 2607 2610
f 2610 2609 2606
f 2611 2608 2606
f 2606 2609 2611
f 2609 2610 2613
f 2613 2612 2609
f 2614 2611 2609
f 2609 2612 2614
f 2612 2613 2616
f 2616 2615 2612
f 2617 2614 2612
f 2612 2615 2617
f 2615 2616 2619
f 2619 2618 2615
f 2620 2617 2615
f 2615 2618 2620
f 2618 2619 2622
f 2622 2621 2618
f 2623 2620 2618
f 2618 2621 2623
f 2621 2622 2625
f 2625 2624 2621
f 2626 2623 2621
f 2621 2624 2626
f 2624 2625 2628
f 2628 2627 2624
f 2629 2626 2624
f 2624 2627 2629
f 2627 2628 2631
f 2631 2630 2627
f 2632 2629 2627
f 2627 2630 2632
f 2630 2631 2634
f 2634 2633 2630
f 2635 2632 2630
f 2630 2633 2635
f 2633 2634 2637
f 2637 2636 2633
f 2638 2635 2633
f 2633 2636 2638
f 2636 2637 2640
f 2640 2639 2636
f 2641 2638 2636
f 2636 2639 2641
f 2639 2640 2642
f 2641 2639 2642
f 2643 2644 2645
f 2643 2646 2644
f 2644 2648 2645
f 2648 2644 2647
f 2649 2644 2646
f 2644 2649 2647
f 2647 2651 2648
f 2651 2647 2650
f 2652 2647 2649
f 2647 2652 2650
f 2650 2654 2651
f 2654 2650 2653
f 2655 2650 2652
f 2650 2655 2653
f 2653 2657 2654
f 2657 2653 2656
f 2658 2653 2655
f 2653 2658 2656
f 2656 2660 2657
f 2660 2656 2659
f 2661 2656 2658
f 2656 2661 2659
f 2659 2663 2660
f 2663 2659 2662
f 2664 2659 2661
f 2659 2664 2662
f 2662 2666 2663
f 2666 2662 2665
f 2667 2662 2664
f 2662 2667 2665
f 2665 2669 2666
f 2669 2665 2668
f 2670 2665 2667
f 2665 2670 2668
f 2668 2672 2669
f 2672 2668 2671
f 2673 2668 2670
f 2668 2673 2671
f 2671 2675 2672
f 2675 2671 2674
f 2676 2671 2673
f 2671 2676 2674
f 2674 2678 2675
f 2678 2674 2677
f 2679 2674 2676
f 2674 2679 2677
f 2677 2681 2678
f 2681 2677 2680
f 2682 2677 2679
f 2677 2682 2680
f 2680 2684 2681
f 2684 2680 2683
f 2685 2680 2682
f 2680 2685 2683
f 2683 2687 2684
f 2687 2683 2686
f 2688 2683 2685
f 2683 2688 2686
f 2686 2690 2687
f 2690 2686 2689
f 2691 2686 2688
f 2686 2691 2689
f 2689 2693 2690
f 2693 2689 2692
f 2694 2689 2691
f 2689 2694 2692
f 2692 2695 2693
f 2694 2695 2692
f 2696 2698 2697
f 2696 2697 2699
f 2697 2698 2701
f 2701 2700 2697
f 2702 2699 2697
f 2697 2700 2702
f 2700 2701 2704
f 2704 2703 2700
f 2705 2702 2700
f 2700 2703 2705
f 2703 2704 2707
f 2707 2706 2703
f 2708 2705 2703
f 2703 2706 2708
f 2706 2707 2710
f 2710 2709 2706
f 2711 2708 2706
f 2706 2709 2711
f 2709 2710 2713
f 2713 2712 2709
f 2714 2711 2709
f 2709 2712 2714
f 2712 2713 2716
f 2716 2715 2712
f 2717 2714 2712
f 2712 2715 2717
f 2715 2716 2719
f 2719 2718 2715
f 2720 2717 2715
f 2715 2718 2720
f 2718 2719 2722
f 2722 2721 2718
f 2723 2720 2718
f 2718 2721 2723
f 2721 2722 2725
f 2725 2724 2721
f 2726 2723 2721
f 2721 2724 2726
f 2724 2725 2728
f 2728 2727 2724
f 2729 2726 2724
f 2724 2727 2729
f 2727 2728 2731
f 2731 2730 2727
f 2732 2729 2727
f 2727 2730 2732
f 2730 2731 2734
f 2734 2733 2730
f 2735 2732 2730
f 2730 2733 2735
f 2733 2734 2737
f 2737 2736 2733
f 2738 2735 2733
f 2733 2736 2738
f 2736 2737 2740
f 2740 2739 2736
f 2741 2738 2736
f 2736 2739 2741
f 2739 2740 2743
f 2743 2742 2739
f 2744 2741 2739
f 2739 2742 2744
f 2742 2743 2746
f 2746 2745 2742
f 2747 2744 2742
f 2742 2745 2747
f 2745 2746 2749
f 2749 2748 2745
f 2750 2747 2745
f 2745 2748 2750
f 2748 2749 2751
f 2750 2748 2751
f 2752 2753 2754
f 2752 2755 2753
f 2753 2757 2754
f 2757 2753 2756
f 2758 2753 2755
f 2753 2758 2756
f 2756 2760 2757
f 2760 2756 2759
f 2761 2756 2758
f 2756 2761 2759
f 2759 2763 2760
f 2763 2759 2762
f 2764 2759 2761
f 2759 2764 2762
f 2762 2766 2763
f 2766 2762 2765
f 2767 2762 2764
f 2762 2767 2765
f 2765 2769 2766
f 2769 2765 2768
f 2770 2765 2767
f 2765 2770 2768
f 2768 2772 2769
f 2772 2768 2771
f 2773 2768 2770
f 2768 2773 2771
f 2771 2775 2772
f 2775 2771 2774
f 2776 2771 2773
f 2771 2776 2774
f 2774 2778 2775
f 2778 2774 2777
f 2779 2774 2776
f 2774 2779 2777
f 2777 2781 2778
f 2781 2777 2780
f 2782 2777 2779
f 2777 2782 2780
f 2780 2784 2781
f 2784 2780 2783
f 2785 2780 2782
f 2780 2785 2783
f 2783 2787 2784
f 2787 2783 2786
f 2788 2783 2785
f 2783 2788 2786
f 2786 2790 2787
f 2790 2786 2789
f 2791 2786 2788
f 2786 2791 2789
f 2789 2793 2790
f 2793 2789 2792
f 2794 2789 2791
f 2789 2794 2792
f 2792 2796 2793
f 2796 2792 2795
f 2797 2792 2794
f 2792 2797 2795
f 2795 2799 2796
f 2799 2795 2798
f 2800 2795 2797
f 2795 2800 2798
f 2798 2802 2799
f 2802 2798 2801
f 2803 2798 2800
f 2798 2803 2801
f 2801 2805 2802
f 2805 2801 2804
f 2806 2801 2803
f 2801 2806 2804
f 2804 2807 2805
f 2806 2807 2804
f 2808 2810 2809
f 2808 2809 2811
f 2809 2810 2813
f 2813 2812 2809
f 2814 2811 2809
f 2809 2812 2814
f 2812 2813 2816
f 2816 2815 2812
f 2817 2814 2812
f 2812 2815 2817
f 2815 2816 2819
f 2819 2818 2815
f 2820 2817 2815
f 2815 2818 2820
f 2818 2819 2822
f 2822 2821 2818
f 2823 2820 2818
f 2818 2821 2823
f 2821 2822 2825
f 2825 2824 2821
f 2826 2823 2821
f 2821 2824 2826
f 2824 2825 2828
f 2828 2827 2824
f 2829 2826 2824
f 2824 2827 2829
f 2827 2828 2831
f 2831 2830 2827
f 2832 2829 2827
f 2827 2830 2832
f 2830 2831 2834
f 2834 2833 2830
f 2835 2832 2830
f 2830 2833 2835
f 2833 2834 2837
f 2837 2836 2833
f 2838 2835 2833
f 2833 2836 2838
f 2836 2837 2840
f 2840 2839 2836
f 2841 2838 2836
f 2836 2839 2841
f 2839 2840 2843
f 2843 2842 2839
f 2844 2841 2839
f 2839 2842 2844
f 2842 2843 2846
f 2846 2845 2842
f 2847 2844 2842
f 2842 2845 2847
f 2845 2846 2849
f 2849 2848 2845
f 2850 2847 2845
f 2845 2848 2850
f 2848 2849 2852
f 2852 2851 2848
f 2853 2850 2848
f 2848 2851 2853
f 2851 2852 2855
f 2855 2854 2851
f 2856 2853 2851
f 2851 2854 2856
f 2854 2855 2858
f 2858 2857 2854
f 2859 2856 2854
f 2854 2857 2859
f 2857 2858 2861
f 2861 2860 2857
f 2862 2859 2857
f 2857 2860 2862
f 2860 2861 2863
f 2862 2860 2863
f 2864 2865 2866
f 2864 2867 2865
f 2865 2869 2866
f 2869 2865 2868
f 2870 2865 2867
f 2865 2870 2868
f 2868 2872 2869
f 2872 2868 2871
f 2873 2868 2870
f 2868 2873 2871
f 2871 2875 2872
f 2875 2871 2874
f 2876 2871 2873
f 2871 2876 2874
f 2874 2878 2875
f 2878 2874 2877
f 2879 2874 2876
f 2874 2879 2877
f 2877 2881 2878
f 2881 2877 2880
f 2882 2877 2879
f 2877 2882 2880
f 2880 2884 2881
f 2884 2880 2883
f 2885 2880 2882
f 2880 2885 2883
f 2883 2887 2884
f 2887 2883 2886
f 2888 2883 2885
f 2883 2888 2886
f 2886 2890 2887
f 2890 2886 2889
f 2891 2886 2888
f 2886 2891 2889
f 2889 2893 2890
f 2893 2889 2892
f 2894 2889 2891
f 2889 2894 2892
f 2892 2896 2893
f 2896 2892 2895
f 2897 2892 2894
f 2892 2897 2895
f 2895 2899 2896
f 2899 2895 2898
f 2900 2895 2897
f 2895 2900 2898
f 2898 2902 2899
f 2902 2898 2901
f 2903 2898 2900
f 2898 2903 2901
f 2901 2905 2902
f 2905 2901 2904
f 2906 2901 2903
f 2901 2906 2904
f 2904 2908 2905
f 2908 2904 2907
f 2909 2904 2906
f 2904 2909 2907
f 2907 2911 2908
f 2911 2907 2910
f 2912 2907 2909
f 2907 2912 2910
f 2910 2914 2911
f 2914 2910 2913
f 2915 2910 2912
f 2910 2915 2913
f 2913 2917 2914
f 2917 2913 2916
f 2918 2913 2915
f 2913 2918 2916
f 2916 2919 2917
f 2918 2919 2916
f 2920 2922 2921
f 2920 2921 2923
f 2921 2922 2925
f 2925 2924 2921
f 2926 2923 2921
f 2921 2924 2926
f 2924 2925 2928
f 2928 2927 2924
f 2929 2926 2924
f 2924 2927 2929
f 2927 2928 2931
f 2931 2930 2927
f 2932 2929 2927
f 2927 2930 2932
f 2930 2931 2934
f 2934 2933 2930
f 2935 2932 2930
f 2930 2933 2935
f 2933 2934 2937
f 2937 2936 2933
f 2938 2935 2933
f 2933 2936 2938
f 2936 2937 2940
f 2940 2939 2936
f 2941 2938 2936
f 2936 2939 2941
f 2939 2940 2943
f 2943 2942 2939
f 2944 2941 2939
f 2939 2942 2944
f 2942 2943 2946
f 2946 2945 2942
f 2947 2944 2942
f 2942 2945 2947
f 2945 2946 2949
f 2949 2948 2945
f 2950 2947 2945
f 2945 2948 2950
f 2948 2949 2952
f 2952 2951 2948
f 2953 2950 2948
f 2948 2951 2953
f 2951 2952 2955
f 2955 2954 2951
f 2956 2953 2951
f 2951 2954 2956
f 2954 2955 2958
f 2958 2957 2954
f 2959 2956 2954
f 2954 2957 2959
f 2957 2958 2961
f 2961 2960 2957
f 2962 2959 2957
f 2957 2960 2962
f 2960 2961 2964
f 2964 2963 2960
f 2965 2962 2960
f 2960 2963 2965
f 2963 2964 2967
f 2967 2966 2963
f 2968 2965 2963
f 2963 2966 2968
f 2966 2967 2970
f 2970 2969 2966
f 2971 2968 2966
f 2966 2969 2971
f 2969 2970 2973
f 2973 2972 2969
f 2974 2971 2969
f 2969 2972 2974
f 2972 2973 2975
f 2974 2972 2975
f 2976 2977 2978
f 2976 2979 2977
f 2977 2981 2978
f 2981 2977 2980
f 2982 2977 2979
f 2977 2982 2980
f 2980 2984 2981
f 2984 2980 2983
f 2985 2980 2982
f 2980 2985 2983
f 2983 2987 2984
f 2987 2983 2986
f 2988 2983 2985
f 2983 2988 2986
f 2986 2990 2987
f 2990 2986 2989
f 2991 2986 2988
f 2986 2991 2989
f 2989 2993 2990
f 2993 2989 2992
f 2994 2989 2991
f 2989 2994 2992
f 2992 2996 2993
f 2996 2992 2995
f 2997 2992 2994
f 2992 2997 2995
f 2995 2999 2996
f 2999 2995 2998
f 3000 2995 2997
f 2995 3000 2998
f 2998 3002 2999
f 3002 2998 3001
f 3003 2998 3000
f 2998 3003 3001
f 3001 3005 3002
f 3005 3001 3004
f 3006 3001 3003
f 3001 3006 3004
f 3004 3008 3005
f 3008 3004 3007
f 3009 3004 3006
f 3004 3009 3007
f 3007 3011 3008
f 3011 3007 3010
f 3012 3007 3009
f 3007 3012 3010
f 3010 3014 3011
f 3014 3010 3013
f 3015 3010 3012
f 3010 3015 3013
f 3013 3017 3014
f 3017 3013 3016
f 3018 3013 3015
f 3013 3018 3016
f 3016 3020 3017
f 3020 3016 3019
f 3021 3016 3018
f 3016 3021 3019
f 3019 3023 3020
f 3023 3019 3022
f 3024 3019 3021
f 3019 3024 3022
f 3022 3026 3023
f 3026 3022 3025
f 3027 3022 3024
f 3022 3027 3025
f 3025 3029 3026
f 3029 3025 3028
f 3030 3025 3027
f 3025 3030 3028
f 3028 3031 3029
f 3030 3031 3028
f 3032 3034 3033
f 3032 3033 3035
f 3033 3034 3037
f 3037 3036 3033
f 3038 3035 3033
f 3033 3036 3038
f 3036 3037 3040
f 3040 3039 3036
f 3041 3038 3036
f 3036 3039 3041
f 3039 3040 3043
f 3043 3042 3039
f 3044 3041 3039
f 3039 3042 3044
f 3042 3043 3046
f 3046 3045 3042
f 3047 3044 3042
f 3042 3045 3047
f 3045 3046 3049
f 3049 3048 3045
f 3050 3047 3045
f 3045 3048 3050
f 3048 3049 3052
f 3052 3051 3048
f 3053 3050 3048
f 3048 3051 3053
f 3051 3052 3055
f 3055 3054 3051
f 3056 3053 3051
f 3051 3054 3056
f 3054 3055 3058
f 3058 3057 3054
f 3059 3056 3054
f 3054 3057 3059
f 3057 3058 3061
f 3061 3060 3057
f 3062 3059 3057
f 3057 3060 3062
f 3060 3061 3064
f 3064 3063 3060
f 3065 3062 3060
f 3060 3063 3065
f 3063 3064 3067
f 3067 3066 3063
f 3068 3065 3063
f 3063 3066 3068
f 3066 3067 3070
f 3070 3069 3066
f 3071 3068 3066
f 3066 3069 3071
f 3069 3070 3073
f 3073 3072 3069
f 3074 3071 3069
f 3069 3072 3074
f 3072 3073 3076
f 3076 3075 3072
f 3077 3074 3072
f 3072 3075 3077
f 3075 3076 3079
f 3079 3078 3075
f 3080 3077 3075
f 3075 3078 3080
f 3078 3079 3082
f 3082 3081 3078
f 3083 3080 3078
f 3078 3081 3083
f 3081 3082 3085
f 3085 3084 3081
f 3086 3083 3081
f 3081 3084 3086
f 3084 3085 3087
f 3086 3084 3087
f 3088 3089 3090
f 3088 3091 3089
f 3089 3093 3090
f 3093 3089 3092
f 3094 3089 3091
f 3089 3094 3092
f 3092 3096 3093
f 3096 3092 3095
f 3097 3092 3094
f 3092 3097 3095
f 3095 3099 3096
f 3099 3095 3098
f 3100 3095 3097
f 3095 3100 3098
f 3098 3102 3099
f 3102 3098 3101
f 3103 3098 3100
f 3098 3103 3101
f 3101 3105 3102
f 3105 3101 3104
f 3106 3101 3103
f 3101 3106 3104
f 3104 3108 3105
f 3108 3104 3107
f 3109 3104 3106
f 3104 3109 3107
f 3107 3111 3108
f 3111 3107 3110
f 3112 3107 3109
f 3107 3112 3110
f 3110 3114 3111
f 3114 3110 3113
f 3115 3110 3112
f 3110 3115 3113
f 3113 3117 3114
f 3117 3113 3116
f 3118 3113 3115
f 3113 3118 3116
f 3116 3120 3117
f 3120 3116 3119
f 3121 3116 3118
f 3116 3121 3119
f 3119 3123 3120
f 3123 3119 3122
f 3124 3119 3121
f 3119 3124 3122
f 3122 3126 3123
f 3126 3122 3125
f 3127 3122 3124
f 3122 3127 3125
f 3125 3129 3126
f 3129 3125 3128
f 3130 3125 3127
f 3125 3130 3128
f 3128 3132 3129
f 3132 3128 3131
f 3133 3128 3130
f 3128 3133 3131
f 3131 3135 3132
f 3135 3131 3134
f 3136 3131 3133
f 3131 3136 3134
f 3134 3138 3135
f 3138 3134 3137
f 3139 3134 3136
f 3134 3139 3137
f 3137 3141 3138
f 3141 3137 3140
f 3142 3137 3139
f 3137 3142 3140
f 3140 3143 3141
f 3142 3143 3140
f 3144 3146 3145
f 3144 3145 3147
f 3145 3146 3149
f 3149 3148 3145
f 3150 3147 3145
f 3145 3148 3150
f 3148 3149 3152
f 3152 3151 3148
f 3153 3150 3148
f 3148 3151 3153
f 3151 3152 3155
f 3155 3154 3151
f 3156 3153 3151
f 3151 3154 3156
f 3154 3155 3158
f 3158 3157 3154
f 3159 3156 3154
f 3154 3157 3159
f 3157 3158 3161
f 3161 3160 3157
f 3162 3159 3157
f 3157 3160 3162
f 3160 3161 3164
f 3164 3163 3160
f 3165 3162 3160
f 3160 3163 3165
f 3163 3164 3167
f 3167 3166 3163
f 3168 3165 3163
f 3163 3166 3168
f 3166 3167 3170
f 3170 3169 3166
f 3171 3168 3166
f 3166 3169 3171
f 3169 3170 3173
f 3173 3172 3169
f 3174 3171 3169
f 3169 3172 3174
f 3172 3173 3176
f 3176 3175 3172
f 3177 3174 3172
f 3172 3175 3177
f 3175 3176 3179
f 3179 3178 3175
f 3180 3177 3175
f 3175 3178 3180
f 3178 3179 3182
f 3182 3181 3178
f 3183 3180 3178
f 3178 3181 3183
f 3181 3182 3185
f 3185 3184 3181
f 3186 3183 3181
f 3181 3184 3186
f 3184 3185 3188
f 3188 3187 3184
f 3189 3186 3184
f 3184 3187 3189
f 3187 3188 3191
f 3191 3190 3187
f 3192 3189 3187
f 3187 3190 3192
f 3190 3191 3194
f 3194 3193 3190
f 3195 3192 3190
f 3190 3193 3195
f 3193 3194 3197
f 3197 3196 3193
f 3198 3195 3193
f 3193 3196 3198
f 3196 3197 3199
f 3198 3196 3199
f 3200 3201 3202
f 3200 3203 3201
f 3201 3205 3202
f 3205 3201 3204
f 3206 3201 3203
f 3201 3206 3204
f 3204 3208 3205
f 3208 3204 3207
f 3209 3204 3206
f 3204 3209 3207
f 3207 3211 3208
f 3211 3207 3210
f 3212 3207 3209
f 3207 3212 3210
f 3210 3214 3211
f 3214 3210 3213
f 3215 3210 3212
f 3210 3215 3213
f 3213 3217 3214
f 3217 3213 3216
f 3218 3213 3215
f 3213 3218 3216
f 3216 3220 3217
f 3220 3216 3219
f 3221 3216 3218
f 3216 3221 3219
f 3219 3223 3220
f 3223 3219 3222
f 3224 3219 3221
f 3219 3224 3222
f 3222 3226 3223
f 3226 3222 3225
f 3227 3222 3224
f 3222 3227 3225
f 3225 3229 3226
f 3229 3225 3228
f 3230 3225 3227
f 3225 3230 3228
f 3228 3232 3229
f 3232 3228 3231
f 3233 3228 3230
f 3228 3233 3231
f 3231 3235 3232
f 3235 3231 3234
f 3236 3231 3233
f 3231 3236 3234
f 3234 3238 3235
f 3238 3234 3237
f 3239 3234 3236
f 3234 3239 3237
f 3237 3241 3238
f 3241 3237 3240
f 3242 3237 3239
f 3237 3242 3240
f 3240 3244 3241
f 3244 3240 3243
f 3245 3240 3242
f 3240 3245 3243
f 3243 3247 3244
f 3247 3243 3246
f 3248 3243 3245
f 3243 3248 3246
f 3246 3250 3247
f 3250 3246 3249
f 3251 3246 3248
f 3246 3251 3249
f 3249 3253 3250
f 3253 3249 3252
f 3254 3249 3251
f 3249 3254 3252
f 3252 3256 3253
f 3256 3252 3255
f 3257 3252 3254
f 3252 3257 3255
f 3255 3258 3256
f 3257 3258 3255
f 3259 3261 3260
f 3259 3260 3262
f 3260 3261 3264
f 3264 3263 3260
f 3265 3262 3260
f 3260 3263 3265
f 3263 3264 3267
f 3267 3266 3263
f 3268 3265 3263
f 3263 3266 3268
f 3266 3267 3270
f 3270 3269 3266
f 3271 3268 3266
f 3266 3269 3271
f 3269 3270 3273
f 3273 3272 3269
f 3274 3271 3269
f 3269 3272 3274
f 3272 3273 3276
f 3276 3275 3272
f 3277 3274 3272
f 3272 3275 3277
f 3275 3276 3279
f 3279 3278 3275
f 3280 3277 3275
f 3275 3278 3280
f 3278 3279 3282
f 3282 3281 3278
f 3283 3280 3278
f 3278 3281 3283
f 3281 3282 3285
f 3285 3284 3281
f 3286 3283 3281
f 3281 3284 3286
f 3284 3285 3288
f 3288 3287 3284
f 3289 3286 3284
f 3284 3287 3289
f 3287 3288 3291
f 3291 3290 3287
f 3292 3289 3287
f 3287 3290 3292
f 3290 3291 3294
f 3294 3293 3290
f 3295 3292 3290
f 3290 3293 3295
f 3293 3294 3297
f 3297 3296 3293
f 3298 3295 3293
f 3293 3296 3298
f 3296 3297 3300
f 3300 3299 3296
f 3301 3298 3296
f 3296 3299 3301
f 3299 3300 3303
f 3303 3302 3299
f 3304 3301 3299
f 3299 3302 3304
f 3302 3303 3306
f 3306 3305 3302
f 3307 3304 3302
f 3302 3305 3307
f 3305 3306 3309
f 3309 3308 3305
f 3310 3307 3305
f 3305 3308 3310
f 3308 3309 3312
f 3312 3311 3308
f 3313 3310 3308
f 3308 3311 3313
f 3311 3312 3315
f 3315 3314 3311
f 3316 3313 3311
f 3311 3314 3316
f 3314 3315 3317
f 3316 3314 3317
f 3318 3319 3320
f 3318 3321 3319
f 3319 3323 3320
f 3323 3319 3322
f 3324 3319 3321
f 3319 3324 3322
f 3322 3326 3323
f 3326 3322 3325
f 3327 3322 3324
f 3322 3327 3325
f 3325 3329 3326
f 3329 3325 3328
f 3330 3325 3327
f 3325 3330 3328
f 3328 3332 3329
f 3332 3328 3331
f 3333 3328 3330
f 3328 3333 3331
f 3331 3335 3332
f 3335 3331 3334
f 3336 3331 3333
f 3331 3336 3334
f 3334 3338 3335
f 3338 3334 3337
f 3339 3334 3336
f 3334 3339 3337
f 3337 3341 3338
f 3341 3337 3340
f 3342 3337 3339
f 3337 3342 3340
f 3340 3344 3341
f 3344 3340 3343
f 3345 3340 3342
f 3340 3345 3343
f 3343 3347 3344
f 3347 3343 3346
f 3348 3343 3345
f 3343 3348 3346
f 3346 3350 3347
f 3350 3346 3349
f 3351 3346 3348
f 3346 3351 3349
f 3349 3353 3350
f 3353 3349 3352
f 3354 3349 3351
f 3349 3354 3352
f 3352 3356 3353
f 3356 3352 3355
f 3357 3352 3354
f 3352 3357 3355
f 3355 3359 3356
f 3359 3355 3358
f 3360 3355 3357
f 3355 3360 3358
f 3358 3362 3359
f 3362 3358 3361
f 3363 3358 3360
f 3358 3363 3361
f 3361 3365 3362
f 3365 3361 3364
f 3366 3361 3363
f 3361 3366 3364
f 3364 3368 3365
f 3368 3364 3367
f 3369 3364 3366
f 3364 3369 3367
f 3367 3371 3368
f 3371 3367 3370
f 3372 3367 3369
f 3367 3372 3370
f 3370 3374 3371
f 3374 3370 3373
f 3375 3370 3372
f 3370 3375 3373
f 3373 3376 3374
f 3375 3376 3373
f 3377 3379 3378
f 3377 3378 3380
f 3378 3379 3382
f 3382 3381 3378
f 3383 3380 3378
f 3378 3381 3383
f 3381 3382 3385
f 3385 3384 3381
f 3386 3383 3381
f 3381 3384 3386
f 3384 3385 3388
f 3388 3387 3384
f 3389 3386 3384
f 3384 3387 3389
f 3387 3388 3391
f 3391 3390 3387
f 3392 3389 3387
f 3387 3390 3392
f 3390 3391 3394
f 3394 3393 3390
f 3395 3392 3390
f 3390 3393 3395
f 3393 3394 3397
f 3397 3396 3393
f 3398 3395 3393
f 3393 3396 3398
f 3396 3397 3400
f 3400 3399 3396
f 3401 3398 3396
f 3396 3399 3401
f 3399 3400 3403
f 3403 3402 3399
f 3404 3401 3399
f 3399 3402 3404
f 3402 3403 3406
f 3406 3405 3402
f 3407 3404 3402
f 3402 3405 3407
f 3405 3406 3409
f 3409 3408 3405
f 3410 3407 3405
f 3405 3408 3410
f 3408 3409 3412
f 3412 3411 3408
f 3413 3410 3408
f 3408 3411 3413
f 3411 3412 3415
f 3415 3414 3411
f 3416 3413 3411
f 3411 3414 3416
f 3414 3415 3418
f 3418 3417 3414
f 3419 3416 3414
f 3414 3417 3419
f 3417 3418 3421
f 3421 3420 3417
f 3422 3419 3417
f 3417 3420 3422
f 3420 3421 3424
f 3424 3423 3420
f 3425 3422 3420
f 3420 3423 3425
f 3423 3424 3427
f 3427 3426 3423
f 3428 3425 3423
f 3423 3426 3428
f 3426 3427 3430
f 3430 3429 3426
f 3431 3428 3426
f 3426 3429 3431
f 3429 3430 3433
f 3433 3432 3429
f 3434 3431 3429
f 3429 3432 3434
f 3432 3433 3435
f 3434 3432 3435
f 3436 3437 3438
f 3436 3439 3437
f 3437 3441 3438
f 3441 3437 3440
f 3442 3437 3439
f 3437 3442 3440
f 3440 3444 3441
f 3444 3440 3443
f 3445 3440 3442
f 3440 3445 3443
f 3443 3447 3444
f 3447 3443 3446
f 3448 3443 3445
f 3443 3448 3446
f 3446 3450 3447
f 3450 3446 3449
f 3451 3446 3448
f 3446 3451 3449
f 3449 3453 3450
f 3453 3449 3452
f 3454 3449 3451
f 3449 3454 3452
f 3452 3456 3453
f 3456 3452 3455
f 3457 3452 3454
f 3452 3457 3455
f 3455 3459 3456
f 3459 3455 3458
f 3460 3455 3457
f 3455 3460 3458
f 3458 3462 3459
f 3462 3458 3461
f 3463 3458 3460
f 3458 3463 3461
f 3461 3465 3462
f 3465 3461 3464
f 3466 3461 3463
f 3461 3466 3464
f 3464 3468 3465
f 3468 3464 3467
f 3469 3464 3466
f 3464 3469 3467
f 3467 3471 3468
f 3471 3467 3470
f 3472 3467 3469
f 3467 3472 3470
f 3470 3474 3471
f 3474 3470 3473
f 3475 3470 3472
f 3470 3475 3473
f 3473 3477 3474
f 3477 3473 3476
f 3478 3473 3475
f 3473 3478 3476
f 3476 3480 3477
f 3480 3476 3479
f 3481 3476 3478
f 3476 3481 3479
f 3479 3483 3480
f 3483 3479 3482
f 3484 3479 3481
f 3479 3484 3482
f 3482 3486 3483
f 3486 3482 3485
f 3487 3482 3484
f 3482 3487 3485
f 3485 3489 3486
f 3489 3485 3488
f 3490 3485 3487
f 3485 3490 3488
f 3488 3492 3489
f 3492 3488 3491
f 3493 3488 3490
f 3488 3493 3491
f 3491 3494 3492
f 3493 3494 3491
f 3495 3497 3496
f 3495 3496 3498
f 3496 3497 3500
f 3500 3499 3496
f 3501 3498 3496
f 3496 3499 3501
f 3499 3500 3503
f 3503 3502 3499
f 3504 3501 3499
f 3499 3502 3504
f 3502 3503 3506
f 3506 3505 3502
f 3507 3504 3502
f 3502 3505 3507
f 3505 3506 3509
f 3509 3508 3505
f 3510 3507 3505
f 3505 3508 3510
f 3508 3509 3512
f 3512 3511 3508
f 3513 3510 3508
f 3508 3511 3513
f 3511 3512 3515
f 3515 3514 3511
f 3516 3513 3511
f 3511 3514 3516
f 3514 3515 3518
f 3518 3517 3514
f 3519 3516 3514
f 3514 3517 3519
f 3517 3518 3521
f 3521 3520 3517
f 3522 3519 3517
f 3517 3520 3522
f 3520 3521 3524
f 3524 3523 3520
f 3525 3522 3520
f 3520 3523 3525
f 3523 3524 3527
f 3527 3526 3523
f 3528 3525 3523
f 3523 3526 3528
f 3526 3527 3530
f 3530 3529 3526
f 3531 3528 3526
f 3526 3529 3531
f 3529 3530 3533
f 3533 3532 3529
f 3534 3531 3529
f 3529 3532 3534
f 3532 3533 3536
f 3536 3535 3532
f 3537 3534 3532
f 3532 3535 3537
f 3535 3536 3539
f 3539 3538 3535
f 3540 3537 3535
f 3535 3538 3540
f 3538 3539 3542
f 3542 3541 3538
f 3543 3540 3538
f 3538 3541 3543
f 3541 3542 3545
f 3545 3544 3541
f 3546 3543 3541
f 3541 3544 3546
f 3544 3545 3548
f 3548 3547 3544
f 3549 3546 3544
f 3544 3547 3549
f 3547 3548 3551
f 3551 3550 3547
f 3552 3549 3547
f 3547 3550 3552
f 3550 3551 3553
f 3552 3550 3553
f 3554 3555 3556
f 3554 3557 3555
f 3555 3559 3556
f 3559 3555 3558
f 3560 3555 3557
f 3555 3560 3558
f 3558 3562 3559
f 3562 3558 3561
f 3563 3558 3560
f 3558 3563 3561
f 3561 3565 3562
f 3565 3561 3564
f 3566 3561 3563
f 3561 3566 3564
f 3564 3568 3565
f 3568 3564 3567
f 3569 3564 3566
f 3564 3569 3567
f 3567 3571 3568
f 3571 3567 3570
f 3572 3567 3569
f 3567 3572 3570
f 3570 3574 3571
f 3574 3570 3573
f 3575 3570 3572
f 3570 3575 3573
f 3573 3577 3574
f 3577 3573 3576
f 3578 3573 3575
f 3573 3578 3576
f 3576 3580 3577
f 3580 3576 3579
f 3581 3576 3578
f 3576 3581 3579
f 3579 3583 3580
f 3583 3579 3582
f 3584 3579 3581
f 3579 3584 3582
f 3582 3586 3583
f 3586 3582 3585
f 3587 3582 3584
f 3582 3587 3585
f 3585 3589 3586
f 3589 3585 3588
f 3590 3585 3587
f 3585 3590 3588
f 3588 3592 3589
f 3592 3588 3591
f 3593 3588 3590
f 3588 3593 3591
f 3591 3595 3592
f 3595 3591 3594
f 3596 3591 3593
f 3591 3596 3594
f 3594 3598 3595
f 3598 3594 3597
f 3599 3594 3596
f 3594 3599 3597
f 3597 3601 3598
f 3601 3597 3600
f 3602 3597 3599
f 3597 3602 3600
f 3600 3604 3601
f 3604 3600 3603
f 3605 3600 3602
f 3600 3605 3603
f 3603 3607 3604
f 3607 3603 3606
f 3608 3603 3605
f 3603 3608 3606
f 3606 3609 3607
f 3608 3609 3606
f 3610 3612 3611
f 3610 3611 3613
f 3611 3612 3615
f 3615 3614 3611
f 3616 3613 3611
f 3611 3614 3616
f 3614 3615 3618
f 3618 3617 3614
f 3619 3616 3614
f 3614 3617 3619
f 3617 3618 3621
f 3621 3620 3617
f 3622 3619 3617
f 3617 3620 3622
f 3620 3621 3624
f 3624 3623 3620
f 3625 3622 3620
f 3620 3623 3625
f 3623 3624 3627
f 3627 3626 3623
f 3628 3625 3623
f 3623 3626 3628
f 3626 3627 3630
f 3630 3629 3626
f 3631 3628 3626
f 3626 3629 3631
f 3629 3630 3633
f 3633 3632 3629
f 3634 3631 3629
f 3629 3632 3634
f 3632 3633 3636
f 3636 3635 3632
f 3637 3634 3632
f 3632 3635 3637
f 3635 3636 3639
f 3639 3638 3635
f 3640 3637 3635
f 3635 3638 3640
f 3638 3639 3642
f 3642 3641 3638
f 3643 3640 3638
f 3638 3641 3643
f 3641 3642 3645
f 3645 3644 3641
f 3646 3643 3641
f 3641 3644 3646
f 3644 3645 3648
f 3648 3647 3644
f 3649 3646 3644
f 3644 3647 3649
f 3647 3648 3651
f 3651 3650 3647
f 3652 3649 3647
f 3647 3650 3652
f 3650 3651 3654
f 3654 3653 3650
f 3655 3652 3650
f 3650 3653 3655
f 3653 3654 3657
f 3657 3656 3653
f 3658 3655 3653
f 3653 3656 3658
f 3656 3657 3660
f 3660 3659 3656
f 3661 3658 3656
f 3656 3659 3661
f 3659 3660 3663
f 3663 3662 3659
f 3664 3661 3659
f 3659 3662 3664
f 3662 3663 3666
f 3666 3665 3662
f 3667 3664 3662
f 3662 3665 3667
f 3665 3666 3668
f 3667 3665 3668
f 3669 3670 3671
f 3669 3672 3670
f 3670 3674 3671
f 3674 3670 3673
f 3675 3670 3672
f 3670 3675 3673
f 3673 3677 3674
f 3677 3673 3676
f 3678 3673 3675
f 3673 3678 3676
f 3676 3680 3677
f 3680 3676 3679
f 3681 3676 3678
f 3676 3681 3679
f 3679 3683 3680
f 3683 3679 3682
f 3684 3679 3681
f 3679 3684 3682
f 3682 3686 3683
f 3686 3682 3685
f 3687 3682 3684
f 3682 3687 3685
f 3685 3689 3686
f 3689 3685 3688
f 3690 3685 3687
f 3685 3690 3688
f 3688 3692 3689
f 3692 3688 3691
f 3693 3688 3690
f 3688 3693 3691
f 3691 3695 3692
f 3695 3691 3694
f 3696 3691 3693
f 3691 3696 3694
f 3694 3698 3695
f 3698 3694 3697
f 3699 3694 3696
f 3694 3699 3697
f 3697 3701 3698
f 3701 3697 3700
f 3702 3697 3699
f 3697 3702 3700
f 3700 3704 3701
f 3704 3700 3703
f 3705 3700 3702
f 3700 3705 3703
f 3703 3707 3704
f 3707 3703 3706
f 3708 3703 3705
f 3703 3708 3706
f 3706 3710 3707
f 3710 3706 3709
f 3711 3706 3708
f 3706 3711 3709
f 3709 3713 3710
f 3713 3709 3712
f 3714 3709 3711
f 3709 3714 3712
f 3712 3716 3713
f 3716 3712 3715
f 3717 3712 3714
f 3712 3717 3715
f 3715 3719 3716
f 3719 3715 3718
f 3720 3715 3717
f 3715 3720 3718
f 3718 3722 3719
f 3722 3718 3721
f 3723 3718 3720
f 3718 3723 3721
f 3721 3725 3722
f 3725 3721 3724
f 3726 3721 3723
f 3721 3726 3724
f 3724 3727 3725
f 3726 3727 3724
f 3728 3730 3729
f 3728 3729 3731
f 3729 3730 3733
f 3733 3732 3729
f 3734 3731 3729
f 3729 3732 3734
f 3732 3733 3736
f 3736 3735 3732
f 3737 3734 3732
f 3732 3735 3737
f 3735 3736 3739
f 3739 3738 3735
f 3740 3737 3735
f 3735 3738 3740
f 3738 3739 3742
f 3742 3741 3738
f 3743 3740 3738
f 3738 3741 3743
f 3741 3742 3745
f 3745 3744 3741
f 3746 3743 3741
f 3741 3744 3746
f 3744 3745 3748
f 3748 3747 3744
f 3749 3746 3744
f 3744 3747 3749
f 3747 3748 3751
f 3751 3750 3747
f 3752 3749 3747
f 3747 3750 3752
f 3750 3751 3754
f 3754 3753 3750
f 3755 3752 3750
f 3750 3753 3755
f 3753 3754 3757
f 3757 3756 3753
f 3758 3755 3753
f 3753 3756 3758
f 3756 3757 3760
f 3760 3759 3756
f 3761 3758 3756
f 3756 3759 3761
f 3759 3760 3763
f 3763 3762 3759
f 3764 3761 3759
f 3759 3762 3764
f 3762 3763 3766
f 3766 3765 3762
f 3767 3764 3762
f 3762 3765 3767
f 3765 3766 3769
f 3769 3768 3765
f 3770 3767 3765
f 3765 3768 3770
f 3768 3769 3772
f 3772 3771 3768
f 3773 3770 3768
f 3768 3771 3773
f 3771 3772 3775
f 3775 3774 3771
f 3776 3773 3771
f 3771 3774 3776
f 3774 3775 3778
f 3778 3777 3774
f 3779 3776 3774
f 3774 3777 3779
f 3777 3778 3781
f 3781 3780 3777
f 3782 3779 3777
f 3777 3780 3782
f 3780 3781 3784
f 3784 3783 3780
f 3785 3782 3780
f 3780 3783 3785
f 3783 3784 3786
f 3785 3783 3786
f 3787 3788 3789
f 3787 3790 3788
f 3788 3792 3789
f 3792 3788 3791
f 3793 3788 3790
f 3788 3793 3791
f 3791 3795 3792
f 3795 3791 3794
f 3796 3791 3793
f 3791 3796 3794
f 3794 3798 3795
f 3798 3794 3797
f 3799 3794 3796
f 3794 3799 3797
f 3797 3801 3798
f 3801 3797 3800
f 3802 3797 3799
f 3797 3802 3800
f 3800 3804 3801
f 3804 3800 3803
f 3805 3800 3802
f 3800 3805 3803
f 3803 3807 3804
f 3807 3803 3806
f 3808 3803 3805
f 3803 3808 3806
f 3806 3810 3807
f 3810 3806 3809
f 3811 3806 3808
f 3806 3811 3809
f 3809 3813 3810
f 3813 3809 3812
f 3814 3809 3811
f 3809 3814 3812
f 3812 3816 3813
f 3816 3812 3815
f 3817 3812 3814
f 3812 3817 3815
f 3815 3819 3816
f 3819 3815 3818
f 3820 3815 3817
f 3815 3820 3818
f 3818 3822 3819
f 3822 3818 3821
f 3823 3818 3820
f 3818 3823 3821
f 3821 3825 3822
f 3825 3821 3824
f 3826 3821 3823
f 3821 3826 3824
f 3824 3828 3825
f 3828 3824 3827
f 3829 3824 3826
f 3824 3829 3827
f 3827 3831 3828
f 3831 3827 3830
f 3832 3827 3829
f 3827 3832 3830
f 3830 3834 3831
f 3834 3830 3833
f 3835 3830 3832
f 3830 3835 3833
f 3833 3837 3834
f 3837 3833 3836
f 3838 3833 3835
f 3833 3838 3836
f 3836 3840 3837
f 3840 3836 3839
f 3841 3836 3838
f 3836 3841 3839
f 3839 3843 3840
f 3843 3839 3842
f 3844 3839 3841
f 3839 3844 3842
f 3842 3846 3843
f 3846 3842 3845
f 3847 3842 3844
f 3842 3847 3845
f 3845 3848 3846
f 3847 3848 3845
f 3849 3851 3850
f 3849 3850 3852
f 3850 3851 3854
f 3854 3853 3850
f 3855 3852 3850
f 3850 3853 3855
f 3853 3854 3857
f 3857 3856 3853
f 3858 3855 3853
f 3853 3856 3858
f 3856 3857 3860
f 3860 3859 3856
f 3861 3858 3856
f 3856 3859 3861
f 3859 3860 3863
f 3863 3862 3859
f 3864 3861 3859
f 3859 3862 3864
f 3862 3863 3866
f 3866 3865 3862
f 3867 3864 3862
f 3862 3865 3867
f 3865 3866 3869
f 3869 3868 3865
f 3870 3867 3865
f 3865 3868 3870
f 3868 3869 3872
f 3872 3871 3868
f 3873 3870 3868
f 3868 3871 3873
f 3871 3872 3875
f 3875 3874 3871
f 3876 3873 3871
f 3871 3874 3876
f 3874 3875 3878
f 3878 3877 3874
f 3879 3876 3874
f 3874 3877 3879
f 3877 3878 3881
f 3881 3880 3877
f 3882 3879 3877
f 3877 3880 3882
f 3880 3881 3884
f 3884 3883 3880
f 3885 3882 3880
f 3880 3883 3885
f 3883 3884 3887
f 3887 3886 3883
f 3888 3885 3883
f 3883 3886 3888
f 3886 3887 3890
f 3890 3889 3886
f 3891 3888 3886
f 3886 3889 3891
f 3889 3890 3893
f 3893 3892 3889
f 3894 3891 3889
f 3889 3892 3894
f 3892 3893 3896
f 3896 3895 3892
f 3897 3894 3892
f 3892 3895 3897
f 3895 3896 3899
f 3899 3898 3895
f 3900 3897 3895
f 3895 3898 3900
f 3898 3899 3902
f 3902 3901 3898
f 3903 3900 3898
f 3898 3901 3903
f 3901 3902 3905
f 3905 3904 3901
f 3906 3903 3901
f 3901 3904 3906
f 3904 3905 3907
f 3906 3904 3907
f 3908 3909 3910
f 3908 3911 3909
f 3909 3913 3910
f 3913 3909 3912
f 3914 3909 3911
f 3909 3914 3912
f 3912 3916 3913
f 3916 3912 3915
f 3917 3912 3914
f 3912 3917 3915
f 3915 3919 3916
f 3919 3915 3918
f 3920 3915 3917
f 3915 3920 3918
f 3918 3922 3919
f 3922 3918 3921
f 3923 3918 3920
f 3918 3923 3921
f 3921 3925 3922
f 3925 3921 3924
f 3926 3921 3923
f 3921 3926 3924
f 3924 3928 3925
f 3928 3924 3927
f 3929 3924 3926
f 3924 3929 3927
f 3927 3931 3928
f 3931 3927 3930
f 3932 3927 3929
f 3927 3932 3930
f 3930 3934 3931
f 3934 3930 3933
f 3935 3930 3932
f 3930 3935 3933
f 3933 3937 3934
f 3937 3933 3936
f 3938 3933 3935
f 3933 3938 3936
f 3936 3940 3937
f 3940 3936 3939
f 3941 3936 3938
f 3936 3941 3939
f 3939 3943 3940
f 3943 3939 3942
f 3944 3939 3941
f 3939 3944 3942
f 3942 3946 3943
f 3946 3942 3945
f 3947 3942 3944
f 3942 3947 3945
f 3945 3949 3946
f 3949 3945 3948
f 3950 3945 3947
f 3945 3950 3948
f 3948 3952 3949
f 3952 3948 3951
f 3953 3948 3950
f 3948 3953 3951
f 3951 3955 3952
f 3955 3951 3954
f 3956 3951 3953
f 3951 3956 3954
f 3954 3958 3955
f 3958 3954 3957
f 3959 3954 3956
f 3954 3959 3957
f 3957 3961 3958
f 3961 3957 3960
f 3962 3957 3959
f 3957 3962 3960
f 3960 3964 3961
f 3964 3960 3963
f 3965 3960 3962
f 3960 3965 3963
f 3963 3966 3964
f 3965 3966 3963
f 3967 3969 3968
f 3967 3968 3970
f 3968 3969 3972
f 3972 3971 3968
f 3973 3970 3968
f 3968 3971 3973
f 3971 3972 3975
f 3975 3974 3971
f 3976 3973 3971
f 3971 3974 3976
f 3974 3975 3978
f 3978 3977 3974
f 3979 3976 3974
f 3974 3977 3979
f 3977 3978 3981
f 3981 3980 3977
f 3982 3979 3977
f 3977 3980 3982
f 3980 3981 3984
f 3984 3983 3980
f 3985 3982 3980
f 3980 3983 3985
f 3983 3984 3987
f 3987 3986 3983
f 3988 3985 3983
f 3983 3986 3988
f 3986 3987 3990
f 3990 3989 3986
f 3991 3988 3986
f 3986 3989 3991
f 3989 3990 3993
f 3993 3992 3989
f 3994 3991 3989
f 3989 3992 3994
f 3992 3993 3996
f 3996 3995 3992
f 3997 3994 3992
f 3992 3995 3997
f 3995 3996 3999
f 3999 3998 3995
f 4000 3997 3995
f 3995 3998 4000
f 3998 3999 4002
f 4002 4001 3998
f 4003 4000 3998
f 3998 4001 4003
f 4001 4002 4005
f 4005 4004 4001
f 4006 4003 4001
f 4001 4004 4006
f 4004 4005 4008
f 4008 4007 4004
f 4009 4006 4004
f 4004 4007 4009
f 4007 4008 4011
f 4011 4010 4007
f 4012 4009 4007
f 4007 4010 4012
f 4010 4011 4014
f 4014 4013 4010
f 4015 4012 4010
f 4010 4013 4015
f 4013 4014 4017
f 4017 4016 4013
f 4018 4015 4013
f 4013 4016 4018
f 4016 4017 4020
f 4020 4019 4016
f 4021 4018 4016
f 4016 4019 4021
f 4019 4020 4023
f 4023 4022 4019
f 4024 4021 4019
f 4019 4022 4024
f 4022 4023 4025
f 4024 4022 4025
f 4026 4027 4028
f 4026 4029 4027
f 4027 4031 4028
f 4031 4027 4030
f 4032 4027 4029
f 4027 4032 4030
f 4030 4034 4031
f 4034 4030 4033
f 4035 4030 4032
f 4030 4035 4033
f 4033 4037 4034
f 4037 4033 4036
f 4038 4033 4035
f 4033 4038 4036
f 4036 4040 4037
f 4040 4036 4039
f 4041 4036 4038
f 4036 4041 4039
f 4039 4043 4040
f 4043 4039 4042
f 4044 4039 4041
f 4039 4044 4042
f 4042 4046 4043
f 4046 4042 4045
f 4047 4042 4044
f 4042 4047 4045
f 4045 4049 4046
f 4049 4045 4048
f 4050 4045 4047
f 4045 4050 4048
f 4048 4052 4049
f 4052 4048 4051
f 4053 4048 4050
f 4048 4053 4051
f 4051 4055 4052
f 4055 4051 4054
f 4056 4051 4053
f 4051 4056 4054
f 4054 4058 4055
f 4058 4054 4057
f 4059 4054 4056
f 4054 4059 4057
f 4057 4061 4058
f 4061 4057 4060
f 4062 4057 4059
f 4057 4062 4060
f 4060 4064 4061
f 4064 4060 4063
f 4065 4060 4062
f 4060 4065 4063
f 4063 4067 4064
f 4067 4063 4066
f 4068 4063 4065
f 4063 4068 4066
f 4066 4070 4067
f 4070 4066 4069
f 4071 4066 4068
f 4066 4071 4069
f 4069 4073 4070
f 4073 4069 4072
f 4074 4069 4071
f 4069 4074 4072
f 4072 4076 4073
f 4076 4072 4075
f 4077 4072 4074
f 4072 4077 4075
f 4075 4079 4076
f 4079 4075 4078
f 4080 4075 4077
f 4075 4080 4078
f 4078 4082 4079
f 4082 4078 4081
f 4083 4078 4080
f 4078 4083 4081
f 4081 4084 4082
f 4083 4084 4081
f 4085 4087 4086
f 4085 4086 4088
f 4086 4087 4090
f 4090 4089 4086
f 4091 4088 4086
f 4086 4089 4091
f 4089 4090 4093
f 4093 4092 4089
f 4094 4091 4089
f 4089 4092 4094
f 4092 4093 4096
f 4096 4095 4092
f 4097 4094 4092
f 4092 4095 4097
f 4095 4096 4099
f 4099 4098 4095
f 4100 4097 4095
f 4095 4098 4100
f 4098 4099 4102
f 4102 4101 4098
f 4103 4100 4098
f 4098 4101 4103
f 4101 4102 4105
f 4105 4104 4101
f 4106 4103 4101
f 4101 4104 4106
f 4104 4105 4108
f 4108 4107 4104
f 4109 4106 4104
f 4104 4107 4109
f 4107 4108 4111
f 4111 4110 4107
f 4112 4109 4107
f 4107 4110 4112
f 4110 4111 4114
f 4114 4113 4110
f 4115 4112 4110
f 4110 4113 4115
f 4113 4114 4117
f 4117 4116 4113
f 4118 4115 4113
f 4113 4116 4118
f 4116 4117 4120
f 4120 4119 4116
f 4121 4118 4116
f 4116 4119 4121
f 4119 4120 4123
f 4123 4122 4119
f 4124 4121 4119
f 4119 4122 4124
f 4122 4123 4126
f 4126 4125 4122
f 4127 4124 4122
f 4122 4125 4127
f 4125 4126 4129
f 4129 4128 4125
f 4130 4127 4125
f 4125 4128 4130
f 4128 4129 4132
f 4132 4131 4128
f 4133 4130 4128
f 4128 4131 4133
f 4131 4132 4135
f 4135 4134 4131
f 4136 4133 4131
f 4131 4134 4136
f 4134 4135 4138
f 4138 4137 4134
f 4139 4136 4134
f 4134 4137 4139
f 4137 4138 4140
f 4139 4137 4140
f 4141 4142 4143
f 4141 4144 4142
f 4142 4146 4143
f 4146 4142 4145
f 4147 4142 4144
f 4142 4147 4145
f 4145 4149 4146
f 4149 4145 4148
f 4150 4145 4147
f 4145 4150 4148
f 4148 4152 4149
f 4152 4148 4151
f 4153 4148 4150
f 4148 4153 4151
f 4151 4155 4152
f 4155 4151 4154
f 4156 4151 4153
f 4151 4156 4154
f 4154 4158 4155
f 4158 4154 4157
f 4159 4154 4156
f 4154 4159 4157
f 4157 4161 4158
f 4161 4157 4160
f 4162 4157 4159
f 4157 4162 4160
f 4160 4164 4161
f 4164 4160 4163
f 4165 4160 4162
f 4160 4165 4163
f 4163 4167 4164
f 4167 4163 4166
f 4168 4163 4165
f 4163 4168 4166
f 4166 4170 4167
f 4170 4166 4169
f 4171 4166 4168
f 4166 4171 4169
f 4169 4173 4170
f 4173 4169 4172
f 4174 4169 4171
f 4169 4174 4172
f 4172 4176 4173
f 4176 4172 4175
f 4177 4172 4174
f 4172 4177 4175
f 4175 4179 4176
f 4179 4175 4178
f 4180 4175 4177
f 4175 4180 4178
f 4178 4182 4179
f 4182 4178 4181
f 4183 4178 4180
f 4178 4183 4181
f 4181 4185 4182
f 4185 4181 4184
f 4186 4181 4183
f 4181 4186 4184
f 4184 4188 4185
f 4188 4184 4187
f 4189 4184 4186
f 4184 4189 4187
f 4187 4191 4188
f 4191 4187 4190
f 4192 4187 4189
f 4187 4192 4190
f 4190 4194 4191
f 4194 4190 4193
f 4195 4190 4192
f 4190 4195 4193
f 4193 4197 4194
f 4197 4193 4196
f 4198 4193 4195
f 4193 4198 4196
f 4196 4199 4197
f 4198 4199 4196
f 4200 4202 4201
f 4200 4201 4203
f 4201 4202 4205
f 4205 4204 4201
f 4206 4203 4201
f 4201 4204 4206
f 4204 4205 4208
f 4208 4207 4204
f 4209 4206 4204
f 4204 4207 4209
f 4207 4208 4211
f 4211 4210 4207
f 4212 4209 4207
f 4207 4210 4212
f 4210 4211 4214
f 4214 4213 4210
f 4215 4212 4210
f 4210 4213 4215
f 4213 4214 4217
f 4217 4216 4213
f 4218 4215 4213
f 4213 4216 4218
f 4216 4217 4220
f 4220 4219 4216
f 4221 4218 4216
f 4216 4219 4221
f 4219 4220 4223
f 4223 4222 4219
f 4224 4221 4219
f 4219 4222 4224
f 4222 4223 4226
f 4226 4225 4222
f 4227 4224 4222
f 4222 4225 4227
f 4225 4226 4229
f 4229 4228 4225
f 4230 4227 4225
f 4225 4228 4230
f 4228 4229 4232
f 4232 4231 4228
f 4233 4230 4228
f 4228 4231 4233
f 4231 4232 4235
f 4235 4234 4231
f 4236 4233 4231
f 4231 4234 4236
f 4234 4235 4238
f 4238 4237 4234
f 4239 4236 4234
f 4234 4237 4239
f 4237 4238 4241
f 4241 4240 4237
f 4242 4239 4237
f 4237 4240 4242
f 4240 4241 4244
f 4244 4243 4240
f 4245 4242 4240
f 4240 4243 4245
f 4243 4244 4247
f 4247 4246 4243
f 4248 4245 4243
f 4243 4246 4248
f 4246 4247 4250
f 4250 4249 4246
f 4251 4248 4246
f 4246 4249 4251
f 4249 4250 4253
f 4253 4252 4249
f 4254 4251 4249
f 4249 4252 4254
f 4252 4253 4255
f 4254 4252 4255
f 4256 4257 4258
f 4256 4259 4257
f 4257 4261 4258
f 4261 4257 4260
f 4262 4257 4259
f 4257 4262 4260
f 4260 4264 4261
f 4264 4260 4263
f 4265 4260 4262
f 4260 4265 4263
f 4263 4267 4264
f 4267 4263 4266
f 4268 4263 4265
f 4263 4268 4266
f 4266 4270 4267
f 4270 4266 4269
f 4271 4266 4268
f 4266 4271 4269
f 4269 4273 4270
f 4273 4269 4272
f 4274 4269 4271
f 4269 4274 4272
f 4272 4276 4273
f 4276 4272 4275
f 4277 4272 4274
f 4272 4277 4275
f 4275 4279 4276
f 4279 4275 4278
f 4280 4275 4277
f 4275 4280 4278
f 4278 4282 4279
f 4282 4278 4281
f 4283 4278 4280
f 4278 4283 4281
f 4281 4285 4282
f 4285 4281 4284
f 4286 4281 4283
f 4281 4286 4284
f 4284 4288 4285
f 4288 4284 4287
f 4289 4284 4286
f 4284 4289 4287
f 4287 4291 4288
f 4291 4287 4290
f 4292 4287 4289
f 4287 4292 4290
f 4290 4294 4291
f 4294 4290 4293
f 4295 4290 4292
f 4290 4295 4293
f 4293 4297 4294
f 4297 4293 4296
f 4298 4293 4295
f 4293 4298 4296
f 4296 4300 4297
f 4300 4296 4299
f 4301 4296 4298
f 4296 4301 4299
f 4299 4303 4300
f 4303 4299 4302
f 4304 4299 4301
f 4299 4304 4302
f 4302 4306 4303
f 4306 4302 4305
f 4307 4302 4304
f 4302 4307 4305
f 4305 4309 4306
f 4309 4305 4308
f 4310 4305 4307
f 4305 4310 4308
f 4308 4311 4309
f 4310 4311 4308
f 4312 4314 4313
f 4312 4313 4315
f 4313 4314 4317
f 4317 4316 4313
f 4318 4315 4313
f 4313 4316 4318
f 4316 4317 4320
f 4320 4319 4316
f 4321 4318 4316
f 4316 4319 4321
f 4319 4320 4323
f 4323 4322 4319
f 4324 4321 4319
f 4319 4322 4324
f 4322 4323 4326
f 4326 4325 4322
f 4327 4324 4322
f 4322 4325 4327
f 4325 4326 4329
f 4329 4328 4325
f 4330 4327 4325
f 4325 4328 4330
f 4328 4329 4332
f 4332 4331 4328
f 4333 4330 4328
f 4328 4331 4333
f 4331 4332 4335
f 4335 4334 4331
f 4336 4333 4331
f 4331 4334 4336
f 4334 4335 4338
f 4338 4337 4334
f 4339 4336 4334
f 4334 4337 4339
f 4337 4338 4341
f 4341 4340 4337
f 4342 4339 4337
f 4337 4340 4342
f 4340 4341 4344
f 4344 4343 4340
f 4345 4342 4340
f 4340 4343 4345
f 4343 4344 4347
f 4347 4346 4343
f 4348 4345 4343
f 4343 4346 4348
f 4346 4347 4350
f 4350 4349 4346
f 4351 4348 4346
f 4346 4349 4351
f 4349 4350 4353
f 4353 4352 4349
f 4354 4351 4349
f 4349 4352 4354
f 4352 4353 4356
f 4356 4355 4352
f 4357 4354 4352
f 4352 4355 4357
f 4355 4356 4359
f 4359 4358 4355
f 4360 4357 4355
f 4355 4358 4360
f 4358 4359 4362
f 4362 4361 4358
f 4363 4360 4358
f 4358 4361 4363
f 4361 4362 4365
f 4365 4364 4361
f 4366 4363 4361
f 4361 4364 4366
f 4364 4365 4368
f 4368 4367 4364
f 4369 4366 4364
f 4364 4367 4369
f 4367 4368 4370
f 4369 4367 4370
f 4371 4372 4373
f 4371 4374 4372
f 4372 4376 4373
f 4376 4372 4375
f 4377 4372 4374
f 4372 4377 4375
f 4375 4379 4376
f 4379 4375 4378
f 4380 4375 4377
f 4375 4380 4378
f 4378 4382 4379
f 4382 4378 4381
f 4383 4378 4380
f 4378 4383 4381
f 4381 4385 4382
f 4385 4381 4384
f 4386 4381 4383
f 4381 4386 4384
f 4384 4388 4385
f 4388 4384 4387
f 4389 4384 4386
f 4384 4389 4387
f 4387 4391 4388
f 4391 4387 4390
f 4392 4387 4389
f 4387 4392 4390
f 4390 4394 4391
f 4394 4390 4393
f 4395 4390 4392
f 4390 4395 4393
f 4393 4397 4394
f 4397 4393 4396
f 4398 4393 4395
f 4393 4398 4396
f 4396 4400 4397
f 4400 4396 4399
f 4401 4396 4398
f 4396 4401 4399
f 4399 4403 4400
f 4403 4399 4402
f 4404 4399 4401
f 4399 4404 4402
f 4402 4406 4403
f 4406 4402 4405
f 4407 4402 4404
f 4402 4407 4405
f 4405 4409 4406
f 4409 4405 4408
f 4410 4405 4407
f 4405 4410 4408
f 4408 4412 4409
f 4412 4408 4411
f 4413 4408 4410
f 4408 4413 4411
f 4411 4415 4412
f 4415 4411 4414
f 4416 4411 4413
f 4411 4416 4414
f 4414 4418 4415
f 4418 4414 4417
f 4419 4414 4416
f 4414 4419 4417
f 4417 4421 4418
f 4421 4417 4420
f 4422 4417 4419
f 4417 4422 4420
f 4420 4424 4421
f 4424 4420 4423
f 4425 4420 4422
f 4420 4425 4423
f 4423 4427 4424
f 4427 4423 4426
f 4428 4423 4425
f 4423 4428 4426
f 4426 4429 4427
f 4428 4429 4426
f 4430 4432 4431
f 4430 4431 4433
f 4431 4432 4435
f 4435 4434 4431
f 4436 4433 4431
f 4431 4434 4436
f 4434 4435 4438
f 4438 4437 4434
f 4439 4436 4434
f 4434 4437 4439
f 4437 4438 4441
f 4441 4440 4437
f 4442 4439 4437
f 4437 4440 4442
f 4440 4441 4444
f 4444 4443 4440
f 4445 4442 4440
f 4440 4443 4445
f 4443 4444 4447
f 4447 4446 4443
f 4448 4445 4443
f 4443 4446 4448
f 4446 4447 4450
f 4450 4449 4446
f 4451 4448 4446
f 4446 4449 4451
f 4449 4450 4453
f 4453 4452 4449
f 4454 4451 4449
f 4449 4452 4454
f 4452 4453 4456
f 4456 4455 4452
f 4457 4454 4452
f 4452 4455 4457
f 4455 4456 4459
f 4459 4458 4455
f 4460 4457 4455
f 4455 4458 4460
f 4458 4459 4462
f 4462 4461 4458
f 4463 4460 4458
f 4458 4461 4463
f 4461 4462 4465
f 4465 4464 4461
f 4466 4463 4461
f 4461 4464 4466
f 4464 4465 4468
f 4468 4467 4464
f 4469 4466 4464
f 4464 4467 4469
f 4467 4468 4471
f 4471 4470 4467
f 4472 4469 4467
f 4467 4470 4472
f 4470 4471 4474
f 4474 4473 4470
f 4475 4472 4470
f 4470 4473 4475
f 4473 4474 4477
f 4477 4476 4473
f 4478 4475 4473
f 4473 4476 4478
f 4476 4477 4480
f 4480 4479 4476
f 4481 4478 4476
f 4476 4479 4481
f 4479 4480 4483
f 4483 4482 4479
f 4484 4481 4479
f 4479 4482 4484
f 4482 4483 4485
f 4484 4482 4485
f 4486 4487 4488
f 4486 4489 4487
f 4487 4491 4488
f 4491 4487 4490
f 4492 4487 4489
f 4487 4492 4490
f 4490 4494 4491
f 4494 4490 4493
f 4495 4490 4492
f 4490 4495 4493
f 4493 4497 4494
f 4497 4493 4496
f 4498 4493 4495
f 4493 4498 4496
f 4496 4500 4497
f 4500 4496 4499
f 4501 4496 4498
f 4496 4501 4499
f 4499 4503 4500
f 4503 4499 4502
f 4504 4499 4501
f 4499 4504 4502
f 4502 4506 4503
f 4506 4502 4505
f 4507 4502 4504
f 4502 4507 4505
f 4505 4509 4506
f 4509 4505 4508
f 4510 4505 4507
f 4505 4510 4508
f 4508 4512 4509
f 4512 4508 4511
f 4513 4508 4510
f 4508 4513 4511
f 4511 4515 4512
f 4515 4511 4514
f 4516 4511 4513
f 4511 4516 4514
f 4514 4518 4515
f 4518 4514 4517
f 4519 4514 4516
f 4514 4519 4517
f 4517 4521 4518
f 4521 4517 4520
f 4522 4517 4519
f 4517 4522 4520
f 4520 4524 4521
f 4524 4520 4523
f 4525 4520 4522
f 4520 4525 4523
f 4523 4527 4524
f 4527 4523 4526
f 4528 4523 4525
f 4523 4528 4526
f 4526 4530 4527
f 4530 4526 4529
f 4531 4526 4528
f 4526 4531 4529
f 4529 4533 4530
f 4533 4529 4532
f 4534 4529 4531
f 4529 4534 4532
f 4532 4536 4533
f 4536 4532 4535
f 4537 4532 4534
f 4532 4537 4535
f 4535 4539 4536
f 4539 4535 4538
f 4540 4535 4537
f 4535 4540 4538
f 4538 4541 4539
f 4540 4541 4538
f 4542 4544 4543
f 4542 4543 4545
f 4543 4544 4547
f 4547 4546 4543
f 4548 4545 4543
f 4543 4546 4548
f 4546 4547 4550
f 4550 4549 4546
f 4551 4548 4546
f 4546 4549 4551
f 4549 4550 4553
f 4553 4552 4549
f 4554 4551 4549
f 4549 4552 4554
f 4552 4553 4556
f 4556 4555 4552
f 4557 4554 4552
f 4552 4555 4557
f 4555 4556 4559
f 4559 4558 4555
f 4560 4557 4555
f 4555 4558 4560
f 4558 4559 4562
f 4562 4561 4558
f 4563 4560 4558
f 4558 4561 4563
f 4561 4562 4565
f 4565 4564 4561
f 4566 4563 4561
f 4561 4564 4566
f 4564 4565 4568
f 4568 4567 4564
f 4569 4566 4564
f 4564 4567 4569
f 4567 4568 4571
f 4571 4570 4567
f 4572 4569 4567
f 4567 4570 4572
f 4570 4571 4574
f 4574 4573 4570
f 4575 4572 4570
f 4570 4573 4575
f 4573 4574 4577
f 4577 4576 4573
f 4578 4575 4573
f 4573 4576 4578
f 4576 4577 4580
f 4580 4579 4576
f 4581 4578 4576
f 4576 4579 4581
f 4579 4580 4583
f 4583 4582 4579
f 4584 4581 4579
f 4579 4582 4584
f 4582 4583 4586
f 4586 4585 4582
f 4587 4584 4582
f 4582 4585 4587
f 4585 4586 4589
f 4589 4588 4585
f 4590 4587 4585
f 4585 4588 4590
f 4588 4589 4592
f 4592 4591 4588
f 4593 4590 4588
f 4588 4591 4593
f 4591 4592 4595
f 4595 4594 4591
f 4596 4593 4591
f 4591 4594 4596
f 4594 4595 4597
f 4596 4594 4597
f 4598 4599 4600
f 4598 4601 4599
f 4599 4603 4600
f 4603 4599 4602
f 4604 4599 4601
f 4599 4604 4602
f 4602 4606 4603
f 4606 4602 4605
f 4607 4602 4604
f 4602 4607 4605
f 4605 4609 4606
f 4609 4605 4608
f 4610 4605 4607
f 4605 4610 4608
f 4608 4612 4609
f 4612 4608 4611
f 4613 4608 4610
f 4608 4613 4611
f 4611 4615 4612
f 4615 4611 4614
f 4616 4611 4613
f 4611 4616 4614
f 4614 4618 4615
f 4618 4614 4617
f 4619 4614 4616
f 4614 4619 4617
f 4617 4621 4618
f 4621 4617 4620
f 4622 4617 4619
f 4617 4622 4620
f 4620 4624 4621
f 4624 4620 4623
f 4625 4620 4622
f 4620 4625 4623
f 4623 4627 4624
f 4627 4623 4626
f 4628 4623 4625
f 4623 4628 4626
f 4626 4630 4627
f 4630 4626 4629
f 4631 4626 4628
f 4626 4631 4629
f 4629 4633 4630
f 4633 4629 4632
f 4634 4629 4631
f 4629 4634 4632
f 4632 4636 4633
f 4636 4632 4635
f 4637 4632 4634
f 4632 4637 4635
f 4635 4639 4636
f 4639 4635 4638
f 4640 4635 4637
f 4635 4640 4638
f 4638 4642 4639
f 4642 4638 4641
f 4643 4638 4640
f 4638 4643 4641
f 4641 4645 4642
f 4645 4641 4644
f 4646 4641 4643
f 4641 4646 4644
f 4644 4648 4645
f 4648 4644 4647
f 4649 4644 4646
f 4644 4649 4647
f 4647 4651 4648
f 4651 4647 4650
f 4652 4647 4649
f 4647 4652 4650
f 4650 4654 4651
f 4654 4650 4653
f 4655 4650 4652
f 4650 4655 4653
f 4653 4656 4654
f 4655 4656 4653
f 4657 4659 4658
f 4657 4658 4660
f 4658 4659 4662
f 4662 4661 4658
f 4663 4660 4658
f 4658 4661 4663
f 4661 4662 4665
f 4665 4664 4661
f 4666 4663 4661
f 4661 4664 4666
f 4664 4665 4668
f 4668 4667 4664
f 4669 4666 4664
f 4664 4667 4669
f 4667 4668 4671
f 4671 4670 4667
f 4672 4669 4667
f 4667 4670 4672
f 4670 4671 4674
f 4674 4673 4670
f 4675 4672 4670
f 4670 4673 4675
f 4673 4674 4677
f 4677 4676 4673
f 4678 4675 4673
f 4673 4676 4678
f 4676 4677 4680
f 4680 4679 4676
f 4681 4678 4676
f 4676 4679 4681
f 4679 4680 4683
f 4683 4682 4679
f 4684 4681 4679
f 4679 4682 4684
f 4682 4683 4686
f 4686 4685 4682
f 4687 4684 4682
f 4682 4685 4687
f 4685 4686 4689
f 4689 4688 4685
f 4690 4687 4685
f 4685 4688 4690
f 4688 4689 4692
f 4692 4691 4688
f 4693 4690 4688
f 4688 4691 4693
f 4691 4692 4695
f 4695 4694 4691
f 4696 4693 4691
f 4691 4694 4696
f 4694 4695 4698
f 4698 4697 4694
f 4699 4696 4694
f 4694 4697 4699
f 4697 4698 4701
f 4701 4700 4697
f 4702 4699 4697
f 4697 4700 4702
f 4700 4701 4704
f 4704 4703 4700
f 4705 4702 4700
f 4700 4703 4705
f 4703 4704 4707
f 4707 4706 4703
f 4708 4705 4703
f 4703 4706 4708
f 4706 4707 4709
f 4708 4706 4709
f 4710 4711 4712
f 4710 4713 4711
f 4711 4715 4712
f 4715 4711 4714
f 4716 4711 4713
f 4711 4716 4714
f 4714 4718 4715
f 4718 4714 4717
f 4719 4714 4716
f 4714 4719 4717
f 4717 4721 4718
f 4721 4717 4720
f 4722 4717 4719
f 4717 4722 4720
f 4720 4724 4721
f 4724 4720 4723
f 4725 4720 4722
f 4720 4725 4723
f 4723 4727 4724
f 4727 4723 4726
f 4728 4723 4725
f 4723 4728 4726
f 4726 4730 4727
f 4730 4726 4729
f 4731 4726 4728
f 4726 4731 4729
f 4729 4733 4730
f 4733 4729 4732
f 4734 4729 4731
f 4729 4734 4732
f 4732 4736 4733
f 4736 4732 4735
f 4737 4732 4734
f 4732 4737 4735
f 4735 4739 4736
f 4739 4735 4738
f 4740 4735 4737
f 4735 4740 4738
f 4738 4742 4739
f 4742 4738 4741
f 4743 4738 4740
f 4738 4743 4741
f 4741 4745 4742
f 4745 4741 4744
f 4746 4741 4743
f 4741 4746 4744
f 4744 4748 4745
f 4748 4744 4747
f 4749 4744 4746
f 4744 4749 4747
f 4747 4751 4748
f 4751 4747 4750
f 4752 4747 4749
f 4747 4752 4750
f 4750 4754 4751
f 4754 4750 4753
f 4755 4750 4752
f 4750 4755 4753
f 4753 4757 4754
f 4757 4753 4756
f 4758 4753 4755
f 4753 4758 4756
f 4756 4760 4757
f 4760 4756 4759
f 4761 4756 4758
f 4756 4761 4759
f 4759 4763 4760
f 4763 4759 4762
f 4764 4759 4761
f 4759 4764 4762
f 4762 4765 4763
f 4764 4765 4762
f 4766 4768 4767
f 4766 4767 4769
f 4767 4768 4771
f 4771 4770 4767
f 4772 4769 4767
f 4767 4770 4772
f 4770 4771 4774
f 4774 4773 4770
f 4775 4772 4770
f 4770 4773 4775
f 4773 4774 4777
f 4777 4776 4773
f 4778 4775 4773
f 4773 4776 4778
f 4776 4777 4780
f 4780 4779 4776
f 4781 4778 4776
f 4776 4779 4781
f 4779 4780 4783
f 4783 4782 4779
f 4784 4781 4779
f 4779 4782 4784
f 4782 4783 4786
f 4786 4785 4782
f 4787 4784 4782
f 4782 4785 4787
f 4785 4786 4789
f 4789 4788 4785
f 4790 4787 4785
f 4785 4788 4790
f 4788 4789 4792
f 4792 4791 4788
f 4793 4790 4788
f 4788 4791 4793
f 4791 4792 4795
f 4795 4794 4791
f 4796 4793 4791
f 4791 4794 4796
f 4794 4795 4798
f 4798 4797 4794
f 4799 4796 4794
f 4794 4797 4799
f 4797 4798 4801
f 4801 4800 4797
f 4802 4799 4797
f 4797 4800 4802
f 4800 4801 4804
f 4804 4803 4800
f 4805 4802 4800
f 4800 4803 4805
f 4803 4804 4807
f 4807 4806 4803
f 4808 4805 4803
f 4803 4806 4808
f 4806 4807 4810
f 4810 4809 4806
f 4811 4808 4806
f 4806 4809 4811
f 4809 4810 4813
f 4813 4812 4809
f 4814 4811 4809
f 4809 4812 4814
f 4812 4813 4816
f 4816 4815 4812
f 4817 4814 4812
f 4812 4815 4817
f 4815 4816 4818
f 4817 4815 4818
f 4819 4820 4821
f 4819 4822 4820
f 4820 4824 4821
f 4824 4820 4823
f 4825 4820 4822
f 4820 4825 4823
f 4823 4827 4824
f 4827 4823 4826
f 4828 4823 4825
f 4823 4828 4826
f 4826 4830 4827
f 4830 4826 4829
f 4831 4826 4828
f 4826 4831 4829
f 4829 4833 4830
f 4833 4829 4832
f 4834 4829 4831
f 4829 4834 4832
f 4832 4836 4833
f 4836 4832 4835
f 4837 4832 4834
f 4832 4837 4835
f 4835 4839 4836
f 4839 4835 4838
f 4840 4835 4837
f 4835 4840 4838
f 4838 4842 4839
f 4842 4838 4841
f 4843 4838 4840
f 4838 4843 4841
f 4841 4845 4842
f 4845 4841 4844
f 4846 4841 4843
f 4841 4846 4844
f 4844 4848 4845
f 4848 4844 4847
f 4849 4844 4846
f 4844 4849 4847
f 4847 4851 4848
f 4851 4847 4850
f 4852 4847 4849
f 4847 4852 4850
f 4850 4854 4851
f 4854 4850 4853
f 4855 4850 4852
f 4850 4855 4853
f 4853 4857 4854
f 4857 4853 4856
f 4858 4853 4855
f 4853 4858 4856
f 4856 4860 4857
f 4860 4856 4859
f 4861 4856 4858
f 4856 4861 4859
f 4859 4863 4860
f 4863 4859 4862
f 4864 4859 4861
f 4859 4864 4862
f 4862 4866 4863
f 4866 4862 4865
f 4867 4862 4864
f 4862 4867 4865
f 4865 4869 4866
f 4869 4865 4868
f 4870 4865 4867
f 4865 4870 4868
f 4868 4872 4869
f 4872 4868 4871
f 4873 4868 4870
f 4868 4873 4871
f 4871 4874 4872
f 4873 4874 4871
f 4875 4877 4876
f 4875 4876 4878
f 4876 4877 4880
f 4880 4879 4876
f 4881 4878 4876
f 4876 4879 4881
f 4879 4880 4883
f 4883 4882 4879
f 4884 4881 4879
f 4879 4882 4884
f 4882 4883 4886
f 4886 4885 4882
f 4887 4884 4882
f 4882 4885 4887
f 4885 4886 4889
f 4889 4888 4885
f 4890 4887 4885
f 4885 4888 4890
f 4888 4889 4892
f 4892 4891 4888
f 4893 4890 4888
f 4888 4891 4893
f 4891 4892 4895
f 4895 4894 4891
f 4896 4893 4891
f 4891 4894 4896
f 4894 4895 4898
f 4898 4897 4894
f 4899 4896 4894
f 4894 4897 4899
f 4897 4898 4901
f 4901 4900 4897
f 4902 4899 4897
f 4897 4900 4902
f 4900 4901 4904
f 4904 4903 4900
f 4905 4902 4900
f 4900 4903 4905
f 4903 4904 4907
f 4907 4906 4903
f 4908 4905 4903
f 4903 4906 4908
f 4906 4907 4910
f 4910 4909 4906
f 4911 4908 4906
f 4906 4909 4911
f 4909 4910 4913
f 4913 4912 4909
f 4914 4911 4909
f 4909 4912 4914
f 4912 4913 4916
f 4916 4915 4912
f 4917 4914 4912
f 4912 4915 4917
f 4915 4916 4919
f 4919 4918 4915
f 4920 4917 4915
f 4915 4918 4920
f 4918 4919 4922
f 4922 4921 4918
f 4923 4920 4918
f 4918 4921 4923
f 4921 4922 4925
f 4925 4924 4921
f 4926 4923 4921
f 4921 4924 4926
f 4924 4925 4927
f 4926 4924 4927
f 4928 4929 4930
f 4928 4931 4929
f 4929 4933 4930
f 4933 4929 4932
f 4934 4929 4931
f 4929 4934 4932
f 4932 4936 4933
f 4936 4932 4935
f 4937 4932 4934
f 4932 4937 4935
f 4935 4939 4936
f 4939 4935 4938
f 4940 4935 4937
f 4935 4940 4938
f 4938 4942 4939
f 4942 4938 4941
f 4943 4938 4940
f 4938 4943 4941
f 4941 4945 4942
f 4945 4941 4944
f 4946 4941 4943
f 4941 4946 4944
f 4944 4948 4945
f 4948 4944 4947
f 4949 4944 4946
f 4944 4949 4947
f 4947 4951 4948
f 4951 4947 4950
f 4952 4947 4949
f 4947 4952 4950
f 4950 4954 4951
f 4954 4950 4953
f 4955 4950 4952
f 4950 4955 4953
f 4953 4957 4954
f 4957 4953 4956
f 4958 4953 4955
f 4953 4958 4956
f 4956 4960 4957
f 4960 4956 4959
f 4961 4956 4958
f 4956 4961 4959
f 4959 4963 4960
f 4963 4959 4962
f 4964 4959 4961
f 4959 4964 4962
f 4962 4966 4963
f 4966 4962 4965
f 4967 4962 4964
f 4962 4967 4965
f 4965 4969 4966
f 4969 4965 4968
f 4970 4965 4967
f 4965 4970 4968
f 4968 4972 4969
f 4972 4968 4971
f 4973 4968 4970
f 4968 4973 4971
f 4971 4975 4972
f 4975 4971 4974
f 4976 4971 4973
f 4971 4976 4974
f 4974 4978 4975
f 4978 4974 4977
f 4979 4974 4976
f 4974 4979 4977
f 4977 4980 4978
f 4979 4980 4977
f 4981 4983 4982
f 4981 4982 4984
f 4982 4983 4986
f 4986 4985 4982
f 4987 4984 4982
f 4982 4985 4987
f 4985 4986 4989
f 4989 4988 4985
f 4990 4987 4985
f 4985 4988 4990
f 4988 4989 4992
f 4992 4991 4988
f 4993 4990 4988
f 4988 4991 4993
f 4991 4992 4995
f 4995 4994 4991
f 4996 4993 4991
f 4991 4994 4996
f 4994 4995 4998
f 4998 4997 4994
f 4999 4996 4994
f 4994 4997 4999
f 4997 4998 5001
f 5001 5000 4997
f 5002 4999 4997
f 4997 5000 5002
f 5000 5001 5004
f 5004 5003 5000
f 5005 5002 5000
f 5000 5003 5005
f 5003 5004 5007
f 5007 5006 5003
f 5008 5005 5003
f 5003 5006 5008
f 5006 5007 5010
f 5010 5009 5006
f 5011 5008 5006
f 5006 5009 5011
f 5009 5010 5013
f 5013 5012 5009
f 5014 5011 5009
f 5009 5012 5014
f 5012 5013 5016
f 5016 5015 5012
f 5017 5014 5012
f 5012 5015 5017
f 5015 5016 5019
f 5019 5018 5015
f 5020 5017 5015
f 5015 5018 5020
f 5018 5019 5022
f 5022 5021 5018
f 5023 5020 5018
f 5018 5021 5023
f 5021 5022 5025
f 5025 5024 5021
f 5026 5023 5021
f 5021 5024 5026
f 5024 5025 5028
f 5028 5027 5024
f 5029 5026 5024
f 5024 5027 5029
f 5027 5028 5031
f 5031 5030 5027
f 5032 5029 5027
f 5027 5030 5032
f 5030 5031 5033
f 5032 5030 5033
f 5034 5035 5036
f 5034 5037 5035
f 5035 5039 5036
f 5039 5035 5038
f 5040 5035 5037
f 5035 5040 5038
f 5038 5042 5039
f 5042 5038 5041
f 5043 5038 5040
f 5038 5043 5041
f 5041 5045 5042
f 5045 5041 5044
f 5046 5041 5043
f 5041 5046 5044
f 5044 5048 5045
f 5048 5044 5047
f 5049 5044 5046
f 5044 5049 5047
f 5047 5051 5048
f 5051 5047 5050
f 5052 5047 5049
f 5047 5052 5050
f 5050 5054 5051
f 5054 5050 5053
f 5055 5050 5052
f 5050 5055 5053
f 5053 5057 5054
f 5057 5053 5056
f 5058 5053 5055
f 5053 5058 5056
f 5056 5060 5057
f 5060 5056 5059
f 5061 5056 5058
f 5056 5061 5059
f 5059 5063 5060
f 5063 5059 5062
f 5064 5059 5061
f 5059 5064 5062
f 5062 5066 5063
f 5066 5062 5065
f 5067 5062 5064
f 5062 5067 5065
f 5065 5069 5066
f 5069 5065 5068
f 5070 5065 5067
f 5065 5070 5068
f 5068 5072 5069
f 5072 5068 5071
f 5073 5068 5070
f 5068 5073 5071
f 5071 5075 5072
f 5075 5071 5074
f 5076 5071 5073
f 5071 5076 5074
f 5074 5078 5075
f 5078 5074 5077
f 5079 5074 5076
f 5074 5079 5077
f 5077 5081 5078
f 5081 5077 5080
f 5082 5077 5079
f 5077 5082 5080
f 5080 5083 5081
f 5082 5083 5080
f 5084 5086 5085
f 5084 5085 5087
f 5085 5086 5089
f 5089 5088 5085
f 5090 5087 5085
f 5085 5088 5090
f 5088 5089 5092
f 5092 5091 5088
f 5093 5090 5088
f 5088 5091 5093
f 5091 5092 5095
f 5095 5094 5091
f 5096 5093 5091
f 5091 5094 5096
f 5094 5095 5098
f 5098 5097 5094
f 5099 5096 5094
f 5094 5097 5099
f 5097 5098 5101
f 5101 5100 5097
f 5102 5099 5097
f 5097 5100 5102
f 5100 5101 5104
f 5104 5103 5100
f 5105 5102 5100
f 5100 5103 5105
f 5103 5104 5107
f 5107 5106 5103
f 5108 5105 5103
f 5103 5106 5108
f 5106 5107 5110
f 5110 5109 5106
f 5111 5108 5106
f 5106 5109 5111
f 5109 5110 5113
f 5113 5112 5109
f 5114 5111 5109
f 5109 5112 5114
f 5112 5113 5116
f 5116 5115 5112
f 5117 5114 5112
f 5112 5115 5117
f 5115 5116 5119
f 5119 5118 5115
f 5120 5117 5115
f 5115 5118 5120
f 5118 5119 5122
f 5122 5121 5118
f 5123 5120 5118
f 5118 5121 5123
f 5121 5122 5125
f 5125 5124 5121
f 5126 5123 5121
f 5121 5124 5126
f 5124 5125 5128
f 5128 5127 5124
f 5129 5126 5124
f 5124 5127 5129
f 5127 5128 5131
f 5131 5130 5127
f 5132 5129 5127
f 5127 5130 5132
f 5130 5131 5133
f 5132 5130 5133
f 5134 5135 5136
f 5134 5137 5135
f 5135 5139 5136
f 5139 5135 5138
f 5140 5135 5137
f 5135 5140 5138
f 5138 5142 5139
f 5142 5138 5141
f 5143 5138 5140
f 5138 5143 5141
f 5141 5145 5142
f 5145 5141 5144
f 5146 5141 5143
f 5141 5146 5144
f 5144 5148 5145
f 5148 5144 5147
f 5149 5144 5146
f 5144 5149 5147
f 5147 5151 5148
f 5151 5147 5150
f 5152 5147 5149
f 5147 5152 5150
f 5150 5154 5151
f 5154 5150 5153
f 5155 5150 5152
f 5150 5155 5153
f 5153 5157 5154
f 5157 5153 5156
f 5158 5153 5155
f 5153 5158 5156
f 5156 5160 5157
f 5160 5156 5159
f 5161 5156 5158
f 5156 5161 5159
f 5159 5163 5160
f 5163 5159 5162
f 5164 5159 5161
f 5159 5164 5162
f 5162 5166 5163
f 5166 5162 5165
f 5167 5162 5164
f 5162 5167 5165
f 5165 5169 5166
f 5169 5165 5168
f 5170 5165 5167
f 5165 5170 5168
f 5168 5172 5169
f 5172 5168 5171
f 5173 5168 5170
f 5168 5173 5171
f 5171 5175 5172
f 5175 5171 5174
f 5176 5171 5173
f 5171 5176 5174
f 5174 5178 5175
f 5178 5174 5177
f 5179 5174 5176
f 5174 5179 5177
f 5177 5181 5178
f 5181 5177 5180
f 5182 5177 5179
f 5177 5182 5180
f 5180 5183 5181
f 5182 5183 5180
f 5184 5186 5185
f 5184 5185 5187
f 5185 5186 5189
f 5189 5188 5185
f 5190 5187 5185
f 5185 5188 5190
f 5188 5189 5192
f 5192 5191 5188
f 5193 5190 5188
f 5188 5191 5193
f 5191 5192 5195
f 5195 5194 5191
f 5196 5193 5191
f 5191 5194 5196
f 5194 5195 5198
f 5198 5197 5194
f 5199 5196 5194
f 5194 5197 5199
f 5197 5198 5201
f 5201 5200 5197
f 5202 5199 5197
f 5197 5200 5202
f 5200 5201 5204
f 5204 5203 5200
f 5205 5202 5200
f 5200 5203 5205
f 5203 5204 5207
f 5207 5206 5203
f 5208 5205 5203
f 5203 5206 5208
f 5206 5207 5210
f 5210 5209 5206
f 5211 5208 5206
f 5206 5209 5211
f 5209 5210 5213
f 5213 5212 5209
f 5214 5211 5209
f 5209 5212 5214
f 5212 5213 5216
f 5216 5215 5212
f 5217 5214 5212
f 5212 5215 5217
f 5215 5216 5219
f 5219 5218 5215
f 5220 5217 5215
f 5215 5218 5220
f 5218 5219 5222
f 5222 5221 5218
f 5223 5220 5218
f 5218 5221 5223
f 5221 5222 5225
f 5225 5224 5221
f 5226 5223 5221
f 5221 5224 5226
f 5224 5225 5228
f 5228 5227 5224
f 5229 5226 5224
f 5224 5227 5229
f 5227 5228 5230
f 5229 5227 5230
f 5231 5232 5233
f 5231 5234 5232
f 5232 5236 5233
f 5236 5232 5235
f 5237 5232 5234
f 5232 5237 5235
f 5235 5239 5236
f 5239 5235 5238
f 5240 5235 5237
f 5235 5240 5238
f 5238 5242 5239
f 5242 5238 5241
f 5243 5238 5240
f 5238 5243 5241
f 5241 5245 5242
f 5245 5241 5244
f 5246 5241 5243
f 5241 5246 5244
f 5244 5248 5245
f 5248 5244 5247
f 5249 5244 5246
f 5244 5249 5247
f 5247 5251 5248
f 5251 5247 5250
f 5252 5247 5249
f 5247 5252 5250
f 5250 5254 5251
f 5254 5250 5253
f 5255 5250 5252
f 5250 5255 5253
f 5253 5257 5254
f 5257 5253 5256
f 5258 5253 5255
f 5253 5258 5256
f 5256 5260 5257
f 5260 5256 5259
f 5261 5256 5258
f 5256 5261 5259
f 5259 5263 5260
f 5263 5259 5262
f 5264 5259 5261
f 5259 5264 5262
f 5262 5266 5263
f 5266 5262 5265
f 5267 5262 5264
f 5262 5267 5265
f 5265 5269 5266
f 5269 5265 5268
f 5270 5265 5267
f 5265 5270 5268
f 5268 5272 5269
f 5272 5268 5271
f 5273 5268 5270
f 5268 5273 5271
f 5271 5275 5272
f 5275 5271 5274
f 5276 5271 5273
f 5271 5276 5274
f 5274 5278 5275
f 5278 5274 5277
f 5279 5274 5276
f 5274 5279 5277
f 5277 5280 5278
f 5279 5280 5277
f 5281 5283 5282
f 5281 5282 5284
f 5282 5283 5286
f 5286 5285 5282
f 5287 5284 5282
f 5282 5285 5287
f 5285 5286 5289
f 5289 5288 5285
f 5290 5287 5285
f 5285 5288 5290
f 5288 5289 5292
f 5292 5291 5288
f 5293 5290 5288
f 5288 5291 5293
f 5291 5292 5295
f 5295 5294 5291
f 5296 5293 5291
f 5291 5294 5296
f 5294 5295 5298
f 5298 5297 5294
f 5299 5296 5294
f 5294 5297 5299
f 5297 5298 5301
f 5301 5300 5297
f 5302 5299 5297
f 5297 5300 5302
f 5300 5301 5304
f 5304 5303 5300
f 5305 5302 5300
f 5300 5303 5305
f 5303 5304 5307
f 5307 5306 5303
f 5308 5305 5303
f 5303 5306 5308
f 5306 5307 5310
f 5310 5309 5306
f 5311 5308 5306
f 5306 5309 5311
f 5309 5310 5313
f 5313 5312 5309
f 5314 5311 5309
f 5309 5312 5314
f 5312 5313 5316
f 5316 5315 5312
f 5317 5314 5312
f 5312 5315 5317
f 5315 5316 5319
f 5319 5318 5315
f 5320 5317 5315
f 5315 5318 5320
f 5318 5319 5322
f 5322 5321 5318
f 5323 5320 5318
f 5318 5321 5323
f 5321 5322 5325
f 5325 5324 5321
f 5326 5323 5321
f 5321 5324 5326
f 5324 5325 5327
f 5326 5324 5327
f 5328 5329 5330
f 5328 5331 5329
f 5329 5333 5330
f 5333 5329 5332
f 5334 5329 5331
f 5329 5334 5332
f 5332 5336 5333
f 5336 5332 5335
f 5337 5332 5334
f 5332 5337 5335
f 5335 5339 5336
f 5339 5335 5338
f 5340 5335 5337
f 5335 5340 5338
f 5338 5342 5339
f 5342 5338 5341
f 5343 5338 5340
f 5338 5343 5341
f 5341 5345 5342
f 5345 5341 5344
f 5346 5341 5343
f 5341 5346 5344
f 5344 5348 5345
f 5348 5344 5347
f 5349 5344 5346
f 5344 5349 5347
f 5347 5351 5348
f 5351 5347 5350
f 5352 5347 5349
f 5347 5352 5350
f 5350 5354 5351
f 5354 5350 5353
f 5355 5350 5352
f 5350 5355 5353
f 5353 5357 5354
f 5357 5353 5356
f 5358 5353 5355
f 5353 5358 5356
f 5356 5360 5357
f 5360 5356 5359
f 5361 5356 5358
f 5356 5361 5359
f 5359 5363 5360
f 5363 5359 5362
f 5364 5359 5361
f 5359 5364 5362
f 5362 5366 5363
f 5366 5362 5365
f 5367 5362 5364
f 5362 5367 5365
f 5365 5369 5366
f 5369 5365 5368
f 5370 5365 5367
f 5365 5370 5368
f 5368 5372 5369
f 5372 5368 5371
f 5373 5368 5370
f 5368 5373 5371
f 5371 5374 5372
f 5373 5374 5371
f 5375 5377 5376
f 5375 5376 5378
f 5376 5377 5380
f 5380 5379 5376
f 5381 5378 5376
f 5376 5379 5381
f 5379 5380 5383
f 5383 5382 5379
f 5384 5381 5379
f 5379 5382 5384
f 5382 5383 5386
f 5386 5385 5382
f 5387 5384 5382
f 5382 5385 5387
f 5385 5386 5389
f 5389 5388 5385
f 5390 5387 5385
f 5385 5388 5390
f 5388 5389 5392
f 5392 5391 5388
f 5393 5390 5388
f 5388 5391 5393
f 5391 5392 5395
f 5395 5394 5391
f 5396 5393 5391
f 5391 5394 5396
f 5394 5395 5398
f 5398 5397 5394
f 5399 5396 5394
f 5394 5397 5399
f 5397 5398 5401
f 5401 5400 5397
f 5402 5399 5397
f 5397 5400 5402
f 5400 5401 5404
f 5404 5403 5400
f 5405 5402 5400
f 5400 5403 5405
f 5403 5404 5407
f 5407 5406 5403
f 5408 5405 5403
f 5403 5406 5408
f 5406 5407 5410
f 5410 5409 5406
f 5411 5408 5406
f 5406 5409 5411
f 5409 5410 5413
f 5413 5412 5409
f 5414 5411 5409
f 5409 5412 5414
f 5412 5413 5416
f 5416 5415 5412
f 5417 5414 5412
f 5412 5415 5417
f 5415 5416 5418
f 5417 5415 5418
f 5419 5420 5421
f 5419 5422 5420
f 5420 5424 5421
f 5424 5420 5423
f 5425 5420 5422
f 5420 5425 5423
f 5423 5427 5424
f 5427 5423 5426
f 5428 5423 5425
f 5423 5428 5426
f 5426 5430 5427
f 5430 5426 5429
f 5431 5426 5428
f 5426 5431 5429
f 5429 5433 5430
f 5433 5429 5432
f 5434 5429 5431
f 5429 5434 5432
f 5432 5436 5433
f 5436 5432 5435
f 5437 5432 5434
f 5432 5437 5435
f 5435 5439 5436
f 5439 5435 5438
f 5440 5435 5437
f 5435 5440 5438
f 5438 5442 5439
f 5442 5438 5441
f 5443 5438 5440
f 5438 5443 5441
f 5441 5445 5442
f 5445 5441 5444
f 5446 5441 5443
f 5441 5446 5444
f 5444 5448 5445
f 5448 5444 5447
f 5449 5444 5446
f 5444 5449 5447
f 5447 5451 5448
f 5451 5447 5450
f 5452 5447 5449
f 5447 5452 5450
f 5450 5454 5451
f 5454 5450 5453
f 5455 5450 5452
f 5450 5455 5453
f 5453 5457 5454
f 5457 5453 5456
f 5458 5453 5455
f 5453 5458 5456
f 5456 5460 5457
f 5460 5456 5459
f 5461 5456 5458
f 5456 5461 5459
f 5459 5462 5460
f 5461 5462 5459
f 5463 5465 5464
f 5463 5464 5466
f 5464 5465 5468
f 5468 5467 5464
f 5469 5466 5464
f 5464 5467 5469
f 5467 5468 5471
f 5471 5470 5467
f 5472 5469 5467
f 5467 5470 5472
f 5470 5471 5474
f 5474 5473 5470
f 5475 5472 5470
f 5470 5473 5475
f 5473 5474 5477
f 5477 5476 5473
f 5478 5475 5473
f 5473 5476 5478
f 5476 5477 5480
f 5480 5479 5476
f 5481 5478 5476
f 5476 5479 5481
f 5479 5480 5483
f 5483 5482 5479
f 5484 5481 5479
f 5479 5482 5484
f 5482 5483 5486
f 5486 5485 5482
f 5487 5484 5482
f 5482 5485 5487
f 5485 5486 5489
f 5489 5488 5485
f 5490 5487 5485
f 5485 5488 5490
f 5488 5489 5492
f 5492 5491 5488
f 5493 5490 5488
f 5488 5491 5493
f 5491 5492 5495
f 5495 5494 5491
f 5496 5493 5491
f 5491 5494 5496
f 5494 5495 5498
f 5498 5497 5494
f 5499 5496 5494
f 5494 5497 5499
f 5497 5498 5501
f 5501 5500 5497
f 5502 5499 5497
f 5497 5500 5502
f 5500 5501 5503
f 5502 5500 5503
f 5504 5505 5506
f 5504 5507 5505
f 5505 5509 5506
f 5509 5505 5508
f 5510 5505 5507
f 5505 5510 5508
f 5508 5512 5509
f 5512 5508 5511
f 5513 5508 5510
f 5508 5513 5511
f 5511 5515 5512
f 5515 5511 5514
f 5516 5511 5513
f 5511 5516 5514
f 5514 5518 5515
f 5518 5514 5517
f 5519 5514 5516
f 5514 5519 5517
f 5517 5521 5518
f 5521 5517 5520
f 5522 5517 5519
f 5517 5522 5520
f 5520 5524 5521
f 5524 5520 5523
f 5525 5520 5522
f 5520 5525 5523
f 5523 5527 5524
f 5527 5523 5526
f 5528 5523 5525
f 5523 5528 5526
f 5526 5530 5527
f 5530 5526 5529
f 5531 5526 5528
f 5526 5531 5529
f 5529 5533 5530
f 5533 5529 5532
f 5534 5529 5531
f 5529 5534 5532
f 5532 5536 5533
f 5536 5532 5535
f 5537 5532 5534
f 5532 5537 5535
f 5535 5539 5536
f 5539 5535 5538
f 5540 5535 5537
f 5535 5540 5538
f 5538 5542 5539
f 5542 5538 5541
f 5543 5538 5540
f 5538 5543 5541
f 5541 5544 5542
f 5543 5544 5541
f 5545 5547 5546
f 5545 5546 5548
f 5546 5547 5550
f 5550 5549 5546
f 5551 5548 5546
f 5546 5549 5551
f 5549 5550 5553
f 5553 5552 5549
f 5554 5551 5549
f 5549 5552 5554
f 5552 5553 5556
f 5556 5555 5552
f 5557 5554 5552
f 5552 5555 5557
f 5555 5556 5559
f 5559 5558 5555
f 5560 5557 5555
f 5555 5558 5560
f 5558 5559 5562
f 5562 5561 5558
f 5563 5560 5558
f 5558 5561 5563
f 5561 5562 5565
f 5565 5564 5561
f 5566 5563 5561
f 5561 5564 5566
f 5564 5565 5568
f 5568 5567 5564
f 5569 5566 5564
f 5564 5567 5569
f 5567 5568 5571
f 5571 5570 5567
f 5572 5569 5567
f 5567 5570 5572
f 5570 5571 5574
f 5574 5573 5570
f 5575 5572 5570
f 5570 5573 5575
f 5573 5574 5577
f 5577 5576 5573
f 5578 5575 5573
f 5573 5576 5578
f 5576 5577 5580
f 5580 5579 5576
f 5581 5578 5576
f 5576 5579 5581
f 5579 5580 5582
f 5581 5579 5582
f 5583 5584 5585
f 5583 5586 5584
f 5584 5588 5585
f 5588 5584 5587
f 5589 5584 5586
f 5584 5589 5587
f 5587 5591 5588
f 5591 5587 5590
f 5592 5587 5589
f 5587 5592 5590
f 5590 5594 5591
f 5594 5590 5593
f 5595 5590 5592
f 5590 5595 5593
f 5593 5597 5594
f 5597 5593 5596
f 5598 5593 5595
f 5593 5598 5596
f 5596 5600 5597
f 5600 5596 5599
f 5601 5596 5598
f 5596 5601 5599
f 5599 5603 5600
f 5603 5599 5602
f 5604 5599 5601
f 5599 5604 5602
f 5602 5606 5603
f 5606 5602 5605
f 5607 5602 5604
f 5602 5607 5605
f 5605 5609 5606
f 5609 5605 5608
f 5610 5605 5607
f 5605 5610 5608
f 5608 5612 5609
f 5612 5608 5611
f 5613 5608 5610
f 5608 5613 5611
f 5611 5615 5612
f 5615 5611 5614
f 5616 5611 5613
f 5611 5616 5614
f 5614 5618 5615
f 5618 5614 5617
f 5619 5614 5616
f 5614 5619 5617
f 5617 5620 5618
f 5619 5620 5617
f 5621 5623 5622
f 5621 5622 5624
f 5622 5623 5626
f 5626 5625 5622
f 5627 5624 5622
f 5622 5625 5627
f 5625 5626 5629
f 5629 5628 5625
f 5630 5627 5625
f 5625 5628 5630
f 5628 5629 5632
f 5632 5631 5628
f 5633 5630 5628
f 5628 5631 5633
f 5631 5632 5635
f 5635 5634 5631
f 5636 5633 5631
f 5631 5634 5636
f 5634 5635 5638
f 5638 5637 5634
f 5639 5636 5634
f 5634 5637 5639
f 5637 5638 5641
f 5641 5640 5637
f 5642 5639 5637
f 5637 5640 5642
f 5640 5641 5644
f 5644 5643 5640
f 5645 5642 5640
f 5640 5643 5645
f 5643 5644 5647
f 5647 5646 5643
f 5648 5645 5643
f 5643 5646 5648
f 5646 5647 5650
f 5650 5649 5646
f 5651 5648 5646
f 5646 5649 5651
f 5649 5650 5653
f 5653 5652 5649
f 5654 5651 5649
f 5649 5652 5654
f 5652 5653 5655
f 5654 5652 5655
f 5656 5657 5658
f 5656 5659 5657
f 5657 5661 5658
f 5661 5657 5660
f 5662 5657 5659
f 5657 5662 5660
f 5660 5664 5661
f 5664 5660 5663
f 5665 5660 5662
f 5660 5665 5663
f 5663 5667 5664
f 5667 5663 5666
f 5668 5663 5665
f 5663 5668 5666
f 5666 5670 5667
f 5670 5666 5669
f 5671 5666 5668
f 5666 5671 5669
f 5669 5673 5670
f 5673 5669 5672
f 5674 5669 5671
f 5669 5674 5672
f 5672 5676 5673
f 5676 5672 5675
f 5677 5672 5674
f 5672 5677 5675
f 5675 5679 5676
f 5679 5675 5678
f 5680 5675 5677
f 5675 5680 5678
f 5678 5682 5679
f 5682 5678 5681
f 5683 5678 5680
f 5678 5683 5681
f 5681 5685 5682
f 5685 5681 5684
f 5686 5681 5683
f 5681 5686 5684
f 5684 5688 5685
f 5688 5684 5687
f 5689 5684 5686
f 5684 5689 5687
f 5687 5690 5688
f 5689 5690 5687
f 5691 5693 5692
f 5691 5692 5694
f 5692 5693 5696
f 5696 5695 5692
f 5697 5694 5692
f 5692 5695 5697
f 5695 5696 5699
f 5699 5698 5695
f 5700 5697 5695
f 5695 5698 5700
f 5698 5699 5702
f 5702 5701 5698
f 5703 5700 5698
f 5698 5701 5703
f 5701 5702 5705
f 5705 5704 5701
f 5706 5703 5701
f 5701 5704 5706
f 5704 5705 5708
f 5708 5707 5704
f 5709 5706 5704
f 5704 5707 5709
f 5707 5708 5711
f 5711 5710 5707
f 5712 5709 5707
f 5707 5710 5712
f 5710 5711 5714
f 5714 5713 5710
f 5715 5712 5710
f 5710 5713 5715
f 5713 5714 5717
f 5717 5716 5713
f 5718 5715 5713
f 5713 5716 5718
f 5716 5717 5719
f 5718 5716 5719
f 5720 5721 5722
f 5720 5723 5721
f 5721 5725 5722
f 5725 5721 5724
f 5726 5721 5723
f 5721 5726 5724
f 5724 5728 5725
f 5728 5724 5727
f 5729 5724 5726
f 5724 5729 5727
f 5727 5731 5728
f 5731 5727 5730
f 5732 5727 5729
f 5727 5732 5730
f 5730 5734 5731
f 5734 5730 5733
f 5735 5730 5732
f 5730 5735 5733
f 5733 5737 5734
f 5737 5733 5736
f 5738 5733 5735
f 5733 5738 5736
f 5736 5740 5737
f 5740 5736 5739
f 5741 5736 5738
f 5736 5741 5739
f 5739 5743 5740
f 5743 5739 5742
f 5744 5739 5741
f 5739 5744 5742
f 5742 5746 5743
f 5746 5742 5745
f 5747 5742 5744
f 5742 5747 5745
f 5745 5748 5746
f 5747 5748 5745
f 5749 5751 5750
f 5749 5750 5752
f 5750 5751 5754
f 5754 5753 5750
f 5755 5752 5750
f 5750 5753 5755
f 5753 5754 5757
f 5757 5756 5753
f 5758 5755 5753
f 5753 5756 5758
f 5756 5757 5760
f 5760 5759 5756
f 5761 5758 5756
f 5756 5759 5761
f 5759 5760 5763
f 5763 5762 5759
f 5764 5761 5759
f 5759 5762 5764
f 5762 5763 5766
f 5766 5765 5762
f 5767 5764 5762
f 5762 5765 5767
f 5765 5766 5769
f 5769 5768 5765
f 5770 5767 5765
f 5765 5768 5770
f 5768 5769 5772
f 5772 5771 5768
f 5773 5770 5768
f 5768 5771 5773
f 5771 5772 5774
f 5773 5771 5774
f 5775 5776 5777
f 5775 5778 5776
f 5776 5780 5777
f 5780 5776 5779
f 5781 5776 5778
f 5776 5781 5779
f 5779 5783 5780
f 5783 5779 5782
f 5784 5779 5781
f 5779 5784 5782
f 5782 5786 5783
f 5786 5782 5785
f 5787 5782 5784
f 5782 5787 5785
f 5785 5789 5786
f 5789 5785 5788
f 5790 5785 5787
f 5785 5790 5788
f 5788 5792 5789
f 5792 5788 5791
f 5793 5788 5790
f 5788 5793 5791
f 5791 5795 5792
f 5795 5791 5794
f 5796 5791 5793
f 5791 5796 5794
f 5794 5798 5795
f 5798 5794 5797
f 5799 5794 5796
f 5794 5799 5797
f 5797 5800 5798
f 5799 5800 5797
f 5801 5802 5803
f 5801 5804 5802
f 5802 5806 5803
f 5806 5802 5805
f 5807 5802 5804
f 5802 5807 5805
f 5805 5809 5806
f 5809 5805 5808
f 5810 5805 5807
f 5805 5810 5808
f 5808 5812 5809
f 5812 5808 5811
f 5813 5808 5810
f 5808 5813 5811
f 5811 5815 5812
f 5815 5811 5814
f 5816 5811 5813
f 5811 5816 5814
f 5814 5818 5815
f 5818 5814 5817
f 5819 5814 5816
f 5814 5819 5817
f 5817 5821 5818
f 5821 5817 5820
f 5822 5817 5819
f 5817 5822 5820
f 5820 5824 5821
f 5824 5820 5823
f 5825 5820 5822
f 5820 5825 5823
f 5823 5827 5824
f 5827 5823 5826
f 5828 5823 5825
f 5823 5828 5826
f 5826 5830 5827
f 5830 5826 5829
f 5831 5826 5828
f 5826 5831 5829
f 5829 5833 5830
f 5833 5829 5832
f 5834 5829 5831
f 5829 5834 5832
f 5832 5836 5833
f 5836 5832 5835
f 5837 5832 5834
f 5832 5837 5835
f 5835 5838 5836
f 5837 5838 5835
f 5839 5840 5841
f 5839 5842 5840
f 5840 5844 5841
f 5844 5840 5843
f 5845 5840 5842
f 5840 5845 5843
f 5843 5847 5844
f 5847 5843 5846
f 5848 5843 5845
f 5843 5848 5846
f 5846 5850 5847
f 5850 5846 5849
f 5851 5846 5848
f 5846 5851 5849
f 5849 5853 5850
f 5853 5849 5852
f 5854 5849 5851
f 5849 5854 5852
f 5852 5856 5853
f 5856 5852 5855
f 5857 5852 5854
f 5852 5857 5855
f 5855 5859 5856
f 5859 5855 5858
f 5860 5855 5857
f 5855 5860 5858
f 5858 5862 5859
f 5862 5858 5861
f 5863 5858 5860
f 5858 5863 5861
f 5861 5865 5862
f 5865 5861 5864
f 5866 5861 5863
f 5861 5866 5864
f 5864 5868 5865
f 5868 5864 5867
f 5869 5864 5866
f 5864 5869 5867
f 5867 5871 5868
f 5871 5867 5870
f 5872 5867 5869
f 5867 5872 5870
f 5870 5874 5871
f 5874 5870 5873
f 5875 5870 5872
f 5870 5875 5873
f 5873 5876 5874
f 5875 5876 5873
f 5877 5878 5879
f 5877 5880 5878
f 5878 5882 5879
f 5882 5878 5881
f 5883 5878 5880
f 5878 5883 5881
f 5881 5885 5882
f 5885 5881 5884
f 5886 5881 5883
f 5881 5886 5884
f 5884 5888 5885
f 5888 5884 5887
f 5889 5884 5886
f 5884 5889 5887
f 5887 5891 5888
f 5891 5887 5890
f 5892 5887 5889
f 5887 5892 5890
f 5890 5894 5891
f 5894 5890 5893
f 5895 5890 5892
f 5890 5895 5893
f 5893 5897 5894
f 5897 5893 5896
f 5898 5893 5895
f 5893 5898 5896
f 5896 5900 5897
f 5900 5896 5899
f 5901 5896 5898
f 5896 5901 5899
f 5899 5903 5900
f 5903 5899 5902
f 5904 5899 5901
f 5899 5904 5902
f 5902 5906 5903
f 5906 5902 5905
f 5907 5902 5904
f 5902 5907 5905
f 5905 5909 5906
f 5909 5905 5908
f 5910 5905 5907
f 5905 5910 5908
f 5908 5912 5909
f 5912 5908 5911
f 5913 5908 5910
f 5908 5913 5911
f 5911 5914 5912
f 5913 5914 5911
f 5915 5916 5917
f 5915 5918 5916
f 5916 5920 5917
f 5920 5916 5919
f 5921 5916 5918
f 5916 5921 5919
f 5919 5923 5920
f 5923 5919 5922
f 5924 5919 5921
f 5919 5924 5922
f 5922 5926 5923
f 5926 5922 5925
f 5927 5922 5924
f 5922 5927 5925
f 5925 5929 5926
f 5929 5925 5928
f 5930 5925 5927
f 5925 5930 5928
f 5928 5932 5929
f 5932 5928 5931
f 5933 5928 5930
f 5928 5933 5931
f 5931 5935 5932
f 5935 5931 5934
f 5936 5931 5933
f 5931 5936 5934
f 5934 5938 5935
f 5938 5934 5937
f 5939 5934 5936
f 5934 5939 5937
f 5937 5941 5938
f 5941 5937 5940
f 5942 5937 5939
f 5937 5942 5940
f 5940 5944 5941
f 5944 5940 5943
f 5945 5940 5942
f 5940 5945 5943
f 5943 5947 5944
f 5947 5943 5946
f 5948 5943 5945
f 5943 5948 5946
f 5946 5950 5947
f 5950 5946 5949
f 5951 5946 5948
f 5946 5951 5949
f 5949 5952 5950
f 5951 5952 5949
f 5953 5954 5955
f 5953 5956 5954
f 5954 5958 5955
f 5958 5954 5957
f 5959 5954 5956
f 5954 5959 5957
f 5957 5961 5958
f 5961 5957 5960
f 5962 5957 5959
f 5957 5962 5960
f 5960 5964 5961
f 5964 5960 5963
f 5965 5960 5962
f 5960 5965 5963
f 5963 5967 5964
f 5967 5963 5966
f 5968 5963 5965
f 5963 5968 5966
f 5966 5970 5967
f 5970 5966 5969
f 5971 5966 5968
f 5966 5971 5969
f 5969 5973 5970
f 5973 5969 5972
f 5974 5969 5971
f 5969 5974 5972
f 5972 5976 5973
f 5976 5972 5975
f 5977 5972 5974
f 5972 5977 5975
f 5975 5979 5976
f 5979 5975 5978
f 5980 5975 5977
f 5975 5980 5978
f 5978 5982 5979
f 5982 5978 5981
f 5983 5978 5980
f 5978 5983 5981
f 5981 5985 5982
f 5985 5981 5984
f 5986 5981 5983
f 5981 5986 5984
f 5984 5988 5985
f 5988 5984 5987
f 5989 5984 5986
f 5984 5989 5987
f 5987 5990 5988
f 5989 5990 5987
