# Decoded from sources/assets/lusion.dev/assets/models/tunnels/broken_glass.buf
# Position/index data decoded from public .buf header and payload.
v 0.0541212 -0.0107088 0.0049995
v 0.0541212 -0.0107088 -0.0050004
v 0.0564002 -0.0105898 -0.0050004
v 0.0564002 -0.0105898 0.0049995
v -0.0063241 0.0078547 -0.0050004
v -0.0063241 0.0078493 0.0049995
v -0.0089625 -0.0050240 0.0049995
v -0.0089625 -0.0050240 -0.0050004
v -0.0567192 0.0325899 -0.0029303
v -0.0567192 0.0325899 0.0070696
v -0.0648292 -0.0068901 0.0070696
v -0.0648292 -0.0068901 -0.0029303
v 0.0734929 -0.0193523 0.0070696
v 0.0761415 -0.0064790 0.0070696
v 0.0761415 -0.0064790 -0.0029303
v 0.0734929 -0.0193523 -0.0029303
v 0.1582170 -0.0096270 -0.0057045
v 0.1582170 -0.0096270 0.0042951
v 0.1500967 -0.0491070 0.0042951
v 0.1500967 -0.0491070 -0.0057045
v -0.1074839 0.0685108 -0.0057045
v -0.1074839 0.0685108 0.0042951
v -0.1265476 -0.0241771 -0.0057045
v -0.1265476 -0.0241771 0.0042951
v -0.1819627 0.1080719 0.0049428
v -0.1819627 0.1080719 -0.0050567
v 0.1077706 -0.0867263 0.0049428
v 0.1077706 -0.0867263 -0.0050567
v -0.1458782 -0.0107305 0.0049428
v -0.1819627 0.0005418 0.0049428
v -0.1819627 0.0005418 -0.0050567
v -0.1458782 -0.0107305 -0.0050567
v 0.1822494 0.0009691 -0.0050567
v 0.1822494 0.0009691 0.0049428
v 0.1631959 -0.0917188 0.0049428
v 0.1631959 -0.0917188 -0.0050567
v -0.0552923 -0.0070956 -0.0050015
v -0.0552923 -0.0070956 0.0049984
v -0.0553025 -0.0070956 0.0049984
v -0.0560930 -0.0068414 0.0049984
v -0.0560930 -0.0068414 -0.0050015
v -0.0552923 -0.0070956 -0.0050015
v 0.0134171 -0.0075770 0.0049984
v 0.0111278 0.0106079 0.0049984
v 0.0111278 0.0106079 -0.0050015
v 0.0134171 -0.0075770 -0.0050015
v -0.0028440 0.0057993 0.0045640
v -0.0014479 0.0008285 -0.0000144
v 0.0024942 0.0023484 0.0045640
v -0.0064473 -0.0117474 0.0045640
v -0.0113236 -0.0117095 0.0045640
v -0.0085826 -0.0117311 0.0012585
v -0.0046816 -0.0081450 0.0027885
v 0.0006566 -0.0115959 0.0027885
v -0.0032854 -0.0131158 -0.0017899
v -0.0020022 -0.0026008 0.0027885
v 0.0080173 0.0000009 0.0027885
v 0.0035106 -0.0011674 -0.0030008
v -0.0157687 -0.0035528 0.0052891
v 0.0014984 0.0192460 0.0052891
v 0.0043934 -0.0036988 0.0052891
v 0.0025353 0.0110352 -0.0047108
v 0.0043934 -0.0036988 -0.0047108
v -0.0085621 -0.0036069 -0.0047108
v -0.0434147 -0.0213374 0.0033324
v -0.0655992 -0.0070253 0.0033324
v -0.0582386 0.0045715 0.0033324
v 0.0478077 0.0321031 0.0033324
v 0.0517395 0.0009096 0.0033324
v 0.0344621 -0.0218891 0.0033324
v -0.0627453 0.0034031 -0.0024568
v -0.0587313 0.0044417 -0.0066675
v 0.0478077 0.0321031 -0.0066675
v 0.0527764 -0.0072958 -0.0066675
v -0.0678782 -0.0144302 -0.0066675
v -0.0573146 -0.0212401 -0.0066675
v 0.0416790 -0.0219378 -0.0066675
v -0.0695413 -0.0085452 -0.0012460
v -0.0005753 0.0000009 0.0062108
v -0.0059443 0.0034626 0.0062108
v 0.0021041 0.0055505 0.0062108
v -0.0157482 0.0009150 -0.0037888
v 0.0043421 0.0061347 -0.0037888
v 0.0076169 0.0069839 0.0004219
v -0.0038398 -0.0067657 -0.0037888
v 0.0008209 -0.0049645 0.0016328
v -0.0039219 -0.0094431 0.0064904
v -0.0039219 -0.0094431 -0.0035091
v -0.0062112 0.0087418 -0.0035091
v -0.0062112 0.0087418 0.0064904
v 0.0012418 -0.0094810 0.0064904
v 0.0043626 0.0114895 0.0064904
v 0.0097214 0.0080278 0.0064904
v -0.0054413 0.0089419 -0.0035091
v -0.0003391 -0.0094702 -0.0035091
v 0.0064671 0.0012612 -0.0035091
v 0.0039828 -0.0094972 0.0031853
v 0.0111278 0.0030624 0.0019124
v -0.0038090 -0.0027901 -0.0047931
v 0.0008517 -0.0009943 0.0006284
v 0.0025148 -0.0068739 -0.0047931
v 0.0043729 0.0101048 -0.0047931
v 0.0116616 0.0119980 -0.0047931
v 0.0076477 0.0109540 -0.0005825
v 0.0054919 0.0144482 0.0021698
v 0.0008312 0.0126470 -0.0032521
v 0.0071549 0.0085633 -0.0032521
v -0.0059751 0.0019211 -0.0032521
v 0.0039007 0.0018508 -0.0032521
v -0.0016532 0.0018886 0.0034424
v 0.0036337 0.0087310 0.0064605
v 0.0258183 -0.0055865 0.0064605
v -0.0053078 -0.0053648 0.0064605
v 0.0013547 0.0013261 -0.0035390
v -0.0018995 -0.0053918 -0.0035390
v 0.0119183 -0.0054892 -0.0035390
v -0.0074431 -0.0053540 0.0031554
v -0.0002981 0.0072056 0.0018825
v 0.0694379 -0.0372614 0.0047436
v 0.0580838 0.0528194 0.0047436
v 0.0580838 0.0528194 -0.0052563
v 0.0694379 -0.0372614 -0.0052563
v -0.0697774 -0.0362770 -0.0052563
v -0.0766042 0.0178505 -0.0052563
v -0.0697774 -0.0362770 0.0047436
v -0.0766042 0.0178505 0.0047436
v -0.1829892 -0.0660695 0.0051543
v -0.1943433 0.0240113 0.0051543
v -0.1943433 0.0240113 -0.0048456
v -0.1829892 -0.0660695 -0.0048456
v 0.1650438 -0.0685198 0.0051543
v 0.1423563 0.1114254 0.0051543
v 0.1423563 0.1114254 -0.0048456
v 0.1650438 -0.0685198 -0.0048456
v 0.1284768 -0.1084703 -0.0049510
v 0.1284768 -0.1084703 0.0050489
v 0.1284768 0.1446364 -0.0049510
v 0.1284768 0.1446364 0.0050489
v -0.1237963 -0.1066962 0.0050489
v -0.1464839 0.0732490 0.0050489
v -0.1464839 0.0732490 -0.0049510
v -0.1237963 -0.1066962 -0.0049510
v -0.0264863 -0.0375102 -0.0047426
v -0.0264863 -0.0375102 0.0052573
v 0.0064261 0.0015695 0.0052573
v -0.0012939 0.0068703 0.0052573
v 0.0064261 0.0015695 -0.0047426
v -0.0012939 0.0068703 -0.0047426
v 0.0236316 0.0157842 0.0068800
v 0.0055740 0.0226266 0.0068800
v 0.0236316 0.0157842 -0.0031199
v 0.0055740 0.0226266 -0.0031199
v -0.0107179 -0.0249885 0.0068800
v -0.0184378 -0.0196823 0.0068800
v -0.0107179 -0.0249885 -0.0031199
v -0.0184378 -0.0196823 -0.0031199
v 0.0124829 0.0137126 0.0008984
v 0.0124829 0.0137126 0.0108983
v 0.0115385 0.0132420 0.0108983
v 0.0115385 0.0132420 0.0008984
v -0.0020330 -0.0060950 0.0008984
v 0.0122263 0.0133664 0.0108983
v -0.0163539 -0.0135269 0.0008984
v 0.0110252 0.0127390 0.0108983
v -0.0002878 -0.0011404 0.0016056
v -0.0019201 0.0003579 -0.0011130
v -0.0002365 0.0017967 -0.0033398
v 0.0023710 -0.0009457 0.0016056
v 0.0023608 -0.0035582 0.0016056
v -0.0001338 -0.0012756 -0.0031295
v 0.0010468 -0.0044398 0.0035615
v 0.0048759 -0.0011674 -0.0014930
v -0.0016224 -0.0016326 -0.0014930
v 0.0007901 0.0035979 0.0030114
v 0.0041676 0.0068432 -0.0014930
v -0.0016121 0.0012991 -0.0014930
v -0.0001030 0.0012882 -0.0050613
v 0.0025661 -0.0015190 -0.0000068
v 0.0023095 0.0065187 -0.0005568
v -0.0000825 0.0042199 -0.0050613
v -0.0033881 0.0010502 -0.0050613
v -0.0018174 0.0025593 0.0049386
v -0.0034497 0.0009962 0.0049386
v -0.0034497 0.0009962 -0.0049755
v -0.0015300 -0.0007618 0.0049386
v 0.0008825 -0.0029578 0.0022200
v -0.0064884 -0.0003939 0.0004725
v -0.0062215 -0.0084317 0.0010225
v -0.0023923 -0.0051538 -0.0040320
v -0.0031007 0.0028514 -0.0040320
v 0.0375727 0.0413470 0.0059679
v 0.0233134 0.0218910 -0.0040320
v 0.0038185 -0.0047103 -0.0040320
v -0.0007703 -0.0109685 0.0059679
v 0.0089925 0.0144536 -0.0040320
v 0.0363716 0.0407195 0.0059679
v -0.0035626 0.0024133 0.0059679
v -0.0036139 -0.0111740 0.0059679
v 0.0042394 -0.0014541 0.0075186
v 0.0088283 0.0048095 -0.0024814
v 0.0032436 -0.0028118 -0.0024814
v 0.0018578 -0.0047049 -0.0005737
v 0.0018578 -0.0047049 0.0075186
v 0.0026072 0.0043605 -0.0024814
v 0.0013855 -0.0042722 0.0075186
v 0.0013958 -0.0016596 0.0075186
v -0.0011193 -0.0019896 0.0027835
v -0.0012220 0.0010827 0.0025732
v 0.0055740 0.0031435 -0.0028184
v 0.0017448 -0.0001343 0.0022357
v -0.0009243 0.0026729 -0.0028184
v 0.0062002 -0.0040288 -0.0028184
v 0.0048143 -0.0059219 -0.0028184
v 0.0048143 -0.0059219 -0.0009112
v -0.0009346 -0.0006644 -0.0028184
v 0.0018475 -0.0032066 0.0024464
v -0.0057184 0.0018994 -0.0019182
v -0.0023820 -0.0011512 -0.0019182
v -0.0023718 0.0021915 -0.0019182
v -0.0056569 0.0019535 -0.0019182
v -0.0057184 0.0018994 -0.0018324
v -0.0013863 -0.0020545 0.0053631
v 0.0004000 -0.0036880 0.0033466
v 0.0002973 -0.0006157 0.0031363
v -0.0016121 -0.0036718 0.0001108
v 0.0000202 -0.0051701 0.0028295
v 0.0026893 -0.0049753 0.0028295
v 0.0000715 -0.0022330 -0.0021159
v 0.0027406 0.0086120 0.0028295
v -0.0043120 0.0018454 0.0028295
v -0.0001852 0.0058047 -0.0026660
v -0.0040143 -0.0014757 0.0028295
v 0.0531768 0.0543826 0.0052320
v 0.0531768 0.0543826 -0.0047679
v 0.0440915 0.0626853 -0.0047679
v 0.0440915 0.0626853 0.0052320
v -0.0288782 -0.0575720 0.0052320
v -0.0288782 -0.0575720 -0.0047679
v -0.0557029 -0.0330586 -0.0047679
v -0.0557029 -0.0330586 0.0052320
v 0.0423155 0.0060968 -0.0048556
v 0.0423155 0.0060968 0.0051443
v 0.0037775 -0.0167344 -0.0048556
v 0.0037775 -0.0167344 0.0051443
v 0.0584739 0.0281383 0.0051443
v 0.0584739 0.0281383 -0.0048556
v 0.0316493 0.0526463 -0.0048556
v 0.0316493 0.0526463 0.0051443
v -0.0604560 -0.0501239 -0.0048556
v -0.0681451 -0.0430977 -0.0048556
v -0.0681451 -0.0430977 0.0051443
v -0.0604560 -0.0501239 0.0051443
v -0.0252646 -0.0196012 0.0053297
v -0.0002057 0.0044417 0.0053297
v 0.0042600 0.0003633 0.0053297
v 0.0027098 -0.0050619 0.0053297
v -0.0204705 -0.0149981 -0.0046702
v -0.0191873 -0.0164423 -0.0046702
v 0.0074834 -0.0025792 -0.0046702
v -0.0002057 0.0044417 -0.0046702
v -0.0252646 -0.0196012 0.0040208
v 0.0074834 -0.0025792 -0.0003703
v -0.0062523 -0.0050889 0.0012298
v -0.0001852 -0.0019301 0.0012298
v -0.0014581 -0.0004859 0.0012298
v -0.0062523 -0.0050889 0.0099211
v -0.0032957 0.0019535 -0.0004860
v -0.0000722 -0.0009889 -0.0004860
v -0.0048459 -0.0034716 -0.0004860
v -0.0000722 -0.0009889 -0.0061856
v -0.0157071 -0.0160258 -0.0049992
v -0.0157071 -0.0160258 0.0050007
v -0.0001954 -0.0021410 -0.0049992
v -0.0001954 -0.0021410 0.0050007
v -0.0021665 -0.0001722 -0.0049992
v -0.0021665 -0.0001722 0.0050007
v 0.0004924 0.0098236 -0.0048062
v 0.0004924 0.0098236 0.0051937
v 0.0126266 0.0067134 -0.0048062
v 0.0126266 0.0067134 0.0051937
v 0.0093929 0.0083577 -0.0048062
v 0.0093929 0.0083577 0.0051937
v -0.0346374 -0.0355846 -0.0048062
v -0.0346374 -0.0355846 0.0051937
v -0.0366084 -0.0336104 -0.0048062
v -0.0366084 -0.0336104 0.0051937
v 0.0515958 0.0318543 -0.0049912
v 0.0521912 0.0320977 -0.0049912
v 0.0521912 0.0320977 0.0050087
v 0.0515958 0.0318543 0.0050087
v -0.0092602 0.0004120 -0.0049912
v -0.0038706 -0.0085236 -0.0049912
v -0.0038706 -0.0085236 0.0050087
v -0.0092602 0.0004120 0.0050087
v -0.0600043 -0.0193523 -0.0049027
v -0.0438972 -0.0460672 -0.0049027
v -0.0438972 -0.0460672 0.0050972
v -0.0600043 -0.0193523 0.0050972
v 0.0628575 0.0441326 0.0050972
v 0.0628575 0.0441326 -0.0049027
v 0.0682470 0.0351970 -0.0049027
v 0.0682470 0.0351970 0.0050972
v 0.0000202 -0.0031038 -0.0025729
v 0.0005540 -0.0038827 -0.0014413
v -0.0008216 -0.0036177 -0.0014413
v -0.0035113 -0.0150468 -0.0014413
v -0.1289395 -0.0691418 -0.0066020
v -0.0313112 -0.0691418 -0.0066020
v 0.1264339 0.0451711 -0.0066020
v 0.1431775 0.0911364 -0.0066020
v 0.1227382 0.0950958 -0.0066020
v -0.1377681 -0.0395061 -0.0066020
v -0.0313112 -0.0691418 0.0033975
v -0.1372343 -0.0691418 0.0033975
v -0.1449542 -0.0432221 0.0033975
v 0.1143305 0.0907524 0.0033975
v 0.1465345 0.0845105 0.0033975
v 0.1438448 0.0730867 0.0033975
v 0.1362789 0.0523001 0.0033975
v 0.1473763 0.0850243 0.0022660
v 0.0282513 -0.0011620 -0.0044078
v 0.0282513 -0.0011620 0.0055921
v 0.0121441 0.0255528 0.0055921
v 0.0121441 0.0255528 -0.0044078
v 0.0010570 -0.0208669 -0.0044078
v -0.0190435 0.0094395 -0.0044078
v -0.0249772 -0.0158203 -0.0044078
v -0.0203473 0.0087634 0.0055921
v -0.0054515 -0.0255835 0.0055921
v -0.0310546 -0.0206234 0.0055921
v -0.0236324 0.0070650 0.0019097
v -0.0315884 -0.0198446 0.0044602
v -0.0064884 0.0005256 -0.0047621
v -0.0022999 -0.0055920 0.0041058
v 0.0043113 -0.0015677 -0.0047621
v 0.0102552 0.0236921 -0.0047621
v 0.0000202 0.0184076 -0.0047621
v 0.0056561 0.0213176 0.0015550
v 0.0038391 0.0215556 0.0030187
v -0.0003494 0.0276731 -0.0058493
v 0.0104503 0.0255799 -0.0058493
v -0.0170930 -0.0182976 -0.0058493
v 0.0036748 -0.0032445 -0.0058493
v 0.0003179 0.0096180 0.0041503
v -0.0040143 -0.0088211 0.0041503
v -0.0072583 -0.0111686 0.0041503
v -0.0028748 -0.0288397 0.0022606
v -0.0034189 -0.0280554 0.0011290
v -0.0042607 -0.0285692 0.0022606
v 0.0018578 -0.0025305 0.0022606
v 0.0078222 0.0005472 0.0022606
v 0.0045371 -0.0011458 -0.0014218
v 0.0215169 0.0097316 -0.0049387
v -0.0045276 0.0147782 -0.0049387
v -0.0113031 -0.0140462 -0.0049387
v 0.0150083 0.0050150 0.0050608
v -0.0190025 -0.0196228 0.0050608
v -0.0146703 -0.0011837 0.0050608
v -0.0106050 0.0099750 0.0050608
v -0.0111388 0.0107593 0.0039292
v 0.0272247 -0.0108657 -0.0057807
v 0.0184063 0.0187700 -0.0057807
v -0.0389490 -0.0108657 -0.0057807
v 0.0189299 -0.0108657 0.0042188
v -0.0389490 -0.0108657 0.0042188
v 0.0112099 0.0150540 0.0042188
v -0.0161486 -0.0024548 -0.0036045
v 0.0042908 -0.0064141 -0.0036045
v 0.0107993 0.0114733 -0.0036045
v 0.0076374 -0.0130401 0.0063954
v -0.0245666 -0.0068036 0.0063954
v 0.0137559 0.0129986 0.0063954
v 0.0164353 0.0143833 0.0027130
v 0.0084792 -0.0125262 0.0052635
v -0.0231704 0.0369441 0.0054887
v 0.0138893 -0.0042776 0.0054887
v -0.0003289 -0.0145979 0.0054887
v -0.0259319 0.0354945 0.0054887
v 0.0087564 0.0014289 -0.0045112
v -0.0276155 0.0418879 -0.0045112
v -0.0288577 0.0412334 -0.0045112
v -0.0003289 -0.0145979 -0.0045112
v 0.0057177 -0.0102112 -0.0045112
v 0.0138893 -0.0042776 0.0050221
v 0.0016627 0.0014235 -0.0005235
v -0.0010988 -0.0000207 -0.0005235
v -0.0064371 0.0104294 -0.0005235
v -0.0064371 0.0104294 -0.0105234
v -0.0040348 0.0057182 -0.0105234
v -0.0027824 0.0063672 -0.0105234
v -0.0079359 -0.0069658 0.0000840
v 0.0002460 -0.0010322 0.0000840
v -0.0048869 0.0046742 0.0000840
v 0.0002460 -0.0010322 0.0096178
v -0.0083876 -0.0269032 0.0045046
v -0.0083876 -0.0269032 -0.0054953
v 0.0586382 -0.0415669 0.0045046
v 0.0465964 -0.0503024 0.0045046
v 0.0465964 -0.0503024 -0.0054953
v 0.0586382 -0.0415669 -0.0054953
v -0.0483628 0.0512995 0.0045046
v -0.0483628 0.0512995 -0.0054953
v -0.0341343 0.0616143 0.0045046
v -0.0341343 0.0616143 -0.0054953
v 0.0013547 0.0061833 0.0049995
v 0.0177904 -0.0120881 0.0049995
v 0.0165174 -0.0141327 0.0049995
v -0.0106871 -0.0025521 0.0049995
v -0.0027311 0.0032246 -0.0050004
v -0.0106871 -0.0025521 -0.0050004
v 0.0214450 -0.0162260 -0.0050004
v 0.0214758 -0.0161881 -0.0050004
v 0.0047219 0.0024349 -0.0050004
v 0.0013547 0.0061833 -0.0009154
v 0.0058101 -0.0036988 -0.0019466
v 0.0007798 -0.0015569 -0.0019466
v 0.0020425 0.0004877 -0.0019466
v 0.0058101 -0.0036988 -0.0119461
v 0.0057382 -0.0036123 -0.0119461
v 0.0057074 -0.0036556 -0.0119461
v -0.0003802 -0.0035257 0.0016657
v -0.0044660 -0.0064898 0.0016657
v 0.0029870 -0.0072741 0.0016657
v -0.0003802 -0.0035257 0.0057507
v -0.0067758 -0.0309654 0.0043843
v -0.0164155 -0.0457372 0.0043843
v -0.0067758 -0.0309654 -0.0056156
v -0.0164155 -0.0457372 -0.0056156
v -0.0097529 0.0242060 0.0043843
v 0.0190736 0.0145780 0.0043843
v 0.0190736 0.0145780 -0.0056156
v -0.0097529 0.0242060 -0.0056156
v 0.0285798 0.0146700 -0.0053068
v 0.0285798 0.0146700 0.0046931
v 0.0313721 0.0125010 0.0046931
v 0.0313721 0.0125010 -0.0053068
v -0.0173907 0.0167957 0.0046931
v -0.0173907 0.0167957 -0.0053068
v -0.0084697 0.0195597 -0.0053068
v -0.0084697 0.0195597 0.0046931
v -0.0207990 -0.0190224 0.0046931
v 0.0080275 -0.0286503 0.0046931
v 0.0080275 -0.0286503 -0.0053068
v -0.0207990 -0.0190224 -0.0053068
v -0.0210043 -0.0305597 -0.0046280
v 0.0218454 0.0032896 -0.0046280
v 0.0005745 0.0222858 -0.0046280
v -0.0254597 -0.0277254 -0.0046280
v -0.0041375 0.0132366 0.0053719
v 0.0076169 0.0159952 0.0053719
v 0.0218454 0.0032896 0.0053719
v -0.0271741 -0.0354386 0.0053719
v -0.0289090 -0.0343406 0.0053719
v 0.0005745 0.0222858 -0.0040500
v -0.0051641 -0.0082099 0.0010111
v -0.0004521 0.0008393 0.0010111
v 0.0065903 -0.0054459 0.0010111
v -0.0004521 0.0008393 -0.0084108
v -0.0006984 0.0021861 0.0000618
v -0.0063241 -0.0086156 0.0000618
v 0.0037672 -0.0006482 0.0000618
v -0.0041375 -0.0044290 0.0100617
v -0.0024128 -0.0055270 0.0100617
v -0.0063241 -0.0086156 0.0100617
v 0.0710086 0.0139777 -0.0050877
v 0.0710086 0.0139777 0.0049122
v 0.0055637 0.0724214 -0.0050877
v 0.0055637 0.0724214 0.0049122
v -0.0601993 -0.0538669 -0.0050877
v -0.0389285 -0.0728632 -0.0050877
v -0.0601993 -0.0538669 0.0049122
v -0.0389285 -0.0728632 0.0049122
v -0.0505289 0.0709177 -0.0049697
v -0.0505289 0.0709177 0.0050302
v -0.0477879 -0.1079457 -0.0049697
v -0.0477879 -0.1079457 0.0050302
v -0.1132328 -0.0495019 -0.0049697
v -0.1132328 -0.0495019 0.0050302
v 0.1720862 0.0657360 -0.0049697
v 0.1720862 0.0657360 0.0050302
v 0.1662860 0.0709177 -0.0049697
v 0.1662860 0.0709177 0.0050302
v 0.0069599 0.0044092 -0.0050931
v 0.0069599 0.0044092 0.0049068
v 0.0003897 -0.0007780 -0.0050931
v 0.0003897 -0.0007780 0.0049068
v -0.0054105 0.0044092 -0.0050931
v -0.0054105 0.0044092 0.0049068
v 0.0505282 0.0267320 -0.0049989
v 0.0505282 0.0267320 0.0050007
v -0.0035216 -0.0089834 -0.0049989
v -0.0094450 0.0021320 -0.0049989
v -0.0035216 -0.0089834 0.0050007
v -0.0094450 0.0021320 0.0050007
v 0.0561436 0.0178234 -0.0051348
v -0.0157071 -0.0296564 -0.0051348
v -0.0256650 -0.0362337 0.0048651
v 0.0455082 0.0107918 0.0048651
v 0.0593773 0.0255690 -0.0051348
v 0.0461755 0.0327846 -0.0051348
v -0.0561341 -0.0091781 -0.0051348
v -0.0469461 -0.0264164 -0.0051348
v 0.0406422 0.0305128 0.0048651
v -0.0561341 -0.0091781 0.0048651
v 0.0478898 0.0334878 -0.0031295
v -0.0426447 -0.0344758 0.0048651
v 0.0524274 0.0273594 0.0048651
v 0.0579915 0.0295717 -0.0011655
v -0.0016737 0.0064105 0.0048091
v -0.0051436 -0.0018922 0.0048091
v 0.0004308 0.0003254 -0.0012214
v 0.0077812 -0.0053486 0.0048091
v 0.0132426 -0.0017354 0.0048091
v 0.0104811 -0.0035636 0.0007306
v 0.0066314 -0.0001938 0.0003223
v 0.0026174 -0.0028442 -0.0055987
v -0.0052668 -0.0080530 -0.0055987
v -0.0159022 -0.0150847 0.0044012
v 0.0039315 -0.0019788 0.0044012
v -0.0020330 -0.0003074 -0.0055987
v -0.0089933 0.0014830 0.0044012
v -0.0034189 0.0037006 -0.0016294
v 0.0048656 0.0057723 -0.0027717
v -0.0030699 0.0005256 -0.0027717
v 0.0009441 0.0031814 0.0031493
v -0.0054413 0.0085308 -0.0027717
v -0.0077203 0.0030678 -0.0027717
v -0.0091062 0.0070704 0.0011976
v 0.0087359 -0.0021843 0.0055002
v 0.0028022 0.0089311 0.0055002
v 0.0028022 0.0089311 -0.0044997
v 0.0087359 -0.0021843 -0.0044997
v 0.0014266 -0.0070145 0.0055002
v 0.0025764 -0.0062518 -0.0044997
v -0.0013452 -0.0088373 0.0014213
v -0.0036345 0.0062915 -0.0044997
v -0.0077203 -0.0034933 -0.0044997
v -0.0129353 0.0024782 0.0055002
v -0.0135000 0.0011368 0.0055002
v -0.0113852 -0.0049483 -0.0005308
v -0.0094244 0.0041333 -0.0042155
v -0.0129559 0.0026837 -0.0042155
v 0.0002563 -0.0045318 -0.0042155
v 0.0025353 0.0009312 -0.0042155
v -0.0112415 0.0033869 -0.0022098
v -0.0011296 -0.0005238 -0.0002462
v 0.0043421 -0.0009078 -0.0019673
v 0.0084279 0.0088716 -0.0019673
v -0.0076176 0.0022943 -0.0019673
v -0.0008730 0.0050583 0.0080326
v -0.0025874 0.0043551 0.0080326
v -0.0094347 0.0015479 0.0000381
v -0.0014273 0.0037169 0.0080326
v 0.0006772 -0.0023682 0.0020017
v 0.0206956 0.0098398 -0.0053980
v -0.0011193 -0.0045751 -0.0053980
v -0.0011193 -0.0045751 0.0046019
v 0.0107480 0.0032625 0.0046019
v -0.0105331 0.0130798 -0.0053980
v -0.0062317 0.0050258 0.0046019
v 0.0022273 0.0034194 0.0018163
v 0.0043318 -0.0026657 -0.0042143
v -0.0012425 -0.0048780 0.0018163
v -0.0057800 0.0012504 -0.0061779
v 0.0010673 0.0040576 0.0018163
v -0.0130277 -0.0017246 0.0018163
v -0.0046508 0.0056370 0.0131577
v -0.0059443 0.0046310 0.0114718
v -0.0027721 -0.0013189 0.0031581
v 0.0049478 -0.0021194 0.0031581
v -0.0007087 0.0052260 0.0131577
v 0.0029767 -0.0121098 0.0031581
v -0.0053797 0.0035654 0.0131577
v -0.0022075 -0.0023736 0.0131580
v -0.0041067 -0.0076852 0.0041920
v -0.0028132 -0.0066792 0.0058779
v 0.0011289 -0.0070902 0.0058779
v 0.0067854 -0.0144410 -0.0041220
v -0.0009346 -0.0136351 -0.0041220
v 0.0250997 0.0785173 -0.0041220
v 0.0205827 0.0766729 -0.0041220
v -0.0069093 -0.0024223 -0.0041220
v 0.0226461 0.0775167 -0.0009556
v 0.0064671 0.0200140 0.0058779
v -0.0703112 -0.1065177 0.0051903
v 0.1787282 0.0580336 0.0051903
v 0.1706284 0.0526787 -0.0048096
v -0.0791501 -0.1123594 -0.0048096
v 0.1873515 0.1250344 -0.0048096
v -0.1437839 -0.0107791 -0.0048096
v -0.1620982 -0.1037375 -0.0048096
v 0.1949277 0.1281445 0.0051903
v -0.1677547 -0.0963867 0.0051903
v -0.1624165 -0.0692824 0.0051903
v -0.1417924 -0.0099570 0.0051903
v -0.1462375 -0.0117798 -0.0016428
v 0.0440094 0.0024079 -0.0048127
v 0.0440094 0.0024079 0.0051872
v 0.0254076 0.0373065 0.0051872
v 0.0254076 0.0373065 -0.0048127
v -0.0395444 -0.0528013 0.0051872
v -0.0476442 -0.0581508 -0.0048127
v -0.0309211 0.0142048 -0.0048127
v -0.0233347 0.0173150 0.0051872
v -0.0298124 0.0102833 -0.0048360
v -0.0001441 -0.0453640 -0.0048360
v 0.0273581 0.0337312 -0.0048360
v 0.0132323 -0.0229277 0.0051639
v 0.0039520 -0.0496209 0.0051639
v 0.0020220 -0.0494207 0.0051639
v -0.0298124 0.0102833 0.0051639
v 0.0241347 0.0324114 0.0051639
v 0.0294113 0.0345750 -0.0016696
v 0.0026585 -0.0506269 0.0034780
v 0.0007593 0.0002822 0.0005062
v 0.0000407 -0.0017949 0.0005062
v -0.0011707 0.0004823 0.0005062
v -0.0005239 -0.0007239 -0.0011797
v -0.0109335 -0.0307544 -0.0039868
v -0.0109335 -0.0307544 0.0060131
v 0.0612355 0.0169363 0.0060131
v 0.0523966 0.0110947 -0.0039868
v -0.0305516 0.0197166 -0.0039868
v -0.0325226 0.0097262 -0.0039868
v -0.0377069 0.0194623 0.0060131
v -0.0362183 0.0270619 0.0060131
v 0.0061694 0.0062969 0.0024276
v -0.0144547 -0.0530285 0.0024276
v -0.0035524 0.0023105 0.0024276
v 0.0017243 0.0044741 -0.0044059
v -0.0071967 -0.0347192 -0.0036608
v 0.0184576 0.0192460 -0.0036608
v -0.0071967 0.0087256 -0.0036608
v -0.0071967 0.0087256 0.0063391
v -0.0071967 -0.0538236 0.0063391
v 0.0297296 0.0238760 0.0063391
v -0.0822093 0.0156869 -0.0060262
v -0.0822093 -0.0662913 -0.0060262
v -0.0375837 -0.1012061 -0.0060262
v -0.0373783 -0.1012061 -0.0060262
v 0.0657011 -0.0330965 -0.0060262
v 0.0822702 0.0261965 -0.0060262
v 0.0596956 0.0685378 -0.0060262
v -0.0122783 0.0878153 -0.0060262
v -0.0565652 0.0696520 -0.0060262
v -0.0822093 -0.0034176 0.0039733
v -0.0822093 -0.0571231 0.0039733
v 0.0635658 0.0612682 0.0039733
v 0.0830299 0.0247793 0.0039733
v 0.0578169 -0.0383053 0.0039733
v -0.0311470 -0.0970845 0.0039733
v -0.0452831 0.0742821 0.0039733
v -0.0033265 0.0914880 0.0039733
v -0.0373783 -0.1012061 -0.0058485
v -0.0015094 0.0922344 0.0022395
v 0.0670459 -0.0322040 -0.0043201
v 0.0585458 0.0706906 -0.0039370
v 0.0848572 0.0213501 0.0000691
v -0.0257061 0.0027000 -0.0054509
v 0.0243400 -0.0199095 -0.0054509
v 0.0054713 0.0154867 -0.0054509
v -0.0321222 0.0000658 0.0045490
v 0.0054713 0.0154867 0.0045490
v 0.0213218 -0.0142463 0.0045490
v -0.0343807 -0.0008591 0.0028153
v 0.0256643 -0.0223976 -0.0033616
v 0.0011905 -0.0035744 0.0060648
v -0.0146189 -0.0140191 0.0060648
v 0.0105940 0.0490601 0.0060648
v 0.0140741 0.0425261 0.0060648
v -0.0053899 -0.0079178 -0.0022289
v 0.0124213 0.0456309 0.0021602
v 0.0121031 -0.0143058 0.0060200
v -0.0547995 0.0159141 0.0060200
v -0.0507137 0.0175854 0.0060200
v 0.0027304 0.0032733 0.0060200
v -0.0529824 0.0166605 0.0042863
v 0.0070728 -0.0048780 -0.0018907
v -0.0134486 0.0239518 -0.0038853
v -0.0134486 -0.0109631 -0.0038853
v 0.0311668 -0.0109631 -0.0038853
v -0.0134486 0.0331145 0.0061146
v -0.0134486 -0.0109631 0.0061146
v 0.0376137 -0.0068414 0.0061146
v 0.0313721 -0.0109631 0.0061146
v 0.0313721 -0.0109631 -0.0037072
v -0.0197313 -0.0037042 -0.0062699
v 0.0522426 -0.0229818 -0.0062699
v 0.0497685 -0.0183355 -0.0062699
v -0.0002775 0.0042686 -0.0062699
v -0.0089522 0.0007149 0.0019963
v 0.0510928 -0.0208236 -0.0041806
v 0.0137148 -0.0035474 -0.0051613
v 0.0000920 0.0219991 -0.0051613
v -0.0186740 -0.0249452 -0.0051613
v 0.0137148 -0.0035474 0.0048386
v -0.0139927 -0.0218567 0.0048386
v -0.0011091 0.0242439 0.0048386
v -0.0205731 -0.0262001 -0.0034551
v -0.0027619 0.0273486 0.0009344
v 0.0038391 0.0012071 -0.0041105
v -0.0015916 0.0114084 -0.0041105
v -0.0181709 -0.0478846 -0.0041105
v -0.0149167 -0.0457372 -0.0041105
v -0.0168158 -0.0469921 -0.0024044
v 0.0009852 0.0065620 0.0019848
v 0.0077298 -0.0480252 -0.0043825
v 0.0077298 -0.0480252 0.0056174
v 0.0045679 -0.0422160 0.0056174
v 0.0045679 -0.0422160 -0.0043825
v 0.0078735 -0.0475006 0.0056174
v 0.0078735 -0.0475006 -0.0043825
v 0.0076785 -0.0479874 0.0056174
v 0.0060668 -0.0454235 0.0056174
v 0.0076785 -0.0479874 -0.0043825
v 0.0060668 -0.0454235 -0.0043825
v 0.0077298 -0.0480252 0.0056174
v 0.0077606 -0.0479495 0.0056174
v 0.0077298 -0.0480252 -0.0043825
v 0.0077606 -0.0479495 -0.0043825
v -0.0167029 0.0179154 0.0056174
v -0.0167029 0.0179154 -0.0043825
v 0.0145874 0.0229782 -0.0043825
v 0.0145874 0.0229782 0.0056174
v -0.0021459 -0.0038557 -0.0077244
v -0.0044352 0.0026080 -0.0077244
v -0.0044352 0.0026080 0.0022755
v 0.0010365 -0.0128508 0.0022755
v 0.0093210 0.0006770 0.0022755
v 0.0013137 0.0017967 -0.0077244
v 0.0025250 0.0058750 -0.0005871
v 0.0019912 0.0002605 0.0047586
v -0.0036755 -0.0041694 0.0047586
v -0.0108103 -0.0053215 0.0002036
v 0.0021041 0.0014451 -0.0052413
v 0.0016422 -0.0033094 -0.0052413
v 0.0016422 -0.0033094 0.0047586
v -0.0043120 -0.0042722 -0.0052413
v 0.0275019 0.0076870 0.0039365
v -0.0045481 0.0309780 0.0039365
v -0.0045481 0.0309780 -0.0060634
v 0.0168459 0.0154273 -0.0060634
v -0.0107179 -0.0213050 0.0039365
v -0.0094142 -0.0250101 -0.0001129
v -0.0122578 -0.0169778 -0.0060634
v -0.0282212 0.0281545 -0.0060634
v -0.0250388 0.0191648 0.0039365
v -0.0167542 0.0326872 0.0039365
v -0.0247513 0.0338123 -0.0060634
v 0.0256129 -0.0188493 -0.0014092
v 0.0260954 -0.0137595 0.0039365
v 0.0280152 0.0063240 0.0039365
v 0.0264445 -0.0100922 -0.0060634
v 0.0260749 -0.0139596 -0.0060634
v 0.0059025 -0.0297430 -0.0060634
v 0.0088488 -0.0291317 0.0039365
v 0.0089720 -0.0305813 0.0021522
v 0.0122776 -0.0300459 -0.0006185
v 0.0058614 -0.0310844 -0.0047154
v 0.0029049 -0.0315604 -0.0021898
v 0.0051120 0.0062374 0.0011777
v 0.0055843 0.0111271 -0.0034762
v 0.0046911 0.0018075 -0.0034762
v -0.0145984 -0.0046562 -0.0034762
v -0.0130585 -0.0057434 -0.0034762
v -0.0017148 -0.0039098 -0.0034762
v -0.0082233 -0.0049591 0.0019683
v -0.0146292 -0.0059976 -0.0021282
v 0.0012110 0.0049393 0.0020936
v 0.0031307 -0.0005021 -0.0038569
v -0.0016326 0.0129662 -0.0038569
v 0.0165277 0.0002010 -0.0038569
v 0.0081097 -0.0024926 -0.0038569
v 0.0143718 -0.0014811 -0.0038569
v 0.0164866 -0.0011350 -0.0025089
v 0.0135300 -0.0016164 0.0000166
v -0.0029159 -0.0020004 -0.0014750
v 0.0007798 -0.0014000 -0.0014750
v -0.0007703 -0.0003182 -0.0014750
v -0.0008011 -0.0016542 -0.0001267
v 0.0002357 0.0000766 -0.0000159
v 0.0002357 0.0000766 0.0099840
v -0.0003597 0.0005148 0.0099840
v -0.0110156 0.0082550 -0.0000159
v 0.0001434 -0.0008483 0.0099840
v -0.0014171 -0.0172645 -0.0000159
v 0.0033258 0.0008772 0.0024518
v 0.0038699 0.0064917 -0.0028943
v -0.0094655 -0.0047049 -0.0021036
v -0.0023307 -0.0035528 0.0024518
v 0.0043524 0.0115815 0.0024518
v -0.0102868 -0.0048401 0.0024518
v -0.0128943 -0.0037962 0.0024518
v -0.0127711 -0.0052404 0.0006674
v -0.0061496 0.0042469 0.0038354
v -0.0080796 0.0097100 -0.0002140
v -0.0093936 0.0134151 0.0038354
v 0.0081713 0.0037926 0.0038354
v -0.0029467 0.0019968 0.0038354
v 0.0101834 0.0055884 0.0038354
v 0.0103066 0.0041388 0.0020511
v 0.0042394 0.0031597 -0.0022906
v -0.0040554 0.0052097 0.0007180
v -0.0021254 -0.0002533 0.0047670
v -0.0012015 -0.0028767 0.0047670
v -0.0012015 -0.0028767 -0.0052325
v -0.0021357 -0.0002317 -0.0052325
v 0.0028433 -0.0022222 -0.0052325
v 0.0010775 -0.0025089 0.0047670
v 0.0082636 -0.0013459 -0.0013590
v 0.0004103 -0.0011133 0.0007126
v 0.0030281 -0.0021573 0.0007126
v -0.0016018 -0.0029037 0.0007126
v 0.0005335 -0.0025575 -0.0010713
v 0.0497685 0.0122738 0.0053370
v 0.0504768 0.0126525 0.0053370
v 0.0504768 0.0126525 -0.0046629
v 0.0497685 0.0122738 -0.0046629
v -0.0080899 -0.0114499 0.0053370
v -0.0103278 -0.0107467 0.0053370
v -0.0013247 0.0032246 0.0053370
v 0.0031718 -0.0068306 -0.0046629
v -0.0035010 0.0028298 -0.0046629
v -0.0063549 -0.0038286 -0.0046629
v -0.0073507 0.0021266 -0.0001178
v -0.0119293 -0.0066359 0.0009218
v -0.0119396 -0.0066034 0.0009501
v -0.0118164 -0.0070361 0.0013662
v -0.0001852 0.0018778 0.0028314
v 0.0104811 0.0038196 0.0028314
v 0.0014677 -0.0101517 0.0028314
v 0.0010468 -0.0100219 0.0028314
v -0.0015505 -0.0012864 0.0028314
v 0.0044447 0.0027216 -0.0026235
v -0.0000106 -0.0064412 -0.0011395
v -0.0001441 -0.0060139 -0.0015555
v 0.0020323 -0.0023628 0.0084234
v -0.0001236 -0.0032445 0.0084234
v -0.0004726 -0.0020653 0.0084234
v -0.0002057 -0.0016596 0.0084234
v 0.0132939 0.0022564 -0.0015766
v 0.0001536 -0.0031309 -0.0015766
v -0.0001236 -0.0032445 -0.0012827
v 0.0037569 0.0052584 -0.0015766
v -0.0018174 0.0024512 0.0040082
v -0.0016942 0.0020509 0.0044525
v 0.0016114 -0.0013297 -0.0058661
v 0.0014471 -0.0007888 -0.0058661
v 0.0018680 -0.0009240 -0.0058661
v 0.0003897 0.0027865 -0.0098366
v -0.0017353 -0.0019625 0.0052493
v -0.0025566 0.0008068 0.0052493
v -0.0003699 0.0012017 0.0052493
v -0.0020638 -0.0008645 -0.0047506
v -0.0007703 0.0011314 -0.0047506
v -0.0025566 0.0008068 -0.0047506
v 0.0042600 0.0020455 -0.0002052
v -0.0003289 -0.0066846 0.0008628
v -0.0013452 -0.0016164 0.0029524
v -0.0028337 0.0034140 -0.0026323
v 0.0042292 0.0011855 -0.0026323
v 0.0003487 -0.0073174 -0.0023385
v 0.0006259 -0.0072038 -0.0026323
v 0.0003487 -0.0073174 -0.0026323
v -0.0044968 -0.0011837 -0.0021584
v -0.0030083 -0.0062140 0.0034263
v 0.0025764 -0.0034067 -0.0021584
v 0.0054303 0.0032517 -0.0021584
v -0.0034600 0.0016344 -0.0021584
v -0.0047432 -0.0003615 -0.0021584
v 0.0015703 0.0025485 0.0023866
v -0.0030185 -0.0061815 0.0034546
v -0.0527771 -0.0377103 0.0049991
v -0.0527771 -0.0377103 -0.0050008
v -0.0649524 0.0032787 -0.0050008
v -0.0649524 0.0032787 0.0049991
v 0.0755461 0.0149242 0.0049991
v 0.0716142 0.0281437 0.0049991
v 0.0755461 0.0149242 -0.0050008
v 0.0716142 0.0281437 -0.0050008
v -0.0019406 -0.0081450 0.0027414
v -0.0040246 -0.0010971 0.0027414
v 0.0160760 0.0300801 0.0027414
v 0.0206545 0.0309131 0.0027414
v 0.0189093 0.0305940 0.0001848
v -0.0027721 -0.0053161 -0.0013203
v -0.0261578 -0.0229168 0.0059618
v -0.0022486 0.0335635 0.0059618
v 0.0008004 0.0341206 0.0059618
v 0.0129757 -0.0068685 0.0059618
v 0.0022787 0.0291714 -0.0040377
v 0.0129757 -0.0068685 -0.0040377
v 0.0008004 0.0341206 0.0015481
v -0.0184378 -0.0197526 -0.0040377
v -0.0896008 -0.0175728 0.0044253
v -0.0670056 0.0214799 0.0044253
v 0.1023605 0.0523109 0.0044253
v 0.0784513 -0.0041694 0.0044253
v -0.0489685 -0.0564362 0.0044253
v -0.0822607 -0.0422701 0.0044253
v 0.1054094 0.0528681 0.0000113
v 0.1054094 0.0528681 -0.0055746
v 0.1068877 0.0479189 -0.0055746
v 0.0861712 -0.0010052 -0.0055746
v -0.0412383 -0.0532611 -0.0055746
v -0.0605073 0.0226644 -0.0055746
v -0.0886050 -0.0209047 -0.0055746
v -0.0844576 -0.0348706 -0.0055746
v -0.0687508 0.0211607 0.0018687
v -0.0904323 -0.0147439 0.0003637
v -0.0024847 -0.0197364 0.0057974
v -0.0102457 0.0063727 0.0057974
v 0.0176158 0.0114463 0.0057974
v -0.0102457 0.0063727 -0.0042025
v -0.0024642 -0.0198121 -0.0042025
v 0.0153779 0.0110352 -0.0042025
v 0.0204492 0.0119601 0.0032409
v -0.0012323 -0.0239500 0.0017358
v -0.0128532 0.0139344 0.0041365
v 0.0204390 -0.0002371 0.0041365
v -0.0054823 -0.0108657 0.0041365
v 0.0281691 0.0029380 -0.0058634
v -0.0054823 -0.0108657 -0.0058634
v -0.0150501 0.0213284 -0.0058634
v -0.0149269 -0.0254050 -0.0051007
v -0.0118677 -0.0357036 -0.0051007
v 0.0162300 0.0078655 -0.0051007
v 0.0029151 0.0054423 -0.0051007
v 0.0079865 0.0063618 0.0023426
v -0.0136950 -0.0295428 0.0008375
v -0.1721074 -0.1343576 -0.0048475
v -0.1721074 -0.1343576 0.0051524
v -0.1721074 0.0387885 0.0051524
v -0.1721074 0.0387885 -0.0048475
v 0.2050806 0.0203440 0.0051524
v 0.2050806 0.0203440 -0.0048475
v 0.1805350 0.1029874 -0.0048475
v 0.1805350 0.1029874 0.0051524
v 0.0135916 0.0495470 0.0054224
v 0.0135916 0.0495470 -0.0045775
v -0.0145984 -0.0139163 -0.0045775
v 0.0068880 -0.0196552 -0.0045775
v 0.0068880 -0.0196552 0.0054224
v -0.0145984 -0.0139163 0.0054224
v 0.0081815 0.0239734 -0.0046204
v -0.0015094 0.0265589 -0.0046204
v -0.0040964 0.0251147 -0.0046204
v -0.0189614 -0.0083613 -0.0046204
v -0.0116316 -0.0190440 -0.0046204
v 0.0140125 -0.0224300 -0.0046204
v 0.0168767 0.0072056 -0.0046204
v -0.0226468 -0.0175890 0.0053795
v 0.0140125 -0.0224300 0.0053795
v -0.0079153 0.0165090 0.0053795
v 0.0063131 0.0244710 0.0053795
v 0.0086537 0.0238436 0.0053795
v 0.0169588 0.0080548 0.0053795
v -0.0228932 -0.0172266 0.0053795
v 0.0175542 0.0142048 0.0002897
v 0.0131399 0.0226482 0.0002526
v -0.0003391 -0.0135972 -0.0024155
v 0.0009133 -0.0006698 -0.0024155
v 0.0001844 0.0007041 -0.0024155
v -0.0090446 0.0031651 -0.0024155
v 0.0003384 -0.0066034 0.0024943
v -0.0040759 0.0018400 0.0024575
v -0.0010680 -0.0010971 -0.0012873
v 0.0103374 -0.0026008 -0.0012873
v 0.0030075 0.0080819 -0.0012873
v -0.0010680 -0.0010971 0.0087122
v -0.0006779 -0.0011458 0.0087122
v -0.0009243 -0.0007780 0.0087122
v -0.0006882 0.0003958 -0.0104748
v -0.0015402 -0.0015136 -0.0104748
v 0.0010468 -0.0000694 -0.0104748
v -0.0006882 0.0003958 -0.0004749
v 0.0088693 -0.0021573 -0.0004749
v -0.0053591 -0.0101193 -0.0004749
v 0.0000407 -0.0127426 0.0021710
v -0.0082746 0.0030516 0.0021710
v 0.0013137 0.0004931 0.0021710
v 0.0013137 0.0004931 0.0020518
v 0.0006361 -0.0065926 -0.0029188
v -0.0037782 0.0018508 -0.0029556
v 0.0026174 -0.0008862 -0.0052000
v 0.0027304 0.0002659 -0.0052000
v 0.0018886 0.0004877 -0.0052000
v 0.0027304 0.0002659 0.0046808
v 0.0020425 -0.0068198 -0.0002898
v -0.0023718 0.0016236 -0.0003266
v 0.0497274 0.0020455 0.0055473
v 0.0497480 0.0009258 0.0055473
v -0.0084081 -0.0073390 0.0055473
v -0.0081925 0.0072651 0.0055473
v -0.0084081 -0.0073390 -0.0044522
v 0.0437424 0.0000712 -0.0044522
v 0.0437116 0.0025864 -0.0044522
v -0.0006471 0.0065836 -0.0044522
v -0.0083362 -0.0023141 -0.0044522
v -0.0081925 0.0072651 0.0037189
v 0.0071755 -0.0004480 0.0108125
v 0.0071549 0.0006716 0.0108125
v 0.0119902 0.0002335 0.0108125
v 0.0119902 0.0002335 0.0008126
v 0.0011391 0.0012125 0.0008126
v 0.0011802 -0.0013027 0.0008126
v -0.0004315 -0.0006265 -0.0000998
v -0.0005753 -0.0102004 -0.0000998
v 0.0071139 -0.0013081 -0.0000998
v -0.0004315 -0.0006265 0.0080717
v -0.1745918 0.0137018 -0.0044185
v -0.0331899 -0.0295050 -0.0044185
v -0.0048356 -0.0377266 -0.0044185
v 0.0015908 -0.0394358 -0.0044185
v 0.1046703 -0.0293481 -0.0044185
v 0.2065076 -0.0148737 -0.0044185
v 0.2067232 -0.0002750 -0.0044185
v -0.1914996 0.0356081 -0.0044185
v -0.1940250 0.0198842 -0.0044185
v -0.0331899 -0.0295050 0.0055814
v -0.1745918 0.0137072 0.0055814
v 0.2067232 -0.0002750 0.0055814
v 0.2065076 -0.0148737 0.0010153
v 0.2065692 -0.0110875 0.0055814
v -0.0048356 -0.0377266 -0.0015949
v -0.0201522 -0.0332858 0.0055814
v -0.1948874 0.0359110 0.0055814
v -0.1967866 0.0360841 0.0026827
v -0.1983059 0.0212473 0.0015343
v -0.1956881 0.0204143 0.0055814
v -0.0032444 0.0072814 -0.0033501
v -0.0039733 -0.0067495 -0.0033501
v 0.0041573 -0.0093350 -0.0033501
v 0.0066827 0.0063835 -0.0033501
v 0.0013958 0.0068595 0.0037511
v -0.0001133 -0.0079773 0.0026027
v -0.0439485 -0.0015569 -0.0076328
v -0.0327792 -0.0045264 -0.0076328
v 0.0591310 0.0085362 -0.0076328
v 0.1609682 0.0230052 0.0023671
v 0.1609682 0.0230052 -0.0021994
v -0.0327792 -0.0045264 0.0023671
v -0.0503852 0.0001524 -0.0048092
v -0.0503852 0.0001524 0.0023671
v -0.0657018 0.0045985 0.0023671
v 0.1610196 0.0267915 0.0023671
v 0.0063747 -0.0085290 -0.0041921
v 0.0070933 0.0055018 -0.0041921
v -0.0554668 0.0111379 -0.0041921
v 0.0117438 0.0050799 0.0029091
v 0.0095879 0.0052746 0.0058078
v -0.0554668 0.0111379 0.0058078
v 0.0073192 -0.0088319 0.0058078
v 0.0102244 -0.0097569 0.0017607
v 0.0039725 0.0153353 0.0040403
v -0.0000825 0.0157031 0.0040403
v 0.0020733 0.0155084 0.0011413
v 0.0005540 0.0006716 -0.0000071
v -0.0023512 0.0015965 0.0040403
v 0.0031718 -0.0001614 0.0040403
v -0.0025052 -0.0038719 0.0038400
v -0.0015197 -0.0044723 0.0040327
v -0.0033470 -0.0063005 0.0073140
v -0.0042915 -0.0066142 0.0082364
v -0.0023512 -0.0053107 0.0017335
v -0.0046303 -0.0075825 0.0006414
v -0.0046303 -0.0075825 0.0083307
v -0.0048869 -0.0077988 0.0005008
v -0.0048869 -0.0077988 0.0085486
v -0.0047740 -0.0073499 0.0085490
v -0.0047740 -0.0073499 0.0004307
v -0.0033368 -0.0051430 0.0008433
v -0.0002467 -0.0039530 0.0014669
v -0.0010577 -0.0026441 0.0003031
v -0.0001441 -0.0012432 -0.0019431
v 0.0016524 -0.0020599 -0.0019431
v -0.0019098 -0.0056244 0.0006667
v -0.0028543 -0.0065656 -0.0019431
v -0.0033778 -0.0061869 -0.0019431
v -0.0028953 -0.0054567 -0.0002236
v -0.0032649 -0.0046833 0.0017596
v -0.0033778 -0.0051376 0.0017596
v -0.0031109 -0.0049212 0.0017596
v -0.0017866 -0.0035906 0.0017596
v -0.0022999 -0.0032120 0.0017596
v -0.0008422 -0.0026441 0.0043694
v -0.0031109 -0.0049212 0.0032773
v -0.0033778 -0.0051376 0.0031367
v -0.0018277 -0.0024818 0.0034791
v -0.0032649 -0.0046833 0.0030666
v -0.0019714 -0.0051484 -0.0015268
v -0.0011604 -0.0064628 -0.0003634
v 0.0007388 -0.0045643 -0.0037734
v -0.0010577 -0.0037475 -0.0037734
v 0.0009441 -0.0043587 0.0006452
v 0.0065185 0.0012179 -0.0037734
v 0.0086024 0.0096018 -0.0037734
v 0.0043934 0.0046039 -0.0037734
v 0.0043934 0.0046039 -0.0006434
v 0.0033874 0.0030678 0.0000120
v -0.0031725 -0.0092051 -0.0054283
v -0.0031725 -0.0092051 0.0045716
v 0.0104092 0.0067026 0.0045716
v 0.0104092 0.0067026 -0.0054283
v 0.0053892 0.0110298 0.0045716
v 0.0053892 0.0110298 -0.0054283
v -0.0309314 -0.0369585 -0.0010096
v -0.0193104 -0.0253347 0.0045716
v -0.0253570 -0.0313819 -0.0054283
v -0.0232731 -0.0229926 -0.0054283
v -0.0130996 -0.0109144 0.0045716
v -0.0284881 -0.0295320 -0.0016432
v -0.0274821 -0.0279959 -0.0022986
v -0.0274821 -0.0279959 -0.0013551
v -0.0007190 -0.0003669 -0.0029954
v 0.0001126 0.0004661 -0.0006959
v 0.0009441 0.0012991 -0.0021948
v 0.0001331 0.0026080 -0.0033586
v -0.0008730 0.0010665 -0.0008889
v -0.0017045 -0.0002046 -0.0038853
v 0.0001228 -0.0021140 0.0015267
v -0.0012117 -0.0034446 -0.0021389
v -0.0035524 -0.0057867 -0.0002829
v -0.0045584 -0.0067927 0.0015267
v -0.0048664 -0.0066521 0.0015267
v -0.0012425 -0.0011133 0.0015267
v -0.0019509 -0.0021951 -0.0010242
v -0.0045071 -0.0061004 0.0006395
v -0.0042196 -0.0099029 0.0003208
v 0.0084895 0.0028136 0.0003208
v -0.0031315 -0.0088157 -0.0052605
v -0.0055542 -0.0112335 -0.0033448
v 0.0003179 0.0001524 0.0003208
v 0.0147003 0.0172284 0.0003208
v -0.0055953 -0.0088968 0.0003208
v -0.0006882 -0.0013892 -0.0058937
v 0.0003179 0.0001524 -0.0056056
v -0.0063036 -0.0099840 -0.0022301
v -0.0017764 -0.0013513 -0.0023155
v -0.0015094 -0.0010701 -0.0023155
v -0.0004931 -0.0000640 -0.0041251
v -0.0017764 -0.0013513 -0.0031084
v -0.0018072 -0.0009348 -0.0023155
v -0.0020433 -0.0015677 -0.0023155
v -0.0019303 -0.0011133 -0.0023155
v -0.0020433 -0.0015677 -0.0028905
v -0.0019303 -0.0011133 -0.0028901
v -0.0014479 -0.0003777 -0.0032027
v -0.0031315 -0.0031471 0.0045701
v -0.0013041 -0.0013189 0.0012888
v -0.0022897 -0.0007185 0.0010961
v -0.0040759 -0.0034608 0.0054925
v -0.0007806 -0.0008050 0.0027142
v -0.0015300 0.0004444 0.0038289
v 0.0021965 0.0058318 0.0000794
v 0.0000920 0.0037277 -0.0009288
v -0.0007395 0.0028947 0.0005698
v -0.0002262 0.0034140 0.0019955
v 0.0046398 0.0132583 -0.0005538
v -0.0009654 0.0046580 0.0031099
v -0.0017250 0.0035005 0.0003771
v -0.0007190 0.0050421 -0.0020925
v 0.0035619 0.0033923 0.0029536
v -0.0008319 0.0031597 0.0029536
v -0.0019817 0.0017967 0.0008812
v 0.0009441 -0.0000532 -0.0022868
v 0.0017551 -0.0040558 -0.0012100
v 0.0017551 -0.0040558 0.0029536
v 0.0038493 -0.0016001 0.0029536
v -0.0032546 0.0002768 0.0029536
v -0.0032546 0.0002768 0.0027375
v 0.0013137 -0.0036718 -0.0019983
v 0.0031102 0.0013856 0.0024889
v 0.0004924 -0.0020545 -0.0027514
v -0.0024334 -0.0002100 0.0004169
v -0.0012836 0.0011584 0.0024889
v 0.0028433 0.0060535 0.0024889
v 0.0000202 0.0026946 -0.0031303
v 0.0030794 0.0006229 -0.0008242
v 0.0030794 0.0006229 0.0091753
v 0.0014266 0.0010016 0.0091753
v -0.0046097 0.0023971 0.0005648
v -0.0046097 0.0023971 -0.0008242
v -0.0030493 -0.0065439 -0.0008242
v 0.0019091 -0.0007401 0.0091753
v -0.0052975 0.0015803 -0.0008242
v 0.0018475 -0.0022979 0.0031926
v 0.0063131 0.0029434 0.0031926
v 0.0016832 -0.0024818 -0.0050245
v -0.0002570 -0.0047482 -0.0022216
v -0.0002570 -0.0047482 -0.0009709
v 0.0015498 0.0026946 0.0031926
v -0.0006984 -0.0043641 -0.0017593
v -0.0010680 -0.0007455 -0.0020477
v 0.0053789 0.0121602 0.0054642
v 0.0053789 0.0121602 -0.0031464
v 0.0114153 0.0107701 0.0054642
v -0.0174215 -0.0253022 0.0054642
v 0.0118978 0.0090285 0.0054642
v 0.0069394 0.0032246 -0.0045357
v -0.0208298 -0.0292832 -0.0045357
v -0.0220617 -0.0307274 -0.0027529
v 0.0046911 0.0113489 -0.0045357
v -0.0222670 -0.0206505 -0.0045357
v -0.0224621 -0.0208831 0.0054642
v -0.0221951 -0.0255510 0.0054642
v -0.0252852 -0.0242420 -0.0001550
v -0.0248027 -0.0289911 0.0002239
v 0.0044755 -0.0038881 -0.0020872
v 0.0057074 -0.0024439 -0.0038696
v 0.0034695 -0.0050619 -0.0038696
v 0.0042702 0.0061833 -0.0038696
v -0.0009551 -0.0000207 -0.0038696
v -0.0007703 -0.0033040 -0.0038696
v 0.0013958 -0.0051701 -0.0038696
v 0.0012418 0.0025972 0.0005112
v 0.0002050 -0.0041478 -0.0021469
v 0.0017243 -0.0021519 0.0008900
v 0.0019604 0.0008014 -0.0015520
v 0.0009544 -0.0003723 -0.0033344
v 0.0000202 -0.0014649 -0.0033344
v 0.0000202 -0.0014649 0.0012512
v -0.0011193 -0.0004805 -0.0033344
v -0.0023102 0.0005418 -0.0016118
v -0.0004213 -0.0010809 0.0017136
v -0.0007908 0.0025377 0.0014251
v -0.0012631 0.0027703 -0.0058106
v -0.0027927 0.0009583 -0.0058106
v -0.0010783 -0.0005184 -0.0058106
v 0.0009338 0.0053828 -0.0014298
v -0.0015094 0.0024782 0.0021170
v -0.0027927 0.0009583 -0.0001872
v -0.0001030 -0.0013622 -0.0040879
v 0.0014163 0.0006338 -0.0010514
v -0.0013965 0.0002551 0.0027812
v -0.0026798 -0.0012648 0.0046375
v -0.0026798 -0.0012648 0.0004771
v 0.0018988 -0.0052079 -0.0000983
v 0.0000099 -0.0035852 -0.0034237
v 0.0015292 -0.0015893 -0.0003871
v 0.0011083 0.0354674 0.0055262
v 0.0184987 -0.0206289 0.0055262
v -0.0192899 -0.0184112 0.0055262
v -0.0208093 -0.0166857 0.0055262
v -0.0057698 0.0363653 0.0055262
v -0.0188382 -0.0097406 -0.0044737
v -0.0107898 -0.0189088 -0.0044737
v 0.0184987 -0.0206289 -0.0044737
v -0.0008524 0.0417743 -0.0044737
v -0.0041170 0.0422016 -0.0044737
v -0.0028235 -0.0008916 0.0004533
v 0.0003384 0.0102347 0.0004533
v 0.0040546 -0.0017841 0.0004533
v -0.0011604 0.0049447 -0.0095466
v 0.0021041 0.0045228 -0.0095466
v 0.0003384 0.0102347 -0.0095466
v -0.0008216 -0.0014866 0.0096607
v -0.0003699 0.0001253 0.0096607
v 0.0011494 -0.0016001 0.0096607
v 0.0016011 0.0070704 -0.0003393
v -0.0008216 -0.0014866 -0.0003393
v 0.0096495 -0.0020978 -0.0003393
v 0.0004513 -0.0033743 0.0025027
v 0.0004513 -0.0033743 -0.0074972
v -0.0053283 -0.0050132 -0.0074972
v -0.0053283 -0.0050132 0.0025027
v 0.0072371 0.0012179 0.0025027
v -0.0014786 0.0085903 0.0025027
v 0.0020015 -0.0023304 -0.0074972
v -0.0033060 0.0021537 -0.0074972
v 0.0014984 -0.0053540 0.0080177
v 0.0035311 -0.0000315 0.0061365
v 0.0054097 0.0025161 0.0061365
v 0.0033155 -0.0017029 0.0061365
v -0.0015505 -0.0048726 0.0025786
v 0.0022479 -0.0028550 -0.0023829
v 0.0028022 0.0024187 -0.0022029
v -0.0005855 0.0026188 0.0025786
v 0.0071755 -0.0065710 0.0025786
v 0.0048349 -0.0112822 0.0025786
v 0.0074218 0.0021483 0.0025786
v 0.0077093 0.0012017 0.0025786
v 0.0054097 -0.0101355 0.0011198
v 0.0074218 0.0021483 0.0022349
v 0.0008928 -0.0034825 -0.0093796
v -0.0011399 -0.0087995 -0.0074984
v 0.0027714 -0.0009294 -0.0093796
v 0.0020528 0.0055505 -0.0093796
v -0.0018072 0.0035005 -0.0043415
v -0.0036139 -0.0137757 -0.0049314
v 0.0013547 -0.0037854 -0.0008384
v 0.0046809 0.0029163 -0.0093796
v 0.0005745 -0.0054730 -0.0020807
v -0.0032238 -0.0074959 0.0028812
v -0.0022589 0.0000009 0.0028812
v 0.0011289 -0.0001992 -0.0019006
v -0.0017866 -0.0000315 -0.0047001
v -0.0112209 0.0005256 0.0028812
v 0.0240217 0.0273378 -0.0025576
v 0.0263829 0.0218910 0.0000618
v 0.0225845 0.0198734 0.0050237
v 0.0145874 0.0278895 0.0050237
v -0.0150604 -0.0331019 0.0050237
v -0.0237761 -0.0257295 0.0050237
v -0.0126274 0.0136261 0.0050237
v 0.0027714 0.0285818 0.0050237
v 0.0192378 -0.0061491 0.0050237
v 0.0164353 -0.0117906 0.0050237
v 0.0245864 0.0046147 -0.0005277
v 0.0235290 0.0024944 -0.0013969
v 0.0164353 -0.0117906 0.0020189
v 0.0023505 -0.0213212 -0.0049763
v -0.0202960 -0.0366448 -0.0049763
v -0.0087777 0.0271917 -0.0049763
v -0.0256034 -0.0321662 -0.0049763
v 0.0197717 0.0022997 -0.0049763
v 0.0215066 0.0274838 -0.0049763
v -0.0067656 0.0291444 -0.0049763
v 0.0016216 0.0013369 0.0005598
v -0.0015300 0.0086228 -0.0029433
v -0.0033368 -0.0086534 -0.0035332
v 0.0010570 0.0001956 0.0020185
v -0.0086853 -0.0194227 0.0020185
v -0.0053386 0.0065998 0.0020185
v 0.0002357 -0.0088427 0.0041575
v 0.0035619 -0.0021465 -0.0043833
v 0.0009338 0.0004877 -0.0043833
v -0.0029261 -0.0015623 0.0006548
v 0.0025456 0.0024944 0.0056163
v 0.0038185 -0.0016272 0.0056163
v 0.0020015 -0.0052782 0.0056163
v 0.0038185 -0.0016272 -0.0043833
v 0.0013239 0.0034951 -0.0043833
v 0.0022479 0.0034410 -0.0043833
v 0.0022479 0.0034410 0.0052726
v -0.0023718 0.0037114 0.0008348
v 0.0012726 0.0040630 0.0005108
v -0.0014889 -0.0014811 0.0005108
v -0.0014889 -0.0014811 0.0075059
v 0.0056151 0.0128039 0.0040897
v -0.0155737 -0.0110117 0.0005108
v 0.0018578 0.0126092 0.0005108
v -0.0003905 -0.0031147 -0.0029188
v -0.0024128 -0.0084371 -0.0010376
v -0.0048869 -0.0134133 0.0015293
v -0.0030801 0.0038629 0.0021193
v 0.0007798 0.0059129 -0.0029188
v -0.0059443 -0.0155390 0.0006602
v -0.0024334 0.0091312 -0.0029188
v -0.0079667 0.0094558 -0.0029188
v -0.0096913 -0.0157338 -0.0029188
v -0.0054413 0.0093097 -0.0005005
v -0.0053591 -0.0155607 0.0003177
v -0.0009448 0.0000388 0.0003177
v 0.0100294 -0.0006049 0.0003177
v 0.0004924 -0.0000424 -0.0096822
v -0.0009448 0.0000388 -0.0096822
v -0.0015197 -0.0019950 -0.0096822
v 0.0084074 0.0108296 -0.0023048
v -0.0012733 -0.0086588 -0.0023048
v 0.0030691 0.0000820 0.0012746
v 0.0066006 0.0071786 -0.0004231
v 0.0086230 0.0125010 -0.0023048
v -0.0006882 -0.0001127 -0.0023048
v -0.0003186 -0.0063817 0.0015596
v -0.0026798 -0.0009348 -0.0010602
v 0.0002357 -0.0011079 0.0017396
v 0.0039315 -0.0013243 -0.0034785
v 0.0003281 -0.0011133 -0.0034785
v 0.0035414 -0.0043317 -0.0034785
v -0.0002159 -0.0008050 0.0008816
v 0.0003076 -0.0005670 0.0003759
v -0.0003186 -0.0003615 0.0003809
v -0.0002365 -0.0006806 0.0009930
v 0.0000920 -0.0000965 0.0009318
v -0.0003391 -0.0003020 0.0004564
v 0.0000510 -0.0111470 0.0024590
v -0.0039014 -0.0130509 -0.0019366
v -0.0049280 -0.0108549 0.0006544
v -0.0052770 -0.0094377 0.0024590
v -0.0054105 -0.0088698 0.0024590
v -0.0024026 -0.0026387 0.0024590
v 0.0062105 -0.0014108 0.0024590
v 0.0023916 -0.0019571 -0.0030885
v -0.0002878 -0.0008050 0.0042828
v 0.0004924 -0.0039530 0.0087007
v 0.0000920 -0.0002100 0.0042828
v -0.0004829 -0.0000207 0.0042828
v 0.0443687 0.0113110 -0.0039577
v 0.0443687 0.0113110 0.0060422
v 0.0420896 0.0111920 0.0060422
v 0.0420896 0.0111920 -0.0039577
v 0.0479514 0.0110893 -0.0039577
v 0.0479514 0.0110893 0.0060422
v -0.0075868 0.0041333 -0.0039577
v -0.0122989 -0.0055920 -0.0039577
v -0.0002673 -0.0095946 -0.0039577
v -0.0055850 -0.0118772 0.0009957
v -0.0007190 -0.0097893 0.0060422
v -0.0137771 -0.0056028 0.0060422
v -0.0076176 0.0041333 0.0060422
v -0.0114365 0.0035870 0.0004947
v -0.0175139 -0.0079827 0.0010907
v -0.0177295 -0.0075067 0.0016466
v -0.0045892 0.0026459 -0.0012751
v -0.0049280 0.0020563 -0.0012138
v -0.0048972 0.0019319 -0.0013253
v -0.0043736 0.0021699 -0.0018309
v 0.0021555 -0.0040450 0.0031206
v 0.0124213 0.0003633 0.0031206
v 0.0075553 -0.0017246 -0.0019259
v -0.0039219 -0.0020220 0.0031206
v -0.0041683 -0.0010322 0.0031206
v -0.0006368 0.0045498 0.0031206
v -0.0018277 0.0012071 -0.0004174
v -0.0008011 -0.0009889 -0.0030084
v 0.0031513 0.0009150 0.0013868
v -0.0021767 0.0026242 0.0013868
v -0.0003802 -0.0046616 0.0013868
v -0.0011399 -0.0015785 -0.0029475
v -0.0053489 0.0023971 0.0045667
v -0.0009551 0.0030245 0.0045667
v -0.0039630 -0.0032066 0.0045667
v -0.0034086 -0.0033526 -0.0054332
v 0.0007798 0.0032679 -0.0054332
v -0.0053489 0.0023971 -0.0054332
v -0.0039733 -0.0031633 -0.0054332
v 0.0038493 0.0037060 -0.0009809
v -0.0034805 -0.0051971 0.0027620
v -0.0028851 -0.0075987 -0.0003048
v -0.0030083 -0.0070956 -0.0010154
v -0.0024539 -0.0073931 0.0001710
v -0.0004213 -0.0039476 0.0048574
v 0.0046193 -0.0017841 0.0048574
v 0.0100294 0.0005364 -0.0001891
v 0.0052558 -0.0015136 -0.0051425
v -0.0004213 -0.0039476 -0.0051425
v -0.0014479 0.0002335 0.0048574
v -0.0009140 -0.0019247 -0.0051425
v 0.0000920 0.0001469 -0.0051425
v -0.0024231 0.0041928 0.0004116
v -0.0018995 0.0044308 -0.0000941
v 0.0044653 0.0010016 -0.0026445
v 0.0012315 -0.0056677 -0.0026445
v -0.0007600 -0.0013838 0.0024039
v -0.0015300 -0.0006103 0.0017734
v -0.0022999 0.0025323 -0.0026445
v -0.0019303 0.0031273 -0.0026445
v -0.0004110 -0.0051376 -0.0026445
v -0.0013863 -0.0011782 0.0024089
v -0.0034086 -0.0067441 0.0043062
v -0.0031828 -0.0072146 0.0037500
v -0.0038193 -0.0070091 0.0037553
v -0.0038398 -0.0069496 0.0038304
v 0.0020323 -0.0048293 -0.0012981
v 0.0067443 0.0049014 -0.0012981
v -0.0001749 0.0039224 -0.0012981
v -0.0043634 -0.0026982 -0.0012981
v 0.0028946 0.0043551 0.0031539
v -0.0039630 -0.0064412 0.0031198
v -0.0039322 -0.0016056 -0.0019512
v -0.0007087 0.0050637 -0.0019512
v -0.0059238 0.0026783 0.0030968
v 0.0012315 -0.0032661 -0.0019512
v 0.0060052 -0.0012161 0.0030022
v 0.0113126 0.0010611 -0.0019512
v -0.0008319 0.0019265 0.0106294
v -0.0013555 0.0016885 0.0111351
v -0.0014581 0.0021374 0.0106344
v 0.0011597 -0.0023520 0.0055810
v -0.0004829 -0.0018273 0.0055810
v 0.0001536 -0.0044290 0.0055810
v -0.0047124 0.0008339 0.0028850
v -0.0051333 0.0006283 0.0024092
v -0.0050409 0.0002443 0.0029459
v -0.0057287 0.0030299 0.0054761
v 0.0041265 0.0015857 0.0008858
v -0.0078024 0.0041496 -0.0055056
v -0.0036345 0.0007636 -0.0057431
v 0.0027406 -0.0010430 -0.0027537
v 0.0028946 -0.0010755 -0.0026691
v 0.0059230 0.0002281 0.0008858
v 0.0027406 -0.0010430 0.0008858
v 0.0028946 -0.0010755 0.0008858
v -0.0077716 0.0019319 -0.0030196
v -0.0013863 0.0001253 0.0008858
v 0.0169691 -0.0088265 -0.0048307
v 0.0236932 -0.0102761 -0.0012222
v -0.0033881 0.0117870 0.0003235
v -0.0077922 0.0099155 -0.0048307
v 0.0137661 -0.0096757 -0.0048307
v -0.0079872 0.0096126 -0.0048307
v -0.0045071 -0.0044993 -0.0048307
v 0.0178006 -0.0108170 0.0051692
v 0.0237240 -0.0124938 0.0012639
v -0.0045071 -0.0044993 0.0051692
v -0.0062317 0.0024890 0.0051692
v -0.0031725 0.0073246 0.0051692
v 0.0002050 -0.0009511 0.0082104
v -0.0028235 -0.0022492 0.0046555
v -0.0029672 -0.0022222 0.0045709
v -0.0093526 -0.0004156 0.0015814
v -0.0135102 0.0029758 0.0018189
v -0.0015916 0.0004066 0.0082104
v -0.0029672 -0.0022222 -0.0017895
v -0.0028235 -0.0022492 -0.0017895
v 0.0560204 0.0229890 -0.0017895
v 0.0574166 0.0250065 -0.0017895
v -0.0135513 0.0061942 -0.0017895
v -0.0042402 -0.0018652 -0.0017895
v 0.0113947 0.0038467 0.0082104
v 0.0580325 0.0238544 -0.0003232
v 0.0234571 -0.0195957 -0.0027173
v 0.0167330 -0.0181461 -0.0063258
v -0.0080283 0.0005959 -0.0063258
v -0.0036242 0.0024674 -0.0011713
v 0.0234161 -0.0163720 -0.0063258
v -0.0038501 0.0072110 -0.0063258
v -0.0209016 -0.0109631 -0.0045587
v -0.0122886 -0.0086805 -0.0045587
v 0.0039931 -0.0016975 -0.0045587
v -0.0075868 0.0081738 -0.0045587
v -0.0085929 -0.0070956 0.0054412
v 0.0123187 0.0018778 0.0054412
v -0.0202960 -0.0121152 -0.0030923
v 0.0031205 0.0097208 0.0054412
v 0.0518011 0.0119168 -0.0047112
v 0.0409091 0.0212148 -0.0047112
v -0.0532596 0.0078331 -0.0047112
v -0.0597579 -0.0024439 -0.0047112
v -0.0324918 -0.0260270 -0.0047112
v 0.0384761 -0.0072146 -0.0047112
v 0.0516369 0.0227402 0.0052887
v -0.0463815 0.0088121 0.0052887
v -0.0075355 -0.0283745 0.0052887
v 0.0507951 -0.0033472 0.0052887
v 0.0390920 -0.0083668 -0.0032444
v -0.0205321 -0.0318146 0.0052887
v -0.0553847 -0.0054297 0.0052887
v 0.0625084 0.0134692 0.0052887
v -0.0324507 -0.0292507 -0.0011027
v -0.0595321 -0.0071876 0.0004433
v -0.0063036 0.0035059 -0.0042718
v 0.0014369 -0.0031850 -0.0042718
v 0.0079351 0.0070920 -0.0042718
v -0.0066732 0.0050150 -0.0042718
v 0.0148133 0.0080711 0.0057281
v -0.0066732 0.0050150 0.0057281
v -0.0061496 0.0028731 0.0057281
v -0.0047740 -0.0026928 0.0012497
v 0.0058101 -0.0061707 0.0057281
v 0.0016627 -0.0079286 0.0008823
v -0.0054310 0.0095044 -0.0025296
v -0.0022178 -0.0035528 -0.0025296
v -0.0018893 -0.0037962 -0.0025296
v 0.0022992 0.0028190 -0.0025296
v -0.0039117 0.0033112 0.0029919
v 0.0025250 -0.0019301 0.0026245
v -0.0081412 -0.0007942 -0.0008775
v -0.0012425 -0.0027468 -0.0008775
v -0.0049485 0.0000550 -0.0008775
v 0.0059436 -0.0047860 0.0024931
v 0.0018167 -0.0036123 0.0052167
v 0.0017859 -0.0013946 0.0027306
v -0.0013247 0.0015100 -0.0056761
v 0.0109841 -0.0019788 -0.0056761
v 0.0016627 0.0060806 -0.0056761
v -0.0050306 0.0043064 -0.0056761
v 0.0058717 -0.0005292 -0.0023051
v 0.0017038 0.0028622 -0.0020676
v -0.0152246 0.0004715 -0.0050532
v -0.0043223 -0.0088265 -0.0050532
v 0.0040546 0.0032084 -0.0050532
v 0.0133350 0.0045282 0.0036327
v 0.0133350 0.0045282 0.0049467
v -0.0044865 0.0019968 0.0049467
v 0.0136635 0.0031868 0.0049467
v 0.0063850 -0.0072741 0.0049467
v -0.0020433 -0.0025738 -0.0074922
v -0.0018482 -0.0022709 -0.0074922
v -0.0021767 -0.0020220 -0.0074922
v -0.0002878 -0.0096919 0.0025077
v -0.0038706 0.0048419 -0.0019707
v -0.0026284 -0.0001830 0.0025077
v 0.0027714 -0.0048617 0.0025077
v 0.0025558 -0.0003994 -0.0023381
v 0.0018064 -0.0003399 -0.0012586
v 0.0004000 -0.0023520 -0.0012586
v 0.0104297 0.0019481 -0.0012586
v 0.0024121 -0.0014920 0.0002078
v 0.0050196 -0.0057650 -0.0060454
v 0.0004205 0.0128742 -0.0060454
v -0.0088495 0.0115544 -0.0060454
v -0.0172367 -0.0004751 -0.0060454
v -0.0056569 -0.0103464 -0.0060454
v 0.0004205 0.0128742 0.0026402
v 0.0026688 -0.0067711 0.0039541
v 0.0050196 -0.0057650 0.0039541
v -0.0065295 0.0010773 0.0039541
v 0.0007490 0.0115328 0.0039541
v 0.0059744 0.0007690 0.0029145
v 0.0018270 -0.0009889 -0.0019313
v 0.0020323 -0.0054513 0.0029145
v -0.0033676 -0.0007780 0.0029145
v -0.0046097 0.0042469 -0.0015639
v -0.0059854 0.0098128 0.0029145
v -0.0202754 0.0228159 0.0000499
v -0.0161280 0.0245738 0.0048953
v -0.0200598 0.0183589 0.0048953
v 0.0068367 -0.0014595 0.0009900
v 0.0009133 0.0002173 0.0048953
v 0.0132221 -0.0032715 0.0048953
v 0.0187348 -0.0018057 0.0048953
v 0.0068059 0.0007582 -0.0014961
v -0.0446876 0.0047283 -0.0055363
v 0.0114153 -0.0142463 -0.0055363
v 0.0114153 -0.0142463 0.0044636
v -0.0446876 0.0047283 0.0044636
v 0.0119799 0.0127769 -0.0055363
v 0.0191968 -0.0164477 -0.0055363
v 0.0191968 -0.0164477 0.0044636
v 0.0119799 0.0127769 0.0044636
v -0.0103073 -0.0042397 0.0095319
v -0.0103073 -0.0042397 -0.0004680
v -0.0088598 -0.0026982 -0.0004680
v -0.0088598 -0.0026982 0.0095319
v -0.0105126 -0.0046346 -0.0004680
v -0.0103894 -0.0046508 -0.0004680
v -0.0037371 -0.0029253 -0.0004680
v 0.0002768 0.0018237 -0.0004680
v -0.0009346 0.0035600 -0.0004680
v -0.0103894 -0.0046508 0.0095319
v -0.0105126 -0.0046346 0.0095319
v -0.0067964 -0.0010647 0.0095319
v -0.0052257 -0.0033148 0.0095319
v 0.0005129 -0.0018219 0.0020721
v -0.0004521 0.0013477 -0.0020060
v -0.0026387 0.0044849 -0.0020060
v -0.0024026 0.0008393 0.0005341
v 0.0118978 0.0186726 -0.0020060
v 0.0042497 0.0126254 -0.0020060
v 0.0041265 0.0025377 -0.0020060
v -0.0004213 0.0013531 0.0017174
v 0.0095674 0.0168282 -0.0006553
v -0.0002570 0.0003741 -0.0026085
v -0.0022075 -0.0001343 -0.0000688
v -0.0024436 0.0035113 -0.0026085
v -0.0064576 -0.0012377 -0.0026085
v -0.0003391 -0.0008916 -0.0098668
v 0.0007901 -0.0005995 -0.0098668
v 0.0003692 0.0004444 -0.0098668
v -0.0084594 -0.0030011 0.0001331
v 0.0007901 -0.0005995 0.0001331
v -0.0026592 0.0078926 0.0001331
v 0.0165995 -0.0067332 -0.0058983
v 0.0173079 -0.0053972 -0.0058983
v 0.0067546 0.0205766 -0.0058983
v 0.0059846 0.0207010 -0.0058983
v -0.0243202 -0.0032391 -0.0058983
v -0.0321017 -0.0193740 -0.0058983
v -0.0261372 -0.0178270 0.0041016
v 0.0084792 -0.0088373 0.0041016
v -0.0366495 -0.0205585 -0.0021749
v 0.0007490 0.0139506 0.0041016
v 0.0100294 0.0125010 0.0041016
v 0.0142794 0.0020509 0.0041016
v -0.0266608 -0.0050835 -0.0045476
v -0.0004213 0.0156382 0.0021104
v -0.0015094 0.0034031 -0.0012893
v -0.0002981 0.0016669 -0.0012893
v 0.0065903 0.0098073 -0.0012893
v 0.0019193 -0.0014649 0.0024341
v -0.0000620 -0.0019788 0.0012509
v -0.0058006 -0.0034716 0.0087107
v -0.0057492 -0.0034554 0.0087107
v -0.0073713 -0.0012215 0.0087107
v -0.0030185 0.0022132 0.0087107
v 0.0119080 0.0140101 0.0000614
v -0.0036037 -0.0063979 -0.0037186
v -0.0112723 -0.0083938 0.0025579
v 0.0068983 -0.0036718 0.0025579
v -0.0085416 -0.0027198 0.0025579
v 0.0310333 0.0285386 0.0025579
v 0.0337948 0.0281058 0.0025579
v 0.0063850 0.0090771 -0.0060914
v 0.0326245 0.0297988 0.0005663
v 0.0021041 0.0008285 0.0018733
v -0.0006574 0.0012612 0.0018733
v 0.0078838 0.0080116 0.0018733
v 0.0079762 0.0077736 0.0018733
v 0.0009338 0.0025215 -0.0001178
v 0.0078838 0.0080116 0.0016458
v -0.0001954 0.0016074 -0.0090973
v 0.0005745 0.0014884 -0.0090973
v 0.0003487 0.0020347 -0.0090973
v -0.0054310 -0.0051430 0.0009023
v 0.0004411 0.0017967 0.0009023
v 0.0038596 -0.0065926 0.0009023
v 0.0003487 0.0020347 0.0006747
v -0.0066013 -0.0034554 -0.0010889
v 0.0727640 -0.0134187 0.0048225
v 0.0395745 0.0682403 0.0048225
v 0.0395745 0.0682403 -0.0051774
v 0.0727640 -0.0134187 -0.0051774
v -0.0619856 -0.0483984 -0.0051774
v -0.0731857 -0.0208290 -0.0051774
v -0.0619856 -0.0483984 0.0048225
v -0.0731857 -0.0208290 0.0048225
v 0.1165171 -0.0403824 0.0057231
v 0.0503639 0.1224110 0.0057231
v 0.0503639 0.1224110 -0.0042768
v 0.1165171 -0.0403824 -0.0042768
v -0.0855971 -0.0928547 -0.0042768
v -0.1187763 -0.0111956 -0.0042768
v -0.0855971 -0.0928547 0.0057231
v -0.1187763 -0.0111956 0.0057231
v -0.0703523 0.0923372 0.0047023
v -0.0703523 0.0923372 -0.0052976
v -0.0570683 -0.1122187 0.0047023
v -0.1232214 0.0505747 0.0047023
v -0.1232214 0.0505747 -0.0052976
v -0.0570683 -0.1122187 -0.0052976
v 0.1450459 -0.0597464 0.0047023
v 0.0832455 0.0923372 0.0047023
v 0.0832455 0.0923372 -0.0052976
v 0.1450459 -0.0597464 -0.0052976
v 0.2067129 0.0554968 0.0049980
v 0.2067129 0.0554968 -0.0050019
v 0.2067129 -0.0077880 -0.0050019
v 0.2067129 -0.0077880 0.0049980
v -0.1353146 -0.0965868 0.0049980
v -0.1971151 0.0554968 0.0049980
v -0.1971151 0.0554968 -0.0050019
v -0.1353146 -0.0965868 -0.0050019
v -0.0345552 0.0021483 -0.0053379
v 0.0212500 -0.0204882 -0.0053379
v 0.0217324 0.0190350 -0.0053379
v 0.0215374 0.0192406 -0.0053379
v -0.0337340 0.0095639 -0.0053379
v -0.0419980 0.0081143 0.0046620
v 0.0119491 0.0175584 0.0046620
v 0.0215887 0.0076059 0.0046620
v 0.0212500 -0.0204882 0.0046620
v -0.0423060 0.0052963 0.0046620
v 0.0028946 -0.0040396 -0.0003722
v 0.0037159 0.0033761 -0.0003722
v -0.0096297 0.0010394 -0.0003722
v -0.0048664 -0.0008916 0.0096277
v -0.0096297 0.0010394 0.0096277
v -0.0045481 0.0019265 0.0096277
v 0.0009646 0.0001578 -0.0089640
v 0.0009749 0.0004012 -0.0089640
v 0.0007696 0.0003633 -0.0089640
v 0.0009749 0.0003958 0.0010360
v 0.0008312 -0.0112714 0.0010360
v -0.0088085 -0.0013135 0.0010360
v 0.0001947 -0.0016759 0.0006889
v -0.0002981 -0.0017895 0.0001143
v -0.0003494 -0.0012107 0.0005977
v 0.0000612 -0.0012161 0.0001890
v -0.0045892 -0.0025521 -0.0043756
v -0.0045892 -0.0025521 0.0056243
v 0.0151212 0.0039224 0.0056243
v 0.0151212 0.0039224 -0.0043756
v 0.0171436 0.0050691 0.0056243
v -0.0142494 0.0013640 0.0056243
v 0.0364537 0.0160331 -0.0043756
v -0.0308287 0.0080927 -0.0043756
v 0.0030794 0.0053774 0.0012133
v -0.0020535 0.0041928 -0.0046786
v 0.0036440 -0.0016921 -0.0046786
v -0.0208401 -0.0326530 -0.0036968
v -0.0219180 -0.0332642 -0.0046786
v -0.0191051 -0.0316685 -0.0046786
v 0.0709367 0.0231621 -0.0003151
v 0.0658038 0.0219775 -0.0062070
v 0.0459393 -0.0154795 -0.0062070
v 0.0470173 -0.0148683 -0.0052252
v -0.0599632 -0.0228249 0.0037929
v -0.0599632 -0.0228249 -0.0062070
v -0.0594705 0.0169363 -0.0062070
v -0.0594705 0.0169363 0.0037929
v 0.0310744 -0.0239121 0.0037929
v 0.0111381 -0.0352222 0.0037929
v -0.0202549 -0.0389274 0.0037929
v 0.0502407 0.0361490 0.0037929
v 0.0672513 0.0237625 0.0037929
v 0.0304584 -0.0242637 -0.0062070
v 0.0518217 0.0364248 -0.0062070
v 0.0552402 0.0370252 -0.0024484
v -0.0368240 -0.0322040 -0.0062070
v 0.0708854 0.0237408 0.0001683
v 0.0165995 0.0317298 0.0014914
v 0.0171025 0.0318488 0.0020660
v 0.0165482 0.0323140 0.0019748
v -0.0232628 -0.0153443 0.0055994
v 0.0129141 0.0323302 0.0055994
v 0.0180675 0.0285872 0.0055994
v 0.0027714 -0.0002587 0.0055994
v -0.0003186 -0.0023249 0.0055994
v -0.0003186 -0.0023249 0.0029861
v -0.0073199 -0.0063005 -0.0034187
v 0.0005232 -0.0007834 -0.0044028
v 0.0001126 -0.0007834 -0.0039941
v 0.0006566 -0.0012486 -0.0039029
v 0.0080378 0.0144645 -0.0003699
v 0.0079454 0.0074058 -0.0003699
v 0.0037364 -0.0005346 -0.0003699
v -0.0002365 0.0035654 -0.0003699
v 0.0079967 0.0110947 -0.0028694
v 0.0011494 -0.0031904 0.0038634
v 0.0032539 0.0007852 0.0038634
v 0.0001742 0.0000712 0.0003303
v -0.0040040 0.0005580 0.0038634
v -0.0003699 0.0005364 0.0002392
v -0.0007190 0.0048852 0.0038634
v 0.0045269 0.0020401 -0.0009885
v 0.0024224 -0.0019355 -0.0009885
v 0.0014574 0.0013315 -0.0045216
v 0.0085408 -0.0063871 -0.0009885
v 0.0085922 -0.0021573 -0.0009885
v 0.0085614 -0.0047049 -0.0033329
v 0.0129449 -0.0124722 -0.0003101
v 0.0093108 -0.0124559 0.0033140
v 0.0125958 -0.0081288 0.0033140
v -0.0077100 -0.0000694 0.0033140
v 0.0029870 0.0018021 0.0033140
v -0.0027003 0.0008068 -0.0029272
v -0.0006574 0.0076275 -0.0039504
v -0.0012220 0.0146970 0.0019415
v -0.0251414 -0.0233333 -0.0029686
v -0.0234065 -0.0223489 -0.0039504
v 0.0062413 -0.0030552 0.0060495
v 0.0062413 -0.0030552 -0.0039504
v -0.0181401 -0.0193632 -0.0039504
v -0.0181401 -0.0193632 0.0034362
v -0.0150501 -0.0172969 0.0060495
v 0.0002460 0.0115490 0.0060495
v 0.0063645 0.0070975 0.0060495
v 0.0063850 0.0087796 0.0037051
v 0.0062823 0.0004607 -0.0039504
v -0.0007190 0.0148106 0.0025165
v 0.0025250 -0.0039530 0.0026012
v 0.0029357 -0.0039585 0.0021924
v 0.0025661 -0.0045318 0.0021177
v -0.0131201 0.0093259 -0.0000156
v -0.0165489 0.0087310 -0.0037742
v -0.0101122 0.0098560 -0.0037742
v -0.0025566 -0.0057164 -0.0037742
v 0.0012931 0.0015533 -0.0037742
v 0.0031307 0.0079196 0.0019994
v 0.0029870 -0.0042235 0.0019994
v -0.0010783 -0.0000261 0.0019994
v 0.0031718 0.0116031 -0.0005001
v 0.0030486 0.0014938 -0.0080005
v 0.0030178 -0.0012756 -0.0080005
v 0.0029459 -0.0067711 -0.0003450
v 0.0016832 -0.0003074 -0.0080005
v -0.0041580 -0.0007347 -0.0015336
v -0.0042915 -0.0002750 -0.0020339
v -0.0051128 0.0027811 0.0036473
v -0.0047432 0.0033599 0.0037220
v -0.0046097 0.0028947 0.0042223
v 0.0025661 0.0023592 -0.0022446
v 0.0024018 -0.0114553 -0.0022446
v 0.0025045 -0.0031363 0.0054109
v -0.0045379 -0.0042884 -0.0022446
v 0.0012315 0.0033274 -0.0022446
v 0.0019604 -0.0048077 0.0055611
v -0.0076484 0.0051178 0.0055611
v 0.0102655 0.0082550 0.0055611
v 0.0102347 0.0060860 0.0055611
v -0.0133357 0.0041225 -0.0006802
v -0.0103176 0.0046526 -0.0044388
v 0.0071036 0.0077033 -0.0044388
v 0.0102655 0.0082550 -0.0006936
v 0.0101936 0.0027162 0.0030616
v 0.0010878 -0.0036501 -0.0044388
v 0.0023095 -0.0091565 0.0019365
v 0.0027201 -0.0091619 0.0015278
v -0.0052257 -0.0017570 -0.0047813
v -0.0000928 -0.0005724 0.0011106
v 0.0004719 -0.0076420 -0.0047813
v 0.0062515 -0.0000315 -0.0047813
v -0.0013657 0.0055126 -0.0047813
v 0.0002665 0.0000009 0.0011853
v 0.0009030 0.0130040 -0.0021328
v 0.0040546 0.0135558 -0.0021328
v 0.0040546 0.0135558 0.0016125
v 0.0038596 -0.0020924 -0.0021328
v 0.0039828 0.0080170 0.0053673
v -0.0051230 0.0016506 -0.0021328
v 0.0024942 -0.0038935 -0.0021328
v -0.0034805 -0.0038611 0.0038339
v 0.0016627 0.0011638 -0.0008955
v -0.0020843 0.0005093 0.0027670
v -0.0020843 0.0005093 -0.0053302
v -0.0019714 0.0005256 -0.0053302
v -0.0020843 0.0003795 -0.0053302
v -0.0021459 -0.0041207 -0.0004044
v -0.0021151 0.0004120 -0.0013559
v -0.0023204 0.0004553 -0.0013559
v -0.0021357 0.0004823 -0.0012850
v -0.0020638 0.0004985 -0.0013559
v -0.0178116 -0.0041748 0.0021970
v -0.0177398 -0.0041640 0.0021262
v -0.0065500 -0.0022059 0.0021262
v -0.0065500 -0.0022059 0.0066988
v 0.0203568 -0.0093836 0.0021262
v 0.0203568 -0.0093836 0.0049202
v 0.0174824 -0.0114444 0.0021262
v -0.0177911 -0.0042451 0.0021262
v 0.0032436 0.0000820 -0.0028874
v 0.0001023 -0.0020166 0.0017094
v 0.0056151 0.0016669 0.0017094
v -0.0018893 0.0062645 0.0017094
v -0.0019817 -0.0012648 0.0017094
v -0.0019303 0.0026242 -0.0038389
v 0.0037775 0.0000225 0.0036734
v 0.0074629 0.0024890 -0.0017294
v 0.0009852 -0.0018435 -0.0017294
v -0.0013657 0.0056803 -0.0017294
v -0.0014376 -0.0003615 -0.0017294
v -0.0013965 0.0025593 0.0027222
v 0.0071139 0.0023268 -0.0029617
v 0.0073192 0.0022889 -0.0029617
v 0.0072987 0.0023592 -0.0028908
v -0.0008114 0.0009367 -0.0029617
v 0.0028227 0.0015749 0.0014734
v -0.0009346 0.0007906 -0.0029617
v -0.0010783 -0.0108927 -0.0029617
v -0.0009859 -0.0037096 0.0019645
v 0.0187554 -0.0014649 -0.0040626
v 0.0187554 -0.0014649 0.0059373
v 0.0323987 0.0083145 0.0059373
v 0.0323987 0.0083145 -0.0012686
v 0.0295242 0.0062537 -0.0040626
v -0.0068169 -0.0185680 0.0059373
v -0.0143212 -0.0139704 0.0059373
v -0.0141159 0.0028244 0.0059373
v -0.0056774 0.0135395 0.0059373
v 0.0054919 0.0154922 0.0059373
v -0.0102457 0.0127390 0.0003721
v -0.0057698 0.0135233 -0.0039918
v 0.0054919 0.0154922 0.0005100
v -0.0055029 -0.0176864 -0.0040626
v -0.0091883 -0.0201583 0.0013401
v -0.0141467 0.0002714 -0.0040626
v -0.0143212 -0.0144951 -0.0040626
v -0.0057492 0.0134530 -0.0040626
v -0.0143623 -0.0176161 0.0003890
v -0.0140543 0.0074544 0.0008632
v -0.0027311 -0.0057164 -0.0048602
v -0.0027311 -0.0057164 0.0051397
v -0.0006266 -0.0043100 0.0051397
v 0.0025148 -0.0022059 0.0005426
v -0.0002775 -0.0040720 -0.0048602
v -0.0027003 -0.0025900 -0.0048602
v -0.0027106 -0.0035528 0.0051397
v -0.0026592 0.0003309 -0.0004086
v 0.0023813 0.0006283 -0.0031939
v 0.0069394 0.0014289 0.0023713
v -0.0013760 -0.0000261 0.0023713
v -0.0013760 -0.0000261 0.0004686
v -0.0014889 -0.0092863 0.0023713
v -0.0014273 -0.0046562 -0.0027028
v 0.0431368 0.0276028 -0.0040883
v 0.0431368 0.0276028 0.0059116
v 0.0431984 0.0277272 0.0059116
v 0.0428801 0.0277056 -0.0040883
v 0.0428801 0.0277056 0.0059116
v 0.0431984 0.0277272 -0.0040883
v 0.0431984 0.0277272 -0.0040883
v -0.0073405 -0.0215862 -0.0040883
v -0.0073405 -0.0215862 0.0059116
v -0.0210351 0.0002876 -0.0040883
v -0.0210351 0.0002876 0.0059116
v 0.0006361 -0.0010484 0.0011965
v 0.0004103 -0.0005075 0.0007012
v 0.0007593 -0.0001830 0.0011639
v 0.0010468 -0.0007023 0.0006326
v 0.0008106 -0.0008429 -0.0022607
v -0.0008627 0.0018345 0.0007395
v -0.0016532 0.0011801 0.0018174
v 0.0005951 -0.0028063 -0.0022607
v -0.0001749 0.0007419 0.0016611
v 0.0022581 -0.0031525 -0.0022607
v -0.0011604 0.0018454 -0.0027775
v -0.0004213 0.0025269 -0.0018091
v -0.0031725 0.0069190 0.0026130
v -0.0041170 0.0071137 0.0026130
v 0.0012315 -0.0048131 0.0026130
v -0.0012733 0.0009799 -0.0027449
v -0.0051744 -0.0022871 0.0026130
v 0.0018372 -0.0010863 0.0026130
v -0.0054618 0.0059129 0.0065383
v -0.0027208 0.0015208 0.0021162
v -0.0034497 0.0008393 0.0011478
v -0.0064165 0.0061076 0.0065383
v -0.0062831 0.0072273 0.0065383
v -0.0032444 0.0023592 0.0010900
v 0.0090746 -0.0251886 0.0035768
v 0.0337024 -0.0011891 0.0035768
v 0.0370902 0.0021104 -0.0009943
v 0.0329428 -0.0019355 -0.0064231
v 0.0267422 -0.0079719 -0.0064231
v -0.0170314 -0.0216890 -0.0064231
v -0.0052770 -0.0233387 -0.0064231
v 0.0365769 0.0204738 -0.0064231
v 0.0127396 0.0253960 -0.0064231
v -0.0520277 -0.0023899 -0.0064231
v -0.0506110 -0.0101842 -0.0064231
v -0.0170314 -0.0216890 0.0035768
v 0.0088077 -0.0253184 0.0035768
v 0.0210754 0.0289713 -0.0002929
v 0.0168562 0.0271647 0.0035768
v -0.0459195 0.0002335 0.0035768
v -0.0435892 -0.0125911 0.0035768
v 0.0360533 0.0196030 0.0035768
v 0.0399543 0.0228700 -0.0017811
v 0.0397182 0.0234055 -0.0022764
v 0.0013239 0.0116356 -0.0042829
v 0.0038391 0.0058426 0.0010750
v -0.0025771 0.0083686 0.0010750
v 0.0019604 -0.0057164 0.0010750
v -0.0015300 -0.0091240 -0.0034961
v -0.0049177 -0.0124235 0.0010750
v -0.0004110 0.0163684 -0.0000516
v 0.0002255 0.0161791 -0.0001198
v -0.0001852 0.0158329 0.0004441
v 0.0009852 -0.0010052 -0.0041979
v -0.0071967 -0.0089671 -0.0041979
v -0.0030391 -0.0049267 0.0012309
v 0.0024634 0.0121927 -0.0041979
v -0.0035626 0.0134368 -0.0041979
v 0.0015498 0.0052422 -0.0049445
v -0.0008832 0.0091312 -0.0010230
v -0.0023512 0.0095748 -0.0008663
v -0.0001133 0.0055829 -0.0049445
v -0.0021254 -0.0081233 0.0050555
v 0.0053584 -0.0008321 0.0050555
v 0.0053584 -0.0008321 -0.0049445
v -0.0016018 -0.0076095 -0.0049445
v -0.0056261 -0.0115310 0.0004843
v 0.0036440 0.0018994 0.0050555
v -0.0002570 0.0034356 0.0050555
v -0.0027619 0.0092286 -0.0003025
v -0.0020022 0.0029434 -0.0078891
v -0.0114776 -0.0011187 -0.0078891
v -0.0005855 -0.0048509 -0.0078891
v -0.0114776 -0.0011187 0.0021108
v 0.0041060 0.0055613 0.0021108
v 0.0064363 -0.0072579 0.0021108
v -0.0003802 -0.0002750 -0.0008813
v 0.0012931 -0.0029524 -0.0038811
v 0.0010673 -0.0049158 -0.0038811
v -0.0011707 -0.0009294 0.0001967
v -0.0037577 0.0037439 -0.0038811
v -0.0049588 -0.0036718 -0.0038811
v -0.0026182 0.0032950 -0.0038811
v -0.0018174 -0.0007401 0.0002652
v -0.0022999 -0.0001938 -0.0019546
v -0.0029467 0.0000009 -0.0018861
v -0.0025976 0.0003254 -0.0014233
v -0.0048869 0.0044849 -0.0060327
v -0.0037474 0.0040360 -0.0060327
v -0.0047124 0.0055721 -0.0060327
v -0.0023820 0.0018508 -0.0014812
v -0.0015197 0.0004661 -0.0030326
v 0.0046603 -0.0022925 -0.0050192
v 0.0048349 -0.0012053 -0.0050192
v 0.0012623 0.0045012 -0.0050192
v -0.0053694 0.0016560 -0.0050192
v -0.0067861 0.0010502 0.0049808
v -0.0120422 -0.0012107 0.0011110
v 0.0012623 0.0045012 0.0049808
v 0.0041162 -0.0000586 0.0049808
v 0.0039931 -0.0011782 0.0049808
v 0.0071652 -0.0049212 -0.0004676
v 0.0069496 -0.0064466 -0.0004097
v 0.0066006 -0.0067765 -0.0008729
v 0.0028638 -0.0011350 -0.0044403
v -0.0121551 -0.0075770 -0.0044403
v 0.0116822 -0.0124992 -0.0044403
v 0.0128935 -0.0050835 -0.0044403
v -0.0038090 -0.0040017 0.0016898
v 0.0148338 -0.0095675 -0.0002941
v 0.0032026 -0.0014866 -0.0004074
v 0.0034284 -0.0020220 0.0000882
v 0.0035516 -0.0011620 0.0000557
v -0.0101841 0.0063348 0.0054462
v -0.0196595 0.0022673 0.0054462
v -0.0154505 0.0040738 0.0015765
v 0.0005848 0.0041117 0.0054462
v -0.0004726 -0.0052891 0.0054462
v -0.0006266 0.0063240 -0.0060205
v -0.0002159 0.0066701 -0.0065844
v -0.0005137 0.0071894 -0.0060534
v 0.0057793 -0.0010052 -0.0006626
v 0.0018783 0.0005310 -0.0006626
v 0.0024840 0.0042578 -0.0006626
v 0.0002255 0.0078709 -0.0050850
v 0.0012521 0.0062266 -0.0067410
v 0.0019707 0.0012233 -0.0005618
v 0.0034490 0.0007852 -0.0007181
v 0.0027611 0.0018832 -0.0016398
v 0.0024121 0.0024295 0.0009379
v 0.0018886 0.0032679 -0.0000880
v 0.0016832 0.0017480 -0.0000305
v 0.0177801 0.0174069 0.0002277
v -0.0000312 0.0000442 0.0002277
v -0.0000312 0.0000442 0.0102276
v 0.0001126 0.0001902 0.0102276
v -0.0142391 0.0020401 0.0002277
v -0.0001544 0.0000604 0.0102276
v 0.0265061 -0.0198608 -0.0033655
v 0.0265061 -0.0198608 0.0066344
v -0.0090856 0.0105592 0.0066344
v -0.0090856 0.0105592 -0.0033655
v -0.0135924 0.0051502 0.0066344
v -0.0135924 0.0051502 -0.0033655
v 0.0364537 -0.0300891 0.0022108
v 0.0307561 -0.0242258 0.0066344
v 0.0286208 -0.0220298 -0.0033655
v 0.0096085 -0.0138406 -0.0033655
v 0.0193713 -0.0208506 0.0066344
v 0.0113639 -0.0152740 0.0066344
v 0.0113639 -0.0152740 -0.0025580
v 0.0283437 -0.0271088 0.0028226
v 0.0008209 -0.0010863 -0.0031973
v -0.0003905 0.0001524 -0.0022615
v -0.0020330 -0.0007131 -0.0036983
v 0.0007490 -0.0026603 -0.0048828
v 0.0000510 -0.0003020 -0.0012686
v -0.0008730 -0.0015298 -0.0014080
v 0.0023402 0.0000604 0.0003575
v 0.0035516 -0.0011782 -0.0005783
v 0.0034798 -0.0027468 -0.0022638
v 0.0006874 -0.0008050 -0.0010793
v 0.0039109 -0.0015569 -0.0015057
v 0.0005437 0.0019103 -0.0036930
v 0.0039109 -0.0015569 -0.0036930
v 0.0046090 -0.0026603 -0.0036930
v -0.0006471 0.0001253 -0.0036930
v 0.0041470 -0.0032120 -0.0036930
v 0.0009544 -0.0009024 -0.0005848
v 0.0015703 -0.0013351 -0.0019159
v 0.0035516 -0.0006157 -0.0037907
v 0.0022889 0.0006933 -0.0005848
v 0.0053892 -0.0024926 -0.0024894
v 0.0053892 -0.0024926 -0.0005848
v 0.0057690 -0.0042614 -0.0005848
v 0.0062515 -0.0038827 -0.0005848
v 0.0059538 -0.0043371 -0.0005848
v 0.0057485 -0.0030714 -0.0019895
v 0.0036645 -0.0016651 0.0030627
v 0.0049375 -0.0029740 -0.0001427
v 0.0029562 -0.0036934 0.0017316
v 0.0023300 -0.0032607 0.0030627
v -0.0024744 0.0046472 0.0030627
v 0.0032334 -0.0012161 -0.0013609
v -0.0138593 0.0080170 0.0030627
v -0.0048766 0.0017642 -0.0007491
v -0.0021562 0.0006229 -0.0002998
v -0.0017148 0.0001686 0.0006931
v -0.0024026 0.0008826 0.0024437
v -0.0041170 0.0026459 0.0012260
v -0.0043942 0.0001632 0.0043181
v -0.0026387 -0.0010593 0.0005533
v -0.0038090 -0.0002425 -0.0017367
v -0.0122270 0.0056208 0.0018377
v 0.0071036 -0.0049321 0.0030919
v 0.0051326 -0.0029091 0.0046176
v -0.0027003 0.0051448 -0.0009587
v 0.0053071 -0.0030876 -0.0009587
v -0.0217127 0.0133340 -0.0009587
v -0.0199572 0.0119006 -0.0009587
v 0.0041162 -0.0048672 -0.0009587
v -0.0199572 0.0119006 -0.0001512
v -0.0029672 0.0000658 0.0052294
v 0.0054508 -0.0057975 0.0016550
v 0.0006772 -0.0003994 0.0050501
v 0.0003076 -0.0000207 0.0053355
v 0.0006772 -0.0003994 0.0044085
v 0.0021555 -0.0029253 0.0022208
v 0.0022889 -0.0029632 0.0022208
v 0.0013753 -0.0015028 0.0022208
v 0.0009133 -0.0020545 0.0022208
v 0.0022889 -0.0029632 0.0028352
v 0.0021555 -0.0029253 0.0028379
v 0.0002460 -0.0015893 0.0036500
v 0.0034900 -0.0020383 0.0011225
v 0.0038596 -0.0024169 0.0008371
v 0.0038596 -0.0024169 0.0056082
v 0.0027201 -0.0012486 0.0030513
v 0.0053276 -0.0049429 0.0080077
v 0.0044037 -0.0042884 0.0080077
v 0.0044242 -0.0042559 0.0080077
v 0.0052250 -0.0046075 0.0080077
v 0.0054611 -0.0049807 0.0080077
v 0.0054611 -0.0049807 -0.0013777
v 0.0042189 -0.0029902 0.0066030
v 0.0053276 -0.0049429 -0.0013751
v 0.0034182 -0.0036069 -0.0005630
v 0.0017962 -0.0024764 0.0029118
v 0.0004924 -0.0017786 0.0039645
v 0.0004924 -0.0017786 0.0044598
v -0.0013452 0.0001037 0.0031585
v -0.0006471 -0.0006103 0.0014075
v 0.0008517 -0.0023520 0.0049593
v 0.0010570 -0.0036177 0.0063640
v 0.0010365 -0.0036501 0.0063640
v 0.0008722 -0.0035420 0.0063640
v -0.0033265 -0.0006157 0.0050328
v -0.0015710 -0.0018381 0.0012681
v 0.0009646 -0.0026441 -0.0058408
v 0.0012726 -0.0021897 -0.0058408
v 0.0017756 -0.0029957 -0.0058408
v 0.0007593 -0.0013784 -0.0072455
v 0.0003076 0.0063618 0.0050064
v -0.0060880 -0.0013027 0.0050064
v -0.0060880 -0.0013027 -0.0049935
v 0.0003076 0.0063618 -0.0049935
v 0.0133555 -0.0047968 0.0050064
v 0.0230157 -0.0130509 -0.0049935
v 0.0070625 -0.0120665 -0.0049935
v -0.0030493 -0.0037854 0.0050064
v -0.0053078 -0.0033094 0.0032171
v -0.0039938 -0.0043858 0.0013393
v -0.0005342 -0.0007239 -0.0029939
v -0.0048869 0.0029001 0.0032171
v 0.0062413 -0.0033851 0.0032171
v -0.0011604 0.0029434 0.0032171
v 0.0027201 -0.0003669 -0.0024576
v -0.0027824 -0.0053756 0.0032171
v 0.0003076 0.0024836 0.0033152
v -0.0032033 0.0054856 0.0033152
v 0.0025764 0.0005472 -0.0049491
v 0.0041881 -0.0008321 -0.0023599
v -0.0034189 0.0024349 0.0033152
v 0.0009338 -0.0011891 -0.0028962
v -0.0073713 0.0156003 -0.0041465
v 0.0607222 -0.0425892 -0.0041465
v 0.0618001 -0.0435142 -0.0024105
v 0.0560101 -0.0385704 0.0058534
v -0.0170314 0.0238544 0.0058534
v -0.0233244 0.0165794 -0.0041465
v 0.0514726 -0.0446338 -0.0041465
v 0.0558048 -0.0416264 0.0058534
v 0.0479206 -0.0417238 0.0058534
v -0.0334363 0.0248605 0.0058534
v 0.0531665 -0.0460185 -0.0015114
v 0.0601575 -0.0452504 -0.0003576
v 0.0013547 0.0000442 0.0032137
v -0.0002570 0.0014235 0.0006245
v 0.0009544 0.0003849 -0.0011111
v 0.0043113 -0.0024764 -0.0011111
v 0.0007593 -0.0025251 -0.0011111
v -0.0018995 -0.0003128 0.0026774
v 0.0036748 0.0004553 -0.0037819
v 0.0002152 -0.0032066 0.0005514
v -0.0011091 -0.0021302 0.0024292
v -0.0006779 0.0040793 0.0024292
v -0.0085724 0.0039765 0.0024292
v -0.0033162 -0.0003182 -0.0049360
v 0.0086845 -0.0015839 -0.0047943
v 0.0041778 -0.0069875 -0.0047943
v 0.0041778 -0.0069875 0.0052056
v 0.0086845 -0.0015839 0.0052056
v 0.0007901 0.0051665 0.0052056
v -0.0027311 0.0081792 -0.0004695
v 0.0002152 0.0056533 -0.0047943
v -0.0033265 0.0056100 -0.0047943
v -0.0037474 -0.0005021 -0.0047943
v -0.0082336 0.0031706 0.0052056
v -0.0094450 0.0041604 0.0033274
v -0.0059854 0.0078223 -0.0010058
v -0.0010783 0.0025053 -0.0041569
v -0.0021665 0.0034302 -0.0058925
v 0.0001331 0.0014667 -0.0058925
v -0.0114057 0.0013856 -0.0058925
v -0.0078332 -0.0015406 -0.0058925
v -0.0000722 -0.0014379 -0.0058925
v -0.0097119 0.0000009 -0.0032578
v -0.0027208 0.0007690 -0.0021040
v 0.0036645 -0.0067982 -0.0024473
v 0.0040854 -0.0006860 -0.0024473
v -0.0036858 -0.0007834 -0.0024473
v -0.0055645 0.0007527 0.0001875
v -0.0020330 -0.0021356 0.0056749
v 0.0014266 0.0015262 0.0013416
v -0.0281493 0.0224210 -0.0047077
v -0.0281493 0.0224210 0.0052922
v -0.0565036 0.0306481 -0.0047077
v -0.0565036 0.0306481 0.0052922
v 0.0294216 -0.0267788 -0.0047077
v 0.0294216 -0.0267788 0.0052922
v 0.0230259 -0.0344433 -0.0047077
v 0.0230259 -0.0344433 0.0052922
v -0.0433736 -0.0140245 -0.0049992
v -0.0428192 -0.0155336 -0.0049992
v 0.0171949 -0.0078691 -0.0049992
v 0.0117027 0.0133015 -0.0049992
v -0.0372449 -0.0109793 0.0050007
v 0.0117027 0.0133015 0.0050007
v 0.0152547 -0.0003885 0.0050007
v 0.0076272 -0.0090916 0.0050007
v -0.0358898 -0.0146520 0.0050007
v 0.0171949 -0.0078691 -0.0046664
v -0.0064884 -0.0014541 -0.0104104
v -0.0107898 -0.0035852 -0.0104104
v -0.0059340 -0.0029632 -0.0104104
v 0.0009954 -0.0020815 -0.0004109
v -0.0107898 -0.0035852 -0.0004109
v -0.0003597 0.0015911 -0.0004109
v -0.0096503 -0.0021789 -0.0000447
v -0.0020330 0.0065241 -0.0000447
v -0.0000928 -0.0009565 -0.0000447
v -0.0000928 -0.0009565 -0.0097117
v 0.0461960 0.0515050 0.0048800
v 0.0461960 0.0515050 -0.0051199
v 0.0633502 -0.0147115 -0.0051199
v 0.0633502 -0.0147115 0.0048800
v -0.0801254 -0.0111632 0.0048800
v -0.0801254 -0.0111632 -0.0051199
v -0.0746331 -0.0323392 -0.0051199
v -0.0746331 -0.0323392 0.0048800
v 0.0162094 -0.0051268 -0.0049904
v -0.0050717 -0.0078421 -0.0049904
v -0.0050717 -0.0078421 0.0050095
v 0.0232313 -0.0042289 0.0050095
v 0.0237959 -0.0041586 0.0045927
v -0.0111696 0.0165848 -0.0049904
v -0.0112928 0.0161575 -0.0049904
v -0.0100814 0.0114733 0.0050095
v -0.0117753 0.0180181 -0.0036761
v -0.0119601 0.0187375 -0.0028920
v -0.0240327 -0.0483660 -0.0054574
v -0.0369472 -0.0500157 0.0041258
v -0.0366187 -0.0499725 0.0045425
v 0.0721686 -0.0360768 0.0045425
v 0.0721686 -0.0360768 -0.0054574
v 0.0492449 0.0523921 -0.0054574
v 0.0262494 0.0667042 -0.0054574
v -0.0563188 0.0257421 -0.0054574
v -0.0710504 -0.0262109 -0.0054574
v -0.0745818 -0.0198770 0.0045425
v -0.0757008 -0.0155498 0.0045425
v -0.0652501 0.0213122 0.0045425
v 0.0198641 0.0635399 0.0045425
v 0.0514521 0.0438838 0.0045425
v -0.0727442 -0.0269682 -0.0035264
v -0.0727032 -0.0271196 -0.0033590
v -0.0280569 0.0193109 -0.0045664
v -0.0271844 0.0223778 -0.0045664
v -0.0288782 0.0216205 -0.0026353
v -0.0286524 0.0207443 -0.0032525
v -0.0006676 -0.0024007 -0.0045664
v 0.0069086 -0.0014271 0.0050168
v 0.0198230 0.0002173 -0.0045664
v -0.0288372 0.0214636 -0.0024679
v 0.0198641 0.0175962 -0.0060737
v -0.0067964 0.0043659 -0.0060737
v 0.0029767 -0.0333399 -0.0060737
v 0.0051326 -0.0343568 -0.0060737
v 0.0004719 -0.0237011 0.0039262
v -0.0067964 0.0043659 0.0039262
v 0.0109328 0.0131609 0.0039262
v 0.0034387 -0.0351195 -0.0041427
v 0.0005643 -0.0010106 -0.0013027
v -0.0002981 -0.0040720 -0.0013027
v -0.0009038 -0.0026387 0.0000113
v -0.0011296 -0.0017678 0.0006284
v -0.0005958 -0.0038449 -0.0013027
v -0.0015916 0.0000117 -0.0013027
v 0.0320496 -0.0190278 0.0028310
v 0.0314850 -0.0190981 0.0032478
v 0.0323781 -0.0189845 0.0032478
v -0.0018277 -0.0033959 0.0032478
v -0.0055850 0.0111163 0.0032478
v -0.0037063 0.0038683 -0.0046537
v 0.0095469 -0.0145005 -0.0039205
v 0.0036440 0.0082928 -0.0039205
v -0.0134589 -0.0001884 -0.0039205
v 0.0117540 -0.0230088 0.0060794
v -0.0198340 -0.0033526 0.0060794
v 0.0036440 0.0082928 0.0060794
v -0.0027311 -0.0012918 0.0057453
v -0.0025668 -0.0019463 0.0057453
v -0.0024436 -0.0015190 0.0057453
v -0.0030493 -0.0000856 0.0070593
v 0.0341747 0.0981518 0.0046027
v 0.0341747 0.0981518 -0.0053972
v 0.1152955 -0.0634245 -0.0053972
v 0.1152955 -0.0634245 0.0046027
v 0.0725895 0.1013594 -0.0053972
v 0.0725895 0.1013594 0.0046027
v -0.1205215 0.0214041 0.0046027
v -0.1205215 0.0214041 -0.0053972
v -0.0916847 -0.0898635 -0.0053972
v -0.0916847 -0.0898635 0.0046027
v 0.1973607 -0.0587512 0.0050401
v 0.1973607 -0.0587512 -0.0049598
v 0.1973607 0.0907308 -0.0049598
v 0.1973607 0.0907308 0.0050401
v -0.0353252 0.0739251 0.0050401
v -0.0353252 0.0739251 -0.0049598
v -0.1698797 -0.1056577 -0.0049598
v -0.1698797 -0.1056577 0.0050401
v -0.2125857 0.0591262 -0.0049598
v -0.2125857 0.0591262 0.0050401
v -0.0475107 0.0017967 -0.0051651
v -0.0475107 0.0017967 0.0048348
v -0.0510935 0.0001902 -0.0051651
v -0.0513810 0.0004444 -0.0051651
v -0.0510935 0.0001902 0.0048348
v -0.0513810 0.0004444 0.0048348
v -0.0511038 0.0007906 -0.0051651
v -0.0511038 0.0007906 0.0048348
v -0.0514426 0.0006175 -0.0051651
v -0.0514426 0.0006175 0.0048348
v 0.0165585 -0.0169399 -0.0051651
v 0.0182523 0.0101914 -0.0051651
v 0.0165585 -0.0169399 0.0048348
v 0.0182523 0.0101914 0.0048348
v -0.0098351 0.0145185 0.0056002
v -0.0115289 -0.0126182 0.0056002
v -0.0115289 -0.0126182 -0.0043994
v -0.0098351 0.0145185 -0.0043994
v -0.0016942 0.0155571 0.0056002
v 0.0006361 0.0158546 -0.0043994
v 0.0035003 0.0162224 0.0002342
v 0.0015908 -0.0159393 -0.0043994
v 0.0118259 -0.0015677 -0.0043994
v 0.0100499 -0.0180812 0.0056002
v 0.0189812 -0.0055487 0.0056002
v 0.0187861 -0.0036069 0.0040288
v 0.0013650 -0.0006536 -0.0036976
v 0.0026585 -0.0010322 -0.0021262
v 0.0015498 -0.0025900 -0.0021262
v 0.0076888 -0.0088644 -0.0021262
v -0.0022794 -0.0044561 -0.0040343
v 0.0046809 -0.0064953 0.0043939
v 0.0036748 0.0039008 -0.0040343
v -0.0134794 0.0129662 -0.0040343
v -0.0061188 0.0139019 -0.0040343
v -0.0106050 0.0133286 0.0005996
v 0.0136840 -0.0208669 0.0035646
v 0.0123905 -0.0204828 0.0019932
v 0.0125753 -0.0224246 0.0035646
v -0.0028953 -0.0006536 -0.0018014
v 0.0004308 -0.0002317 0.0035646
v -0.0080899 -0.0013189 0.0035646
v -0.0102252 0.0028298 0.0066816
v -0.0135513 0.0024079 0.0013156
v -0.0090651 0.0029812 -0.0033183
v 0.0095469 0.0053558 -0.0033183
v 0.0205211 0.0067621 0.0066816
v 0.0007285 -0.0070199 -0.0033183
v 0.0030383 -0.0178000 0.0066816
v 0.0017346 -0.0174213 0.0051102
v -0.0087366 0.0156544 0.0024456
v -0.0157071 0.0176936 -0.0059826
v -0.0097529 0.0260504 -0.0059826
v -0.0026798 -0.0025629 -0.0059826
v 0.0251920 -0.0096216 -0.0059826
v -0.0024128 0.0074436 0.0040173
v 0.0107069 -0.0059544 0.0040173
v 0.0053276 -0.0045913 0.0040173
v 0.0773734 0.0448358 -0.0034865
v 0.0773734 0.0448358 0.0065134
v -0.0842830 0.0241898 0.0065134
v -0.0952675 0.0227888 -0.0034865
v -0.0691409 -0.0252643 -0.0034865
v 0.0403547 -0.0529852 -0.0034865
v 0.0730925 -0.0237011 -0.0034865
v -0.1040859 0.0104077 -0.0034865
v 0.0482081 -0.0549757 0.0065134
v -0.0836260 -0.0216025 0.0065134
v -0.0967458 -0.0082045 0.0065134
v -0.1017761 -0.0003723 0.0065134
v 0.0724868 -0.0332480 0.0065134
v -0.1030696 0.0000063 0.0049421
v 0.0078017 0.0265643 -0.0064158
v -0.0249259 -0.0027198 -0.0064158
v 0.0054919 -0.0104222 -0.0064158
v 0.0072063 0.0170175 0.0035841
v 0.0054919 -0.0104222 0.0035841
v -0.0170725 -0.0047103 0.0035841
v -0.0038809 0.0138154 -0.0055079
v -0.0141159 -0.0005562 -0.0055079
v 0.0091362 -0.0064466 -0.0055079
v 0.0094032 0.0035600 0.0044920
v 0.0171436 -0.0084749 0.0044920
v -0.0056569 -0.0026982 0.0044920
v 0.0032642 0.0098344 0.0044920
v 0.0030794 0.0117708 0.0029206
v -0.0032854 0.0002984 -0.0037865
v -0.0038090 -0.0080422 0.0016397
v 0.0011905 -0.0010160 0.0016397
v -0.0029672 0.0054585 0.0016397
v 0.0367822 0.0180830 0.0066053
v -0.0106050 0.0120304 0.0066053
v -0.0106050 0.0120304 -0.0033946
v 0.0257977 0.0166767 -0.0033946
v -0.0137874 -0.0389057 -0.0033946
v -0.0097427 -0.0472463 0.0066053
v -0.0139003 -0.0407718 0.0066053
v -0.0142186 -0.0459320 0.0011788
v 0.0935318 0.0811839 -0.0039703
v 0.0935318 0.0811839 0.0060296
v -0.0681554 0.0605325 0.0060296
v -0.0791398 0.0591316 -0.0039703
v 0.0851344 -0.0532990 -0.0039703
v -0.1187147 0.0035492 -0.0039703
v -0.1192280 -0.0046454 -0.0039703
v -0.0578485 -0.0673136 -0.0039703
v 0.0413813 -0.0924382 -0.0039703
v -0.0854739 -0.0502321 0.0060296
v -0.1146802 -0.0047914 0.0060296
v 0.0845390 -0.0628458 0.0060296
v 0.0492347 -0.0944233 0.0060296
v -0.0723336 -0.0636517 0.0060296
v -0.1191562 -0.0034771 0.0006031
v -0.1193307 -0.0063113 -0.0023760
v -0.0031315 -0.0011025 0.0030673
v -0.0026182 0.0072381 -0.0023588
v 0.0018680 0.0059237 0.0030673
v -0.0033368 -0.0043804 0.0030673
v 0.0310744 -0.0395169 0.0030673
v -0.0027927 0.0044038 -0.0053382
v -0.0325637 -0.0053810 -0.0063055
v 0.0080994 -0.0156743 -0.0063055
v 0.0111894 0.0337582 -0.0063055
v 0.0105940 0.0242114 0.0036940
v 0.0080994 -0.0156743 0.0036940
v -0.0247103 -0.0073661 0.0036940
v -0.0020535 -0.0036718 -0.0059056
v 0.0258285 -0.0107305 -0.0059056
v -0.0355510 0.0519431 -0.0059056
v -0.0357461 0.0487627 -0.0059056
v 0.0113537 -0.0070632 0.0040943
v 0.0059538 -0.0057001 0.0040943
v -0.0017866 0.0063510 0.0040943
v -0.0356537 0.0502772 -0.0043113
v -0.0131099 -0.0102220 -0.0048881
v 0.0232929 -0.0194389 -0.0048881
v -0.0104099 0.0329955 -0.0048881
v 0.0235495 -0.0094161 0.0051118
v 0.0313002 -0.0214672 0.0051118
v -0.0131099 -0.0102220 0.0051118
v -0.0108616 0.0257259 0.0051118
v -0.0103176 0.0345101 -0.0032938
v -0.0258703 0.0114841 0.0057718
v -0.0324918 0.0106349 -0.0015313
v -0.0303154 0.0109162 -0.0042281
v 0.0187964 0.0171852 -0.0042281
v 0.0187964 0.0171852 0.0057718
v 0.0160657 -0.0265300 -0.0042281
v 0.0156243 -0.0337185 0.0057718
v 0.0080789 -0.0276280 0.0057718
v 0.0436193 0.1157418 0.0051236
v -0.1082641 0.0963398 0.0051236
v -0.1082641 0.0963398 -0.0048759
v 0.0470686 0.1161799 -0.0048759
v 0.0495221 0.1164936 -0.0021791
v -0.1161483 -0.0298836 -0.0048759
v -0.1168977 -0.0419564 0.0051236
v -0.0470385 -0.1059876 -0.0048759
v 0.0414532 -0.1283861 -0.0048759
v 0.0875058 -0.0899392 -0.0048759
v 0.0967964 0.0588882 -0.0048759
v 0.0900928 0.0782252 0.0051236
v 0.0974739 0.0697170 0.0051236
v 0.0880191 -0.0815770 0.0051236
v 0.0341747 -0.1265471 0.0051236
v -0.0622525 -0.1021364 0.0051236
v -0.0299253 -0.0084533 -0.0041285
v 0.0130475 -0.0193307 -0.0041285
v 0.0161273 0.0299936 -0.0041285
v 0.0130475 -0.0193307 0.0058714
v -0.0372038 -0.0066142 0.0058714
v 0.0166509 0.0383558 0.0058714
v -0.0155531 0.0362571 0.0035895
v -0.0183968 -0.0093620 0.0035895
v -0.0183968 -0.0093620 -0.0064104
v -0.0147935 0.0483299 -0.0064104
v 0.0543163 -0.0277741 -0.0064104
v 0.0391023 -0.0239229 0.0035895
v 0.0021863 0.0035221 0.0036837
v -0.0103381 0.0019211 0.0036837
v -0.0044455 0.0026783 -0.0036194
v 0.0361252 -0.0355900 0.0036837
v -0.0434865 0.0377338 -0.0029089
v -0.0459298 0.0374255 -0.0056056
v -0.0413102 0.0380151 -0.0056056
v 0.0050710 0.0005688 -0.0056056
v 0.0037980 -0.0198662 -0.0056056
v -0.0029159 -0.0005292 0.0043943
v 0.0046193 -0.0066197 0.0043943
v 0.0044755 -0.0090429 0.0043943
v 0.1106450 0.1695014 -0.0050000
v 0.1106450 0.1695014 0.0049999
v 0.1106450 -0.1815507 -0.0050000
v 0.1106450 -0.1815507 0.0049999
v -0.1278411 -0.1211760 -0.0050000
v -0.1114465 0.1411314 -0.0050000
v -0.1278411 -0.1211760 0.0049999
v -0.1114465 0.1411314 0.0049999
v -0.0439896 0.0265589 -0.0045706
v -0.0439896 0.0265589 0.0054289
v -0.0438150 0.0270727 -0.0045706
v -0.0438150 0.0270727 0.0054289
v -0.0441230 0.0269591 -0.0045706
v -0.0441230 0.0269646 0.0054289
v -0.0441538 0.0270727 -0.0045706
v -0.0441538 0.0270727 0.0054289
v 0.0095674 -0.0176702 -0.0045706
v 0.0205211 0.0009745 -0.0045706
v 0.0095674 -0.0176702 0.0054289
v 0.0205211 0.0009745 0.0054289
v 0.0107480 0.0088824 -0.0001190
v -0.0064781 0.0061888 -0.0001190
v 0.0007593 0.0002119 -0.0001190
v 0.0007593 0.0002119 0.0091822
v 0.0134684 -0.0145762 -0.0044898
v 0.0330660 0.0024295 -0.0044898
v -0.0092396 0.0195867 -0.0044898
v -0.0274615 0.0118411 -0.0044898
v -0.0309622 0.0058804 -0.0044898
v -0.0307158 0.0049988 -0.0044898
v -0.0037474 -0.0172753 -0.0044898
v -0.0195568 -0.0042235 0.0055101
v 0.0034900 -0.0232468 0.0055101
v 0.0034900 -0.0232468 0.0048114
v -0.0247103 0.0140858 0.0055101
v -0.0104305 0.0200735 0.0055101
v 0.0330660 0.0024295 0.0055101
v -0.0143315 0.0216584 0.0002859
v -0.0259627 0.0143941 0.0041541
v -0.0241251 0.0175259 0.0003227
v -0.0017148 0.0025161 -0.0054792
v -0.0032444 -0.0000965 -0.0054792
v 0.0006772 0.0015479 -0.0054792
v -0.0019509 0.0020996 0.0045203
v -0.0017148 0.0025161 0.0045203
v -0.0013349 0.0023646 0.0045203
v 0.0042394 0.0001037 -0.0007039
v -0.0055542 -0.0040288 -0.0006672
v 0.0116514 -0.0023195 -0.0008809
v 0.0029973 0.0011909 -0.0008809
v -0.0009346 -0.0004534 -0.0008809
v -0.0065808 -0.0100706 -0.0008809
v 0.0065595 -0.0002533 0.0038948
v -0.0032444 -0.0043858 0.0039315
v -0.0003289 0.0001091 0.0008590
v -0.0022281 -0.0006860 0.0008590
v -0.0008011 0.0017534 0.0008590
v -0.0015813 0.0004174 -0.0004971
v -0.0001544 -0.0004372 -0.0090980
v 0.0003692 -0.0008645 -0.0090980
v 0.0001228 0.0000171 -0.0090980
v -0.0001544 -0.0004372 0.0009019
v 0.0115282 -0.0100868 0.0009019
v 0.0044653 0.0074274 0.0009019
v 0.0063645 0.0082225 0.0009019
v 0.0051223 0.0085308 -0.0004542
v -0.0053591 -0.0079394 0.0018592
v -0.0058211 -0.0062951 0.0018592
v -0.0011707 0.0016236 0.0018592
v -0.0005547 0.0018886 0.0018592
v 0.0089207 -0.0019517 0.0018592
v 0.0050196 -0.0003723 -0.0033651
v -0.0047740 -0.0044993 -0.0033283
v -0.0066116 -0.0076311 0.0005031
v -0.0010885 0.0004228 0.0002664
v -0.0009551 0.0000496 0.0002392
v -0.0012220 0.0001848 -0.0000159
v -0.0008524 0.0002714 0.0000296
v 0.0019193 -0.0018868 -0.0026736
v -0.0001544 -0.0063059 0.0015067
v 0.0006361 -0.0066792 0.0022418
v 0.0069907 -0.0044669 0.0022418
v 0.0040752 0.0026134 0.0022418
v 0.0007182 0.0021374 0.0022418
v -0.0004418 -0.0000856 -0.0004017
v 0.0017859 -0.0015136 -0.0026465
v -0.0008422 -0.0059814 0.0022418
v -0.0018072 -0.0026982 0.0022418
v -0.0006368 -0.0015947 0.0019411
v 0.0027098 -0.0011187 0.0019411
v 0.0004308 -0.0052512 -0.0029475
v -0.0018072 -0.0038178 -0.0007028
v 0.0003692 0.0003309 0.0019411
v 0.0027098 -0.0011025 0.0019411
v 0.0003692 0.0003309 -0.0002067
v -0.0007703 -0.0018435 -0.0027001
v 0.0456724 -0.0266490 -0.0069169
v 0.0456724 -0.0266490 0.0030830
v 0.0155627 -0.0056731 0.0030830
v 0.0155627 -0.0056731 -0.0069169
v 0.0433934 -0.0261352 0.0030830
v -0.0042094 -0.0036988 0.0030830
v -0.0068682 0.0027541 0.0030830
v -0.0013349 0.0046797 0.0030830
v 0.0433934 -0.0261352 -0.0069169
v 0.0005540 0.0035221 -0.0069169
v -0.0069914 0.0024512 -0.0069169
v -0.0053386 -0.0031687 -0.0069169
v -0.0053078 0.0071137 -0.0012345
v -0.0096605 -0.0011296 -0.0023025
v -0.0119396 0.0053395 -0.0018328
v -0.0118266 0.0055559 -0.0020424
v -0.0045892 -0.0017516 -0.0027246
v -0.0044865 -0.0015298 -0.0029345
v -0.0047227 -0.0013784 -0.0026978
v -0.0024334 0.0027541 0.0021909
v -0.0024231 0.0027541 0.0021909
v 0.0060052 -0.0024061 0.0021909
v 0.0004719 -0.0043317 0.0021909
v 0.0020323 0.0000279 -0.0021266
v 0.0003897 -0.0032986 0.0013466
v 0.0000202 -0.0033851 0.0013010
v 0.0001536 -0.0031471 0.0015834
v 0.0024121 0.0010124 -0.0027338
v 0.0000920 0.0024349 -0.0003707
v 0.0000920 0.0024349 -0.0035279
v 0.0016832 0.0014613 -0.0035279
v -0.0008832 0.0005634 -0.0035279
v -0.0023204 -0.0021897 -0.0009755
v -0.0010475 0.0002605 0.0018304
v -0.0004418 0.0022618 -0.0022806
v 0.0091362 -0.0036069 -0.0022806
v 0.0032744 -0.0000099 0.0034018
v -0.0012220 0.0027432 -0.0014861
v 0.0016011 -0.0046724 -0.0022806
v -0.0032444 -0.0015677 0.0025939
v 0.0039212 0.0036628 -0.0034892
v 0.0031820 0.0041117 -0.0042837
v 0.0047014 0.0031814 -0.0042837
v 0.0006156 0.0032138 -0.0042837
v -0.0019919 -0.0017678 -0.0042837
v -0.0007395 -0.0048131 -0.0042837
v 0.0067340 -0.0037529 -0.0042837
v -0.0008216 0.0004607 -0.0017313
v 0.0015190 -0.0007347 0.0005456
v 0.0018886 -0.0006482 0.0005908
v 0.0030794 0.0027054 0.0052366
v 0.0030794 0.0027270 0.0052366
v 0.0030999 0.0027108 0.0052366
v 0.0007388 0.0041604 0.0030888
v 0.0007388 0.0041604 -0.0016060
v 0.0030589 0.0027324 -0.0039688
v 0.0075553 -0.0000207 0.0009191
v -0.0004007 0.0019806 0.0005954
v 0.0008004 -0.0014217 0.0003480
v 0.0010262 -0.0015731 0.0001112
v 0.0029151 0.0014938 -0.0009671
v 0.0027817 0.0018670 -0.0009403
v 0.0026482 0.0016290 -0.0012222
v 0.0001536 -0.0025954 0.0039484
v -0.0020022 -0.0015839 0.0039484
v -0.0008114 0.0006824 0.0039484
v 0.0008414 -0.0029199 0.0032133
v -0.0020022 -0.0015839 0.0005839
v -0.0007395 0.0008231 -0.0016428
v 0.0005540 0.0033004 0.0013045
v 0.0044858 -0.0050781 -0.0005335
v -0.0001852 -0.0028767 -0.0051479
v -0.0007395 -0.0026170 -0.0051479
v -0.0027106 -0.0016867 -0.0035984
v -0.0027106 -0.0016867 0.0014876
v 0.0001331 -0.0030227 0.0041166
v -0.0003186 -0.0025575 -0.0051479
v -0.0014479 0.0007149 -0.0007396
v 0.0022068 0.0013910 -0.0000638
v 0.0019399 0.0015262 -0.0003189
v -0.0011912 0.0046310 0.0028616
v -0.0013041 0.0044092 0.0030716
v -0.0015608 0.0045444 0.0028164
v 0.0009749 -0.0020545 0.0026019
v 0.0052968 -0.0040937 -0.0020129
v -0.0036858 0.0001415 -0.0020129
v 0.0036543 0.0015262 -0.0020129
v -0.0038193 0.0004661 -0.0020129
v -0.0026284 0.0012991 -0.0024672
v -0.0036755 -0.0007023 -0.0006108
v -0.0002878 0.0001037 -0.0001906
v -0.0013555 0.0037493 0.0003392
v -0.0023820 0.0017750 0.0023365
v -0.0001544 0.0003417 0.0000917
v -0.0026900 -0.0012540 0.0023667
v -0.0034805 -0.0008808 0.0016316
v -0.0014068 0.0035330 -0.0025488
v 0.0036645 0.0009529 0.0023667
v 0.0063234 -0.0055000 0.0023667
v 0.0008722 -0.0029307 -0.0030184
v -0.0002981 -0.0005184 0.0013232
v 0.0007490 0.0014830 -0.0005331
v 0.0030897 0.0002876 0.0017435
v 0.0004103 -0.0038503 -0.0030854
v -0.0015608 -0.0029253 -0.0030854
v -0.0015608 -0.0029253 -0.0015356
v -0.0004213 -0.0007455 -0.0030854
v 0.0008312 -0.0037908 -0.0030854
v 0.0031307 -0.0070740 0.0018320
v -0.0001133 -0.0055433 -0.0027487
v -0.0169390 0.0023863 -0.0027487
v -0.0045071 -0.0034716 0.0072512
v -0.0013041 -0.0049807 0.0072512
v -0.0022486 0.0061130 -0.0027487
v -0.0015813 -0.0027306 0.0072512
v 0.0016319 0.0025864 0.0022564
v 0.0048656 -0.0080584 0.0043429
v 0.0095879 0.0009745 0.0043429
v 0.0095879 0.0009745 -0.0056570
v 0.0048656 -0.0080584 -0.0056570
v -0.0077614 -0.0021086 -0.0010767
v -0.0039219 -0.0039206 0.0043429
v -0.0040040 -0.0038773 -0.0056570
v -0.0057287 0.0103645 -0.0056570
v -0.0053797 0.0040360 0.0043429
v 0.0016730 0.0058264 0.0043429
v -0.0070633 0.0111812 -0.0040592
v -0.0092602 0.0075518 -0.0006518
v 0.0078838 -0.0072741 -0.0045924
v -0.0043531 -0.0015082 -0.0045924
v -0.0043531 -0.0015082 0.0054075
v 0.0179957 -0.0120394 0.0054075
v 0.0011699 0.0090555 -0.0045924
v 0.0057280 0.0177856 0.0054075
v 0.0015498 0.0080981 -0.0016976
v -0.0006368 0.0044687 0.0017098
v -0.0045276 0.0079953 -0.0032957
v -0.0001133 0.0091150 -0.0032957
v 0.0008620 -0.0051917 0.0012849
v 0.0046090 -0.0069604 -0.0032957
v -0.0023820 -0.0036610 -0.0032957
v 0.0028843 0.0072814 -0.0032957
v 0.0488343 -0.0324258 0.0058760
v 0.0364024 -0.0265625 -0.0041239
v -0.0435995 0.0111434 -0.0041239
v -0.0334876 0.0063781 0.0058760
v 0.0510928 -0.0228357 -0.0041239
v 0.0503023 -0.0185248 -0.0041239
v -0.0441127 0.0393348 -0.0041239
v -0.0503133 0.0274730 -0.0041239
v -0.0441127 0.0393348 0.0058760
v -0.0457553 0.0362031 0.0058760
v 0.0501586 -0.0184382 0.0058760
v 0.0517703 -0.0316794 0.0058760
v 0.0541212 -0.0208669 0.0011229
v 0.0549733 -0.0263624 0.0008812
v 0.0001536 0.0028677 -0.0028127
v 0.0084690 -0.0022276 -0.0028127
v 0.0014163 -0.0040180 -0.0028127
v -0.0033060 0.0049934 -0.0075658
v -0.0002673 0.0031273 -0.0112145
v -0.0024539 -0.0004967 -0.0078071
v 0.0022273 -0.0002804 -0.0003753
v 0.0005643 0.0007365 -0.0019734
v -0.0038501 -0.0003831 -0.0019734
v 0.0000304 -0.0039098 0.0030317
v -0.0046405 0.0039278 -0.0019734
v -0.0008216 0.0015857 0.0032734
v 0.0008722 -0.0026441 -0.0033816
v -0.0035626 -0.0005562 0.0020377
v 0.0047117 -0.0044561 0.0020377
v -0.0038398 0.0016993 0.0020377
v 0.0032539 0.0034951 0.0020377
v -0.0006266 0.0070163 -0.0029571
v -0.0060264 0.0057344 0.0032730
v 0.0013958 0.0011801 0.0032730
v 0.0026688 -0.0057055 0.0032730
v -0.0044250 -0.0075067 0.0032730
v -0.0020638 0.0033058 -0.0014800
v -0.0012117 -0.0021897 -0.0017217
v -0.0951546 0.0242979 0.0050106
v -0.0729393 0.0668123 0.0050106
v -0.0729393 0.0668123 -0.0049893
v -0.0951546 0.0242979 -0.0049893
v 0.0922486 -0.0640249 0.0050106
v 0.1039722 -0.0415994 0.0050106
v 0.1039722 -0.0415994 -0.0049893
v 0.0922486 -0.0640249 -0.0049893
v 0.0066827 -0.0308896 0.0034611
v 0.0042908 -0.0298079 0.0003859
v 0.0030691 -0.0325232 0.0034611
v -0.0060983 0.0073625 0.0034611
v 0.0026996 0.0019698 0.0034611
v -0.0019817 0.0048419 -0.0024346
v -0.0020535 0.0038899 0.0036002
v -0.0074328 0.0063186 -0.0033245
v 0.0006977 0.0100021 -0.0033245
v 0.0003692 -0.0094702 0.0046877
v 0.0037056 -0.0030822 -0.0033245
v -0.0044147 -0.0186167 -0.0033245
v 0.0022068 -0.0003074 -0.0040787
v 0.0045987 -0.0013838 -0.0010035
v 0.0009852 -0.0030227 -0.0010035
v 0.0058101 -0.0113958 -0.0010035
v 0.0037980 -0.0152469 -0.0010035
v 0.0046193 -0.0136621 -0.0029912
v -0.0086134 0.0148593 0.0059112
v 0.0122879 0.0020509 0.0059112
v 0.0038083 -0.0141760 0.0059112
v -0.0046303 -0.0180001 0.0059112
v -0.0132844 0.0177261 0.0000155
v -0.0104202 0.0159681 -0.0040887
v 0.0122879 0.0020509 -0.0040887
v 0.0086230 -0.0049645 -0.0040887
v -0.0042710 -0.0108062 -0.0040887
v -0.0070222 -0.0169237 0.0028360
v -0.0017661 0.0026405 0.0033416
v 0.0066827 0.0064646 0.0033416
v -0.0005445 -0.0073715 0.0033416
v 0.0114974 0.0156761 -0.0066579
v 0.0016011 -0.0032499 -0.0066579
v -0.0017353 -0.0096379 0.0013539
v -0.0014068 0.0098344 -0.0066579
v -0.0041478 0.0037223 0.0002664
v -0.0225031 0.0316379 0.0046391
v -0.0225031 0.0316379 -0.0053608
v 0.0669125 0.0032030 -0.0053608
v 0.0669125 0.0032030 0.0046391
v 0.0531460 -0.0475601 0.0046391
v -0.0775178 0.0140209 0.0046391
v -0.0884920 0.0514076 0.0046391
v 0.0673642 0.0029217 0.0046391
v 0.0765316 -0.0369639 0.0046391
v 0.0682265 0.0023971 -0.0053608
v 0.0714808 0.0004012 -0.0012567
v 0.0455287 -0.0439739 -0.0053608
v -0.0727442 0.0117708 -0.0053608
v -0.0790680 0.0147511 0.0022598
v -0.0879582 0.0512508 -0.0053608
v 0.0723739 -0.0318146 -0.0053608
v -0.0916642 0.0523596 -0.0005377
v 0.0777532 -0.0342486 0.0015638
v -0.0149988 -0.0069766 0.0053385
v -0.0149988 -0.0069766 -0.0046614
v -0.0023102 0.0173096 -0.0046614
v -0.0023102 0.0173096 0.0053385
v 0.0019193 0.0160439 0.0053385
v 0.0165174 -0.0218296 0.0053385
v 0.0184884 -0.0227600 0.0029593
v 0.0135403 -0.0204287 -0.0046614
v 0.0029357 0.0157356 -0.0046614
v 0.0058922 0.0148539 0.0001618
v 0.0089309 0.0092556 0.0052481
v 0.0117335 -0.0029740 0.0052481
v 0.0072473 -0.0115689 0.0052481
v -0.0144650 -0.0013405 0.0052481
v 0.0125650 -0.0013838 0.0032604
v 0.0077914 -0.0105303 -0.0047514
v 0.0072473 -0.0115689 -0.0047514
v -0.0220720 0.0022456 -0.0047514
v 0.0047630 0.0144050 -0.0047514
v 0.0101526 0.0119709 0.0021733
v 0.0110046 -0.0091511 -0.0032283
v -0.0002467 -0.0038449 -0.0032283
v 0.0046911 -0.0061707 0.0043924
v -0.0042094 0.0303289 -0.0032283
v -0.0108616 0.0323248 -0.0032283
v -0.0079051 0.0314378 0.0015952
v -0.0055131 -0.0048131 -0.0041515
v -0.0001338 -0.0072471 0.0027731
v 0.0026174 -0.0011296 -0.0041515
v -0.0035421 0.0256502 -0.0041515
v -0.0064063 0.0274027 -0.0000474
v -0.0096605 0.0293986 -0.0041515
v 0.0106043 -0.0347679 0.0018902
v 0.0070933 -0.0331073 0.0018902
v -0.0075047 0.0047608 0.0018902
v -0.0003597 0.0026242 0.0018902
v 0.0090644 -0.0340377 -0.0004894
v -0.0035318 0.0035708 -0.0032866
v -0.0032341 -0.0007293 -0.0048004
v -0.0017148 0.0027703 -0.0048004
v -0.0262810 0.0101319 -0.0048004
v 0.0029357 -0.0036393 0.0051995
v -0.0262810 0.0101319 0.0051995
v 0.0048656 0.0007960 0.0051995
v -0.0965199 0.0399461 -0.0046062
v 0.0440402 -0.0262974 -0.0046062
v 0.0449128 -0.0246261 -0.0046062
v 0.0374187 0.0037709 -0.0046062
v -0.0949903 0.0434402 -0.0046062
v 0.0454876 0.0013531 0.0053937
v 0.0498506 -0.0151766 0.0053937
v 0.0440402 -0.0262974 0.0053937
v -0.0903502 0.0370360 0.0053937
v -0.0884099 0.0414714 0.0053937
v -0.0065808 -0.0205802 -0.0054631
v 0.0052455 0.0020347 -0.0054631
v -0.0140646 0.0078168 -0.0054631
v 0.0052455 0.0020347 0.0045364
v -0.0016429 -0.0111307 0.0045364
v -0.0059956 0.0054045 0.0045364
v -0.0160254 -0.0039422 -0.0052229
v 0.0392049 -0.0110550 -0.0052229
v 0.0401289 -0.0075716 -0.0052229
v -0.0101430 0.0161250 -0.0052229
v -0.0161178 -0.0038232 -0.0052229
v -0.0101430 0.0161250 0.0047766
v 0.0456724 -0.0101842 0.0047766
v 0.0452310 -0.0118339 0.0047766
v -0.0067553 -0.0051376 0.0047766
v -0.0138901 0.0036465 0.0047766
v -0.0001646 -0.0009240 -0.0099887
v -0.0001954 -0.0010268 -0.0099887
v -0.0000722 -0.0010430 -0.0099887
v -0.0001954 -0.0010268 0.0000113
v 0.0020733 0.0065403 0.0000113
v 0.0092081 -0.0022384 0.0000113
v 0.0113229 -0.0031742 0.0006016
v 0.0008004 0.0017859 0.0006016
v -0.0001338 -0.0016975 0.0006016
v 0.0063439 -0.0008267 0.0106015
v 0.0113229 -0.0031742 0.0106015
v 0.0059025 -0.0024764 0.0106015
v 0.0039520 -0.0091511 -0.0042051
v 0.0039520 -0.0091511 0.0057948
v 0.0099575 0.0109000 0.0057948
v 0.0099575 0.0109000 -0.0042051
v 0.0001126 -0.0086534 -0.0042051
v 0.0096495 0.0110406 -0.0042051
v -0.0033984 0.0037114 -0.0042051
v 0.0074424 0.0120845 0.0057948
v 0.0051326 0.0131717 0.0022499
v -0.0084492 -0.0075500 0.0057948
v -0.0102252 -0.0013189 0.0057948
v -0.0076690 0.0047878 0.0005981
v 0.0679699 -0.0157824 -0.0052467
v 0.0654445 -0.0069280 -0.0052467
v -0.0180683 0.0324330 -0.0052467
v -0.0492457 0.0233135 -0.0052467
v -0.0614723 -0.0174917 -0.0052467
v 0.0472534 -0.0314955 -0.0052467
v -0.0614723 -0.0174917 0.0047532
v -0.0465458 0.0323302 0.0047532
v 0.0559177 -0.0024331 0.0047532
v -0.0288372 0.0375066 0.0047532
v 0.0421512 -0.0308410 0.0047532
v 0.0497377 -0.0318200 -0.0024898
v 0.0609891 -0.0202610 0.0047532
v 0.0656087 -0.0214240 -0.0004434
v 0.0070420 -0.0023736 -0.0035827
v -0.0016942 0.0017426 -0.0035827
v -0.0079256 -0.0029848 -0.0035827
v -0.0060162 -0.0097028 -0.0035827
v 0.0025148 -0.0002425 0.0028724
v -0.0102868 -0.0086264 0.0012206
v 0.0046809 -0.0004156 -0.0044940
v 0.0027714 0.0063077 -0.0044940
v -0.0179451 -0.0094053 -0.0044940
v -0.0125658 -0.0101030 -0.0044940
v -0.0154505 -0.0097298 -0.0017371
v 0.0004103 0.0006662 0.0003093
v 0.0226769 -0.0066359 -0.0056328
v -0.0022486 0.0051178 -0.0056328
v -0.0085005 -0.0157500 -0.0056328
v -0.0022486 0.0051178 0.0043671
v -0.0058006 -0.0067332 0.0043671
v 0.0119080 -0.0015569 0.0043671
v -0.0019406 -0.0015028 -0.0057723
v 0.0043010 0.0032301 -0.0057723
v -0.0044557 0.0073517 -0.0057723
v 0.0085100 0.0012450 0.0006828
v 0.0060257 0.0024133 0.0042276
v -0.0139927 0.0118465 0.0042276
v -0.0089214 -0.0059760 0.0042276
v -0.0043018 -0.0071443 -0.0009686
v -0.0064576 -0.0041586 0.0059461
v -0.0130072 -0.0033148 -0.0012969
v 0.0028638 0.0070758 0.0007494
v 0.0003076 0.0009745 0.0059461
v 0.0106556 -0.0063600 -0.0040538
v 0.0071344 0.0059994 -0.0040538
v -0.0101122 -0.0036880 -0.0040538
v 0.0020836 -0.0052566 0.0059461
v -0.0083362 -0.0037367 -0.0055401
v -0.0017969 -0.0045805 0.0017029
v 0.0049786 0.0005526 0.0017029
v 0.0075245 0.0066593 -0.0034934
v -0.0159330 -0.0027577 0.0017029
v 0.0029049 0.0078223 0.0017029
v 0.0150083 0.0061401 0.0046498
v 0.0102142 0.0084010 0.0046498
v 0.0126985 0.0072327 0.0011049
v -0.0026592 -0.0072579 0.0046498
v -0.0047329 0.0000117 0.0046498
v -0.0001133 -0.0011566 -0.0005465
v 0.0016114 -0.0325340 0.0038561
v 0.0135095 0.0071678 0.0038561
v 0.0135095 0.0071678 -0.0061438
v -0.0016224 -0.0433519 -0.0061438
v -0.0277798 0.0266238 -0.0061438
v -0.0189409 0.0224589 0.0038561
v 0.0158398 0.0115166 -0.0036819
v -0.0185816 -0.0065926 -0.0036819
v -0.0223491 -0.0191738 -0.0036819
v 0.0250894 0.0071624 -0.0036819
v 0.0196690 0.0097154 0.0025889
v -0.0201009 -0.0116879 0.0033631
v -0.0318758 -0.0145005 0.0027214
v 0.0037364 0.0052746 0.0027214
v 0.0092389 0.0026892 0.0027214
v -0.0334568 -0.0197742 0.0027214
v 0.0069599 0.0037601 -0.0010081
v -0.0328203 -0.0176377 -0.0002339
v -0.0611541 -0.0392194 0.0050102
v 0.1010157 -0.0601142 0.0050102
v 0.1010157 -0.0601142 -0.0049897
v -0.0722823 -0.0377861 -0.0049897
v 0.1075961 -0.0381431 0.0050102
v 0.1043521 -0.0489610 -0.0049897
v 0.0782049 0.0210147 -0.0049897
v -0.0352123 0.0744660 -0.0049897
v -0.0826508 0.0481298 -0.0049897
v -0.0991172 -0.0068577 -0.0049897
v 0.0870438 0.0168498 0.0050102
v -0.0965815 0.0016074 0.0050102
v -0.0810390 0.0534793 0.0050102
v -0.0383536 0.0759427 0.0050102
v -0.0406224 0.0770190 0.0012811
v -0.0804025 0.0556158 0.0020553
v -0.0147319 -0.0155066 -0.0038114
v 0.0196895 0.0026026 -0.0038114
v -0.0057184 0.0145835 -0.0038114
v -0.0153170 -0.0174592 0.0061886
v -0.0057184 0.0145835 0.0061886
v 0.0202952 0.0023159 0.0061886
v 0.0235187 0.0008014 0.0024594
v -0.0162615 -0.0205964 0.0032336
v -0.0127916 -0.0070848 0.0060629
v 0.0330865 -0.0129968 0.0060629
v 0.0219686 -0.0115634 -0.0039370
v -0.0127916 -0.0070848 -0.0039370
v -0.0048664 0.0193650 -0.0039370
v -0.0023410 0.0278300 0.0060629
v -0.1658350 -0.0814850 -0.0050299
v -0.1658350 -0.0814850 0.0049696
v -0.1297608 0.1616530 -0.0050299
v -0.1297608 0.1616530 0.0049696
v -0.1658350 0.1729253 -0.0050299
v -0.1658350 0.1729253 0.0049696
v 0.2174305 -0.0019734 -0.0050299
v 0.2174305 -0.0019734 0.0049696
v 0.1802578 -0.1260765 -0.0050299
v 0.1802578 -0.1260765 0.0049696
v 0.0057280 -0.0105249 0.0107390
v 0.0033258 -0.0067008 0.0107390
v 0.0041778 -0.0061599 0.0107390
v 0.0020117 -0.0000207 0.0007391
v -0.0000517 -0.0013189 0.0007391
v 0.0057280 -0.0105249 0.0007391
v 0.0026380 0.0104835 -0.0042683
v 0.0026380 0.0104835 0.0057316
v -0.0097119 0.0042902 0.0057316
v -0.0097119 0.0042902 0.0043361
v -0.0033470 0.0074815 -0.0042683
v 0.0212089 -0.0449692 0.0057316
v 0.0220610 -0.0444283 0.0057316
v 0.0198949 -0.0382837 -0.0042683
v -0.0047021 -0.0036934 -0.0042683
v 0.0178314 -0.0395873 -0.0042683
v 0.0060668 0.0022510 0.0001832
v -0.0002981 -0.0009403 0.0001832
v 0.0047117 -0.0089239 0.0001832
v -0.0002981 -0.0009403 0.0087877
v 0.0013034 0.0005688 -0.0007449
v 0.0010775 0.0004985 -0.0005193
v 0.0012110 0.0007582 -0.0004971
v 0.0009749 0.0006500 -0.0006878
v -0.0005855 0.0080062 0.0021380
v -0.0061393 -0.0016110 0.0021380
v -0.0043223 -0.0051755 -0.0026445
v 0.0006361 0.0045715 -0.0018144
v 0.0015806 -0.0025846 0.0021380
v 0.0024429 -0.0005454 0.0021380
v 0.0177288 -0.0380944 0.0047099
v 0.0232826 -0.0284718 0.0047099
v 0.0245042 -0.0319119 0.0007575
v 0.0195458 -0.0416589 -0.0000730
v -0.0395342 0.0382530 0.0047099
v -0.0395342 0.0382530 -0.0052900
v -0.0393905 0.0382260 -0.0052900
v -0.0393905 0.0382260 0.0047099
v 0.0041368 0.0233135 -0.0052900
v -0.0079256 0.0274460 0.0047099
v 0.0075861 -0.0368125 0.0047099
v 0.0091054 -0.0392357 0.0015129
v 0.0052250 -0.0330478 -0.0052900
v 0.0122263 0.0027919 0.0047099
v 0.0056048 0.0215123 -0.0052900
v 0.0217324 -0.0240852 -0.0052900
v 0.0162300 -0.0371099 -0.0052900
v 0.0193097 -0.0417617 -0.0002634
v -0.0004931 0.0004498 -0.0106176
v 0.0004513 0.0001199 -0.0106176
v 0.0004513 0.0001199 -0.0006177
v -0.0125555 0.0045823 -0.0006177
v 0.0075964 -0.0200717 -0.0006177
v 0.0009749 -0.0013513 -0.0106176
v -0.0076074 0.0045498 0.0018645
v -0.0057800 0.0016398 0.0050616
v -0.0034600 -0.0020653 0.0050616
v -0.0011604 -0.0057272 -0.0003898
v -0.0038911 -0.0013784 -0.0049383
v -0.0043736 -0.0006049 -0.0049383
v -0.0021049 0.0002822 0.0050616
v -0.0036037 -0.0007023 -0.0049383
v 0.0026996 0.0018670 0.0002568
v 0.0025969 0.0020184 0.0000882
v 0.0003692 0.0000063 -0.0016945
v 0.0062618 0.0025972 0.0030884
v -0.0014479 0.0035708 0.0030884
v 0.0031820 -0.0046941 0.0030884
v -0.0045687 -0.0018327 0.0030884
v 0.0002357 -0.0002533 -0.0017164
v 0.0012007 -0.0058678 0.0026697
v 0.0012007 -0.0058678 -0.0004113
v -0.0002262 -0.0036015 -0.0027821
v -0.0025258 0.0000604 0.0026697
v 0.0065800 -0.0004534 0.0026697
v 0.0051223 -0.0038990 0.0026697
v -0.0011707 0.0024079 0.0026697
v 0.0036337 0.0039927 -0.0021351
v 0.0035106 0.0002064 -0.0018727
v 0.0036132 0.0000496 -0.0017041
v 0.0037467 0.0003092 -0.0016823
v -0.0048664 -0.0001776 0.0031007
v -0.0066937 0.0027324 -0.0000964
v -0.0082131 0.0051556 0.0031007
v 0.0019296 0.0038737 0.0031007
v -0.0011912 -0.0015352 0.0031007
v -0.0062625 0.0002173 -0.0028070
v -0.0060367 0.0002930 -0.0030326
v -0.0061291 0.0004769 -0.0027847
v -0.0002262 0.0030732 0.0019982
v 0.0014266 0.0028622 0.0019982
v 0.0036645 -0.0034446 0.0019982
v -0.0001852 -0.0053756 0.0019982
v -0.0033060 -0.0042235 0.0019982
v 0.0031410 -0.0019788 -0.0046292
v 0.0036645 -0.0034446 -0.0028001
v -0.0014376 0.0028244 -0.0015474
v -0.0064063 0.0011855 0.0034221
v -0.0045276 -0.0025197 -0.0015474
v 0.0018064 0.0016236 -0.0015474
v 0.0032847 -0.0025575 -0.0015474
v 0.0032847 -0.0025575 -0.0001872
v 0.0027714 -0.0010863 0.0018254
v 0.0017756 -0.0033148 -0.0015474
v 0.0012931 0.0087364 0.0008494
v 0.0030999 0.0036195 0.0048022
v 0.0022376 0.0015803 0.0048022
v -0.0036550 -0.0010106 0.0000193
v 0.0039007 0.0013694 0.0048022
v 0.0031513 0.0034735 -0.0051977
v 0.0046501 -0.0007563 -0.0051977
v 0.0056048 -0.0034662 -0.0018252
v 0.0014061 0.0004390 -0.0051977
v -0.0035626 -0.0011945 -0.0002282
v -0.0046200 -0.0060571 0.0008065
v -0.0031930 -0.0083235 0.0031773
v -0.0031930 -0.0083235 -0.0025679
v 0.0021863 -0.0029037 0.0062583
v 0.0053071 -0.0040558 0.0062583
v 0.0007285 -0.0063546 0.0062583
v 0.0086435 -0.0006590 -0.0003691
v 0.0091568 -0.0021302 -0.0023814
v 0.0091568 -0.0021302 0.0014600
v 0.0013547 -0.0020924 -0.0037416
v -0.0018585 -0.0076528 -0.0037416
v 0.0076477 -0.0028875 -0.0037416
v -0.0005342 0.0016128 0.0012279
v -0.0007600 0.0015370 0.0014535
v -0.0038501 -0.0044453 0.0022288
v -0.0041786 -0.0043641 0.0022859
v -0.0039425 -0.0042614 0.0024767
v 0.0010160 0.0054856 0.0033068
v -0.0017558 0.0133123 -0.0027403
v 0.0028741 0.0002281 -0.0027403
v -0.0072583 0.0002876 -0.0027403
v 0.0011186 -0.0028063 -0.0027403
v 0.0042600 0.0050529 0.0025586
v 0.0040341 0.0049771 0.0027843
v 0.0039315 0.0051340 0.0026157
v 0.0001742 -0.0026170 0.0021376
v 0.0015908 -0.0048834 -0.0012372
v 0.0015908 -0.0048834 -0.0024105
v -0.0025566 0.0017318 -0.0024105
v -0.0022691 0.0024079 -0.0024105
v 0.0029357 -0.0042127 -0.0024105
v 0.0061386 0.0013477 -0.0024105
v -0.0004315 -0.0028875 -0.0017501
v 0.0057690 -0.0001614 0.0032765
v 0.0026893 0.0044849 -0.0017501
v -0.0044352 0.0023646 0.0050528
v -0.0012015 -0.0027901 -0.0017501
v -0.0083157 0.0085471 -0.0017501
v -0.0002365 0.0001091 0.0005357
v 0.0047322 0.0017480 -0.0044334
v 0.0016524 -0.0035906 -0.0044334
v -0.0005650 0.0001902 0.0005931
v -0.0067656 -0.0025305 -0.0044334
v -0.0036447 0.0048419 -0.0044334
v 0.0498609 0.0053125 -0.0052429
v 0.0498609 0.0053125 0.0047570
v 0.0489164 0.0032571 0.0047570
v 0.0489164 0.0032571 -0.0052429
v 0.0521399 0.0047932 -0.0052429
v 0.0521399 0.0047932 0.0047570
v 0.0513186 0.0041983 -0.0052429
v 0.0513186 0.0041983 0.0047570
v 0.0523247 0.0047121 -0.0052429
v 0.0522734 0.0047500 -0.0052429
v 0.0522734 0.0047500 0.0047570
v 0.0523247 0.0047121 0.0047570
v -0.0163333 -0.0086210 0.0047570
v -0.0163333 -0.0086210 -0.0052429
v -0.0169493 0.0139182 -0.0052429
v -0.0169493 0.0139182 0.0047570
v -0.0201420 -0.0288883 0.0053270
v 0.0696740 -0.0125371 0.0053270
v 0.0605169 -0.0142030 -0.0046729
v -0.0303770 -0.0307490 -0.0046729
v 0.0710188 -0.0003399 -0.0046729
v 0.0508259 0.0190242 -0.0046729
v -0.0480035 0.0317569 -0.0046729
v -0.0465766 -0.0207533 -0.0046729
v 0.0620875 0.0175746 0.0028655
v 0.0593157 0.0179316 0.0053270
v -0.0480035 0.0317569 0.0053270
v -0.0468024 -0.0124289 0.0053270
v 0.0755461 -0.0047860 0.0053270
v 0.0762236 0.0011151 0.0005284
v 0.0224305 0.0000496 0.0055408
v 0.0121955 -0.0018111 -0.0044591
v -0.0036550 -0.0046995 -0.0044591
v -0.0036550 -0.0046995 0.0055408
v -0.0040040 0.0081847 -0.0044591
v -0.0042299 0.0165090 0.0055408
v -0.0030083 0.0054531 0.0010474
v -0.0082131 0.0039981 -0.0041538
v -0.0022589 0.0118519 -0.0041538
v 0.0062515 -0.0053161 -0.0004821
v 0.0095674 -0.0047157 -0.0041538
v 0.0022581 -0.0060463 -0.0041538
v 0.0003281 -0.0030714 -0.0046365
v 0.0059436 0.0043497 -0.0046365
v -0.0060880 0.0059021 -0.0046365
v 0.0131297 0.0034248 0.0053634
v -0.0108822 0.0065187 0.0053634
v -0.0145676 0.0069947 0.0029019
v 0.0043832 -0.0081233 0.0053634
v -0.0004213 -0.0094702 0.0005652
v 0.0008825 -0.0124667 -0.0015562
v 0.0065390 -0.0114390 0.0036488
v 0.0065390 -0.0114390 -0.0052283
v 0.0041984 -0.0118663 -0.0052283
v -0.0076279 0.0047013 -0.0052283
v 0.0059333 0.0111001 -0.0052283
v -0.0020125 0.0121224 -0.0052283
v 0.0059333 0.0111001 0.0047716
v 0.0051839 0.0111974 0.0047716
v -0.0035729 -0.0003507 0.0047716
v 0.0064979 -0.0100111 0.0047716
v -0.0083773 -0.0016975 -0.0000267
v -0.0137874 0.0158221 0.0041828
v -0.0101020 0.0153515 0.0066444
v -0.0165489 0.0161791 0.0066444
v -0.0003289 -0.0065385 0.0066444
v 0.0051634 0.0007095 0.0066444
v 0.0003589 -0.0006374 0.0018457
v 0.0102552 -0.0036880 0.0032382
v 0.0102552 -0.0036880 0.0021154
v 0.0045987 -0.0047157 -0.0030900
v -0.0011193 -0.0057596 0.0032382
v -0.0053386 0.0001524 0.0032382
v 0.0001434 0.0074004 0.0032382
v 0.0102142 -0.0022546 0.0032382
v -0.0046611 0.0060589 -0.0015605
v 0.0006566 -0.0110658 -0.0034229
v 0.0058717 -0.0096108 0.0017783
v 0.0066108 -0.0032120 -0.0034229
v 0.0002050 0.0057614 -0.0034229
v -0.0195363 0.0083037 -0.0034229
v -0.0082746 0.0068541 0.0041154
v -0.0078024 -0.0064358 0.0060395
v 0.0022889 -0.0045967 0.0060395
v 0.0080070 -0.0035582 -0.0002883
v 0.0040238 -0.0042830 -0.0039604
v -0.0169493 -0.0081017 -0.0039604
v -0.0064473 0.0057614 -0.0039604
v -0.0019303 0.0013153 0.0060395
v -0.0012425 0.0072165 0.0012409
v 0.0011597 0.0012450 -0.0012640
v 0.0011905 0.0001307 -0.0001561
v 0.0000818 -0.0001776 -0.0012640
v 0.0012315 -0.0012810 -0.0012640
v 0.0072371 -0.0066467 0.0035086
v 0.0072371 -0.0066467 -0.0064913
v -0.0235913 -0.0122558 -0.0064913
v -0.0144444 -0.0105898 0.0035086
v 0.0063850 0.0246982 -0.0064913
v 0.0052352 0.0257962 -0.0064913
v 0.0065903 0.0171689 0.0035086
v 0.0063439 0.0261099 -0.0053834
v 0.0558048 -0.0347084 0.0045433
v 0.0466579 -0.0363743 -0.0054566
v -0.0374297 -0.0516817 -0.0054566
v -0.0271844 -0.0498156 0.0045433
v 0.0754845 0.0016831 -0.0054566
v 0.0357556 0.0397784 -0.0054566
v -0.0628274 0.0524840 -0.0054566
v -0.0603841 -0.0375156 -0.0054566
v 0.0470480 0.0383234 0.0021020
v 0.0443071 0.0386804 0.0045433
v -0.0628274 0.0524840 0.0045433
v -0.0606100 -0.0291858 0.0045433
v 0.0768396 -0.0068739 0.0045433
v 0.0768396 -0.0069496 0.0045433
v 0.0765419 0.0039981 -0.0027713
v 0.0765932 0.0019914 -0.0043492
v 0.0268448 -0.0008862 0.0058618
v 0.0165995 -0.0027523 -0.0041381
v -0.0058519 -0.0068414 -0.0041381
v -0.0058519 -0.0068414 0.0058618
v -0.0063447 0.0114138 -0.0041381
v -0.0065705 0.0197436 0.0058618
v 0.0056253 0.0063781 -0.0056148
v -0.0145368 0.0089744 -0.0056148
v 0.0063439 -0.0202665 -0.0056148
v -0.0230369 0.0100724 0.0019434
v 0.0056253 0.0063781 0.0043851
v -0.0193926 0.0096018 0.0043851
v 0.0062002 -0.0149440 0.0043851
v 0.0064569 -0.0242529 -0.0029299
v -0.0268456 0.0276244 0.0030631
v -0.0232012 0.0271593 0.0055044
v -0.0295968 0.0279814 0.0055044
v 0.0023916 0.0026134 0.0055044
v 0.0029357 -0.0175728 0.0055044
v 0.0026482 -0.0067008 -0.0018102
v 0.0233134 -0.0330911 -0.0048514
v 0.0232929 -0.0319768 -0.0059588
v 0.0222047 -0.0334048 -0.0059588
v 0.0231594 -0.0270926 -0.0059588
v 0.0022684 0.0021483 -0.0059588
v -0.0175139 0.0046959 -0.0059588
v -0.0062317 0.0032409 0.0015994
v 0.0232621 -0.0310844 -0.0032739
v -0.1902267 -0.1204566 -0.0049900
v -0.1902267 -0.1204566 0.0050099
v -0.1902267 0.1175916 0.0050099
v -0.1902267 0.1175916 -0.0049900
v 0.2284868 -0.0442281 0.0050099
v 0.2284868 -0.0442281 -0.0049900
v 0.2255507 0.0640213 -0.0049900
v 0.2255507 0.0640213 0.0050099
v 0.0012315 0.0017696 -0.0018753
v 0.0009749 0.0026188 -0.0024235
v -0.0008216 -0.0050294 -0.0024235
v 0.0009338 -0.0043317 -0.0005135
v -0.0096503 0.0017318 -0.0024235
v 0.0003281 0.0033815 -0.0024235
v -0.0036139 0.0027270 0.0028344
v 0.0010570 -0.0018381 0.0019101
v -0.0004213 0.0021537 -0.0016390
v 0.0013753 0.0098019 -0.0016390
v 0.0016319 0.0089473 -0.0010912
v 0.0013342 0.0028460 0.0002706
v 0.0016627 0.0094720 -0.0016390
v 0.0012418 0.0008826 -0.0016390
v -0.0114057 0.0000334 0.0051459
v -0.0066116 0.0121278 0.0051459
v 0.0051428 0.0140696 0.0051459
v 0.0131091 0.0046959 0.0051459
v 0.0114769 -0.0286503 0.0051459
v 0.0068470 -0.0483389 0.0051459
v 0.0017038 -0.0347030 -0.0048541
v 0.0114974 0.0068973 -0.0048541
v 0.0026585 0.0136585 -0.0048541
v -0.0068374 0.0120899 -0.0048541
v -0.0116008 0.0005634 -0.0048541
v -0.0133357 0.0051665 0.0001905
v 0.0133760 0.0100886 -0.0005204
v 0.0132529 0.0075951 -0.0029441
v -0.0108000 0.0114354 0.0002622
v 0.0086948 0.0146538 0.0004039
v 0.0067443 0.0019157 -0.0021492
v -0.0016018 0.0005364 -0.0021492
v -0.0017250 0.0002173 -0.0021492
v 0.0019809 -0.0096054 -0.0021492
v 0.0002460 -0.0050078 0.0028953
v 0.0027919 0.0012612 0.0029670
v 0.0023300 0.0028785 0.0061679
v 0.0026072 0.0025431 0.0061679
v 0.0026688 0.0038034 0.0061679
v 0.0025456 0.0037818 0.0061679
v 0.0025866 0.0020239 0.0067160
v 0.0026688 0.0038034 0.0063192
v 0.0023402 -0.0101842 0.0022288
v -0.0013041 -0.0005346 0.0022288
v -0.0008319 0.0005959 0.0022288
v 0.0071344 0.0019103 0.0022288
v 0.0004000 -0.0050511 -0.0027261
v 0.0029459 0.0012179 -0.0026545
v -0.0022589 -0.0002804 0.0050830
v -0.0014171 -0.0001451 0.0050830
v -0.0018893 -0.0012702 0.0050830
v -0.0021562 -0.0005616 -0.0049169
v -0.0020227 -0.0002425 -0.0049169
v -0.0022589 -0.0002804 -0.0049169
v -0.0001852 -0.0057867 0.0001277
v 0.0023608 0.0004823 0.0001993
v -0.0068477 -0.0004372 0.0022997
v 0.0016524 0.0009691 0.0022997
v 0.0011186 -0.0098109 0.0022997
v 0.0016524 0.0009691 0.0018588
v 0.0013855 -0.0044128 -0.0033666
v -0.0032854 0.0001524 -0.0024423
v 0.0023300 -0.0133159 0.0096258
v 0.0021349 -0.0137162 0.0096258
v -0.0002159 -0.0091402 0.0096258
v -0.0010270 -0.0069929 0.0096258
v 0.0036132 0.0127011 0.0096258
v 0.0021349 -0.0137162 -0.0003741
v -0.0002159 -0.0091402 -0.0003741
v 0.0023300 -0.0133159 -0.0003741
v -0.0061701 0.0066431 -0.0003741
v 0.0052865 0.0469723 -0.0003741
v 0.0036235 0.0482434 -0.0003741
v 0.0053789 0.0489411 0.0015359
v 0.0006874 0.0010935 -0.0052930
v 0.0013342 0.0003309 -0.0052930
v 0.0015395 0.0012341 -0.0052930
v 0.0016730 0.0012558 0.0042660
v 0.0016730 0.0012558 -0.0051421
v 0.0015908 -0.0005184 -0.0047453
v 0.0014061 -0.0041261 -0.0009598
v -0.0032649 0.0004390 -0.0000351
v -0.0519764 0.0513481 0.0049945
v 0.0336408 0.0654926 0.0049945
v 0.0336408 0.0654926 -0.0050054
v -0.0519764 0.0513481 -0.0050054
v -0.0023102 -0.0803113 0.0049945
v 0.0267422 -0.0755135 0.0049945
v 0.0267422 -0.0755135 -0.0050054
v -0.0023102 -0.0803113 -0.0050054
v -0.0736887 0.0520513 -0.0048433
v -0.0736887 0.0520513 0.0051566
v 0.0589975 0.0520513 -0.0048433
v 0.0589975 0.0520513 0.0051566
v -0.0314242 -0.0600061 0.0051566
v 0.0542034 -0.0458616 0.0051566
v 0.0542034 -0.0458616 -0.0048433
v -0.0314242 -0.0600061 -0.0048433
v -0.0030391 -0.0100868 -0.0101875
v -0.0030391 -0.0100868 -0.0001876
v -0.0015813 -0.0085452 -0.0001876
v -0.0015813 -0.0085452 -0.0101875
v 0.0001331 -0.0052512 -0.0101875
v -0.0027619 -0.0044777 -0.0101875
v -0.0024436 0.0019103 -0.0001876
v 0.0030897 0.0004228 -0.0001876
v -0.0081515 0.0130203 0.0040828
v -0.0079769 0.0165956 -0.0010058
v -0.0027619 0.0209714 -0.0013214
v 0.0005951 0.0200086 0.0040828
v 0.0011391 0.0198518 -0.0059171
v -0.0082233 0.0114084 -0.0059171
v -0.0108616 -0.0423350 -0.0059171
v -0.0079667 -0.0431139 -0.0059171
v 0.0210754 0.0126579 -0.0059171
v 0.0205621 0.0142806 -0.0059171
v -0.0105434 -0.0359470 0.0040828
v 0.0133966 0.0163360 0.0040828
v 0.0169999 0.0048419 0.0040828
v -0.0050101 -0.0374345 0.0040828
v 0.0003795 0.0003958 -0.0051574
v -0.0016942 0.0009907 -0.0051574
v -0.0018072 -0.0013513 -0.0051574
v -0.0016942 0.0009907 0.0048425
v -0.0017148 0.0005688 0.0048425
v -0.0019817 -0.0048022 -0.0002462
v -0.0013555 0.0008934 0.0048425
v 0.0032334 -0.0004210 -0.0005614
v 0.0014574 -0.0001505 -0.0097209
v 0.0002768 0.0001848 -0.0097209
v 0.0007798 -0.0014379 -0.0097209
v -0.0068888 0.0022402 0.0002790
v 0.0014574 -0.0001505 0.0002790
v -0.0032854 -0.0092538 0.0002790
v -0.0016840 -0.0029416 -0.0026503
v -0.0018585 -0.0065169 0.0024384
v 0.0068880 0.0004715 0.0024384
v 0.0035311 0.0014343 -0.0029655
v -0.0014171 0.0024295 0.0024384
v -0.0010577 0.0027541 0.0024384
v 0.0006464 0.0008285 -0.0018298
v -0.0015402 -0.0009240 -0.0018298
v -0.0019714 -0.0095567 -0.0018298
v 0.0074013 -0.0011133 -0.0018298
v -0.0017148 -0.0043749 0.0030815
v 0.0035003 0.0000063 0.0027663
v 0.0806687 0.0662714 -0.0050080
v -0.0359206 0.0997150 -0.0050080
v 0.0806687 0.0662714 0.0049919
v -0.0359206 0.0997150 0.0049919
v -0.0168877 -0.1210894 -0.0050080
v -0.0463199 -0.1126460 -0.0050080
v -0.0463199 -0.1126460 0.0049919
v -0.0168877 -0.1210894 0.0049919
v -0.0437329 0.0238977 -0.0059010
v 0.0660501 0.0238977 -0.0059010
v 0.0660501 0.0238977 0.0040989
v -0.0576945 0.0238977 0.0040989
v 0.0469762 -0.0127372 0.0040989
v 0.0415969 -0.0230683 -0.0059010
v -0.0645521 0.0079791 -0.0059010
v -0.0463096 -0.0126128 -0.0059010
v 0.0238370 -0.0327341 -0.0059010
v -0.0699006 0.0145672 0.0040989
v 0.0149365 -0.0301811 0.0040989
v -0.0541836 -0.0103518 0.0040989
v -0.0557029 -0.0099191 0.0022468
v -0.0699006 0.0091961 -0.0009391
v -0.0084697 0.0051827 -0.0054509
v 0.0264650 0.0051827 -0.0054509
v 0.0124932 0.0051827 0.0045487
v -0.0055953 0.0051827 0.0045487
v -0.0102046 0.0051827 -0.0023151
v -0.0102046 0.0051827 -0.0034271
v 0.0056356 -0.0107305 -0.0054509
v -0.0102354 0.0046526 -0.0028514
v 0.0002871 -0.0041478 0.0045487
v 0.0002871 -0.0095189 -0.0004890
v 0.0087461 0.0096072 -0.0042097
v 0.0020528 -0.0032337 -0.0042097
v 0.0020528 -0.0032337 0.0057902
v 0.0141255 0.0199383 0.0057902
v -0.0090138 -0.0000586 -0.0042097
v -0.0179246 0.0024944 0.0057902
v 0.0006566 -0.0053864 -0.0037344
v 0.0006566 -0.0000910 0.0012275
v 0.0059949 -0.0013027 -0.0037344
v -0.0081001 0.0146105 -0.0037344
v -0.0098453 0.0146105 -0.0017106
v -0.0098453 0.0146105 -0.0037344
v -0.0099993 0.0115112 -0.0037344
v -0.0098659 0.0140804 -0.0011345
v 0.0057177 -0.0068144 -0.0038136
v -0.0049280 0.0100778 -0.0038136
v -0.0060675 -0.0131807 -0.0038136
v -0.0035524 -0.0139055 -0.0038136
v -0.0060675 -0.0131807 -0.0013364
v -0.0048048 0.0126470 -0.0012138
v -0.0051436 0.0058426 0.0061863
v -0.0056569 -0.0048401 0.0061863
v 0.0002973 -0.0002912 0.0061863
v 0.0057177 -0.0015244 0.0011482
v -0.0094552 -0.0045480 -0.0030958
v 0.0073295 -0.0093620 -0.0030958
v -0.0001749 0.0025431 -0.0030958
v -0.0115597 0.0045174 0.0069041
v -0.0119704 -0.0038232 0.0069041
v -0.0119704 -0.0038232 -0.0006185
v 0.0118772 -0.0106656 0.0069041
v -0.0056055 0.0090663 0.0069041
v 0.0140125 -0.0112768 0.0050520
v -0.0001852 0.0078331 0.0018664
v 0.0072473 -0.0081125 0.0025046
v 0.0126677 -0.0039693 0.0025046
v 0.0126780 -0.0093404 -0.0025331
v 0.0067854 0.0053612 0.0025046
v 0.0021760 0.0053612 0.0025046
v 0.0021760 0.0053612 -0.0043591
v 0.0018167 -0.0019788 0.0025046
v 0.0021555 0.0048311 -0.0048954
v -0.0011604 0.0054369 0.0037860
v -0.0065808 0.0012936 0.0037860
v -0.0011501 0.0000658 -0.0012517
v 0.0145566 -0.0194822 0.0037860
v 0.0109020 -0.0184328 0.0037860
v 0.0130373 -0.0190494 0.0019339
v -0.0084697 0.0151189 0.0013447
v -0.0084697 0.0098236 -0.0036171
v -0.0031315 0.0139019 -0.0036171
v -0.0009654 -0.0020761 -0.0036171
v 0.0151212 -0.0066900 -0.0036171
v 0.0057177 -0.0039963 0.0045307
v -0.0000106 -0.0015244 -0.0008874
v 0.0022171 -0.0000207 -0.0008874
v 0.0060873 -0.0102869 -0.0008874
v 0.0031102 -0.0060139 -0.0108873
v 0.0060873 -0.0102869 -0.0108873
v 0.0041984 -0.0052782 -0.0108873
v 0.0025866 0.0121873 0.0057208
v -0.0113955 0.0047013 0.0057208
v -0.0113955 0.0047013 -0.0042791
v -0.0047945 0.0082333 -0.0042791
v 0.0025866 0.0121873 0.0039545
v 0.0214450 -0.0378077 0.0057208
v 0.0192173 -0.0393114 0.0057208
v 0.0223381 -0.0438008 -0.0042791
v 0.0234263 -0.0430652 -0.0042791
v 0.0057690 0.0037277 -0.0042791
v -0.0071351 -0.0040396 -0.0004488
v 0.0034284 -0.0085452 -0.0004488
v 0.0002357 -0.0000856 -0.0004488
v 0.0002357 -0.0000856 0.0077848
v -0.0009756 -0.0151009 -0.0050054
v -0.0009756 -0.0151009 0.0049945
v 0.0129962 -0.0076149 0.0049945
v 0.0129962 -0.0076149 -0.0050054
v 0.0037877 0.0167795 -0.0050054
v -0.0048561 0.0187051 -0.0050054
v -0.0118677 0.0005526 -0.0050054
v 0.0063645 0.0099750 0.0049945
v -0.0149475 0.0049826 0.0021503
v -0.0131407 0.0023754 0.0049945
v -0.0088393 0.0133502 0.0049945
v -0.0108206 0.0155895 0.0021116
v 0.0058204 0.0028568 0.0017132
v 0.0014061 0.0038304 0.0017132
v 0.0038288 0.0050961 -0.0011697
v -0.0002981 -0.0055162 -0.0011310
v -0.0015197 -0.0037583 0.0017132
v 0.0015087 -0.0081179 0.0017132
v 0.0005643 -0.0063276 -0.0033003
v -0.0103176 -0.0039098 -0.0033003
v -0.0054002 -0.0094377 0.0038166
v 0.0045679 0.0040630 -0.0033003
v -0.0011912 0.0193487 -0.0033003
v 0.0022376 0.0102401 0.0037450
v -0.0463507 0.0652275 -0.0047265
v -0.0541322 0.0361706 -0.0047265
v 0.0251407 -0.0778178 -0.0047265
v 0.0374803 -0.0805601 -0.0047265
v 0.0466066 -0.0572962 -0.0047265
v -0.0074636 0.0860628 -0.0047265
v 0.0500457 -0.0664103 0.0023188
v 0.0490704 -0.0638194 0.0052730
v -0.0074636 0.0860628 0.0052730
v -0.0372141 0.0701226 0.0052730
v -0.0484860 0.0280463 0.0052730
v 0.0302736 -0.0851902 0.0052730
v 0.0399851 -0.0873483 0.0052730
v 0.0423976 -0.0860881 0.0023901
v 0.0085716 0.0068378 -0.0042595
v 0.0026072 0.0037223 0.0028574
v -0.0023102 0.0092502 -0.0042595
v -0.0060675 -0.0003399 -0.0042595
v 0.0015600 -0.0113146 -0.0042595
v -0.0015094 -0.0068901 0.0028961
v 0.0011186 0.0097857 -0.0059067
v -0.0028953 -0.0005995 -0.0059067
v 0.0057588 -0.0025251 -0.0059067
v -0.0012117 0.0159627 0.0011386
v 0.0083252 -0.0093295 0.0040932
v 0.0002255 0.0121386 0.0040932
v -0.0068682 -0.0059544 0.0040932
v -0.0088598 -0.0037150 0.0012102
v -0.0023307 -0.0103735 0.0026513
v -0.0043223 -0.0081342 -0.0002316
v -0.0067348 -0.0093945 0.0026513
v 0.0047630 0.0077195 0.0026513
v 0.0023505 0.0141291 0.0026513
v 0.0033258 0.0115436 -0.0003032
v 0.0107069 0.0119547 -0.0034164
v -0.0096913 0.0010286 -0.0034164
v 0.0029254 -0.0171022 -0.0034164
v 0.0198435 0.0168552 0.0065835
v -0.0096913 0.0010286 0.0065835
v 0.0085716 -0.0252265 0.0065835
v -0.0025771 -0.0041424 -0.0051946
v 0.0011802 0.0054477 -0.0051946
v -0.0111594 0.0081901 -0.0051946
v 0.0019707 -0.0106926 0.0019607
v -0.0060367 0.0008177 0.0048049
v 0.0007490 -0.0089293 0.0048049
v 0.0036748 -0.0013405 0.0048049
v 0.0060976 -0.0000802 0.0019220
v 0.0155216 0.0042037 -0.0058159
v 0.0059949 0.0042037 0.0041840
v -0.0078640 0.0042037 0.0041840
v -0.0078640 0.0042037 -0.0058159
v 0.0046295 -0.0137541 -0.0058159
v -0.0004623 -0.0064358 0.0041840
v 0.0035106 0.0086390 -0.0037060
v -0.0008935 0.0203007 -0.0037060
v -0.0146703 -0.0148359 -0.0037060
v -0.0031725 -0.0086805 -0.0037060
v 0.0017346 0.0133502 0.0016680
v -0.0077819 -0.0111470 0.0017573
v -0.0114468 0.0125226 -0.0046775
v -0.0007087 -0.0029253 -0.0046775
v 0.0165277 0.0063077 -0.0046775
v -0.0063241 0.0051502 0.0053224
v -0.0007087 -0.0029253 0.0053224
v 0.0082944 0.0018994 0.0053224
v -0.0379224 0.0335310 -0.0054463
v 0.0357453 0.0335310 -0.0054463
v 0.0357453 0.0335310 0.0045536
v -0.0474492 0.0335310 0.0045536
v -0.0488145 0.0155787 -0.0054463
v -0.0156969 -0.0320418 -0.0054463
v 0.0122776 -0.0382566 -0.0054463
v 0.0318341 -0.0277795 -0.0054463
v 0.0456108 0.0073625 -0.0054463
v 0.0482389 0.0004120 -0.0000719
v 0.0467093 0.0044633 0.0045536
v -0.0539064 0.0228916 0.0045536
v -0.0105639 -0.0394196 0.0045536
v 0.0348933 -0.0261406 0.0045536
v 0.0040546 -0.0426649 0.0045536
v 0.0387224 -0.0240906 0.0000170
v 0.0032128 0.0140371 -0.0033996
v 0.0054713 0.0080548 0.0012260
v 0.0016832 0.0180939 0.0012260
v -0.0101328 -0.0125100 0.0012260
v -0.0005958 -0.0073985 0.0012260
v -0.0063036 -0.0104600 -0.0033107
v 0.0002871 0.0096180 -0.0050046
v -0.0064063 -0.0076960 -0.0050046
v 0.0045987 -0.0018057 -0.0050046
v 0.0045885 -0.0018057 0.0049953
v 0.0007593 0.0083469 0.0049953
v -0.0014889 0.0143292 0.0003698
v -0.0052975 -0.0071065 0.0049953
v -0.0110156 -0.0101679 0.0004587
v -0.0474184 0.0248659 -0.0050015
v -0.0474184 0.0248659 0.0049984
v 0.0032128 -0.0099678 0.0049984
v 0.0096803 0.0030516 0.0049984
v 0.0032128 -0.0099678 -0.0050015
v 0.0096803 0.0030516 -0.0050015
v 0.0409707 -0.0474086 0.0055515
v 0.0621183 -0.0048509 0.0055515
v 0.0409707 -0.0474086 -0.0044484
v 0.0621183 -0.0048509 -0.0044484
v -0.0738735 0.0315946 0.0055515
v -0.0673957 0.0446194 0.0055515
v -0.0738735 0.0315946 -0.0044484
v -0.0673957 0.0446194 -0.0044484
v -0.0161280 -0.0416102 0.0047310
v -0.0161280 -0.0416102 -0.0052685
v 0.1561228 -0.0295266 0.0047310
v 0.1561228 -0.0295266 -0.0052685
v 0.0245658 -0.0397171 0.0047310
v 0.0245658 -0.0397171 -0.0052685
v -0.1051535 0.0196300 0.0047310
v -0.0840059 0.0621877 0.0047310
v -0.1051535 0.0196300 -0.0052685
v -0.0840059 0.0621877 -0.0052685
v -0.0457348 -0.0162043 0.0045640
v -0.0454781 -0.0159826 0.0045640
v -0.0457348 -0.0162043 -0.0054359
v -0.0454781 -0.0159826 -0.0054359
v -0.0454268 -0.0162963 0.0045640
v -0.0454268 -0.0162963 -0.0054359
v -0.0457553 -0.0162909 0.0045640
v -0.0457656 -0.0162801 0.0045640
v -0.0457656 -0.0162801 -0.0054359
v -0.0457553 -0.0162909 -0.0054359
v 0.0232826 -0.0042668 -0.0054359
v 0.0121544 0.0263533 -0.0054359
v 0.0232826 -0.0042668 0.0045640
v 0.0121544 0.0263533 0.0045640
v -0.0155326 0.0391834 -0.0048977
v -0.0155326 0.0391834 0.0051018
v 0.0101218 0.0329090 -0.0048977
v 0.0101218 0.0329090 0.0051018
v 0.0781536 -0.0080260 -0.0048977
v 0.0730001 0.0061509 -0.0048977
v 0.0781536 -0.0080260 0.0051018
v 0.0730001 0.0061509 0.0051018
v -0.0598914 -0.0321986 -0.0048977
v -0.0710196 -0.0015839 -0.0048977
v -0.0598914 -0.0321986 0.0051018
v -0.0710196 -0.0015839 0.0051018
v -0.0071146 0.0044795 -0.0064177
v -0.0045687 0.0075789 -0.0064177
v -0.0075458 0.0088500 -0.0019707
v -0.0083670 0.0079413 -0.0018887
v 0.0020117 -0.0037367 0.0035818
v -0.0051333 -0.0009727 0.0035818
v -0.0073405 0.0051016 0.0035818
v -0.0048356 0.0076924 0.0035818
v 0.0154292 -0.0009294 0.0035818
v 0.0160862 -0.0012756 0.0035818
v 0.0154292 -0.0009294 -0.0022553
v 0.0160862 -0.0012756 -0.0011058
v -0.0037577 -0.0047482 -0.0064177
v 0.0127293 -0.0018598 -0.0064177
v 0.0130167 0.0000983 -0.0064177
v -0.0037577 -0.0047482 -0.0005771
v 0.0003692 -0.0037367 0.0006548
v -0.0021767 -0.0068414 0.0006548
v -0.0034292 -0.0033797 0.0051838
v -0.0026182 -0.0024710 0.0051018
v -0.0039733 -0.0018922 0.0006548
v -0.0039733 -0.0018922 0.0023158
v 0.0041573 -0.0006914 0.0021147
v 0.0041573 -0.0006914 0.0074270
v 0.0035003 -0.0003453 0.0062770
v 0.0035003 -0.0003453 0.0021147
v 0.0010878 0.0006824 0.0021147
v 0.0008004 -0.0012756 0.0021147
v 0.0010570 0.0066377 -0.0020994
v 0.0082021 0.0038683 -0.0020994
v 0.0024326 0.0028622 -0.0020994
v 0.0024326 0.0028622 -0.0062584
v -0.0025566 0.0022294 -0.0020849
v 0.0015190 0.0004985 -0.0020849
v -0.0009859 -0.0020978 -0.0020849
v -0.0025566 0.0022294 -0.0056091
v -0.0011912 0.0016506 -0.0076378
v -0.0020125 0.0007419 -0.0075554
v -0.0056774 0.0043876 -0.0034750
v -0.0043120 0.0038088 -0.0006890
v -0.0056774 0.0043876 0.0013393
v -0.0051333 0.0029001 -0.0006070
v 0.0015395 -0.0018544 0.0013466
v 0.0077093 -0.0071281 0.0013466
v 0.0023710 -0.0008753 0.0013466
v 0.0077093 -0.0071281 0.0113465
v 0.0062207 -0.0058570 0.0113465
v 0.0064261 -0.0056190 0.0113465
v -0.0078229 0.0023538 -0.0054666
v -0.0026695 0.0075626 -0.0054666
v -0.0026695 0.0075626 0.0045333
v -0.0040246 0.0061942 0.0045333
v -0.0078229 0.0023538 -0.0018688
v 0.0215579 -0.0227600 -0.0054666
v 0.0223895 -0.0217810 -0.0054666
v 0.0264445 -0.0265246 0.0045333
v 0.0262392 -0.0267626 0.0045333
v -0.0024231 -0.0022600 0.0045333
v 0.0062002 -0.0055757 -0.0007116
v 0.0008004 -0.0009619 -0.0007116
v 0.0045987 0.0028785 -0.0007116
v 0.0008004 -0.0009619 -0.0071138
v -0.0150604 0.0353755 -0.0048403
v -0.0150604 0.0353755 0.0051596
v -0.0887590 0.0590234 -0.0048403
v -0.0711633 0.0543447 -0.0048403
v -0.0887590 0.0590234 0.0051596
v -0.0711633 0.0543447 0.0051596
v 0.0789235 -0.0746643 -0.0048403
v 0.0789235 -0.0746643 0.0051596
v 0.0737598 -0.0798732 -0.0048403
v 0.0737598 -0.0798732 0.0051596
v -0.0308698 -0.0403716 -0.0050004
v -0.0308698 -0.0403716 0.0049995
v -0.0383023 -0.0471760 -0.0050004
v -0.0383023 -0.0471760 0.0049995
v 0.0081918 0.0035438 -0.0050004
v 0.0081918 0.0035438 0.0049995
v 0.0016524 0.0088391 -0.0050004
v 0.0016524 0.0088391 0.0049995
v -0.0125658 -0.0091673 -0.0044043
v -0.0125658 -0.0091673 0.0055956
v -0.0060264 -0.0144572 0.0055956
v -0.0060264 -0.0144572 -0.0044043
v 0.0000407 0.0003958 -0.0044043
v -0.0059956 0.0000496 -0.0044043
v 0.0015190 -0.0059706 -0.0044043
v 0.0049888 -0.0020761 0.0008161
v 0.0016524 -0.0058245 0.0055956
v -0.0012733 0.0066701 0.0055956
v 0.0002665 0.0067567 0.0055956
v 0.0039109 0.0042361 0.0012964
v 0.0040546 -0.0012215 0.0023958
v 0.0011289 -0.0041207 -0.0019029
v -0.0025155 -0.0015947 0.0023958
v -0.0027106 0.0001956 0.0023958
v 0.0021349 0.0069947 0.0023958
v -0.0001954 0.0037169 -0.0013065
v 0.0274711 0.0521757 -0.0034114
v -0.0333747 -0.0331452 -0.0034114
v -0.0316089 -0.0491990 -0.0034114
v 0.0308793 0.0210526 -0.0034114
v 0.0290520 0.0508992 -0.0034114
v 0.0359712 0.0452955 0.0065881
v 0.0274711 0.0521757 0.0065881
v -0.0321838 -0.0498426 -0.0025882
v -0.0267224 -0.0437035 0.0065881
v 0.0370388 0.0279760 0.0065881
v -0.0353149 -0.0358659 0.0065881
v -0.0333952 -0.0440875 0.0065881
v -0.0376555 -0.0391437 0.0028862
v -0.0363210 -0.0469813 0.0022893
v -0.0116521 0.0130149 -0.0059665
v -0.0098145 -0.0168318 -0.0059665
v 0.0048554 -0.0003399 -0.0059665
v 0.0048554 -0.0003399 0.0040331
v -0.0047227 0.0074112 0.0040331
v -0.0036653 -0.0099137 0.0040331
v -0.0017764 0.0029542 0.0004345
v 0.0011391 0.0058534 0.0047333
v -0.0054310 0.0054802 0.0047333
v 0.0024634 0.0002064 0.0047333
v -0.0007087 -0.0033581 -0.0000458
v -0.0040451 -0.0071065 0.0047333
v 0.0024634 -0.0012648 -0.0069023
v -0.0006061 -0.0047157 -0.0025051
v 0.0025661 -0.0011512 0.0022740
v 0.0079249 0.0048744 0.0022740
v 0.0012521 0.0044957 0.0022740
v -0.0016737 0.0015965 -0.0020247
v -0.0055953 0.0003903 -0.0026032
v -0.0041067 -0.0059760 -0.0026032
v 0.0019296 0.0008177 -0.0026032
v -0.0006471 -0.0020815 0.0026176
v 0.0024224 0.0013694 -0.0017796
v -0.0017250 0.0042307 0.0030980
v -0.0076176 -0.0038016 -0.0023300
v -0.0015813 -0.0034608 -0.0023300
v -0.0030083 0.0026513 -0.0023300
v -0.0013555 0.0029055 0.0076699
v -0.0028953 0.0028190 0.0076699
v -0.0015505 0.0046959 0.0076699
v 0.0009646 0.0082225 0.0039675
v 0.0022889 0.0003849 0.0033711
v -0.0045584 0.0005202 -0.0053911
v -0.0031315 -0.0055920 -0.0053911
v 0.0043934 -0.0051592 -0.0053911
v 0.0054611 -0.0039639 -0.0053911
v 0.0036953 0.0120899 -0.0053911
v 0.0048862 -0.0046129 -0.0045675
v -0.0005855 0.0060914 0.0009065
v 0.0007490 -0.0017462 0.0003097
v 0.0166303 0.0036141 -0.0030701
v 0.0083458 0.0030570 -0.0030701
v -0.0052873 -0.0067278 -0.0030701
v -0.0167440 -0.0227816 -0.0030701
v -0.0024128 -0.0046562 0.0018266
v -0.0052873 -0.0067278 0.0019798
v 0.0083458 0.0030570 -0.0006721
v 0.0105632 0.0032030 0.0000963
v -0.0113852 -0.0100489 0.0012079
v -0.0006368 -0.0023358 -0.0012908
v -0.0006368 -0.0023358 0.0006360
v 0.0015806 -0.0021843 -0.0005224
v 0.0078735 -0.0015677 0.0019852
v 0.0128525 0.0040252 0.0019852
v 0.0107685 0.0016777 -0.0019554
v 0.0018886 -0.0028172 0.0019852
v 0.0000304 -0.0013081 0.0019852
v -0.0015402 0.0040360 0.0019852
v -0.0036961 0.0017101 -0.0019198
v -0.0021049 0.0004228 -0.0040826
v 0.0034079 -0.0012323 -0.0051379
v -0.0033676 -0.0012269 -0.0051379
v 0.0005745 -0.0044128 -0.0051379
v 0.0005745 -0.0044128 0.0048620
v 0.0037261 -0.0008753 0.0048620
v 0.0066108 0.0023754 0.0009214
v -0.0022589 -0.0021194 0.0048620
v -0.0062625 0.0011206 -0.0012061
v 0.0000407 -0.0010538 -0.0030257
v 0.0076888 0.0075410 -0.0030257
v -0.0097529 0.0039062 -0.0030257
v -0.0091267 0.0008880 -0.0030257
v -0.0067348 -0.0010484 -0.0030257
v 0.0032436 0.0025485 0.0030333
v -0.0108206 0.0022564 -0.0008939
v -0.0096297 0.0012936 0.0009061
v 0.0017654 -0.0046778 0.0016113
v 0.0067956 -0.0046833 0.0016113
v 0.0046398 -0.0070091 -0.0022936
v -0.0011912 -0.0022871 0.0016113
v -0.0025360 0.0042686 0.0016113
v 0.0021965 0.0109000 0.0016113
v -0.0001749 0.0075789 -0.0029920
v 0.0031513 -0.0057975 -0.0038585
v 0.0005540 -0.0000748 0.0010428
v -0.0044763 -0.0000694 0.0010428
v -0.0016018 -0.0023953 -0.0028625
v 0.0021349 -0.0054189 0.0010428
v -0.0020227 0.0010935 -0.0049219
v -0.0040862 -0.0017895 -0.0049219
v -0.0002570 -0.0048834 -0.0049219
v -0.0040862 -0.0017895 0.0050781
v -0.0016121 0.0016777 0.0050781
v -0.0002673 -0.0048780 0.0050781
v 0.0007490 0.0049880 0.0004748
v 0.0040649 -0.0083884 -0.0003917
v -0.0109130 -0.0110496 -0.0006430
v -0.0109130 -0.0110496 -0.0050766
v -0.0080283 -0.0089834 -0.0057462
v 0.0027304 -0.0012648 -0.0063177
v 0.0027304 -0.0012648 -0.0006430
v 0.0049478 -0.0011187 -0.0074765
v 0.0246788 0.0002064 -0.0006430
v -0.0161794 -0.0184328 -0.0006430
v 0.0036132 0.0099967 -0.0021588
v -0.0019303 0.0022186 -0.0021588
v -0.0001646 -0.0037583 -0.0021588
v 0.0046603 -0.0076636 -0.0021588
v 0.0071344 -0.0071443 -0.0021588
v 0.0008414 0.0061130 0.0032374
v 0.0041573 -0.0072633 0.0023713
v 0.0060668 -0.0087995 -0.0000271
v 0.0393179 0.0265535 -0.0048188
v 0.0137353 0.0248388 -0.0048188
v -0.0196389 -0.0015569 -0.0048188
v -0.0236221 -0.0071497 -0.0048188
v -0.0201112 -0.0242907 -0.0048188
v -0.0026798 -0.0206559 -0.0048188
v -0.0081925 0.0144969 0.0002311
v -0.0053078 0.0165685 0.0000779
v -0.0081925 0.0144969 0.0007475
v 0.0393179 0.0265535 0.0051811
v 0.0273992 0.0257529 0.0051811
v 0.0076682 0.0244278 -0.0016524
v -0.0050306 -0.0233063 0.0051811
v -0.0071146 -0.0256484 0.0012401
v -0.0240225 -0.0077069 0.0051811
v -0.0134589 0.0071137 0.0051811
v -0.0194234 -0.0232955 0.0051811
v -0.0263939 -0.0110280 0.0005774
v -0.0230780 -0.0244043 -0.0002887
v -0.0215792 -0.0256159 0.0012757
v -0.0199880 -0.0269032 -0.0008870
v -0.0211788 -0.0259459 -0.0026871
v 0.0013547 -0.0030389 -0.0008951
v 0.0007388 -0.0000207 -0.0008951
v -0.0017353 -0.0005346 -0.0008951
v -0.0003289 -0.0016759 0.0012371
v -0.0120217 -0.0049753 0.0050903
v -0.0120217 -0.0049753 -0.0049096
v -0.0458271 -0.0387705 0.0050903
v -0.0458271 -0.0387705 -0.0049096
v 0.0095469 0.0019103 -0.0049096
v 0.0036235 0.0090285 -0.0049096
v 0.0036235 0.0090285 0.0050903
v 0.0095469 0.0019103 0.0050903
v 0.0009441 -0.0037150 -0.0024607
v -0.0023410 -0.0003885 0.0019557
v -0.0020741 -0.0001505 0.0024410
v 0.0050196 -0.0016272 0.0024410
v 0.0007080 0.0023430 -0.0028135
v 0.0051018 0.0062699 0.0024410
v -0.0030801 0.0073571 0.0035021
v -0.0033470 0.0071191 0.0030168
v -0.0000722 0.0037926 -0.0013996
v 0.0040136 0.0058804 0.0035021
v 0.0001536 -0.0021735 -0.0010518
v 0.0001331 -0.0021897 -0.0010203
v 0.0001331 -0.0021897 0.0035021
v 0.0039520 0.0006175 0.0035021
v -0.0036550 0.0068432 0.0035021
v -0.0032752 0.0018994 0.0035021
v 0.0022684 0.0000712 -0.0035880
v 0.0020323 -0.0001073 -0.0039634
v -0.0010270 -0.0023574 -0.0039634
v -0.0010270 -0.0023574 0.0014577
v -0.0010064 -0.0023412 0.0014822
v -0.0039425 0.0011368 -0.0039634
v -0.0045892 0.0019103 -0.0028939
v -0.0012323 0.0036303 0.0011344
v 0.0201310 0.0081630 -0.0057048
v -0.0245460 -0.0246639 -0.0057048
v -0.0247924 -0.0248424 -0.0053294
v -0.0186740 -0.0203476 0.0042951
v 0.0260030 0.0124740 0.0042951
v 0.0131091 0.0220316 0.0042951
v 0.0131091 0.0220316 -0.0057048
v 0.0190531 0.0195597 -0.0057048
v 0.0255924 0.0168444 0.0042951
v -0.0254905 -0.0125100 -0.0057048
v -0.0241354 -0.0112984 0.0042951
v -0.0285189 -0.0152253 -0.0009594
v -0.0242175 -0.0191955 0.0042951
v -0.0282931 -0.0212833 -0.0006066
v 0.0025969 -0.0013405 0.0027371
v 0.0081918 0.0027703 0.0027371
v 0.0020733 -0.0017191 -0.0068870
v -0.0012117 -0.0041315 -0.0018167
v 0.0026482 0.0039224 0.0027371
v -0.0014273 0.0018400 -0.0021646
v -0.0046097 -0.0066142 -0.0014467
v 0.0012623 -0.0022979 0.0085528
v 0.0049067 0.0003795 0.0085528
v 0.0049067 0.0003795 -0.0014467
v 0.0008414 0.0020671 0.0085528
v -0.0056979 0.0047878 -0.0014467
v 0.0048656 -0.0052187 -0.0033597
v 0.0051018 -0.0050457 -0.0029839
v 0.0053481 -0.0048672 -0.0033597
v 0.0044037 0.0072868 -0.0033597
v -0.0025976 0.0010232 -0.0033597
v -0.0026284 -0.0021519 -0.0033597
v -0.0011091 -0.0039747 -0.0033597
v 0.0013650 0.0045715 0.0013857
v -0.0017558 -0.0032012 -0.0022898
v 0.0016011 -0.0014866 0.0017385
v -0.0018688 -0.0015461 -0.0052011
v -0.0018277 0.0016290 -0.0052011
v -0.0033676 0.0002551 -0.0052011
v -0.0009140 0.0024512 0.0043131
v -0.0033676 0.0002551 -0.0002013
v 0.0021349 0.0051773 -0.0004557
v -0.0009859 -0.0025954 -0.0041316
v 0.0023608 -0.0008753 -0.0001029
v 0.0036029 -0.0067495 -0.0022929
v 0.0035824 -0.0067657 -0.0023174
v 0.0035824 -0.0067657 -0.0022615
v 0.0001023 0.0025485 0.0017760
v -0.0002057 0.0022673 0.0022614
v -0.0023512 0.0003525 0.0022614
v -0.0023512 0.0003525 -0.0027388
v 0.0001742 -0.0026765 0.0022614
v 0.0000202 -0.0024980 -0.0066690
v 0.0033771 -0.0007834 -0.0026403
v -0.0019817 0.0002443 0.0015347
v -0.0033265 -0.0024494 0.0002139
v -0.0039219 -0.0016488 0.0011566
v -0.0028851 0.0004444 0.0021836
v -0.0022589 0.0012991 0.0024920
v -0.0037474 -0.0007239 0.0012263
v -0.0023307 -0.0004480 -0.0003385
v -0.0027208 0.0006770 0.0004587
v 0.0013958 -0.0001830 0.0028471
v 0.0012110 -0.0011079 0.0027777
v 0.0022479 0.0009853 0.0038047
v 0.0009646 -0.0007726 0.0031708
v 0.0030383 0.0048636 0.0039637
v 0.0023813 0.0015425 0.0037147
v -0.0021049 -0.0074689 -0.0007357
v -0.0017148 -0.0047103 -0.0007357
v 0.0036337 0.0040576 0.0030210
v -0.0001852 -0.0036123 -0.0007357
v 0.0006464 0.0028893 -0.0049104
v 0.0025148 -0.0044290 -0.0049104
v 0.0068059 0.0029055 0.0050892
v 0.0052250 0.0091312 0.0050892
v -0.0007806 0.0009421 0.0050892
v -0.0038809 -0.0032823 -0.0049104
v -0.0007190 -0.0052674 -0.0049104
v -0.0038809 -0.0032823 -0.0004136
v 0.0234571 0.0368143 -0.0016072
v 0.0241141 0.0401354 -0.0013578
v 0.0193610 0.0305669 -0.0060573
v 0.0189709 0.0278029 -0.0060573
v -0.0085108 -0.0036988 -0.0060573
v -0.0039425 0.0025431 0.0039426
v -0.0023512 -0.0036826 0.0039426
v -0.0066526 -0.0110225 -0.0060573
v 0.0173181 0.0315405 0.0039426
v 0.0134274 0.0166821 0.0039426
v 0.0041265 -0.0020112 0.0039426
v 0.0005643 -0.0091565 -0.0060573
v 0.0135198 0.0263588 -0.0060573
v 0.0238575 0.0404707 -0.0009644
v 0.0079351 0.0014451 -0.0006135
v 0.0079351 0.0014451 0.0011493
v 0.0078735 0.0014072 0.0010666
v 0.0078735 0.0014072 -0.0006082
v 0.0079454 0.0014397 0.0011593
v 0.0079762 0.0013207 -0.0007323
v 0.0079762 0.0013207 0.0012298
v 0.0065390 -0.0015569 -0.0001895
v 0.0061078 -0.0024385 -0.0025718
v 0.0059436 -0.0012215 -0.0010893
v 0.0058306 -0.0013838 -0.0016145
v 0.0044961 0.0064538 -0.0012804
v 0.0044345 0.0064159 -0.0012804
v 0.0010262 0.0017750 -0.0012804
v 0.0017346 0.0006933 -0.0012804
v 0.0045371 0.0063294 -0.0012804
v 0.0045063 0.0064484 -0.0012804
v 0.0044961 0.0064538 0.0007831
v 0.0044345 0.0064159 0.0008471
v 0.0045371 0.0063294 0.0006981
v 0.0023197 0.0018832 0.0019239
v 0.0019296 0.0030029 0.0027211
v 0.0077196 0.0060157 0.0046732
v 0.0031615 -0.0031525 0.0046732
v 0.0012418 0.0043389 0.0046732
v 0.0041676 -0.0011296 -0.0053268
v 0.0006566 -0.0081720 -0.0053268
v 0.0006566 -0.0081720 -0.0014528
v -0.0021870 -0.0063925 -0.0053268
v -0.0030493 -0.0029957 -0.0053268
v 0.0014779 0.0042253 -0.0023446
v 0.0015087 0.0041063 -0.0023446
v 0.0005540 0.0021699 -0.0023446
v 0.0002563 0.0026242 -0.0023446
v 0.0014061 0.0041928 -0.0023446
v 0.0014779 0.0042307 -0.0023446
v 0.0014061 0.0041928 -0.0036286
v 0.0014779 0.0042307 -0.0035459
v 0.0014779 0.0042253 -0.0035355
v 0.0015087 0.0041063 -0.0034654
v 0.0000818 0.0012341 -0.0048847
v -0.0005137 0.0015641 -0.0057845
v 0.0010981 -0.0057759 0.0033198
v 0.0024429 -0.0030822 0.0046406
v 0.0021657 -0.0020275 0.0055979
v 0.0015395 -0.0028821 0.0052895
v 0.0005027 -0.0049753 0.0042629
v -0.0001544 -0.0082964 0.0040135
v 0.0028843 -0.0022005 0.0070229
v 0.0022889 -0.0018652 0.0061231
v 0.0001639 -0.0047211 -0.0013222
v 0.0095161 0.0080386 -0.0013222
v 0.0098138 0.0075897 -0.0013222
v -0.0037166 -0.0195795 -0.0013222
v 0.0093416 0.0066485 -0.0038627
v 0.0063131 0.0005580 -0.0068717
v 0.0067135 0.0042145 -0.0062293
v 0.0079967 0.0059670 -0.0055957
v 0.0087461 0.0069839 -0.0047621
v 0.0069599 0.0038791 -0.0066223
v 0.0070625 0.0000820 0.0056764
v 0.0072473 0.0010070 0.0057457
v 0.0082636 0.0024025 0.0049785
v 0.0086640 0.0012828 0.0041813
v 0.0076580 -0.0007239 0.0047337
v 0.0080686 0.0000929 0.0009770
v 0.0038391 -0.0083938 0.0009770
v 0.0073705 0.0011746 0.0009770
v 0.0029870 -0.0048077 0.0009770
v 0.0023197 -0.0094918 0.0009770
v -0.0026387 -0.0019842 0.0045261
v -0.0019714 0.0027054 0.0045261
v -0.0084902 -0.0061869 0.0045261
v 0.0022889 0.0085146 0.0092952
v 0.0018578 0.0079250 0.0096189
v 0.0021041 0.0075897 0.0092259
v 0.0034695 0.0055992 0.0030861
v 0.0053789 -0.0018976 0.0030861
v 0.0028741 -0.0069172 0.0030861
v -0.0072173 -0.0005941 0.0030861
v -0.0041272 0.0036357 0.0030861
v 0.0028741 -0.0069172 -0.0030399
v -0.0008319 -0.0017408 -0.0069138
v -0.0040554 -0.0025738 -0.0069138
v 0.0000304 -0.0051376 -0.0069138
v -0.0072173 -0.0005941 -0.0024170
v 0.0026790 0.0025756 -0.0010950
v 0.0031410 0.0031976 0.0009379
v 0.0034182 0.0021429 -0.0000194
v 0.0030691 0.0014505 -0.0018922
v 0.0052455 0.0060265 -0.0030333
v 0.0052455 0.0060265 0.0019388
v 0.0051839 0.0059886 0.0019442
v 0.0051839 0.0059886 -0.0029694
v 0.0052865 0.0058967 -0.0031184
v 0.0052865 0.0058967 0.0018201
v -0.0035216 -0.0348544 -0.0050743
v -0.0035216 -0.0348544 0.0049256
v -0.0152452 -0.0420862 -0.0050743
v -0.0152452 -0.0420862 0.0049256
v -0.0362491 -0.0531042 0.0049256
v -0.0483217 -0.0455479 0.0049256
v -0.0362491 -0.0531042 -0.0050743
v -0.0483217 -0.0455479 -0.0050743
v 0.0435782 0.0597320 0.0049256
v 0.0435782 0.0597320 -0.0050743
v 0.0334766 0.0660551 -0.0050743
v 0.0334766 0.0660551 0.0049256
v -0.0178322 -0.0170806 0.0052025
v -0.0012939 0.0054802 0.0052025
v 0.0107788 -0.0020761 0.0052025
v 0.0107788 -0.0020761 -0.0047974
v -0.0012939 0.0054802 -0.0008667
v 0.0024840 0.0031165 -0.0047974
v -0.0126274 -0.0143545 -0.0047974
v -0.0042504 0.0014559 -0.0047974
v -0.0145368 -0.0125803 -0.0047974
v -0.0178322 -0.0170806 0.0024950
v 0.0041984 -0.0057921 0.0017270
v 0.0004205 -0.0034230 0.0017270
v -0.0025360 -0.0074472 0.0017270
v 0.0004205 -0.0034230 0.0056576
v 0.0009852 -0.0016326 0.0012930
v -0.0009243 0.0001415 0.0012930
v -0.0042196 -0.0043587 0.0012930
v -0.0042196 -0.0043587 0.0085850
v 0.0216195 0.0539877 -0.0050008
v 0.0216195 0.0539877 0.0049991
v 0.0211576 0.0561297 -0.0050008
v 0.0212910 0.0557294 -0.0050008
v 0.0211576 0.0561297 0.0049991
v 0.0212910 0.0557294 0.0049991
v -0.0096708 -0.0057867 -0.0050008
v 0.0032436 -0.0108441 -0.0050008
v -0.0096708 -0.0057867 0.0049991
v 0.0032436 -0.0108441 0.0049991
v -0.0138182 0.0095315 -0.0033942
v -0.0075766 0.0111109 -0.0033942
v -0.0087366 0.0065728 0.0017607
v -0.0023102 0.0018291 -0.0033942
v -0.0064268 -0.0126777 -0.0033942
v -0.0039425 -0.0039368 0.0033838
v 0.0079659 -0.0111145 0.0037975
v 0.0031923 -0.0083343 -0.0010472
v 0.0021041 -0.0125966 0.0037975
v -0.0009448 0.0007473 -0.0024492
v -0.0006676 0.0013099 -0.0018573
v -0.0006676 0.0013099 0.0037975
v -0.0030596 -0.0034987 0.0037975
v 0.0045063 -0.0007131 0.0037975
v 0.0023095 -0.0035041 -0.0035857
v 0.0049478 0.0058264 -0.0035857
v 0.0019193 0.0070109 -0.0035857
v -0.0029569 0.0057777 -0.0035857
v 0.0006669 -0.0015406 0.0064142
v 0.0030281 -0.0009403 0.0064142
v 0.0018475 -0.0051106 0.0064142
v 0.0006772 -0.0092700 0.0031918
v 0.0049478 0.0058264 -0.0012157
v -0.0041170 0.0012396 0.0015692
v -0.0078435 -0.0082856 -0.0018918
v 0.0077914 -0.0005021 -0.0018918
v -0.0006574 0.0061509 -0.0018918
v -0.0041170 -0.0007942 0.0081081
v -0.0078435 -0.0082856 0.0081081
v 0.0002665 -0.0042505 0.0081081
v 0.0024737 0.0029163 0.0006402
v -0.0037577 0.0013369 0.0006402
v 0.0013239 -0.0016218 0.0057951
v 0.0001844 0.0069568 0.0006402
v -0.0025360 0.0080224 0.0006402
v -0.0045995 0.0038629 0.0006402
v -0.0025360 0.0080224 0.0035596
v -0.0028132 0.0074544 0.0043935
v 0.0064466 -0.0217431 -0.0028307
v 0.0193918 0.0239247 -0.0028307
v 0.0120004 0.0461393 -0.0028307
v 0.0095982 0.0455281 -0.0028307
v -0.0267121 -0.0273955 -0.0028307
v -0.0182736 -0.0340485 -0.0028307
v 0.0049067 0.0361111 0.0071692
v -0.0301717 -0.0343406 0.0071692
v 0.0159938 0.0389129 0.0071692
v 0.0210960 0.0299287 0.0071692
v 0.0064466 -0.0217431 0.0071692
v -0.0257985 -0.0377915 0.0071692
v 0.0218659 0.0326656 0.0039472
v 0.0170820 0.0431752 0.0023246
v 0.0018064 0.0027000 -0.0075673
v -0.0053694 0.0055072 -0.0075673
v -0.0030699 0.0014667 -0.0075673
v -0.0083670 0.0060048 -0.0038140
v -0.0080796 0.0065728 -0.0046480
v -0.0080796 0.0065728 -0.0032222
v -0.0029159 0.0045498 0.0024326
v 0.0048349 0.0015100 0.0024326
v 0.0029151 -0.0052566 0.0024326
v 0.0005437 -0.0058570 0.0024326
v 0.0048349 0.0015100 -0.0051969
v -0.0042299 -0.0030714 -0.0024120
v -0.0033881 -0.0020761 -0.0064587
v -0.0009859 -0.0014703 -0.0064587
v -0.0018277 0.0010557 -0.0064587
v -0.0021562 0.0004066 0.0035412
v -0.0080796 -0.0114985 0.0035412
v -0.0000414 0.0046472 -0.0027054
v 0.0030075 -0.0086913 0.0035412
v 0.0040957 -0.0044290 -0.0013034
v -0.0012631 0.0014559 -0.0055915
v 0.0035106 -0.0013243 -0.0007464
v -0.0023512 -0.0028063 -0.0007464
v 0.0047014 -0.0048942 -0.0007464
v 0.0027509 -0.0117960 -0.0007464
v 0.0035208 -0.0090537 -0.0039688
v -0.0011809 0.0001902 -0.0005530
v -0.0011399 0.0005797 -0.0005534
v -0.0013965 0.0004553 -0.0002760
v -0.0010372 0.0003579 -0.0003105
v -0.0012631 0.0003579 -0.0004243
v -0.0039219 -0.0016380 0.0023338
v -0.0041786 -0.0037745 0.0023338
v 0.0003487 -0.0016705 -0.0025108
v 0.0037056 0.0016236 0.0023338
v 0.0007080 -0.0017732 -0.0025453
v 0.0027817 -0.0062086 0.0023338
v 0.0011186 0.0021429 0.0023338
v 0.0031615 -0.0020491 -0.0019543
v -0.0010167 -0.0005887 -0.0019543
v -0.0025360 -0.0017246 0.0002319
v -0.0013863 -0.0041694 0.0029237
v 0.0013650 0.0011963 -0.0019543
v 0.0032026 -0.0017300 -0.0019543
v 0.0013650 0.0011963 0.0005127
v -0.0009654 -0.0005454 0.0029195
v 0.0002871 -0.0002966 0.0005625
v 0.0040444 -0.0050402 -0.0043158
v -0.0027106 -0.0036934 -0.0043158
v 0.0007080 0.0036736 -0.0043158
v 0.0048862 0.0022132 -0.0043158
v 0.0003384 0.0000929 0.0005621
v -0.0008114 0.0025377 -0.0021293
v -0.0020843 0.0015803 -0.0043158
v -0.0035421 0.0008068 -0.0031931
v -0.0005445 0.0042037 0.0016856
v -0.0014684 -0.0036285 0.0016856
v 0.0006259 0.0039711 0.0016856
v 0.0073192 -0.0067008 0.0016856
v 0.0039109 -0.0012594 -0.0038983
v -0.0014684 -0.0046670 0.0064195
v 0.0012007 -0.0026711 0.0036619
v 0.0028022 -0.0046995 0.0015749
v -0.0017148 -0.0068036 0.0064195
v -0.0029775 -0.0063654 0.0064195
v -0.0032752 -0.0060193 0.0064195
v -0.0032752 -0.0060193 0.0060993
v -0.0003494 -0.0038286 0.0018729
v 0.0032847 -0.0021032 0.0009923
v 0.0031820 -0.0018814 0.0007490
v 0.0029151 -0.0020004 0.0010264
v 0.0036953 0.0018129 0.0058710
v 0.0059230 0.0034843 0.0058710
v 0.0064466 0.0026621 0.0058710
v 0.0062823 0.0012936 0.0058710
v 0.0059230 0.0034843 0.0047229
v 0.0013137 0.0000279 0.0031129
v 0.0036029 0.0017426 0.0007448
v 0.0299451 -0.0420429 -0.0052804
v 0.0299451 -0.0420429 0.0047195
v 0.0284361 -0.0388354 0.0047195
v 0.0284361 -0.0388354 -0.0052804
v 0.0164558 -0.0281744 0.0047195
v -0.0061496 -0.0017137 0.0047195
v -0.0054515 0.0042199 0.0047195
v 0.0033463 0.0011476 0.0047195
v 0.0164558 -0.0281744 -0.0052804
v 0.0025250 0.0024512 -0.0052804
v -0.0039219 0.0037385 -0.0052804
v -0.0047432 -0.0033526 -0.0052804
v -0.0085416 0.0010935 -0.0003933
v -0.0000722 0.0065836 -0.0008644
v -0.0076690 0.0084821 -0.0004017
v -0.0075252 0.0086552 -0.0001592
v -0.0023615 -0.0032499 0.0047804
v -0.0024744 -0.0041586 0.0047804
v -0.0036242 -0.0028118 0.0047804
v -0.0039219 -0.0024602 0.0044602
v 0.0014984 -0.0088103 -0.0003324
v -0.0007908 -0.0061274 -0.0052195
v -0.0021767 -0.0044993 -0.0052195
v -0.0039219 -0.0024602 -0.0031552
v -0.0006368 -0.0048131 -0.0052195
v -0.0009962 -0.0002695 0.0002338
v 0.0023608 -0.0014162 -0.0003412
v 0.0021555 -0.0011458 -0.0000642
v 0.0005745 0.0040955 -0.0038481
v 0.0007285 0.0042632 -0.0036056
v 0.0003589 0.0043659 -0.0035712
v 0.0021041 -0.0061004 0.0012731
v -0.0042607 0.0013531 0.0012731
v -0.0041580 0.0022618 0.0012731
v 0.0028022 -0.0001722 0.0012731
v -0.0002878 -0.0032986 -0.0038397
v -0.0052975 0.0011314 0.0029448
v -0.0051949 0.0009096 0.0031876
v -0.0053489 0.0007419 0.0029451
v -0.0007498 0.0032517 -0.0019332
v -0.0015916 -0.0040017 -0.0019332
v 0.0048554 -0.0052945 -0.0019332
v -0.0004418 0.0031435 -0.0019332
v 0.0022581 -0.0011566 0.0024824
v 0.0051839 -0.0001451 -0.0017217
v 0.0014266 0.0045985 0.0031566
v -0.0015710 0.0012017 -0.0017217
v -0.0017250 -0.0001127 -0.0017217
v 0.0005643 -0.0027955 0.0031650
v 0.0043524 -0.0072363 -0.0017217
v 0.0021760 0.0014505 0.0081177
v 0.0021349 0.0010557 0.0081181
v 0.0019193 0.0013261 0.0083950
v -0.0041580 0.0000117 0.0032397
v -0.0041580 0.0000117 0.0053037
v -0.0024128 -0.0020275 0.0032397
v -0.0008730 -0.0023358 0.0032397
v -0.0002467 0.0029380 0.0032397
v 0.0010262 0.0038954 0.0054263
v -0.0012323 0.0022024 0.0086930
v 0.0035003 0.0025107 0.0044111
v 0.0045063 0.0009096 0.0044111
v 0.0033360 0.0011422 0.0044111
v 0.0048143 0.0004066 -0.0055888
v 0.0047835 0.0000874 -0.0055888
v 0.0050915 -0.0000207 -0.0055888
v 0.0029767 0.0033328 0.0032631
v 0.0029767 0.0033328 -0.0031215
v 0.0077812 -0.0043209 -0.0011732
v 0.0006566 0.0015911 -0.0007150
v 0.0002357 -0.0020329 -0.0007108
v 0.0003384 -0.0022546 -0.0004676
v -0.0009243 0.0029488 -0.0031234
v 0.0006464 0.0041225 -0.0004362
v -0.0016429 0.0024133 0.0019323
v -0.0031828 0.0012558 0.0001434
v 0.0002255 0.0005039 -0.0004320
v -0.0000312 0.0003795 -0.0001546
v 0.0028125 0.0001632 0.0012332
v 0.0007901 -0.0025089 -0.0017696
v -0.0008011 -0.0005346 0.0005939
v 0.0009338 0.0017155 -0.0013134
v 0.0016216 -0.0028875 0.0027027
v 0.0170923 -0.0022546 0.0027027
v -0.0004829 -0.0056460 -0.0004048
v -0.0020741 0.0040847 -0.0020680
v -0.0023615 -0.0040937 -0.0029514
v 0.0015908 0.0010394 -0.0072972
v 0.0018270 0.0029812 -0.0072972
v 0.0013650 0.0031056 0.0027027
v 0.0036851 0.0024512 -0.0072972
v 0.0103066 0.0005743 -0.0032751
v 0.0185295 -0.0017516 0.0027027
v 0.0042189 0.0019427 -0.0072972
v -0.0000106 -0.0015731 -0.0040791
v 0.0031923 -0.0042235 0.0002668
v 0.0034798 0.0039549 0.0011501
v -0.0002878 0.0050258 -0.0040791
v -0.0078024 0.0071515 0.0059208
v -0.0113749 0.0044741 0.0059208
v -0.0113749 0.0044741 -0.0040791
v -0.0078024 0.0071515 -0.0040791
v -0.0000722 0.0049609 0.0059208
v -0.0010577 -0.0033472 0.0059208
v -0.0045789 -0.0034933 0.0059208
v -0.0015402 -0.0070524 0.0016439
v -0.0048048 -0.0032282 -0.0040791
v 0.0014574 -0.0064736 0.0021737
v -0.0009962 0.0016236 0.0028819
v 0.0029049 0.0005148 -0.0023477
v 0.0026688 -0.0014217 -0.0023477
v -0.0012836 -0.0065548 0.0019982
v -0.0044865 -0.0039044 -0.0023477
v -0.0047740 0.0026892 -0.0023477
v -0.0062420 -0.0008645 0.0010976
v -0.0043531 -0.0024223 0.0036442
v -0.0063857 -0.0050889 0.0006414
v 0.0137251 -0.0076149 -0.0032482
v 0.0161786 0.0010394 0.0066881
v 0.0064363 0.0038034 0.0007739
v 0.0003384 0.0051719 -0.0032482
v 0.0160041 0.0010881 0.0067517
v 0.0146490 0.0014721 0.0067517
v 0.0132118 0.0009745 0.0067517
v -0.0022897 0.0042632 -0.0032482
v -0.0037679 -0.0083343 -0.0032482
v -0.0080180 0.0070866 0.0003610
v 0.0017243 0.0043281 0.0062751
v -0.0007292 -0.0043317 -0.0036612
v -0.0141159 0.0084605 -0.0036612
v -0.0135513 0.0086552 -0.0036612
v 0.0070933 0.0028082 -0.0036612
v 0.0070933 0.0028082 0.0042518
v 0.0112715 -0.0038395 -0.0036612
v -0.0099069 0.0086066 0.0110094
v -0.0100096 0.0086390 0.0109458
v -0.0046303 0.0071137 0.0089225
v -0.0046303 0.0071137 0.0110094
v 0.0009236 -0.0017300 0.0110094
v -0.0004623 0.0004715 0.0010095
v 0.0182729 -0.0293697 0.0010095
v -0.0124528 -0.0000207 0.0010095
v 0.0041470 -0.0017083 0.0044199
v -0.0023204 -0.0039476 0.0044199
v -0.0047329 -0.0011350 0.0044199
v -0.0042812 0.0026134 0.0044199
v 0.0039417 0.0029488 0.0044199
v -0.0034292 -0.0026603 0.0024939
v -0.0017661 -0.0005129 0.0006732
v 0.0018475 0.0001848 0.0013125
v 0.0013342 -0.0003723 -0.0030119
v -0.0005445 0.0011801 -0.0055581
v -0.0022794 -0.0010701 -0.0036512
v 0.0031820 0.0083794 0.0000959
v -0.0038193 0.0103645 0.0000959
v -0.0002570 0.0093584 -0.0046748
v 0.0034284 0.0023863 0.0000959
v -0.0047945 0.0020509 0.0000959
v -0.0194234 0.0426073 0.0037622
v -0.0193207 0.0425802 0.0038254
v -0.0195979 0.0426559 0.0038254
v 0.0350165 -0.0370775 0.0038254
v -0.0085005 0.0322383 0.0038254
v 0.0088591 0.0045985 -0.0061745
v 0.0393281 -0.0439361 -0.0061745
v 0.0156037 -0.0349301 0.0038254
v -0.0372244 0.0269321 0.0038254
v -0.0376658 0.0372524 0.0038254
v -0.0223902 0.0425424 0.0038254
v -0.0397703 0.0299016 -0.0061745
v -0.0421212 0.0326548 -0.0026978
v 0.0216298 -0.0419780 -0.0061745
v -0.0218769 0.0339529 -0.0061745
v -0.0393699 0.0332389 -0.0061745
v -0.0399551 0.0391455 0.0007180
v -0.0419877 0.0364789 -0.0022848
v 0.0177596 0.0027108 -0.0000439
v 0.0022889 0.0020779 -0.0000439
v 0.0001844 -0.0006806 -0.0031513
v 0.0024840 -0.0025792 -0.0000439
v 0.0013855 -0.0055216 -0.0020876
v -0.0000825 -0.0038016 -0.0040431
v -0.0030699 -0.0003074 0.0001583
v -0.0017250 -0.0018760 0.0025092
v 0.0015190 -0.0016975 -0.0016746
v -0.0000722 0.0002714 0.0006885
v 0.0003897 -0.0006211 0.0027061
v 0.0027406 -0.0033743 -0.0007706
v -0.0000004 -0.0001668 -0.0007706
v -0.0010783 0.0010989 0.0007506
v 0.0031307 -0.0000424 -0.0007706
v 0.0005232 0.0032030 0.0031191
v 0.0011802 -0.0001505 -0.0022733
v 0.0032128 0.0025161 0.0007295
v -0.0004110 0.0018183 0.0000898
v 0.0059436 -0.0097028 0.0038369
v -0.0009654 -0.0016164 0.0038369
v 0.0055021 0.0006229 0.0038369
v 0.0010468 -0.0039747 -0.0026863
v -0.0020638 -0.0003290 0.0019105
v 0.0042394 0.0032084 0.0009164
v 0.0040854 -0.0010160 0.0004602
v 0.0025045 0.0009529 0.0028233
v -0.0004931 0.0003741 0.0022932
v 0.0024942 -0.0031201 -0.0019083
v 0.0013547 -0.0017841 -0.0034294
v -0.0037577 0.0041983 -0.0034294
v 0.0010262 0.0058588 -0.0034294
v -0.0015197 -0.0072363 -0.0048495
v -0.0015197 -0.0072363 0.0051505
v 0.0075553 -0.0004372 0.0051505
v 0.0075553 -0.0004372 -0.0048495
v 0.0001023 0.0114408 0.0051505
v 0.0044140 0.0045823 -0.0048495
v -0.0193104 0.0135882 0.0051505
v -0.0132946 0.0065403 -0.0048495
v 0.0000818 0.0039008 0.0021438
v -0.0003597 0.0001578 0.0021438
v -0.0034292 0.0037601 0.0021438
v 0.0009441 -0.0013730 0.0002173
v -0.0003905 0.0002010 -0.0021331
v 0.0026072 0.0007798 -0.0016030
v -0.0009243 0.0030353 0.0063050
v 0.0001742 0.0027216 0.0063050
v 0.0057074 0.0011584 0.0103272
v -0.0003905 0.0025269 0.0063050
v 0.0039520 0.0065241 -0.0046978
v -0.0000004 0.0013910 -0.0003519
v -0.0032136 0.0040414 -0.0046978
v -0.0028851 -0.0036015 -0.0046978
v -0.0017456 -0.0049375 -0.0031766
v -0.0006676 -0.0062032 -0.0046978
v 0.0024634 -0.0060734 -0.0046978
v -0.0001441 -0.0028334 -0.0008081
v -0.0051846 0.0050637 -0.0050000
v -0.0051846 0.0050637 0.0049999
v 0.0025456 0.0028677 -0.0050000
v -0.0010270 0.0001902 -0.0050000
v 0.0025456 0.0028677 0.0049999
v -0.0010270 0.0001902 0.0049999
v 0.0265779 0.0092881 0.0061698
v 0.0271939 0.0073841 0.0061698
v 0.0075861 -0.0365636 0.0061698
v -0.0362799 0.0217828 0.0061698
v -0.0340419 0.0246387 0.0061698
v -0.0313523 0.0152271 -0.0038301
v 0.0075861 -0.0365636 -0.0038301
v 0.0227796 -0.0025197 -0.0038301
v 0.0182729 0.0113922 -0.0038301
v -0.0256445 0.0225130 -0.0038301
v 0.0015395 -0.0001668 0.0091822
v 0.0008414 -0.0017354 0.0091822
v 0.0002255 0.0001632 0.0091822
v -0.0035831 -0.0116392 -0.0008177
v 0.0015395 -0.0001668 -0.0008177
v -0.0080899 0.0022673 -0.0008177
v -0.0021254 0.0039711 0.0085287
v -0.0043634 0.0011151 0.0085287
v -0.0075458 0.0053450 0.0085287
v 0.0005643 -0.0054351 -0.0014712
v 0.0062721 0.0018454 -0.0014712
v -0.0075458 0.0053450 -0.0014712
v 0.0185192 -0.1030397 0.0050570
v 0.0797756 0.0342342 0.0050570
v 0.0185192 -0.1030397 -0.0049429
v 0.0797756 0.0342342 -0.0049429
v -0.0560006 0.0686081 -0.0049429
v -0.0560006 0.0686081 0.0050570
v -0.0763167 0.0230863 0.0050570
v -0.0763167 0.0230863 -0.0049429
v 0.0187451 -0.0146195 -0.0061231
v -0.0058622 -0.0146195 -0.0061231
v -0.0058622 -0.0146195 0.0038764
v 0.0187451 -0.0146195 0.0038764
v -0.0454473 0.0389184 -0.0061231
v -0.0451907 0.0376905 -0.0061231
v 0.0314337 0.0138100 -0.0061231
v -0.0458477 0.0385614 -0.0055972
v -0.0371114 0.0269483 0.0038764
v 0.0278304 0.0057344 0.0038764
v -0.0046508 0.0111974 -0.0061741
v 0.0141973 -0.0572854 -0.0061741
v 0.0221020 -0.0678004 -0.0061741
v 0.0229952 -0.0680925 -0.0061741
v 0.0028843 0.0280788 -0.0061741
v 0.0186938 -0.0632623 -0.0025285
v 0.0225948 -0.0684494 -0.0056478
v -0.0013349 0.0186294 0.0006897
v -0.0011912 -0.0007780 -0.0016034
v -0.0000414 -0.0022979 -0.0016034
v -0.0002981 -0.0010647 -0.0016034
v -0.0006984 -0.0014217 -0.0010770
v -0.0523254 0.0566705 -0.0047181
v -0.0715123 0.0136802 -0.0047181
v -0.0514015 -0.0824965 -0.0047181
v 0.0254795 -0.1076049 -0.0047181
v 0.0845903 0.0248605 -0.0047181
v 0.0659064 0.0825578 -0.0047181
v 0.0157680 0.0952526 -0.0047181
v -0.0478701 -0.0880786 0.0052818
v -0.0430656 -0.0944611 0.0052818
v -0.0518019 -0.0828481 -0.0041917
v -0.0557029 -0.0776609 -0.0010724
v 0.0099883 0.0967131 0.0052818
v 0.0742115 0.0804537 0.0052818
v 0.0890149 0.0347643 0.0052818
v 0.0218762 -0.1156751 0.0052818
v -0.0742122 0.0076221 0.0052818
v -0.0542862 0.0522839 0.0052818
v 0.0074834 0.0973513 0.0025713
v -0.0757316 0.0042253 0.0021457
v -0.0504981 0.0607651 -0.0014363
v -0.0130483 0.0022240 -0.0047288
v 0.0179649 -0.0390139 -0.0047288
v -0.0008935 0.0294689 -0.0047288
v -0.0130483 0.0022240 0.0052711
v 0.0145053 -0.0344217 0.0052711
v 0.0224511 -0.0449908 -0.0010832
v 0.0005027 0.0325791 0.0052711
v 0.0024224 0.0368954 0.0021350
v 0.0071139 -0.0185897 -0.0009215
v -0.0008319 -0.0080260 0.0054328
v 0.0149467 -0.0290019 0.0054328
v -0.0148448 0.0589802 0.0054328
v -0.0113955 0.0666933 0.0054328
v -0.0129148 0.0632965 0.0022966
v 0.0455287 0.0287711 0.0051558
v 0.0511133 0.0273540 0.0051558
v -0.0131612 -0.0170752 0.0051558
v -0.0056363 -0.0002155 0.0051558
v 0.0486085 0.0279923 0.0024456
v -0.0093731 -0.0085939 -0.0015620
v -0.0236221 -0.0268870 -0.0047659
v 0.0257772 0.0072597 -0.0047659
v -0.0049177 0.0150324 -0.0047659
v 0.0294318 0.0063348 0.0052340
v -0.0217332 -0.0226518 0.0052340
v -0.0049177 0.0150324 0.0052340
v 0.0325116 0.0055559 0.0025238
v -0.0254700 -0.0310303 -0.0014838
v -0.0230472 0.0182291 -0.0064917
v -0.0043531 -0.0394737 -0.0064917
v 0.0168870 0.0081197 -0.0064917
v 0.0000715 -0.0295645 0.0035083
v -0.0147319 0.0161250 0.0035083
v 0.0168870 0.0081197 0.0035083
v -0.0448622 -0.0285692 -0.0058362
v -0.0485373 -0.0368070 -0.0058362
v 0.0195561 0.0017750 -0.0058362
v 0.0045371 0.0055775 -0.0058362
v 0.0112715 0.0038737 0.0014531
v -0.0467100 -0.0327125 -0.0025541
v 0.3563583 -0.0719761 0.0050014
v 0.3563583 -0.0719761 -0.0049985
v 0.3563583 -0.0102599 -0.0049985
v 0.3563583 -0.0102599 0.0050014
v -0.3164146 -0.0719761 0.0050014
v -0.2233854 0.1365122 0.0050014
v -0.3164146 -0.0719761 -0.0049985
v -0.2233854 0.1365122 -0.0049985
v 0.0002768 -0.0004589 -0.0002354
v 0.0002050 -0.0003777 -0.0003653
v 0.0001536 -0.0005508 -0.0003714
v 0.0001126 -0.0004372 -0.0002469
v -0.0450675 -0.0286828 0.0052110
v -0.0450675 -0.0286828 -0.0047889
v -0.0376658 -0.0218891 -0.0047889
v -0.0376658 -0.0218891 0.0052110
v -0.0414744 -0.0276767 -0.0047889
v 0.0046398 -0.0048022 -0.0047889
v 0.0069599 0.0040306 -0.0047889
v -0.0028851 0.0059021 -0.0047889
v -0.0414744 -0.0276767 0.0052110
v -0.0026284 0.0061076 0.0052110
v 0.0075450 0.0051610 0.0052110
v 0.0044140 -0.0049104 0.0052110
v 0.0083458 -0.0029632 -0.0000217
v 0.0008517 0.0088824 -0.0002485
v 0.0113229 0.0073841 0.0003614
v 0.0112818 0.0074923 0.0004863
v 0.0010981 -0.0025143 0.0032685
v -0.0004418 0.0000279 0.0000013
v -0.0016634 -0.0009132 -0.0014448
v 0.0007593 -0.0038124 0.0032685
v -0.0055645 -0.0032228 0.0032685
v -0.0018277 -0.0008916 -0.0014563
v -0.0035318 0.0032733 0.0032685
v -0.0022589 0.0030299 0.0032685
v -0.0016121 -0.0029145 0.0022269
v -0.0003802 -0.0019734 0.0036730
v 0.0011597 -0.0045156 0.0069401
v 0.0008209 -0.0058137 0.0069401
v 0.0020117 -0.0059219 0.0069401
v 0.0003487 -0.0031742 0.0023644
v 0.0026688 -0.0007509 0.0081410
v 0.0013958 0.0013477 0.0046513
v -0.0013041 0.0016020 0.0046513
v 0.0013547 -0.0015731 0.0098081
v -0.0005342 0.0045282 0.0046513
v 0.0019296 0.0004607 0.0098832
v -0.0011501 -0.0010701 0.0016048
v 0.0007182 -0.0056082 -0.0035459
v -0.0055131 -0.0044236 -0.0035459
v -0.0010577 0.0020184 -0.0035459
v 0.0002152 -0.0000802 -0.0000558
v -0.0010988 -0.0009024 0.0016109
v -0.0037577 0.0022727 -0.0035459
v 0.0016832 -0.0024980 -0.0035459
v -0.0022589 -0.0032877 -0.0050831
v 0.0027817 -0.0007888 -0.0050831
v 0.0022273 0.0001253 -0.0050831
v -0.0010064 0.0007365 -0.0050831
v 0.0027817 -0.0007888 0.0049168
v -0.0058416 -0.0050673 -0.0003159
v -0.0017764 -0.0030497 0.0049168
v -0.0003289 0.0024674 0.0049168
v 0.0008722 0.0023538 0.0049168
v -0.0008011 0.0051070 0.0003411
v -0.0028645 0.0052746 0.0000672
v -0.0027516 0.0053666 0.0002032
v 0.0011699 0.0052043 -0.0035735
v 0.0010160 0.0052260 -0.0035850
v 0.0010570 0.0051178 -0.0037095
v -0.0058519 -0.0071768 0.0011398
v 0.0021555 -0.0032066 0.0011398
v -0.0019201 -0.0052241 -0.0040925
v 0.0036029 0.0023051 0.0011398
v -0.0027208 0.0028947 0.0011398
v 0.0031205 0.0017155 -0.0011831
v 0.0012623 0.0062537 0.0039672
v -0.0031007 0.0029001 -0.0011831
v -0.0054207 -0.0059327 -0.0011831
v 0.0018680 -0.0023087 -0.0011831
v -0.0017148 -0.0040883 0.0035841
v 0.0056151 -0.0014379 0.0036159
v 0.0057074 -0.0013784 0.0034975
v 0.0056561 -0.0015515 0.0034914
v -0.0019303 0.0022564 -0.0016589
v -0.0085518 -0.0030335 -0.0016589
v 0.0012931 -0.0049050 -0.0016589
v 0.0030486 0.0017913 -0.0016589
v -0.0048151 -0.0000532 0.0028812
v 0.0048554 -0.0010593 -0.0033796
v 0.0011186 -0.0033905 0.0013451
v 0.0031410 0.0031056 0.0013451
v -0.0010885 0.0039116 0.0013451
v -0.0090549 -0.0024439 0.0013451
v -0.0055747 0.0003254 -0.0041144
v 0.0002665 -0.0011620 -0.0053934
v 0.0010365 0.0017696 -0.0053934
v 0.0001742 0.0031976 -0.0053934
v -0.0047021 -0.0006969 -0.0053934
v 0.0001742 0.0031976 0.0046065
v -0.0031109 0.0005797 0.0046065
v -0.0075971 -0.0030065 -0.0008529
v 0.0015087 0.0010016 0.0046065
v 0.0011289 -0.0002263 0.0046065
v 0.0035106 -0.0023033 -0.0001615
v 0.0029254 -0.0043317 -0.0002366
v 0.0028330 -0.0043912 -0.0001182
v -0.0039733 0.0000766 0.0009459
v -0.0040656 0.0000225 0.0010643
v -0.0039014 0.0000009 0.0010758
v -0.0057698 0.0041820 0.0057890
v -0.0053899 0.0054099 0.0057890
v -0.0044968 0.0039386 0.0057890
v -0.0026798 0.0009421 0.0025219
v -0.0033881 0.0021104 0.0010210
v 0.0016319 0.0030461 -0.0001688
v 0.0023608 0.0018400 -0.0019110
v 0.0030691 0.0006770 0.0000235
v 0.0023402 0.0018778 0.0013321
v 0.0011186 0.0009367 -0.0001144
v 0.0010468 0.0010124 -0.0002439
v -0.0014376 0.0028136 0.0091209
v -0.0013760 0.0027378 0.0092508
v -0.0014889 0.0026459 0.0091148
v 0.0003795 -0.0018922 0.0039641
v 0.0036029 -0.0025034 0.0039641
v 0.0013445 0.0012233 0.0039641
v 0.0005848 0.0024728 0.0093883
v -0.0001236 0.0036411 0.0074542
v -0.0597476 -0.0479982 -0.0043599
v -0.0680938 -0.0342270 -0.0043599
v -0.0597476 -0.0479982 0.0056400
v -0.0680938 -0.0342270 0.0056400
v 0.0643255 0.0135558 0.0056400
v 0.0406216 0.0526138 0.0056400
v 0.0643255 0.0135558 -0.0043599
v 0.0406216 0.0526138 -0.0043599
v 0.0002152 0.0132528 0.0039200
v -0.0006266 0.0143887 0.0024602
v 0.0013650 0.0137451 0.0026475
v -0.0039938 0.0125010 -0.0026499
v -0.0059956 -0.0145492 -0.0026499
v 0.0027406 -0.0102166 -0.0026499
v 0.0052558 0.0089581 -0.0026499
v -0.0023410 -0.0127372 0.0029157
v -0.0010680 0.0006392 -0.0017543
v -0.0002262 -0.0004967 -0.0002948
v 0.0009236 -0.0000045 -0.0015670
v -0.0000620 0.0012071 -0.0002289
v 0.0013753 -0.0034554 0.0037500
v -0.0006061 -0.0007780 0.0003200
v -0.0037063 -0.0021086 0.0037500
v -0.0029056 0.0039657 0.0037500
v 0.0017859 0.0021699 0.0037500
v -0.0004315 0.0009258 0.0003855
v -0.0028953 -0.0017624 0.0041817
v -0.0004213 -0.0048022 0.0008176
v 0.0032026 0.0322275 0.0022484
v 0.0013650 0.0307562 0.0041817
v 0.0017962 -0.0035582 0.0041817
v 0.0045063 0.0332660 0.0041817
v 0.0014984 -0.0038395 -0.0015624
v 0.0048759 -0.0019517 0.0035477
v 0.0019399 0.0020347 -0.0015624
v -0.0239609 0.0089040 -0.0015624
v -0.0260243 0.0072597 -0.0015624
v -0.0255726 0.0065295 -0.0015624
v -0.0252954 0.0078331 0.0007096
v -0.0260243 0.0072597 -0.0006606
v 0.0833686 0.0092232 0.0042832
v -0.0078024 0.0021591 0.0042832
v -0.0078024 0.0021591 -0.0057163
v 0.0268756 0.0048473 -0.0057163
v -0.0324302 -0.0175187 0.0042832
v -0.0171649 -0.0053269 -0.0057163
v -0.0102765 -0.0115472 0.0068727
v -0.0086647 0.0103266 0.0068727
v 0.0190120 0.0029866 0.0068727
v -0.0055953 0.0087093 -0.0031272
v -0.0081104 -0.0104708 -0.0031272
v 0.0148133 0.0008988 -0.0031272
v 0.0205621 0.0037493 0.0049961
v -0.0131817 -0.0129914 0.0024384
v -0.0106358 0.0130040 0.0034427
v -0.0094860 0.0134963 0.0021702
v -0.0006984 0.0230214 0.0019377
v 0.0012829 0.0203494 0.0053680
v -0.0037987 0.0216962 0.0053680
v -0.0003289 -0.0015244 0.0053680
v -0.0072891 -0.0049753 0.0053680
v -0.0032444 -0.0029686 0.0009337
v -0.0036653 0.0025864 -0.0017597
v -0.0038295 0.0008880 -0.0018255
v -0.0026798 0.0013802 -0.0030981
v -0.0018585 -0.0017895 0.0016044
v -0.0014479 0.0038304 0.0016044
v 0.0286927 -0.0077069 0.0016044
v 0.0258183 -0.0091294 0.0016044
v 0.0273581 -0.0083668 -0.0002722
v 0.0045987 -0.0211535 0.0050689
v -0.0161486 0.0130419 0.0050689
v 0.0095366 0.0062320 0.0050689
v 0.0060360 -0.0204395 0.0050689
v 0.0084176 0.0068108 -0.0049310
v -0.0186534 0.0171798 -0.0049310
v 0.0045987 -0.0211535 -0.0049310
v 0.0064261 -0.0202448 -0.0049310
v 0.0100807 -0.0184274 0.0006345
v -0.0183762 0.0184833 -0.0026587
v -0.0191051 0.0179100 -0.0014352
v -0.0191051 0.0179100 -0.0040289
v 0.0117951 0.0086985 0.0001794
v 0.0126369 0.0075626 0.0016389
v 0.0280357 -0.0082045 -0.0014501
v 0.0270296 -0.0087670 -0.0029755
v 0.0278714 -0.0099029 -0.0015160
v -0.0009140 -0.0044236 0.0019139
v -0.0038603 0.0004444 0.0019139
v 0.0009338 0.0042686 0.0019139
v 0.0255719 -0.0051646 0.0019139
v 0.0247711 -0.0112335 0.0019139
v -0.0038603 0.0004444 -0.0045901
v -0.0031417 0.0010178 -0.0058136
v 0.0111894 -0.0153605 0.0017147
v 0.0087153 -0.0123207 0.0050788
v 0.0129757 0.0201980 0.0050788
v 0.0148133 0.0216692 0.0031455
v -0.0159227 -0.0028875 0.0050788
v 0.0072371 -0.0119367 -0.0049207
v 0.0093929 0.0173366 -0.0049207
v -0.0186534 -0.0050673 -0.0049207
v -0.0199983 -0.0061383 -0.0026487
v 0.0101834 -0.0159231 0.0001894
v 0.1685752 0.0544799 -0.0041542
v 0.1685752 0.0544799 0.0058457
v 0.1025658 0.0508559 0.0058457
v 0.1025761 0.0508559 -0.0041542
v 0.0621799 0.0477241 0.0058457
v 0.0056869 0.0433483 -0.0041542
v -0.0750540 -0.0663940 0.0058457
v -0.1051946 -0.0548621 0.0058457
v -0.1024741 -0.0180380 0.0058457
v -0.0536292 0.0209877 0.0058457
v -0.0383639 0.0331794 -0.0041542
v -0.0960888 -0.0129319 -0.0041542
v -0.1016426 -0.0552570 -0.0041542
v -0.0696850 -0.0637328 -0.0041542
v -0.0763783 -0.0670539 0.0039691
v -0.1037779 -0.0190765 0.0039124
v -0.1064265 -0.0573124 0.0011432
v -0.1074120 -0.0561008 0.0024813
v 0.0060257 0.0017696 -0.0039194
v 0.0051326 -0.0050673 -0.0039194
v 0.0012418 -0.0002804 0.0013776
v -0.0007498 0.0003633 0.0011907
v -0.0041170 -0.0015244 -0.0039194
v -0.0036858 0.0043497 -0.0039194
v -0.0190435 0.0044903 -0.0034486
v -0.0181504 0.0113327 -0.0034486
v -0.0229343 0.0092773 0.0018488
v 0.0013547 -0.0033202 -0.0034486
v 0.0137969 0.0028568 -0.0034486
v 0.0071036 -0.0004643 0.0046747
v -0.0048151 -0.0174971 0.0019645
v -0.0038090 -0.0169345 0.0034899
v -0.0028235 -0.0181461 0.0021518
v -0.0077614 -0.0135107 -0.0031456
v 0.0019604 -0.0160907 -0.0031456
v 0.0075040 0.0262343 -0.0031456
v -0.0055953 0.0157626 -0.0031456
v -0.0001749 0.0200952 0.0049206
v -0.0115905 0.0446735 -0.0044170
v -0.0115905 0.0446735 0.0055829
v -0.0121243 0.0442354 0.0055829
v -0.0118780 0.0449223 0.0055829
v -0.0121243 0.0442354 -0.0044170
v -0.0118780 0.0449223 -0.0044170
v 0.0311770 -0.0122179 0.0055829
v -0.0109130 -0.0283799 0.0055829
v 0.0311770 -0.0122179 -0.0044170
v -0.0109130 -0.0283799 -0.0044170
v 0.0086743 0.0007636 -0.0042963
v 0.0035927 -0.0098218 -0.0042963
v 0.0003795 -0.0020166 0.0037883
v -0.0193926 -0.0052945 -0.0042963
v -0.0193926 -0.0047319 -0.0042963
v -0.0193926 -0.0047319 -0.0036643
v 0.0024532 0.0036628 -0.0042963
v -0.0063960 0.0002605 0.0048528
v -0.0051744 0.0081197 -0.0049050
v -0.0051744 0.0081197 0.0044628
v -0.0046097 -0.0257782 0.0044628
v -0.0043223 -0.0431301 -0.0055371
v -0.0051641 0.0075572 -0.0055371
v 0.0070009 0.0127931 0.0044628
v 0.0126266 0.0101752 0.0044628
v 0.0178109 0.0030299 -0.0055371
v 0.0078222 0.0131122 0.0036121
v 0.0145977 0.0108350 0.0025475
v -0.0391338 0.0096018 0.0049129
v -0.0371628 0.0102617 0.0029976
v -0.0379327 0.0121062 0.0049129
v -0.0005958 0.0047500 0.0049129
v 0.0145464 -0.0153876 0.0049129
v 0.0062413 -0.0043371 -0.0038217
v -0.0496768 -0.0707104 -0.0036535
v -0.0512783 0.0249146 -0.0036535
v -0.0515658 0.0422665 0.0063464
v -0.0496768 -0.0707104 0.0063464
v 0.0511441 -0.0319931 0.0063464
v -0.0343294 0.0782198 0.0063464
v 0.0193508 0.0532359 0.0063464
v 0.0594492 -0.0001019 0.0063464
v 0.0110457 0.0642810 -0.0023883
v 0.0120312 0.0629612 -0.0036535
v 0.0637198 -0.0057813 -0.0036535
v 0.0575295 -0.0295428 -0.0036535
v -0.0291451 0.0710746 -0.0036535
v -0.0323686 0.0788797 0.0044311
v -0.0153068 -0.0124181 0.0056714
v -0.0070017 0.0194786 0.0056714
v 0.0097522 -0.0027955 0.0056714
v -0.0027208 0.0137937 -0.0043285
v 0.0097522 -0.0027955 -0.0043285
v -0.0089111 -0.0099624 -0.0043285
v 0.0011905 0.0090501 0.0040388
v 0.0154395 -0.0099083 0.0040388
v -0.0218974 -0.0025521 0.0040388
v -0.0202857 0.0008068 0.0040388
v 0.0011905 0.0090501 -0.0059611
v 0.0210754 -0.0173997 -0.0059611
v 0.0222765 -0.0189954 -0.0046958
v -0.0097324 0.0048636 -0.0059611
v -0.0128327 -0.0016164 -0.0059611
v -0.0211275 -0.0043966 0.0021239
v -0.0046200 -0.0058894 -0.0056363
v 0.0004616 0.0046959 -0.0056363
v -0.0078435 0.0019157 0.0024483
v 0.0343595 -0.0110820 -0.0056363
v 0.0365563 -0.0140029 -0.0056363
v 0.0355708 -0.0126831 -0.0043710
v -0.0001544 -0.0014757 0.0043571
v -0.0048664 -0.0005454 0.0043571
v 0.0014574 0.0018832 0.0043571
v 0.0120210 0.0059345 -0.0056428
v 0.0026893 0.0023538 -0.0056428
v 0.0089104 -0.0005400 -0.0056428
v -0.0061599 -0.0010430 0.0035063
v 0.0006156 -0.0033256 0.0024418
v -0.0010064 0.0014830 -0.0026721
v -0.0029672 0.0008231 -0.0007568
v -0.0017661 0.0033328 -0.0007568
v -0.0086032 0.0034464 -0.0007568
v -0.0064781 0.0042632 -0.0007568
v -0.0077819 0.0037601 -0.0016076
v -0.0037063 -0.0274387 0.0056500
v -0.0041478 -0.0013351 0.0056500
v 0.0267217 0.0475402 0.0056500
v 0.0334869 0.0501365 0.0056500
v -0.0039527 -0.0130455 -0.0022530
v 0.0303352 0.0489249 0.0028003
v 0.0906779 -0.0491882 0.0066180
v -0.0959040 -0.0491882 0.0066180
v -0.0960990 -0.0377103 0.0066180
v -0.0589058 0.0398649 0.0066180
v 0.0097111 0.0662119 0.0066180
v 0.0473971 0.0486707 0.0066180
v 0.1018882 -0.0238201 0.0066180
v 0.0838614 -0.0491882 -0.0033819
v -0.0959040 -0.0491882 -0.0033819
v 0.0569033 0.0360137 -0.0033819
v 0.0975971 -0.0181029 -0.0033819
v 0.0000202 0.0624906 -0.0033819
v -0.0529927 0.0421367 -0.0033819
v -0.0962838 -0.0264273 -0.0033819
v -0.0963454 -0.0233171 -0.0012847
v -0.0620575 0.0386533 0.0037684
v -0.0017353 0.0165685 0.0041518
v 0.0173387 -0.0087995 0.0041518
v -0.0129456 -0.0087995 0.0041518
v 0.0173387 -0.0087995 -0.0058477
v -0.0197724 -0.0087995 -0.0058477
v -0.0060367 0.0222858 -0.0058477
v -0.0174626 0.0002443 0.0033263
v 0.0015498 0.0075464 0.0033263
v 0.0202234 -0.0172969 0.0033263
v 0.0015498 0.0075464 -0.0066736
v 0.0297398 -0.0299485 -0.0066736
v -0.0271433 -0.0034716 -0.0066736
v -0.0267840 -0.0498372 -0.0055374
v -0.0266711 -0.0567661 -0.0055374
v 0.0166201 0.0117924 -0.0055374
v -0.0003597 0.0052692 -0.0055374
v -0.0267224 -0.0536559 -0.0034405
v 0.0075553 0.0083145 0.0016128
v -0.0093423 -0.0285692 0.0049953
v -0.0099582 0.0082117 0.0049953
v 0.0215271 0.0203061 0.0049953
v -0.0092088 -0.0364609 -0.0050046
v 0.0172155 0.0186510 -0.0050046
v -0.0099582 0.0082117 -0.0050046
v -0.0091472 -0.0402796 -0.0029077
v 0.0251407 0.0216908 0.0021457
v 0.0447074 0.0400921 -0.0049969
v 0.0447074 0.0400921 0.0050030
v 0.0438143 0.0378474 -0.0049969
v 0.0438143 0.0378474 0.0050030
v 0.0445740 0.0392158 -0.0049969
v 0.0445740 0.0392158 0.0050030
v 0.0448204 0.0399028 -0.0049969
v 0.0448204 0.0399028 0.0050030
v 0.0447588 0.0400759 -0.0049969
v 0.0447280 0.0401029 -0.0049969
v 0.0447280 0.0401029 0.0050030
v 0.0447588 0.0400759 0.0050030
v -0.0113647 -0.0005400 -0.0049969
v -0.0020125 -0.0113255 -0.0049969
v -0.0020125 -0.0113255 0.0050030
v -0.0113647 -0.0005400 0.0050030
v 0.0006874 0.0090068 -0.0055681
v 0.0100499 -0.0017786 -0.0055681
v 0.0100499 -0.0017786 0.0044318
v 0.0006874 0.0090068 0.0044318
v -0.0045481 0.0052043 -0.0055681
v -0.0040451 0.0055721 0.0044318
v -0.0075663 0.0030191 -0.0008713
v 0.0057485 -0.0063925 0.0044318
v -0.0012220 -0.0138731 -0.0055681
v -0.0045789 -0.0134836 -0.0055681
v -0.0048151 -0.0051592 0.0044318
v -0.0079975 -0.0086480 -0.0002239
v 0.0048554 -0.0081774 -0.0020079
v -0.0022281 -0.0073499 -0.0020079
v 0.0014266 -0.0033418 0.0033363
v -0.0012631 0.0060589 -0.0020079
v 0.0048759 0.0105105 -0.0020079
v 0.0018578 0.0083253 0.0026885
v 0.0038391 -0.0033905 0.0013171
v 0.0006566 -0.0068847 -0.0033386
v -0.0023307 -0.0026711 0.0013171
v -0.0023204 0.0023159 0.0013171
v 0.0010878 0.0047824 -0.0039860
v 0.0046090 0.0073409 0.0013171
v -0.0338161 -0.0057867 -0.0027526
v 0.0311873 0.0413253 -0.0027526
v 0.0410528 0.0484706 0.0072473
v -0.0434660 -0.0127751 0.0072473
v -0.0265992 -0.0510921 0.0072473
v 0.0469557 0.0278408 0.0072473
v 0.0494811 0.0305561 0.0033140
v 0.0453439 0.0261099 -0.0027526
v -0.0265992 -0.0510921 -0.0027526
v -0.0454678 -0.0293373 0.0072473
v -0.0377479 -0.0382404 -0.0027526
v 0.0463089 0.0395620 -0.0027526
v 0.0469762 0.0477782 0.0072473
v 0.0499636 0.0435701 0.0025920
v 0.0029973 0.0074004 0.0010555
v -0.0004110 0.0049339 0.0063590
v -0.0063447 0.0006338 0.0063590
v -0.0162102 -0.0065115 -0.0036409
v -0.0001236 0.0051394 -0.0036409
v -0.0010885 -0.0082694 -0.0036409
v -0.0004213 -0.0000532 0.0063590
v 0.0025661 -0.0042668 0.0017032
v -0.0011809 0.0046202 -0.0018244
v 0.0020015 0.0081089 0.0028310
v -0.0041683 0.0088283 0.0028310
v -0.0041888 -0.0111091 0.0028310
v 0.0010262 -0.0055108 0.0028310
v -0.0016634 -0.0083938 -0.0011023
v -0.0006266 -0.0080206 0.0027601
v 0.0109225 0.0043713 0.0027601
v 0.0039520 -0.0031092 -0.0072398
v 0.0005848 -0.0067170 -0.0072398
v -0.0033162 -0.0109036 -0.0011732
v 0.0005951 -0.0027198 -0.0072398
v 0.0003487 0.0056046 0.0027601
v -0.0028337 0.0021104 -0.0018956
v 0.0027098 0.0019211 -0.0013977
v -0.0007190 0.0067567 0.0039465
v -0.0043736 0.0027487 -0.0013977
v -0.0012015 -0.0062573 0.0046689
v 0.0027098 -0.0020707 -0.0013977
v -0.0053386 -0.0107034 -0.0013977
v 0.0055124 0.0086336 0.0035554
v -0.0045481 0.0013477 0.0035554
v -0.0045481 0.0013477 -0.0064445
v 0.0151520 0.0156220 -0.0064445
v 0.0035003 -0.0079286 0.0035554
v 0.0112202 -0.0168264 -0.0064445
v -0.0710298 -0.0154741 -0.0051084
v -0.0265581 -0.0667456 -0.0051084
v -0.0265581 -0.0667456 0.0048915
v -0.0710298 -0.0154741 0.0048915
v 0.0411452 0.0658117 0.0048915
v 0.0411452 0.0658117 -0.0051084
v 0.0680623 0.0347805 -0.0051084
v 0.0680623 0.0347805 0.0048915
v 0.0329838 -0.0331614 0.0048915
v 0.0329838 -0.0331614 -0.0051084
v 0.0260236 0.0583690 -0.0051084
v 0.0704953 0.0070920 -0.0051084
v 0.0704953 0.0070920 0.0048915
v 0.0260236 0.0583690 0.0048915
v -0.0861514 -0.0229168 -0.0051084
v -0.0772612 -0.0331614 -0.0051084
v -0.0772612 -0.0331614 0.0048915
v -0.0861514 -0.0229168 0.0048915
v -0.0141570 -0.0058732 -0.0050000
v -0.0141570 -0.0058732 0.0049995
v -0.0000209 0.0043713 -0.0050000
v 0.0088693 -0.0058732 -0.0050000
v 0.0088693 -0.0058732 0.0049995
v -0.0000209 0.0043713 0.0049995
v 0.0470480 0.0122414 0.0070811
v 0.0471507 0.0121224 0.0070811
v 0.0465142 0.0118627 0.0070811
v -0.0184994 -0.0096000 0.0070811
v -0.0200188 -0.0037421 0.0070811
v -0.0134178 0.0054531 0.0070811
v 0.0401083 0.0124091 0.0070811
v 0.0446253 0.0126254 0.0070811
v 0.0468530 0.0123387 0.0070811
v -0.0184994 -0.0096000 0.0013926
v 0.0465142 0.0118627 0.0027716
v 0.0454979 0.0115274 0.0016550
v 0.0377985 0.0089852 -0.0029188
v -0.0128019 -0.0077231 -0.0029188
v 0.0471507 0.0121224 0.0035128
v 0.0446253 0.0126254 0.0023713
v 0.0401083 0.0124091 0.0008207
v 0.0456211 0.0124956 0.0025548
v 0.0468530 0.0123387 0.0034462
v 0.0470480 0.0122414 0.0035301
v -0.0023102 0.0068973 -0.0029188
v 0.0311154 0.0112407 -0.0029188
v 0.0033976 0.0038899 0.0011099
v -0.0011296 0.0036790 0.0011099
v -0.0020330 0.0035600 0.0011099
v 0.0001126 0.0014235 0.0011099
v 0.0052763 0.0031273 0.0011099
v 0.0059128 0.0033923 0.0011099
v 0.0058101 0.0035113 0.0011099
v 0.0056151 0.0036087 0.0011099
v 0.0042600 0.0027919 0.0056837
v 0.0052763 0.0031273 0.0062866
v 0.0059128 0.0033923 0.0067099
v -0.0011296 0.0036790 0.0019488
v 0.0033976 0.0038899 0.0058718
v 0.0043832 0.0037655 0.0065835
v 0.0056151 0.0036087 0.0068130
v 0.0058101 0.0035113 0.0067877
v -0.0025771 -0.0032715 0.0020388
v 0.0051223 -0.0007293 0.0066130
v 0.0009646 -0.0021032 0.0020388
v -0.0002775 0.0001578 0.0028781
v 0.0042497 0.0003687 0.0068011
v 0.0042497 0.0003687 0.0073289
v -0.0002775 0.0001578 0.0057787
v 0.0052352 0.0002443 0.0075124
v -0.0092602 -0.0010106 0.0020388
v -0.0011707 0.0000388 0.0020388
v -0.0006163 -0.0052836 0.0044406
v -0.0027106 0.0027811 0.0044406
v 0.0059846 0.0039116 0.0044406
v 0.0009133 -0.0111415 -0.0055593
v 0.0009133 -0.0111415 -0.0012479
v 0.0066006 -0.0092592 -0.0055593
v -0.0027106 0.0027811 -0.0055593
v 0.0171025 0.0053558 -0.0055593
v -0.0035010 -0.0016705 0.0017446
v -0.0035010 -0.0016705 0.0012309
v -0.0045173 -0.0020058 0.0006280
v -0.0028645 -0.0014108 0.0024859
v -0.0028645 -0.0014108 0.0016542
v -0.0031622 -0.0011945 0.0017573
v -0.0031622 -0.0011945 0.0024188
v -0.0043942 -0.0010322 0.0015274
v -0.0029672 -0.0012864 0.0025031
v -0.0029672 -0.0012864 0.0017316
v -0.0543683 -0.0353466 0.0059235
v -0.0646137 0.0039873 0.0059235
v -0.0543683 -0.0353466 -0.0040764
v -0.0646137 0.0039873 -0.0040764
v 0.0769422 0.0080008 0.0059235
v 0.0733184 0.0219180 0.0059235
v 0.0769422 0.0080008 -0.0040764
v 0.0733184 0.0219180 -0.0040764
v -0.0056261 0.0284574 0.0053941
v -0.0056261 0.0284574 -0.0046058
v -0.0594910 -0.0454938 0.0053941
v -0.0700340 -0.0050186 0.0053941
v -0.0594910 -0.0454938 -0.0046058
v -0.0700340 -0.0050186 -0.0046058
v 0.0718196 -0.0021465 0.0053941
v 0.0615742 0.0371929 0.0053941
v 0.0718196 -0.0021465 -0.0046058
v 0.0615742 0.0371929 -0.0046058
v -0.0021870 -0.0001560 0.0007785
v -0.0062831 -0.0023682 -0.0033858
v -0.0028748 0.0040360 -0.0033858
v 0.0029049 -0.0055757 -0.0033858
v 0.0009030 0.0021104 -0.0033858
v 0.0019501 -0.0019247 0.0004073
v -0.0072070 0.0129608 -0.0063143
v -0.0209119 -0.0127642 -0.0063143
v 0.0055637 -0.0040234 -0.0063143
v 0.0019809 0.0097533 -0.0063143
v -0.0124015 -0.0099570 0.0036856
v -0.0021459 0.0092989 0.0036856
v 0.0027406 0.0068000 0.0036856
v 0.0055637 -0.0040234 0.0036856
v 0.0010262 0.0134043 -0.0025212
v -0.0031109 0.0151730 -0.0021496
v 0.0039623 0.0089635 -0.0050111
v -0.0120217 0.0006554 -0.0050111
v 0.0051428 -0.0081179 -0.0050111
v 0.0073397 -0.0039963 -0.0050111
v -0.0138901 -0.0003128 0.0049888
v 0.0039623 0.0089635 0.0049888
v 0.0084074 -0.0081017 0.0049888
v -0.0176371 -0.0022654 0.0012620
v 0.0090541 -0.0105682 0.0024246
v 0.0058306 -0.0123099 -0.0008464
v -0.0005547 0.0032246 -0.0013092
v 0.0032231 0.0013045 -0.0013092
v 0.0016422 0.0073463 -0.0013092
v 0.0033566 0.0007744 0.0061265
v 0.0042702 -0.0027360 0.0024839
v 0.0001331 -0.0009673 0.0028555
v 0.0369259 0.0345209 -0.0044549
v 0.0322755 0.0321085 -0.0044549
v -0.1060980 -0.0448880 -0.0044549
v -0.1031722 -0.0503781 -0.0044549
v 0.0489164 -0.0001722 -0.0044549
v 0.0626214 0.0255528 -0.0044549
v 0.0322755 0.0321085 0.0055450
v -0.1002156 -0.0416156 0.0055450
v 0.0399133 0.0360732 0.0055450
v 0.0676824 0.0218910 0.0055450
v 0.0574268 0.0026351 0.0055450
v -0.0966945 -0.0482416 0.0055450
v 0.0432497 0.0378095 0.0018182
v 0.0667174 0.0277651 -0.0002906
v 0.0013034 -0.0046778 -0.0040860
v -0.0016224 0.0008122 -0.0040860
v -0.0301614 -0.0150630 -0.0040860
v -0.0301614 -0.0150630 0.0059139
v 0.0042497 0.0040793 0.0059139
v 0.0077709 -0.0025413 0.0059139
v 0.0148543 -0.0128291 -0.0056129
v 0.0189504 -0.0106115 -0.0014486
v 0.0182626 -0.0064195 -0.0056129
v 0.0010981 0.0023484 -0.0056129
v -0.0108411 -0.0038557 -0.0056129
v -0.0045173 -0.0005724 0.0006602
v 0.0057280 0.0010340 0.0043981
v 0.0025045 -0.0007023 0.0011271
v 0.0034695 -0.0065764 0.0069623
v 0.0063131 -0.0012323 0.0069623
v -0.0242996 0.0076059 0.0069623
v -0.0172162 0.0112894 0.0069623
v 0.0050812 0.0035059 0.0069623
v -0.0209632 0.0093368 0.0032359
v -0.0024744 0.0008880 -0.0018903
v 0.0007490 0.0026242 0.0013807
v 0.0013342 0.0003579 0.0039449
v -0.0015094 -0.0049862 0.0039449
v 0.0033771 -0.0074851 0.0039449
v 0.0016627 -0.0008808 -0.0022615
v -0.0050512 0.0086066 0.0090110
v -0.0047227 0.0068649 0.0090110
v -0.0047227 0.0068649 -0.0009889
v -0.0050512 0.0086066 -0.0009889
v -0.0037474 0.0037060 0.0090110
v -0.0014992 -0.0035257 -0.0009889
v 0.0057998 -0.0003615 -0.0009889
v -0.0007087 0.0050204 0.0090110
v -0.0022897 0.0027162 -0.0022124
v -0.0032752 0.0059183 0.0023338
v -0.0008935 -0.0017732 0.0023338
v 0.0087564 0.0039116 0.0023338
v 0.0004821 -0.0023412 0.0023338
v 0.0046501 0.0008068 -0.0033371
v -0.0051641 -0.0231548 0.0000844
v -0.0068374 -0.0177729 -0.0053689
v -0.0212096 0.0285872 -0.0053689
v -0.0234476 0.0358190 0.0046310
v -0.0061599 -0.0199473 0.0046310
v 0.0223176 0.0018400 0.0046310
v -0.0204192 0.0371334 0.0046310
v -0.0139003 0.0317569 -0.0053689
v 0.0285798 -0.0033256 -0.0053689
v 0.0200386 -0.0112497 0.0046310
v 0.0058820 -0.0219541 0.0046310
v 0.0049580 -0.0226572 -0.0053689
v 0.0282821 -0.0050186 -0.0053689
v 0.0017756 -0.0250588 -0.0010403
v 0.0014677 -0.0009348 0.0007552
v -0.0057184 0.0050042 0.0007552
v 0.0005437 -0.0001668 -0.0092447
v 0.0014677 -0.0009348 -0.0092447
v -0.0079975 -0.0080909 0.0007552
v 0.0002460 -0.0018598 -0.0092447
v -0.0028235 0.0031651 0.0029543
v -0.0016326 -0.0006806 -0.0024990
v -0.0044865 0.0085416 -0.0024990
v 0.0009852 -0.0011133 -0.0024990
v 0.0072987 0.0036574 -0.0024990
v 0.0041162 0.0012558 0.0018297
v -0.0010783 -0.0019896 0.0047877
v -0.0006779 -0.0033040 0.0047877
v -0.0006779 -0.0033040 -0.0052122
v -0.0012836 -0.0013459 -0.0052122
v -0.0024744 0.0024944 0.0002411
v 0.0002973 -0.0025629 0.0047877
v 0.0013342 -0.0017841 -0.0052122
v 0.0044653 0.0005851 -0.0008832
v 0.0031205 -0.0021573 0.0012286
v -0.0032136 0.0025377 -0.0025817
v 0.0298219 -0.0044290 -0.0054018
v -0.0041272 -0.0013135 -0.0071915
v -0.0036447 -0.0015839 -0.0074271
v -0.0036447 -0.0015839 -0.0068215
v 0.0016216 -0.0034500 0.0031999
v -0.0023615 -0.0012269 0.0031999
v -0.0039835 0.0040306 0.0031999
v -0.0029056 0.0048473 0.0031999
v 0.0046911 0.0038034 0.0031999
v 0.0109533 -0.0050402 0.0031999
v 0.0057793 -0.0046021 0.0031999
v 0.0100602 -0.0049645 0.0021369
v -0.0023615 -0.0012269 0.0017519
v -0.0031007 0.0011692 -0.0010908
v -0.0039835 0.0040306 0.0020829
v 0.0037261 -0.0002695 -0.0016738
v -0.0256855 0.0042956 -0.0015957
v -0.0193515 -0.0003994 0.0022150
v 0.0073500 -0.0026711 -0.0044158
v 0.0312489 0.0006824 0.0032780
v 0.0301607 -0.0015839 0.0032780
v 0.0264547 -0.0042992 0.0032780
v -0.0184584 -0.0004751 0.0032780
v -0.0247308 0.0083686 0.0032780
v 0.0308485 -0.0001505 0.0022510
v 0.0186938 -0.0036393 -0.0037294
v -0.0002365 0.0012558 0.0031091
v -0.0016326 -0.0016596 0.0031091
v -0.0039425 -0.0014649 0.0031091
v -0.0016326 -0.0016596 -0.0032885
v 0.0004513 0.0026837 0.0020821
v -0.0117137 -0.0007996 -0.0038983
v -0.0025566 -0.0029307 -0.0024572
v -0.0020741 -0.0032012 -0.0020872
v 0.0046809 -0.0037745 0.0059625
v -0.0016532 0.0009204 0.0021522
v 0.0004000 -0.0034121 0.0070259
v -0.0020741 -0.0032012 0.0070259
v -0.0037679 -0.0022546 0.0070259
v -0.0077408 -0.0000370 0.0000699
v -0.0077408 -0.0000370 0.0055780
v -0.0084902 0.0023646 0.0027352
v 0.0029973 0.0127660 -0.0025476
v 0.0059230 0.0103536 -0.0025476
v 0.0059230 0.0103536 0.0024717
v 0.0012007 0.0004985 -0.0025476
v 0.0012007 0.0004985 0.0010547
v 0.0032847 0.0048419 0.0064253
v -0.0119498 0.0018129 -0.0025476
v -0.0109232 0.0015316 -0.0025476
v -0.0119190 0.0016128 -0.0023013
v -0.0088803 0.0013531 0.0004445
v 0.0027406 -0.0034013 -0.0003017
v -0.0029877 0.0046797 -0.0003017
v -0.0033984 0.0043713 -0.0003017
v -0.0017661 -0.0008862 -0.0003017
v 0.0034079 -0.0037800 0.0002150
v -0.0017661 -0.0008862 0.0027421
v -0.0033984 0.0043713 0.0020227
v -0.0025155 0.0015154 0.0054075
v -0.0024539 0.0050907 0.0007536
v 0.0043216 0.0000712 0.0048245
v -0.0038193 -0.0020870 -0.0055053
v -0.0029159 0.0017642 -0.0008955
v 0.0301197 -0.0052025 -0.0037156
v -0.0033368 -0.0023574 -0.0057408
v -0.0044968 -0.0017083 -0.0060216
v -0.0033368 -0.0023574 -0.0060216
v 0.0381476 -0.0058894 -0.0060216
v 0.0383837 -0.0057110 -0.0060216
v -0.0089009 0.0073787 -0.0060216
v -0.0102252 0.0063727 -0.0060216
v 0.0384247 -0.0059111 -0.0057753
v -0.0096811 0.0067837 -0.0049663
v -0.0010167 -0.0022709 -0.0025725
v 0.0061078 -0.0081504 -0.0025725
v 0.0018783 -0.0046616 0.0021855
v -0.0010167 -0.0022709 -0.0004411
v -0.0113339 -0.0100706 -0.0025725
v -0.0044557 -0.0048726 0.0027693
v 0.0032847 -0.0023682 -0.0004699
v 0.0022581 -0.0020870 -0.0004699
v 0.0020220 -0.0022600 -0.0004699
v 0.0022889 -0.0022871 -0.0002236
v 0.0332610 -0.0094540 0.0044307
v 0.0079146 0.0114787 0.0044307
v 0.0021349 0.0162494 -0.0008108
v 0.0063645 0.0127552 -0.0055689
v 0.0303352 -0.0070416 -0.0055689
v 0.0332610 -0.0094540 -0.0005496
v 0.0310230 -0.0141327 0.0044307
v -0.0249567 -0.0064466 0.0044307
v -0.0280877 -0.0020275 0.0044307
v -0.0091986 0.0122576 0.0044307
v 0.0306227 -0.0149657 0.0034037
v -0.0110772 0.0108350 -0.0055689
v -0.0318964 -0.0049050 -0.0055689
v 0.0153882 -0.0179947 -0.0055689
v -0.0326869 -0.0055000 -0.0045135
v -0.0041991 0.0160331 -0.0002270
v 0.0184679 -0.0184490 -0.0025767
v 0.0154189 -0.0181948 -0.0053229
v 0.0071241 -0.0174863 -0.0032628
v -0.0259217 -0.0105141 -0.0004427
v 0.0066519 0.0051016 0.0066624
v 0.0097830 0.0006824 0.0066624
v 0.0021863 0.0017264 0.0066624
v 0.0019912 -0.0019463 0.0023717
v 0.0011083 0.0009096 -0.0010131
v 0.0011083 0.0009096 0.0055454
v 0.0020528 0.0016290 -0.0022822
v 0.0088283 -0.0033905 0.0017887
v -0.0005445 0.0010124 0.0030857
v -0.0005445 0.0010124 -0.0027997
v 0.0023505 -0.0013784 -0.0001730
v -0.0039835 -0.0015893 0.0004108
v 0.0082534 -0.0068414 0.0035174
v -0.0004110 0.0003200 0.0035174
v -0.0004110 0.0003200 0.0015343
v 0.0024840 -0.0020707 -0.0017240
v -0.0088598 -0.0060625 0.0035174
v -0.0038603 -0.0022817 -0.0011406
v -0.0001749 0.0002281 -0.0015252
v -0.0001441 0.0002010 -0.0015647
v -0.0001749 0.0001848 -0.0015271
v -0.0002159 0.0002119 -0.0015697
v 0.0381681 0.0312755 -0.0055926
v 0.0381681 0.0312755 0.0044073
v 0.0374597 0.0309023 0.0044073
v 0.0374597 0.0309023 -0.0055926
v 0.0405703 0.0322167 -0.0055926
v 0.0405703 0.0322167 0.0044073
v 0.0003897 -0.0063330 0.0044073
v -0.0050922 -0.0054026 0.0044073
v -0.0039219 0.0035600 0.0044073
v -0.0019509 -0.0085831 -0.0001546
v 0.0011186 -0.0056352 -0.0055926
v -0.0028645 0.0042578 -0.0055926
v -0.0046816 -0.0051268 -0.0055926
v -0.0082336 0.0007095 -0.0003446
v -0.0095681 -0.0075716 -0.0006461
v -0.0095373 -0.0075987 -0.0006855
v 0.0013855 0.0025972 -0.0025116
v 0.0051531 -0.0007239 0.0025437
v -0.0014068 -0.0001451 0.0025437
v -0.0021151 0.0008122 0.0010233
v 0.0021555 -0.0049537 -0.0004036
v 0.0021555 -0.0049537 0.0025437
v 0.0049478 -0.0022709 0.0025437
v 0.0005232 -0.0027577 -0.0027066
v 0.0000407 0.0028947 -0.0009211
v -0.0004931 -0.0011728 -0.0009211
v 0.0001434 -0.0020383 -0.0000152
v 0.0036851 -0.0003236 0.0039806
v -0.0023204 0.0031056 -0.0009211
v -0.0032136 0.0025107 -0.0009211
v -0.0032136 0.0025107 0.0002150
v -0.0016326 0.0003633 0.0036090
v 0.0050504 0.0024566 -0.0030605
v 0.0038904 -0.0034933 -0.0030605
v 0.0001844 -0.0000153 0.0018465
v -0.0040656 -0.0008591 -0.0030605
v -0.0035318 0.0032084 -0.0030605
v 0.0001126 -0.0000099 0.0018415
v -0.0034189 -0.0017246 -0.0021542
v -0.0029775 -0.0023249 -0.0030605
v 0.0035927 -0.0033851 0.0041300
v -0.0001749 -0.0000640 -0.0009253
v -0.0036755 -0.0018490 0.0026100
v -0.0029569 -0.0028118 0.0041300
v -0.0039835 0.0035600 0.0041300
v -0.0001646 -0.0000207 -0.0009234
v 0.0043113 0.0021483 0.0041300
v -0.0047432 -0.0003939 0.0041300
v 0.0023197 -0.0044020 0.0051397
v 0.0038083 -0.0029686 0.0051397
v 0.0063850 -0.0004967 0.0005778
v 0.0035927 -0.0031742 -0.0048602
v 0.0022171 -0.0044993 -0.0048602
v -0.0004829 -0.0070848 -0.0024047
v -0.0004829 -0.0070848 0.0021928
v 0.0025045 -0.0029902 -0.0048602
v 0.0025148 -0.0028550 0.0051397
v -0.0021049 -0.0048888 -0.0001106
v -0.0012015 0.0004823 0.0000469
v -0.0012425 0.0004661 0.0000844
v -0.0050717 0.0011855 -0.0043844
v -0.0051025 0.0012125 -0.0043450
v -0.0051128 0.0011638 -0.0043469
v -0.0000620 -0.0022654 0.0007084
v 0.0048554 0.0024512 0.0007084
v 0.0025148 0.0002064 -0.0038535
v -0.0006266 0.0033815 0.0007084
v -0.0013555 -0.0021519 0.0007084
v -0.0010783 -0.0023033 -0.0008246
v 0.0000715 0.0036411 -0.0008246
v -0.0047945 0.0011692 0.0040821
v 0.0058717 0.0031327 -0.0008246
v 0.0000099 -0.0024872 -0.0008246
v 0.0028022 0.0001902 0.0046130
v 0.0012829 0.0028893 0.0023510
v 0.0013547 0.0028785 0.0023560
v 0.0013137 0.0028622 0.0023935
v 0.0047630 -0.0021032 -0.0025507
v 0.0020733 -0.0046833 -0.0025507
v 0.0020733 -0.0046833 -0.0000956
v 0.0050607 -0.0005941 -0.0025507
v -0.0018174 0.0005743 -0.0025507
v 0.0004513 -0.0024872 0.0021986
v -0.0022589 0.0011746 -0.0016447
v 0.0002871 -0.0043587 0.0023656
v 0.0003281 -0.0043371 0.0024100
v 0.0003589 -0.0043641 0.0023705
v -0.0031007 0.0007960 -0.0025365
v -0.0033573 -0.0011404 -0.0025365
v 0.0052250 -0.0018922 -0.0025365
v 0.0070317 0.0074923 -0.0025365
v 0.0016627 0.0039440 0.0027115
v -0.0028543 0.0038683 -0.0049920
v -0.0054721 0.0021429 -0.0049920
v -0.0031109 0.0019373 -0.0049920
v 0.0019091 0.0070217 0.0002560
v -0.0029569 0.0038034 0.0050080
v -0.0048048 0.0025810 0.0050080
v -0.0063652 0.0015533 0.0027743
v -0.0063652 0.0015533 -0.0038558
v -0.0032444 0.0023159 0.0050080
v -0.0047843 -0.0005941 -0.0004618
v 0.0005745 -0.0012594 -0.0000458
v 0.0005335 -0.0012810 -0.0000903
v 0.0002973 -0.0045318 -0.0025649
v -0.0035216 -0.0009565 0.0024889
v 0.0047733 -0.0023628 0.0024889
v 0.0016319 0.0037493 -0.0022630
v 0.0059436 0.0065998 0.0024889
v -0.0032341 0.0005310 0.0024889
v 0.0032744 -0.0000370 -0.0030483
v 0.0032334 -0.0000586 -0.0030927
v 0.0032642 -0.0000856 -0.0030502
v -0.0036755 0.0027757 0.0020051
v -0.0036755 0.0027757 -0.0002282
v -0.0021151 0.0038034 0.0020051
v -0.0005445 0.0035384 0.0020051
v -0.0013144 -0.0004102 0.0020051
v -0.0020843 0.0006283 -0.0034643
v -0.0002365 -0.0018652 0.0004851
v -0.0036653 -0.0016975 -0.0042676
v -0.0054413 0.0007041 -0.0006438
v -0.0036037 -0.0017895 0.0033060
v -0.0009551 -0.0053594 -0.0004243
v -0.0000928 -0.0000099 -0.0002293
v -0.0001338 0.0000171 -0.0002718
v 0.0088077 -0.0011025 0.0050072
v 0.0011083 0.0093043 0.0050072
v 0.0011083 0.0093043 -0.0049927
v 0.0088077 -0.0011025 -0.0049927
v 0.0029357 -0.0067387 0.0050072
v 0.0040238 -0.0056893 -0.0049927
v 0.0006259 -0.0089509 0.0011336
v -0.0044557 0.0056316 -0.0049927
v -0.0069401 -0.0046833 -0.0049927
v -0.0134076 -0.0002912 0.0050072
v -0.0136129 -0.0011025 0.0050072
v -0.0105126 -0.0067387 -0.0009108
v -0.0086032 0.0015046 -0.0028384
v -0.0071659 0.0074490 -0.0028384
v -0.0107385 0.0053936 0.0012436
v 0.0004000 0.0031814 0.0032880
v 0.0037980 0.0064430 -0.0028384
v -0.0032444 -0.0003182 -0.0028384
v 0.0010878 -0.0047157 -0.0042281
v -0.0010475 -0.0008267 -0.0001466
v 0.0025250 0.0012233 -0.0042281
v -0.0090035 0.0022781 -0.0042281
v -0.0125555 -0.0000694 -0.0042281
v -0.0107795 0.0011043 -0.0019324
v -0.0129559 -0.0191738 0.0034339
v 0.0058922 -0.0010917 0.0034339
v 0.0080378 0.0009691 -0.0004396
v 0.0043934 -0.0025251 -0.0065660
v -0.0031520 -0.0097677 -0.0065660
v -0.0009654 -0.0007023 -0.0065660
v -0.0082746 0.0002064 0.0034339
v -0.0031007 0.0031868 -0.0024840
v 0.0512057 0.0306913 -0.0068548
v -0.0298124 -0.0470408 -0.0068548
v -0.0298124 -0.0470408 0.0031451
v 0.0414121 0.0212906 0.0031451
v 0.0534026 0.0397621 -0.0068548
v 0.0397593 0.0444084 -0.0068548
v -0.0319272 -0.0029578 -0.0068548
v -0.0382509 -0.0356333 -0.0068548
v 0.0415353 0.0455822 -0.0045591
v 0.0355606 0.0416336 0.0031451
v -0.0421622 -0.0097244 0.0031451
v 0.0460933 0.0406709 0.0031451
v -0.0453241 -0.0260649 0.0031451
v 0.0512673 0.0436458 -0.0027732
v 0.0104092 -0.0191414 -0.0056776
v 0.0167330 0.0135341 -0.0056776
v -0.0037577 0.0000009 -0.0056776
v 0.0064877 0.0067675 0.0043223
v -0.0037577 0.0000009 0.0043223
v 0.0033258 -0.0095729 0.0043223
v -0.0070633 0.0011638 -0.0020286
v 0.0044653 0.0001091 -0.0020286
v 0.0069496 0.0104240 -0.0020286
v -0.0020022 0.0045066 0.0079713
v -0.0028851 0.0039224 0.0079713
v -0.0088393 -0.0000099 0.0002671
v -0.0021973 0.0036898 0.0079713
v 0.0008928 -0.0019409 0.0020530
v -0.0048253 -0.0024548 0.0047528
v 0.0003487 0.0005202 -0.0011655
v -0.0027413 0.0061563 0.0047528
v 0.0137969 0.0005202 0.0047528
v 0.0114974 -0.0016921 0.0008793
v 0.0093416 -0.0037529 0.0047528
v 0.0044140 -0.0017678 -0.0041845
v -0.0007600 -0.0047482 0.0017339
v 0.0013137 0.0038629 0.0017339
v 0.0006361 0.0040955 0.0017339
v -0.0112928 -0.0037800 0.0017339
v -0.0053181 0.0001632 -0.0059707
v 0.0425413 0.0047067 -0.0054275
v 0.0425413 0.0047067 0.0045724
v 0.0199462 0.0352619 0.0045724
v 0.0199462 0.0352619 -0.0054275
v -0.0038706 -0.0398252 -0.0054275
v -0.0455808 -0.0080314 -0.0054275
v -0.0468537 -0.0251832 -0.0054275
v -0.0358077 -0.0015731 0.0045724
v -0.0372244 -0.0207262 0.0045724
v 0.0020836 -0.0341134 0.0045724
v -0.0689459 -0.0570041 -0.0041833
v 0.1069391 0.0371226 -0.0041833
v 0.1278917 0.0487789 -0.0041833
v -0.0178630 0.0197706 -0.0041833
v -0.0816242 -0.0223651 -0.0041833
v -0.0008832 0.0309888 0.0058166
v -0.0884612 -0.0268762 0.0058166
v 0.1498298 0.0609869 0.0058166
v 0.1069391 0.0371226 0.0058166
v -0.0760396 -0.0608012 0.0058166
v -0.0211172 0.0224481 -0.0053444
v -0.0255726 -0.0377049 -0.0053444
v 0.0218659 0.0078114 -0.0053444
v 0.0278098 0.0135233 0.0046555
v -0.0155737 -0.0281040 0.0046555
v -0.0114879 0.0269105 0.0046555
v 0.1035103 0.1015757 -0.0051954
v -0.2064981 -0.1032669 -0.0051954
v -0.0607434 -0.0742587 -0.0051954
v 0.0852062 0.0069514 -0.0051954
v 0.1153468 0.0358731 -0.0051954
v 0.1198022 0.0960261 -0.0051954
v 0.1112404 0.1066818 0.0048045
v -0.1895183 -0.0920487 0.0048045
v -0.0388053 -0.0620507 0.0048045
v 0.0852062 0.0069514 0.0048045
v 0.1294315 0.1004885 0.0048045
v 0.1253457 0.0454686 0.0048045
v 0.0006874 -0.0194551 -0.0057711
v -0.0562983 -0.0194551 -0.0057711
v -0.0562983 -0.0194551 0.0042288
v 0.0006874 -0.0194551 0.0042288
v 0.0434242 0.0034140 -0.0057711
v 0.0307356 0.0380583 -0.0057711
v 0.0239088 0.0335473 0.0042288
v 0.0363305 -0.0003831 0.0042288
v 0.0020939 -0.0113471 -0.0048253
v 0.0033668 0.0058101 -0.0048253
v -0.0141980 -0.0057975 -0.0048253
v 0.0131399 0.0122684 0.0051746
v -0.0064679 -0.0006914 0.0051746
v 0.0117232 -0.0068847 0.0051746
v -0.0227598 -0.0533909 -0.0050004
v -0.0227598 -0.0533909 0.0049995
v -0.0227290 -0.0556789 -0.0050004
v -0.0226468 -0.0557763 -0.0050004
v -0.0227290 -0.0556789 0.0049995
v -0.0226468 -0.0557763 0.0049995
v -0.0030801 0.0108459 -0.0050004
v 0.0097522 0.0054153 -0.0050004
v -0.0030801 0.0108459 0.0049995
v 0.0097522 0.0054153 0.0049995
v 0.0401289 0.0535983 0.0045893
v 0.0401289 0.0535983 -0.0054103
v -0.0047637 0.0281275 -0.0054103
v -0.0047637 0.0281275 0.0045893
v -0.0263426 -0.0422701 -0.0054103
v -0.0135102 -0.0477007 -0.0054103
v -0.0263426 -0.0422701 0.0045893
v -0.0135102 -0.0477007 0.0045893
v 0.0066519 -0.0033797 0.0008448
v 0.0066519 -0.0033797 0.0108447
v 0.0088693 -0.0036772 0.0108447
v 0.0088693 -0.0036772 0.0008448
v 0.0059025 -0.0031255 0.0108447
v 0.0064055 -0.0017786 0.0108447
v 0.0013445 0.0021050 0.0008448
v 0.0001331 -0.0011674 0.0008448
v -0.0001852 0.0006067 0.0006801
v -0.0005239 -0.0000424 -0.0001056
v 0.0002768 -0.0002425 0.0006801
v -0.0007908 -0.0005670 0.0006801
v 0.0409912 -0.0212671 0.0050034
v -0.0079872 -0.0045967 0.0050034
v -0.0160151 0.0098777 0.0050034
v -0.0025566 0.0139452 0.0050034
v 0.0414942 -0.0199149 0.0050034
v -0.0188177 -0.0009078 -0.0049962
v 0.0352320 -0.0193037 -0.0049962
v 0.0364434 -0.0160312 -0.0049962
v -0.0013657 0.0130311 -0.0049962
v -0.0176884 0.0083902 -0.0049962
v -0.0207169 0.0025053 -0.0049962
v -0.0052257 0.0159952 -0.0000171
v -0.0153068 0.0130203 -0.0001504
v -0.0168158 0.0100832 0.0042177
v -0.0066629 -0.0064628 0.0010574
v -0.0063241 -0.0058191 0.0018431
v -0.0058519 -0.0066683 0.0018431
v 0.0010468 0.0024349 0.0018431
v 0.0075964 -0.0026008 0.0018431
v -0.0026182 0.0013964 0.0018431
v 0.0049375 -0.0005508 -0.0031774
v -0.0051538 -0.0035257 -0.0033107
v 0.0045269 0.0084497 0.0013704
v 0.0125548 -0.0060193 0.0013704
v -0.0013863 -0.0012756 0.0013704
v 0.0034490 0.0081252 0.0013704
v -0.0001749 0.0010827 -0.0086295
v -0.0013863 -0.0012756 -0.0086295
v 0.0017140 -0.0023304 -0.0086295
v 0.0037159 0.0086552 0.0005847
v -0.0026900 -0.0001668 0.0046107
v -0.0012733 0.0025972 0.0046107
v 0.0009749 0.0008717 0.0046107
v -0.0012733 0.0025972 -0.0053892
v -0.0035421 -0.0018273 -0.0053892
v 0.0022171 -0.0000856 -0.0053892
v 0.0048656 -0.0021140 -0.0004097
v -0.0052257 -0.0050889 -0.0005430
v 0.0025250 0.0010448 -0.0022174
v -0.0032341 -0.0006969 -0.0022174
v -0.0072994 -0.0085831 -0.0022174
v 0.0090233 -0.0039476 -0.0022174
v 0.0051736 -0.0009835 0.0027620
v -0.0049177 -0.0039585 0.0026287
v -0.0041786 0.0247415 -0.0065621
v -0.0041786 0.0247415 0.0034378
v -0.0424497 -0.0011566 -0.0065621
v -0.0424497 -0.0011566 0.0034378
v 0.0197511 -0.0223273 -0.0065621
v 0.0303147 -0.0017732 -0.0065621
v 0.0197511 -0.0223273 0.0034378
v 0.0303147 -0.0017732 0.0034378
v 0.0271118 0.0434889 -0.0045162
v 0.0271118 0.0434889 0.0054837
v 0.0017140 -0.0196174 0.0054837
v -0.0189306 -0.0059111 0.0054837
v -0.0189306 -0.0059111 -0.0045162
v 0.0017140 -0.0196174 -0.0045162
v -0.0038706 -0.0966626 0.0055140
v -0.0886460 -0.0403661 0.0055140
v -0.0886460 -0.0403661 -0.0044859
v -0.0038706 -0.0966626 -0.0044859
v 0.0750328 0.0994229 -0.0044859
v 0.0750328 0.0994229 0.0055140
v 0.0543984 0.1131292 0.0055140
v 0.0543984 0.1131292 -0.0044859
v 0.0632989 -0.0348815 -0.0054367
v 0.0632989 -0.0348815 0.0045632
v -0.0915615 -0.0348815 -0.0054367
v -0.0915615 -0.0348815 0.0045632
v 0.0766958 -0.0015893 0.0045632
v -0.0080693 0.0547125 0.0045632
v -0.0080693 0.0547125 -0.0054367
v 0.0766958 -0.0015893 -0.0054367
v 0.0543984 -0.0108927 -0.0050253
v 0.0543984 -0.0108927 0.0049746
v 0.0498712 -0.0111037 -0.0050253
v 0.0498712 -0.0111037 0.0049746
v -0.0122783 -0.0062140 0.0049746
v -0.0091780 0.0107485 0.0049746
v -0.0091780 0.0107485 -0.0050253
v -0.0122783 -0.0062140 -0.0050253
v 0.0047425 0.0080386 -0.0030517
v 0.0012623 0.0092232 0.0019932
v -0.0076998 0.0013802 0.0019932
v 0.0006361 0.0003038 -0.0080067
v 0.0038391 0.0031002 -0.0080067
v 0.0027509 -0.0028442 -0.0080067
v 0.0016319 -0.0089239 -0.0011828
v -0.0009140 -0.0087237 0.0019932
v 0.0016319 -0.0089239 0.0019932
v 0.0047425 0.0080386 0.0019932
v 0.0027201 0.0021807 0.0045123
v 0.0061899 0.0009962 -0.0005327
v 0.0052865 -0.0039422 -0.0054876
v 0.0020939 -0.0067387 -0.0054876
v -0.0062420 -0.0056623 0.0045123
v 0.0061899 0.0009962 -0.0054876
v -0.0058519 0.0050961 -0.0054876
v -0.0157174 0.0084497 0.0045123
v -0.0103894 0.0213176 0.0000580
v -0.0045995 0.0229565 0.0030267
v -0.0045995 0.0229565 0.0052600
v -0.0103894 0.0213176 0.0052600
v -0.0507445 0.0012341 0.0052600
v -0.0507445 0.0012341 0.0010789
v -0.0476237 0.0027811 -0.0047395
v -0.0167953 0.0181263 -0.0047395
v -0.0436610 -0.0074797 -0.0047395
v 0.0439888 -0.0143761 -0.0047395
v 0.0535874 -0.0059814 -0.0047395
v 0.0456416 0.0058534 -0.0047395
v 0.0403136 0.0076708 -0.0047395
v 0.0352115 -0.0136838 0.0052600
v -0.0502415 -0.0069604 0.0052600
v -0.0528901 -0.0000965 0.0052600
v 0.0357864 0.0092124 0.0052600
v 0.0452515 -0.0049050 0.0052600
v -0.0107692 -0.0037583 0.0033596
v -0.0107692 -0.0037583 -0.0066403
v 0.0009544 0.0034735 -0.0066403
v 0.0009544 0.0034735 -0.0008219
v -0.0012015 0.0021429 0.0033596
v 0.0040649 0.0050204 -0.0066403
v 0.0080275 -0.0052404 -0.0066403
v 0.0014471 -0.0047211 0.0033596
v -0.0048561 -0.0025521 -0.0051444
v 0.0057382 -0.0033851 -0.0051444
v 0.0068470 0.0026946 -0.0051444
v 0.0047425 0.0058426 -0.0051444
v -0.0136334 -0.0018598 0.0048551
v 0.0031820 -0.0031850 0.0048551
v 0.0057382 -0.0033851 0.0016795
v -0.0035934 0.0069190 0.0048551
v -0.0075458 -0.0022492 0.0045387
v -0.0075458 -0.0022492 -0.0002588
v -0.0017558 -0.0006103 -0.0002588
v -0.0017558 -0.0006103 0.0075074
v -0.0139517 -0.0054405 -0.0002588
v 0.0431573 -0.0158960 -0.0002588
v 0.0549014 0.0014126 -0.0050004
v 0.0549014 0.0014126 0.0049995
v -0.0073405 0.0063132 -0.0050004
v -0.0073405 0.0063132 0.0049995
v -0.0067861 -0.0066088 -0.0050004
v -0.0067861 -0.0066088 0.0049995
v -0.0414231 0.0163305 -0.0043438
v -0.0414231 0.0163305 0.0056561
v -0.0625092 0.0052746 0.0056561
v -0.0625092 0.0052746 -0.0043438
v -0.0612875 -0.0236471 -0.0043438
v -0.0612875 -0.0236471 0.0056561
v 0.0755358 0.0071299 -0.0043438
v 0.0755358 0.0071299 0.0056561
v 0.0760799 -0.0057921 -0.0043438
v 0.0760799 -0.0057921 0.0056561
v -0.0109951 0.0060211 -0.0049537
v -0.0495434 -0.0168155 -0.0049537
v -0.0495434 -0.0168155 0.0050463
v -0.0109951 0.0060211 0.0050463
v 0.0175337 0.0209877 0.0050463
v 0.0175337 0.0209877 -0.0049537
v 0.0187656 -0.0079340 -0.0049537
v 0.0187656 -0.0079340 0.0050463
v 0.0004411 -0.0020275 0.0021403
v -0.0016634 -0.0029091 0.0021403
v -0.0003699 0.0008555 -0.0027916
v 0.0010878 0.0003417 -0.0010774
v -0.0005753 -0.0050078 0.0021403
v -0.0003905 -0.0050781 0.0021403
v -0.0003905 -0.0050781 0.0019093
v 0.0006566 -0.0012269 -0.0027158
v -0.0023512 -0.0037962 0.0065138
v -0.0002467 -0.0029145 0.0065138
v 0.0008312 -0.0050132 0.0065138
v 0.0000510 -0.0047157 -0.0034861
v -0.0105023 -0.0006860 -0.0034861
v 0.0010262 -0.0050889 0.0062824
v 0.0010262 -0.0050889 -0.0023538
v -0.0032444 0.0023538 -0.0034861
v 0.0020733 -0.0012377 0.0016573
v 0.0010468 0.0008447 0.0015814
v -0.0523768 0.0164279 -0.0043928
v -0.0523768 0.0164279 0.0056071
v -0.0460427 0.0129716 0.0056071
v -0.0460427 0.0129716 -0.0043928
v 0.0078633 -0.0076203 0.0056071
v 0.0039007 0.0050258 0.0056071
v 0.0099678 -0.0067332 0.0056071
v -0.0002775 -0.0045048 -0.0043928
v 0.0039417 0.0050150 -0.0043928
v 0.0077093 0.0042578 0.0004119
v 0.0069701 -0.0014649 -0.0043928
v 0.0112613 -0.0029740 0.0006751
v -0.0011604 -0.0080098 0.0018350
v 0.0009441 -0.0071335 0.0018350
v 0.0015806 -0.0047590 -0.0013827
v 0.0001331 -0.0042505 -0.0030969
v 0.0024224 -0.0016705 0.0018350
v -0.0072275 0.0037493 0.0018350
v 0.0006361 0.0021591 0.0018350
v -0.0034292 0.0029812 -0.0033601
v -0.0007600 -0.0015569 0.0025897
v -0.0050512 -0.0000478 -0.0024783
v 0.0005643 0.0023105 -0.0024783
v -0.0007806 -0.0074905 -0.0013456
v -0.0007806 -0.0074905 -0.0024783
v -0.0017558 -0.0071173 -0.0024783
v 0.0014266 0.0006446 -0.0024783
v 0.0002665 -0.0036393 0.0026655
v -0.0021151 -0.0033094 -0.0010246
v 0.0021760 -0.0048185 0.0040434
v 0.0035003 -0.0009511 -0.0010246
v 0.0021349 0.0016993 -0.0010246
v -0.0013760 0.0024133 0.0037802
v -0.0051436 0.0031706 -0.0010246
v 0.0040546 0.0017805 -0.0009583
v 0.0025764 0.0011584 -0.0009583
v 0.0034387 -0.0005075 -0.0009583
v 0.0022684 -0.0047860 0.0041851
v 0.0026996 -0.0032174 0.0058235
v 0.0012418 -0.0027036 0.0041093
v 0.0018475 0.0019752 0.0048884
v 0.0045269 0.0014343 0.0048884
v 0.0036337 -0.0018544 0.0048884
v -0.0022075 0.0027973 -0.0003067
v 0.0013034 0.0020834 -0.0051115
v 0.0045269 0.0014343 -0.0051115
v 0.0026688 -0.0005670 -0.0051115
v 0.0041573 0.0000550 -0.0051115
v 0.0027919 -0.0049429 0.0016703
v 0.0013445 -0.0044344 -0.0000435
v -0.0086750 -0.0031255 0.0045084
v -0.0086750 -0.0031255 -0.0054915
v -0.0054721 0.0086715 -0.0054915
v -0.0054721 0.0086715 0.0045084
v -0.0009756 -0.0060679 0.0045084
v 0.0018064 0.0071948 0.0045084
v 0.0070625 -0.0004372 0.0045084
v 0.0036337 -0.0078259 -0.0006334
v -0.0007600 -0.0061491 -0.0054915
v 0.0129038 0.0049501 -0.0054915
v 0.0131399 0.0046093 -0.0054915
v 0.0123392 -0.0014217 -0.0003140
v 0.0012110 0.0029596 -0.0062507
v 0.0009133 0.0027270 -0.0062507
v 0.0001228 -0.0033040 -0.0010732
v 0.0070317 0.0017805 -0.0008200
v -0.0051641 -0.0023195 0.0037492
v -0.0104099 0.0053125 0.0037492
v 0.0021144 0.0027757 0.0037492
v 0.0006772 0.0030678 -0.0062507
v -0.0027516 0.0021212 -0.0024090
v -0.0024436 0.0023538 -0.0024090
v 0.0033668 0.0011801 0.0030218
v -0.0035421 -0.0039044 0.0027682
v 0.0092081 -0.0000045 -0.0024090
v 0.0021247 -0.0049591 -0.0024090
v 0.0278201 -0.0263515 0.0068696
v -0.0600248 0.0072002 0.0068696
v -0.0636076 0.0124036 0.0068696
v -0.0510627 0.0221073 0.0068696
v 0.0548604 0.0006500 0.0068696
v 0.0518422 -0.0104546 0.0068696
v 0.0347085 -0.0289857 -0.0031303
v -0.0470796 0.0022510 -0.0031303
v -0.0559595 0.0231026 0.0023004
v -0.0501183 0.0219180 -0.0031303
v 0.0548604 0.0006500 -0.0031303
v -0.0572017 0.0169634 -0.0031303
v 0.0494605 -0.0192279 -0.0031303
v -0.0628685 0.0180181 0.0020472
v 0.0041984 -0.0008267 0.0026058
v -0.0003391 0.0057723 0.0026058
v 0.0049375 0.0047878 -0.0022170
v 0.0008825 -0.0033959 0.0026058
v -0.0083876 0.0001415 0.0026058
v -0.0037679 -0.0016164 -0.0025361
v -0.0159638 0.0017534 0.0065406
v 0.0080686 0.0176449 0.0065406
v 0.0018886 -0.0050673 0.0065406
v -0.0090651 -0.0008808 -0.0034593
v 0.0018886 -0.0050673 -0.0034593
v 0.0056869 0.0088770 -0.0034593
v -0.0075560 -0.0022005 0.0035266
v -0.0030185 -0.0087995 0.0035266
v -0.0022691 -0.0031796 -0.0012958
v -0.0002775 0.0028947 0.0035266
v 0.0095263 0.0009096 0.0035266
v 0.0046295 0.0018994 -0.0010426
v -0.0022897 -0.0032877 0.0066329
v 0.0010262 -0.0007185 0.0066329
v 0.0046090 -0.0059219 0.0066329
v -0.0069401 -0.0015136 0.0014910
v 0.0175542 -0.0108711 -0.0033670
v -0.0025874 -0.0031742 -0.0033670
v 0.0074321 0.0038413 -0.0033670
v 0.0017654 0.0048960 0.0018105
v -0.0101944 -0.0007996 -0.0041684
v -0.0058006 -0.0024764 0.0006897
v -0.0014376 -0.0041369 -0.0041684
v 0.0037056 0.0099588 -0.0041684
v 0.0085819 0.0028785 -0.0041684
v 0.0029151 0.0039332 0.0010091
v -0.0247411 -0.0115256 0.0045379
v -0.0247411 -0.0115256 -0.0054620
v -0.0155531 0.0222912 -0.0054620
v -0.0155531 0.0222912 0.0045379
v 0.0097727 0.0171635 0.0045379
v 0.0247198 -0.0045480 0.0045379
v 0.0008106 -0.0212833 0.0045379
v 0.0018270 -0.0216728 -0.0054620
v 0.0058204 -0.0231981 -0.0010460
v 0.0208701 0.0149134 -0.0054620
v 0.0306740 0.0006608 -0.0054620
v 0.0298630 -0.0055054 -0.0001642
v 0.0163429 0.0081901 -0.0038608
v 0.0105427 0.0092719 0.0014370
v 0.0113537 0.0154381 -0.0038608
v -0.0174934 -0.0068955 -0.0038608
v -0.0135000 -0.0084208 0.0005552
v -0.0095476 -0.0099299 -0.0038608
v -0.0227700 -0.0042181 0.0031861
v -0.0231909 -0.0125479 -0.0068134
v 0.0070831 0.0089960 -0.0068134
v -0.0028029 0.0099912 0.0031861
v 0.0055432 -0.0041207 0.0031861
v 0.0197306 -0.0123964 -0.0068134
v 0.1033665 -0.0464729 -0.0051789
v 0.1037772 -0.0381485 0.0048210
v 0.1237545 -0.0239337 0.0048210
v 0.1336405 -0.0249290 -0.0051789
v -0.0018893 -0.0385217 0.0048210
v -0.1094344 0.0025593 0.0048210
v -0.1291551 0.0312160 0.0048210
v -0.1043528 0.0504070 0.0048210
v 0.1048551 0.0080224 0.0048210
v 0.0197101 -0.0467649 -0.0051789
v -0.0964891 -0.0023899 -0.0051789
v -0.1086131 0.0512724 0.0008456
v -0.1021354 0.0499580 -0.0051789
v 0.1154186 0.0058804 -0.0051789
v -0.1226363 0.0356081 -0.0051789
v -0.1284365 0.0366899 0.0001189
v -0.0052052 -0.0091835 0.0030095
v -0.0152657 -0.0053431 0.0030095
v 0.0086435 0.0113922 0.0030095
v 0.0130681 0.0049609 0.0030095
v -0.0102560 -0.0072579 -0.0025744
v 0.0137867 0.0104348 -0.0016926
v 0.0107993 -0.0062681 0.0059438
v -0.0052975 -0.0071497 0.0059438
v -0.0640490 0.0152866 0.0059438
v 0.0416174 0.0156598 0.0059438
v -0.0424599 0.0070380 -0.0040561
v -0.0052975 -0.0071497 -0.0040561
v 0.0230259 -0.0055974 -0.0040561
v 0.0411965 0.0073355 -0.0040561
v -0.0167337 0.0139939 0.0055580
v 0.0115795 0.0140966 0.0055580
v 0.0220096 -0.0035528 0.0055580
v 0.0023505 -0.0051917 0.0055580
v -0.0475518 -0.0079340 0.0055580
v 0.0023505 -0.0051917 -0.0044419
v -0.0353252 -0.0072633 -0.0044419
v 0.0306740 -0.0028280 -0.0042155
v 0.0306740 -0.0028280 -0.0044419
v -0.0171546 0.0056695 -0.0044419
v 0.0307356 -0.0025846 -0.0044419
v 0.0257669 0.0058209 -0.0044419
v -0.0079051 -0.0081450 0.0066367
v -0.0183455 0.0095044 0.0066367
v 0.0053687 0.0095856 0.0066367
v 0.0007490 -0.0074202 0.0066367
v 0.0007490 -0.0074202 -0.0031364
v 0.0031102 0.0012558 -0.0033632
v -0.0041580 0.0012287 -0.0033632
v 0.0008209 -0.0071768 -0.0033632
v -0.0098967 -0.0191955 0.0050156
v -0.0287961 0.0127606 0.0050156
v 0.0208701 0.0027000 0.0050156
v -0.0182325 0.0106187 -0.0049843
v 0.0296577 0.0009204 -0.0049843
v -0.0000106 -0.0201907 -0.0049843
v 0.0054919 0.0234758 0.0058852
v 0.0159630 0.0213555 0.0058852
v 0.0067854 -0.0124451 0.0058852
v -0.0169288 -0.0125316 0.0058852
v -0.0252749 0.0015803 0.0058852
v 0.0142794 0.0216962 -0.0041147
v 0.0159630 0.0213555 -0.0041147
v 0.0045166 -0.0207803 -0.0041147
v -0.0153889 0.0005851 -0.0041147
v -0.0027413 -0.0208019 -0.0041147
v -0.0104407 -0.0119583 0.0031612
v -0.0148653 -0.0055270 0.0031612
v 0.0058306 0.0089635 0.0031612
v 0.0143616 0.0072381 0.0031612
v 0.0101115 0.0080981 -0.0008143
v -0.0097119 -0.0064844 -0.0015413
v 0.0217735 -0.0169616 0.0040821
v -0.0162204 -0.0024494 0.0040821
v 0.0020528 0.0116951 0.0040821
v 0.0347188 -0.0219054 -0.0059178
v -0.0173086 -0.0020329 -0.0059178
v -0.0212712 -0.0005184 -0.0015019
v 0.0085716 0.0160926 -0.0059178
v 0.0027714 0.0171689 -0.0006200
v -0.0100712 -0.0087995 0.0023349
v -0.0042710 -0.0098759 -0.0029629
v -0.0092602 -0.0026278 -0.0029629
v 0.0097522 0.0057831 0.0030616
v 0.0033052 0.0070920 -0.0029629
v 0.0162300 0.0044741 -0.0029629
v -0.0073918 -0.0099245 0.0052236
v -0.0223286 0.0117816 0.0052236
v 0.0133042 0.0045661 0.0052236
v -0.0112415 0.0095369 -0.0047763
v 0.0111278 0.0050042 -0.0047763
v 0.0175850 0.0037006 0.0012482
v -0.0014273 -0.0047157 -0.0047763
v -0.0022383 -0.0108873 0.0005211
v 0.1187243 -0.0061653 0.0055209
v 0.1187243 -0.0061653 -0.0044790
v -0.0548303 0.0289929 0.0055209
v -0.0686379 -0.0218134 0.0055209
v -0.0548303 0.0289929 -0.0044790
v -0.0686379 -0.0218134 -0.0044790
v -0.0408585 0.0359272 0.0054136
v -0.0408585 0.0359272 -0.0045863
v -0.0344936 0.0338069 0.0054136
v -0.0344936 0.0338069 -0.0045863
v -0.0412075 0.0364410 0.0054136
v -0.0412075 0.0364410 -0.0045863
v -0.0408277 0.0372632 -0.0045863
v -0.0408277 0.0372632 0.0054136
v -0.0417516 0.0375282 0.0054136
v -0.0417516 0.0375282 -0.0045863
v -0.0417516 0.0375337 0.0054136
v -0.0416181 0.0375174 0.0054136
v -0.0416181 0.0375174 -0.0045863
v -0.0417516 0.0375337 -0.0045863
v -0.0417516 0.0375282 0.0054136
v -0.0417516 0.0375282 -0.0045863
v 0.0045474 -0.0145654 0.0054136
v 0.0045474 -0.0145654 -0.0045863
v 0.0160657 -0.0009727 -0.0045863
v 0.0160657 -0.0009727 0.0054136
v 0.0326553 -0.0425243 -0.0054624
v 0.0552607 -0.0158582 -0.0054624
v -0.0320709 0.0442191 -0.0054624
v -0.0550151 0.0401624 -0.0054624
v -0.0541733 0.0309780 -0.0054624
v 0.0144745 -0.0453694 -0.0054624
v -0.0448416 0.0205982 0.0045375
v 0.0094340 -0.0397712 0.0045375
v -0.0470385 0.0445220 0.0045375
v -0.0359411 0.0468857 0.0045375
v 0.0552607 -0.0158582 0.0045375
v 0.0389072 -0.0351519 0.0045375
v -0.0382612 0.0484814 0.0009620
v -0.0504365 0.0460690 0.0006517
v 0.0103579 0.0062483 -0.0046487
v -0.0078229 0.0033977 -0.0046487
v 0.0002871 -0.0056298 -0.0046487
v -0.0128635 0.0090014 0.0053512
v 0.0002871 -0.0056298 0.0053512
v 0.0166098 0.0136207 0.0053512
v 0.0024121 0.0110784 -0.0047931
v 0.0024121 0.0110784 0.0052068
v -0.0091062 -0.0025143 0.0052068
v -0.0091062 -0.0025143 -0.0047931
v 0.0044653 0.0096667 -0.0047931
v -0.0062420 -0.0057055 -0.0047931
v 0.0056356 -0.0031796 -0.0047931
v -0.0064679 -0.0054567 0.0052068
v -0.0037063 -0.0085182 0.0009459
v 0.0134068 0.0035113 0.0052068
v 0.0138996 -0.0018544 0.0052068
v 0.0109841 -0.0056082 0.0013206
v 0.0017243 -0.0103897 -0.0067736
v 0.0008825 -0.0012053 -0.0067736
v -0.0055131 -0.0023358 -0.0067736
v -0.0092294 0.0017913 -0.0010341
v -0.0073507 -0.0002966 0.0032263
v 0.0110560 -0.0207641 0.0032263
v 0.0088693 0.0031543 0.0032263
v 0.0054713 0.0047013 -0.0006595
v 0.0053995 0.0040684 -0.0025469
v 0.0087975 0.0025215 0.0013390
v 0.0083150 0.0078223 0.0013390
v -0.0120525 0.0042199 0.0013390
v -0.0074226 -0.0009294 0.0013390
v -0.0092910 0.0011584 -0.0029219
v 0.0052352 0.0012991 -0.0042212
v -0.0093012 0.0112948 -0.0042212
v -0.0081207 -0.0015461 -0.0042212
v 0.0001331 -0.0002263 0.0057787
v -0.0003494 0.0051394 0.0057787
v 0.0059538 0.0008014 0.0057787
v 0.0093929 -0.0015677 0.0022031
v -0.0027721 -0.0039801 0.0018925
v 0.0028638 -0.0011458 -0.0008679
v -0.0005342 0.0004012 -0.0047537
v 0.0023813 0.0041550 -0.0008679
v 0.0081918 0.0051827 -0.0008679
v 0.0139612 0.0012179 -0.0008679
v 0.0116411 0.0028136 -0.0044434
v -0.0089625 -0.0085290 -0.0035896
v -0.0097221 -0.0001938 -0.0035896
v -0.0043736 -0.0026224 0.0025242
v 0.0036337 0.0026513 -0.0035896
v 0.0139920 -0.0044723 -0.0035896
v 0.0078017 -0.0002100 0.0028348
v -0.0030493 0.0024890 0.0000756
v -0.0022897 -0.0058462 0.0000756
v 0.0022992 0.0000550 0.0061893
v -0.0086853 -0.0069821 0.0000756
v -0.0149269 -0.0000424 0.0000756
v -0.0124015 -0.0028550 0.0058147
v -0.0336313 -0.0198770 0.0055929
v -0.0336313 -0.0198770 -0.0044070
v -0.0329743 -0.0202178 0.0055929
v -0.0329743 -0.0202178 -0.0044070
v -0.0060675 -0.0273955 -0.0044070
v -0.0060675 -0.0273955 0.0055929
v 0.0277996 -0.0251237 -0.0044070
v 0.0690888 -0.0212076 -0.0044070
v 0.0690888 -0.0212076 0.0055929
v 0.0277996 -0.0251237 0.0055929
v -0.0532494 0.0019373 0.0055929
v -0.0532494 0.0019373 -0.0044070
v -0.0205731 0.0404761 -0.0044070
v -0.0205731 0.0404761 0.0055929
v 0.0076682 -0.0062248 0.0109903
v 0.0076682 -0.0062248 0.0009904
v 0.0076272 -0.0062140 0.0009904
v 0.0076272 -0.0062140 0.0109903
v 0.0054508 -0.0045426 0.0109903
v 0.0059744 -0.0037313 0.0109903
v 0.0021760 0.0018670 0.0009904
v 0.0005129 -0.0007509 0.0009904
v -0.0051128 -0.0003453 0.0012083
v 0.0054508 -0.0024277 0.0022415
v 0.0089104 -0.0075284 -0.0033425
v -0.0058416 -0.0035366 -0.0033425
v -0.0070222 -0.0021086 -0.0018489
v 0.0019912 0.0026729 -0.0033425
v -0.0014376 0.0030678 -0.0033425
v -0.0059135 -0.0010863 -0.0033425
v -0.0011193 0.0009312 0.0052738
v 0.0011083 0.0029975 0.0052738
v 0.0033258 -0.0002695 0.0052738
v 0.0011083 0.0029975 -0.0047261
v 0.0025969 0.0008014 -0.0047261
v 0.0060565 -0.0043046 0.0008578
v -0.0008319 0.0011963 -0.0047261
v -0.0045071 -0.0022168 -0.0001753
v 0.0001331 0.0134584 0.0014569
v -0.0104305 0.0155462 0.0004238
v -0.0123297 0.0137775 -0.0026330
v -0.0111594 0.0123496 -0.0041270
v 0.0035927 0.0083632 -0.0041270
v 0.0319778 -0.0350600 0.0058729
v -0.0185097 0.0037439 0.0058729
v -0.0186226 0.0079467 0.0058729
v -0.0148345 0.0114571 0.0058729
v 0.0028741 0.0094233 0.0058729
v 0.0324911 -0.0342486 0.0058729
v 0.0287030 -0.0286503 -0.0041270
v -0.0107590 -0.0022114 -0.0041270
v 0.0270399 -0.0312683 -0.0041270
v -0.0012631 0.0032409 0.0015795
v 0.0031820 0.0020401 0.0015795
v 0.0086537 -0.0060301 0.0015795
v -0.0090549 -0.0039909 0.0015795
v 0.0059230 -0.0019950 -0.0028365
v -0.0046508 0.0000929 -0.0038696
v -0.0019714 0.0000225 0.0084984
v 0.0004513 0.0022727 0.0084984
v 0.0005745 -0.0019355 0.0084984
v 0.0058101 0.0072435 -0.0015015
v -0.0019714 0.0000225 -0.0015015
v 0.0083150 -0.0078854 -0.0015015
v 0.0079146 0.0066756 -0.0015015
v 0.0067443 0.0081035 -0.0000075
v -0.0005034 -0.0004697 -0.0015930
v 0.0016011 -0.0010376 -0.0015930
v 0.0015292 0.0014181 -0.0015930
v 0.0004308 0.0003903 -0.0000991
v -0.0012733 0.0293391 -0.0060768
v -0.0012733 0.0293391 0.0039227
v -0.0236324 -0.0011133 -0.0060768
v -0.0069401 0.0324979 -0.0060768
v -0.0069401 0.0324979 0.0039227
v -0.0236324 -0.0011133 0.0039227
v 0.0109841 -0.0277254 0.0039227
v 0.0272144 -0.0126615 0.0039227
v 0.0272144 -0.0126615 -0.0060768
v 0.0109841 -0.0277254 -0.0060768
v 0.0005335 0.0079034 -0.0016689
v 0.0010775 0.0068270 -0.0016689
v 0.0021863 0.0014938 -0.0016689
v -0.0001441 0.0018454 -0.0016689
v 0.0004103 0.0075194 -0.0016689
v 0.0004821 0.0077898 -0.0016689
v 0.0005335 0.0079034 -0.0029996
v 0.0010775 0.0068270 -0.0044346
v 0.0004821 0.0077898 -0.0031525
v 0.0004103 0.0075194 -0.0035053
v 0.0001639 0.0050042 -0.0068364
v 0.0014779 0.0049014 -0.0069893
v -0.0003905 0.0076816 0.0012788
v -0.0004521 0.0074166 0.0012788
v -0.0010577 0.0012450 0.0012788
v 0.0013445 0.0012666 0.0012788
v 0.0002152 0.0067188 0.0012788
v -0.0003289 0.0077952 0.0012788
v -0.0003289 0.0077952 0.0013443
v 0.0002152 0.0067188 0.0029517
v -0.0003905 0.0076816 0.0015458
v -0.0004521 0.0074166 0.0019928
v -0.0006984 0.0048960 0.0061112
v 0.0006156 0.0047932 0.0059580
v 0.0006977 0.0109000 0.0034803
v 0.0006977 0.0109000 -0.0051230
v 0.0012315 0.0098182 -0.0035156
v 0.0012315 0.0098182 0.0020453
v 0.0006361 0.0107810 -0.0049215
v 0.0006361 0.0107810 0.0033274
v 0.0005643 0.0105159 0.0029746
v 0.0005643 0.0105159 -0.0044744
v 0.0003179 0.0079953 -0.0003561
v 0.0016319 0.0078926 -0.0005093
v -0.0052770 0.0425748 -0.0049648
v -0.0049280 0.0462313 -0.0001320
v -0.0052257 0.0430724 0.0050351
v -0.0099274 -0.0054838 0.0050351
v -0.0102560 -0.0087887 0.0011444
v -0.0096092 -0.0021735 -0.0049648
v -0.0029056 0.0427208 0.0050351
v 0.0099267 -0.0190711 0.0050351
v 0.0079967 -0.0191955 0.0050351
v 0.0049991 -0.0193902 -0.0049648
v 0.0099267 -0.0190711 -0.0049648
v -0.0028851 0.0426019 -0.0049648
v -0.0036139 0.0461285 -0.0002852
v 0.0012521 -0.0196282 -0.0011000
v -0.0002262 -0.0020166 -0.0043656
v 0.0009236 0.0097911 -0.0043656
v 0.0002768 0.0031706 0.0017435
v 0.0075245 -0.0079394 -0.0043656
v 0.0155319 -0.0074256 -0.0043656
v 0.0117848 -0.0076690 -0.0005009
v -0.0081001 0.0106620 0.0002112
v -0.0077819 0.0139668 0.0041020
v -0.0085108 0.0064484 0.0041020
v -0.0025668 -0.0005562 0.0041020
v 0.0101526 0.0002605 0.0041020
v 0.0033976 -0.0001722 -0.0020328
v -0.0037063 0.0024728 0.0048256
v -0.0044250 -0.0049591 0.0048256
v -0.0044250 -0.0049591 -0.0051743
v -0.0037987 0.0014992 -0.0051743
v -0.0032957 0.0066864 0.0009348
v 0.0022376 -0.0045318 0.0048256
v 0.0039520 -0.0044236 -0.0051743
v 0.0082021 -0.0041478 -0.0013096
v 0.0010262 0.0137829 0.0009923
v -0.0001749 0.0012828 0.0009923
v -0.0001749 0.0012828 -0.0073160
v 0.0026174 -0.0008862 0.0009923
v 0.0026174 -0.0008862 -0.0055750
v 0.0103784 -0.0038286 0.0009923
v -0.0088701 -0.0009078 0.0016852
v 0.0006464 0.0070704 0.0016852
v 0.0019809 0.0006716 0.0016852
v -0.0007498 -0.0024223 0.0016852
v -0.0061701 -0.0015298 0.0016852
v -0.0061701 -0.0015298 -0.0018144
v 0.0013034 0.0039224 -0.0027947
v -0.0045276 -0.0018003 -0.0038064
v 0.0017346 0.0008609 0.0049528
v 0.0024942 -0.0028063 0.0049528
v -0.0009962 -0.0022330 0.0049528
v -0.0010680 -0.0022222 -0.0050471
v 0.0024942 -0.0028063 -0.0050471
v 0.0018578 0.0002335 -0.0050471
v 0.0010570 0.0041117 0.0004725
v -0.0047740 -0.0016110 -0.0005388
v -0.0058827 -0.0013513 0.0004725
v -0.0058827 -0.0013513 -0.0016566
v -0.0072789 -0.0010322 -0.0016566
v -0.0005342 -0.0022330 -0.0016566
v 0.0023916 0.0002227 -0.0016566
v 0.0007593 0.0081089 -0.0016566
v 0.0015908 0.0041009 0.0038634
v -0.0042402 -0.0016218 0.0028517
v 0.0025148 -0.0240798 0.0048777
v 0.0025148 -0.0240798 -0.0051222
v -0.0155429 -0.0172429 -0.0051222
v -0.0155429 -0.0172429 -0.0016896
v -0.0077922 -0.0201799 0.0048777
v 0.0087975 -0.0255294 -0.0051222
v 0.0168356 -0.0163936 -0.0051222
v 0.0071960 0.0300260 -0.0051222
v -0.0141057 0.0286576 -0.0051222
v -0.0183455 -0.0150684 -0.0051222
v 0.0071960 0.0300260 0.0048777
v -0.0141057 0.0286576 0.0048777
v -0.0171341 -0.0025683 0.0048777
v -0.0183455 -0.0150684 -0.0034306
v 0.0074937 -0.0252319 0.0048777
v 0.0170102 -0.0172483 0.0048777
v 0.0101936 -0.0258539 0.0013780
v 0.0101936 -0.0258539 -0.0029931
v 0.0176672 -0.0203963 0.0003974
v 0.0118362 -0.0261189 -0.0006139
v 0.0310846 -0.0388679 0.0049857
v 0.0310846 -0.0388679 -0.0050142
v 0.0355503 -0.0391708 -0.0050142
v 0.0355503 -0.0391708 0.0049857
v 0.0378704 -0.0437467 0.0049857
v 0.0379012 -0.0437467 0.0049857
v 0.0379012 -0.0437467 -0.0050142
v 0.0378704 -0.0437467 -0.0050142
v 0.0379012 -0.0437467 0.0049857
v 0.0379012 -0.0437467 -0.0050142
v -0.0012323 0.0137072 -0.0050142
v -0.0012323 0.0137072 0.0049857
v -0.0132331 0.0031814 0.0049857
v -0.0132331 0.0031814 -0.0050142
v -0.0360541 0.0867281 -0.0050046
v -0.0360541 0.0867281 0.0049953
v -0.0799201 0.0482650 0.0049953
v -0.0799201 0.0482650 -0.0050046
v 0.0708751 -0.0948073 0.0049953
v 0.0708751 -0.0948073 -0.0050046
v 0.0828862 -0.0842815 0.0049953
v 0.0828862 -0.0842815 -0.0050046
v -0.0995689 0.0480108 -0.0045583
v -0.0995689 0.0480108 0.0054412
v 0.0138688 0.0480108 0.0054412
v 0.0138688 0.0480108 -0.0045583
v 0.0701976 -0.0329829 -0.0045583
v 0.0701976 -0.0329829 0.0054412
v 0.0263316 -0.0714406 0.0054412
v 0.0263316 -0.0714406 -0.0045583
v 0.0422539 -0.0305597 -0.0050234
v 0.0422539 -0.0305597 0.0049765
v -0.0114160 -0.0016218 -0.0050234
v -0.0022589 0.0116788 -0.0050234
v -0.0022589 0.0116788 0.0049765
v -0.0114160 -0.0016218 0.0049765
v 0.0004103 0.0233081 -0.0044185
v -0.0037987 0.0172014 -0.0044185
v -0.0001236 -0.0005454 -0.0044185
v 0.0110970 -0.0065980 -0.0044185
v 0.0040238 -0.0027847 0.0024066
v -0.0019919 0.0198301 -0.0000669
v 0.0097214 0.0038413 -0.0055773
v 0.0005745 -0.0094594 -0.0055773
v 0.0005745 -0.0094594 0.0044226
v 0.0097214 0.0038413 0.0044226
v -0.0007703 0.0137992 -0.0055773
v -0.0251209 0.0043876 -0.0055773
v -0.0167029 -0.0001505 0.0044226
v 0.0050607 0.0082604 0.0044226
v -0.0062831 -0.0016651 -0.0050659
v 0.0052968 -0.0079124 -0.0050659
v 0.0016319 0.0098344 -0.0050659
v 0.0061591 -0.0083776 0.0049340
v -0.0062831 -0.0016651 0.0049340
v 0.0003281 0.0079413 0.0049340
v 0.0094545 -0.0101517 0.0017592
v 0.0034387 0.0124631 -0.0007143
v 0.0084484 -0.0034338 -0.0043894
v -0.0005753 0.0051232 -0.0043894
v -0.0080899 -0.0057921 -0.0043894
v -0.0005753 0.0051232 0.0056105
v 0.0161581 -0.0107521 0.0056105
v -0.0145060 -0.0151225 0.0056105
v 0.0595724 -0.0300459 -0.0053160
v -0.0222567 0.0475889 -0.0053160
v -0.0387950 0.0452306 -0.0053160
v -0.0491533 0.0301775 -0.0053160
v -0.0384563 0.0002714 -0.0053160
v 0.0352218 -0.0394520 -0.0053160
v 0.0436501 -0.0439901 0.0046839
v -0.0435995 0.0030461 0.0046839
v -0.0491943 0.0301072 0.0046839
v -0.0452112 0.0359002 0.0046839
v -0.0145471 0.0402760 0.0046839
v 0.0654137 -0.0355846 0.0046839
v -0.0455294 0.0040847 0.0015090
v -0.0515452 0.0266995 -0.0009644
v -0.0033881 -0.0017841 0.0025567
v 0.0020733 0.0061455 0.0025567
v 0.0076682 -0.0209155 0.0025567
v 0.0024532 -0.0181029 0.0025567
v 0.0057382 -0.0198770 -0.0006177
v -0.0002775 0.0027378 -0.0030912
v -0.2458163 0.0829094 -0.0046487
v -0.2458163 0.0829094 0.0053512
v -0.0019098 0.0829094 -0.0046487
v -0.0019098 0.0829094 0.0053512
v 0.1432596 -0.1268554 -0.0046487
v 0.1732565 -0.0832754 -0.0046487
v 0.1732565 -0.0832754 0.0053512
v 0.1432596 -0.1268554 0.0053512
v -0.0032546 -0.0452991 -0.0059983
v -0.0032546 -0.0452991 0.0040016
v 0.0165790 0.0194461 -0.0059983
v 0.0165790 0.0194461 0.0040016
v -0.0126376 0.0228808 -0.0059983
v -0.0126376 0.0228808 0.0040016
v -0.0007908 -0.0135323 -0.0062185
v -0.0014786 -0.0085885 -0.0030728
v 0.0016216 0.0012179 -0.0010008
v 0.0060873 -0.0008375 -0.0062185
v 0.0080275 0.0113164 -0.0062185
v 0.0025148 0.0065295 -0.0062185
v -0.0021973 -0.0033256 -0.0062185
v 0.0025148 0.0065295 -0.0010449
v -0.0021973 -0.0033256 -0.0043178
v 0.0022581 0.0059940 -0.0008587
v 0.0064466 0.0108188 -0.0007698
v 0.0041984 0.0061293 -0.0010502
v 0.0055535 0.0055018 -0.0026342
v 0.0075348 0.0117654 -0.0013111
v 0.0074116 -0.0237498 0.0021480
v 0.0050915 -0.0234794 0.0021480
v 0.0017346 0.0009583 0.0021480
v 0.0064466 0.0108188 0.0021480
v 0.0113845 0.0151027 0.0021480
v 0.0050915 -0.0234794 -0.0001688
v 0.0033771 -0.0109847 -0.0031249
v 0.0017346 0.0009583 0.0007433
v 0.0025764 -0.0078854 0.0021480
v 0.0012213 -0.0072633 0.0037320
v 0.0034695 -0.0025738 0.0040124
v 0.0045577 -0.0016272 0.0034711
v 0.0034695 -0.0025738 0.0024893
v 0.0032128 -0.0031092 0.0022905
v -0.0215279 -0.0118014 -0.0008315
v -0.0198135 -0.0242907 -0.0048782
v -0.0191975 -0.0243664 -0.0055581
v -0.0148859 0.0026351 -0.0055581
v -0.0193515 0.0046851 -0.0003404
v 0.0094545 0.0342396 -0.0055581
v -0.0041683 0.0224102 -0.0055581
v -0.0075971 -0.0257295 -0.0055581
v 0.0128935 -0.0163612 -0.0055581
v 0.0308280 0.0421583 -0.0055581
v 0.0237548 0.0398325 -0.0055581
v -0.0048972 -0.0260486 0.0044414
v -0.0174934 -0.0245666 0.0044414
v -0.0135205 0.0142860 0.0044414
v -0.0110362 0.0164441 0.0044414
v 0.0275737 0.0315514 0.0044414
v 0.0130475 -0.0158419 0.0044414
v 0.0308280 0.0421583 -0.0051050
v -0.0173702 0.0109486 0.0009827
v -0.0198135 -0.0242907 0.0021246
v 0.0115898 -0.0206289 -0.0009870
v -0.0000312 -0.0266166 -0.0001389
v 0.0022787 0.0032355 0.0016925
v 0.0029562 -0.0017137 -0.0014532
v 0.0098343 0.0109811 -0.0014532
v 0.0053789 0.0130365 0.0037645
v 0.0031923 -0.0034500 0.0032734
v 0.0055227 -0.0160150 -0.0014532
v 0.0049170 -0.0159393 -0.0007733
v 0.0049170 -0.0159393 -0.0014532
v -0.0008216 -0.0069658 0.0102785
v -0.0005650 -0.0064303 0.0104777
v 0.0005232 -0.0054784 0.0114595
v -0.0014581 -0.0117419 0.0101364
v 0.0030075 -0.0137973 0.0049187
v 0.0137251 0.0059778 0.0049187
v 0.0049478 -0.0016434 0.0049187
v -0.0005650 -0.0064303 0.0100928
v 0.0101731 0.0067296 0.0032765
v -0.0095373 0.0002551 0.0032765
v -0.0095373 0.0002551 -0.0067230
v 0.0030999 0.0044092 -0.0067230
v 0.0101731 0.0067296 -0.0062699
v -0.0112004 -0.0011837 -0.0067230
v 0.0069188 -0.0038773 0.0032765
v -0.0316911 -0.0189791 0.0032765
v 0.0060770 -0.0123423 0.0030961
v 0.0082534 0.0041442 0.0035872
v 0.0051531 -0.0056569 0.0015152
v 0.0044345 -0.0003994 0.0069646
v 0.0044345 -0.0003994 0.0048620
v 0.0069086 0.0047716 0.0051708
v 0.0058204 0.0102455 0.0013114
v 0.0051839 0.0054694 0.0011689
v 0.0038288 0.0060914 0.0027528
v 0.0013650 0.0009258 0.0024441
v 0.0020836 -0.0043371 -0.0009027
v 0.0013650 0.0009258 -0.0021477
v -0.0028851 -0.0029091 -0.0051751
v 0.0008209 -0.0033418 -0.0051751
v 0.0017551 -0.0002695 -0.0051751
v -0.0022281 -0.0029848 0.0048248
v 0.0014471 -0.0013081 0.0048248
v 0.0008209 -0.0033418 0.0048248
v 0.0029973 0.0037601 -0.0006039
v -0.0086237 -0.0022330 0.0002442
v -0.0155737 -0.0003182 -0.0022921
v -0.0022589 -0.0018814 -0.0022921
v 0.0023813 0.0007527 -0.0022921
v 0.0049272 0.0090501 -0.0022921
v 0.0036235 0.0047824 0.0022790
v -0.0080077 -0.0012053 0.0031271
v 0.0051839 0.0093854 0.0020986
v 0.0021657 -0.0004643 0.0020986
v -0.0015094 -0.0021410 0.0020986
v -0.0127608 -0.0008213 0.0020986
v 0.0037159 0.0045985 -0.0033302
v -0.0079051 -0.0013892 -0.0024821
v 0.0037467 -0.0090321 -0.0085847
v 0.0039109 -0.0091132 -0.0085847
v 0.0038904 -0.0068198 -0.0085847
v 0.0033566 -0.0029848 -0.0085847
v 0.0006259 -0.0044236 -0.0085847
v 0.0037467 -0.0090321 0.0014152
v 0.0039109 -0.0091132 0.0014152
v 0.0038904 -0.0068198 0.0014152
v 0.0034900 -0.0039260 0.0014152
v -0.0022178 -0.0002317 0.0014152
v 0.0028022 0.0010232 -0.0023768
v -0.0027208 0.0005093 0.0010658
v -0.0053283 -0.0028496 0.0026965
v -0.0059443 -0.0019301 0.0026965
v -0.0006368 0.0008555 0.0026965
v 0.0003795 -0.0065493 0.0026965
v -0.0002981 -0.0015947 -0.0010954
v -0.0058314 -0.0021086 0.0023472
v -0.0083054 -0.0015352 0.0019017
v 0.0005643 0.0021374 0.0019017
v 0.0009236 0.0018724 0.0019017
v 0.0020733 -0.0064195 0.0019017
v 0.0016319 -0.0032066 -0.0028591
v -0.0042607 0.0001415 -0.0037692
v 0.0011391 0.0015100 0.0047911
v 0.0007798 0.0017750 0.0047911
v 0.0010878 0.0018994 0.0047911
v 0.0010878 0.0018994 -0.0052084
v 0.0013547 -0.0000315 -0.0052084
v 0.0018372 -0.0035690 0.0000304
v -0.0009551 0.0010557 -0.0052084
v -0.0040451 -0.0002209 -0.0008798
v 0.0043729 -0.0083397 0.0024414
v -0.0008114 -0.0006969 0.0024414
v -0.0005342 0.0008339 0.0024414
v 0.0078222 0.0042902 0.0024414
v 0.0015908 -0.0042505 -0.0021887
v 0.0030486 0.0023213 -0.0025917
v 0.0083868 0.0150865 0.0065115
v 0.0151726 -0.0342594 0.0065115
v 0.0098651 -0.0370450 0.0065115
v -0.0170006 0.0025593 0.0065115
v -0.0135513 0.0151893 0.0065115
v -0.0019919 0.0199708 0.0065115
v 0.0079454 0.0182994 0.0017504
v 0.0087153 0.0127120 -0.0034884
v 0.0144026 -0.0286017 -0.0034884
v 0.0155113 -0.0367097 0.0027195
v -0.0016224 0.0201222 -0.0034884
v -0.0147729 0.0146808 -0.0034884
v -0.0169801 0.0025269 -0.0034884
v -0.0039014 -0.0167615 -0.0034884
v -0.0197724 0.0066485 0.0018814
v 0.0099883 -0.0372235 0.0061621
v -0.0183147 0.0132150 0.0014784
v 0.0020631 0.0216476 0.0008402
v 0.0014779 -0.0003074 -0.0021082
v 0.0027304 -0.0094323 -0.0021082
v 0.0019604 -0.0038449 0.0031305
v -0.0008319 0.0007798 -0.0021082
v -0.0076074 -0.0020220 -0.0021082
v -0.0039219 -0.0004967 0.0022204
v -0.0010783 0.0003038 0.0052443
v -0.0013555 -0.0012323 0.0052443
v -0.0021151 -0.0001235 0.0052443
v 0.0010468 -0.0047860 0.0006146
v -0.0021151 -0.0001235 -0.0046629
v 0.0025045 0.0017859 0.0002116
v 0.0061694 0.0034897 -0.0022304
v -0.0019817 0.0001145 -0.0022304
v 0.0039725 -0.0086588 -0.0022304
v -0.0019817 0.0001145 -0.0021377
v 0.0011802 -0.0045426 0.0031397
v 0.0026380 0.0020293 0.0027368
v 0.0014266 0.0014559 0.0035630
v 0.0003076 0.0095585 -0.0026445
v 0.0019809 -0.0025575 -0.0026445
v -0.0179861 0.0214041 -0.0026445
v -0.0007600 -0.0039963 -0.0026445
v -0.0041067 0.0009367 0.0070060
v 0.0206751 0.0149783 -0.0055865
v 0.0206751 0.0149783 0.0044134
v -0.0342165 0.0196516 -0.0055865
v -0.0342165 0.0196516 0.0044134
v -0.0061086 -0.0217810 0.0044134
v 0.0240115 -0.0093187 0.0044134
v -0.0061086 -0.0217810 -0.0055865
v 0.0240115 -0.0093187 -0.0055865
v -0.0017250 -0.0005670 -0.0044844
v 0.0007593 0.0030353 -0.0044844
v 0.0007593 0.0030353 0.0055155
v 0.0004924 0.0026405 0.0055155
v -0.0017250 -0.0005670 0.0008594
v 0.0025969 -0.0032174 0.0055155
v 0.0256951 -0.0173673 0.0055155
v 0.0208701 -0.0144140 -0.0044844
v 0.0212808 -0.0137595 -0.0044844
v 0.0256951 -0.0173673 0.0047965
v 0.0025969 -0.0019247 0.0018898
v 0.0074116 -0.0048780 0.0018898
v 0.0030075 -0.0012702 0.0018898
v 0.0074116 -0.0048780 0.0111707
v 0.0015498 -0.0006860 -0.0012146
v 0.0037569 0.0025215 -0.0012146
v 0.0058717 -0.0033364 -0.0012146
v 0.0015498 -0.0006860 -0.0058707
v -0.0008627 0.0044687 0.0025418
v 0.0040649 0.0010935 -0.0040653
v 0.0006361 -0.0031147 0.0004192
v -0.0009448 -0.0021410 0.0025418
v -0.0034600 -0.0005995 -0.0052486
v -0.0098351 0.0033058 0.0025418
v 0.0138072 -0.0119421 -0.0049399
v 0.0138072 -0.0119421 0.0050600
v 0.0162915 -0.0083397 0.0050600
v 0.0162915 -0.0083397 -0.0049399
v 0.0030897 0.0024674 -0.0049399
v 0.0007696 0.0021699 -0.0049399
v 0.0006977 -0.0039098 -0.0049399
v 0.0043626 0.0014235 0.0050600
v 0.0006669 0.0044471 -0.0011651
v -0.0051949 -0.0003020 0.0029379
v -0.0036550 -0.0012432 0.0050600
v -0.0017661 0.0039062 -0.0015467
v 0.0039931 -0.0058408 -0.0024898
v 0.0040752 0.0002389 -0.0024898
v -0.0041786 -0.0008321 -0.0024898
v -0.0059854 0.0002768 -0.0002803
v -0.0018893 -0.0022330 0.0053876
v 0.0015395 0.0019698 0.0009030
v -0.0085313 -0.0021302 -0.0058738
v -0.0002775 -0.0010647 -0.0058738
v -0.0002467 0.0011097 -0.0058738
v -0.0026182 0.0030516 -0.0058738
v -0.0119293 -0.0000424 -0.0058738
v -0.0015710 0.0021915 -0.0041013
v -0.0103381 -0.0010214 -0.0036639
v -0.0028029 0.0006716 -0.0024806
v -0.0410638 0.0157247 -0.0068445
v 0.0520783 -0.0413506 -0.0068445
v 0.0613894 -0.0382566 -0.0068445
v -0.0093423 0.0196300 -0.0068445
v -0.0382715 0.0197652 -0.0068445
v -0.0410638 0.0157247 0.0031554
v -0.0330154 0.0273810 0.0031554
v 0.0563181 -0.0341026 0.0031554
v -0.0187253 0.0273161 0.0031554
v 0.0624468 -0.0391167 -0.0050724
v 0.0473047 -0.0384243 0.0031554
v 0.0536798 -0.0423296 -0.0046349
v 0.0562771 -0.0372614 0.0031554
v 0.0612047 -0.0406366 -0.0034517
v 0.0058614 -0.0022817 -0.0097144
v 0.0018783 0.0009799 -0.0034896
v -0.0014581 0.0037114 -0.0034896
v 0.0046706 -0.0013081 -0.0117170
v -0.0014992 0.0005472 -0.0034896
v 0.0034387 -0.0028280 -0.0100963
v 0.0036851 -0.0025413 -0.0009598
v 0.0013958 -0.0006698 -0.0009598
v 0.0013650 -0.0028442 -0.0009598
v 0.0000715 0.0004120 0.0008122
v 0.0012623 -0.0005616 0.0028149
v -0.0011604 -0.0011079 0.0024330
v -0.0108308 -0.0112281 -0.0051379
v 0.0180983 -0.0113579 -0.0051379
v -0.0004418 0.0038196 -0.0051379
v -0.0004418 0.0038196 0.0048616
v -0.0055747 -0.0036069 0.0048616
v 0.0087153 -0.0036718 0.0048616
v -0.0048766 0.0021429 0.0035780
v -0.0049588 -0.0044669 0.0035780
v -0.0033676 -0.0054405 0.0014558
v 0.0000612 -0.0012323 -0.0030287
v 0.0061899 -0.0037150 0.0035780
v -0.0014992 0.0025756 0.0035780
v 0.0024840 -0.0006860 -0.0026472
v -0.0018380 -0.0063817 0.0035780
v 0.0038904 0.0218910 -0.0054061
v 0.0038904 0.0218910 0.0045935
v -0.1375115 0.0650977 -0.0054061
v -0.1375115 0.0650977 0.0045935
v 0.0831017 -0.0429354 -0.0054061
v 0.0831017 -0.0429354 0.0045935
v 0.0699204 -0.0620182 -0.0054061
v 0.0699204 -0.0620182 0.0045935
v 0.0076066 0.0485733 0.0055929
v 0.0068470 0.0472103 0.0055929
v 0.0068470 0.0472103 -0.0044070
v 0.0076066 0.0485733 -0.0044070
v 0.0087769 -0.0210129 0.0055929
v -0.0184789 -0.0157446 0.0055929
v -0.0184789 -0.0157446 -0.0044070
v 0.0087769 -0.0210129 -0.0044070
v 0.0052455 0.0194028 0.0059342
v 0.0053789 0.0113002 -0.0040657
v 0.0056664 -0.0058786 -0.0040657
v 0.0056664 -0.0058786 0.0059342
v -0.0088290 -0.0030768 -0.0040657
v -0.0156661 -0.0017570 0.0059342
v -0.0007395 0.0042848 -0.0002010
v -0.0022589 -0.0005129 0.0044690
v 0.0031102 -0.0016164 -0.0002010
v 0.0134992 0.0076329 0.0026628
v 0.0134582 0.0098452 0.0001668
v 0.0134582 0.0098452 -0.0002010
v 0.0135403 0.0049231 -0.0002010
v 0.0129141 0.0099534 -0.0002010
v 0.0041984 -0.0299972 0.0047314
v 0.0036132 0.0050907 0.0047314
v 0.0035003 0.0114246 -0.0024047
v 0.0035516 0.0087093 -0.0052685
v 0.0039315 -0.0143599 -0.0052685
v -0.0139722 -0.0022059 0.0047314
v -0.0068785 0.0021753 -0.0052685
v -0.0122475 0.0032733 -0.0005986
v 0.0185192 0.0067946 -0.0008583
v 0.0200283 0.0115977 -0.0055279
v 0.0238883 0.0056965 -0.0055279
v -0.0077408 -0.0141381 -0.0055279
v -0.0008832 0.0029217 -0.0055279
v -0.0040040 -0.0048563 0.0017243
v -0.0072070 -0.0075716 -0.0050682
v 0.0006464 0.0119331 -0.0050682
v 0.0006464 0.0119331 0.0009272
v -0.0008730 0.0081576 0.0049317
v -0.0089214 -0.0118285 0.0049317
v -0.0103278 -0.0153497 0.0021844
v 0.0060565 -0.0024385 0.0049317
v 0.0137046 0.0011043 -0.0050682
v 0.0074834 0.0106133 -0.0050682
v 0.0121955 -0.0036934 -0.0003982
v 0.0306740 -0.0299539 0.0055259
v 0.0294626 0.0421421 0.0055259
v 0.0292060 0.0577794 -0.0044741
v 0.0308075 -0.0380619 -0.0044741
v -0.0132331 0.0544745 -0.0044741
v -0.0095065 0.0637563 0.0027781
v -0.0106871 0.0608084 0.0055259
v -0.0510011 -0.0393709 0.0055259
v -0.0510011 -0.0393709 -0.0044741
v 0.0097625 -0.0511137 0.0055259
v 0.0165995 -0.0524335 -0.0044741
v 0.0112921 0.0699279 0.0055259
v 0.0183960 0.0743092 -0.0044741
v 0.0130167 0.0754072 0.0001959
v 0.0027817 -0.0034879 0.0053052
v -0.0016224 0.0032409 0.0053052
v 0.0045063 0.0019860 -0.0000248
v -0.0180067 -0.0096649 0.0025575
v -0.0166003 -0.0061491 0.0053052
v -0.0191975 -0.0126074 0.0053052
v -0.0152862 -0.0024223 0.0050984
v -0.0108822 -0.0091565 0.0050984
v -0.0091575 -0.0036772 -0.0002316
v 0.0067032 -0.0018598 0.0050984
v 0.0065595 0.0066864 0.0050984
v 0.0065595 0.0066864 0.0002997
v 0.0066006 0.0044687 -0.0020378
v 0.0009646 0.0077682 0.0050984
v 0.0135608 0.0022186 -0.0033007
v 0.0136019 0.0000063 -0.0008047
v 0.0135608 0.0022186 0.0015328
v -0.0136950 0.0074869 0.0023269
v -0.0136950 0.0074869 0.0063314
v -0.0152144 0.0037060 0.0063314
v 0.0079659 0.0033004 0.0063314
v -0.0082849 -0.0068901 0.0063314
v -0.0068580 0.0061671 -0.0036685
v -0.0006368 -0.0033472 -0.0036685
v 0.0130270 0.0023213 -0.0036685
v -0.0021459 -0.0081450 0.0010011
v 0.0540288 -0.0433465 -0.0050004
v 0.0540288 -0.0433465 0.0049995
v -0.0693565 -0.0433465 -0.0050004
v -0.0693565 -0.0433465 0.0049995
v 0.0526327 0.0399136 0.0049995
v -0.0294736 0.0557781 0.0049995
v -0.0294736 0.0557781 -0.0050004
v 0.0526327 0.0399136 -0.0050004
v -0.0030801 0.0096234 -0.0110260
v -0.0027208 0.0091096 -0.0110260
v -0.0027208 0.0091096 -0.0010261
v -0.0030801 0.0096234 -0.0010261
v -0.0025463 0.0070812 -0.0110260
v -0.0012631 0.0008988 -0.0010261
v 0.0011289 0.0015695 -0.0010261
v -0.0017969 0.0072922 -0.0110260
v -0.0051128 -0.0071606 -0.0037650
v -0.0161896 0.0462204 -0.0037650
v -0.0149064 0.0400380 0.0062349
v -0.0035831 -0.0145005 0.0062349
v -0.0125144 0.0407087 0.0062349
v 0.0089720 -0.0013189 0.0062349
v 0.0030281 -0.0162097 0.0062349
v 0.0012521 -0.0168642 0.0062349
v 0.0082328 0.0001253 -0.0037650
v -0.0154402 0.0464314 -0.0037650
v 0.0035311 -0.0113795 -0.0037650
v 0.0108506 -0.0049916 0.0010942
v 0.0058614 -0.0151604 0.0002357
v 0.0069086 -0.0147764 0.0011509
v 0.0018064 -0.0020491 0.0023579
v -0.0078845 -0.0056298 0.0023579
v -0.0019406 0.0092610 0.0023579
v 0.0027098 0.0001686 0.0023579
v -0.0000620 0.0055884 -0.0027828
v -0.0040040 -0.0041964 -0.0027261
v 0.0005129 -0.0014054 0.0019373
v -0.0018277 0.0023754 -0.0020638
v 0.0035824 -0.0002695 -0.0020638
v -0.0040554 -0.0030930 -0.0020638
v -0.0047329 0.0089744 -0.0005342
v -0.0032136 0.0016344 0.0094657
v -0.0024128 -0.0022276 0.0094657
v -0.0024128 -0.0022276 -0.0005342
v 0.0016319 -0.0007347 0.0094657
v 0.0016730 -0.0007185 -0.0005342
v 0.0039007 0.0047500 -0.0005342
v 0.0062413 0.0009691 0.0034669
v 0.0042394 -0.0018057 0.0044429
v 0.0025250 -0.0024385 0.0044429
v 0.0034387 -0.0002209 0.0044429
v 0.0024429 0.0017264 -0.0055570
v 0.0004719 -0.0031958 -0.0055570
v 0.0042394 -0.0018057 -0.0055570
v 0.0006669 0.0051989 -0.0006978
v -0.0032752 -0.0045805 -0.0006411
v -0.0065910 0.0002227 -0.0020780
v -0.0042607 -0.0035582 0.0019231
v -0.0011809 -0.0024223 -0.0020780
v 0.0005335 -0.0017895 -0.0020780
v 0.0025045 0.0031381 -0.0020780
v -0.0018893 0.0117275 -0.0020780
v 0.0007285 0.0066107 0.0027812
v -0.0032136 -0.0031742 0.0028379
v -0.0113339 -0.0221542 0.0049765
v -0.0113339 -0.0221542 -0.0050234
v -0.0081001 -0.0237985 0.0049765
v -0.0081001 -0.0237985 -0.0050234
v 0.0084484 -0.0306733 0.0049765
v 0.0340925 -0.0369531 0.0049765
v 0.0084484 -0.0306733 -0.0050234
v 0.0340925 -0.0369531 -0.0050234
v -0.0232423 0.0351862 0.0049765
v -0.0232423 0.0351862 -0.0050234
v -0.0060264 0.0415471 0.0049765
v -0.0060264 0.0415471 -0.0050234
v 0.0037672 0.0103915 -0.0051256
v 0.0105529 0.0030894 -0.0051256
v 0.0105529 0.0030894 0.0048743
v 0.0091465 0.0046039 0.0048743
v 0.0037672 0.0103915 -0.0022013
v -0.0282007 -0.0255348 -0.0051256
v -0.0267737 -0.0267248 -0.0051256
v -0.0327587 -0.0315063 0.0048743
v -0.0331899 -0.0311439 0.0048743
v -0.0016942 0.0042523 0.0048743
v -0.0011193 -0.0005508 0.0006425
v -0.0082644 -0.0085885 0.0006425
v 0.0003076 -0.0017462 0.0006425
v -0.0082644 -0.0085885 0.0106425
v -0.0061086 -0.0061599 0.0106425
v -0.0056774 -0.0065223 0.0106425
v -0.0055850 -0.0067332 0.0003817
v -0.0001236 -0.0005941 0.0003817
v 0.0052558 -0.0063871 0.0003817
v -0.0001236 -0.0005941 -0.0066943
v -0.0089727 -0.0013784 -0.0041477
v -0.0089727 -0.0013784 0.0058518
v -0.0021870 -0.0086859 0.0058518
v -0.0021870 -0.0086859 -0.0041477
v 0.0058820 -0.0022384 -0.0041477
v 0.0059230 0.0056587 -0.0041477
v -0.0021459 0.0062969 -0.0041477
v 0.0031513 0.0122522 0.0058518
v 0.0048554 0.0121170 0.0058518
v 0.0060976 -0.0020653 0.0058518
v 0.0091773 0.0003958 0.0018971
v 0.0089104 0.0089149 0.0013248
v 0.0035619 -0.0014000 0.0012723
v 0.0010878 -0.0040937 -0.0032551
v -0.0029672 -0.0008916 0.0012723
v -0.0031315 0.0009853 0.0012723
v 0.0036132 0.0085633 0.0012723
v 0.0007901 0.0053882 -0.0038922
v -0.0009756 0.0037493 -0.0034375
v -0.0010270 -0.0060139 -0.0034375
v 0.0068675 -0.0066359 -0.0034375
v 0.0053379 0.0108459 -0.0034375
v 0.0016730 0.0067188 0.0013979
v 0.0019604 -0.0027631 0.0020354
v -0.0389798 -0.0440983 -0.0056294
v -0.0379019 -0.0441849 -0.0056294
v 0.0366077 0.0153353 -0.0056294
v 0.0387532 0.0440298 -0.0056294
v 0.0303558 0.0530520 -0.0056294
v -0.0405094 -0.0266166 -0.0056294
v 0.0448204 0.0375012 0.0043705
v 0.0435782 0.0209011 0.0043705
v -0.0306337 -0.0383811 0.0043705
v -0.0414026 -0.0375318 0.0043705
v -0.0413512 -0.0275685 0.0043705
v 0.0303558 0.0530520 0.0043705
v -0.0441743 -0.0307436 -0.0007939
v -0.0438766 -0.0402255 -0.0001569
v -0.0040964 0.0013694 -0.0017524
v -0.0041375 -0.0065331 -0.0017524
v 0.0038699 -0.0001397 -0.0017524
v 0.0037877 0.0007473 -0.0017524
v -0.0008422 -0.0038990 0.0042924
v -0.0011091 0.0046202 0.0037201
v -0.0097221 0.0151081 -0.0052080
v -0.0118677 -0.0135810 -0.0052080
v 0.0046809 -0.0003723 -0.0052080
v -0.0036550 0.0085849 0.0047919
v 0.0046809 -0.0003723 0.0047919
v -0.0048972 -0.0080152 0.0047919
v 0.0033566 -0.0011891 -0.0073551
v 0.0034284 -0.0020761 -0.0073551
v 0.0044345 -0.0012756 -0.0073551
v 0.0117027 0.0045282 0.0026448
v 0.0008722 -0.0041153 0.0026448
v 0.0009236 0.0053774 0.0026448
v -0.0012836 -0.0058354 -0.0013099
v -0.0015505 0.0026837 -0.0018822
v -0.0008216 -0.0047806 -0.0034574
v -0.0007703 0.0049880 -0.0034574
v -0.0088906 -0.0041478 -0.0034574
v -0.0035934 0.0018129 0.0065421
v -0.0020433 0.0035492 0.0065421
v -0.0018790 0.0016777 0.0065421
v 0.0018680 0.0079575 0.0013780
v 0.0021657 -0.0015244 0.0020151
v -0.0018072 0.0032192 -0.0014835
v 0.0006669 0.0059129 0.0030440
v -0.0058519 0.0064213 0.0030440
v 0.0006156 -0.0035798 0.0030440
v -0.0046200 -0.0077609 0.0030440
v -0.0015402 -0.0052999 -0.0009108
v -0.0044044 0.0330929 -0.0035225
v -0.0044044 0.0330929 0.0064770
v 0.0368849 0.0370144 -0.0035225
v 0.0368849 0.0370144 0.0064770
v 0.0744066 0.0363707 -0.0035225
v 0.0744066 0.0363707 0.0064770
v 0.0722713 0.0386587 -0.0035225
v 0.0722713 0.0386587 0.0064770
v -0.0337237 -0.0499995 -0.0035225
v -0.0337237 -0.0499995 0.0064770
v -0.0565139 -0.0254915 -0.0035225
v -0.0565139 -0.0254915 0.0064770
v 0.0040238 0.0033382 -0.0050004
v 0.0040238 0.0033382 0.0049995
v 0.0008517 0.0008068 -0.0050004
v 0.0008517 0.0008068 0.0049995
v -0.0012836 0.0030948 -0.0050004
v -0.0012836 0.0030948 0.0049995
v -0.0000414 -0.0008862 -0.0003308
v -0.0003186 -0.0006914 -0.0007507
v 0.0002357 -0.0005670 -0.0007507
v 0.0003384 -0.0011512 -0.0007507
v -0.0008422 0.0015911 -0.0050291
v 0.0024224 0.0047716 -0.0002339
v -0.0011707 0.0012666 0.0049708
v -0.0033162 -0.0008213 0.0049708
v -0.0033162 -0.0008213 -0.0050291
v -0.0004931 -0.0027901 0.0049708
v -0.0003597 -0.0028875 -0.0050291
v 0.0038801 -0.0058462 0.0001721
v 0.0272657 0.0420123 0.0056561
v 0.0272657 0.0420123 -0.0043438
v 0.0271939 0.0417472 -0.0043438
v 0.0271939 0.0417472 0.0056561
v -0.0139003 0.0018994 -0.0043438
v -0.0136745 0.0021212 0.0056561
v -0.0172162 -0.0013297 0.0004514
v -0.0051333 -0.0193523 0.0056561
v -0.0118369 -0.0146736 0.0056561
v 0.0006361 -0.0180434 0.0056561
v 0.0036235 -0.0113255 -0.0043438
v -0.0111080 -0.0146682 -0.0043438
v -0.0113955 -0.0149873 -0.0039240
v -0.0157482 -0.0119421 0.0008574
v 0.0016627 0.0051881 -0.0024434
v 0.0052044 0.0086390 0.0027613
v -0.0019303 0.0016831 0.0027613
v 0.0070317 -0.0081558 0.0027609
v -0.0012528 -0.0023736 0.0027613
v 0.0031205 -0.0054243 -0.0020374
v 0.0002973 -0.0024710 0.0090320
v -0.0036653 0.0002930 0.0090320
v 0.0021041 0.0016020 0.0090320
v 0.0050915 0.0083199 -0.0009679
v 0.0002973 -0.0024710 -0.0009679
v -0.0096400 0.0049771 -0.0009679
v -0.0095476 0.0043930 -0.0009679
v -0.0099274 0.0046634 -0.0005480
v 0.0062207 -0.0088373 -0.0032111
v 0.0064979 -0.0090321 -0.0027912
v 0.0067751 -0.0087129 -0.0032111
v 0.0006772 0.0046256 0.0015845
v -0.0025874 0.0014451 -0.0032111
v 0.0039828 0.0078547 -0.0032111
v -0.0021049 -0.0030335 -0.0032111
v 0.0021349 -0.0059868 0.0019905
v -0.0007395 -0.0084263 -0.0006534
v 0.0014882 -0.0034121 -0.0054413
v 0.0005540 0.0016669 -0.0054413
v -0.0032136 0.0042902 -0.0004676
v 0.0020117 0.0006500 0.0045582
v 0.0029870 -0.0000370 0.0045582
v 0.0024224 -0.0013189 0.0045582
v 0.0029870 -0.0000370 -0.0054413
v 0.0002255 -0.0014000 -0.0011877
v -0.0020022 -0.0064141 0.0036006
v -0.0044763 0.0063077 0.0037864
v -0.0007190 0.0036844 -0.0011877
v -0.0048972 -0.0129373 -0.0011877
v -0.0077819 0.0086174 -0.0011877
v -0.0093526 0.0084984 -0.0011877
v -0.0087469 0.0092881 -0.0003278
v -0.0013863 0.0019644 0.0021127
v -0.0067450 -0.0032553 -0.0034321
v 0.0059744 -0.0016326 -0.0026836
v 0.0006053 0.0021212 0.0021127
v -0.0107692 -0.0071768 0.0021127
v 0.0092594 -0.0039260 0.0021127
v 0.0188272 -0.0063276 0.0057427
v -0.0022178 -0.0289370 0.0057427
v -0.0213123 -0.0150576 0.0057427
v -0.0247103 0.0004336 0.0057427
v -0.0032649 0.0213338 0.0057427
v 0.0167638 0.0245846 0.0057427
v 0.0188169 0.0231512 0.0057427
v 0.0226666 0.0023268 0.0057427
v 0.0250894 0.0077844 0.0005311
v 0.0221944 0.0012558 -0.0042572
v 0.0104400 -0.0251994 -0.0042572
v -0.0035421 0.0210634 -0.0042572
v -0.0304797 -0.0051863 -0.0042572
v -0.0296379 -0.0090104 -0.0042572
v 0.0002871 -0.0307544 -0.0042572
v 0.0072987 -0.0285800 -0.0042572
v 0.0177493 0.0226915 -0.0042572
v 0.0002871 -0.0307544 0.0011746
v 0.0007593 0.0252553 0.0001978
v 0.0226153 0.0205009 0.0007165
v 0.0134787 0.0268780 0.0009463
v 0.0183447 0.0234812 -0.0033976
v -0.0034908 -0.0132889 0.0024732
v -0.0073405 0.0075410 0.0024732
v 0.0016832 0.0012450 0.0024732
v 0.0020939 -0.0007239 0.0024732
v -0.0010680 -0.0078313 -0.0027384
v -0.0035421 0.0048852 -0.0025530
v -0.0120935 -0.0089726 -0.0011023
v 0.0091978 -0.0073445 -0.0011023
v 0.0089001 -0.0059273 -0.0011023
v 0.0013547 -0.0006644 -0.0011023
v -0.0045584 -0.0016272 -0.0011023
v -0.0077922 -0.0047806 0.0033527
v 0.0097933 -0.0065493 -0.0002427
v 0.0049272 -0.0031525 0.0041012
v 0.0057382 -0.0015082 -0.0003959
v -0.0069709 -0.0031309 -0.0011445
v -0.0016224 0.0020888 0.0044000
v 0.0003692 0.0022456 0.0044000
v -0.0006984 0.0029866 0.0044000
v 0.0021760 0.0009853 -0.0055999
v -0.0006984 0.0029866 -0.0055999
v -0.0037371 0.0000225 -0.0055999
v -0.0086853 -0.0035798 -0.0003910
v 0.0002357 -0.0008158 -0.0003910
v 0.0002357 -0.0008158 -0.0103909
v -0.0016634 -0.0014054 -0.0103909
v -0.0086853 -0.0035798 -0.0049590
v 0.0098651 0.0208416 -0.0003910
v -0.0111901 -0.0017624 -0.0003910
v 0.0014779 0.0019698 -0.0103909
v -0.0000209 -0.0003939 -0.0019225
v 0.0015395 -0.0002750 -0.0019225
v -0.0003186 0.0010232 -0.0019225
v 0.0005745 0.0003958 -0.0010625
v 0.0093005 -0.0090645 0.0009226
v -0.0017558 -0.0010322 0.0009226
v 0.0059025 0.0064322 0.0009226
v -0.0017558 -0.0010322 -0.0090773
v 0.0009749 -0.0030119 -0.0090773
v 0.0001331 0.0008122 -0.0090773
v -0.0597887 0.0061942 -0.0050000
v -0.0597887 0.0061942 0.0049999
v 0.0085306 0.0057128 -0.0050000
v 0.0072781 -0.0073985 -0.0050000
v 0.0072781 -0.0073985 0.0049999
v 0.0085306 0.0057128 0.0049999
v 0.0625803 0.0137505 -0.0056911
v 0.0588025 -0.0259350 -0.0056911
v 0.0588025 -0.0259350 0.0043085
v 0.0625803 0.0137505 0.0043085
v -0.0759472 0.0147241 -0.0056911
v -0.0771996 0.0016182 -0.0056911
v -0.0771996 0.0016182 0.0043085
v -0.0759472 0.0147241 0.0043085
v -0.0040862 0.0014830 -0.0015291
v -0.0022999 0.0028785 -0.0015291
v -0.0022691 0.0011422 -0.0031977
v -0.0068477 0.0076384 -0.0028472
v -0.0069709 0.0059075 -0.0015291
v -0.0056466 0.0073679 -0.0015291
v -0.0196903 -0.0235389 0.0034125
v -0.0196492 -0.0252697 0.0017439
v -0.0242278 -0.0187790 0.0020944
v -0.0230369 -0.0190440 0.0034125
v 0.0302223 0.0154759 0.0034125
v 0.0082636 0.0156328 0.0034125
v -0.0025566 0.0157085 -0.0065874
v 0.0435987 0.0153840 -0.0065874
v -0.0233860 -0.0073715 -0.0065874
v -0.0105742 -0.0269790 -0.0065874
v -0.0016942 0.0005148 0.0063862
v -0.0028851 0.0007798 0.0050681
v -0.0030083 -0.0009511 0.0063862
v -0.0201009 0.0252012 0.0063862
v 0.0028125 -0.0119204 -0.0055436
v 0.0026380 -0.0032607 0.0027877
v 0.0117130 -0.0049645 -0.0055436
v -0.0019406 0.0032355 0.0031382
v -0.0098043 0.0049988 -0.0055436
v -0.0010988 0.0146430 -0.0055436
v 0.0085511 -0.0274009 -0.0065181
v 0.0164147 -0.0291642 0.0021637
v 0.0172565 -0.0177567 -0.0065181
v -0.0085416 0.0056479 0.0034818
v -0.0161280 0.0057019 -0.0065181
v 0.0020117 0.0055775 -0.0065181
v -0.0075868 0.0056424 0.0034818
v -0.0008011 -0.0047428 0.0034818
v -0.0633407 0.0192352 -0.0056263
v 0.0458777 0.0184671 -0.0056263
v 0.0458777 0.0184671 0.0043736
v -0.0544402 0.0191757 0.0043736
v 0.0458777 0.0080494 0.0043736
v 0.0458777 -0.0007401 -0.0056263
v -0.0079153 -0.0381809 0.0043736
v -0.0089317 -0.0478467 -0.0056263
v 0.0207880 0.0573791 0.0053324
v 0.0207880 0.0485896 -0.0046675
v 0.0207880 -0.0535424 -0.0046675
v 0.0207880 -0.0535424 0.0053324
v 0.0195356 -0.0536343 0.0053324
v -0.0330051 0.0111434 0.0053324
v 0.0111792 -0.0542401 -0.0046675
v -0.0340214 0.0014830 -0.0046675
v -0.0591214 0.0269646 0.0055186
v -0.0629095 -0.0127210 0.0055186
v -0.0629095 -0.0127210 -0.0044813
v -0.0591214 0.0269646 -0.0044813
v 0.0387122 0.0262776 -0.0044813
v 0.0462986 0.0262235 0.0055186
v 0.0478898 -0.0351681 0.0055186
v 0.0540391 0.0158275 0.0055186
v 0.0711317 -0.0103248 0.0055186
v 0.0506411 -0.0330208 0.0055186
v 0.0633913 -0.0068306 -0.0044813
v 0.0393692 -0.0334427 -0.0044813
v 0.0482594 -0.0352439 0.0051753
v 0.0712549 -0.0085939 0.0042004
v -0.0174626 0.0286467 0.0032688
v -0.0192386 0.0272512 0.0032688
v -0.0174215 0.0269105 0.0016002
v 0.0066622 -0.0037150 0.0032688
v 0.0001228 -0.0023844 0.0032688
v 0.0037467 -0.0031201 -0.0000205
v -0.2486189 0.0653682 0.0058641
v -0.2352424 0.0652708 -0.0041358
v 0.1979356 0.0622255 -0.0041358
v 0.2068361 0.0621606 0.0058641
v 0.2533609 0.0048041 0.0058641
v 0.1662552 -0.0700613 0.0058641
v 0.0744784 -0.0766927 0.0058641
v -0.2744067 -0.0060084 0.0058641
v -0.2985314 0.0263533 0.0058641
v 0.1774141 -0.0692554 -0.0041358
v 0.0744784 -0.0766927 -0.0041358
v -0.2894154 0.0229132 -0.0041358
v -0.2699410 -0.0069117 -0.0041358
v 0.2523446 -0.0048563 -0.0041358
v -0.2773222 -0.0054135 0.0025747
v -0.2984904 0.0246171 0.0041955
v 0.0291649 0.0059237 0.0071102
v -0.0273281 0.0063186 0.0071102
v -0.0177295 0.0062537 -0.0028893
v 0.0183447 0.0059994 -0.0028893
v -0.0021357 -0.0287585 0.0071102
v -0.0205423 -0.0040666 0.0071102
v -0.0024847 -0.0170806 -0.0028893
v -0.0033265 -0.0284881 0.0057921
v 0.0091054 0.0498985 0.0060824
v 0.0616461 -0.0148845 0.0060824
v -0.0780003 -0.0249668 0.0060824
v 0.0532897 -0.0154903 -0.0039175
v -0.0668414 -0.0241609 -0.0039175
v 0.0080891 0.0402381 -0.0039175
v -0.0009859 0.0197166 0.0065509
v 0.0183755 -0.0099245 0.0065509
v -0.0264247 -0.0008483 0.0065509
v -0.0243612 0.0014397 0.0065509
v 0.0160452 -0.0094485 -0.0034490
v 0.0010057 0.0107160 -0.0034490
v -0.0163847 -0.0028821 -0.0034490
v 0.0219994 -0.0106601 0.0032612
v -0.0267429 -0.0007834 0.0062073
v 0.0008312 0.0193758 0.0048823
v 0.0135711 0.0088554 0.0020078
v 0.0117540 0.0092015 0.0036764
v 0.0088693 0.0136207 0.0036764
v 0.0090028 0.0153515 0.0023583
v -0.0116110 -0.0090753 0.0036764
v 0.0011391 0.0171148 -0.0063235
v -0.0228830 -0.0094972 -0.0063235
v -0.0036345 -0.0133971 -0.0063235
v 0.0137456 0.0001956 -0.0063235
v -0.0139927 -0.0112984 0.0033332
v 0.0026893 0.0077303 0.0024755
v 0.0006259 0.0054369 0.0024755
v -0.0000620 0.0055775 0.0024755
v 0.0003076 0.0055018 0.0021323
v -0.0055953 0.0094936 0.0027505
v -0.0054207 0.0008339 -0.0055807
v 0.0034695 0.0077898 -0.0055807
v 0.0096085 -0.0193307 -0.0055807
v 0.0229541 -0.0220352 -0.0055807
v 0.0155729 -0.0205369 0.0011294
v -0.0068888 -0.0069009 0.0052910
v -0.0110875 0.0030786 0.0052910
v 0.0485879 0.0227780 0.0052910
v 0.0488959 0.0219234 0.0052910
v -0.0071146 -0.0063763 -0.0047089
v -0.0068888 -0.0069009 -0.0047089
v 0.0434447 0.0191053 -0.0047089
v 0.0428288 0.0208741 -0.0047089
v -0.0037371 0.0055018 -0.0047089
v -0.0110875 0.0030786 0.0043364
v 0.0123495 0.0048690 0.0107026
v 0.0072371 0.0022240 0.0107026
v 0.0069291 0.0030786 0.0107026
v 0.0017859 -0.0005941 0.0007027
v 0.0123495 0.0048690 0.0007027
v 0.0011597 0.0011746 0.0007027
v 0.0034490 -0.0102383 -0.0000159
v 0.0068264 0.0016398 -0.0000159
v -0.0005239 -0.0007888 -0.0000159
v -0.0005239 -0.0007888 0.0090294
v 0.0044447 0.0074869 0.0048727
v 0.0044447 0.0074869 -0.0051272
v 0.0086332 -0.0024926 -0.0051272
v 0.0086332 -0.0024926 0.0048727
v 0.0004411 -0.0067224 0.0048727
v -0.0075663 -0.0038557 0.0048727
v -0.0044147 0.0045661 0.0048727
v 0.0001023 -0.0068955 -0.0051272
v -0.0046405 -0.0093512 -0.0000129
v -0.0119704 0.0020725 -0.0051272
v -0.0127916 -0.0001289 -0.0051272
v -0.0113647 -0.0063979 0.0005847
v -0.0069914 -0.0014811 -0.0031483
v -0.0033676 0.0081792 -0.0031483
v -0.0019303 0.0019103 0.0025636
v -0.0005239 -0.0037908 -0.0031483
v 0.0047938 -0.0010430 0.0019660
v 0.0095366 0.0014126 -0.0031483
v -0.0110670 0.0004444 0.0036508
v -0.0029980 0.0031056 0.0036508
v 0.0077196 -0.0007293 0.0036508
v 0.0050094 -0.0079827 0.0036508
v -0.0073507 0.0016723 0.0003648
v 0.0039315 -0.0032769 -0.0006373
v 0.0608248 0.0184941 0.0037718
v 0.0602807 0.0170553 0.0037718
v -0.0209940 -0.0249398 0.0037718
v -0.0506418 -0.0188114 0.0037718
v -0.0558979 -0.0063059 0.0037718
v 0.0447588 0.0269213 0.0037718
v 0.0520681 0.0128093 -0.0062281
v -0.0304489 -0.0298295 -0.0062281
v 0.0546961 0.0198139 -0.0062281
v 0.0395848 0.0252175 -0.0062281
v -0.0558979 -0.0063059 -0.0062281
v -0.0474902 -0.0263083 -0.0062281
v 0.0484750 0.0281491 0.0004863
v 0.0597469 0.0231999 -0.0005162
v -0.0082849 0.0126525 0.0059564
v 0.0213629 0.0065241 0.0059564
v -0.0008730 -0.0049699 0.0059564
v 0.0119080 0.0016344 -0.0040435
v -0.0008730 -0.0049699 -0.0040435
v -0.0051333 0.0051556 -0.0040435
v 0.0024018 -0.0033148 0.0078472
v 0.0035106 -0.0039044 0.0078472
v 0.0018578 -0.0047590 0.0078472
v 0.0080481 -0.0015623 0.0029616
v 0.0027201 -0.0043100 -0.0021527
v -0.0063652 -0.0090050 -0.0021527
v -0.0037371 -0.0020004 -0.0021527
v 0.0013239 0.0013910 0.0035592
v -0.0055131 0.0025648 0.0029972
v 0.0083766 0.0071515 0.0029972
v 0.0052147 -0.0012702 0.0029972
v -0.0022691 0.0036357 -0.0070027
v -0.0000106 0.0024512 -0.0070027
v 0.0008106 0.0046526 -0.0070027
v -0.0098556 0.0011314 -0.0002883
v 0.0014163 -0.0038178 -0.0012908
v -0.0002878 -0.0070037 -0.0030012
v 0.0047630 -0.0036123 0.0027107
v 0.0033360 0.0026567 -0.0030012
v 0.0010775 0.0038413 -0.0030012
v -0.0153889 -0.0016001 -0.0030012
v -0.0065089 0.0013315 0.0037128
v 0.0088385 0.0023538 0.0024276
v -0.0007806 -0.0026116 0.0024276
v -0.0018893 -0.0020275 0.0024276
v 0.0008312 0.0052260 0.0024276
v 0.0037569 -0.0002695 -0.0024580
v -0.0029672 0.0026783 -0.0018604
v 0.0726614 0.0120899 0.0052393
v 0.0599933 0.0422178 0.0052393
v 0.0726614 0.0120899 -0.0047606
v 0.0599933 0.0422178 -0.0047606
v -0.0503236 -0.0514599 0.0052393
v -0.0714610 -0.0011728 0.0052393
v -0.0503236 -0.0514599 -0.0047606
v -0.0714610 -0.0011728 -0.0047606
v -0.0649319 -0.0847791 -0.0050701
v -0.0649319 -0.0847791 0.0049298
v -0.2512777 -0.0847791 0.0049298
v -0.0326663 0.0322221 0.0049298
v -0.2512777 -0.0847791 -0.0050701
v -0.0326663 0.0322221 -0.0050701
v 0.1981409 0.0511534 0.0049298
v 0.1770035 0.1014351 0.0049298
v 0.1981409 0.0511534 -0.0050701
v 0.1770035 0.1014351 -0.0050701
v 0.0043524 0.0052151 0.0059576
v 0.0036953 0.0032787 0.0056887
v 0.0034387 0.0032950 0.0052642
v 0.0007696 0.0040738 0.0007322
v 0.0015600 0.0072219 0.0007322
v 0.0071549 0.0032030 0.0007322
v 0.0070112 0.0030732 0.0008517
v 0.0070112 0.0030732 0.0007322
v 0.0034387 0.0032950 0.0007322
v 0.0071036 0.0030786 0.0007322
v 0.0065390 0.0023808 -0.0006970
v 0.0031410 0.0025864 -0.0006970
v 0.0002357 0.0034410 -0.0006970
v 0.0015087 0.0063456 -0.0006970
v 0.0066211 0.0026783 -0.0006970
v 0.0040649 0.0045120 -0.0054716
v 0.0031410 0.0025864 -0.0053555
v 0.0034079 0.0025702 -0.0057401
v 0.0419767 -0.0190494 0.0012911
v 0.0426337 -0.0171130 0.0015600
v 0.0398414 -0.0151063 -0.0036654
v 0.0390509 -0.0182489 -0.0036654
v 0.0417098 -0.0190332 0.0008666
v -0.0141878 -0.0025954 0.0063345
v -0.0190949 0.0047986 0.0063345
v -0.0176474 0.0084767 0.0063345
v -0.0099274 0.0119114 0.0063345
v 0.0387840 -0.0143491 0.0063345
v 0.0400775 -0.0152740 0.0063345
v 0.0388046 -0.0181786 0.0063345
v 0.0387840 -0.0143491 -0.0036654
v 0.0417098 -0.0190332 0.0016761
v -0.0011707 0.0071948 -0.0036654
v -0.0091267 0.0036520 -0.0036654
v -0.0027619 -0.0059598 -0.0036654
v -0.0184378 0.0064700 0.0044176
v 0.0092389 -0.0029632 0.0050110
v 0.0096393 -0.0032499 0.0050110
v 0.0093518 -0.0032715 0.0050110
v 0.0091670 -0.0032607 0.0050110
v 0.0094853 -0.0031417 -0.0049889
v 0.0096393 -0.0032499 -0.0049889
v 0.0066930 -0.0011296 0.0002365
v 0.0060360 -0.0030714 -0.0000324
v 0.0093518 -0.0032715 -0.0048694
v 0.0094340 -0.0032661 -0.0049889
v 0.0013034 0.0068703 -0.0026154
v -0.0042196 -0.0071876 -0.0026154
v -0.0026182 -0.0076582 -0.0026154
v 0.0078427 -0.0030011 -0.0026154
v -0.0042196 -0.0071876 -0.0012437
v -0.0014684 -0.0001776 0.0054680
v -0.0013760 0.0045877 0.0069486
v 0.0038801 0.0017534 0.0069486
v -0.0038398 -0.0016867 0.0069486
v -0.0018585 0.0033599 -0.0030510
v 0.0046809 -0.0065061 -0.0030510
v 0.0126369 -0.0029686 -0.0030510
v -0.0013760 0.0045877 -0.0030510
v -0.0046200 -0.0036880 0.0050321
v -0.0053181 -0.0038611 0.0067624
v -0.0032238 0.0014721 0.0067624
v 0.0016832 -0.0059219 0.0067624
v -0.0037166 -0.0043317 -0.0032375
v 0.0131091 -0.0092809 -0.0032375
v 0.0067443 0.0003254 -0.0032375
v -0.0053181 -0.0038611 -0.0018658
v -0.0025668 0.0031489 0.0048455
v -0.0653323 0.0041658 -0.0051398
v -0.0487734 0.0463340 -0.0051398
v -0.0653323 0.0041658 0.0048601
v -0.0487734 0.0463340 0.0048601
v 0.0675798 -0.0349193 0.0048601
v 0.0735750 -0.0196336 0.0048601
v 0.0675798 -0.0349193 -0.0051398
v 0.0735750 -0.0196336 -0.0051398
v 0.2056658 -0.1091464 -0.0050008
v 0.2222246 -0.0669836 -0.0050008
v 0.2056658 -0.1091464 0.0049991
v 0.2222246 -0.0669836 0.0049991
v -0.1930600 0.0081035 -0.0050008
v -0.1448311 0.1309085 -0.0050008
v -0.1930600 0.0081035 0.0049991
v -0.1448311 0.1309085 0.0049991
v -0.1466686 0.0547017 0.0043203
v -0.1466686 0.0547017 -0.0056792
v -0.1466686 -0.0118123 -0.0056792
v -0.1466686 -0.0118123 0.0043203
v 0.1109530 0.0547017 -0.0056792
v 0.1109530 0.0547017 0.0043203
v 0.0842823 -0.0797271 -0.0056792
v 0.1325113 0.0430832 -0.0056792
v 0.0842823 -0.0797271 0.0043203
v 0.1325113 0.0430832 0.0043203
v -0.0320606 -0.0521198 -0.0050004
v -0.0320606 -0.0521198 0.0049995
v -0.0323891 -0.0522983 -0.0050004
v -0.0323891 -0.0522983 0.0049995
v -0.0324302 -0.0522442 -0.0050004
v -0.0324302 -0.0522442 0.0049995
v 0.0078838 0.0038845 -0.0050004
v 0.0078838 0.0038845 0.0049995
v -0.0000517 0.0088986 -0.0050004
v -0.0000517 0.0088986 0.0049995
v 0.0115487 0.0413794 -0.0059711
v 0.0115487 0.0413794 0.0040285
v -0.0341754 -0.0649823 -0.0059711
v -0.0341754 -0.0649823 0.0040285
v -0.0421109 -0.0599682 -0.0059711
v -0.0421109 -0.0599682 0.0040285
v 0.0330660 0.0557673 -0.0059711
v 0.0460728 0.0475456 -0.0059711
v 0.0330660 0.0557673 0.0040285
v 0.0460728 0.0475456 0.0040285
v 0.0237240 0.0229078 -0.0050115
v 0.0233853 0.0233406 -0.0050115
v -0.0114468 0.0000496 -0.0050115
v 0.0015600 -0.0081720 -0.0050115
v 0.0204595 0.0183373 0.0049880
v 0.0015600 -0.0081720 0.0049880
v -0.0061393 -0.0033040 0.0049880
v -0.0071351 0.0029326 0.0049880
v 0.0188785 0.0203224 0.0049880
v -0.0114468 0.0000496 -0.0020278
v 0.0034079 0.0018778 -0.0002155
v 0.0044037 -0.0043533 -0.0002155
v -0.0008935 -0.0010052 -0.0002155
v -0.0008935 -0.0010052 -0.0072314
v 0.0063747 0.0054207 -0.0116037
v 0.0051326 0.0045931 -0.0116037
v 0.0054713 0.0041658 -0.0116037
v 0.0006259 0.0015803 -0.0016037
v 0.0063747 0.0054207 -0.0016037
v 0.0022171 -0.0004048 -0.0016037
f 4809 4812 4811
f 4813 4809 4810
f 4808 4815 4812
f 4810 4811 4814
f 4813 4814 4811
f 4809 4813 4815
f 4809 4815 4808
f 4813 4812 4815
f 4813 4811 4812
f 4813 4810 4814
f 4808 4812 4809
f 4809 4811 4810
f 3795 3797 3796
f 3795 3798 3794
f 3799 3796 3797
f 3797 3794 3798
f 3795 3796 3799
f 3795 3799 3798
f 3797 3798 3799
f 3794 3797 3795
f 688 690 689
f 691 690 687
f 692 688 689
f 691 688 692
f 691 689 690
f 692 689 691
f 687 688 691
f 687 690 688
f 679 681 680
f 679 683 682
f 685 682 683
f 681 686 685
f 686 684 685
f 681 684 686
f 682 684 679
f 679 684 681
f 681 683 680
f 681 685 683
f 684 682 685
f 680 683 679
f 3648 3650 3649
f 3651 3653 3652
f 3654 3650 3648
f 3654 3655 3652
f 3651 3649 3650
f 3649 3654 3648
f 3655 3654 3649
f 3655 3651 3652
f 3655 3649 3651
f 3654 3652 3653
f 3651 3654 3653
f 3651 3650 3654
f 932 933 934
f 932 931 936
f 936 934 937
f 937 933 938
f 935 938 933
f 938 936 937
f 935 936 938
f 935 933 932
f 934 933 937
f 931 934 936
f 932 936 935
f 932 934 931
f 1032 1034 1033
f 1035 1034 1031
f 1032 1033 1036
f 1032 1036 1035
f 1036 1034 1035
f 1033 1034 1036
f 1032 1035 1031
f 1031 1034 1032
f 3789 3791 3790
f 3788 3792 3791
f 3791 3793 3790
f 3793 3789 3790
f 3792 3788 3789
f 3792 3789 3793
f 3792 3793 3791
f 3788 3791 3789
f 5390 5392 5393
f 5394 5395 5391
f 5390 5394 5391
f 5391 5395 5392
f 5394 5392 5395
f 5393 5392 5394
f 5391 5392 5390
f 5393 5394 5390
f 33 25 34
f 31 25 26
f 32 31 26
f 35 28 36
f 27 29 32
f 32 30 31
f 29 25 30
f 33 34 35
f 33 35 36
f 35 34 27
f 27 34 29
f 29 34 25
f 29 30 32
f 27 32 28
f 27 28 35
f 28 33 36
f 28 32 33
f 33 32 26
f 30 25 31
f 26 25 33
f 3101 3103 3102
f 3100 3104 3103
f 3101 3102 3105
f 3105 3102 3103
f 3104 3101 3105
f 3100 3101 3104
f 3105 3103 3104
f 3100 3103 3101
f 485 484 486
f 486 484 488
f 487 488 484
f 485 487 483
f 487 486 488
f 485 486 487
f 487 484 483
f 483 484 485
f 6075 6078 6079
f 6074 6075 6077
f 6074 6080 6081
f 6075 6081 6078
f 6077 6079 6080
f 6079 6078 6081
f 6079 6081 6080
f 6077 6080 6076
f 6074 6081 6075
f 6076 6080 6074
f 6074 6077 6076
f 6075 6079 6077
f 2960 2962 2961
f 2963 2960 2961
f 2965 2963 2964
f 2965 2961 2962
f 2962 2963 2965
f 2960 2963 2962
f 2964 2961 2965
f 2963 2961 2964
f 631 633 632
f 631 635 634
f 635 636 634
f 634 636 632
f 631 632 636
f 631 636 635
f 634 632 633
f 631 634 633
f 5380 5384 5385
f 5387 5380 5388
f 5386 5385 5382
f 5381 5383 5384
f 5384 5382 5385
f 5387 5386 5382
f 5388 5389 5386
f 5388 5386 5387
f 5387 5382 5381
f 5381 5382 5383
f 5383 5382 5384
f 5381 5384 5380
f 5389 5385 5386
f 5381 5380 5387
f 5385 5389 5388
f 5380 5385 5388
f 4816 4818 4817
f 4819 4816 4817
f 4819 4818 4816
f 4817 4818 4819
f 5270 5273 5272
f 5271 5274 5270
f 5272 5273 5275
f 5270 5274 5275
f 5274 5272 5275
f 5271 5272 5274
f 5270 5275 5273
f 5270 5272 5271
f 7203 7206 7207
f 7202 7203 7205
f 7202 7208 7209
f 7203 7209 7206
f 7205 7207 7208
f 7207 7206 7209
f 7207 7209 7208
f 7205 7208 7204
f 7202 7209 7203
f 7204 7208 7202
f 7202 7205 7204
f 7203 7207 7205
f 3800 3802 3801
f 3803 3800 3801
f 3803 3804 3805
f 3805 3804 3801
f 3800 3803 3805
f 3800 3805 3802
f 3805 3801 3802
f 3803 3801 3804
f 2892 2894 2893
f 2895 2897 2896
f 2893 2896 2897
f 2896 2894 2892
f 2893 2895 2892
f 2897 2895 2893
f 2896 2892 2895
f 2894 2896 2893
f 2605 2602 2603
f 2602 2606 2607
f 2608 2603 2609
f 2606 2605 2608
f 2603 2607 2609
f 2607 2606 2608
f 2607 2608 2609
f 2602 2607 2603
f 2604 2605 2606
f 2605 2603 2608
f 2604 2606 2602
f 2604 2602 2605
f 5965 5967 5966
f 5964 5969 5968
f 5965 5970 5969
f 5967 5971 5970
f 5971 5967 5964
f 5968 5970 5971
f 5969 5970 5968
f 5971 5964 5968
f 5967 5970 5966
f 5966 5970 5965
f 5965 5969 5964
f 5964 5967 5965
f 2994 2996 2995
f 2997 2999 2998
f 2995 2996 2999
f 2998 2994 2995
f 2996 2998 2999
f 2994 2998 2996
f 2998 2995 2997
f 2995 2999 2997
f 6762 6765 6764
f 6764 6765 6766
f 6763 6767 6762
f 6766 6765 6762
f 6767 6764 6766
f 6763 6764 6767
f 6766 6762 6767
f 6762 6764 6763
f 2538 2541 2540
f 2542 2544 2543
f 2542 2538 2539
f 2541 2545 2540
f 2544 2540 2545
f 2544 2538 2543
f 2541 2544 2545
f 2541 2538 2544
f 2539 2544 2542
f 2539 2540 2544
f 2543 2538 2542
f 2538 2540 2539
f 5258 5260 5259
f 5261 5259 5260
f 5258 5259 5261
f 5262 5263 5261
f 5258 5262 5260
f 5263 5262 5258
f 5258 5261 5263
f 5261 5260 5262
f 7658 7660 7659
f 7660 7662 7661
f 7661 7662 7663
f 7663 7662 7660
f 7659 7661 7663
f 7659 7663 7658
f 7663 7660 7658
f 7660 7661 7659
f 5132 5134 5133
f 5135 5137 5136
f 5136 5137 5132
f 5135 5132 5137
f 5134 5136 5133
f 5135 5136 5134
f 5134 5132 5135
f 5136 5132 5133
f 1047 1049 1048
f 1048 1049 1052
f 1047 1054 1053
f 1053 1051 1052
f 1047 1050 1054
f 1050 1053 1054
f 1051 1053 1050
f 1048 1050 1047
f 1047 1052 1049
f 1047 1053 1052
f 1048 1051 1050
f 1048 1052 1051
f 2382 2384 2383
f 2385 2387 2386
f 2382 2387 2385
f 2384 2386 2387
f 2386 2384 2382
f 2386 2382 2385
f 2384 2387 2383
f 2383 2387 2382
f 3448 3450 3449
f 3450 3453 3452
f 3452 3453 3454
f 3449 3451 3455
f 3451 3452 3454
f 3450 3454 3453
f 3455 3450 3448
f 3455 3454 3450
f 3451 3454 3455
f 3449 3455 3448
f 3450 3451 3449
f 3450 3452 3451
f 2940 2943 2942
f 2940 2945 2944
f 2940 2941 2947
f 2941 2948 2947
f 2942 2943 2944
f 2947 2949 2946
f 2949 2945 2946
f 2944 2945 2949
f 2948 2949 2947
f 2942 2944 2948
f 2948 2944 2949
f 2942 2948 2941
f 2940 2947 2945
f 2945 2947 2946
f 2940 2944 2943
f 2940 2942 2941
f 641 643 642
f 638 647 646
f 651 646 647
f 654 639 640
f 644 653 655
f 650 640 641
f 642 649 658
f 651 638 639
f 637 652 645
f 642 658 656
f 643 644 655
f 649 650 656
f 653 648 657
f 653 657 655
f 649 656 658
f 643 655 657
f 642 656 641
f 646 652 637
f 647 638 651
f 651 639 654
f 657 648 643
f 643 648 642
f 642 648 649
f 651 640 650
f 650 641 656
f 651 654 640
f 652 644 645
f 652 653 644
f 648 650 649
f 648 652 650
f 648 653 652
f 650 646 651
f 650 652 646
f 638 646 637
f 640 639 638
f 637 640 638
f 637 645 644
f 637 641 640
f 637 644 641
f 644 643 641
f 3618 3621 3620
f 3622 3623 3619
f 3618 3625 3624
f 3621 3628 3622
f 3625 3626 3628
f 3621 3618 3624
f 3630 3631 3624
f 3628 3626 3623
f 3631 3629 3627
f 3630 3629 3631
f 3628 3623 3622
f 3630 3624 3625
f 3624 3631 3627
f 3621 3624 3627
f 3625 3629 3630
f 3625 3628 3629
f 3627 3629 3621
f 3621 3622 3620
f 3621 3629 3628
f 3623 3618 3619
f 3623 3626 3618
f 3618 3626 3625
f 3622 3619 3620
f 3618 3620 3619
f 4868 4870 4869
f 4871 4873 4872
f 4870 4871 4869
f 4870 4868 4872
f 4868 4869 4871
f 4868 4871 4872
f 4870 4872 4873
f 4873 4871 4870
f 659 661 660
f 662 664 663
f 659 663 661
f 664 666 660
f 666 662 665
f 665 659 660
f 665 660 666
f 664 662 666
f 664 661 663
f 664 660 661
f 662 659 665
f 662 663 659
f 2966 2968 2967
f 2969 2971 2970
f 2966 2971 2969
f 2968 2970 2967
f 2966 2970 2971
f 2967 2970 2966
f 2969 2970 2968
f 2966 2969 2968
f 4840 4842 4841
f 4844 4841 4845
f 4843 4844 4846
f 4846 4847 4842
f 4847 4846 4844
f 4841 4847 4845
f 4842 4847 4841
f 4847 4844 4845
f 4842 4840 4843
f 4846 4842 4843
f 4840 4844 4843
f 4840 4841 4844
f 2978 2980 2979
f 2981 2983 2982
f 2978 2981 2982
f 2979 2982 2983
f 2981 2978 2979
f 2981 2979 2983
f 2980 2982 2979
f 2978 2982 2980
f 702 704 703
f 704 705 703
f 706 701 702
f 702 703 705
f 706 705 704
f 706 704 701
f 702 705 706
f 701 704 702
f 1901 1903 1902
f 1903 1904 1902
f 1902 1904 1901
f 1904 1903 1901
f 5245 5247 5246
f 5249 5242 5243
f 5251 5247 5248
f 5255 5249 5250
f 5244 5250 5243
f 5254 5257 5245
f 5248 5242 5249
f 5256 5244 5245
f 5253 5246 5247
f 5256 5257 5254
f 5256 5254 5255
f 5253 5247 5251
f 5256 5245 5257
f 5248 5249 5252
f 5245 5246 5253
f 5254 5245 5253
f 5255 5244 5256
f 5255 5250 5244
f 5251 5254 5253
f 5251 5249 5254
f 5251 5252 5249
f 5254 5249 5255
f 5251 5248 5252
f 5249 5243 5250
f 5242 5244 5243
f 5242 5245 5244
f 5242 5248 5247
f 5242 5247 5245
f 2594 2596 2595
f 2597 2598 2595
f 2599 2601 2600
f 2601 2597 2600
f 2599 2598 2601
f 2599 2600 2597
f 2599 2596 2594
f 2599 2597 2596
f 2595 2599 2594
f 2595 2598 2599
f 2598 2597 2601
f 2597 2595 2596
f 605 607 606
f 608 612 611
f 612 613 607
f 611 605 606
f 612 608 613
f 610 614 609
f 607 613 608
f 606 609 614
f 606 608 609
f 606 607 608
f 611 606 610
f 610 606 614
f 612 605 611
f 612 607 605
f 608 610 609
f 608 611 610
f 2984 2988 2987
f 2989 2993 2992
f 2992 2984 2985
f 2987 2993 2989
f 2986 2990 2991
f 2992 2988 2984
f 2987 2989 2990
f 2987 2990 2986
f 2993 2988 2992
f 2986 2991 2985
f 2988 2993 2987
f 2992 2985 2991
f 2989 2991 2990
f 2989 2992 2991
f 2987 2986 2985
f 2984 2987 2985
f 3632 3636 3635
f 3633 3638 3632
f 3636 3637 3639
f 3635 3640 3634
f 3640 3641 3638
f 3641 3632 3638
f 3640 3639 3641
f 3636 3639 3635
f 3635 3639 3640
f 3637 3632 3639
f 3639 3632 3641
f 3640 3638 3634
f 3634 3638 3633
f 3632 3634 3633
f 3632 3635 3634
f 3632 3637 3636
f 361 363 362
f 364 366 365
f 363 364 365
f 366 362 363
f 364 362 366
f 361 362 364
f 366 363 365
f 361 364 363
f 5276 5278 5277
f 5279 5281 5280
f 5276 5279 5282
f 5280 5278 5283
f 5279 5283 5282
f 5283 5276 5282
f 5278 5276 5283
f 5280 5283 5279
f 5277 5280 5281
f 5277 5278 5280
f 5281 5276 5277
f 5281 5279 5276
f 577 579 578
f 582 578 579
f 580 581 583
f 575 582 579
f 576 577 584
f 578 584 577
f 584 583 581
f 576 582 575
f 576 584 582
f 582 584 581
f 583 584 580
f 580 584 578
f 580 578 581
f 581 578 582
f 575 577 576
f 575 579 577
f 569 571 570
f 569 570 572
f 573 574 571
f 568 574 573
f 574 572 570
f 568 573 567
f 574 570 571
f 572 574 569
f 569 574 568
f 573 571 567
f 567 571 568
f 568 571 569
f 19 18 22
f 20 18 19
f 17 22 18
f 20 21 17
f 19 23 20
f 24 22 21
f 24 21 23
f 24 23 19
f 23 21 20
f 21 22 17
f 17 18 20
f 19 22 24
f 6416 6418 6417
f 6419 6421 6420
f 6420 6421 6417
f 6419 6420 6418
f 6419 6416 6417
f 6419 6417 6421
f 6419 6418 6416
f 6420 6417 6418
f 3142 3146 3144
f 3142 3147 3146
f 3143 3151 3149
f 3147 3144 3146
f 3148 3144 3145
f 3142 3151 3143
f 3151 3148 3149
f 3150 3148 3151
f 3150 3151 3142
f 3148 3145 3149
f 3145 3144 3147
f 3143 3145 3147
f 3143 3149 3145
f 3143 3147 3142
f 3142 3148 3150
f 3142 3144 3148
f 925 928 927
f 929 927 928
f 930 925 926
f 927 930 926
f 928 930 929
f 925 930 928
f 929 930 927
f 925 927 926
f 1861 1863 1862
f 1864 1866 1865
f 1867 1868 1864
f 1866 1861 1867
f 1868 1863 1866
f 1861 1868 1867
f 1862 1868 1861
f 1862 1863 1868
f 1868 1866 1864
f 1863 1861 1866
f 1866 1867 1865
f 1867 1864 1865
f 4799 4801 4800
f 4799 4804 4798
f 4806 4803 4799
f 4800 4807 4806
f 4807 4801 4798
f 4804 4806 4807
f 4805 4802 4803
f 4805 4806 4802
f 4802 4806 4804
f 4807 4798 4804
f 4801 4807 4800
f 4805 4803 4806
f 4806 4799 4800
f 4802 4804 4803
f 4803 4804 4799
f 4798 4801 4799
f 3400 3402 3401
f 3402 3400 3403
f 3401 3403 3400
f 3402 3403 3401
f 3656 3659 3658
f 3657 3662 3661
f 3664 3662 3663
f 3660 3658 3659
f 3663 3656 3665
f 3662 3664 3665
f 3657 3665 3656
f 3661 3665 3657
f 3662 3665 3661
f 3660 3656 3663
f 3663 3665 3664
f 3660 3659 3656
f 3660 3663 3658
f 3658 3663 3657
f 3657 3663 3662
f 3656 3658 3657
f 3806 3809 3808
f 3811 3814 3813
f 3814 3807 3808
f 3811 3818 3817
f 3809 3817 3818
f 3819 3812 3813
f 3810 3817 3809
f 3811 3812 3820
f 3816 3821 3815
f 3814 3821 3813
f 3815 3821 3814
f 3819 3821 3816
f 3811 3820 3818
f 3810 3809 3806
f 3820 3812 3819
f 3819 3813 3821
f 3808 3819 3816
f 3818 3820 3819
f 3808 3818 3819
f 3809 3818 3808
f 3811 3817 3810
f 3814 3816 3815
f 3814 3808 3816
f 3806 3811 3810
f 3806 3807 3811
f 3811 3807 3814
f 3811 3813 3812
f 3806 3808 3807
f 4880 4883 4885
f 4886 4880 4884
f 4881 4882 4883
f 4881 4887 4882
f 4883 4887 4885
f 4886 4885 4887
f 4884 4885 4886
f 4882 4887 4883
f 4886 4887 4881
f 4881 4883 4880
f 4881 4880 4886
f 4880 4885 4884
f 6748 6749 6750
f 6752 6750 6753
f 6754 6749 6748
f 6754 6753 6750
f 6751 6755 6748
f 6752 6753 6754
f 6752 6754 6755
f 6752 6755 6751
f 6754 6750 6749
f 6754 6748 6755
f 6751 6750 6752
f 6748 6750 6751
f 263 265 264
f 265 263 266
f 266 263 264
f 264 265 266
f 919 921 920
f 920 921 923
f 922 923 924
f 919 924 923
f 920 924 919
f 922 924 920
f 919 923 921
f 920 923 922
f 5480 5482 5481
f 5481 5482 5484
f 5484 5485 5483
f 5484 5482 5480
f 5480 5481 5483
f 5480 5483 5485
f 5484 5480 5485
f 5481 5484 5483
f 4826 4825 4824
f 4827 4830 4829
f 4834 4827 4828
f 4834 4823 4824
f 4831 4832 4825
f 4836 4820 4821
f 4828 4822 4823
f 4825 4832 4833
f 4830 4821 4822
f 4839 4826 4820
f 4831 4837 4839
f 4835 4838 4830
f 4835 4830 4827
f 4831 4839 4836
f 4837 4826 4839
f 4838 4821 4830
f 4830 4822 4829
f 4825 4833 4824
f 4829 4822 4828
f 4828 4823 4834
f 4821 4838 4835
f 4836 4821 4835
f 4836 4839 4820
f 4831 4826 4837
f 4831 4825 4826
f 4834 4824 4833
f 4831 4833 4832
f 4831 4836 4833
f 4833 4836 4835
f 4833 4827 4834
f 4833 4835 4827
f 4827 4829 4828
f 4820 4824 4821
f 4821 4824 4822
f 4820 4826 4824
f 4822 4824 4823
f 5237 5239 5238
f 5240 5236 5237
f 5241 5238 5239
f 5240 5239 5236
f 5237 5241 5240
f 5238 5241 5237
f 5241 5239 5240
f 5236 5239 5237
f 673 676 675
f 674 675 677
f 676 673 678
f 675 678 677
f 678 673 674
f 678 674 677
f 676 678 675
f 673 675 674
f 2402 2404 2405
f 2408 2402 2409
f 2402 2405 2406
f 2411 2407 2410
f 2406 2404 2407
f 2408 2410 2407
f 2410 2409 2411
f 2408 2409 2410
f 2407 2404 2403
f 2408 2407 2403
f 2405 2404 2406
f 2406 2407 2411
f 2402 2406 2409
f 2409 2406 2411
f 2403 2402 2408
f 2403 2404 2402
f 3857 3854 3852
f 3851 3850 3856
f 3852 3853 3859
f 3859 3855 3851
f 3851 3854 3850
f 3852 3854 3855
f 3856 3857 3859
f 3856 3859 3858
f 3852 3855 3853
f 3855 3854 3851
f 3853 3855 3859
f 3859 3851 3858
f 3852 3859 3857
f 3851 3856 3858
f 3850 3857 3856
f 3850 3854 3857
f 309 311 310
f 316 318 317
f 307 313 314
f 312 315 316
f 309 313 308
f 314 315 312
f 318 309 310
f 317 318 320
f 317 310 311
f 320 310 317
f 317 311 316
f 319 309 318
f 318 310 320
f 314 312 307
f 319 313 309
f 312 316 311
f 308 313 307
f 313 315 314
f 313 316 315
f 313 319 316
f 319 318 316
f 307 312 308
f 308 311 309
f 308 312 311
f 7862 7858 7863
f 7860 7858 7859
f 7860 7859 7862
f 7861 7860 7864
f 7865 7863 7867
f 7866 7867 7863
f 7866 7865 7867
f 7864 7865 7866
f 7863 7858 7861
f 7866 7863 7861
f 7862 7863 7865
f 7861 7864 7866
f 7860 7862 7864
f 7864 7862 7865
f 7861 7858 7860
f 7859 7858 7862
f 5264 5266 5265
f 5266 5268 5267
f 5268 5269 5267
f 5267 5264 5265
f 5269 5268 5266
f 5269 5266 5264
f 5269 5264 5267
f 5266 5267 5265
f 911 913 912
f 914 916 915
f 916 914 912
f 915 918 911
f 917 911 918
f 918 916 917
f 915 916 918
f 913 911 917
f 911 912 914
f 915 911 914
f 916 913 917
f 916 912 913
f 2923 2925 2924
f 2926 2929 2925
f 2924 2932 2931
f 2934 2927 2935
f 2937 2924 2931
f 2936 2938 2928
f 2939 2929 2930
f 2937 2931 2932
f 2926 2933 2937
f 2935 2928 2938
f 2935 2938 2936
f 2935 2936 2934
f 2927 2928 2935
f 2937 2939 2930
f 2926 2937 2930
f 2937 2932 2939
f 2932 2929 2939
f 2936 2922 2923
f 2936 2928 2922
f 2936 2923 2934
f 2934 2923 2933
f 2933 2923 2924
f 2933 2924 2937
f 2926 2927 2933
f 2933 2927 2934
f 2929 2924 2925
f 2929 2932 2924
f 2926 2922 2927
f 2927 2922 2928
f 2926 2930 2929
f 2926 2925 2922
f 2922 2925 2923
f 1730 1728 1727
f 1731 1727 1732
f 1728 1732 1727
f 1734 1733 1728
f 1730 1734 1729
f 1734 1732 1733
f 1731 1732 1734
f 1731 1734 1730
f 1734 1728 1729
f 1733 1732 1728
f 1730 1727 1731
f 1729 1728 1730
f 6528 6538 6539
f 6530 6529 6531
f 6541 6537 6536
f 6530 6532 6533
f 6540 6536 6535
f 6533 6534 6537
f 6534 6535 6536
f 6534 6540 6535
f 6539 6538 6541
f 6539 6541 6540
f 6529 6540 6531
f 6531 6540 6532
f 6529 6539 6540
f 6532 6540 6534
f 6534 6536 6537
f 6532 6534 6533
f 6541 6536 6540
f 6531 6532 6530
f 6541 6538 6528
f 6530 6541 6528
f 6530 6533 6541
f 6533 6537 6541
f 6528 6529 6530
f 6528 6539 6529
f 5936 5940 5939
f 5939 5942 5941
f 5938 5944 5937
f 5944 5943 5941
f 5944 5945 5936
f 5942 5936 5945
f 5938 5939 5941
f 5938 5941 5943
f 5940 5936 5942
f 5944 5936 5937
f 5941 5942 5945
f 5944 5941 5945
f 5943 5944 5938
f 5940 5942 5939
f 5936 5939 5937
f 5937 5939 5938
f 7094 7096 7095
f 7098 7096 7094
f 7099 7095 7096
f 7098 7099 7097
f 7099 7094 7095
f 7098 7094 7099
f 7099 7096 7097
f 7097 7096 7098
f 3112 3115 3114
f 3117 3113 3114
f 3118 3114 3115
f 3112 3124 3123
f 3118 3125 3122
f 3120 3123 3124
f 3118 3116 3117
f 3119 3120 3127
f 3115 3112 3123
f 3127 3124 3125
f 3127 3125 3126
f 3115 3123 3121
f 3119 3127 3126
f 3122 3116 3118
f 3121 3123 3120
f 3120 3124 3127
f 3126 3125 3119
f 3119 3125 3118
f 3122 3113 3116
f 3122 3112 3113
f 3122 3125 3112
f 3125 3124 3112
f 3115 3120 3119
f 3118 3115 3119
f 3118 3117 3114
f 3120 3115 3121
f 3116 3113 3117
f 3112 3114 3113
f 6810 6811 6813
f 6815 6813 6816
f 6812 6814 6810
f 6817 6816 6813
f 6810 6817 6811
f 6814 6816 6817
f 6815 6816 6814
f 6814 6817 6810
f 6817 6813 6811
f 6815 6814 6812
f 6812 6813 6815
f 6810 6813 6812
f 5138 5140 5139
f 5139 5142 5141
f 5143 5141 5142
f 5143 5142 5139
f 5138 5141 5143
f 5138 5143 5140
f 5143 5139 5140
f 5139 5141 5138
f 2882 2881 2885
f 2881 2880 2884
f 2878 2879 2880
f 2878 2883 2879
f 2884 2880 2879
f 2882 2885 2884
f 2882 2884 2883
f 2884 2879 2883
f 2882 2883 2878
f 2878 2880 2881
f 2881 2884 2885
f 2878 2881 2882
f 3556 3555 3557
f 3560 3557 3559
f 3558 3559 3557
f 3556 3561 3554
f 3561 3558 3555
f 3560 3559 3558
f 3560 3558 3561
f 3561 3555 3554
f 3560 3561 3556
f 3558 3557 3555
f 3556 3557 3560
f 3554 3555 3556
f 1209 1211 1210
f 1210 1214 1213
f 1213 1216 1212
f 1214 1215 1217
f 1215 1211 1209
f 1218 1209 1210
f 1218 1216 1213
f 1213 1214 1217
f 1218 1213 1217
f 1218 1210 1216
f 1216 1210 1212
f 1215 1209 1217
f 1217 1209 1218
f 1211 1214 1210
f 1210 1213 1212
f 1211 1215 1214
f 2554 2558 2557
f 2556 2557 2559
f 2558 2554 2561
f 2558 2559 2557
f 2561 2554 2555
f 2561 2559 2560
f 2556 2561 2555
f 2556 2559 2561
f 2560 2559 2558
f 2558 2561 2560
f 2554 2556 2555
f 2554 2557 2556
f 473 474 482
f 482 476 480
f 475 477 473
f 477 478 474
f 477 476 478
f 479 480 476
f 481 482 480
f 481 480 479
f 479 476 475
f 475 476 477
f 477 474 473
f 475 481 479
f 475 473 481
f 478 476 474
f 474 476 482
f 473 482 481
f 3434 3436 3435
f 3435 3439 3438
f 3439 3440 3438
f 3436 3440 3441
f 3436 3437 3435
f 3437 3440 3439
f 3441 3440 3437
f 3441 3437 3436
f 3438 3440 3434
f 3434 3440 3436
f 3437 3439 3435
f 3435 3438 3434
f 3128 3130 3129
f 3131 3133 3132
f 3133 3134 3129
f 3128 3135 3131
f 3131 3135 3134
f 3134 3135 3128
f 3134 3128 3129
f 3131 3134 3133
f 3128 3132 3130
f 3128 3131 3132
f 3129 3130 3132
f 3133 3129 3132
f 3136 3139 3138
f 3140 3138 3139
f 3136 3137 3141
f 3140 3139 3136
f 3141 3137 3138
f 3141 3138 3140
f 3140 3136 3141
f 3136 3138 3137
f 3828 3830 3829
f 3832 3828 3833
f 3831 3832 3834
f 3834 3835 3829
f 3829 3835 3833
f 3833 3834 3832
f 3835 3834 3833
f 3829 3833 3828
f 3834 3830 3831
f 3834 3829 3830
f 3830 3832 3831
f 3830 3828 3832
f 2951 2953 2952
f 2955 2952 2956
f 2953 2957 2956
f 2957 2958 2955
f 2954 2959 2950
f 2958 2959 2954
f 2958 2953 2950
f 2957 2953 2958
f 2958 2950 2959
f 2958 2954 2955
f 2954 2950 2951
f 2957 2955 2956
f 2953 2956 2952
f 2951 2955 2954
f 2951 2952 2955
f 2950 2953 2951
f 7125 7127 7126
f 7128 7127 7129
f 7127 7124 7129
f 7128 7125 7126
f 7125 7129 7124
f 7128 7129 7125
f 7126 7127 7128
f 7124 7127 7125
f 3094 3097 3096
f 3097 3098 3096
f 3099 3094 3095
f 3099 3096 3098
f 3094 3098 3097
f 3099 3098 3094
f 3095 3096 3099
f 3094 3096 3095
f 3456 3458 3459
f 3460 3456 3461
f 3461 3459 3462
f 3462 3458 3463
f 3460 3463 3458
f 3463 3461 3462
f 3460 3461 3463
f 3460 3458 3457
f 3459 3458 3462
f 3456 3459 3461
f 3457 3456 3460
f 3457 3458 3456
f 2904 2907 2906
f 2904 2910 2909
f 2905 2906 2911
f 2911 2909 2910
f 2912 2913 2908
f 2904 2908 2913
f 2906 2912 2911
f 2913 2906 2907
f 2913 2912 2906
f 2904 2913 2907
f 2912 2908 2909
f 2912 2909 2911
f 2905 2911 2910
f 2905 2910 2904
f 2904 2909 2908
f 2904 2906 2905
f 3774 3776 3775
f 3774 3775 3778
f 3776 3779 3778
f 3779 3777 3778
f 3779 3774 3777
f 3776 3774 3779
f 3776 3778 3775
f 3774 3778 3777
f 5372 5376 5377
f 5373 5378 5379
f 5374 5372 5373
f 5372 5377 5378
f 5375 5379 5376
f 5377 5376 5379
f 5377 5379 5378
f 5374 5379 5375
f 5372 5378 5373
f 5375 5372 5374
f 5373 5379 5374
f 5375 5376 5372
f 339 341 340
f 340 343 342
f 344 346 345
f 346 342 343
f 344 339 340
f 343 344 345
f 339 344 341
f 341 344 343
f 344 342 346
f 344 340 342
f 346 343 345
f 341 343 340
f 4848 4850 4849
f 4849 4852 4851
f 4853 4851 4852
f 4853 4849 4851
f 4852 4850 4848
f 4852 4848 4853
f 4848 4849 4853
f 4850 4852 4849
f 4380 4382 4381
f 4381 4382 4383
f 4383 4380 4381
f 4382 4380 4383
f 5144 5146 5145
f 5148 5150 5149
f 5150 5151 5149
f 5144 5148 5146
f 5148 5151 5145
f 5145 5150 5147
f 5151 5150 5145
f 5145 5147 5144
f 5149 5151 5148
f 5148 5145 5146
f 5147 5148 5144
f 5147 5150 5148
f 2546 2548 2547
f 2549 2552 2551
f 2551 2546 2547
f 2552 2553 2548
f 2552 2549 2553
f 2547 2549 2550
f 2553 2549 2548
f 2548 2549 2547
f 2552 2546 2551
f 2552 2548 2546
f 2551 2547 2550
f 2549 2551 2550
f 3742 3744 3743
f 3744 3748 3747
f 3749 3745 3740
f 3750 3741 3742
f 3747 3751 3752
f 3750 3749 3740
f 3743 3751 3742
f 3753 3746 3747
f 3746 3753 3743
f 3746 3743 3744
f 3753 3747 3752
f 3752 3743 3753
f 3752 3751 3743
f 3750 3740 3741
f 3749 3750 3748
f 3748 3750 3747
f 3747 3750 3751
f 3750 3742 3751
f 3748 3745 3749
f 3745 3748 3744
f 3744 3747 3746
f 3740 3745 3741
f 3741 3744 3742
f 3741 3745 3744
f 882 884 883
f 885 883 884
f 881 882 886
f 885 886 882
f 881 886 885
f 881 885 884
f 885 882 883
f 881 884 882
f 4189 4191 4190
f 4191 4193 4192
f 4193 4191 4188
f 4192 4189 4190
f 4193 4188 4189
f 4193 4189 4192
f 4191 4192 4190
f 4188 4191 4189
f 3676 3678 3677
f 3679 3681 3680
f 3682 3680 3681
f 3682 3679 3680
f 3682 3683 3678
f 3683 3677 3678
f 3679 3683 3681
f 3679 3677 3683
f 3682 3678 3676
f 3677 3682 3676
f 3677 3679 3682
f 3682 3681 3683
f 6324 6326 6325
f 6327 6329 6328
f 6326 6324 6329
f 6325 6327 6328
f 6325 6328 6329
f 6325 6329 6324
f 6326 6327 6325
f 6326 6329 6327
f 136 137 138
f 136 138 140
f 138 137 141
f 135 141 137
f 136 142 135
f 139 140 141
f 139 141 142
f 139 142 136
f 142 141 135
f 138 141 140
f 136 140 139
f 135 137 136
f 3106 3109 3108
f 3110 3107 3108
f 3111 3109 3106
f 3106 3107 3110
f 3111 3110 3108
f 3111 3108 3109
f 3106 3110 3111
f 3106 3108 3107
f 2510 2513 2512
f 2515 2517 2516
f 2523 2522 2521
f 2517 2518 2522
f 2514 2511 2521
f 2524 2515 2516
f 2521 2518 2514
f 2520 2513 2515
f 2517 2523 2519
f 2525 2520 2524
f 2519 2520 2525
f 2517 2519 2516
f 2516 2519 2525
f 2512 2513 2520
f 2520 2515 2524
f 2522 2518 2521
f 2524 2516 2525
f 2510 2511 2514
f 2517 2522 2523
f 2519 2512 2520
f 2519 2523 2512
f 2512 2523 2521
f 2512 2521 2511
f 2514 2513 2510
f 2514 2517 2513
f 2514 2518 2517
f 2513 2517 2515
f 2510 2512 2511
f 2484 2486 2485
f 2487 2489 2488
f 2486 2488 2489
f 2486 2484 2487
f 2487 2485 2489
f 2484 2485 2487
f 2486 2487 2488
f 2486 2489 2485
f 585 588 587
f 588 591 590
f 585 594 593
f 595 589 590
f 589 592 586
f 594 591 593
f 593 588 585
f 594 595 596
f 591 588 593
f 590 594 596
f 590 591 594
f 589 586 587
f 592 589 595
f 595 590 596
f 592 595 586
f 586 595 585
f 585 595 594
f 590 589 587
f 588 590 587
f 585 587 586
f 2578 2580 2579
f 2581 2583 2582
f 2578 2579 2581
f 2580 2583 2581
f 2582 2580 2578
f 2583 2580 2582
f 2580 2581 2579
f 2578 2581 2582
f 421 423 422
f 424 423 421
f 421 422 424
f 422 423 424
f 5513 5516 5515
f 5513 5514 5519
f 5518 5523 5522
f 5516 5522 5523
f 5512 5518 5520
f 5519 5514 5515
f 5524 5520 5521
f 5517 5525 5521
f 5517 5524 5525
f 5512 5524 5517
f 5517 5522 5516
f 5517 5521 5522
f 5524 5521 5525
f 5519 5515 5523
f 5513 5518 5512
f 5512 5520 5524
f 5516 5523 5515
f 5522 5521 5520
f 5518 5522 5520
f 5518 5519 5523
f 5513 5519 5518
f 5512 5516 5513
f 5513 5515 5514
f 5512 5517 5516
f 3666 3668 3667
f 3669 3671 3670
f 3670 3673 3669
f 3667 3674 3672
f 3669 3673 3675
f 3675 3672 3674
f 3668 3675 3674
f 3668 3674 3667
f 3673 3672 3675
f 3671 3668 3666
f 3671 3669 3668
f 3668 3669 3675
f 3666 3670 3671
f 3666 3667 3670
f 3670 3667 3672
f 3672 3673 3670
f 130 129 133
f 131 130 134
f 127 128 129
f 127 132 128
f 132 133 129
f 131 133 132
f 134 133 131
f 132 129 128
f 131 132 127
f 127 129 130
f 127 130 131
f 130 133 134
f 3060 3062 3061
f 3064 3061 3062
f 3061 3065 3060
f 3064 3065 3063
f 3065 3062 3060
f 3064 3062 3065
f 3063 3065 3061
f 3063 3061 3064
f 2914 2916 2915
f 2916 2919 2918
f 2917 2918 2920
f 2921 2920 2918
f 2921 2916 2914
f 2920 2915 2917
f 2914 2915 2921
f 2921 2915 2920
f 2919 2916 2921
f 2921 2918 2919
f 2916 2918 2915
f 2915 2918 2917
f 5018 5020 5019
f 5021 5024 5023
f 5023 5025 5022
f 5024 5025 5023
f 5020 5021 5019
f 5021 5022 5025
f 5021 5018 5019
f 5021 5025 5018
f 5024 5021 5020
f 5018 5024 5020
f 5018 5025 5024
f 5021 5023 5022
f 333 335 334
f 337 335 333
f 338 336 337
f 334 337 333
f 338 335 336
f 334 335 338
f 338 337 334
f 336 335 337
f 3413 3415 3414
f 3417 3419 3418
f 3417 3422 3421
f 3418 3419 3423
f 3412 3425 3424
f 3424 3427 3426
f 3423 3414 3415
f 3426 3420 3421
f 3425 3416 3427
f 3420 3416 3417
f 3427 3416 3426
f 3426 3416 3420
f 3413 3416 3412
f 3412 3416 3425
f 3426 3421 3424
f 3419 3414 3423
f 3425 3427 3424
f 3421 3422 3423
f 3415 3421 3423
f 3415 3412 3421
f 3412 3424 3421
f 3418 3423 3422
f 3418 3422 3417
f 3417 3421 3420
f 3413 3417 3416
f 3413 3414 3417
f 3417 3414 3419
f 3412 3415 3413
f 2826 2829 2828
f 2830 2826 2827
f 2830 2827 2828
f 2828 2829 2831
f 2826 2831 2829
f 2830 2831 2826
f 2830 2828 2831
f 2826 2828 2827
f 5056 5058 5057
f 5059 5061 5060
f 5056 5063 5060
f 5065 5058 5062
f 5059 5063 5064
f 5059 5065 5062
f 5057 5064 5063
f 5057 5063 5056
f 5059 5062 5061
f 5060 5063 5059
f 5059 5064 5065
f 5057 5065 5064
f 5057 5058 5065
f 5058 5061 5062
f 5058 5056 5061
f 5061 5056 5060
f 1725 1717 1724
f 1720 1717 1718
f 1722 1721 1718
f 1723 1722 1726
f 1722 1720 1721
f 1719 1724 1717
f 1726 1724 1723
f 1725 1724 1726
f 1723 1724 1719
f 1719 1717 1720
f 1719 1720 1722
f 1719 1722 1723
f 1722 1725 1726
f 1722 1718 1725
f 1720 1718 1721
f 1718 1717 1725
f 3822 3824 3823
f 3824 3826 3823
f 3827 3826 3825
f 3824 3822 3827
f 3822 3823 3826
f 3822 3826 3827
f 3824 3827 3825
f 3825 3826 3824
f 3734 3736 3735
f 3735 3738 3737
f 3739 3737 3738
f 3734 3737 3739
f 3739 3735 3736
f 3738 3735 3739
f 3734 3739 3736
f 3735 3737 3734
f 6066 6070 6071
f 6068 6072 6073
f 6069 6066 6067
f 6067 6071 6072
f 6068 6073 6070
f 6072 6070 6073
f 6071 6070 6072
f 6068 6070 6069
f 6066 6071 6067
f 6069 6067 6068
f 6067 6072 6068
f 6069 6070 6066
f 3924 3926 3925
f 3924 3927 3926
f 3926 3927 3925
f 3925 3927 3924
f 2562 2566 2565
f 2567 2568 2563
f 2569 2571 2570
f 2577 2576 2575
f 2569 2570 2576
f 2575 2571 2572
f 2577 2568 2567
f 2565 2566 2573
f 2571 2576 2570
f 2573 2566 2562
f 2575 2576 2571
f 2573 2574 2572
f 2565 2573 2572
f 2577 2567 2569
f 2575 2572 2574
f 2569 2576 2577
f 2563 2568 2562
f 2562 2568 2573
f 2573 2568 2577
f 2573 2575 2574
f 2573 2577 2575
f 2565 2567 2564
f 2565 2572 2567
f 2567 2572 2569
f 2572 2571 2569
f 2567 2563 2564
f 2562 2564 2563
f 2562 2565 2564
f 321 324 323
f 325 327 326
f 328 330 329
f 326 331 328
f 322 325 321
f 330 328 331
f 331 327 332
f 327 325 329
f 327 330 332
f 327 329 330
f 326 327 331
f 330 331 332
f 329 325 322
f 326 323 324
f 326 328 323
f 328 322 323
f 328 329 322
f 325 324 321
f 325 326 324
f 321 323 322
f 7163 7165 7164
f 7166 7170 7169
f 7170 7172 7171
f 7168 7163 7173
f 7165 7172 7170
f 7165 7162 7171
f 7174 7175 7173
f 7173 7167 7168
f 7174 7166 7167
f 7174 7167 7175
f 7175 7167 7173
f 7174 7173 7164
f 7164 7173 7163
f 7165 7171 7172
f 7164 7166 7174
f 7164 7165 7166
f 7166 7165 7170
f 7171 7162 7169
f 7169 7162 7168
f 7168 7162 7163
f 7170 7171 7169
f 7166 7168 7167
f 7166 7169 7168
f 7162 7165 7163
f 4860 4862 4861
f 4863 4865 4864
f 4865 4861 4862
f 4864 4865 4862
f 4864 4867 4866
f 4860 4861 4866
f 4860 4866 4867
f 4864 4866 4863
f 4864 4860 4867
f 4864 4862 4860
f 4866 4861 4863
f 4863 4861 4865
f 125 120 126
f 120 121 124
f 119 121 120
f 123 124 121
f 119 123 122
f 125 126 124
f 125 124 123
f 125 123 119
f 123 121 122
f 122 121 119
f 120 124 126
f 119 120 125
f 3642 3645 3644
f 3642 3643 3646
f 3644 3645 3647
f 3646 3643 3644
f 3642 3646 3647
f 3642 3647 3645
f 3646 3644 3647
f 3642 3644 3643
f 1925 1927 1926
f 1925 1929 1927
f 1931 1925 1926
f 1931 1932 1930
f 1932 1931 1926
f 1930 1932 1929
f 1930 1929 1928
f 1926 1927 1929
f 1932 1926 1929
f 1928 1925 1930
f 1930 1925 1931
f 1928 1929 1925
f 3690 3692 3691
f 3693 3691 3692
f 3694 3695 3693
f 3695 3694 3692
f 3691 3695 3690
f 3693 3695 3691
f 3695 3692 3690
f 3693 3692 3694
f 5200 5202 5201
f 5203 5201 5202
f 5205 5202 5200
f 5205 5203 5204
f 5200 5203 5205
f 5201 5203 5200
f 5204 5202 5205
f 5203 5202 5204
f 3760 3762 3761
f 3762 3765 3764
f 3764 3765 3766
f 3766 3761 3762
f 3761 3763 3760
f 3765 3763 3767
f 3765 3767 3766
f 3767 3763 3761
f 3767 3761 3766
f 3766 3762 3764
f 3763 3765 3760
f 3760 3765 3762
f 5366 5369 5368
f 5370 5367 5368
f 5369 5371 5368
f 5366 5367 5370
f 5371 5366 5370
f 5369 5366 5371
f 5370 5368 5371
f 5366 5368 5367
f 2400 2399 2393
f 2400 2395 2401
f 2395 2397 2392
f 2397 2396 2393
f 2395 2396 2397
f 2399 2392 2393
f 2399 2400 2401
f 2399 2401 2398
f 2398 2392 2399
f 2394 2396 2395
f 2397 2393 2392
f 2392 2398 2401
f 2395 2392 2401
f 2394 2395 2400
f 2400 2393 2394
f 2394 2393 2396
f 896 899 898
f 901 903 902
f 905 898 899
f 905 907 906
f 897 902 906
f 895 908 900
f 903 901 897
f 908 899 900
f 910 906 907
f 895 896 909
f 895 909 910
f 909 906 910
f 905 899 908
f 903 897 904
f 904 897 898
f 907 895 910
f 907 908 895
f 906 909 896
f 897 906 896
f 897 901 902
f 905 906 904
f 904 902 903
f 905 908 907
f 904 906 902
f 904 898 905
f 895 899 896
f 896 898 897
f 895 900 899
f 2221 2223 2222
f 2224 2225 2223
f 2226 2223 2225
f 2227 2224 2220
f 2222 2226 2227
f 2224 2227 2226
f 2224 2226 2225
f 2222 2227 2221
f 2227 2220 2221
f 2222 2223 2226
f 2224 2223 2220
f 2220 2223 2221
f 1385 1387 1386
f 1388 1387 1385
f 1388 1385 1386
f 1386 1387 1388
f 3429 3431 3430
f 3432 3429 3430
f 3431 3433 3432
f 3433 3431 3428
f 3429 3433 3428
f 3432 3433 3429
f 3431 3432 3430
f 3428 3431 3429
f 1219 1222 1221
f 1220 1221 1223
f 1224 1223 1221
f 1224 1226 1219
f 1222 1219 1226
f 1224 1225 1226
f 1222 1226 1225
f 1219 1220 1223
f 1224 1219 1223
f 1224 1222 1225
f 1224 1221 1222
f 1219 1221 1220
f 3442 3444 3443
f 3445 3443 3444
f 3447 3445 3446
f 3447 3446 3444
f 3445 3442 3443
f 3447 3442 3445
f 3447 3444 3442
f 3445 3444 3446
f 353 355 354
f 356 359 358
f 356 355 353
f 360 358 359
f 358 355 357
f 354 359 356
f 360 359 354
f 354 356 353
f 354 358 360
f 354 355 358
f 357 355 356
f 356 358 357
f 6359 6361 6360
f 6362 6363 6359
f 6358 6363 6364
f 6365 6364 6363
f 6362 6360 6361
f 6364 6365 6361
f 6364 6361 6358
f 6362 6361 6365
f 6365 6363 6362
f 6359 6363 6358
f 6362 6359 6360
f 6358 6361 6359
f 5346 5348 5347
f 5349 5351 5350
f 5348 5349 5350
f 5346 5347 5350
f 5346 5349 5348
f 5351 5349 5346
f 5346 5350 5351
f 5348 5350 5347
f 5972 5974 5973
f 5973 5976 5975
f 5977 5975 5976
f 5976 5974 5972
f 5973 5975 5977
f 5973 5977 5972
f 5976 5972 5977
f 5974 5976 5973
f 888 890 889
f 891 893 889
f 890 887 894
f 891 892 894
f 893 888 889
f 888 894 887
f 891 888 893
f 891 894 888
f 890 894 892
f 891 890 892
f 891 889 890
f 887 890 888
f 7385 7383 7387
f 7387 7382 7386
f 7384 7382 7383
f 7384 7386 7382
f 7385 7387 7386
f 7385 7386 7384
f 7384 7383 7385
f 7383 7382 7387
f 6784 6786 6785
f 6787 6789 6788
f 6784 6785 6787
f 6786 6789 6787
f 6788 6789 6786
f 6788 6786 6784
f 6786 6787 6785
f 6784 6787 6788
f 7696 7698 7697
f 7699 7701 7700
f 7697 7699 7696
f 7700 7697 7698
f 7698 7699 7700
f 7696 7699 7698
f 7701 7697 7700
f 7701 7699 7697
f 5325 5327 5326
f 5328 5332 5331
f 5328 5334 5332
f 5331 5324 5325
f 5327 5333 5328
f 5327 5334 5333
f 5326 5337 5335
f 5330 5335 5337
f 5329 5337 5336
f 5330 5337 5329
f 5331 5335 5330
f 5336 5337 5326
f 5326 5335 5325
f 5324 5334 5327
f 5326 5329 5336
f 5326 5327 5329
f 5329 5327 5328
f 5332 5324 5331
f 5331 5325 5335
f 5332 5334 5324
f 5333 5334 5328
f 5328 5331 5329
f 5329 5331 5330
f 5324 5327 5325
f 3405 3407 3406
f 3405 3406 3409
f 3410 3407 3404
f 3410 3404 3405
f 3409 3407 3410
f 3411 3408 3409
f 3406 3407 3409
f 3409 3410 3411
f 3410 3408 3411
f 3410 3405 3408
f 3405 3409 3408
f 3404 3407 3405
f 667 670 669
f 667 668 671
f 672 669 670
f 667 672 670
f 669 671 668
f 672 671 669
f 671 672 667
f 667 669 668
f 2028 2030 2029
f 2031 2033 2032
f 2035 2031 2032
f 2035 2032 2033
f 2030 2033 2031
f 2035 2028 2029
f 2035 2029 2034
f 2030 2034 2029
f 2030 2031 2034
f 2035 2030 2028
f 2035 2033 2030
f 2034 2031 2035
f 6331 6333 6332
f 6334 6333 6330
f 6332 6335 6331
f 6331 6335 6334
f 6334 6332 6333
f 6335 6332 6334
f 6331 6334 6330
f 6330 6333 6331
f 5115 5117 5116
f 5117 5119 5118
f 5120 5123 5122
f 5127 5117 5114
f 5120 5128 5127
f 5125 5129 5122
f 5123 5119 5124
f 5126 5127 5128
f 5129 5125 5126
f 5128 5120 5121
f 5121 5122 5129
f 5121 5129 5131
f 5128 5121 5130
f 5130 5121 5131
f 5126 5130 5131
f 5129 5126 5131
f 5126 5128 5130
f 5118 5119 5123
f 5125 5123 5124
f 5125 5122 5123
f 5127 5114 5115
f 5120 5127 5115
f 5127 5126 5125
f 5124 5127 5125
f 5124 5119 5127
f 5119 5117 5127
f 5116 5120 5115
f 5116 5118 5120
f 5120 5118 5123
f 5120 5122 5121
f 5117 5118 5116
f 5114 5117 5115
f 5532 5534 5533
f 5532 5536 5535
f 5535 5536 5537
f 5535 5533 5534
f 5537 5532 5533
f 5536 5532 5537
f 5537 5533 5535
f 5532 5535 5534
f 2055 2057 2056
f 2059 2060 2055
f 2055 2060 2054
f 2058 2059 2061
f 2059 2056 2057
f 2060 2058 2061
f 2061 2057 2054
f 2060 2061 2054
f 2059 2057 2061
f 2058 2060 2059
f 2059 2055 2056
f 2054 2057 2055
f 5946 5948 5947
f 5949 5951 5950
f 5948 5950 5947
f 5948 5951 5949
f 5946 5950 5951
f 5947 5950 5946
f 5946 5951 5948
f 5949 5950 5948
f 3902 3905 3904
f 3903 3906 3902
f 3902 3907 3905
f 3903 3904 3907
f 3907 3904 3905
f 3903 3907 3906
f 3906 3907 3902
f 3902 3904 3903
f 1887 1889 1888
f 1891 1888 1889
f 1892 1890 1893
f 1887 1891 1889
f 1894 1892 1893
f 1894 1893 1890
f 1894 1890 1891
f 1894 1891 1892
f 1892 1891 1887
f 1888 1890 1887
f 1887 1890 1892
f 1890 1888 1891
f 5187 5189 5188
f 5188 5192 5191
f 5192 5193 5196
f 5190 5189 5186
f 5187 5196 5197
f 5196 5190 5197
f 5198 5188 5191
f 5191 5192 5194
f 5194 5198 5199
f 5195 5198 5194
f 5191 5194 5199
f 5187 5188 5198
f 5198 5191 5199
f 5193 5190 5196
f 5198 5195 5187
f 5187 5197 5186
f 5187 5195 5196
f 5190 5186 5197
f 5192 5195 5194
f 5192 5196 5195
f 5190 5188 5189
f 5190 5192 5188
f 5190 5193 5192
f 5186 5189 5187
f 693 695 694
f 696 698 697
f 695 697 699
f 694 700 698
f 700 697 698
f 700 694 695
f 700 695 699
f 699 697 700
f 694 696 693
f 694 698 696
f 696 697 693
f 693 697 695
f 556 558 557
f 559 555 556
f 560 559 556
f 557 558 560
f 558 559 560
f 555 559 558
f 560 556 557
f 555 558 556
f 5506 5508 5507
f 5509 5510 5507
f 5511 5506 5507
f 5506 5509 5508
f 5510 5509 5511
f 5511 5509 5506
f 5511 5507 5510
f 5509 5507 5508
f 3908 3911 3910
f 3911 3913 3912
f 3908 3909 3913
f 3911 3912 3910
f 3910 3913 3909
f 3912 3913 3910
f 3908 3913 3911
f 3908 3910 3909
f 4754 4756 4755
f 4757 4759 4758
f 4757 4760 4759
f 4760 4761 4758
f 4760 4754 4755
f 4761 4757 4758
f 4756 4757 4755
f 4755 4757 4761
f 4760 4755 4761
f 4760 4758 4759
f 4754 4757 4756
f 4754 4760 4757
f 597 600 599
f 601 602 597
f 597 602 603
f 604 601 598
f 600 603 604
f 603 602 601
f 603 601 604
f 600 604 599
f 604 598 599
f 597 603 600
f 601 597 598
f 597 599 598
f 5486 5489 5488
f 5491 5493 5492
f 5490 5487 5488
f 5492 5493 5488
f 5491 5494 5495
f 5486 5491 5495
f 5489 5486 5495
f 5489 5495 5494
f 5490 5486 5487
f 5490 5491 5486
f 5492 5494 5491
f 5492 5489 5494
f 5492 5488 5489
f 5490 5488 5493
f 5490 5493 5491
f 5486 5488 5487
f 295 299 300
f 296 301 302
f 298 295 296
f 295 300 301
f 298 302 299
f 301 299 302
f 300 299 301
f 297 302 298
f 295 301 296
f 298 296 297
f 296 302 297
f 298 299 295
f 620 622 621
f 622 619 624
f 625 621 626
f 624 619 620
f 625 626 623
f 622 626 621
f 623 626 622
f 625 623 624
f 624 620 625
f 620 621 625
f 622 624 623
f 619 622 620
f 7577 7579 7578
f 7579 7581 7580
f 7580 7582 7578
f 7578 7582 7583
f 7583 7580 7581
f 7581 7576 7577
f 7581 7577 7583
f 7582 7580 7583
f 7578 7583 7577
f 7580 7578 7579
f 7576 7581 7579
f 7576 7579 7577
f 4874 4877 4876
f 4878 4876 4877
f 4874 4875 4879
f 4879 4876 4878
f 4878 4874 4879
f 4877 4874 4878
f 4875 4876 4879
f 4874 4876 4875
f 4636 4639 4638
f 4639 4640 4638
f 4640 4639 4636
f 4641 4636 4637
f 4641 4637 4638
f 4641 4638 4640
f 4640 4636 4641
f 4636 4638 4637
f 4750 4752 4751
f 4750 4751 4753
f 4753 4752 4750
f 4751 4752 4753
f 5312 5314 5313
f 5315 5317 5316
f 5312 5313 5315
f 5314 5315 5313
f 5314 5316 5317
f 5312 5316 5314
f 5317 5315 5314
f 5312 5315 5316
f 4762 4764 4765
f 4766 4764 4762
f 4767 4766 4763
f 4762 4767 4763
f 4765 4764 4766
f 4765 4766 4767
f 4765 4767 4762
f 4766 4762 4763
f 5927 5929 5928
f 5930 5932 5931
f 5929 5931 5933
f 5928 5935 5927
f 5935 5930 5926
f 5934 5930 5935
f 5931 5932 5934
f 5931 5934 5933
f 5932 5930 5934
f 5935 5926 5927
f 5934 5935 5933
f 5933 5935 5928
f 5929 5933 5928
f 5930 5929 5926
f 5930 5931 5929
f 5926 5929 5927
f 615 617 616
f 617 618 616
f 617 615 618
f 615 616 618
f 7176 7178 7177
f 7179 7181 7180
f 7176 7180 7181
f 7176 7181 7179
f 7180 7177 7178
f 7180 7178 7179
f 7176 7179 7178
f 7177 7180 7176
f 7744 7746 7745
f 7747 7744 7748
f 7749 7747 7748
f 7747 7745 7746
f 7749 7744 7745
f 7748 7744 7749
f 7749 7745 7747
f 7746 7744 7747
f 1709 1710 1716
f 1716 1710 1711
f 1709 1711 1710
f 1712 1714 1711
f 1709 1713 1712
f 1713 1716 1714
f 1715 1716 1713
f 1715 1713 1709
f 1713 1714 1712
f 1712 1711 1709
f 1716 1711 1714
f 1709 1716 1715
f 4323 4326 4325
f 4326 4328 4327
f 4330 4327 4328
f 4323 4329 4330
f 4322 4331 4328
f 4322 4323 4330
f 4329 4325 4327
f 4324 4325 4329
f 4322 4330 4331
f 4322 4328 4326
f 4324 4329 4323
f 4329 4327 4330
f 4330 4328 4331
f 4326 4327 4325
f 4322 4326 4323
f 4323 4325 4324
f 2584 2587 2586
f 2587 2588 2586
f 2589 2584 2585
f 2586 2589 2585
f 2587 2584 2589
f 2587 2589 2588
f 2588 2589 2586
f 2584 2586 2585
f 5360 5362 5361
f 5363 5365 5364
f 5362 5364 5365
f 5363 5361 5362
f 5360 5361 5363
f 5360 5363 5364
f 5363 5362 5365
f 5360 5364 5362
f 7152 7156 7155
f 7158 7155 7156
f 7153 7160 7159
f 7153 7154 7160
f 7160 7154 7155
f 7161 7152 7159
f 7156 7157 7161
f 7156 7161 7158
f 7157 7152 7161
f 7159 7158 7161
f 7159 7160 7158
f 7158 7160 7155
f 7153 7159 7152
f 7155 7154 7153
f 7152 7155 7153
f 7152 7157 7156
f 4332 4334 4333
f 4336 4333 4334
f 4332 4337 4336
f 4337 4335 4336
f 4333 4335 4337
f 4333 4337 4332
f 4332 4336 4334
f 4335 4333 4336
f 5352 5356 5355
f 5354 5355 5357
f 5353 5358 5352
f 5359 5354 5357
f 5359 5352 5358
f 5357 5356 5359
f 5355 5356 5357
f 5356 5352 5359
f 5353 5354 5358
f 5358 5354 5359
f 5352 5354 5353
f 5352 5355 5354
f 367 369 368
f 370 372 371
f 372 367 371
f 369 374 368
f 372 370 374
f 370 371 367
f 370 368 374
f 370 367 368
f 372 374 373
f 373 374 369
f 369 372 373
f 369 367 372
f 1601 1603 1602
f 1604 1606 1605
f 1601 1606 1604
f 1604 1605 1602
f 1605 1606 1601
f 1605 1601 1602
f 1604 1602 1603
f 1601 1604 1603
f 1514 1516 1515
f 1514 1515 1518
f 1517 1513 1514
f 1517 1518 1516
f 1516 1518 1515
f 1517 1516 1513
f 1514 1518 1517
f 1513 1516 1514
f 1554 1556 1555
f 1554 1557 1553
f 1556 1557 1558
f 1558 1554 1555
f 1555 1556 1558
f 1557 1554 1558
f 1553 1557 1556
f 1553 1556 1554
f 5340 5342 5341
f 5341 5342 5343
f 5344 5339 5340
f 5340 5341 5343
f 5342 5345 5343
f 5338 5344 5345
f 5339 5344 5338
f 5338 5345 5342
f 5340 5345 5344
f 5340 5343 5345
f 5338 5342 5339
f 5339 5342 5340
f 1615 1618 1622
f 1615 1616 1617
f 1619 1616 1615
f 1617 1622 1618
f 1616 1620 1621
f 1619 1622 1621
f 1619 1621 1620
f 1616 1621 1617
f 1621 1622 1617
f 1620 1616 1619
f 1615 1617 1618
f 1615 1622 1619
f 5296 5285 5284
f 5294 5284 5285
f 5297 5286 5287
f 5286 5288 5289
f 5289 5290 5291
f 5291 5292 5295
f 5295 5293 5294
f 5284 5292 5290
f 5285 5291 5295
f 5298 5296 5297
f 5299 5296 5298
f 5298 5287 5299
f 5299 5287 5285
f 5285 5287 5289
f 5285 5295 5294
f 5285 5289 5291
f 5296 5286 5297
f 5296 5284 5286
f 5286 5284 5288
f 5284 5290 5288
f 5284 5293 5292
f 5292 5293 5295
f 5290 5292 5291
f 5288 5290 5289
f 5286 5289 5287
f 5297 5287 5298
f 5293 5284 5294
f 5299 5285 5296
f 4275 4277 4276
f 4279 4274 4280
f 4278 4279 4281
f 4273 4279 4278
f 4277 4281 4282
f 4275 4280 4274
f 4280 4281 4279
f 4282 4275 4276
f 4283 4275 4282
f 4282 4281 4283
f 4283 4281 4280
f 4283 4280 4275
f 4277 4282 4276
f 4278 4281 4277
f 4273 4274 4279
f 4273 4278 4274
f 4274 4277 4275
f 4274 4278 4277
f 5318 5320 5319
f 5321 5323 5322
f 5321 5318 5323
f 5318 5322 5323
f 5322 5319 5320
f 5322 5320 5321
f 5319 5322 5318
f 5320 5318 5321
f 3780 3782 3781
f 3780 3785 3784
f 3785 3786 3784
f 3786 3787 3781
f 3783 3786 3785
f 3787 3783 3780
f 3787 3780 3781
f 3787 3786 3783
f 3786 3781 3784
f 3784 3781 3782
f 3783 3785 3780
f 3780 3784 3782
f 7146 7148 7147
f 7149 7151 7150
f 7150 7147 7148
f 7146 7147 7150
f 7151 7149 7148
f 7151 7148 7146
f 7146 7150 7151
f 7150 7148 7149
f 4728 4730 4729
f 4731 4734 4733
f 4735 4733 4734
f 4731 4732 4729
f 4728 4731 4730
f 4733 4728 4729
f 4735 4728 4733
f 4733 4729 4732
f 4734 4731 4735
f 4735 4731 4728
f 4731 4729 4730
f 4731 4733 4732
f 5301 5303 5302
f 5304 5306 5305
f 5307 5308 5301
f 5301 5304 5300
f 5307 5305 5310
f 5308 5310 5311
f 5310 5305 5306
f 5311 5306 5304
f 5311 5304 5309
f 5310 5306 5311
f 5307 5310 5308
f 5308 5311 5309
f 5303 5305 5302
f 5302 5305 5307
f 5309 5304 5308
f 5308 5304 5301
f 5307 5301 5302
f 5305 5303 5300
f 5304 5305 5300
f 5300 5303 5301
f 7751 7753 7752
f 7750 7751 7754
f 7755 7751 7752
f 7755 7752 7753
f 7753 7754 7755
f 7750 7754 7753
f 7754 7751 7755
f 7750 7753 7751
f 7722 7724 7723
f 7725 7724 7726
f 7725 7726 7727
f 7724 7722 7727
f 7722 7725 7727
f 7723 7725 7722
f 7724 7727 7726
f 7723 7724 7725
f 4642 4644 4643
f 4645 4648 4647
f 4650 4646 4647
f 4651 4649 4650
f 4653 4648 4645
f 4651 4646 4649
f 4642 4653 4644
f 4647 4643 4651
f 4643 4647 4648
f 4652 4643 4648
f 4652 4642 4643
f 4647 4651 4650
f 4652 4653 4642
f 4653 4643 4644
f 4653 4645 4643
f 4643 4645 4651
f 4645 4646 4651
f 4652 4648 4653
f 4649 4646 4650
f 4645 4647 4646
f 4384 4386 4385
f 4386 4387 4385
f 4384 4387 4386
f 4387 4384 4385
f 3326 3329 3328
f 3329 3333 3332
f 3331 3336 3335
f 3332 3333 3337
f 3327 3338 3335
f 3337 3329 3326
f 3338 3334 3335
f 3327 3328 3330
f 3330 3334 3339
f 3331 3334 3330
f 3330 3339 3338
f 3327 3330 3338
f 3339 3334 3338
f 3333 3329 3337
f 3326 3336 3337
f 3326 3335 3336
f 3326 3327 3335
f 3332 3337 3336
f 3332 3336 3331
f 3331 3335 3334
f 3328 3331 3330
f 3328 3329 3331
f 3331 3329 3332
f 3326 3328 3327
f 7728 7730 7729
f 7730 7733 7732
f 7732 7733 7734
f 7729 7735 7728
f 7730 7735 7734
f 7735 7731 7732
f 7735 7732 7734
f 7728 7735 7730
f 7730 7734 7733
f 7731 7735 7729
f 7732 7731 7729
f 7730 7732 7729
f 3341 3343 3342
f 3344 3341 3342
f 3343 3345 3344
f 3340 3345 3343
f 3341 3345 3340
f 3344 3345 3341
f 3343 3344 3342
f 3340 3343 3341
f 7487 7490 7489
f 7486 7491 7490
f 7488 7493 7492
f 7490 7491 7493
f 7488 7492 7487
f 7487 7492 7493
f 7487 7491 7486
f 7487 7493 7491
f 7490 7493 7489
f 7489 7493 7488
f 7486 7490 7487
f 7487 7489 7488
f 7428 7430 7429
f 7431 7433 7432
f 7430 7428 7434
f 7435 7428 7429
f 7434 7431 7432
f 7435 7429 7430
f 7435 7433 7431
f 7435 7430 7433
f 7435 7431 7434
f 7434 7428 7435
f 7434 7432 7433
f 7430 7434 7433
f 2295 2292 2294
f 2297 2292 2293
f 2292 2298 2294
f 2299 2297 2293
f 2294 2299 2295
f 2296 2297 2299
f 2296 2299 2298
f 2298 2299 2294
f 2299 2293 2295
f 2296 2298 2292
f 2296 2292 2297
f 2293 2292 2295
f 5676 5679 5678
f 5676 5677 5680
f 5676 5680 5681
f 5681 5677 5678
f 5679 5681 5678
f 5680 5677 5681
f 5676 5681 5679
f 5676 5678 5677
f 4714 4717 4716
f 4716 4718 4715
f 4718 4716 4717
f 4718 4714 4715
f 4714 4719 4717
f 4719 4714 4718
f 4718 4717 4719
f 4714 4716 4715
f 4622 4625 4624
f 4626 4629 4628
f 4625 4626 4630
f 4630 4632 4631
f 4627 4628 4634
f 4634 4629 4625
f 4631 4633 4635
f 4631 4624 4630
f 4623 4635 4633
f 4623 4633 4622
f 4622 4633 4634
f 4623 4631 4635
f 4623 4624 4631
f 4632 4633 4631
f 4628 4629 4634
f 4634 4625 4622
f 4627 4634 4632
f 4632 4634 4633
f 4627 4632 4626
f 4626 4632 4630
f 4629 4626 4625
f 4625 4630 4624
f 4626 4628 4627
f 4622 4624 4623
f 4709 4711 4710
f 4712 4709 4710
f 4711 4712 4713
f 4710 4711 4713
f 4708 4709 4712
f 4708 4712 4711
f 4712 4710 4713
f 4708 4711 4709
f 7068 7072 7071
f 7073 7074 7072
f 7075 7077 7070
f 7069 7079 7078
f 7076 7073 7078
f 7072 7076 7071
f 7081 7077 7075
f 7070 7077 7081
f 7079 7080 7078
f 7081 7080 7079
f 7070 7079 7069
f 7070 7081 7079
f 7081 7075 7080
f 7074 7076 7072
f 7078 7080 7075
f 7076 7078 7075
f 7076 7074 7073
f 7078 7073 7068
f 7069 7078 7068
f 7075 7071 7076
f 7075 7070 7071
f 7073 7072 7068
f 7068 7071 7069
f 7069 7071 7070
f 1055 1057 1056
f 1058 1060 1059
f 1055 1059 1060
f 1055 1060 1058
f 1059 1056 1057
f 1059 1057 1058
f 1055 1058 1057
f 1056 1059 1055
f 1015 1017 1016
f 1020 1021 1011
f 1017 1024 1023
f 1023 1015 1016
f 1014 1025 1013
f 1012 1026 1020
f 1018 1028 1027
f 1019 1021 1030
f 1027 1021 1020
f 1015 1023 1024
f 1029 1027 1028
f 1029 1018 1019
f 1028 1018 1029
f 1030 1027 1029
f 1014 1015 1025
f 1025 1015 1026
f 1026 1015 1024
f 1027 1020 1022
f 1022 1026 1024
f 1027 1030 1021
f 1022 1020 1026
f 1011 1021 1019
f 1019 1030 1029
f 1018 1022 1017
f 1018 1027 1022
f 1025 1026 1013
f 1013 1026 1012
f 1022 1024 1017
f 1017 1023 1016
f 1020 1011 1012
f 1015 1013 1012
f 1011 1018 1012
f 1011 1019 1018
f 1013 1015 1014
f 1012 1018 1015
f 1018 1017 1015
f 1559 1561 1560
f 1560 1563 1559
f 1561 1563 1564
f 1563 1562 1564
f 1564 1560 1561
f 1562 1560 1564
f 1559 1563 1561
f 1562 1563 1560
f 7139 7142 7141
f 7138 7139 7143
f 7142 7144 7141
f 7143 7142 7138
f 7145 7143 7139
f 7144 7140 7141
f 7145 7140 7144
f 7145 7139 7140
f 7144 7143 7145
f 7144 7142 7143
f 7138 7142 7139
f 7139 7141 7140
f 7182 7184 7183
f 7185 7188 7187
f 7189 7185 7186
f 7187 7189 7186
f 7185 7183 7184
f 7188 7189 7187
f 7182 7189 7184
f 7184 7189 7188
f 7185 7184 7188
f 7183 7189 7182
f 7183 7185 7189
f 7185 7187 7186
f 3887 3889 3888
f 3890 3894 3893
f 3894 3895 3897
f 3898 3886 3887
f 3897 3895 3890
f 3894 3896 3900
f 3886 3901 3891
f 3899 3896 3897
f 3901 3890 3891
f 3893 3888 3889
f 3893 3889 3892
f 3900 3896 3899
f 3886 3892 3889
f 3886 3891 3892
f 3886 3898 3901
f 3893 3887 3888
f 3893 3900 3887
f 3893 3894 3900
f 3890 3901 3898
f 3899 3890 3898
f 3899 3897 3890
f 3898 3900 3899
f 3898 3887 3900
f 3894 3897 3896
f 3893 3892 3891
f 3890 3893 3891
f 3890 3895 3894
f 3886 3889 3887
f 1443 1445 1444
f 1446 1448 1447
f 1449 1443 1444
f 1446 1447 1449
f 1446 1443 1448
f 1445 1449 1444
f 1450 1449 1445
f 1445 1446 1450
f 1445 1443 1446
f 1446 1449 1450
f 1448 1443 1447
f 1447 1443 1449
f 2532 2534 2533
f 2535 2537 2536
f 2537 2533 2536
f 2533 2534 2535
f 2532 2537 2535
f 2532 2535 2534
f 2533 2535 2536
f 2532 2533 2537
f 2612 2616 2617
f 2615 2610 2611
f 2615 2616 2614
f 2612 2614 2616
f 2618 2620 2611
f 2615 2613 2617
f 2613 2619 2612
f 2618 2619 2621
f 2618 2621 2620
f 2621 2619 2613
f 2620 2621 2611
f 2611 2613 2615
f 2611 2621 2613
f 2618 2611 2610
f 2618 2610 2619
f 2619 2610 2612
f 2612 2610 2614
f 2617 2616 2615
f 2614 2610 2615
f 2612 2617 2613
f 6432 6431 6434
f 6431 6435 6434
f 6433 6430 6432
f 6430 6433 6435
f 6433 6434 6435
f 6432 6434 6433
f 6430 6435 6431
f 6430 6431 6432
f 1565 1568 1567
f 1566 1569 1565
f 1568 1570 1567
f 1569 1567 1570
f 1570 1568 1565
f 1570 1565 1569
f 1566 1567 1569
f 1565 1567 1566
f 2182 2184 2183
f 2185 2188 2187
f 2187 2189 2186
f 2190 2191 2188
f 2189 2190 2185
f 2191 2182 2183
f 2187 2188 2191
f 2187 2191 2184
f 2184 2191 2183
f 2189 2182 2190
f 2190 2182 2191
f 2189 2185 2186
f 2190 2188 2185
f 2182 2189 2184
f 2184 2189 2187
f 2185 2187 2186
f 5900 5902 5901
f 5903 5901 5902
f 5903 5904 5905
f 5902 5905 5904
f 5900 5901 5903
f 5900 5903 5905
f 5900 5905 5902
f 5903 5902 5904
f 4606 4608 4607
f 4607 4608 4609
f 4609 4608 4606
f 4606 4607 4609
f 6394 6396 6395
f 6397 6393 6398
f 6399 6401 6400
f 6394 6398 6393
f 6394 6401 6399
f 6400 6395 6396
f 6400 6392 6397
f 6396 6392 6400
f 6401 6395 6400
f 6395 6401 6394
f 6399 6398 6394
f 6399 6397 6398
f 6399 6400 6397
f 6392 6393 6397
f 6392 6394 6393
f 6392 6396 6394
f 1769 1771 1770
f 1770 1773 1772
f 1769 1772 1774
f 1772 1773 1774
f 1770 1774 1773
f 1771 1774 1770
f 1769 1774 1771
f 1770 1772 1769
f 3614 3612 3617
f 3612 3611 3613
f 3610 3615 3611
f 3615 3613 3611
f 3616 3617 3612
f 3614 3617 3616
f 3614 3616 3615
f 3616 3612 3613
f 3616 3613 3615
f 3614 3615 3610
f 3610 3611 3612
f 3610 3612 3614
f 1881 1883 1882
f 1881 1885 1884
f 1885 1881 1882
f 1884 1885 1886
f 1882 1884 1886
f 1883 1884 1882
f 1885 1882 1886
f 1881 1884 1883
f 2590 2592 2591
f 2593 2590 2591
f 2592 2590 2593
f 2591 2592 2593
f 5553 5555 5554
f 5554 5557 5556
f 5555 5559 5558
f 5553 5559 5552
f 5558 5557 5554
f 5557 5559 5556
f 5558 5559 5557
f 5558 5554 5555
f 5556 5559 5553
f 5552 5559 5555
f 5554 5556 5553
f 5552 5555 5553
f 6386 6388 6387
f 6388 6390 6389
f 6389 6390 6391
f 6389 6386 6387
f 6391 6390 6388
f 6391 6388 6386
f 6391 6386 6389
f 6388 6389 6387
f 1906 1908 1907
f 1910 1907 1908
f 1909 1910 1911
f 1907 1909 1911
f 1908 1911 1910
f 1912 1905 1906
f 1912 1908 1905
f 1912 1911 1908
f 1907 1912 1906
f 1907 1911 1912
f 1909 1907 1910
f 1905 1908 1906
f 6408 6410 6409
f 6409 6413 6412
f 6414 6411 6412
f 6410 6413 6409
f 6414 6410 6408
f 6415 6412 6413
f 6414 6412 6415
f 6415 6410 6414
f 6414 6408 6411
f 6415 6413 6410
f 6409 6412 6408
f 6408 6412 6411
f 4720 4722 4721
f 4723 4725 4724
f 4726 4723 4724
f 4720 4727 4722
f 4724 4722 4727
f 4725 4726 4720
f 4723 4726 4725
f 4725 4720 4721
f 4721 4724 4725
f 4721 4722 4724
f 4726 4727 4720
f 4726 4724 4727
f 1091 1094 1093
f 1095 1093 1096
f 1096 1094 1098
f 1100 1094 1091
f 1099 1097 1098
f 1096 1097 1099
f 1095 1100 1091
f 1095 1091 1092
f 1096 1100 1095
f 1096 1099 1100
f 1098 1100 1099
f 1098 1094 1100
f 1093 1094 1096
f 1096 1098 1097
f 1092 1093 1095
f 1091 1093 1092
f 7130 7132 7131
f 7134 7136 7135
f 7136 7132 7130
f 7135 7137 7134
f 7133 7130 7131
f 7132 7136 7133
f 7132 7133 7131
f 7137 7133 7134
f 7137 7130 7133
f 7136 7137 7135
f 7136 7130 7137
f 7133 7136 7134
f 7190 7192 7191
f 7193 7195 7194
f 7194 7195 7197
f 7198 7200 7199
f 7198 7194 7196
f 7198 7195 7193
f 7199 7191 7201
f 7196 7201 7191
f 7197 7201 7196
f 7196 7191 7192
f 7190 7191 7200
f 7200 7191 7199
f 7201 7197 7199
f 7199 7197 7198
f 7198 7197 7195
f 7192 7190 7200
f 7198 7196 7200
f 7198 7193 7194
f 7200 7196 7192
f 7194 7197 7196
f 4654 4657 4656
f 4655 4660 4659
f 4660 4661 4659
f 4659 4661 4656
f 4656 4661 4660
f 4657 4654 4658
f 4656 4660 4655
f 4656 4657 4658
f 4659 4656 4658
f 4655 4659 4654
f 4654 4659 4658
f 4654 4656 4655
f 1843 1845 1844
f 1846 1848 1847
f 1849 1848 1850
f 1846 1847 1849
f 1850 1845 1849
f 1850 1846 1843
f 1848 1846 1850
f 1850 1843 1844
f 1844 1845 1850
f 1849 1845 1843
f 1846 1849 1843
f 1847 1848 1849
f 4235 4237 4236
f 4235 4236 4239
f 4237 4239 4236
f 4234 4239 4237
f 4238 4234 4235
f 4238 4239 4234
f 4235 4239 4238
f 4234 4237 4235
f 7902 7904 7903
f 7905 7907 7906
f 7906 7907 7904
f 7906 7903 7905
f 7904 7907 7905
f 7904 7905 7903
f 7902 7903 7906
f 7906 7904 7902
f 7710 7712 7711
f 7710 7715 7714
f 7718 7715 7719
f 7712 7717 7718
f 7718 7711 7712
f 7715 7711 7719
f 7720 7708 7721
f 7709 7714 7716
f 7720 7721 7716
f 7720 7716 7717
f 7709 7721 7708
f 7709 7716 7721
f 7713 7708 7720
f 7710 7711 7715
f 7719 7711 7718
f 7720 7717 7713
f 7713 7717 7712
f 7716 7714 7717
f 7717 7715 7718
f 7717 7714 7715
f 7710 7714 7709
f 7708 7713 7709
f 7709 7713 7710
f 7710 7713 7712
f 1115 1117 1116
f 1118 1120 1119
f 1117 1119 1116
f 1115 1118 1117
f 1119 1115 1116
f 1120 1115 1119
f 1120 1118 1115
f 1118 1119 1117
f 4662 4665 4664
f 4666 4668 4667
f 4665 4662 4666
f 4668 4669 4667
f 4669 4666 4662
f 4669 4663 4664
f 4669 4664 4667
f 4668 4666 4669
f 4669 4662 4663
f 4666 4664 4665
f 4666 4667 4664
f 4662 4664 4663
f 5475 5470 5471
f 5474 5475 5471
f 5472 5473 5475
f 5476 5477 5470
f 5478 5476 5472
f 5477 5471 5470
f 5476 5479 5477
f 5478 5479 5476
f 5479 5471 5477
f 5478 5472 5474
f 5470 5473 5472
f 5476 5470 5472
f 5472 5475 5474
f 5474 5471 5478
f 5478 5471 5479
f 5473 5470 5475
f 2650 2653 2652
f 2654 2650 2651
f 2655 2652 2653
f 2655 2650 2654
f 2652 2655 2654
f 2652 2654 2651
f 2653 2650 2655
f 2650 2652 2651
f 303 305 304
f 306 304 305
f 304 306 303
f 303 306 305
f 6062 6060 6061
f 6063 6061 6060
f 6062 6061 6063
f 6064 6060 6065
f 6065 6062 6063
f 6065 6063 6064
f 6063 6060 6064
f 6065 6060 6062
f 6747 6741 6746
f 6740 6742 6741
f 6745 6742 6743
f 6742 6746 6741
f 6747 6745 6743
f 6745 6746 6744
f 6747 6746 6745
f 6747 6743 6740
f 6744 6746 6742
f 6744 6742 6745
f 6743 6742 6740
f 6740 6741 6747
f 5105 5107 5106
f 5108 5105 5106
f 5109 5111 5110
f 5110 5106 5107
f 5109 5113 5112
f 5105 5113 5104
f 5104 5113 5109
f 5104 5110 5107
f 5104 5109 5110
f 5112 5105 5108
f 5112 5113 5105
f 5109 5112 5111
f 5112 5108 5111
f 5111 5108 5110
f 5110 5108 5106
f 5104 5107 5105
f 1081 1085 1084
f 1084 1087 1083
f 1083 1088 1082
f 1085 1081 1090
f 1082 1090 1081
f 1087 1090 1088
f 1089 1084 1085
f 1086 1084 1089
f 1089 1087 1086
f 1089 1090 1087
f 1088 1090 1082
f 1085 1090 1089
f 1087 1088 1083
f 1086 1087 1084
f 1081 1083 1082
f 1081 1084 1083
f 158 160 159
f 157 162 161
f 160 157 161
f 160 163 164
f 159 162 158
f 161 162 164
f 161 164 163
f 164 162 159
f 160 164 159
f 160 161 163
f 158 162 157
f 157 160 158
f 4744 4746 4745
f 4748 4745 4746
f 4748 4744 4749
f 4745 4747 4749
f 4749 4747 4748
f 4745 4749 4744
f 4746 4744 4748
f 4747 4745 4748
f 5172 5174 5173
f 5171 5176 5175
f 5177 5173 5174
f 5170 5171 5175
f 5176 5177 5179
f 5176 5178 5175
f 5178 5177 5174
f 5179 5177 5178
f 5178 5174 5170
f 5179 5178 5176
f 5173 5177 5172
f 5172 5177 5176
f 5170 5175 5178
f 5172 5176 5171
f 5170 5174 5171
f 5171 5174 5172
f 415 417 416
f 418 420 419
f 419 415 418
f 420 415 416
f 419 416 417
f 420 416 419
f 418 415 420
f 417 415 419
f 4096 4098 4097
f 4098 4100 4099
f 4094 4100 4098
f 4095 4101 4094
f 4097 4099 4096
f 4100 4096 4099
f 4095 4096 4101
f 4101 4096 4100
f 4101 4100 4094
f 4098 4099 4097
f 4094 4096 4095
f 4094 4098 4096
f 1477 1481 1480
f 1483 1481 1484
f 1479 1486 1485
f 1484 1481 1482
f 1483 1477 1486
f 1486 1477 1478
f 1478 1479 1485
f 1486 1478 1485
f 1482 1477 1484
f 1484 1477 1483
f 1483 1486 1480
f 1480 1486 1479
f 1480 1481 1483
f 1477 1479 1478
f 1477 1480 1479
f 1477 1482 1481
f 4305 4308 4307
f 4310 4304 4305
f 4307 4311 4306
f 4304 4309 4308
f 4307 4310 4311
f 4310 4306 4311
f 4305 4306 4310
f 4309 4310 4308
f 4308 4310 4307
f 4309 4304 4310
f 4304 4308 4305
f 4305 4307 4306
f 1543 1546 1545
f 1545 1546 1548
f 1543 1548 1546
f 1547 1548 1549
f 1550 1543 1544
f 1550 1551 1549
f 1551 1545 1547
f 1544 1551 1552
f 1544 1545 1551
f 1552 1551 1550
f 1550 1544 1552
f 1547 1549 1551
f 1549 1543 1550
f 1549 1548 1543
f 1545 1548 1547
f 1543 1545 1544
f 5230 5232 5231
f 5231 5232 5234
f 5235 5233 5234
f 5231 5233 5235
f 5234 5230 5235
f 5232 5230 5234
f 5231 5235 5230
f 5231 5234 5233
f 5464 5465 5469
f 5464 5463 5465
f 5462 5467 5463
f 5464 5466 5462
f 5467 5465 5463
f 5468 5469 5467
f 5468 5467 5466
f 5469 5465 5467
f 5468 5466 5464
f 5466 5467 5462
f 5462 5463 5464
f 5464 5469 5468
f 5952 5956 5955
f 5959 5952 5953
f 5960 5954 5955
f 5958 5963 5962
f 5956 5963 5961
f 5959 5953 5954
f 5958 5962 5957
f 5963 5956 5957
f 5963 5957 5962
f 5958 5957 5952
f 5959 5954 5960
f 5956 5961 5955
f 5960 5958 5959
f 5960 5961 5958
f 5958 5961 5963
f 5960 5955 5961
f 5958 5952 5959
f 5952 5954 5953
f 5952 5955 5954
f 5952 5957 5956
f 7703 7705 7704
f 7706 7702 7703
f 7706 7707 7705
f 7704 7705 7707
f 7707 7706 7703
f 7707 7703 7704
f 7706 7705 7702
f 7702 7705 7703
f 5180 5182 5181
f 5183 5182 5180
f 5185 5183 5184
f 5180 5185 5184
f 5181 5183 5185
f 5182 5183 5181
f 5181 5185 5180
f 5183 5180 5184
f 7684 7687 7686
f 7688 7690 7689
f 7688 7692 7691
f 7691 7694 7693
f 7685 7693 7690
f 7694 7691 7692
f 7689 7693 7694
f 7692 7689 7695
f 7688 7689 7692
f 7690 7693 7689
f 7689 7694 7695
f 7694 7692 7695
f 7685 7690 7684
f 7691 7685 7686
f 7691 7693 7685
f 7688 7686 7687
f 7688 7691 7686
f 7684 7688 7687
f 7684 7690 7688
f 7684 7686 7685
f 2137 2139 2138
f 2140 2142 2141
f 2142 2145 2144
f 2140 2143 2142
f 2144 2145 2138
f 2141 2139 2136
f 2138 2140 2137
f 2143 2138 2145
f 2143 2140 2138
f 2144 2139 2141
f 2144 2138 2139
f 2143 2145 2142
f 2142 2144 2141
f 2141 2136 2137
f 2140 2141 2137
f 2136 2139 2137
f 7540 7543 7542
f 7544 7547 7546
f 7540 7544 7545
f 7549 7546 7547
f 7549 7547 7544
f 7549 7541 7542
f 7548 7545 7546
f 7543 7548 7542
f 7543 7545 7548
f 7549 7542 7548
f 7549 7540 7541
f 7549 7544 7540
f 7548 7546 7549
f 7540 7545 7543
f 7544 7546 7545
f 7540 7542 7541
f 5872 5874 5873
f 5872 5876 5875
f 5877 5875 5876
f 5872 5873 5877
f 5873 5874 5875
f 5873 5875 5877
f 5872 5877 5876
f 5872 5875 5874
f 7736 7738 7737
f 7739 7741 7740
f 7736 7737 7741
f 7743 7739 7740
f 7738 7743 7740
f 7743 7736 7742
f 7738 7736 7743
f 7738 7741 7737
f 7738 7740 7741
f 7742 7739 7743
f 7736 7739 7742
f 7736 7741 7739
f 4855 4857 4856
f 4858 4854 4855
f 4856 4857 4859
f 4857 4854 4858
f 4855 4856 4859
f 4855 4859 4858
f 4857 4858 4859
f 4854 4857 4855
f 5586 5588 5587
f 5589 5587 5588
f 5589 5590 5591
f 5586 5589 5591
f 5588 5591 5590
f 5586 5591 5588
f 5587 5589 5586
f 5589 5588 5590
f 1156 1158 1157
f 1160 1162 1161
f 1161 1156 1157
f 1160 1155 1159
f 1155 1156 1162
f 1161 1158 1160
f 1157 1158 1161
f 1155 1162 1159
f 1158 1155 1160
f 1162 1156 1161
f 1159 1162 1160
f 1155 1158 1156
f 7628 7630 7629
f 7629 7632 7631
f 7632 7633 7631
f 7629 7633 7628
f 7632 7628 7633
f 7630 7628 7632
f 7631 7633 7629
f 7630 7632 7629
f 242 241 246
f 244 241 242
f 243 250 247
f 243 244 252
f 245 246 247
f 247 251 248
f 248 244 242
f 250 249 252
f 250 252 251
f 251 244 248
f 248 242 245
f 251 252 244
f 250 251 247
f 245 247 248
f 243 252 249
f 247 246 241
f 243 247 241
f 243 249 250
f 243 241 244
f 242 246 245
f 3957 3955 3949
f 3949 3948 3951
f 3953 3950 3952
f 3954 3948 3949
f 3951 3956 3950
f 3950 3957 3952
f 3954 3957 3956
f 3955 3957 3954
f 3956 3957 3950
f 3954 3956 3948
f 3948 3956 3951
f 3954 3949 3955
f 3951 3950 3953
f 3949 3951 3953
f 3957 3953 3952
f 3957 3949 3953
f 1061 1064 1063
f 1063 1067 1066
f 1067 1069 1068
f 1071 1061 1072
f 1070 1068 1069
f 1067 1063 1064
f 1071 1066 1068
f 1065 1061 1062
f 1072 1061 1065
f 1065 1066 1072
f 1072 1066 1071
f 1067 1070 1069
f 1067 1064 1070
f 1071 1068 1070
f 1064 1071 1070
f 1064 1061 1071
f 1067 1068 1066
f 1063 1065 1062
f 1063 1066 1065
f 1061 1063 1062
f 1579 1581 1580
f 1581 1584 1583
f 1585 1584 1582
f 1586 1583 1584
f 1581 1583 1586
f 1579 1580 1586
f 1579 1585 1582
f 1579 1586 1585
f 1581 1586 1580
f 1586 1584 1585
f 1582 1584 1579
f 1579 1584 1581
f 1074 1076 1075
f 1077 1078 1076
f 1075 1076 1078
f 1074 1075 1079
f 1077 1074 1080
f 1080 1079 1078
f 1080 1078 1077
f 1073 1074 1077
f 1074 1079 1080
f 1075 1078 1079
f 1077 1076 1073
f 1073 1076 1074
f 1895 1898 1897
f 1898 1899 1897
f 1899 1900 1896
f 1900 1895 1896
f 1899 1895 1900
f 1898 1895 1899
f 1899 1896 1897
f 1895 1897 1896
f 1487 1490 1489
f 1490 1493 1492
f 1491 1496 1493
f 1497 1492 1493
f 1498 1496 1494
f 1495 1487 1488
f 1488 1494 1495
f 1492 1489 1490
f 1498 1492 1497
f 1498 1489 1492
f 1498 1494 1489
f 1489 1494 1488
f 1491 1487 1495
f 1497 1496 1498
f 1497 1493 1496
f 1494 1491 1495
f 1494 1496 1491
f 1491 1490 1487
f 1491 1493 1490
f 1487 1489 1488
f 291 290 287
f 293 288 289
f 289 287 290
f 292 287 288
f 293 289 290
f 293 291 292
f 294 291 293
f 293 290 294
f 291 287 292
f 288 287 289
f 292 288 293
f 294 290 291
f 7680 7682 7681
f 7683 7681 7682
f 7682 7680 7683
f 7683 7680 7681
f 1504 1503 1502
f 1507 1509 1508
f 1506 1501 1505
f 1501 1502 1510
f 1506 1511 1499
f 1511 1504 1499
f 1511 1508 1509
f 1509 1502 1503
f 1507 1508 1512
f 1510 1502 1509
f 1509 1503 1504
f 1511 1509 1504
f 1511 1512 1508
f 1499 1500 1506
f 1507 1511 1506
f 1507 1512 1511
f 1501 1510 1505
f 1500 1501 1506
f 1505 1510 1506
f 1506 1509 1507
f 1506 1510 1509
f 1499 1504 1500
f 1500 1504 1501
f 1501 1504 1502
f 6366 6370 6369
f 6372 6369 6370
f 6371 6368 6369
f 6377 6376 6374
f 6374 6376 6373
f 6375 6367 6377
f 6368 6377 6367
f 6372 6370 6366
f 6372 6366 6375
f 6376 6377 6373
f 6373 6377 6368
f 6366 6367 6375
f 6375 6371 6372
f 6375 6377 6371
f 6371 6377 6374
f 6373 6368 6374
f 6374 6368 6371
f 6371 6369 6372
f 6369 6368 6367
f 6366 6369 6367
f 1757 1759 1758
f 1760 1757 1758
f 1759 1757 1760
f 1760 1758 1759
f 1007 1009 1008
f 1010 1009 1007
f 1008 1010 1007
f 1010 1008 1009
f 5042 5044 5043
f 5045 5047 5046
f 5049 5045 5046
f 5046 5047 5049
f 5044 5048 5043
f 5048 5049 5047
f 5048 5042 5043
f 5048 5047 5042
f 5045 5048 5044
f 5048 5045 5049
f 5042 5045 5044
f 5042 5047 5045
f 7598 7600 7599
f 7598 7602 7601
f 7602 7603 7601
f 7602 7599 7600
f 7600 7598 7601
f 7600 7601 7603
f 7602 7600 7603
f 7599 7602 7598
f 3876 3874 3875
f 3881 3876 3877
f 3884 3877 3875
f 3880 3879 3881
f 3882 3874 3876
f 3880 3882 3878
f 3883 3875 3874
f 3882 3885 3883
f 3884 3885 3882
f 3885 3875 3883
f 3884 3882 3880
f 3876 3879 3878
f 3882 3876 3878
f 3882 3883 3874
f 3878 3879 3880
f 3880 3877 3884
f 3884 3875 3885
f 3880 3881 3877
f 3879 3876 3881
f 3876 3875 3877
f 7510 7512 7511
f 7513 7511 7512
f 7512 7510 7513
f 7513 7510 7511
f 2656 2658 2657
f 2659 2657 2658
f 2658 2656 2659
f 2659 2656 2657
f 1762 1764 1763
f 1763 1766 1762
f 1764 1765 1763
f 1764 1768 1767
f 1766 1768 1761
f 1768 1765 1767
f 1766 1765 1768
f 1766 1761 1762
f 1761 1768 1764
f 1767 1765 1764
f 1765 1766 1763
f 1761 1764 1762
f 7120 7119 7116
f 7121 7117 7118
f 7117 7116 7119
f 7120 7116 7117
f 7123 7118 7119
f 7123 7120 7121
f 7123 7121 7122
f 7122 7118 7123
f 7120 7117 7121
f 7117 7119 7118
f 7121 7118 7122
f 7123 7119 7120
f 15 10 14
f 16 9 15
f 13 12 16
f 12 10 9
f 13 14 10
f 16 14 13
f 15 14 16
f 13 10 11
f 11 10 12
f 11 12 13
f 12 9 16
f 9 10 15
f 4610 4612 4611
f 4613 4616 4615
f 4617 4619 4618
f 4617 4610 4611
f 4615 4616 4618
f 4618 4619 4621
f 4611 4619 4620
f 4610 4617 4613
f 4610 4614 4612
f 4610 4613 4614
f 4615 4612 4614
f 4615 4621 4612
f 4612 4621 4619
f 4612 4619 4611
f 4615 4618 4621
f 4617 4611 4620
f 4618 4616 4613
f 4617 4618 4613
f 4617 4620 4619
f 4613 4615 4614
f 3016 3018 3017
f 3019 3021 3020
f 3019 3016 3017
f 3021 3016 3020
f 3019 3018 3021
f 3017 3018 3019
f 3018 3016 3021
f 3020 3016 3019
f 4678 4680 4679
f 4681 4683 4682
f 4681 4685 4684
f 4678 4684 4685
f 4683 4685 4682
f 4679 4684 4678
f 4681 4684 4683
f 4683 4684 4679
f 4680 4685 4679
f 4679 4685 4683
f 4678 4685 4680
f 4682 4685 4681
f 1241 1245 1244
f 1246 1250 1249
f 1246 1244 1245
f 1248 1249 1241
f 1247 1242 1243
f 1249 1245 1241
f 1246 1247 1243
f 1246 1243 1244
f 1250 1245 1249
f 1248 1242 1247
f 1248 1241 1242
f 1246 1245 1250
f 1246 1248 1247
f 1246 1249 1248
f 1244 1243 1242
f 1241 1244 1242
f 5568 5570 5569
f 5571 5574 5573
f 5570 5575 5571
f 5567 5568 5573
f 5576 5579 5577
f 5572 5568 5569
f 5571 5575 5578
f 5579 5576 5570
f 5567 5577 5579
f 5567 5579 5566
f 5579 5570 5566
f 5571 5578 5574
f 5573 5568 5572
f 5576 5577 5575
f 5575 5577 5578
f 5577 5567 5578
f 5578 5567 5574
f 5574 5567 5573
f 5570 5572 5569
f 5570 5571 5572
f 5570 5576 5575
f 5571 5573 5572
f 5566 5570 5567
f 5567 5570 5568
f 1870 1872 1871
f 1871 1876 1875
f 1872 1877 1876
f 1878 1874 1875
f 1869 1870 1873
f 1877 1875 1876
f 1878 1879 1873
f 1869 1880 1877
f 1879 1880 1869
f 1869 1877 1872
f 1880 1879 1878
f 1878 1873 1874
f 1878 1877 1880
f 1878 1875 1877
f 1869 1873 1879
f 1872 1876 1871
f 1870 1874 1873
f 1870 1875 1874
f 1870 1871 1875
f 1869 1872 1870
f 3918 3920 3919
f 3921 3919 3922
f 3921 3920 3918
f 3921 3922 3923
f 3919 3920 3923
f 3919 3923 3922
f 3923 3920 3921
f 3918 3919 3921
f 1830 1832 1831
f 1835 1837 1836
f 1838 1833 1839
f 1836 1831 1832
f 1839 1841 1840
f 1829 1841 1834
f 1840 1841 1829
f 1830 1837 1838
f 1840 1842 1838
f 1840 1838 1839
f 1831 1836 1830
f 1830 1838 1842
f 1830 1836 1837
f 1840 1830 1842
f 1840 1829 1830
f 1829 1835 1832
f 1829 1834 1835
f 1834 1841 1833
f 1833 1841 1839
f 1836 1832 1835
f 1837 1833 1838
f 1833 1837 1834
f 1834 1837 1835
f 1829 1832 1830
f 1529 1531 1530
f 1528 1534 1533
f 1535 1537 1536
f 1536 1540 1533
f 1532 1537 1535
f 1531 1542 1530
f 1541 1538 1539
f 1539 1534 1529
f 1536 1527 1540
f 1533 1540 1527
f 1533 1527 1528
f 1532 1536 1537
f 1532 1527 1536
f 1539 1530 1542
f 1539 1529 1530
f 1541 1539 1542
f 1541 1542 1531
f 1531 1538 1541
f 1531 1535 1538
f 1531 1532 1535
f 1534 1539 1538
f 1535 1534 1538
f 1535 1533 1534
f 1536 1533 1535
f 1529 1534 1528
f 1527 1532 1528
f 1528 1531 1529
f 1528 1532 1531
f 5655 5657 5656
f 5654 5659 5657
f 5659 5661 5660
f 5662 5655 5656
f 5662 5661 5663
f 5659 5658 5663
f 5654 5655 5662
f 5654 5663 5658
f 5654 5662 5663
f 5659 5663 5661
f 5660 5661 5662
f 5662 5656 5660
f 5660 5656 5657
f 5659 5660 5657
f 5658 5659 5654
f 5654 5657 5655
f 1129 1132 1131
f 1133 1135 1129
f 1136 1138 1135
f 1133 1134 1137
f 1138 1136 1131
f 1130 1136 1137
f 1129 1135 1138
f 1129 1138 1132
f 1131 1136 1130
f 1130 1137 1134
f 1138 1131 1132
f 1136 1133 1137
f 1136 1135 1133
f 1133 1130 1134
f 1133 1129 1130
f 1129 1131 1130
f 1587 1589 1588
f 1590 1588 1589
f 1590 1589 1587
f 1590 1587 1588
f 1467 1469 1468
f 1470 1472 1471
f 1468 1471 1472
f 1468 1470 1467
f 1471 1469 1467
f 1471 1467 1470
f 1472 1470 1468
f 1469 1471 1468
f 1360 1362 1361
f 1359 1364 1363
f 1364 1362 1363
f 1363 1362 1359
f 1360 1361 1364
f 1361 1362 1364
f 1360 1364 1359
f 1359 1362 1360
f 7820 7823 7822
f 7821 7822 7824
f 7825 7821 7824
f 7820 7825 7823
f 7822 7823 7825
f 7822 7825 7824
f 7820 7821 7825
f 7820 7822 7821
f 7665 7667 7666
f 7670 7672 7671
f 7670 7667 7664
f 7672 7666 7671
f 7664 7665 7673
f 7671 7666 7667
f 7673 7672 7668
f 7671 7667 7670
f 7664 7668 7669
f 7664 7673 7668
f 7665 7672 7673
f 7665 7666 7672
f 7670 7664 7669
f 7668 7672 7669
f 7669 7672 7670
f 7664 7667 7665
f 254 256 255
f 258 260 259
f 257 261 253
f 258 256 253
f 262 259 260
f 261 257 258
f 256 262 255
f 260 254 255
f 262 260 255
f 259 256 258
f 258 253 261
f 259 262 256
f 257 254 260
f 257 253 254
f 257 260 258
f 253 256 254
f 5444 5446 5445
f 5447 5449 5448
f 5446 5451 5450
f 5449 5450 5451
f 5450 5444 5445
f 5444 5448 5449
f 5444 5449 5446
f 5446 5449 5451
f 5448 5450 5447
f 5448 5444 5450
f 5447 5450 5449
f 5446 5450 5445
f 4212 4214 4213
f 4215 4218 4217
f 4216 4217 4219
f 4220 4213 4214
f 4214 4212 4221
f 4213 4221 4212
f 4218 4215 4221
f 4218 4221 4220
f 4220 4221 4213
f 4219 4215 4216
f 4219 4221 4215
f 4219 4214 4221
f 4218 4219 4217
f 4218 4220 4219
f 4219 4220 4214
f 4215 4217 4216
f 59 61 60
f 62 61 63
f 64 62 63
f 61 64 63
f 62 59 60
f 64 59 62
f 59 64 61
f 60 61 62
f 5206 5209 5208
f 5207 5212 5211
f 5210 5214 5213
f 5213 5209 5206
f 5209 5213 5214
f 5215 5211 5212
f 5215 5212 5207
f 5215 5207 5208
f 5214 5211 5215
f 5209 5215 5208
f 5209 5214 5215
f 5213 5206 5210
f 5211 5214 5210
f 5207 5210 5206
f 5207 5211 5210
f 5206 5208 5207
f 1271 1273 1272
f 1274 1273 1271
f 1273 1274 1272
f 1274 1271 1272
f 1735 1739 1738
f 1741 1744 1743
f 1743 1735 1736
f 1741 1738 1739
f 1736 1737 1742
f 1740 1739 1735
f 1737 1738 1741
f 1737 1741 1742
f 1740 1735 1744
f 1736 1742 1743
f 1741 1739 1740
f 1744 1735 1743
f 1740 1744 1741
f 1741 1743 1742
f 1738 1737 1736
f 1735 1738 1736
f 4151 4153 4152
f 4155 4157 4156
f 4150 4151 4158
f 4159 4156 4157
f 4156 4159 4155
f 4152 4155 4159
f 4157 4154 4152
f 4157 4152 4153
f 4159 4158 4151
f 4152 4159 4151
f 4152 4154 4155
f 4158 4159 4150
f 4150 4159 4153
f 4153 4159 4157
f 4154 4157 4155
f 4150 4153 4151
f 1745 1747 1746
f 1748 1750 1749
f 1748 1747 1745
f 1750 1746 1747
f 1750 1748 1745
f 1750 1745 1746
f 1750 1747 1749
f 1749 1747 1748
f 5665 5667 5666
f 5670 5672 5671
f 5666 5667 5669
f 5669 5667 5664
f 5673 5675 5672
f 5670 5671 5674
f 5666 5671 5672
f 5668 5664 5665
f 5668 5675 5673
f 5668 5665 5675
f 5672 5675 5665
f 5666 5672 5665
f 5666 5674 5671
f 5669 5664 5668
f 5666 5670 5674
f 5666 5669 5670
f 5668 5672 5669
f 5669 5672 5670
f 5668 5673 5672
f 5664 5667 5665
f 6769 6771 6770
f 6772 6768 6769
f 6775 6770 6771
f 6774 6773 6769
f 6775 6768 6772
f 6772 6774 6775
f 6773 6774 6772
f 6771 6768 6775
f 6774 6769 6770
f 6774 6770 6775
f 6772 6769 6773
f 6768 6771 6769
f 3768 3770 3769
f 3771 3773 3772
f 3770 3768 3771
f 3769 3772 3773
f 3771 3768 3769
f 3771 3769 3773
f 3770 3772 3769
f 3770 3771 3772
f 7856 7853 7857
f 7852 7851 7853
f 7854 7855 7851
f 7852 7854 7850
f 7851 7857 7853
f 7854 7857 7855
f 7856 7857 7854
f 7855 7857 7851
f 7856 7854 7852
f 7854 7851 7850
f 7850 7851 7852
f 7852 7853 7856
f 1607 1609 1608
f 1610 1612 1611
f 1611 1608 1609
f 1612 1610 1614
f 1611 1614 1610
f 1608 1613 1614
f 1608 1614 1607
f 1607 1611 1609
f 1607 1614 1611
f 1612 1614 1613
f 1613 1611 1612
f 1613 1608 1611
f 1452 1454 1453
f 1455 1458 1457
f 1456 1457 1459
f 1460 1453 1454
f 1460 1455 1452
f 1455 1456 1459
f 1460 1454 1451
f 1458 1459 1457
f 1458 1460 1459
f 1459 1460 1451
f 1455 1451 1452
f 1455 1459 1451
f 1458 1455 1460
f 1460 1452 1453
f 1455 1457 1456
f 1451 1454 1452
f 405 408 407
f 411 413 412
f 406 412 413
f 407 408 410
f 409 408 405
f 412 406 407
f 409 414 413
f 412 407 411
f 410 408 409
f 409 405 414
f 407 410 411
f 413 414 405
f 406 413 405
f 409 413 410
f 410 413 411
f 405 407 406
f 2130 2133 2132
f 2130 2131 2134
f 2132 2133 2135
f 2131 2132 2135
f 2130 2135 2133
f 2134 2135 2130
f 2131 2135 2134
f 2130 2132 2131
f 5216 5218 5217
f 5219 5221 5220
f 5219 5220 5216
f 5218 5221 5219
f 5221 5216 5220
f 5218 5216 5221
f 5218 5219 5217
f 5219 5216 5217
f 4046 4048 4047
f 4049 4047 4048
f 4048 4046 4049
f 4046 4047 4049
f 5887 5889 5888
f 5887 5893 5892
f 5892 5896 5895
f 5888 5896 5898
f 5893 5887 5888
f 5893 5898 5896
f 5886 5897 5889
f 5890 5891 5894
f 5897 5899 5894
f 5897 5894 5895
f 5890 5894 5899
f 5899 5897 5890
f 5890 5897 5886
f 5893 5896 5892
f 5893 5888 5898
f 5897 5895 5889
f 5889 5896 5888
f 5889 5895 5896
f 5895 5894 5891
f 5892 5895 5891
f 5886 5891 5890
f 5886 5892 5891
f 5886 5887 5892
f 5886 5889 5887
f 1251 1253 1252
f 1254 1256 1255
f 1254 1251 1252
f 1255 1252 1253
f 1255 1253 1251
f 1255 1251 1254
f 1256 1252 1255
f 1254 1252 1256
f 7388 7390 7389
f 7391 7389 7390
f 7389 7391 7388
f 7388 7391 7390
f 1520 1522 1521
f 1523 1525 1520
f 1526 1523 1524
f 1519 1520 1525
f 1523 1519 1525
f 1521 1522 1526
f 1521 1526 1524
f 1522 1523 1526
f 1522 1519 1523
f 1523 1521 1524
f 1523 1520 1521
f 1519 1522 1520
f 2898 2900 2899
f 2900 2902 2901
f 2901 2902 2903
f 2903 2900 2898
f 2898 2899 2901
f 2898 2901 2903
f 2902 2900 2903
f 2900 2901 2899
f 7437 7439 7438
f 7440 7442 7441
f 7437 7442 7436
f 7443 7437 7438
f 7438 7439 7440
f 7442 7439 7436
f 7440 7439 7442
f 7440 7441 7443
f 7438 7440 7443
f 7441 7442 7443
f 7443 7442 7437
f 7436 7439 7437
f 3552 3547 3551
f 3546 3547 3548
f 3546 3551 3547
f 3552 3553 3549
f 3549 3550 3546
f 3552 3551 3550
f 3552 3550 3553
f 3553 3550 3549
f 3552 3549 3548
f 3550 3551 3546
f 3546 3548 3549
f 3548 3547 3552
f 3754 3756 3755
f 3754 3758 3757
f 3757 3758 3759
f 3758 3754 3755
f 3757 3759 3755
f 3757 3755 3756
f 3758 3755 3759
f 3754 3757 3756
f 541 544 543
f 545 541 542
f 546 543 544
f 543 545 542
f 541 545 546
f 541 546 544
f 546 545 543
f 541 543 542
f 5399 5402 5401
f 5398 5408 5407
f 5398 5410 5397
f 5411 5412 5402
f 5403 5414 5413
f 5397 5415 5396
f 5415 5414 5404
f 5416 5401 5402
f 5409 5417 5408
f 5399 5400 5405
f 5414 5410 5406
f 5412 5407 5408
f 5409 5401 5416
f 5400 5409 5405
f 5400 5401 5409
f 5411 5407 5412
f 5412 5408 5417
f 5411 5413 5407
f 5406 5407 5413
f 5414 5406 5413
f 5414 5415 5410
f 5416 5417 5409
f 5416 5402 5417
f 5417 5402 5412
f 5415 5404 5396
f 5410 5415 5397
f 5404 5414 5403
f 5403 5413 5411
f 5411 5402 5403
f 5406 5410 5398
f 5405 5409 5399
f 5399 5408 5398
f 5399 5409 5408
f 5398 5407 5406
f 5396 5398 5397
f 5396 5404 5398
f 5398 5404 5403
f 5398 5402 5399
f 5398 5403 5402
f 5399 5401 5400
f 7560 7562 7561
f 7564 7566 7565
f 7563 7567 7566
f 7560 7564 7565
f 7562 7567 7561
f 7564 7567 7563
f 7561 7567 7560
f 7560 7567 7564
f 7566 7567 7565
f 7565 7567 7562
f 7560 7565 7562
f 7563 7566 7564
f 6155 6154 6157
f 6158 6157 6154
f 6155 6159 6163
f 6163 6158 6162
f 6159 6157 6158
f 6161 6154 6155
f 6163 6160 6161
f 6162 6160 6163
f 6160 6154 6161
f 6156 6157 6159
f 6159 6158 6163
f 6156 6159 6155
f 6155 6163 6161
f 6158 6154 6162
f 6162 6154 6160
f 6155 6157 6156
f 1751 1753 1752
f 1754 1756 1755
f 1753 1754 1752
f 1754 1751 1752
f 1751 1755 1756
f 1751 1756 1753
f 1755 1751 1754
f 1756 1754 1753
f 4293 4296 4295
f 4296 4299 4298
f 4292 4293 4301
f 4297 4292 4300
f 4301 4294 4302
f 4298 4303 4295
f 4298 4301 4302
f 4302 4295 4303
f 4294 4295 4302
f 4299 4300 4298
f 4298 4302 4303
f 4298 4300 4301
f 4298 4295 4296
f 4293 4294 4301
f 4297 4300 4299
f 4292 4301 4300
f 4297 4299 4296
f 4292 4296 4293
f 4293 4295 4294
f 4292 4297 4296
f 5769 5771 5770
f 5772 5774 5773
f 5771 5774 5772
f 5771 5775 5770
f 5773 5769 5770
f 5773 5774 5768
f 5773 5768 5769
f 5770 5775 5772
f 5773 5770 5772
f 5768 5774 5771
f 5771 5772 5775
f 5768 5771 5769
f 4428 4430 4429
f 4431 4428 4429
f 4433 4435 4434
f 4434 4431 4432
f 4429 4430 4435
f 4428 4435 4430
f 4434 4435 4431
f 4431 4435 4428
f 4429 4435 4433
f 4433 4434 4432
f 4431 4433 4432
f 4431 4429 4433
f 1935 1937 1936
f 1934 1942 1941
f 1941 1945 1944
f 1935 1945 1942
f 1946 1938 1947
f 1950 1937 1933
f 1948 1940 1952
f 1945 1936 1937
f 1943 1944 1950
f 1951 1949 1946
f 1952 1940 1941
f 1947 1939 1951
f 1938 1939 1947
f 1952 1941 1943
f 1951 1946 1947
f 1943 1950 1952
f 1952 1950 1948
f 1945 1950 1944
f 1945 1937 1950
f 1951 1939 1949
f 1949 1939 1948
f 1948 1939 1940
f 1948 1946 1949
f 1948 1933 1946
f 1948 1950 1933
f 1934 1946 1933
f 1934 1938 1946
f 1936 1945 1935
f 1942 1945 1941
f 1941 1944 1943
f 1940 1939 1938
f 1934 1940 1938
f 1934 1935 1942
f 1934 1941 1940
f 1933 1937 1934
f 1934 1937 1935
f 496 498 497
f 501 496 502
f 503 505 500
f 504 501 502
f 503 497 498
f 497 502 496
f 507 495 499
f 499 500 505
f 505 507 508
f 503 507 505
f 499 505 508
f 498 495 507
f 507 499 508
f 506 502 497
f 504 497 503
f 503 498 507
f 504 506 497
f 504 502 506
f 503 501 504
f 503 500 501
f 499 495 500
f 500 496 501
f 500 495 496
f 495 498 496
f 6170 6164 6169
f 6167 6166 6171
f 6166 6165 6170
f 6166 6164 6165
f 6167 6169 6164
f 6171 6169 6168
f 6170 6169 6171
f 6168 6169 6167
f 6167 6164 6166
f 6166 6170 6171
f 6167 6171 6168
f 6165 6164 6170
f 5497 5499 5498
f 5500 5502 5501
f 5497 5503 5500
f 5501 5499 5496
f 5497 5498 5505
f 5498 5499 5504
f 5505 5504 5502
f 5505 5500 5503
f 5505 5502 5500
f 5498 5504 5505
f 5497 5505 5503
f 5504 5499 5502
f 5502 5499 5501
f 5497 5501 5496
f 5497 5500 5501
f 5496 5499 5497
f 6336 6339 6338
f 6337 6338 6344
f 6346 6340 6341
f 6348 6343 6344
f 6349 6336 6345
f 6345 6336 6337
f 6351 6342 6343
f 6350 6346 6341
f 6347 6348 6350
f 6349 6344 6338
f 6349 6338 6339
f 6347 6350 6351
f 6350 6342 6351
f 6350 6341 6342
f 6351 6343 6347
f 6345 6337 6340
f 6346 6350 6348
f 6349 6345 6348
f 6349 6339 6336
f 6348 6345 6346
f 6347 6343 6348
f 6348 6344 6349
f 6345 6340 6346
f 6343 6342 6341
f 6340 6343 6341
f 6340 6337 6344
f 6340 6344 6343
f 6336 6338 6337
f 3472 3475 3474
f 3476 3477 3472
f 3477 3474 3475
f 3476 3473 3474
f 3472 3477 3475
f 3476 3474 3477
f 3476 3472 3473
f 3472 3474 3473
f 236 234 235
f 237 238 234
f 234 239 235
f 235 240 236
f 240 237 233
f 238 237 240
f 238 240 239
f 240 233 236
f 239 240 235
f 238 239 234
f 237 234 233
f 233 234 236
f 2082 2085 2084
f 2086 2082 2083
f 2087 2084 2085
f 2084 2087 2086
f 2087 2082 2086
f 2085 2082 2087
f 2084 2086 2083
f 2082 2084 2083
f 3036 3038 3037
f 3040 3041 3037
f 3036 3043 3042
f 3039 3045 3044
f 3043 3040 3044
f 3037 3043 3036
f 3034 3046 3047
f 3039 3034 3047
f 3046 3044 3045
f 3046 3045 3047
f 3039 3047 3045
f 3042 3046 3035
f 3035 3046 3034
f 3041 3043 3037
f 3044 3046 3042
f 3043 3044 3042
f 3043 3041 3040
f 3044 3040 3038
f 3039 3044 3038
f 3036 3042 3035
f 3040 3037 3038
f 3034 3039 3035
f 3035 3039 3036
f 3036 3039 3038
f 7767 7770 7771
f 7768 7765 7766
f 7765 7772 7770
f 7772 7769 7773
f 7771 7769 7767
f 7768 7767 7769
f 7771 7770 7772
f 7771 7772 7773
f 7766 7767 7768
f 7773 7769 7771
f 7768 7769 7764
f 7764 7769 7772
f 7764 7772 7765
f 7764 7765 7768
f 7765 7767 7766
f 7765 7770 7767
f 3152 3154 3153
f 3155 3157 3156
f 3157 3155 3154
f 3157 3153 3156
f 3154 3155 3156
f 3154 3156 3153
f 3152 3153 3157
f 3157 3154 3152
f 267 269 268
f 268 269 270
f 270 267 268
f 267 270 269
f 1593 1595 1594
f 1592 1593 1596
f 1597 1595 1591
f 1599 1597 1598
f 1600 1598 1591
f 1599 1596 1593
f 1599 1595 1597
f 1594 1595 1599
f 1600 1596 1599
f 1599 1593 1594
f 1600 1592 1596
f 1600 1591 1592
f 1599 1598 1600
f 1597 1591 1598
f 1591 1593 1592
f 1591 1595 1593
f 5682 5684 5683
f 5685 5684 5682
f 5685 5683 5684
f 5685 5682 5683
f 6402 6405 6404
f 6406 6404 6405
f 6405 6402 6407
f 6403 6407 6402
f 6407 6403 6404
f 6407 6404 6406
f 6405 6407 6406
f 6402 6404 6403
f 4704 4706 4705
f 4707 4704 4705
f 4706 4704 4707
f 4706 4707 4705
f 1571 1573 1572
f 1574 1576 1575
f 1575 1578 1577
f 1575 1577 1574
f 1573 1578 1572
f 1576 1571 1572
f 1576 1572 1578
f 1577 1578 1574
f 1574 1578 1573
f 1576 1578 1575
f 1571 1576 1573
f 1573 1576 1574
f 5539 5541 5540
f 5544 5540 5541
f 5543 5545 5542
f 5544 5541 5538
f 5545 5540 5542
f 5539 5543 5544
f 5545 5543 5539
f 5539 5544 5538
f 5539 5540 5545
f 5542 5540 5543
f 5543 5540 5544
f 5538 5541 5539
f 2164 2167 2166
f 2168 2171 2170
f 2169 2170 2164
f 2167 2168 2166
f 2170 2171 2167
f 2169 2166 2168
f 2165 2166 2169
f 2170 2167 2164
f 2171 2168 2167
f 2169 2164 2165
f 2168 2170 2169
f 2164 2166 2165
f 2490 2492 2491
f 2493 2496 2495
f 2495 2492 2494
f 2490 2491 2495
f 2493 2497 2496
f 2492 2493 2494
f 2497 2492 2490
f 2497 2493 2492
f 2490 2496 2497
f 2490 2495 2496
f 2491 2492 2495
f 2493 2495 2494
f 4398 4400 4399
f 4401 4402 4398
f 4403 4402 4401
f 4400 4402 4403
f 4400 4401 4399
f 4403 4401 4400
f 4398 4402 4400
f 4401 4398 4399
f 4230 4232 4231
f 4233 4232 4230
f 4231 4232 4233
f 4233 4230 4231
f 2503 2505 2504
f 2505 2506 2504
f 2502 2508 2507
f 2503 2504 2506
f 2506 2507 2509
f 2509 2507 2508
f 2502 2507 2505
f 2505 2507 2506
f 2503 2506 2508
f 2508 2506 2509
f 2503 2508 2502
f 2502 2505 2503
f 7028 7030 7029
f 7031 7029 7030
f 7028 7029 7031
f 7028 7031 7030
f 4791 4794 4795
f 4792 4796 4797
f 4796 4791 4795
f 4792 4791 4790
f 4793 4797 4794
f 4795 4794 4797
f 4795 4797 4796
f 4792 4797 4793
f 4793 4791 4792
f 4790 4791 4796
f 4790 4796 4792
f 4793 4794 4791
f 2363 2365 2364
f 2366 2368 2367
f 2368 2363 2367
f 2366 2363 2364
f 2365 2366 2369
f 2364 2365 2369
f 2368 2366 2362
f 2362 2366 2365
f 2367 2363 2366
f 2366 2364 2369
f 2362 2363 2368
f 2362 2365 2363
f 7114 7108 7112
f 7111 7108 7110
f 7112 7108 7109
f 7114 7115 7111
f 7109 7115 7113
f 7114 7112 7113
f 7114 7113 7115
f 7111 7115 7109
f 7114 7111 7110
f 7112 7109 7113
f 7109 7108 7111
f 7110 7108 7114
f 4312 4315 4314
f 4314 4315 4317
f 4318 4312 4313
f 4318 4319 4321
f 4312 4317 4315
f 4316 4319 4320
f 4316 4313 4314
f 4320 4313 4316
f 4321 4316 4317
f 4321 4319 4316
f 4321 4317 4318
f 4318 4317 4312
f 4313 4320 4319
f 4318 4313 4319
f 4314 4317 4316
f 4312 4314 4313
f 7621 7623 7622
f 7625 7620 7621
f 7623 7626 7622
f 7625 7622 7626
f 7624 7625 7627
f 7626 7624 7627
f 7620 7626 7623
f 7620 7624 7626
f 7621 7622 7625
f 7625 7626 7627
f 7624 7620 7625
f 7620 7623 7621
f 2048 2050 2049
f 2051 2052 2048
f 2051 2050 2053
f 2053 2052 2051
f 2052 2050 2048
f 2053 2050 2052
f 2049 2050 2051
f 2051 2048 2049
f 4204 4206 4205
f 4208 4209 4205
f 4208 4204 4210
f 4211 4209 4207
f 4205 4209 4211
f 4211 4207 4208
f 4211 4208 4210
f 4205 4210 4204
f 4205 4211 4210
f 4206 4204 4208
f 4207 4209 4208
f 4208 4205 4206
f 2462 2464 2463
f 2464 2466 2465
f 2467 2469 2468
f 2468 2465 2466
f 2467 2466 2464
f 2467 2465 2469
f 2463 2465 2462
f 2462 2465 2467
f 2468 2466 2467
f 2467 2464 2462
f 2469 2465 2468
f 2464 2465 2463
f 1343 1347 1346
f 1345 1348 1344
f 1343 1351 1350
f 1350 1352 1349
f 1351 1343 1344
f 1351 1345 1346
f 1346 1347 1349
f 1346 1349 1352
f 1351 1346 1350
f 1350 1346 1352
f 1351 1348 1345
f 1351 1344 1348
f 1350 1349 1347
f 1343 1350 1347
f 1343 1346 1344
f 1344 1346 1345
f 4222 4226 4225
f 4227 4229 4228
f 4224 4225 4227
f 4222 4228 4229
f 4222 4223 4228
f 4229 4227 4225
f 4229 4225 4226
f 4222 4229 4226
f 4227 4223 4224
f 4227 4228 4223
f 4222 4224 4223
f 4222 4225 4224
f 5838 5840 5839
f 5841 5843 5842
f 5845 5843 5841
f 5846 5847 5845
f 5844 5845 5847
f 5847 5839 5840
f 5842 5843 5844
f 5846 5838 5839
f 5846 5844 5838
f 5846 5842 5844
f 5846 5839 5847
f 5844 5847 5838
f 5838 5847 5840
f 5846 5845 5842
f 5842 5845 5841
f 5844 5843 5845
f 6676 6678 6677
f 6680 6677 6678
f 6679 6681 6676
f 6680 6681 6679
f 6676 6681 6680
f 6676 6680 6678
f 6679 6676 6677
f 6679 6677 6680
f 2192 2195 2194
f 2196 2200 2199
f 2202 2199 2200
f 2196 2197 2205
f 2200 2196 2203
f 2197 2198 2202
f 2198 2199 2202
f 2193 2204 2192
f 2192 2204 2205
f 2192 2205 2195
f 2203 2193 2201
f 2203 2204 2193
f 2205 2194 2195
f 2205 2202 2194
f 2205 2197 2202
f 2200 2203 2201
f 2205 2204 2203
f 2196 2205 2203
f 2194 2201 2193
f 2194 2200 2201
f 2194 2202 2200
f 2199 2198 2197
f 2196 2199 2197
f 2192 2194 2193
f 4686 4688 4687
f 4689 4692 4691
f 4696 4687 4688
f 4697 4699 4693
f 4697 4700 4691
f 4690 4691 4700
f 4689 4699 4692
f 4696 4688 4686
f 4701 4697 4698
f 4695 4696 4702
f 4703 4695 4702
f 4694 4695 4698
f 4698 4695 4703
f 4701 4698 4703
f 4702 4701 4703
f 4702 4700 4701
f 4702 4696 4700
f 4696 4686 4700
f 4693 4699 4689
f 4700 4686 4687
f 4690 4700 4687
f 4697 4691 4699
f 4699 4691 4692
f 4697 4701 4700
f 4697 4694 4698
f 4697 4693 4694
f 4693 4690 4694
f 4694 4696 4695
f 4693 4689 4690
f 4694 4690 4696
f 4696 4690 4687
f 4689 4691 4690
f 7644 7647 7646
f 7646 7648 7645
f 7649 7652 7651
f 7651 7653 7650
f 7648 7653 7651
f 7644 7649 7647
f 7646 7647 7649
f 7648 7650 7653
f 7648 7649 7650
f 7648 7646 7649
f 7652 7649 7644
f 7645 7652 7644
f 7645 7648 7652
f 7652 7648 7651
f 7649 7651 7650
f 7644 7646 7645
f 1371 1373 1372
f 1375 1371 1372
f 1372 1376 1375
f 1376 1374 1375
f 1376 1371 1374
f 1373 1371 1376
f 1373 1376 1372
f 1374 1371 1375
f 5080 5083 5082
f 5084 5087 5086
f 5083 5080 5086
f 5089 5091 5090
f 5085 5081 5090
f 5082 5093 5092
f 5082 5083 5088
f 5085 5091 5089
f 5084 5088 5087
f 5093 5084 5092
f 5093 5088 5084
f 5089 5092 5084
f 5085 5089 5084
f 5082 5088 5093
f 5081 5089 5090
f 5081 5092 5089
f 5081 5082 5092
f 5086 5081 5085
f 5085 5090 5091
f 5086 5080 5081
f 5083 5087 5088
f 5083 5086 5087
f 5084 5086 5085
f 5080 5082 5081
f 1982 1985 1984
f 1986 1984 1985
f 1986 1983 1984
f 1985 1982 1987
f 1986 1987 1982
f 1986 1982 1983
f 1986 1985 1987
f 1982 1984 1983
f 2642 2644 2643
f 2645 2647 2646
f 2647 2648 2644
f 2645 2646 2642
f 2648 2645 2649
f 2643 2644 2648
f 2643 2648 2649
f 2647 2645 2648
f 2645 2643 2649
f 2645 2642 2643
f 2647 2642 2646
f 2647 2644 2642
f 5152 5157 5155
f 5159 5154 5156
f 5156 5155 5157
f 5154 5153 5155
f 5160 5152 5153
f 5152 5156 5157
f 5158 5161 5160
f 5159 5161 5158
f 5161 5156 5160
f 5160 5156 5152
f 5160 5153 5158
f 5158 5154 5159
f 5158 5153 5154
f 5154 5155 5156
f 5159 5156 5161
f 5152 5155 5153
f 6919 6921 6920
f 6921 6922 6920
f 6923 6918 6919
f 6923 6921 6918
f 6922 6923 6919
f 6922 6919 6920
f 6922 6921 6923
f 6918 6921 6919
f 4348 4351 4350
f 4353 4355 4354
f 4357 4352 4353
f 4356 4350 4351
f 4355 4349 4354
f 4357 4354 4349
f 4356 4348 4355
f 4351 4348 4356
f 4356 4355 4352
f 4353 4354 4357
f 4357 4349 4350
f 4348 4349 4355
f 4357 4350 4356
f 4356 4352 4357
f 4352 4355 4353
f 4348 4350 4349
f 3868 3860 3862
f 3862 3861 3863
f 3869 3868 3862
f 3864 3865 3870
f 3865 3866 3869
f 3869 3867 3868
f 3863 3873 3871
f 3864 3861 3860
f 3870 3871 3873
f 3870 3873 3872
f 3872 3861 3864
f 3864 3860 3866
f 3872 3873 3861
f 3866 3860 3867
f 3861 3873 3863
f 3866 3867 3869
f 3864 3866 3865
f 3864 3870 3872
f 3863 3871 3870
f 3865 3863 3870
f 3865 3869 3862
f 3865 3862 3863
f 3860 3861 3862
f 3867 3860 3868
f 4194 4196 4195
f 4198 4200 4199
f 4198 4201 4197
f 4202 4199 4200
f 4203 4195 4196
f 4203 4201 4198
f 4200 4203 4202
f 4195 4200 4194
f 4195 4203 4200
f 4198 4199 4202
f 4203 4198 4202
f 4203 4197 4201
f 4203 4196 4197
f 4196 4198 4197
f 4196 4200 4198
f 4196 4194 4200
f 1851 1853 1852
f 1852 1857 1856
f 1855 1856 1858
f 1859 1857 1852
f 1860 1851 1854
f 1858 1856 1857
f 1860 1855 1858
f 1854 1855 1860
f 1858 1859 1860
f 1858 1857 1859
f 1853 1860 1859
f 1853 1851 1860
f 1859 1852 1853
f 1851 1855 1854
f 1851 1852 1855
f 1855 1852 1856
f 1149 1152 1151
f 1153 1149 1150
f 1154 1151 1152
f 1149 1153 1154
f 1151 1154 1153
f 1151 1153 1150
f 1149 1154 1152
f 1149 1151 1150
f 2841 2843 2842
f 2846 2842 2847
f 2846 2847 2849
f 2843 2850 2848
f 2850 2852 2845
f 2849 2842 2843
f 2853 2852 2850
f 2844 2845 2852
f 2840 2844 2853
f 2841 2844 2840
f 2840 2853 2851
f 2844 2852 2853
f 2853 2850 2851
f 2847 2842 2849
f 2850 2846 2848
f 2850 2845 2846
f 2840 2850 2843
f 2843 2848 2849
f 2840 2851 2850
f 2846 2849 2848
f 2844 2841 2845
f 2845 2841 2846
f 2846 2841 2842
f 2840 2843 2841
f 2173 2175 2174
f 2174 2178 2177
f 2179 2176 2177
f 2180 2179 2177
f 2175 2172 2181
f 2180 2173 2174
f 2181 2172 2173
f 2181 2173 2180
f 2180 2174 2179
f 2179 2174 2176
f 2175 2181 2178
f 2180 2178 2181
f 2180 2177 2178
f 2175 2178 2174
f 2174 2177 2176
f 2172 2175 2173
f 5812 5814 5813
f 5815 5818 5817
f 5819 5818 5815
f 5817 5818 5819
f 5812 5817 5814
f 5815 5816 5812
f 5815 5813 5819
f 5815 5812 5813
f 5816 5817 5812
f 5819 5813 5814
f 5817 5819 5814
f 5815 5817 5816
f 4670 4674 4673
f 4672 4675 4671
f 4673 4674 4677
f 4672 4673 4676
f 4676 4671 4675
f 4674 4670 4677
f 4670 4671 4677
f 4677 4671 4676
f 4672 4676 4675
f 4673 4677 4676
f 4673 4672 4671
f 4670 4673 4671
f 1121 1124 1123
f 1126 1124 1121
f 1126 1128 1125
f 1124 1128 1123
f 1123 1127 1122
f 1121 1127 1126
f 1122 1127 1121
f 1128 1127 1123
f 1125 1128 1124
f 1127 1128 1126
f 1125 1124 1126
f 1121 1123 1122
f 4248 4251 4250
f 4252 4255 4254
f 4253 4254 4258
f 4251 4248 4257
f 4260 4251 4259
f 4260 4252 4253
f 4250 4260 4261
f 4256 4257 4248
f 4254 4255 4259
f 4254 4259 4258
f 4248 4249 4261
f 4256 4248 4261
f 4250 4261 4249
f 4260 4256 4261
f 4260 4253 4256
f 4259 4255 4252
f 4260 4259 4252
f 4260 4250 4251
f 4257 4258 4259
f 4251 4257 4259
f 4253 4257 4256
f 4253 4258 4257
f 4252 4254 4253
f 4248 4250 4249
f 5644 5646 5645
f 5648 5645 5646
f 5644 5651 5650
f 5651 5653 5652
f 5650 5652 5653
f 5650 5651 5652
f 5648 5649 5653
f 5644 5649 5646
f 5644 5653 5649
f 5644 5650 5653
f 5648 5653 5647
f 5647 5653 5651
f 5647 5644 5645
f 5647 5651 5644
f 5647 5645 5648
f 5648 5646 5649
f 2629 2631 2630
f 2633 2631 2632
f 2634 2638 2637
f 2638 2627 2628
f 2626 2634 2635
f 2640 2641 2629
f 2632 2626 2635
f 2628 2641 2639
f 2640 2630 2631
f 2639 2636 2637
f 2640 2636 2641
f 2641 2636 2639
f 2640 2631 2636
f 2636 2631 2633
f 2629 2641 2628
f 2640 2629 2630
f 2638 2626 2627
f 2638 2634 2626
f 2638 2628 2637
f 2637 2628 2639
f 2634 2637 2633
f 2633 2637 2636
f 2632 2635 2634
f 2633 2632 2634
f 2626 2628 2627
f 2626 2632 2628
f 2628 2632 2629
f 2632 2631 2629
f 5162 5164 5163
f 5165 5167 5166
f 5163 5165 5166
f 5169 5168 5166
f 5164 5168 5169
f 5169 5167 5165
f 5169 5163 5164
f 5169 5165 5163
f 5162 5168 5164
f 5169 5166 5167
f 5163 5168 5162
f 5163 5166 5168
f 4058 4060 4059
f 4061 4060 4058
f 4062 4064 4061
f 4064 4065 4059
f 4065 4064 4062
f 4058 4065 4063
f 4059 4065 4058
f 4065 4062 4063
f 4064 4060 4061
f 4064 4059 4060
f 4061 4058 4062
f 4062 4058 4063
f 6142 6145 6144
f 6146 6142 6143
f 6146 6143 6144
f 6145 6147 6144
f 6142 6147 6145
f 6146 6147 6142
f 6146 6144 6147
f 6142 6144 6143
f 877 874 879
f 874 875 880
f 880 876 878
f 874 876 875
f 873 878 876
f 878 879 880
f 877 879 878
f 877 878 873
f 873 876 874
f 875 876 880
f 874 880 879
f 873 874 877
f 3914 3916 3915
f 3916 3917 3915
f 3914 3917 3916
f 3914 3915 3917
f 5222 5224 5223
f 5225 5227 5226
f 5226 5228 5223
f 5224 5227 5225
f 5229 5228 5226
f 5229 5223 5228
f 5222 5223 5229
f 5229 5226 5227
f 5229 5224 5222
f 5229 5227 5224
f 5226 5224 5225
f 5226 5223 5224
f 4160 4164 4163
f 4165 4161 4162
f 4163 4166 4165
f 4164 4160 4167
f 4167 4163 4164
f 4167 4165 4166
f 4161 4165 4160
f 4160 4165 4167
f 4166 4163 4167
f 4163 4165 4162
f 4160 4162 4161
f 4160 4163 4162
f 4262 4265 4264
f 4262 4268 4267
f 4262 4263 4266
f 4269 4270 4267
f 4271 4264 4265
f 4272 4267 4270
f 4264 4271 4269
f 4269 4271 4272
f 4269 4272 4270
f 4263 4264 4266
f 4266 4264 4268
f 4268 4264 4269
f 4262 4267 4265
f 4265 4267 4272
f 4271 4265 4272
f 4269 4267 4268
f 4266 4268 4262
f 4262 4264 4263
f 1189 1191 1190
f 1188 1192 1187
f 1191 1193 1190
f 1194 1188 1189
f 1190 1193 1194
f 1194 1187 1192
f 1191 1194 1193
f 1191 1187 1194
f 1190 1194 1189
f 1192 1188 1194
f 1187 1189 1188
f 1187 1191 1189
f 5796 5798 5797
f 5799 5801 5800
f 5800 5796 5797
f 5797 5801 5799
f 5796 5801 5798
f 5800 5801 5796
f 5798 5801 5797
f 5800 5797 5799
f 5600 5602 5601
f 5601 5602 5604
f 5605 5600 5601
f 5600 5605 5604
f 5603 5604 5605
f 5600 5604 5602
f 5605 5601 5603
f 5601 5604 5603
f 187 190 189
f 192 194 193
f 193 189 190
f 190 187 197
f 194 197 198
f 192 195 196
f 188 194 198
f 188 197 187
f 198 197 188
f 193 194 189
f 189 194 188
f 192 196 191
f 196 194 191
f 196 197 194
f 190 197 195
f 195 197 196
f 193 195 192
f 193 190 195
f 191 194 192
f 187 189 188
f 2111 2113 2112
f 2111 2114 2110
f 2115 2114 2111
f 2113 2115 2112
f 2113 2114 2115
f 2110 2114 2113
f 2115 2111 2112
f 2110 2113 2111
f 5760 5762 5761
f 5764 5766 5765
f 5767 5764 5760
f 5767 5766 5763
f 5765 5760 5764
f 5762 5767 5761
f 5766 5767 5765
f 5765 5767 5762
f 5762 5760 5765
f 5763 5764 5767
f 5767 5760 5761
f 5763 5766 5764
f 1473 1475 1474
f 1475 1476 1474
f 1473 1476 1475
f 1474 1476 1473
f 5526 5528 5527
f 5529 5530 5527
f 5530 5529 5531
f 5526 5531 5529
f 5530 5526 5527
f 5531 5526 5530
f 5526 5529 5528
f 5529 5527 5528
f 1337 1340 1339
f 1338 1339 1341
f 1338 1342 1337
f 1342 1341 1339
f 1337 1342 1340
f 1342 1339 1340
f 1341 1342 1338
f 1337 1339 1338
f 2778 2780 2779
f 2781 2783 2782
f 2784 2782 2783
f 2783 2780 2785
f 2785 2778 2784
f 2784 2781 2782
f 2779 2781 2778
f 2778 2781 2784
f 2780 2778 2785
f 2779 2783 2781
f 2779 2780 2783
f 2784 2783 2785
f 7011 7012 7013
f 7012 7016 7014
f 7014 7015 7011
f 7015 7010 7011
f 7010 7016 7012
f 7015 7016 7017
f 7014 7016 7015
f 7017 7016 7010
f 7017 7010 7015
f 7014 7011 7013
f 7012 7014 7013
f 7010 7012 7011
f 171 173 172
f 174 171 172
f 174 176 173
f 172 176 175
f 176 174 175
f 173 176 172
f 174 173 171
f 174 172 175
f 6598 6601 6602
f 6602 6600 6603
f 6603 6605 6599
f 6606 6598 6599
f 6606 6607 6600
f 6600 6604 6603
f 6606 6604 6607
f 6605 6604 6606
f 6607 6604 6600
f 6606 6600 6598
f 6598 6600 6601
f 6606 6599 6605
f 6604 6605 6603
f 6603 6599 6602
f 6601 6600 6602
f 6598 6602 6599
f 6313 6315 6314
f 6316 6318 6317
f 6319 6320 6318
f 6314 6315 6316
f 6321 6322 6319
f 6323 6320 6319
f 6317 6323 6322
f 6317 6318 6320
f 6317 6320 6323
f 6317 6321 6316
f 6317 6322 6321
f 6323 6319 6322
f 6319 6313 6314
f 6321 6319 6314
f 6314 6316 6321
f 6318 6312 6313
f 6319 6318 6313
f 6312 6316 6315
f 6312 6318 6316
f 6312 6315 6313
f 5866 5868 5867
f 5869 5871 5870
f 5871 5867 5870
f 5866 5871 5869
f 5869 5870 5867
f 5869 5867 5868
f 5866 5869 5868
f 5866 5867 5871
f 1140 1142 1141
f 1139 1145 1144
f 1146 1139 1144
f 1143 1148 1147
f 1144 1147 1146
f 1148 1140 1141
f 1142 1146 1147
f 1142 1148 1141
f 1142 1147 1148
f 1143 1140 1148
f 1145 1147 1144
f 1143 1147 1145
f 1142 1139 1146
f 1143 1145 1140
f 1140 1145 1139
f 1139 1142 1140
f 2071 2073 2072
f 2073 2076 2072
f 2076 2078 2077
f 2072 2076 2077
f 2079 2081 2070
f 2079 2077 2078
f 2081 2074 2075
f 2073 2081 2075
f 2070 2081 2073
f 2078 2081 2080
f 2078 2074 2081
f 2079 2078 2080
f 2080 2081 2079
f 2079 2070 2071
f 2072 2077 2071
f 2071 2077 2079
f 2074 2078 2076
f 2074 2073 2075
f 2074 2076 2073
f 2070 2073 2071
f 6594 6596 6595
f 6596 6594 6597
f 6597 6594 6595
f 6597 6595 6596
f 769 771 770
f 772 774 773
f 774 776 773
f 769 770 773
f 772 771 769
f 774 772 775
f 772 776 775
f 772 769 776
f 769 773 776
f 775 776 774
f 772 770 771
f 772 773 770
f 5832 5834 5833
f 5835 5837 5836
f 5837 5833 5834
f 5837 5832 5833
f 5835 5836 5834
f 5835 5834 5832
f 5835 5832 5837
f 5837 5834 5836
f 5051 5053 5052
f 5054 5050 5051
f 5052 5053 5055
f 5051 5055 5054
f 5053 5054 5055
f 5050 5054 5053
f 5052 5055 5051
f 5050 5053 5051
f 5788 5790 5789
f 5791 5793 5792
f 5794 5795 5791
f 5793 5791 5795
f 5789 5795 5794
f 5794 5792 5793
f 5794 5788 5789
f 5794 5793 5788
f 5790 5795 5789
f 5793 5795 5788
f 5788 5795 5790
f 5794 5791 5792
f 1434 1437 1436
f 1434 1438 1433
f 1439 1440 1436
f 1433 1439 1437
f 1442 1441 1438
f 1440 1441 1442
f 1436 1442 1435
f 1440 1442 1436
f 1439 1441 1440
f 1442 1434 1435
f 1442 1438 1434
f 1441 1439 1438
f 1438 1439 1433
f 1439 1436 1437
f 1433 1437 1434
f 1434 1436 1435
f 5752 5755 5754
f 5756 5752 5753
f 5757 5758 5756
f 5753 5759 5758
f 5752 5756 5758
f 5754 5755 5759
f 5752 5759 5755
f 5752 5758 5759
f 5754 5759 5753
f 5753 5758 5757
f 5756 5753 5757
f 5752 5754 5753
f 7757 7756 7758
f 7761 7756 7757
f 7760 7758 7756
f 7758 7763 7759
f 7757 7763 7761
f 7762 7761 7763
f 7760 7761 7762
f 7759 7763 7757
f 7762 7763 7758
f 7762 7758 7760
f 7760 7756 7761
f 7757 7758 7759
f 2104 2106 2105
f 2107 2105 2106
f 2107 2108 2109
f 2106 2109 2108
f 2104 2107 2109
f 2105 2107 2104
f 2104 2109 2106
f 2107 2106 2108
f 2738 2740 2739
f 2741 2740 2742
f 2745 2741 2742
f 2743 2746 2745
f 2738 2741 2745
f 2743 2744 2747
f 2740 2738 2747
f 2740 2747 2744
f 2743 2747 2746
f 2745 2746 2747
f 2738 2745 2747
f 2738 2739 2741
f 2743 2745 2742
f 2744 2743 2742
f 2740 2744 2742
f 2741 2739 2740
f 7654 7656 7655
f 7657 7655 7656
f 7654 7657 7656
f 7654 7655 7657
f 4370 4372 4371
f 4371 4375 4374
f 4376 4378 4377
f 4371 4377 4378
f 4376 4370 4379
f 4379 4378 4376
f 4377 4374 4375
f 4372 4376 4373
f 4372 4370 4376
f 4378 4379 4370
f 4371 4378 4370
f 4371 4374 4377
f 4377 4375 4373
f 4376 4377 4373
f 4373 4375 4372
f 4372 4375 4371
f 1179 1183 1182
f 1179 1185 1184
f 1179 1184 1186
f 1181 1185 1180
f 1183 1186 1182
f 1182 1185 1181
f 1184 1182 1186
f 1184 1185 1182
f 1179 1186 1183
f 1180 1185 1179
f 1179 1181 1180
f 1179 1182 1181
f 3728 3730 3729
f 3731 3733 3732
f 3732 3728 3729
f 3731 3732 3729
f 3731 3728 3733
f 3730 3728 3731
f 3731 3729 3730
f 3733 3728 3732
f 2732 2735 2734
f 2732 2733 2736
f 2737 2734 2735
f 2734 2737 2736
f 2732 2737 2735
f 2736 2737 2732
f 2734 2736 2733
f 2732 2734 2733
f 2147 2149 2148
f 2148 2151 2150
f 2152 2153 2151
f 2151 2153 2155
f 2147 2152 2146
f 2153 2154 2155
f 2155 2154 2152
f 2150 2147 2148
f 2150 2155 2147
f 2147 2155 2152
f 2151 2155 2150
f 2151 2149 2146
f 2152 2151 2146
f 2152 2154 2153
f 2149 2151 2148
f 2146 2149 2147
f 491 489 490
f 491 492 489
f 493 490 494
f 490 492 494
f 491 493 494
f 491 494 492
f 489 492 490
f 491 490 493
f 7083 7085 7084
f 7086 7083 7084
f 7087 7084 7085
f 7087 7085 7082
f 7087 7082 7083
f 7087 7083 7086
f 7086 7084 7087
f 7082 7085 7083
f 2206 2209 2208
f 2210 2206 2207
f 2211 2213 2212
f 2213 2215 2212
f 2215 2209 2206
f 2213 2210 2214
f 2215 2214 2208
f 2215 2208 2209
f 2207 2208 2214
f 2210 2207 2214
f 2213 2211 2210
f 2212 2210 2211
f 2212 2215 2210
f 2210 2215 2206
f 2214 2215 2213
f 2206 2208 2207
f 281 277 278
f 278 284 280
f 282 279 281
f 283 279 280
f 283 285 277
f 285 286 278
f 284 286 285
f 284 285 283
f 285 278 277
f 277 281 279
f 283 277 279
f 283 280 284
f 280 279 282
f 286 284 278
f 278 280 282
f 281 278 282
f 2156 2159 2158
f 2156 2157 2161
f 2160 2162 2159
f 2163 2158 2159
f 2158 2161 2157
f 2160 2163 2162
f 2161 2163 2160
f 2163 2161 2158
f 2163 2159 2162
f 2160 2159 2156
f 2156 2161 2160
f 2156 2158 2157
f 4422 4424 4423
f 4422 4426 4425
f 4426 4427 4425
f 4422 4423 4427
f 4427 4424 4425
f 4423 4424 4427
f 4422 4427 4426
f 4422 4425 4424
f 3182 3185 3184
f 3186 3189 3188
f 3191 3188 3189
f 3194 3186 3187
f 3192 3183 3195
f 3195 3197 3196
f 3194 3187 3188
f 3191 3196 3190
f 3182 3192 3193
f 3198 3197 3184
f 3193 3198 3199
f 3194 3198 3193
f 3198 3185 3199
f 3198 3184 3185
f 3182 3199 3185
f 3182 3193 3199
f 3195 3196 3191
f 3198 3194 3197
f 3197 3194 3196
f 3196 3194 3190
f 3194 3188 3190
f 3184 3197 3183
f 3183 3197 3195
f 3192 3189 3186
f 3192 3191 3189
f 3192 3182 3183
f 3192 3195 3191
f 3192 3194 3193
f 3192 3186 3194
f 3190 3188 3191
f 3186 3188 3187
f 3182 3184 3183
f 1997 1999 1998
f 1999 1996 2000
f 1996 2001 2000
f 1998 2001 1997
f 2001 1999 2000
f 1998 1999 2001
f 1997 2001 1996
f 1996 1999 1997
f 2003 2006 2005
f 2005 2010 2009
f 2008 2014 2013
f 2010 2017 2016
f 2018 2012 2007
f 2013 2017 2018
f 2008 2002 2014
f 2012 2017 2011
f 2009 2021 2020
f 2019 2003 2004
f 2009 2015 2021
f 2019 2021 2015
f 2020 2021 2019
f 2019 2015 2016
f 2010 2015 2009
f 2019 2004 2020
f 2009 2004 2005
f 2009 2020 2004
f 2018 2017 2012
f 2006 2002 2008
f 2003 2016 2002
f 2002 2013 2014
f 2003 2019 2016
f 2002 2016 2013
f 2013 2016 2017
f 2018 2007 2013
f 2011 2017 2010
f 2010 2016 2015
f 2008 2013 2007
f 2010 2006 2008
f 2007 2010 2008
f 2007 2012 2011
f 2006 2010 2005
f 2007 2011 2010
f 2002 2006 2003
f 2003 2005 2004
f 4182 4185 4184
f 4182 4183 4186
f 4187 4184 4185
f 4182 4187 4185
f 4184 4186 4183
f 4187 4186 4184
f 4186 4187 4182
f 4182 4184 4183
f 7534 7536 7535
f 7536 7538 7537
f 7537 7539 7535
f 7537 7538 7539
f 7538 7534 7535
f 7538 7535 7539
f 7537 7535 7536
f 7534 7538 7536
f 1319 1321 1320
f 1322 1324 1323
f 1322 1321 1319
f 1321 1324 1320
f 1319 1320 1324
f 1319 1324 1322
f 1323 1324 1321
f 1323 1321 1322
f 1461 1463 1462
f 1464 1466 1465
f 1462 1466 1464
f 1462 1465 1466
f 1463 1464 1465
f 1461 1464 1463
f 1463 1465 1462
f 1462 1464 1461
f 5729 5731 5730
f 5733 5728 5729
f 5734 5730 5736
f 5733 5738 5732
f 5731 5732 5738
f 5739 5736 5730
f 5740 5741 5739
f 5740 5738 5737
f 5741 5742 5735
f 5735 5737 5734
f 5743 5735 5742
f 5743 5737 5735
f 5741 5735 5736
f 5740 5737 5743
f 5742 5741 5743
f 5743 5741 5740
f 5741 5736 5739
f 5739 5730 5731
f 5738 5740 5739
f 5731 5738 5739
f 5731 5728 5732
f 5737 5738 5734
f 5734 5738 5733
f 5733 5730 5734
f 5734 5736 5735
f 5733 5729 5730
f 5732 5728 5733
f 5728 5731 5729
f 7569 7571 7570
f 7572 7573 7569
f 7572 7571 7574
f 7568 7569 7573
f 7574 7571 7568
f 7573 7572 7574
f 7573 7574 7575
f 7574 7568 7575
f 7568 7573 7575
f 7570 7571 7572
f 7572 7569 7570
f 7568 7571 7569
f 2062 2064 2063
f 2065 2067 2066
f 2068 2069 2066
f 2068 2067 2065
f 2069 2068 2064
f 2066 2063 2065
f 2062 2063 2069
f 2069 2063 2066
f 2069 2064 2062
f 2068 2063 2064
f 2068 2065 2063
f 2068 2066 2067
f 2832 2835 2834
f 2836 2838 2837
f 2839 2834 2835
f 2832 2839 2835
f 2836 2837 2839
f 2838 2836 2833
f 2838 2833 2834
f 2836 2839 2833
f 2833 2839 2832
f 2838 2839 2837
f 2838 2834 2839
f 2832 2834 2833
f 7394 7396 7395
f 7395 7397 7394
f 7392 7398 7396
f 7397 7396 7398
f 7393 7398 7392
f 7397 7399 7393
f 7397 7393 7394
f 7399 7398 7393
f 7395 7396 7397
f 7397 7398 7399
f 7392 7394 7393
f 7392 7396 7394
f 6852 6856 6855
f 6855 6860 6859
f 6868 6867 6866
f 6862 6869 6861
f 6866 6870 6865
f 6871 6852 6853
f 6867 6860 6861
f 6863 6859 6873
f 6862 6867 6869
f 6855 6856 6870
f 6865 6870 6856
f 6873 6859 6860
f 6868 6863 6873
f 6868 6873 6872
f 6873 6860 6872
f 6864 6852 6871
f 6864 6865 6852
f 6852 6865 6856
f 6855 6870 6858
f 6866 6867 6857
f 6857 6867 6862
f 6853 6854 6871
f 6871 6854 6864
f 6864 6854 6859
f 6864 6859 6863
f 6868 6860 6867
f 6867 6861 6869
f 6868 6872 6860
f 6858 6866 6857
f 6858 6870 6866
f 6863 6865 6864
f 6863 6868 6865
f 6865 6868 6866
f 6857 6860 6858
f 6858 6860 6855
f 6855 6859 6854
f 6862 6860 6857
f 6862 6861 6860
f 6852 6854 6853
f 6852 6855 6854
f 5635 5637 5636
f 5638 5640 5639
f 5635 5636 5638
f 5640 5635 5639
f 5643 5641 5642
f 5637 5642 5640
f 5641 5643 5637
f 5641 5637 5634
f 5637 5638 5636
f 5637 5640 5638
f 5637 5643 5642
f 5641 5640 5642
f 5641 5635 5640
f 5641 5634 5635
f 5635 5638 5639
f 5634 5637 5635
f 4022 4024 4023
f 4025 4027 4026
f 4024 4022 4026
f 4026 4029 4025
f 4024 4028 4029
f 4029 4028 4027
f 4029 4027 4025
f 4024 4029 4023
f 4023 4026 4022
f 4023 4029 4026
f 4024 4027 4028
f 4024 4026 4027
f 3304 3306 3305
f 3307 3309 3308
f 3306 3308 3309
f 3306 3307 3308
f 3309 3304 3305
f 3307 3304 3309
f 3304 3307 3306
f 3306 3309 3305
f 3500 3503 3502
f 3501 3505 3504
f 3503 3505 3502
f 3500 3504 3505
f 3501 3504 3500
f 3500 3505 3503
f 3502 3505 3501
f 3500 3502 3501
f 6550 6554 6553
f 6551 6552 6555
f 6553 6557 6556
f 6550 6557 6554
f 6555 6556 6550
f 6557 6553 6554
f 6555 6550 6551
f 6556 6557 6550
f 6553 6555 6552
f 6553 6556 6555
f 6550 6553 6551
f 6551 6553 6552
f 1365 1367 1366
f 1368 1370 1369
f 1369 1366 1367
f 1370 1368 1367
f 1365 1369 1370
f 1366 1369 1365
f 1370 1367 1365
f 1369 1367 1368
f 3168 3170 3169
f 3169 3170 3171
f 3168 3169 3171
f 3168 3171 3170
f 6586 6588 6587
f 6590 6592 6591
f 6590 6588 6586
f 6587 6593 6589
f 6592 6589 6593
f 6592 6588 6591
f 6587 6592 6593
f 6587 6588 6592
f 6587 6590 6586
f 6587 6589 6590
f 6591 6588 6590
f 6589 6592 6590
f 2670 2672 2671
f 2673 2671 2672
f 2674 2675 2669
f 2670 2673 2674
f 2675 2668 2669
f 2668 2673 2672
f 2674 2668 2675
f 2674 2673 2668
f 2671 2673 2670
f 2674 2669 2670
f 2668 2670 2669
f 2668 2672 2670
f 5820 5822 5821
f 5824 5826 5825
f 5828 5824 5825
f 5827 5829 5826
f 5830 5824 5828
f 5822 5829 5827
f 5820 5831 5822
f 5826 5828 5825
f 5831 5830 5829
f 5829 5828 5826
f 5829 5830 5828
f 5830 5820 5823
f 5830 5831 5820
f 5831 5829 5822
f 5822 5827 5821
f 5823 5824 5830
f 5821 5827 5820
f 5820 5824 5823
f 5820 5827 5826
f 5820 5826 5824
f 1978 1980 1979
f 1981 1980 1978
f 1979 1980 1981
f 1981 1978 1979
f 6149 6150 6151
f 6152 6150 6148
f 6151 6153 6149
f 6149 6152 6148
f 6153 6150 6152
f 6151 6150 6153
f 6153 6152 6149
f 6148 6150 6149
f 523 525 524
f 526 523 524
f 526 527 528
f 525 528 527
f 526 525 523
f 528 525 526
f 525 527 524
f 526 524 527
f 2786 2788 2787
f 2790 2786 2787
f 2791 2788 2786
f 2790 2787 2788
f 2791 2789 2790
f 2790 2788 2791
f 2791 2786 2789
f 2789 2786 2790
f 4496 4498 4497
f 4500 4502 4501
f 4503 4497 4498
f 4503 4502 4499
f 4496 4500 4501
f 4496 4503 4498
f 4502 4496 4501
f 4502 4503 4496
f 4497 4500 4496
f 4500 4503 4499
f 4500 4497 4503
f 4499 4502 4500
f 2722 2724 2723
f 2726 2728 2727
f 2728 2729 2727
f 2730 2731 2726
f 2724 2730 2723
f 2722 2723 2730
f 2722 2731 2724
f 2726 2731 2725
f 2725 2731 2722
f 2725 2729 2728
f 2725 2730 2729
f 2725 2722 2730
f 2731 2730 2724
f 2730 2726 2729
f 2729 2726 2727
f 2725 2728 2726
f 6056 6052 6057
f 6058 6054 6056
f 6053 6052 6054
f 6059 6052 6053
f 6058 6059 6053
f 6056 6057 6059
f 6056 6059 6058
f 6058 6053 6055
f 6057 6052 6059
f 6053 6054 6055
f 6055 6054 6058
f 6054 6052 6056
f 4488 4491 4490
f 4489 4493 4488
f 4492 4494 4493
f 4494 4490 4495
f 4495 4491 4488
f 4495 4490 4491
f 4488 4493 4494
f 4495 4488 4494
f 4489 4494 4492
f 4489 4490 4494
f 4492 4493 4489
f 4488 4490 4489
f 2037 2039 2038
f 2040 2044 2043
f 2042 2043 2039
f 2045 2046 2040
f 2045 2041 2042
f 2046 2047 2044
f 2047 2039 2043
f 2046 2045 2037
f 2037 2038 2047
f 2046 2037 2047
f 2038 2039 2047
f 2047 2043 2044
f 2046 2044 2040
f 2045 2036 2037
f 2045 2042 2036
f 2045 2040 2041
f 2042 2039 2036
f 2043 2042 2041
f 2040 2043 2041
f 2036 2039 2037
f 3298 3300 3299
f 3301 3303 3302
f 3302 3300 3298
f 3301 3302 3298
f 3301 3300 3303
f 3299 3300 3301
f 3301 3298 3299
f 3303 3300 3302
f 1405 1408 1407
f 1409 1411 1410
f 1409 1410 1414
f 1413 1406 1407
f 1412 1407 1408
f 1411 1414 1410
f 1405 1406 1413
f 1405 1413 1414
f 1405 1414 1408
f 1408 1414 1411
f 1412 1408 1409
f 1409 1408 1411
f 1413 1407 1412
f 1409 1413 1412
f 1409 1414 1413
f 1405 1407 1406
f 2798 2800 2799
f 2801 2803 2802
f 2804 2805 2801
f 2804 2798 2799
f 2805 2804 2799
f 2805 2803 2801
f 2798 2805 2800
f 2798 2803 2805
f 2805 2799 2800
f 2803 2804 2802
f 2803 2798 2804
f 2804 2801 2802
f 4366 4358 4367
f 4360 4358 4359
f 4360 4365 4358
f 4363 4361 4359
f 4368 4363 4369
f 4361 4362 4364
f 4363 4364 4362
f 4369 4367 4368
f 4366 4367 4369
f 4365 4364 4363
f 4361 4364 4360
f 4365 4363 4368
f 4363 4359 4369
f 4369 4359 4366
f 4363 4362 4361
f 4368 4367 4358
f 4365 4368 4358
f 4360 4364 4365
f 4360 4359 4361
f 4359 4358 4366
f 1823 1825 1824
f 1824 1825 1827
f 1828 1826 1827
f 1825 1828 1827
f 1828 1824 1826
f 1823 1824 1828
f 1823 1828 1825
f 1824 1827 1826
f 4140 4137 4141
f 4137 4142 4141
f 4136 4138 4143
f 4136 4139 4138
f 4140 4143 4138
f 4140 4141 4142
f 4140 4142 4143
f 4140 4138 4139
f 4137 4139 4136
f 4136 4143 4142
f 4136 4142 4137
f 4139 4137 4140
f 6422 6424 6423
f 6424 6427 6426
f 6428 6425 6426
f 6427 6429 6428
f 6422 6428 6429
f 6424 6422 6429
f 6424 6429 6427
f 6425 6422 6423
f 6425 6428 6422
f 6427 6428 6426
f 6424 6425 6423
f 6424 6426 6425
f 1326 1328 1327
f 1329 1331 1330
f 1326 1331 1325
f 1327 1334 1332
f 1332 1329 1330
f 1334 1336 1335
f 1336 1333 1327
f 1329 1336 1328
f 1329 1328 1331
f 1331 1328 1325
f 1329 1335 1336
f 1336 1327 1328
f 1333 1336 1334
f 1335 1329 1334
f 1334 1329 1332
f 1333 1334 1327
f 1327 1332 1326
f 1330 1326 1332
f 1330 1331 1326
f 1325 1328 1326
f 6998 7000 6999
f 7001 7000 7002
f 7001 6998 6999
f 7003 7001 7002
f 6998 7002 7000
f 7003 7002 6998
f 7003 6998 7001
f 6999 7000 7001
f 1285 1287 1286
f 1286 1290 1289
f 1289 1290 1291
f 1289 1292 1288
f 1291 1290 1286
f 1288 1292 1287
f 1288 1287 1285
f 1291 1287 1292
f 1291 1286 1287
f 1291 1292 1289
f 1289 1288 1285
f 1286 1289 1285
f 7635 7637 7636
f 7638 7640 7639
f 7635 7640 7638
f 7640 7637 7639
f 7643 7634 7635
f 7639 7643 7641
f 7642 7636 7637
f 7639 7641 7638
f 7643 7635 7641
f 7634 7643 7639
f 7637 7634 7639
f 7640 7642 7637
f 7636 7640 7635
f 7635 7638 7641
f 7636 7642 7640
f 7634 7637 7635
f 5906 5908 5907
f 5909 5908 5906
f 5910 5912 5909
f 5909 5907 5908
f 5910 5911 5913
f 5913 5906 5907
f 5911 5906 5913
f 5910 5913 5912
f 5913 5909 5912
f 5913 5907 5909
f 5906 5911 5910
f 5909 5906 5910
f 5802 5804 5803
f 5805 5807 5806
f 5805 5809 5808
f 5810 5811 5809
f 5810 5808 5803
f 5802 5810 5804
f 5809 5802 5803
f 5811 5802 5809
f 5809 5803 5808
f 5811 5810 5802
f 5807 5805 5810
f 5810 5803 5804
f 5810 5805 5808
f 5809 5806 5807
f 5810 5809 5807
f 5806 5809 5805
f 3605 3607 3606
f 3608 3605 3606
f 3609 3607 3604
f 3608 3606 3607
f 3605 3608 3609
f 3605 3609 3604
f 3608 3607 3609
f 3604 3607 3605
f 4578 4580 4579
f 4581 4583 4582
f 4583 4585 4584
f 4585 4587 4586
f 4584 4582 4583
f 4578 4587 4580
f 4586 4578 4579
f 4586 4579 4585
f 4585 4579 4584
f 4586 4587 4578
f 4580 4587 4579
f 4579 4587 4584
f 4584 4587 4582
f 4582 4585 4581
f 4582 4587 4585
f 4581 4585 4583
f 6558 6560 6559
f 6560 6563 6562
f 6561 6562 6564
f 6564 6565 6558
f 6562 6565 6564
f 6560 6565 6563
f 6558 6565 6560
f 6563 6565 6562
f 6564 6559 6561
f 6564 6558 6559
f 6562 6561 6559
f 6560 6562 6559
f 6352 6355 6354
f 6353 6356 6352
f 6355 6356 6357
f 6355 6357 6354
f 6356 6354 6357
f 6353 6354 6356
f 6352 6356 6355
f 6352 6354 6353
f 7420 7422 7421
f 7422 7420 7424
f 7423 7424 7426
f 7421 7427 7426
f 7423 7421 7422
f 7425 7426 7427
f 7427 7421 7425
f 7425 7421 7423
f 7421 7424 7420
f 7421 7426 7424
f 7423 7426 7425
f 7422 7424 7423
f 7826 7828 7827
f 7830 7832 7831
f 7827 7831 7832
f 7829 7833 7828
f 7830 7833 7829
f 7827 7828 7833
f 7827 7830 7831
f 7827 7833 7830
f 7829 7826 7832
f 7829 7828 7826
f 7827 7832 7826
f 7829 7832 7830
f 1989 1991 1990
f 1992 1994 1993
f 1995 1994 1992
f 1990 1995 1989
f 1989 1993 1988
f 1994 1991 1988
f 1994 1988 1993
f 1992 1993 1995
f 1995 1993 1989
f 1991 1994 1990
f 1990 1994 1995
f 1988 1991 1989
f 7674 7676 7675
f 7677 7679 7678
f 7675 7677 7678
f 7678 7679 7676
f 7679 7675 7676
f 7677 7675 7679
f 7678 7676 7674
f 7675 7678 7674
f 2470 2473 2472
f 2474 2473 2470
f 2478 2471 2472
f 2474 2478 2479
f 2476 2471 2482
f 2482 2478 2475
f 2481 2472 2473
f 2480 2474 2479
f 2483 2480 2481
f 2477 2480 2483
f 2477 2474 2480
f 2481 2477 2483
f 2481 2473 2477
f 2482 2475 2476
f 2470 2471 2476
f 2475 2478 2474
f 2478 2472 2479
f 2479 2472 2480
f 2478 2482 2471
f 2480 2472 2481
f 2470 2476 2475
f 2474 2470 2475
f 2474 2477 2473
f 2470 2472 2471
f 6047 6049 6048
f 6050 6049 6046
f 6048 6051 6047
f 6049 6050 6051
f 6047 6051 6050
f 6047 6050 6046
f 6049 6051 6048
f 6046 6049 6047
f 6266 6270 6269
f 6266 6273 6272
f 6270 6276 6275
f 6272 6276 6278
f 6271 6278 6276
f 6278 6271 6266
f 6269 6279 6268
f 6277 6273 6267
f 6274 6277 6279
f 6275 6277 6274
f 6277 6268 6279
f 6277 6267 6268
f 6274 6279 6269
f 6278 6266 6272
f 6271 6276 6270
f 6277 6275 6273
f 6273 6276 6272
f 6273 6275 6276
f 6270 6275 6269
f 6269 6275 6274
f 6267 6273 6266
f 6266 6269 6267
f 6267 6269 6268
f 6266 6271 6270
f 4437 4440 4439
f 4442 4439 4440
f 4443 4447 4446
f 4437 4446 4436
f 4446 4447 4441
f 4440 4447 4443
f 4437 4449 4448
f 4444 4439 4442
f 4448 4449 4444
f 4448 4444 4445
f 4438 4439 4449
f 4449 4439 4444
f 4438 4449 4437
f 4441 4447 4440
f 4446 4441 4436
f 4445 4437 4448
f 4445 4446 4437
f 4442 4445 4444
f 4442 4446 4445
f 4442 4443 4446
f 4442 4440 4443
f 4436 4440 4437
f 4437 4439 4438
f 4436 4441 4440
f 2698 2701 2700
f 2705 2704 2703
f 2702 2698 2699
f 2701 2706 2709
f 2707 2700 2701
f 2703 2711 2709
f 2711 2704 2712
f 2704 2705 2710
f 2708 2713 2710
f 2708 2709 2711
f 2711 2712 2713
f 2708 2711 2713
f 2708 2710 2707
f 2710 2713 2712
f 2704 2710 2712
f 2703 2704 2711
f 2703 2706 2702
f 2703 2709 2706
f 2705 2707 2710
f 2705 2700 2707
f 2709 2708 2707
f 2701 2709 2707
f 2701 2698 2706
f 2706 2698 2702
f 2700 2702 2699
f 2700 2703 2702
f 2700 2705 2703
f 2698 2700 2699
f 5592 5596 5595
f 5592 5593 5597
f 5594 5595 5598
f 5594 5597 5593
f 5598 5596 5599
f 5597 5599 5596
f 5597 5596 5592
f 5595 5596 5598
f 5599 5597 5598
f 5598 5597 5594
f 5592 5594 5593
f 5592 5595 5594
f 2769 2772 2771
f 2774 2769 2770
f 2772 2775 2771
f 2777 2769 2774
f 2776 2777 2775
f 2771 2774 2770
f 2776 2773 2768
f 2777 2774 2775
f 2775 2774 2771
f 2776 2772 2773
f 2776 2775 2772
f 2768 2769 2776
f 2776 2769 2777
f 2768 2772 2769
f 2769 2771 2770
f 2768 2773 2772
f 6904 6906 6905
f 6907 6909 6908
f 6906 6904 6909
f 6907 6908 6905
f 6909 6904 6905
f 6909 6905 6908
f 6907 6905 6906
f 6906 6909 6907
f 2748 2750 2749
f 2751 2750 2754
f 2755 2751 2752
f 2748 2749 2751
f 2753 2754 2757
f 2756 2750 2748
f 2755 2757 2756
f 2753 2755 2752
f 2753 2757 2755
f 2754 2756 2757
f 2754 2750 2756
f 2748 2755 2756
f 2748 2751 2755
f 2751 2754 2752
f 2752 2754 2753
f 2751 2749 2750
f 1968 1972 1969
f 1971 1968 1969
f 1969 1973 1970
f 1969 1972 1973
f 1975 1967 1968
f 1967 1970 1973
f 1971 1976 1977
f 1975 1977 1976
f 1975 1976 1974
f 1970 1976 1971
f 1974 1970 1967
f 1967 1973 1972
f 1974 1976 1970
f 1974 1967 1975
f 1969 1970 1971
f 1975 1971 1977
f 1975 1968 1971
f 1967 1972 1968
f 7020 7022 7021
f 7023 7024 7020
f 7026 7018 7019
f 7020 7026 7019
f 7025 7027 7024
f 7026 7027 7025
f 7021 7022 7023
f 7018 7023 7022
f 7018 7025 7023
f 7023 7025 7024
f 7027 7026 7024
f 7024 7026 7020
f 7025 7018 7026
f 7023 7020 7021
f 7018 7022 7019
f 7019 7022 7020
f 7036 7039 7038
f 7039 7041 7040
f 7036 7041 7039
f 7038 7040 7037
f 7040 7041 7036
f 7040 7036 7037
f 7039 7040 7038
f 7036 7038 7037
f 99 101 100
f 102 104 103
f 101 99 102
f 103 100 101
f 100 102 99
f 104 102 100
f 104 100 103
f 101 102 103
f 218 220 219
f 220 217 221
f 218 223 222
f 221 222 224
f 224 222 223
f 224 218 219
f 223 218 224
f 221 219 220
f 221 224 219
f 218 221 217
f 218 222 221
f 217 220 218
f 2676 2678 2677
f 2677 2678 2679
f 2678 2676 2679
f 2679 2676 2677
f 6986 6988 6987
f 6990 6986 6987
f 6990 6991 6989
f 6986 6991 6988
f 6987 6988 6991
f 6987 6991 6990
f 6989 6991 6986
f 6989 6986 6990
f 4572 4574 4573
f 4575 4577 4576
f 4575 4572 4577
f 4572 4576 4577
f 4574 4575 4576
f 4574 4576 4573
f 4573 4576 4572
f 4574 4572 4575
f 5687 5690 5689
f 5693 5695 5694
f 5692 5696 5691
f 5697 5699 5698
f 5695 5697 5694
f 5702 5704 5703
f 5690 5691 5696
f 5698 5704 5705
f 5702 5696 5692
f 5705 5693 5694
f 5701 5688 5689
f 5701 5687 5688
f 5695 5687 5701
f 5701 5689 5697
f 5705 5694 5700
f 5704 5693 5705
f 5704 5692 5693
f 5704 5702 5692
f 5699 5704 5698
f 5698 5705 5700
f 5699 5703 5704
f 5699 5702 5703
f 5699 5690 5702
f 5702 5690 5696
f 5698 5700 5694
f 5697 5698 5694
f 5695 5701 5697
f 5690 5699 5689
f 5689 5699 5697
f 5692 5691 5686
f 5686 5687 5692
f 5692 5687 5693
f 5693 5687 5695
f 5686 5690 5687
f 5687 5689 5688
f 5686 5691 5690
f 2376 2378 2377
f 2377 2378 2380
f 2381 2379 2380
f 2377 2379 2381
f 2380 2376 2381
f 2378 2376 2380
f 2377 2381 2376
f 2377 2380 2379
f 2216 2218 2217
f 2218 2219 2217
f 2216 2217 2219
f 2218 2216 2219
f 4412 4415 4414
f 4416 4418 4417
f 4412 4413 4420
f 4413 4414 4420
f 4416 4419 4418
f 4421 4417 4420
f 4412 4421 4415
f 4419 4421 4412
f 4421 4414 4415
f 4421 4420 4414
f 4421 4416 4417
f 4421 4419 4416
f 4419 4412 4418
f 4418 4412 4417
f 4417 4412 4420
f 4412 4414 4413
f 7554 7556 7555
f 7557 7559 7558
f 7558 7556 7554
f 7556 7559 7557
f 7555 7557 7558
f 7555 7558 7554
f 7556 7557 7555
f 7559 7556 7558
f 6776 6778 6777
f 6779 6781 6780
f 6777 6782 6779
f 6781 6783 6778
f 6783 6781 6779
f 6777 6783 6782
f 6778 6783 6777
f 6783 6779 6782
f 6781 6776 6780
f 6781 6778 6776
f 6777 6780 6776
f 6777 6779 6780
f 2117 2119 2118
f 2120 2119 2121
f 2117 2124 2116
f 2119 2125 2121
f 2127 2117 2118
f 2125 2128 2127
f 2126 2127 2128
f 2128 2125 2124
f 2123 2126 2129
f 2123 2129 2122
f 2124 2122 2129
f 2128 2124 2129
f 2126 2128 2129
f 2125 2120 2121
f 2125 2127 2120
f 2126 2117 2127
f 2127 2118 2120
f 2126 2123 2117
f 2124 2125 2116
f 2116 2125 2119
f 2122 2124 2123
f 2123 2124 2117
f 2118 2119 2120
f 2116 2119 2117
f 3000 3004 3003
f 3005 3009 3008
f 3005 3006 3002
f 3008 3001 3007
f 3009 3003 3004
f 3001 3006 3007
f 3009 3004 3000
f 3009 3000 3008
f 3002 3006 3001
f 3005 3003 3009
f 3000 3001 3008
f 3005 3002 3003
f 3005 3008 3006
f 3006 3008 3007
f 3000 3002 3001
f 3000 3003 3002
f 7494 7497 7496
f 7497 7498 7496
f 7499 7501 7500
f 7501 7495 7496
f 7497 7499 7500
f 7501 7494 7495
f 7499 7494 7501
f 7494 7499 7497
f 7497 7500 7498
f 7496 7498 7500
f 7501 7496 7500
f 7494 7496 7495
f 5706 5708 5707
f 5709 5711 5710
f 5710 5706 5712
f 5709 5712 5713
f 5709 5708 5711
f 5713 5706 5707
f 5712 5706 5713
f 5707 5709 5713
f 5707 5708 5709
f 5710 5712 5709
f 5708 5710 5711
f 5708 5706 5710
f 209 211 210
f 212 214 213
f 215 212 213
f 215 213 214
f 210 212 209
f 210 211 215
f 210 215 216
f 214 212 216
f 216 212 210
f 215 214 216
f 209 215 211
f 209 212 215
f 5879 5882 5881
f 5881 5882 5883
f 5884 5878 5879
f 5883 5884 5885
f 5883 5880 5881
f 5879 5880 5885
f 5879 5885 5884
f 5885 5880 5883
f 5878 5884 5882
f 5882 5884 5883
f 5878 5882 5879
f 5879 5881 5880
f 2242 2246 2245
f 2242 2248 2247
f 2246 2251 2250
f 2250 2247 2248
f 2247 2251 2246
f 2253 2244 2245
f 2252 2248 2243
f 2252 2249 2250
f 2253 2249 2252
f 2243 2244 2253
f 2252 2243 2253
f 2253 2245 2249
f 2247 2246 2242
f 2251 2247 2250
f 2250 2248 2252
f 2250 2249 2245
f 2246 2250 2245
f 2243 2248 2242
f 2245 2244 2243
f 2242 2245 2243
f 6085 6083 6087
f 6083 6088 6087
f 6085 6082 6083
f 6084 6088 6082
f 6086 6089 6084
f 6089 6087 6088
f 6086 6087 6089
f 6086 6084 6085
f 6089 6088 6084
f 6084 6082 6085
f 6082 6088 6083
f 6085 6087 6086
f 5854 5857 5856
f 5858 5860 5859
f 5859 5862 5861
f 5861 5863 5855
f 5858 5863 5864
f 5862 5863 5861
f 5858 5864 5865
f 5860 5862 5859
f 5865 5862 5860
f 5858 5865 5860
f 5864 5863 5865
f 5865 5863 5862
f 5855 5858 5854
f 5855 5863 5858
f 5861 5855 5856
f 5861 5856 5857
f 5859 5861 5857
f 5859 5857 5854
f 5858 5859 5854
f 5854 5856 5855
f 6882 6885 6884
f 6886 6888 6887
f 6884 6887 6888
f 6882 6883 6889
f 6886 6887 6884
f 6882 6886 6885
f 6888 6886 6889
f 6889 6886 6882
f 6886 6884 6885
f 6884 6889 6883
f 6884 6888 6889
f 6882 6884 6883
f 2278 2280 2279
f 2279 2280 2283
f 2282 2284 2281
f 2283 2278 2285
f 2279 2284 2285
f 2282 2283 2285
f 2282 2285 2284
f 2281 2284 2279
f 2279 2285 2278
f 2280 2278 2283
f 2279 2282 2281
f 2279 2283 2282
f 5744 5747 5746
f 5748 5750 5749
f 5750 5745 5746
f 5746 5751 5748
f 5751 5747 5744
f 5751 5745 5750
f 5744 5745 5751
f 5751 5750 5748
f 5747 5751 5746
f 5746 5748 5749
f 5750 5746 5749
f 5744 5746 5745
f 3712 3714 3713
f 3715 3713 3714
f 3714 3712 3715
f 3715 3712 3713
f 5424 5423 5422
f 5426 5421 5422
f 5427 5423 5428
f 5429 5430 5418
f 5431 5432 5425
f 5424 5428 5423
f 5433 5425 5432
f 5419 5420 5429
f 5429 5420 5421
f 5428 5433 5432
f 5427 5431 5426
f 5427 5432 5431
f 5427 5428 5432
f 5430 5426 5431
f 5430 5421 5426
f 5430 5429 5421
f 5424 5425 5433
f 5433 5428 5424
f 5431 5425 5430
f 5430 5425 5418
f 5429 5418 5419
f 5422 5423 5427
f 5426 5422 5427
f 5418 5421 5419
f 5419 5421 5420
f 5418 5425 5422
f 5418 5422 5421
f 5425 5424 5422
f 6127 6130 6129
f 6129 6131 6128
f 6128 6132 6127
f 6133 6127 6132
f 6126 6133 6130
f 6129 6130 6133
f 6129 6132 6131
f 6129 6133 6132
f 6126 6127 6133
f 6131 6132 6128
f 6126 6130 6127
f 6127 6129 6128
f 3494 3497 3496
f 3498 3496 3497
f 3499 3494 3495
f 3499 3496 3498
f 3498 3497 3494
f 3498 3494 3499
f 3495 3496 3499
f 3494 3496 3495
f 1299 1302 1301
f 1306 1301 1302
f 1307 1308 1311
f 1303 1313 1312
f 1318 1317 1316
f 1305 1314 1315
f 1317 1318 1306
f 1316 1311 1312
f 1315 1303 1304
f 1301 1309 1300
f 1309 1316 1300
f 1306 1318 1314
f 1306 1314 1305
f 1317 1299 1300
f 1316 1317 1300
f 1309 1310 1316
f 1307 1309 1301
f 1313 1303 1315
f 1310 1311 1316
f 1317 1302 1299
f 1317 1306 1302
f 1305 1315 1304
f 1312 1313 1315
f 1314 1312 1315
f 1314 1318 1316
f 1314 1316 1312
f 1312 1311 1308
f 1303 1312 1308
f 1307 1310 1309
f 1307 1311 1310
f 1303 1308 1304
f 1304 1308 1305
f 1305 1308 1307
f 1305 1301 1306
f 1305 1307 1301
f 1299 1301 1300
f 5434 5436 5435
f 5438 5440 5439
f 5438 5439 5441
f 5443 5440 5437
f 5443 5436 5434
f 5437 5436 5443
f 5440 5442 5434
f 5439 5435 5441
f 5439 5440 5435
f 5435 5440 5434
f 5441 5435 5438
f 5438 5436 5437
f 5438 5435 5436
f 5443 5434 5442
f 5442 5440 5443
f 5437 5440 5438
f 6874 6877 6876
f 6877 6874 6878
f 6878 6880 6879
f 6875 6879 6881
f 6875 6878 6874
f 6879 6880 6881
f 6880 6878 6881
f 6881 6878 6875
f 6876 6879 6875
f 6878 6876 6877
f 6878 6879 6876
f 6874 6876 6875
f 3928 3930 3929
f 3931 3933 3932
f 3933 3931 3929
f 3932 3929 3931
f 3928 3932 3933
f 3928 3933 3930
f 3928 3929 3932
f 3933 3929 3930
f 4104 4106 4105
f 4102 4103 4107
f 4108 4104 4105
f 4106 4109 4105
f 4106 4108 4109
f 4104 4108 4107
f 4104 4107 4103
f 4107 4106 4102
f 4107 4108 4106
f 4108 4105 4109
f 4102 4106 4103
f 4103 4106 4104
f 6038 6040 6039
f 6041 6043 6042
f 6040 6044 6043
f 6038 6042 6045
f 6044 6038 6045
f 6042 6044 6045
f 6043 6044 6042
f 6040 6038 6044
f 6041 6038 6039
f 6041 6042 6038
f 6040 6041 6039
f 6040 6043 6041
f 2338 2342 2341
f 2345 2338 2346
f 2340 2351 2350
f 2342 2343 2351
f 2345 2349 2350
f 2352 2353 2347
f 2343 2350 2351
f 2345 2348 2349
f 2346 2353 2352
f 2339 2347 2353
f 2340 2347 2339
f 2339 2346 2338
f 2339 2353 2346
f 2352 2348 2346
f 2346 2348 2345
f 2344 2350 2343
f 2352 2347 2348
f 2345 2350 2344
f 2342 2351 2341
f 2349 2348 2347
f 2340 2349 2347
f 2340 2341 2351
f 2340 2350 2349
f 2338 2345 2344
f 2343 2338 2344
f 2343 2342 2338
f 2338 2340 2339
f 2338 2341 2340
f 1257 1259 1258
f 1260 1262 1261
f 1258 1260 1261
f 1261 1262 1259
f 1260 1258 1259
f 1260 1259 1262
f 1261 1259 1257
f 1258 1261 1257
f 6218 6220 6219
f 6221 6223 6222
f 6218 6223 6221
f 6220 6221 6222
f 6222 6223 6218
f 6222 6218 6219
f 6220 6222 6219
f 6218 6221 6220
f 3935 3938 3937
f 3934 3935 3940
f 3941 3943 3942
f 3936 3941 3940
f 3939 3942 3943
f 3941 3942 3939
f 3937 3938 3943
f 3941 3939 3940
f 3943 3938 3934
f 3939 3943 3934
f 3936 3940 3935
f 3937 3943 3936
f 3936 3943 3941
f 3934 3940 3939
f 3934 3938 3935
f 3935 3937 3936
f 2622 2624 2623
f 2623 2624 2625
f 2622 2625 2624
f 2623 2625 2622
f 777 779 778
f 777 778 780
f 779 780 778
f 777 780 779
f 4450 4452 4451
f 4453 4455 4454
f 4457 4459 4458
f 4458 4460 4457
f 4455 4451 4454
f 4461 4459 4456
f 4461 4460 4458
f 4453 4452 4461
f 4451 4453 4454
f 4451 4452 4453
f 4452 4450 4461
f 4461 4458 4459
f 4461 4450 4460
f 4456 4455 4453
f 4461 4456 4453
f 4460 4456 4457
f 4460 4450 4456
f 4456 4450 4451
f 4456 4451 4455
f 4456 4459 4457
f 177 180 179
f 177 181 180
f 180 181 184
f 182 183 185
f 183 186 185
f 184 181 177
f 178 182 185
f 179 182 178
f 178 185 186
f 184 178 186
f 184 177 178
f 184 186 183
f 179 180 182
f 182 184 183
f 182 180 184
f 177 179 178
f 3049 3051 3050
f 3052 3048 3049
f 3053 3050 3051
f 3052 3050 3053
f 3051 3048 3052
f 3051 3052 3053
f 3049 3050 3052
f 3048 3051 3049
f 4240 4243 4242
f 4242 4243 4244
f 4246 4240 4241
f 4240 4247 4244
f 4246 4247 4245
f 4241 4244 4247
f 4242 4244 4241
f 4241 4247 4246
f 4245 4247 4240
f 4240 4244 4243
f 4245 4240 4246
f 4240 4242 4241
f 5714 5716 5715
f 5717 5714 5715
f 5717 5716 5714
f 5716 5717 5715
f 7060 7064 7063
f 7065 7062 7063
f 7064 7060 7066
f 7065 7067 7061
f 7063 7064 7066
f 7060 7061 7067
f 7060 7067 7066
f 7063 7067 7065
f 7063 7066 7067
f 7065 7061 7062
f 7063 7062 7061
f 7060 7063 7061
f 6791 6794 6793
f 6797 6800 6799
f 6795 6796 6797
f 6790 6791 6800
f 6793 6798 6799
f 6796 6790 6801
f 6800 6791 6792
f 6793 6794 6802
f 6798 6803 6802
f 6798 6802 6797
f 6793 6802 6803
f 6800 6792 6799
f 6795 6790 6796
f 6803 6798 6793
f 6793 6799 6792
f 6790 6800 6801
f 6795 6797 6794
f 6794 6797 6802
f 6796 6800 6797
f 6797 6799 6798
f 6796 6801 6800
f 6790 6795 6791
f 6791 6793 6792
f 6791 6795 6794
f 3716 3719 3718
f 3719 3716 3722
f 3719 3723 3718
f 3722 3725 3724
f 3723 3717 3718
f 3726 3723 3720
f 3722 3727 3721
f 3724 3725 3726
f 3724 3726 3727
f 3724 3727 3722
f 3726 3721 3727
f 3726 3720 3721
f 3725 3723 3726
f 3725 3717 3723
f 3717 3722 3716
f 3717 3725 3722
f 3720 3723 3719
f 3719 3722 3720
f 3720 3722 3721
f 3716 3718 3717
f 5996 5999 5998
f 6001 5997 5998
f 6002 5996 6003
f 5996 5997 6000
f 5999 6002 6001
f 6003 6000 6001
f 6003 6001 6002
f 5999 6001 5998
f 5996 6000 6003
f 5999 5996 6002
f 6000 5997 6001
f 5996 5998 5997
f 7336 7339 7338
f 7340 7337 7338
f 7341 7339 7336
f 7340 7338 7339
f 7336 7337 7340
f 7336 7340 7341
f 7340 7339 7341
f 7336 7338 7337
f 4462 4464 4463
f 4465 4467 4464
f 4465 4466 4468
f 4463 4467 4469
f 4462 4468 4466
f 4465 4468 4469
f 4465 4469 4467
f 4469 4462 4463
f 4469 4468 4462
f 4464 4467 4463
f 4465 4462 4466
f 4465 4464 4462
f 6963 6965 6964
f 6962 6963 6966
f 6967 6964 6965
f 6966 6965 6962
f 6963 6967 6966
f 6964 6967 6963
f 6967 6965 6966
f 6962 6965 6963
f 6825 6827 6826
f 6830 6827 6824
f 6829 6831 6828
f 6825 6830 6824
f 6829 6833 6831
f 6832 6825 6826
f 6831 6827 6828
f 6826 6827 6833
f 6833 6827 6831
f 6832 6826 6833
f 6832 6829 6830
f 6832 6833 6829
f 6832 6830 6825
f 6828 6827 6829
f 6829 6827 6830
f 6824 6827 6825
f 5849 5851 5850
f 5851 5852 5850
f 5853 5850 5852
f 5851 5853 5852
f 5848 5849 5853
f 5848 5853 5851
f 5849 5850 5853
f 5848 5851 5849
f 7088 7090 7089
f 7089 7092 7088
f 7091 7089 7090
f 7092 7091 7093
f 7090 7088 7092
f 7090 7092 7093
f 7091 7090 7093
f 7091 7092 7089
f 7342 7344 7343
f 7345 7347 7346
f 7345 7344 7342
f 7347 7343 7344
f 7347 7342 7343
f 7345 7342 7347
f 7347 7344 7346
f 7346 7344 7345
f 2254 2257 2256
f 2256 2257 2258
f 2255 2258 2259
f 2259 2254 2255
f 2258 2257 2254
f 2258 2254 2259
f 2256 2258 2255
f 2254 2256 2255
f 7898 7900 7899
f 7901 7900 7898
f 7900 7901 7899
f 7901 7898 7899
f 7100 7103 7102
f 7104 7106 7105
f 7102 7107 7101
f 7105 7101 7107
f 7106 7104 7107
f 7105 7106 7103
f 7105 7103 7100
f 7107 7102 7103
f 7106 7107 7103
f 7100 7101 7105
f 7105 7107 7104
f 7100 7102 7101
f 2388 2390 2389
f 2388 2389 2391
f 2391 2389 2390
f 2391 2390 2388
f 199 203 202
f 204 200 201
f 205 203 199
f 203 207 202
f 199 204 208
f 201 207 208
f 206 208 207
f 206 207 205
f 202 207 201
f 201 208 204
f 200 204 199
f 199 208 206
f 205 207 203
f 205 199 206
f 199 201 200
f 199 202 201
f 4768 4772 4771
f 4773 4777 4776
f 4777 4768 4776
f 4770 4771 4773
f 4775 4769 4770
f 4772 4773 4771
f 4776 4768 4769
f 4776 4769 4775
f 4777 4773 4772
f 4775 4770 4774
f 4770 4773 4774
f 4772 4768 4777
f 4773 4775 4774
f 4773 4776 4775
f 4768 4770 4769
f 4768 4771 4770
f 3288 3290 3289
f 3292 3294 3293
f 3294 3297 3296
f 3293 3296 3292
f 3289 3297 3288
f 3297 3295 3290
f 3295 3294 3291
f 3291 3289 3290
f 3295 3291 3290
f 3297 3290 3288
f 3292 3296 3291
f 3291 3297 3289
f 3291 3296 3297
f 3295 3297 3294
f 3294 3296 3293
f 3291 3294 3292
f 2236 2239 2238
f 2240 2236 2237
f 2241 2237 2238
f 2238 2239 2241
f 2241 2239 2236
f 2241 2236 2240
f 2240 2237 2241
f 2236 2238 2237
f 7464 7463 7462
f 7467 7465 7458
f 7472 7468 7473
f 7472 7473 7475
f 7460 7471 7472
f 7469 7470 7461
f 7463 7479 7478
f 7468 7459 7475
f 7471 7460 7461
f 7466 7464 7465
f 7476 7462 7463
f 7466 7467 7474
f 7478 7479 7474
f 7478 7474 7476
f 7476 7474 7469
f 7474 7479 7477
f 7466 7474 7477
f 7476 7463 7478
f 7477 7464 7466
f 7471 7461 7470
f 7458 7459 7468
f 7468 7475 7473
f 7477 7479 7464
f 7464 7479 7463
f 7469 7462 7476
f 7469 7461 7462
f 7472 7475 7459
f 7460 7472 7459
f 7469 7471 7470
f 7469 7468 7471
f 7469 7474 7467
f 7471 7468 7472
f 7469 7467 7468
f 7466 7465 7467
f 7467 7458 7468
f 7458 7460 7459
f 7458 7461 7460
f 7458 7462 7461
f 7465 7462 7458
f 7465 7464 7462
f 847 849 848
f 847 848 850
f 848 849 850
f 847 850 849
f 6009 6012 6011
f 6013 6017 6016
f 6009 6013 6014
f 6011 6012 6015
f 6017 6021 6020
f 6014 6015 6012
f 6016 6020 6019
f 6013 6009 6010
f 6020 6021 6010
f 6010 6011 6019
f 6020 6010 6019
f 6013 6021 6018
f 6013 6010 6021
f 6017 6020 6016
f 6014 6012 6008
f 6018 6021 6017
f 6011 6016 6019
f 6011 6015 6016
f 6009 6014 6008
f 6016 6015 6014
f 6013 6016 6014
f 6013 6018 6017
f 6008 6012 6009
f 6009 6011 6010
f 6698 6700 6699
f 6699 6703 6702
f 6703 6704 6702
f 6698 6701 6705
f 6701 6702 6704
f 6698 6705 6704
f 6698 6703 6700
f 6698 6704 6703
f 6701 6704 6705
f 6699 6701 6698
f 6700 6703 6699
f 6699 6702 6701
f 4284 4286 4285
f 4287 4289 4288
f 4290 4291 4287
f 4289 4290 4288
f 4291 4290 4289
f 4287 4291 4286
f 4287 4286 4284
f 4291 4285 4286
f 4291 4289 4285
f 4290 4287 4288
f 4285 4287 4284
f 4285 4289 4287
f 4564 4566 4565
f 4568 4570 4569
f 4569 4570 4571
f 4567 4566 4564
f 4568 4569 4571
f 4565 4571 4570
f 4565 4567 4564
f 4565 4570 4567
f 4571 4565 4566
f 4568 4571 4566
f 4568 4566 4567
f 4567 4570 4568
f 1415 1418 1417
f 1419 1417 1418
f 1415 1419 1418
f 1420 1415 1416
f 1416 1419 1420
f 1417 1419 1416
f 1420 1419 1415
f 1415 1417 1416
f 1293 1296 1295
f 1297 1296 1293
f 1297 1294 1298
f 1294 1295 1298
f 1297 1298 1295
f 1297 1295 1296
f 1293 1294 1297
f 1293 1295 1294
f 5724 5726 5725
f 5725 5726 5727
f 5727 5726 5724
f 5724 5725 5727
f 3248 3250 3249
f 3251 3254 3253
f 3255 3250 3248
f 3253 3255 3252
f 3254 3255 3253
f 3254 3248 3249
f 3251 3248 3254
f 3250 3254 3249
f 3250 3255 3254
f 3255 3251 3252
f 3255 3248 3251
f 3251 3253 3252
f 2261 2263 2262
f 2263 2264 2262
f 2265 2261 2262
f 2265 2260 2261
f 2265 2264 2263
f 2265 2263 2260
f 2265 2262 2264
f 2260 2263 2261
f 1421 1423 1422
f 1424 1427 1426
f 1422 1426 1421
f 1429 1431 1430
f 1427 1424 1431
f 1429 1432 1428
f 1432 1429 1430
f 1431 1428 1432
f 1424 1428 1431
f 1431 1432 1430
f 1424 1425 1428
f 1429 1422 1423
f 1429 1428 1422
f 1426 1427 1421
f 1421 1427 1423
f 1423 1427 1429
f 1427 1431 1429
f 1425 1422 1428
f 1425 1426 1422
f 1424 1426 1425
f 2266 2269 2268
f 2270 2272 2271
f 2274 2266 2267
f 2268 2269 2270
f 2274 2267 2268
f 2277 2273 2274
f 2275 2277 2276
f 2273 2277 2271
f 2273 2271 2272
f 2271 2275 2270
f 2271 2277 2275
f 2277 2274 2276
f 2274 2275 2276
f 2274 2268 2275
f 2268 2270 2275
f 2272 2274 2273
f 2272 2266 2274
f 2266 2270 2269
f 2266 2272 2270
f 2266 2268 2267
f 5920 5922 5921
f 5923 5925 5924
f 5921 5922 5923
f 5923 5920 5925
f 5921 5924 5925
f 5921 5925 5920
f 5922 5920 5923
f 5921 5923 5924
f 1163 1166 1165
f 1167 1169 1168
f 1169 1170 1168
f 1164 1171 1170
f 1171 1172 1167
f 1172 1171 1165
f 1166 1163 1169
f 1166 1167 1172
f 1166 1169 1167
f 1172 1165 1166
f 1171 1168 1170
f 1171 1167 1168
f 1165 1171 1164
f 1164 1169 1163
f 1164 1170 1169
f 1163 1165 1164
f 4544 4546 4545
f 4551 4550 4549
f 4552 4549 4550
f 4553 4551 4547
f 4545 4555 4544
f 4552 4550 4551
f 4544 4553 4547
f 4552 4548 4549
f 4554 4548 4552
f 4555 4553 4544
f 4544 4547 4546
f 4554 4553 4555
f 4554 4552 4553
f 4553 4552 4551
f 4554 4545 4548
f 4554 4555 4545
f 4547 4545 4546
f 4547 4551 4545
f 4545 4551 4548
f 4551 4549 4548
f 4470 4472 4471
f 4472 4474 4473
f 4474 4475 4473
f 4471 4473 4475
f 4475 4472 4470
f 4474 4472 4475
f 4471 4475 4470
f 4472 4473 4471
f 7400 7403 7402
f 7404 7406 7405
f 7405 7403 7400
f 7403 7409 7410
f 7404 7410 7411
f 7412 7407 7408
f 7413 7405 7406
f 7407 7411 7410
f 7413 7404 7411
f 7406 7404 7413
f 7413 7411 7412
f 7412 7411 7407
f 7407 7410 7409
f 7408 7405 7413
f 7412 7408 7413
f 7402 7404 7401
f 7402 7410 7404
f 7403 7410 7402
f 7407 7409 7408
f 7408 7409 7405
f 7405 7409 7403
f 7405 7400 7401
f 7404 7405 7401
f 7400 7402 7401
f 6992 6994 6993
f 6995 6993 6994
f 6997 6996 6994
f 6997 6995 6996
f 6993 6995 6997
f 6993 6997 6992
f 6997 6994 6992
f 6995 6994 6996
f 6030 6033 6032
f 6034 6036 6035
f 6036 6032 6035
f 6032 6034 6035
f 6036 6034 6037
f 6033 6030 6037
f 6036 6030 6031
f 6036 6037 6030
f 6037 6034 6033
f 6033 6034 6032
f 6031 6032 6036
f 6030 6032 6031
f 561 563 562
f 564 566 565
f 565 566 563
f 562 564 565
f 563 564 562
f 566 564 563
f 562 565 561
f 565 563 561
f 4784 4786 4785
f 4787 4789 4788
f 4784 4788 4789
f 4789 4785 4786
f 4787 4784 4785
f 4788 4784 4787
f 4787 4785 4789
f 4784 4789 4786
f 2860 2863 2862
f 2861 2862 2864
f 2865 2860 2861
f 2865 2863 2860
f 2865 2864 2862
f 2865 2862 2863
f 2865 2861 2864
f 2860 2862 2861
f 6286 6288 6287
f 6289 6290 6288
f 6291 6290 6289
f 6291 6287 6288
f 6291 6286 6287
f 6289 6286 6291
f 6291 6288 6290
f 6289 6288 6286
f 1101 1104 1103
f 1103 1104 1106
f 1108 1109 1101
f 1101 1109 1110
f 1111 1108 1102
f 1112 1114 1113
f 1110 1114 1111
f 1113 1110 1109
f 1108 1111 1114
f 1108 1112 1107
f 1108 1114 1112
f 1109 1107 1112
f 1113 1109 1112
f 1111 1105 1106
f 1110 1111 1106
f 1110 1113 1114
f 1102 1103 1105
f 1111 1102 1105
f 1101 1106 1104
f 1101 1110 1106
f 1107 1109 1108
f 1108 1101 1102
f 1103 1106 1105
f 1101 1103 1102
f 2096 2098 2097
f 2099 2101 2100
f 2103 2101 2099
f 2096 2101 2102
f 2097 2098 2102
f 2103 2099 2100
f 2103 2096 2097
f 2103 2100 2096
f 2097 2102 2103
f 2100 2101 2096
f 2096 2102 2098
f 2102 2101 2103
f 6898 6900 6899
f 6901 6902 6900
f 6903 6902 6901
f 6902 6903 6899
f 6899 6903 6901
f 6899 6901 6898
f 6902 6899 6900
f 6901 6900 6898
f 2814 2817 2816
f 2819 2820 2817
f 2820 2821 2816
f 2814 2815 2823
f 2823 2815 2816
f 2825 2824 2821
f 2822 2818 2819
f 2823 2825 2822
f 2824 2825 2823
f 2825 2818 2822
f 2821 2820 2818
f 2825 2821 2818
f 2823 2821 2824
f 2823 2816 2821
f 2814 2823 2819
f 2819 2823 2822
f 2820 2816 2817
f 2818 2820 2819
f 2819 2817 2814
f 2814 2816 2815
f 70 69 68
f 67 68 73
f 69 74 73
f 72 77 76
f 65 76 77
f 74 69 70
f 78 72 75
f 66 76 65
f 66 67 71
f 66 71 78
f 75 66 78
f 75 76 66
f 71 72 78
f 74 70 77
f 65 77 70
f 73 77 72
f 72 76 75
f 73 74 77
f 69 73 68
f 67 72 71
f 67 73 72
f 65 67 66
f 65 68 67
f 65 70 68
f 465 466 472
f 471 472 466
f 466 467 468
f 465 469 467
f 469 471 468
f 469 472 471
f 470 472 469
f 469 468 467
f 470 469 465
f 465 467 466
f 471 466 468
f 465 472 470
f 2326 2323 2327
f 2322 2325 2321
f 2323 2320 2324
f 2321 2320 2323
f 2324 2320 2321
f 2325 2327 2324
f 2326 2327 2325
f 2324 2321 2325
f 2321 2323 2322
f 2323 2324 2327
f 2326 2325 2322
f 2322 2323 2326
f 7054 7056 7055
f 7058 7056 7054
f 7059 7054 7055
f 7059 7057 7058
f 7056 7057 7059
f 7056 7059 7055
f 7058 7054 7059
f 7057 7056 7058
f 7605 7607 7606
f 7611 7604 7612
f 7614 7609 7610
f 7613 7606 7617
f 7611 7618 7616
f 7608 7606 7607
f 7613 7608 7609
f 7615 7612 7604
f 7618 7615 7616
f 7619 7611 7612
f 7618 7611 7619
f 7619 7615 7618
f 7619 7612 7615
f 7615 7604 7605
f 7617 7608 7613
f 7617 7606 7608
f 7616 7614 7610
f 7611 7616 7610
f 7615 7605 7616
f 7616 7605 7614
f 7614 7605 7606
f 7614 7606 7613
f 7613 7609 7614
f 7608 7607 7609
f 7609 7607 7610
f 7610 7607 7604
f 7610 7604 7611
f 7604 7607 7605
f 6022 6024 6023
f 6024 6027 6023
f 6026 6028 6025
f 6023 6029 6022
f 6027 6028 6029
f 6029 6024 6022
f 6026 6024 6028
f 6028 6024 6029
f 6025 6028 6027
f 6027 6029 6023
f 6025 6027 6026
f 6026 6027 6024
f 2286 2288 2287
f 2290 2288 2286
f 2291 2286 2287
f 2289 2290 2291
f 2288 2289 2291
f 2288 2291 2287
f 2290 2286 2291
f 2289 2288 2290
f 7452 7455 7454
f 7452 7457 7455
f 7456 7452 7453
f 7454 7455 7457
f 7453 7457 7456
f 7454 7457 7453
f 7456 7457 7452
f 7452 7454 7453
f 4778 4780 4779
f 4781 4783 4782
f 4780 4778 4782
f 4779 4782 4778
f 4783 4781 4779
f 4783 4779 4780
f 4781 4782 4779
f 4780 4782 4783
f 3315 3310 3311
f 3321 3320 3315
f 3317 3313 3316
f 3320 3314 3315
f 3317 3318 3321
f 3321 3319 3320
f 3312 3323 3313
f 3318 3314 3319
f 3324 3325 3311
f 3323 3325 3324
f 3322 3325 3323
f 3324 3311 3310
f 3323 3324 3313
f 3313 3310 3316
f 3313 3324 3310
f 3316 3314 3318
f 3316 3310 3314
f 3322 3323 3312
f 3318 3319 3321
f 3316 3318 3317
f 3319 3314 3320
f 3312 3313 3317
f 3312 3325 3322
f 3312 3311 3325
f 3312 3317 3311
f 3317 3315 3311
f 3317 3321 3315
f 3314 3310 3315
f 5628 5630 5629
f 5631 5632 5628
f 5630 5631 5629
f 5632 5630 5628
f 5633 5632 5631
f 5633 5630 5632
f 5633 5631 5630
f 5631 5628 5629
f 517 519 518
f 517 520 516
f 521 518 519
f 520 521 522
f 520 522 515
f 519 515 522
f 519 522 521
f 520 515 516
f 518 521 517
f 517 521 520
f 515 519 516
f 516 519 517
f 865 867 866
f 869 867 865
f 868 869 871
f 872 870 865
f 872 866 867
f 870 871 869
f 872 871 870
f 872 867 871
f 871 867 868
f 872 865 866
f 868 867 869
f 869 865 870
f 1276 1278 1277
f 1282 1281 1278
f 1280 1283 1279
f 1282 1284 1281
f 1284 1277 1278
f 1279 1283 1276
f 1283 1275 1276
f 1280 1275 1283
f 1282 1277 1284
f 1282 1276 1277
f 1282 1279 1276
f 1284 1278 1281
f 1279 1275 1280
f 1279 1282 1275
f 1275 1282 1278
f 1275 1278 1276
f 6566 6570 6569
f 6572 6575 6574
f 6575 6576 6577
f 6577 6579 6578
f 6578 6579 6571
f 6568 6573 6574
f 6579 6576 6571
f 6566 6574 6575
f 6573 6568 6569
f 6573 6569 6572
f 6572 6569 6578
f 6567 6574 6566
f 6577 6576 6579
f 6568 6574 6567
f 6578 6571 6572
f 6577 6578 6570
f 6570 6578 6569
f 6575 6570 6566
f 6575 6577 6570
f 6571 6575 6572
f 6572 6574 6573
f 6571 6576 6575
f 6569 6568 6567
f 6566 6569 6567
f 4737 4739 4738
f 4741 4738 4739
f 4740 4742 4737
f 4743 4736 4737
f 4736 4741 4739
f 4743 4740 4741
f 4742 4740 4743
f 4743 4741 4736
f 4743 4737 4742
f 4740 4737 4738
f 4740 4738 4741
f 4736 4739 4737
f 4601 4603 4602
f 4601 4602 4605
f 4602 4603 4605
f 4603 4604 4605
f 4601 4604 4600
f 4600 4604 4603
f 4601 4605 4604
f 4600 4603 4601
f 272 273 274
f 271 275 273
f 275 272 276
f 272 274 276
f 274 273 275
f 274 275 276
f 271 272 275
f 271 273 272
f 5782 5781 5780
f 5783 5779 5780
f 5776 5777 5784
f 5781 5782 5785
f 5785 5786 5783
f 5786 5787 5784
f 5785 5782 5776
f 5778 5779 5783
f 5778 5783 5786
f 5785 5784 5787
f 5785 5776 5784
f 5784 5777 5778
f 5786 5784 5778
f 5785 5780 5781
f 5785 5783 5780
f 5785 5787 5786
f 5776 5778 5777
f 5776 5782 5778
f 5778 5780 5779
f 5782 5780 5778
f 2442 2444 2443
f 2445 2447 2446
f 2442 2445 2446
f 2444 2446 2447
f 2442 2447 2445
f 2443 2447 2442
f 2444 2447 2443
f 2442 2446 2444
f 7585 7587 7586
f 7588 7584 7589
f 7593 7592 7591
f 7588 7595 7586
f 7595 7596 7590
f 7590 7596 7593
f 7591 7592 7597
f 7591 7588 7589
f 7592 7594 7597
f 7596 7595 7593
f 7593 7594 7592
f 7593 7595 7594
f 7594 7591 7597
f 7594 7588 7591
f 7595 7585 7586
f 7595 7590 7585
f 7594 7595 7588
f 7588 7586 7587
f 7589 7584 7585
f 7590 7589 7585
f 7590 7591 7589
f 7593 7591 7590
f 7587 7584 7588
f 7584 7587 7585
f 6543 6545 6544
f 6547 6545 6542
f 6547 6542 6543
f 6544 6548 6543
f 6544 6545 6546
f 6547 6549 6546
f 6548 6549 6547
f 6544 6546 6549
f 6549 6548 6544
f 6547 6543 6548
f 6546 6545 6547
f 6542 6545 6543
f 547 549 548
f 549 552 551
f 550 551 553
f 547 548 550
f 554 551 552
f 554 552 549
f 554 549 547
f 553 551 554
f 550 553 554
f 547 550 554
f 549 550 548
f 549 551 550
f 4476 4478 4477
f 4479 4478 4476
f 4477 4478 4479
f 4479 4476 4477
f 530 532 531
f 533 535 534
f 536 534 537
f 536 538 530
f 538 539 533
f 540 539 538
f 533 539 540
f 537 534 535
f 537 535 540
f 533 540 535
f 540 538 537
f 537 538 536
f 533 529 530
f 538 533 530
f 536 530 531
f 532 536 531
f 532 534 536
f 534 532 529
f 533 534 529
f 529 532 530
f 816 818 817
f 815 816 821
f 822 815 819
f 822 824 823
f 823 825 821
f 826 828 827
f 819 824 822
f 825 823 824
f 828 821 825
f 820 821 828
f 828 825 827
f 824 826 827
f 825 824 827
f 828 819 820
f 828 824 819
f 828 826 824
f 821 816 817
f 823 821 817
f 822 823 818
f 818 823 817
f 818 815 822
f 821 820 819
f 815 821 819
f 815 818 816
f 5618 5620 5619
f 5621 5625 5624
f 5626 5621 5622
f 5620 5627 5623
f 5626 5623 5627
f 5620 5625 5621
f 5619 5625 5618
f 5624 5625 5619
f 5621 5626 5627
f 5620 5621 5627
f 5620 5618 5625
f 5622 5623 5626
f 5620 5624 5619
f 5620 5623 5624
f 5621 5623 5622
f 5621 5624 5623
f 627 629 628
f 627 630 629
f 629 630 628
f 630 627 628
f 1962 1964 1963
f 1965 1962 1963
f 1966 1963 1964
f 1964 1961 1966
f 1966 1961 1962
f 1966 1962 1965
f 1965 1963 1966
f 1961 1964 1962
f 6581 6583 6582
f 6584 6581 6582
f 6585 6583 6580
f 6584 6583 6585
f 6585 6581 6584
f 6580 6581 6585
f 6582 6583 6584
f 6580 6583 6581
f 6100 6104 6103
f 6105 6102 6103
f 6104 6100 6107
f 6101 6105 6106
f 6101 6102 6105
f 6104 6106 6103
f 6107 6106 6104
f 6101 6106 6100
f 6100 6106 6107
f 6105 6103 6106
f 6103 6102 6101
f 6100 6103 6101
f 831 833 832
f 834 829 830
f 833 836 835
f 835 831 832
f 833 829 834
f 835 836 834
f 835 830 831
f 835 834 830
f 833 834 836
f 833 835 832
f 829 833 830
f 830 833 831
f 4588 4590 4589
f 4591 4593 4592
f 4595 4596 4593
f 4594 4595 4597
f 4595 4591 4592
f 4599 4589 4590
f 4599 4593 4596
f 4590 4594 4597
f 4597 4598 4599
f 4590 4597 4599
f 4590 4588 4594
f 4592 4599 4598
f 4592 4593 4599
f 4596 4589 4599
f 4595 4592 4597
f 4597 4592 4598
f 4588 4589 4594
f 4594 4589 4595
f 4595 4589 4596
f 4595 4593 4591
f 4529 4531 4530
f 4535 4534 4533
f 4536 4528 4529
f 4537 4536 4539
f 4539 4536 4532
f 4535 4531 4537
f 4538 4539 4540
f 4542 4543 4541
f 4534 4535 4541
f 4534 4543 4542
f 4534 4540 4533
f 4534 4542 4540
f 4534 4541 4543
f 4542 4541 4538
f 4538 4541 4537
f 4538 4540 4542
f 4530 4531 4535
f 4535 4537 4541
f 4539 4533 4540
f 4539 4532 4533
f 4539 4538 4537
f 4531 4536 4537
f 4531 4528 4536
f 4536 4529 4532
f 4530 4532 4529
f 4530 4535 4532
f 4532 4535 4533
f 4528 4531 4529
f 6846 6849 6848
f 6851 6849 6846
f 6846 6847 6851
f 6849 6850 6848
f 6851 6847 6848
f 6851 6848 6850
f 6850 6849 6851
f 6846 6848 6847
f 7042 7045 7044
f 7045 7042 7048
f 7046 7050 7049
f 7048 7043 7052
f 7049 7052 7043
f 7053 7047 7048
f 7053 7051 7052
f 7047 7050 7046
f 7053 7050 7047
f 7053 7052 7050
f 7050 7052 7049
f 7053 7048 7051
f 7049 7043 7044
f 7042 7043 7048
f 7048 7052 7051
f 7049 7044 7045
f 7046 7049 7045
f 7045 7048 7046
f 7046 7048 7047
f 7042 7044 7043
f 2229 2231 2230
f 2232 2234 2233
f 2235 2232 2233
f 2229 2235 2228
f 2230 2235 2229
f 2233 2234 2230
f 2233 2230 2231
f 2232 2235 2234
f 2234 2235 2230
f 2233 2231 2228
f 2235 2233 2228
f 2228 2231 2229
f 6109 6111 6110
f 6111 6108 6115
f 6117 6115 6120
f 6121 6122 6116
f 6113 6123 6112
f 6122 6112 6123
f 6124 6119 6120
f 6108 6109 6120
f 6113 6116 6122
f 6125 6117 6118
f 6125 6118 6119
f 6125 6119 6124
f 6121 6117 6125
f 6114 6116 6113
f 6113 6122 6123
f 6108 6120 6115
f 6124 6109 6110
f 6124 6120 6109
f 6124 6121 6125
f 6124 6110 6121
f 6121 6110 6111
f 6121 6111 6122
f 6122 6111 6112
f 6121 6116 6117
f 6116 6115 6117
f 6117 6119 6118
f 6116 6114 6115
f 6117 6120 6119
f 6112 6114 6113
f 6112 6115 6114
f 6112 6111 6115
f 6108 6111 6109
f 3507 3509 3508
f 3507 3510 3506
f 3511 3508 3509
f 3510 3509 3506
f 3511 3507 3508
f 3510 3507 3511
f 3511 3509 3510
f 3506 3509 3507
f 6306 6308 6307
f 6309 6310 6308
f 6311 6306 6307
f 6311 6310 6309
f 6308 6311 6307
f 6310 6311 6308
f 6309 6306 6311
f 6309 6308 6306
f 2370 2373 2372
f 2374 2375 2370
f 2375 2372 2373
f 2373 2370 2375
f 2374 2371 2372
f 2374 2372 2375
f 2374 2370 2371
f 2370 2372 2371
f 1195 1197 1196
f 1198 1202 1201
f 1200 1204 1203
f 1205 1198 1195
f 1205 1204 1207
f 1196 1197 1199
f 1208 1202 1198
f 1207 1204 1201
f 1207 1208 1206
f 1207 1206 1205
f 1201 1202 1208
f 1207 1201 1208
f 1208 1198 1206
f 1196 1200 1203
f 1196 1199 1200
f 1196 1203 1195
f 1195 1203 1205
f 1205 1203 1204
f 1199 1197 1195
f 1198 1199 1195
f 1205 1206 1198
f 1201 1204 1200
f 1198 1200 1199
f 1198 1201 1200
f 859 861 860
f 862 864 863
f 860 863 864
f 859 864 862
f 859 863 861
f 862 863 859
f 860 864 859
f 861 863 860
f 2714 2716 2715
f 2718 2720 2719
f 2721 2718 2719
f 2714 2717 2716
f 2721 2714 2715
f 2716 2721 2715
f 2718 2716 2717
f 2718 2721 2716
f 2720 2721 2719
f 2720 2714 2721
f 2720 2717 2714
f 2717 2720 2718
f 4145 4147 4146
f 4148 4145 4146
f 4149 4146 4147
f 4145 4148 4144
f 4148 4147 4144
f 4149 4147 4148
f 4148 4146 4149
f 4144 4147 4145
f 7004 7006 7005
f 7008 7005 7006
f 7009 7007 7008
f 7005 7009 7004
f 7008 7004 7009
f 7006 7004 7008
f 7007 7009 7005
f 7007 7005 7008
f 7316 7319 7318
f 7320 7319 7316
f 7317 7318 7321
f 7318 7320 7321
f 7316 7317 7321
f 7316 7321 7320
f 7319 7320 7318
f 7316 7318 7317
f 2807 2810 2809
f 2811 2807 2808
f 2812 2809 2810
f 2812 2806 2813
f 2807 2811 2813
f 2813 2809 2812
f 2808 2809 2811
f 2811 2809 2813
f 2807 2813 2806
f 2810 2806 2812
f 2806 2810 2807
f 2807 2809 2808
f 1264 1266 1265
f 1263 1268 1266
f 1263 1269 1267
f 1270 1269 1264
f 1270 1265 1266
f 1267 1270 1268
f 1269 1270 1267
f 1270 1266 1268
f 1270 1264 1265
f 1264 1269 1263
f 1267 1268 1263
f 1263 1266 1264
f 3978 3980 3979
f 3981 3978 3982
f 3982 3983 3981
f 3983 3982 3978
f 3979 3981 3983
f 3980 3981 3979
f 3983 3978 3979
f 3980 3978 3981
f 4518 4520 4519
f 4521 4524 4523
f 4523 4525 4522
f 4521 4527 4526
f 4527 4519 4520
f 4518 4526 4520
f 4524 4527 4525
f 4518 4527 4524
f 4524 4525 4523
f 4518 4519 4527
f 4521 4518 4524
f 4521 4526 4518
f 4527 4520 4526
f 4525 4521 4522
f 4525 4527 4521
f 4521 4523 4522
f 4388 4391 4393
f 4391 4390 4392
f 4388 4390 4391
f 4394 4396 4392
f 4396 4397 4389
f 4397 4395 4388
f 4396 4395 4397
f 4394 4395 4396
f 4397 4388 4389
f 4389 4393 4392
f 4396 4389 4392
f 4394 4392 4390
f 4394 4388 4395
f 4394 4390 4388
f 4391 4392 4393
f 4388 4393 4389
f 3055 3057 3056
f 3057 3058 3056
f 3054 3055 3059
f 3059 3055 3056
f 3057 3054 3059
f 3057 3059 3058
f 3059 3056 3058
f 3054 3057 3055
f 3846 3843 3847
f 3848 3842 3846
f 3843 3845 3849
f 3845 3844 3848
f 3845 3842 3844
f 3848 3847 3849
f 3846 3847 3848
f 3843 3842 3845
f 3845 3848 3849
f 3843 3849 3847
f 3844 3842 3848
f 3842 3843 3846
f 1353 1355 1354
f 1356 1358 1357
f 1354 1358 1353
f 1354 1355 1356
f 1355 1353 1358
f 1355 1358 1356
f 1354 1356 1357
f 1357 1358 1354
f 3386 3388 3387
f 3386 3390 3389
f 3391 3389 3390
f 3387 3389 3391
f 3391 3386 3387
f 3390 3386 3391
f 3388 3389 3387
f 3386 3389 3388
f 3346 3348 3347
f 3349 3351 3350
f 3348 3350 3351
f 3350 3346 3349
f 3346 3347 3351
f 3346 3351 3349
f 3348 3346 3350
f 3348 3351 3347
f 2328 2332 2331
f 2334 2328 2329
f 2331 2335 2330
f 2335 2329 2330
f 2333 2334 2336
f 2331 2337 2335
f 2333 2336 2337
f 2333 2332 2328
f 2333 2337 2332
f 2332 2337 2331
f 2336 2335 2337
f 2336 2334 2335
f 2335 2334 2329
f 2333 2328 2334
f 2328 2330 2329
f 2328 2331 2330
f 6656 6658 6657
f 6657 6660 6659
f 6660 6661 6659
f 6659 6661 6658
f 6661 6657 6658
f 6660 6657 6661
f 6659 6658 6656
f 6657 6659 6656
f 6910 6912 6911
f 6913 6915 6914
f 6914 6915 6911
f 6913 6917 6910
f 6916 6917 6913
f 6916 6912 6910
f 6916 6910 6917
f 6916 6913 6914
f 6913 6911 6915
f 6913 6910 6911
f 6914 6912 6916
f 6914 6911 6912
f 1227 1229 1228
f 1227 1228 1232
f 1228 1229 1233
f 1234 1232 1233
f 1234 1230 1231
f 1227 1230 1234
f 1227 1233 1229
f 1227 1234 1233
f 1231 1232 1234
f 1228 1233 1232
f 1232 1231 1230
f 1227 1232 1230
f 3478 3482 3481
f 3486 3488 3487
f 3478 3488 3484
f 3481 3491 3490
f 3486 3480 3493
f 3482 3483 3484
f 3489 3478 3479
f 3480 3481 3490
f 3493 3485 3486
f 3489 3487 3488
f 3492 3487 3489
f 3491 3485 3490
f 3490 3485 3493
f 3480 3490 3493
f 3489 3479 3492
f 3482 3485 3491
f 3482 3484 3485
f 3492 3479 3487
f 3487 3479 3486
f 3486 3479 3480
f 3482 3491 3481
f 3489 3488 3478
f 3478 3484 3483
f 3484 3488 3485
f 3485 3488 3486
f 3481 3480 3479
f 3478 3481 3479
f 3478 3483 3482
f 2758 2760 2759
f 2761 2763 2762
f 2761 2765 2764
f 2763 2765 2762
f 2758 2765 2766
f 2760 2767 2759
f 2764 2763 2761
f 2759 2767 2758
f 2758 2763 2764
f 2758 2767 2763
f 2766 2767 2760
f 2764 2765 2758
f 2758 2766 2760
f 2766 2765 2767
f 2767 2765 2763
f 2762 2765 2761
f 4340 4342 4341
f 4339 4340 4343
f 4344 4346 4345
f 4342 4347 4341
f 4343 4347 4345
f 4344 4339 4343
f 4347 4344 4345
f 4338 4344 4342
f 4342 4344 4347
f 4338 4339 4344
f 4344 4343 4346
f 4340 4347 4343
f 4343 4345 4346
f 4340 4341 4347
f 4338 4342 4339
f 4339 4342 4340
f 3172 3174 3173
f 3175 3174 3172
f 3173 3174 3175
f 3173 3175 3172
f 6134 6137 6136
f 6134 6140 6139
f 6139 6141 6138
f 6135 6136 6140
f 6134 6141 6137
f 6137 6139 6140
f 6141 6139 6137
f 6137 6140 6136
f 6138 6141 6134
f 6135 6140 6134
f 6134 6139 6138
f 6134 6136 6135
f 3075 3077 3076
f 3078 3080 3079
f 3080 3081 3074
f 3077 3074 3081
f 3081 3078 3079
f 3080 3075 3076
f 3080 3076 3079
f 3081 3079 3077
f 3077 3079 3076
f 3078 3081 3080
f 3080 3074 3075
f 3074 3077 3075
f 4511 4513 4512
f 4514 4513 4510
f 4516 4514 4515
f 4510 4516 4515
f 4511 4512 4517
f 4513 4514 4516
f 4513 4517 4512
f 4513 4516 4517
f 4517 4510 4511
f 4517 4516 4510
f 4514 4510 4515
f 4510 4513 4511
f 3392 3396 3395
f 3395 3396 3397
f 3393 3398 3392
f 3394 3398 3393
f 3398 3399 3397
f 3395 3397 3399
f 3395 3399 3394
f 3398 3397 3392
f 3392 3397 3396
f 3399 3398 3394
f 3395 3394 3393
f 3392 3395 3393
f 6668 6672 6671
f 6669 6673 6668
f 6671 6674 6670
f 6673 6669 6670
f 6674 6672 6675
f 6672 6668 6673
f 6672 6673 6675
f 6671 6672 6674
f 6673 6674 6675
f 6673 6670 6674
f 6671 6670 6669
f 6668 6671 6669
f 3208 3210 3209
f 3208 3212 3207
f 3213 3210 3211
f 3209 3212 3208
f 3206 3215 3213
f 3215 3214 3209
f 3212 3206 3207
f 3215 3212 3214
f 3215 3206 3212
f 3215 3209 3213
f 3213 3209 3210
f 3206 3213 3211
f 3214 3212 3209
f 3206 3211 3207
f 3207 3211 3208
f 3208 3211 3210
f 6973 6972 6971
f 6968 6976 6975
f 6975 6976 6981
f 6970 6981 6983
f 6978 6973 6985
f 6983 6976 6977
f 6983 6969 6970
f 6972 6984 6982
f 6973 6968 6974
f 6982 6979 6980
f 6975 6978 6985
f 6975 6985 6974
f 6984 6979 6982
f 6973 6974 6985
f 6972 6982 6971
f 6977 6969 6983
f 6981 6976 6983
f 6984 6972 6979
f 6979 6972 6978
f 6978 6972 6973
f 6982 6980 6971
f 6971 6981 6970
f 6971 6980 6981
f 6978 6975 6979
f 6979 6975 6980
f 6980 6975 6981
f 6969 6976 6968
f 6968 6975 6974
f 6969 6977 6976
f 6971 6970 6969
f 6968 6971 6969
f 6968 6973 6971
f 225 228 227
f 229 231 230
f 227 232 226
f 225 226 232
f 228 225 232
f 228 231 229
f 228 229 227
f 228 230 231
f 228 232 230
f 230 227 229
f 230 232 227
f 225 227 226
f 962 964 963
f 961 962 965
f 966 963 964
f 965 966 964
f 966 962 963
f 965 962 966
f 965 964 961
f 961 964 962
f 3159 3162 3161
f 3160 3164 3159
f 3165 3167 3166
f 3159 3164 3165
f 3166 3163 3160
f 3164 3167 3165
f 3166 3161 3162
f 3163 3167 3164
f 3167 3163 3166
f 3166 3160 3161
f 3159 3165 3158
f 3166 3162 3158
f 3165 3166 3158
f 3163 3164 3160
f 3158 3162 3159
f 3159 3161 3160
f 3266 3268 3267
f 3269 3271 3270
f 3272 3274 3273
f 3275 3277 3276
f 3277 3270 3271
f 3279 3278 3275
f 3277 3272 3273
f 3266 3267 3271
f 3274 3269 3270
f 3269 3274 3272
f 3278 3269 3272
f 3278 3279 3269
f 3266 3269 3279
f 3266 3271 3269
f 3278 3272 3275
f 3275 3272 3277
f 3266 3276 3268
f 3266 3275 3276
f 3266 3279 3275
f 3267 3268 3276
f 3277 3271 3276
f 3277 3273 3274
f 3276 3271 3267
f 3277 3274 3270
f 3361 3363 3362
f 3364 3366 3365
f 3365 3368 3367
f 3369 3370 3367
f 3370 3361 3362
f 3371 3363 3360
f 3366 3369 3368
f 3369 3371 3360
f 3360 3361 3370
f 3369 3360 3370
f 3371 3369 3364
f 3364 3369 3366
f 3364 3363 3371
f 3370 3365 3367
f 3370 3362 3365
f 3369 3367 3368
f 3366 3368 3365
f 3365 3362 3363
f 3364 3365 3363
f 3360 3363 3361
f 4962 4964 4963
f 4965 4968 4967
f 4966 4969 4965
f 4968 4964 4967
f 4967 4969 4966
f 4968 4969 4962
f 4965 4969 4968
f 4968 4962 4963
f 4962 4967 4964
f 4962 4969 4967
f 4963 4964 4968
f 4965 4967 4966
f 509 511 510
f 512 514 513
f 509 510 512
f 511 513 514
f 512 511 514
f 510 511 512
f 509 513 511
f 509 512 513
f 4030 4034 4033
f 4035 4032 4033
f 4030 4036 4034
f 4037 4032 4035
f 4037 4036 4030
f 4033 4036 4037
f 4034 4036 4033
f 4033 4037 4035
f 4037 4030 4031
f 4031 4032 4037
f 4030 4032 4031
f 4030 4033 4032
f 5546 5549 5548
f 5549 5550 5548
f 5548 5551 5547
f 5549 5551 5550
f 5551 5546 5547
f 5546 5551 5549
f 5550 5551 5548
f 5546 5548 5547
f 1235 1237 1236
f 1238 1236 1237
f 1240 1239 1237
f 1238 1235 1236
f 1240 1238 1239
f 1240 1235 1238
f 1240 1237 1235
f 1238 1237 1239
f 851 853 852
f 854 856 855
f 855 852 853
f 854 858 851
f 851 858 857
f 857 854 855
f 858 854 857
f 851 857 853
f 854 852 856
f 854 851 852
f 856 852 855
f 855 853 857
f 5612 5611 5610
f 5611 5612 5613
f 5614 5606 5607
f 5616 5607 5608
f 5608 5609 5616
f 5617 5614 5615
f 5609 5615 5616
f 5613 5610 5611
f 5617 5610 5613
f 5617 5615 5610
f 5610 5615 5609
f 5612 5617 5613
f 5612 5606 5617
f 5617 5606 5614
f 5614 5616 5615
f 5614 5607 5616
f 5609 5608 5607
f 5610 5609 5607
f 5606 5610 5607
f 5612 5610 5606
f 4168 4172 4171
f 4173 4176 4175
f 4168 4177 4174
f 4177 4179 4178
f 4178 4171 4173
f 4175 4176 4172
f 4181 4177 4169
f 4180 4179 4181
f 4170 4171 4180
f 4170 4180 4181
f 4178 4179 4180
f 4179 4177 4181
f 4181 4169 4170
f 4175 4172 4168
f 4172 4176 4173
f 4171 4172 4173
f 4178 4180 4171
f 4178 4173 4174
f 4177 4178 4174
f 4169 4177 4168
f 4168 4174 4175
f 4173 4175 4174
f 4171 4170 4169
f 4168 4171 4169
f 2854 2856 2855
f 2854 2855 2858
f 2858 2859 2857
f 2854 2857 2859
f 2859 2855 2856
f 2858 2855 2859
f 2854 2859 2856
f 2854 2858 2857
f 2792 2795 2794
f 2796 2795 2792
f 2792 2793 2797
f 2795 2797 2794
f 2797 2793 2794
f 2796 2797 2795
f 2792 2797 2796
f 2792 2794 2793
f 838 840 839
f 837 838 843
f 841 842 844
f 839 843 838
f 844 837 841
f 842 845 844
f 839 840 846
f 843 845 842
f 846 844 845
f 846 837 844
f 846 840 837
f 845 843 846
f 846 843 839
f 837 842 841
f 837 843 842
f 837 840 838
f 1953 1957 1956
f 1958 1957 1953
f 1954 1955 1959
f 1953 1960 1958
f 1959 1956 1960
f 1957 1958 1960
f 1957 1960 1956
f 1955 1956 1959
f 1959 1960 1954
f 1954 1960 1953
f 1956 1955 1954
f 1953 1956 1954
f 7232 7235 7234
f 7236 7234 7235
f 7233 7237 7232
f 7237 7234 7236
f 7232 7237 7236
f 7232 7236 7235
f 7233 7234 7237
f 7232 7234 7233
f 7550 7552 7551
f 7553 7552 7550
f 7553 7551 7552
f 7550 7551 7553
f 6834 6837 6836
f 6840 6842 6841
f 6841 6842 6837
f 6844 6839 6840
f 6841 6834 6835
f 6843 6838 6839
f 6842 6836 6837
f 6845 6835 6836
f 6845 6836 6844
f 6843 6844 6838
f 6838 6844 6842
f 6842 6844 6836
f 6835 6845 6840
f 6841 6835 6840
f 6843 6839 6844
f 6844 6840 6845
f 6841 6837 6834
f 6838 6840 6839
f 6838 6842 6840
f 6834 6836 6835
f 6684 6686 6685
f 6682 6687 6686
f 6683 6684 6688
f 6687 6689 6685
f 6683 6687 6682
f 6685 6689 6688
f 6685 6688 6684
f 6689 6687 6688
f 6688 6687 6683
f 6687 6685 6686
f 6682 6686 6683
f 6683 6686 6684
f 4480 4483 4482
f 4484 4486 4485
f 4486 4487 4481
f 4480 4481 4487
f 4485 4480 4487
f 4483 4486 4482
f 4485 4486 4483
f 4483 4480 4485
f 4485 4487 4484
f 4484 4487 4486
f 4486 4481 4482
f 4480 4482 4481
f 4928 4930 4929
f 4932 4934 4933
f 4930 4935 4929
f 4932 4935 4931
f 4934 4930 4928
f 4928 4935 4932
f 4929 4935 4928
f 4928 4932 4933
f 4934 4928 4933
f 4931 4930 4934
f 4931 4935 4930
f 4931 4934 4932
f 4556 4558 4557
f 4560 4562 4561
f 4560 4563 4559
f 4558 4560 4561
f 4558 4561 4562
f 4562 4559 4563
f 4562 4556 4557
f 4562 4563 4556
f 4558 4562 4557
f 4563 4560 4556
f 4556 4560 4558
f 4559 4562 4560
f 2691 2693 2692
f 2690 2695 2694
f 2695 2696 2694
f 2697 2693 2690
f 2691 2697 2696
f 2693 2697 2692
f 2692 2697 2691
f 2691 2696 2695
f 2697 2690 2696
f 2696 2690 2694
f 2691 2695 2690
f 2690 2693 2691
f 5914 5916 5915
f 5917 5919 5918
f 5919 5916 5914
f 5915 5916 5917
f 5919 5914 5915
f 5919 5915 5918
f 5915 5917 5918
f 5917 5916 5919
f 6932 6934 6933
f 6930 6936 6935
f 6937 6936 6931
f 6937 6939 6935
f 6933 6940 6938
f 6934 6939 6941
f 6939 6938 6940
f 6940 6934 6941
f 6933 6934 6940
f 6939 6940 6941
f 6935 6934 6930
f 6935 6939 6934
f 6938 6937 6932
f 6933 6938 6932
f 6938 6939 6937
f 6937 6935 6936
f 6937 6931 6932
f 6931 6936 6930
f 6930 6932 6931
f 6930 6934 6932
f 6954 6956 6955
f 6957 6959 6958
f 6958 6960 6957
f 6957 6961 6955
f 6961 6958 6959
f 6959 6955 6961
f 6954 6955 6959
f 6960 6958 6961
f 6960 6961 6957
f 6957 6955 6956
f 6954 6957 6956
f 6954 6959 6957
f 3512 3514 3513
f 3515 3517 3516
f 3512 3517 3515
f 3519 3516 3517
f 3519 3518 3515
f 3519 3513 3514
f 3519 3514 3518
f 3519 3515 3516
f 3519 3512 3513
f 3519 3517 3512
f 3512 3515 3514
f 3514 3515 3518
f 5991 5988 5989
f 5990 5989 5993
f 5991 5990 5992
f 5995 5989 5988
f 5991 5995 5988
f 5994 5993 5995
f 5992 5993 5994
f 5994 5995 5991
f 5993 5989 5995
f 5991 5992 5994
f 5990 5993 5992
f 5991 5989 5990
f 3520 3522 3521
f 3523 3522 3524
f 3520 3523 3525
f 3520 3524 3522
f 3524 3525 3523
f 3525 3524 3520
f 3521 3523 3520
f 3521 3522 3523
f 3352 3354 3353
f 3356 3354 3357
f 3358 3355 3356
f 3359 3357 3354
f 3358 3353 3355
f 3356 3357 3359
f 3356 3359 3358
f 3352 3358 3359
f 3352 3353 3358
f 3359 3354 3352
f 3353 3356 3355
f 3353 3354 3356
f 7279 7282 7281
f 7284 7278 7279
f 7285 7287 7286
f 7280 7284 7279
f 7287 7283 7286
f 7283 7284 7285
f 7287 7281 7282
f 7283 7285 7286
f 7278 7287 7282
f 7278 7283 7287
f 7285 7284 7280
f 7281 7287 7280
f 7280 7287 7285
f 7283 7278 7284
f 7278 7282 7279
f 7279 7281 7280
f 3944 3946 3945
f 3947 3944 3945
f 3945 3946 3947
f 3944 3947 3946
f 3378 3381 3380
f 3381 3378 3384
f 3379 3384 3378
f 3380 3381 3382
f 3385 3382 3383
f 3384 3379 3380
f 3384 3380 3383
f 3383 3380 3385
f 3380 3382 3385
f 3381 3383 3382
f 3381 3384 3383
f 3378 3380 3379
f 4404 4406 4405
f 4408 4410 4409
f 4410 4411 4409
f 4411 4408 4409
f 4407 4408 4411
f 4410 4407 4405
f 4410 4405 4406
f 4407 4411 4405
f 4405 4411 4404
f 4404 4411 4406
f 4406 4411 4410
f 4407 4410 4408
f 7372 7376 7374
f 7373 7372 7370
f 7373 7375 7377
f 7377 7376 7372
f 7375 7374 7376
f 7378 7374 7375
f 7380 7381 7371
f 7380 7378 7379
f 7380 7379 7381
f 7380 7371 7370
f 7378 7375 7379
f 7375 7376 7377
f 7377 7372 7373
f 7381 7379 7371
f 7371 7379 7373
f 7373 7379 7375
f 7373 7370 7371
f 7370 7378 7380
f 7370 7372 7378
f 7378 7372 7374
f 429 425 430
f 427 431 430
f 427 428 432
f 425 428 427
f 426 432 428
f 432 430 431
f 429 430 432
f 429 432 426
f 426 428 425
f 427 432 431
f 427 430 425
f 426 425 429
f 7032 7034 7033
f 7035 7034 7032
f 7032 7033 7035
f 7034 7035 7033
f 2355 2357 2356
f 2358 2360 2359
f 2355 2358 2354
f 2361 2356 2357
f 2359 2360 2355
f 2354 2358 2359
f 2354 2361 2357
f 2354 2359 2361
f 2355 2356 2361
f 2359 2355 2361
f 2360 2358 2355
f 2354 2357 2355
f 781 784 783
f 785 786 781
f 781 786 784
f 783 785 782
f 784 786 785
f 784 785 783
f 785 781 782
f 781 783 782
f 3023 3025 3024
f 3025 3028 3027
f 3024 3025 3027
f 3026 3022 3023
f 3023 3029 3032
f 3028 3032 3033
f 3033 3032 3029
f 3028 3030 3027
f 3033 3030 3028
f 3033 3029 3030
f 3031 3028 3026
f 3031 3032 3028
f 3024 3029 3023
f 3023 3032 3031
f 3026 3023 3031
f 3024 3030 3029
f 3024 3027 3030
f 3026 3028 3022
f 3022 3028 3025
f 3022 3025 3023
f 3464 3467 3466
f 3466 3469 3465
f 3469 3468 3470
f 3464 3471 3467
f 3469 3464 3465
f 3466 3470 3468
f 3471 3466 3467
f 3471 3470 3466
f 3471 3464 3470
f 3470 3464 3469
f 3468 3469 3466
f 3464 3466 3465
f 2498 2500 2499
f 2499 2500 2501
f 2498 2499 2501
f 2501 2500 2498
f 5002 5004 5003
f 5005 5007 5006
f 5008 5006 5007
f 5004 5008 5003
f 5004 5009 5007
f 5008 5002 5003
f 5009 5002 5008
f 5002 5009 5004
f 5004 5007 5005
f 5006 5008 5005
f 5005 5008 5004
f 5008 5007 5009
f 4504 4506 4505
f 4506 4508 4507
f 4507 4508 4509
f 4507 4504 4505
f 4506 4509 4508
f 4504 4509 4506
f 4509 4504 4507
f 4506 4507 4505
f 5016 5011 5017
f 5012 5010 5016
f 5012 5013 5011
f 5014 5015 5013
f 5011 5015 5017
f 5014 5017 5015
f 5016 5017 5014
f 5013 5015 5011
f 5014 5013 5012
f 5012 5011 5010
f 5012 5016 5014
f 5010 5011 5016
f 6292 6294 6293
f 6293 6296 6295
f 6296 6297 6295
f 6296 6293 6294
f 6295 6294 6292
f 6297 6294 6295
f 6296 6294 6297
f 6293 6295 6292
f 5452 5454 5453
f 5456 5452 5453
f 5457 5459 5458
f 5455 5461 5460
f 5458 5460 5461
f 5455 5460 5458
f 5457 5456 5453
f 5453 5454 5459
f 5457 5453 5459
f 5457 5461 5456
f 5452 5459 5454
f 5452 5458 5459
f 5452 5455 5458
f 5458 5461 5457
f 5456 5461 5455
f 5455 5452 5456
f 979 981 980
f 981 983 982
f 980 981 982
f 982 983 984
f 983 979 980
f 983 980 984
f 980 982 984
f 979 983 981
f 2088 2090 2089
f 2091 2093 2092
f 2091 2095 2094
f 2090 2094 2095
f 2088 2093 2091
f 2095 2092 2093
f 2095 2088 2089
f 2095 2093 2088
f 2088 2094 2090
f 2088 2091 2094
f 2090 2095 2089
f 2092 2095 2091
f 3223 3225 3224
f 3227 3228 3225
f 3227 3222 3223
f 3224 3225 3228
f 3227 3223 3224
f 3229 3228 3226
f 3224 3229 3226
f 3227 3224 3226
f 3224 3228 3229
f 3226 3228 3227
f 3227 3225 3222
f 3222 3225 3223
f 166 168 167
f 168 165 169
f 170 169 165
f 170 166 167
f 168 170 167
f 169 170 168
f 170 165 166
f 165 168 166
f 3010 3012 3011
f 3013 3015 3014
f 3013 3012 3015
f 3013 3010 3011
f 3012 3010 3014
f 3012 3014 3015
f 3014 3010 3013
f 3011 3012 3013
f 3256 3259 3258
f 3258 3260 3257
f 3260 3263 3262
f 3264 3261 3262
f 3259 3264 3265
f 3263 3260 3258
f 3264 3263 3265
f 3262 3263 3264
f 3263 3258 3265
f 3265 3258 3259
f 3261 3259 3256
f 3261 3264 3259
f 3257 3261 3256
f 3257 3260 3261
f 3261 3260 3262
f 3256 3258 3257
f 3372 3374 3373
f 3375 3376 3373
f 3375 3374 3372
f 3376 3375 3377
f 3373 3377 3372
f 3376 3377 3373
f 3375 3372 3377
f 3375 3373 3374
f 2680 2683 2682
f 2684 2687 2686
f 2683 2684 2685
f 2682 2688 2681
f 2686 2689 2685
f 2680 2687 2684
f 2681 2688 2689
f 2680 2686 2687
f 2680 2689 2686
f 2680 2681 2689
f 2680 2684 2683
f 2682 2689 2688
f 2682 2683 2689
f 2689 2683 2685
f 2684 2686 2685
f 2680 2682 2681
f 2873 2875 2874
f 2876 2872 2873
f 2877 2872 2876
f 2873 2877 2876
f 2874 2875 2877
f 2874 2877 2873
f 2875 2872 2877
f 2872 2875 2873
f 2310 2312 2311
f 2313 2315 2314
f 2310 2311 2314
f 2312 2313 2314
f 2312 2315 2313
f 2310 2315 2312
f 2312 2314 2311
f 2310 2314 2315
f 4074 4076 4075
f 4075 4079 4078
f 4080 4078 4079
f 4081 4074 4077
f 4077 4080 4081
f 4080 4079 4075
f 4075 4076 4081
f 4080 4075 4081
f 4078 4080 4077
f 4076 4074 4081
f 4075 4077 4074
f 4075 4078 4077
f 6458 6460 6459
f 6461 6463 6462
f 6463 6467 6466
f 6458 6468 6465
f 6467 6456 6457
f 6456 6463 6461
f 6458 6459 6469
f 6464 6459 6460
f 6464 6468 6469
f 6465 6468 6464
f 6469 6459 6464
f 6464 6460 6462
f 6458 6469 6468
f 6467 6463 6456
f 6467 6457 6466
f 6458 6466 6457
f 6458 6465 6466
f 6462 6465 6464
f 6462 6466 6465
f 6462 6463 6466
f 6461 6462 6460
f 6456 6461 6457
f 6457 6461 6458
f 6458 6461 6460
f 3280 3282 3281
f 3283 3285 3284
f 3286 3284 3285
f 3282 3285 3283
f 3286 3283 3284
f 3286 3287 3280
f 3286 3280 3281
f 3282 3286 3281
f 3282 3283 3286
f 3287 3282 3280
f 3287 3285 3282
f 3286 3285 3287
f 761 763 762
f 766 762 763
f 767 768 765
f 765 768 764
f 764 768 767
f 761 766 763
f 767 766 761
f 767 761 762
f 764 767 762
f 767 765 766
f 764 766 765
f 764 762 766
f 7414 7416 7415
f 7415 7418 7417
f 7418 7419 7417
f 7415 7419 7414
f 7418 7414 7419
f 7416 7414 7418
f 7417 7419 7415
f 7416 7418 7415
f 4016 4018 4017
f 4019 4017 4018
f 4021 4020 4018
f 4016 4017 4019
f 4019 4020 4021
f 4016 4019 4021
f 4021 4018 4016
f 4019 4018 4020
f 3538 3540 3539
f 3541 3544 3543
f 3542 3540 3538
f 3539 3542 3543
f 3543 3538 3539
f 3541 3545 3544
f 3545 3543 3544
f 3545 3538 3543
f 3540 3542 3539
f 3542 3545 3541
f 3542 3538 3545
f 3541 3543 3542
f 3066 3068 3067
f 3068 3071 3070
f 3071 3072 3070
f 3072 3068 3066
f 3066 3069 3073
f 3073 3069 3070
f 3073 3070 3072
f 3067 3069 3066
f 3071 3068 3072
f 3072 3066 3073
f 3070 3069 3067
f 3068 3070 3067
f 4956 4958 4957
f 4958 4960 4959
f 4961 4959 4960
f 4958 4959 4961
f 4956 4957 4961
f 4956 4961 4960
f 4958 4961 4957
f 4956 4960 4958
f 4004 4006 4005
f 4007 4009 4008
f 4006 4009 4007
f 4007 4004 4005
f 4009 4004 4008
f 4006 4004 4009
f 4008 4004 4007
f 4006 4007 4005
f 7834 7836 7835
f 7837 7839 7838
f 7836 7834 7840
f 7835 7840 7834
f 7839 7836 7838
f 7837 7841 7839
f 7840 7841 7837
f 7835 7836 7841
f 7841 7836 7839
f 7841 7840 7835
f 7836 7837 7838
f 7836 7840 7837
f 7444 7447 7446
f 7444 7445 7448
f 7450 7444 7448
f 7449 7451 7446
f 7446 7451 7450
f 7449 7450 7451
f 7446 7450 7445
f 7445 7450 7448
f 7449 7446 7447
f 7447 7450 7449
f 7447 7444 7450
f 7444 7446 7445
f 1645 1647 1646
f 1647 1645 1648
f 1648 1645 1646
f 1647 1648 1646
f 5560 5562 5561
f 5561 5562 5564
f 5565 5563 5564
f 5565 5561 5563
f 5564 5562 5560
f 5564 5560 5565
f 5560 5561 5565
f 5561 5564 5563
f 2973 2975 2974
f 2973 2976 2972
f 2977 2974 2975
f 2975 2972 2976
f 2973 2974 2977
f 2973 2977 2976
f 2975 2976 2977
f 2972 2975 2973
f 6890 6894 6893
f 6895 6892 6893
f 6896 6891 6897
f 6895 6897 6891
f 6896 6894 6890
f 6896 6895 6893
f 6897 6895 6896
f 6896 6893 6894
f 6895 6891 6892
f 6890 6891 6896
f 6890 6893 6891
f 6891 6893 6892
f 3082 3085 3084
f 3083 3086 3082
f 3087 3086 3083
f 3084 3085 3087
f 3087 3082 3086
f 3085 3082 3087
f 3087 3083 3084
f 3082 3084 3083
f 715 717 713
f 714 709 710
f 712 723 724
f 719 707 720
f 715 714 716
f 709 724 721
f 711 718 720
f 718 719 720
f 709 722 710
f 724 723 722
f 724 722 721
f 721 722 709
f 708 718 717
f 719 708 707
f 708 719 718
f 711 720 712
f 717 718 713
f 713 711 714
f 713 718 711
f 714 711 709
f 709 711 724
f 713 714 715
f 710 722 723
f 712 710 723
f 712 720 715
f 712 716 710
f 712 715 716
f 707 715 720
f 712 724 711
f 714 710 716
f 717 707 708
f 707 717 715
f 4922 4925 4924
f 4926 4923 4924
f 4923 4927 4922
f 4927 4924 4925
f 4922 4927 4925
f 4926 4924 4927
f 4926 4927 4923
f 4922 4924 4923
f 1701 1702 1708
f 1706 1702 1703
f 1701 1703 1702
f 1704 1706 1703
f 1701 1705 1704
f 1707 1708 1706
f 1707 1706 1705
f 1707 1705 1701
f 1705 1706 1704
f 1704 1703 1701
f 1708 1702 1706
f 1701 1708 1707
f 7324 7326 7325
f 7330 7332 7331
f 7333 7325 7326
f 7330 7323 7324
f 7333 7326 7327
f 7325 7329 7324
f 7331 7323 7330
f 7334 7322 7335
f 7331 7332 7334
f 7331 7334 7335
f 7327 7322 7334
f 7322 7323 7335
f 7335 7323 7331
f 7328 7329 7325
f 7333 7327 7332
f 7332 7327 7334
f 7330 7324 7329
f 7328 7325 7333
f 7328 7333 7329
f 7329 7332 7330
f 7329 7333 7332
f 7322 7327 7323
f 7323 7327 7324
f 7324 7327 7326
f 6090 6094 6093
f 6094 6095 6093
f 6096 6098 6097
f 6098 6092 6097
f 6099 6090 6091
f 6099 6095 6094
f 6093 6095 6096
f 6093 6097 6092
f 6093 6096 6097
f 6098 6095 6099
f 6099 6094 6090
f 6098 6096 6095
f 6091 6092 6099
f 6099 6092 6098
f 6090 6093 6091
f 6091 6093 6092
f 1811 1813 1812
f 1814 1816 1815
f 1812 1816 1814
f 1815 1812 1813
f 1813 1814 1815
f 1811 1814 1813
f 1816 1812 1815
f 1812 1814 1811
f 7298 7301 7300
f 7302 7304 7303
f 7307 7299 7300
f 7302 7308 7307
f 7304 7298 7299
f 7309 7305 7306
f 7307 7309 7306
f 7308 7302 7303
f 7308 7303 7309
f 7308 7309 7307
f 7304 7305 7303
f 7303 7305 7309
f 7304 7299 7305
f 7302 7300 7301
f 7302 7307 7300
f 7305 7307 7306
f 7305 7299 7307
f 7298 7302 7301
f 7298 7304 7302
f 7298 7300 7299
f 6942 6945 6944
f 6946 6944 6945
f 6942 6943 6947
f 6942 6946 6945
f 6947 6943 6944
f 6947 6944 6946
f 6947 6946 6942
f 6942 6944 6943
f 2866 2868 2867
f 2867 2868 2870
f 2869 2871 2866
f 2870 2868 2866
f 2871 2869 2870
f 2870 2866 2871
f 2869 2866 2867
f 2867 2870 2869
f 144 145 146
f 144 147 145
f 143 148 147
f 144 148 143
f 148 145 147
f 146 145 148
f 146 148 144
f 143 147 144
f 6756 6758 6759
f 6757 6760 6761
f 6756 6757 6761
f 6756 6760 6757
f 6760 6758 6761
f 6759 6758 6760
f 6759 6760 6756
f 6756 6761 6758
f 3230 3232 3231
f 3233 3235 3234
f 3236 3235 3233
f 3236 3237 3231
f 3236 3232 3230
f 3237 3233 3234
f 3237 3230 3231
f 3237 3234 3230
f 3236 3234 3235
f 3236 3230 3234
f 3236 3231 3232
f 3236 3233 3237
f 6818 6820 6821
f 6822 6820 6818
f 6819 6821 6823
f 6823 6822 6818
f 6823 6820 6822
f 6821 6820 6823
f 6823 6818 6819
f 6818 6821 6819
f 7869 7874 7875
f 7873 7871 7869
f 7871 7868 7869
f 7876 7873 7877
f 7873 7870 7871
f 7876 7874 7868
f 7877 7874 7876
f 7875 7874 7877
f 7876 7868 7872
f 7872 7868 7870
f 7872 7870 7873
f 7872 7873 7876
f 7870 7868 7871
f 7869 7875 7877
f 7873 7869 7877
f 7868 7874 7869
f 3958 3962 3963
f 3960 3958 3959
f 3965 3959 3963
f 3960 3961 3965
f 3964 3962 3958
f 3963 3962 3964
f 3963 3964 3965
f 3964 3958 3960
f 3960 3965 3964
f 3961 3959 3965
f 3960 3959 3961
f 3958 3963 3959
f 7878 7884 7885
f 7878 7886 7884
f 7879 7881 7887
f 7878 7883 7879
f 7883 7880 7881
f 7881 7885 7887
f 7885 7884 7886
f 7885 7886 7887
f 7880 7885 7881
f 7882 7880 7883
f 7882 7883 7878
f 7883 7881 7879
f 7879 7887 7886
f 7879 7886 7878
f 7878 7880 7882
f 7878 7885 7880
f 5719 5721 5720
f 5722 5718 5719
f 5723 5719 5720
f 5720 5721 5723
f 5718 5722 5723
f 5718 5723 5721
f 5722 5719 5723
f 5718 5721 5719
f 6004 6006 6005
f 6007 6006 6004
f 6007 6004 6005
f 6005 6006 6007
f 6210 6212 6211
f 6213 6215 6214
f 6216 6215 6211
f 6216 6217 6213
f 6210 6216 6212
f 6210 6211 6215
f 6215 6213 6217
f 6210 6215 6217
f 6217 6216 6210
f 6216 6213 6214
f 6214 6215 6216
f 6216 6211 6212
f 4038 4041 4040
f 4042 4044 4039
f 4039 4045 4038
f 4040 4041 4043
f 4042 4043 4041
f 4042 4045 4044
f 4042 4038 4045
f 4042 4041 4038
f 4044 4045 4039
f 4042 4040 4043
f 4042 4039 4040
f 4038 4040 4039
f 2660 2662 2661
f 2661 2664 2663
f 2663 2666 2665
f 2665 2667 2662
f 2661 2666 2664
f 2665 2666 2667
f 2667 2661 2662
f 2667 2666 2661
f 2662 2660 2663
f 2665 2662 2663
f 2664 2666 2663
f 2661 2663 2660
f 3216 3218 3217
f 3219 3217 3218
f 3221 3218 3216
f 3219 3216 3217
f 3219 3220 3221
f 3221 3216 3219
f 3220 3218 3221
f 3219 3218 3220
f 1390 1392 1391
f 1393 1389 1390
f 1392 1393 1397
f 1397 1394 1399
f 1394 1390 1391
f 1401 1395 1402
f 1396 1397 1398
f 1396 1403 1404
f 1398 1399 1400
f 1402 1400 1401
f 1404 1400 1402
f 1400 1404 1403
f 1398 1400 1403
f 1396 1402 1395
f 1396 1404 1402
f 1396 1398 1403
f 1392 1395 1391
f 1391 1395 1401
f 1399 1401 1400
f 1399 1391 1401
f 1399 1394 1391
f 1393 1394 1397
f 1397 1399 1398
f 1397 1396 1395
f 1392 1397 1395
f 1392 1389 1393
f 1393 1390 1394
f 1389 1392 1390
f 6948 6951 6950
f 6951 6952 6950
f 6953 6948 6949
f 6948 6953 6952
f 6949 6950 6952
f 6949 6952 6953
f 6948 6952 6951
f 6948 6950 6949
f 7520 7522 7523
f 7524 7520 7523
f 7525 7522 7520
f 7524 7525 7521
f 7524 7522 7525
f 7523 7522 7524
f 7525 7520 7521
f 7521 7520 7524
f 1 4 6
f 4 2 3
f 5 6 4
f 2 5 3
f 1 8 2
f 8 6 5
f 7 6 8
f 7 8 1
f 8 5 2
f 5 4 3
f 1 2 4
f 1 6 7
f 6805 6807 6806
f 6808 6806 6807
f 6805 6809 6804
f 6807 6804 6809
f 6805 6806 6808
f 6805 6808 6809
f 6807 6809 6808
f 6804 6807 6805
f 967 969 968
f 971 967 968
f 972 970 971
f 967 972 969
f 971 968 969
f 971 969 972
f 970 972 967
f 970 967 971
f 3584 3586 3585
f 3585 3586 3589
f 3588 3590 3587
f 3585 3591 3584
f 3588 3589 3591
f 3586 3584 3591
f 3586 3591 3589
f 3588 3591 3590
f 3590 3591 3587
f 3587 3591 3585
f 3585 3588 3587
f 3585 3589 3588
f 391 393 392
f 393 394 392
f 392 394 391
f 391 394 393
f 3998 4000 3999
f 4002 4000 3998
f 4003 3999 4000
f 4002 4003 4001
f 3998 4003 4002
f 3999 4003 3998
f 4003 4000 4001
f 4001 4000 4002
f 347 349 348
f 350 349 347
f 350 351 352
f 347 348 352
f 350 352 348
f 350 348 349
f 347 352 351
f 350 347 351
f 6378 6381 6380
f 6381 6378 6382
f 6383 6385 6384
f 6383 6380 6381
f 6380 6383 6384
f 6384 6382 6378
f 6385 6382 6384
f 6384 6378 6379
f 6380 6384 6379
f 6381 6382 6385
f 6383 6381 6385
f 6378 6380 6379
f 7348 7350 7349
f 7351 7353 7352
f 7350 7351 7352
f 7350 7353 7351
f 7354 7348 7349
f 7352 7353 7355
f 7352 7355 7354
f 7355 7348 7354
f 7355 7350 7348
f 7355 7353 7350
f 7352 7354 7349
f 7350 7352 7349
f 1817 1819 1818
f 1818 1821 1817
f 1821 1820 1822
f 1819 1821 1822
f 1822 1818 1819
f 1820 1818 1822
f 1817 1821 1819
f 1820 1821 1818
f 1001 1003 1002
f 1004 1006 1005
f 1004 1001 1006
f 1004 1005 1002
f 1001 1005 1006
f 1002 1005 1001
f 1004 1002 1003
f 1003 1001 1004
f 3703 3706 3705
f 3707 3702 3703
f 3709 3711 3710
f 3704 3709 3708
f 3711 3706 3702
f 3710 3707 3708
f 3706 3711 3705
f 3710 3708 3709
f 3711 3707 3710
f 3711 3702 3707
f 3704 3708 3703
f 3705 3711 3704
f 3704 3711 3709
f 3707 3703 3708
f 3702 3706 3703
f 3703 3705 3704
f 725 728 727
f 727 730 726
f 730 725 726
f 729 727 728
f 725 730 729
f 725 729 728
f 729 730 727
f 725 727 726
f 396 401 402
f 398 396 399
f 395 397 403
f 400 399 396
f 397 400 404
f 398 399 400
f 402 401 403
f 402 403 404
f 398 400 397
f 397 404 403
f 400 396 404
f 404 396 402
f 398 397 395
f 395 403 401
f 395 396 398
f 395 401 396
f 7481 7483 7482
f 7483 7480 7484
f 7485 7481 7482
f 7481 7484 7480
f 7483 7484 7485
f 7483 7485 7482
f 7485 7484 7481
f 7480 7483 7481
f 7258 7260 7259
f 7258 7263 7262
f 7262 7263 7264
f 7265 7259 7260
f 7261 7262 7264
f 7258 7265 7264
f 7259 7265 7258
f 7258 7264 7263
f 7261 7264 7265
f 7265 7260 7261
f 7262 7261 7260
f 7258 7262 7260
f 4976 4979 4978
f 4981 4979 4982
f 4983 4981 4984
f 4977 4983 4985
f 4985 4986 4976
f 4981 4982 4987
f 4984 4985 4983
f 4987 4976 4986
f 4979 4976 4982
f 4982 4976 4987
f 4986 4985 4987
f 4987 4985 4984
f 4981 4987 4984
f 4985 4976 4977
f 4980 4977 4978
f 4980 4983 4977
f 4980 4981 4983
f 4978 4981 4980
f 4978 4979 4981
f 4976 4978 4977
f 7288 7290 7289
f 7291 7293 7292
f 7293 7291 7289
f 7292 7288 7289
f 7288 7292 7293
f 7288 7293 7290
f 7292 7289 7291
f 7293 7289 7290
f 2423 2412 2413
f 2421 2415 2417
f 2417 2414 2416
f 2412 2418 2419
f 2418 2420 2421
f 2418 2415 2420
f 2416 2413 2419
f 2422 2424 2416
f 2423 2425 2424
f 2423 2424 2422
f 2422 2416 2414
f 2424 2413 2416
f 2416 2419 2417
f 2424 2425 2413
f 2417 2419 2421
f 2422 2412 2423
f 2422 2414 2412
f 2412 2414 2418
f 2414 2415 2418
f 2418 2421 2419
f 2412 2419 2413
f 2415 2414 2417
f 2420 2415 2421
f 2423 2413 2425
f 7310 7312 7311
f 7313 7310 7314
f 7313 7314 7315
f 7311 7313 7315
f 7315 7314 7310
f 7315 7310 7311
f 7312 7313 7311
f 7312 7310 7313
f 4996 4999 4998
f 5000 4996 5001
f 5000 4998 4999
f 5001 4996 4997
f 5001 4998 5000
f 4997 4998 5001
f 4999 4996 5000
f 4996 4998 4997
f 3088 3090 3089
f 3089 3092 3091
f 3092 3093 3091
f 3088 3091 3093
f 3093 3089 3090
f 3092 3089 3093
f 3088 3093 3090
f 3089 3091 3088
f 3238 3240 3239
f 3241 3245 3244
f 3242 3247 3246
f 3244 3247 3243
f 3239 3240 3241
f 3245 3241 3240
f 3247 3244 3245
f 3246 3245 3239
f 3239 3245 3238
f 3246 3247 3245
f 3245 3240 3238
f 3241 3242 3246
f 3239 3241 3246
f 3243 3247 3242
f 3244 3243 3242
f 3241 3244 3242
f 5066 5068 5067
f 5068 5070 5069
f 5070 5071 5069
f 5068 5066 5071
f 5067 5069 5071
f 5067 5071 5066
f 5068 5071 5070
f 5068 5069 5067
f 5979 5982 5983
f 5979 5980 5982
f 5982 5981 5983
f 5978 5985 5981
f 5986 5984 5978
f 5981 5985 5987
f 5986 5987 5985
f 5986 5985 5984
f 5981 5987 5983
f 5986 5978 5979
f 5984 5985 5978
f 5978 5981 5980
f 5980 5981 5982
f 5978 5980 5979
f 5979 5987 5986
f 5979 5983 5987
f 2454 2458 2457
f 2457 2459 2456
f 2454 2460 2458
f 2460 2461 2459
f 2459 2455 2456
f 2461 2460 2454
f 2461 2454 2455
f 2461 2455 2459
f 2460 2457 2458
f 2460 2459 2457
f 2454 2456 2455
f 2454 2457 2456
f 2022 2024 2023
f 2025 2027 2026
f 2025 2024 2027
f 2023 2026 2022
f 2024 2026 2027
f 2022 2026 2024
f 2025 2026 2023
f 2023 2024 2025
f 4937 4939 4938
f 4936 4942 4941
f 4940 4944 4943
f 4938 4940 4937
f 4946 4941 4942
f 4945 4939 4946
f 4939 4936 4941
f 4943 4945 4947
f 4944 4945 4943
f 4939 4941 4946
f 4938 4939 4945
f 4945 4946 4947
f 4946 4943 4947
f 4946 4942 4943
f 4944 4940 4945
f 4945 4940 4938
f 4940 4943 4942
f 4940 4942 4937
f 4937 4942 4936
f 4936 4939 4937
f 6727 6738 6739
f 6730 6734 6731
f 6727 6735 6733
f 6732 6729 6731
f 6726 6733 6730
f 6735 6730 6733
f 6728 6737 6729
f 6739 6738 6737
f 6739 6737 6736
f 6736 6737 6728
f 6731 6734 6732
f 6732 6734 6735
f 6735 6734 6730
f 6727 6733 6726
f 6728 6729 6732
f 6728 6739 6736
f 6728 6732 6739
f 6739 6732 6735
f 6739 6735 6727
f 6726 6737 6738
f 6726 6729 6737
f 6726 6730 6729
f 6730 6731 6729
f 6726 6738 6727
f 6522 6524 6523
f 6525 6526 6522
f 6525 6527 6526
f 6527 6525 6523
f 6527 6524 6522
f 6527 6522 6526
f 6527 6523 6524
f 6525 6522 6523
f 1919 1921 1920
f 1922 1920 1921
f 1924 1922 1923
f 1924 1920 1922
f 1921 1919 1924
f 1921 1924 1923
f 1919 1920 1924
f 1922 1921 1923
f 4132 4134 4133
f 4134 4132 4135
f 4134 4135 4133
f 4135 4132 4133
f 1776 1778 1777
f 1780 1782 1781
f 1783 1786 1782
f 1783 1788 1777
f 1786 1790 1789
f 1789 1776 1777
f 1791 1785 1779
f 1784 1791 1788
f 1776 1792 1775
f 1790 1786 1787
f 1787 1778 1775
f 1783 1778 1787
f 1787 1775 1792
f 1790 1787 1792
f 1790 1776 1789
f 1790 1792 1776
f 1785 1791 1784
f 1791 1779 1780
f 1781 1791 1780
f 1781 1788 1791
f 1781 1789 1788
f 1789 1777 1788
f 1786 1781 1782
f 1786 1789 1781
f 1784 1788 1783
f 1783 1777 1778
f 1782 1785 1784
f 1783 1782 1784
f 1783 1787 1786
f 1785 1782 1779
f 1779 1782 1780
f 1775 1778 1776
f 5580 5583 5582
f 5581 5584 5580
f 5585 5582 5583
f 5580 5584 5585
f 5581 5582 5585
f 5581 5585 5584
f 5580 5585 5583
f 5580 5582 5581
f 7294 7296 7295
f 7297 7294 7295
f 7295 7296 7297
f 7294 7297 7296
f 6470 6472 6471
f 6471 6472 6474
f 6473 6474 6475
f 6470 6475 6474
f 6470 6473 6475
f 6471 6473 6470
f 6470 6474 6472
f 6471 6474 6473
f 6924 6927 6926
f 6928 6924 6925
f 6927 6929 6926
f 6928 6926 6929
f 6924 6929 6927
f 6928 6929 6924
f 6925 6926 6928
f 6924 6926 6925
f 7356 7358 7357
f 7359 7361 7360
f 7357 7359 7360
f 7359 7363 7361
f 7363 7362 7360
f 7357 7362 7363
f 7357 7363 7356
f 7363 7360 7361
f 7356 7359 7358
f 7356 7363 7359
f 7358 7359 7357
f 7357 7360 7362
f 3598 3601 3600
f 3598 3599 3602
f 3602 3599 3600
f 3601 3603 3600
f 3602 3601 3598
f 3603 3601 3602
f 3602 3600 3603
f 3598 3600 3599
f 5026 5028 5027
f 5027 5028 5029
f 5029 5028 5026
f 5026 5027 5029
f 1377 1380 1379
f 1382 1377 1383
f 1383 1384 1382
f 1380 1381 1379
f 1379 1382 1384
f 1384 1377 1378
f 1383 1377 1384
f 1381 1382 1379
f 1379 1384 1378
f 1380 1377 1381
f 1381 1377 1382
f 1377 1379 1378
f 3200 3203 3202
f 3203 3204 3202
f 3202 3204 3205
f 3201 3205 3200
f 3205 3203 3200
f 3204 3203 3205
f 3202 3205 3201
f 3200 3202 3201
f 4888 4890 4889
f 4891 4890 4888
f 4889 4890 4891
f 4891 4888 4889
f 6622 6624 6623
f 6626 6627 6624
f 6628 6620 6621
f 6620 6628 6626
f 6622 6630 6629
f 6627 6623 6624
f 6627 6630 6631
f 6622 6631 6630
f 6623 6631 6622
f 6628 6627 6626
f 6628 6629 6627
f 6627 6629 6630
f 6631 6623 6627
f 6622 6629 6621
f 6620 6626 6625
f 6628 6621 6629
f 6626 6624 6625
f 6620 6624 6621
f 6621 6624 6622
f 6620 6625 6624
f 6690 6692 6691
f 6693 6695 6694
f 6691 6694 6695
f 6692 6694 6691
f 6693 6697 6696
f 6692 6690 6696
f 6692 6696 6697
f 6693 6696 6695
f 6693 6692 6697
f 6693 6694 6692
f 6691 6696 6690
f 6691 6695 6696
f 1793 1795 1794
f 1797 1800 1799
f 1800 1802 1801
f 1801 1799 1800
f 1793 1798 1799
f 1797 1794 1795
f 1793 1797 1795
f 1796 1797 1802
f 1802 1797 1793
f 1798 1794 1797
f 1793 1801 1802
f 1793 1799 1801
f 1793 1794 1798
f 1796 1802 1800
f 1796 1800 1797
f 1797 1799 1798
f 150 152 156
f 152 149 151
f 150 153 149
f 155 151 149
f 155 156 152
f 153 156 155
f 154 156 153
f 155 152 151
f 155 149 153
f 154 153 150
f 150 149 152
f 150 156 154
f 6708 6710 6709
f 6715 6714 6713
f 6714 6717 6716
f 6718 6715 6719
f 6719 6708 6709
f 6718 6716 6717
f 6706 6722 6720
f 6721 6724 6712
f 6722 6723 6725
f 6718 6719 6709
f 6722 6721 6720
f 6723 6712 6724
f 6711 6712 6723
f 6723 6724 6725
f 6724 6722 6725
f 6724 6721 6722
f 6718 6709 6710
f 6712 6713 6716
f 6721 6712 6716
f 6711 6723 6707
f 6707 6722 6706
f 6707 6723 6722
f 6720 6721 6706
f 6706 6721 6710
f 6710 6721 6718
f 6721 6716 6718
f 6715 6708 6719
f 6714 6718 6717
f 6714 6715 6718
f 6714 6716 6713
f 6708 6712 6707
f 6707 6712 6711
f 6708 6715 6713
f 6708 6713 6712
f 6706 6710 6707
f 6707 6710 6708
f 4893 4895 4894
f 4899 4898 4897
f 4900 4892 4893
f 4895 4900 4903
f 4896 4903 4900
f 4899 4901 4905
f 4898 4906 4904
f 4905 4898 4899
f 4906 4907 4902
f 4902 4905 4901
f 4907 4905 4902
f 4906 4902 4904
f 4904 4902 4903
f 4906 4898 4907
f 4907 4898 4905
f 4898 4904 4897
f 4895 4899 4894
f 4895 4901 4899
f 4904 4903 4897
f 4897 4903 4896
f 4903 4902 4901
f 4895 4903 4901
f 4895 4892 4900
f 4900 4893 4896
f 4894 4896 4893
f 4894 4897 4896
f 4894 4899 4897
f 4892 4895 4893
f 2526 2528 2527
f 2529 2530 2528
f 2526 2527 2531
f 2529 2531 2530
f 2528 2531 2527
f 2530 2531 2528
f 2526 2531 2529
f 2529 2528 2526
f 433 439 440
f 433 435 436
f 437 438 444
f 440 439 438
f 442 435 434
f 442 436 435
f 444 438 439
f 442 444 443
f 441 444 442
f 443 433 436
f 443 439 433
f 443 444 439
f 443 436 442
f 441 440 437
f 441 442 440
f 440 442 434
f 440 438 437
f 437 444 441
f 434 435 433
f 433 440 434
f 1637 1639 1638
f 1638 1642 1637
f 1637 1642 1643
f 1644 1640 1641
f 1643 1638 1639
f 1642 1640 1644
f 1642 1644 1643
f 1641 1643 1644
f 1641 1638 1643
f 1637 1643 1639
f 1640 1642 1641
f 1641 1642 1638
f 7842 7843 7849
f 7844 7842 7848
f 7849 7845 7847
f 7842 7845 7843
f 7844 7847 7845
f 7848 7849 7847
f 7848 7847 7846
f 7846 7847 7844
f 7844 7845 7842
f 7843 7845 7849
f 7844 7848 7846
f 7842 7849 7848
f 4988 4990 4989
f 4991 4993 4992
f 4993 4995 4992
f 4995 4994 4990
f 4991 4994 4993
f 4991 4992 4995
f 4995 4988 4989
f 4991 4995 4989
f 4990 4994 4989
f 4989 4994 4991
f 4995 4990 4988
f 4994 4995 4993
f 3967 3969 3968
f 3966 3972 3969
f 3972 3974 3968
f 3974 3967 3968
f 3971 3967 3975
f 3977 3975 3976
f 3970 3973 3972
f 3977 3974 3973
f 3976 3974 3977
f 3977 3973 3970
f 3971 3975 3970
f 3970 3975 3977
f 3966 3967 3971
f 3975 3974 3976
f 3975 3967 3974
f 3973 3974 3972
f 3972 3968 3969
f 3970 3972 3971
f 3971 3972 3966
f 3966 3969 3967
f 992 994 993
f 995 999 998
f 996 992 993
f 998 1000 994
f 999 995 993
f 992 996 997
f 1000 998 999
f 992 997 991
f 993 994 1000
f 999 993 1000
f 998 991 997
f 998 994 991
f 996 993 995
f 995 998 996
f 996 998 997
f 991 994 992
f 4917 4919 4918
f 4919 4920 4918
f 4918 4920 4921
f 4917 4921 4916
f 4919 4916 4921
f 4919 4921 4920
f 4918 4921 4917
f 4916 4919 4917
f 2301 2303 2302
f 2304 2308 2307
f 2303 2300 2304
f 2307 2301 2302
f 2306 2303 2305
f 2301 2308 2304
f 2309 2306 2307
f 2301 2304 2300
f 2302 2306 2309
f 2302 2303 2306
f 2308 2301 2307
f 2307 2302 2309
f 2303 2304 2305
f 2307 2306 2305
f 2304 2307 2305
f 2300 2303 2301
f 2316 2318 2317
f 2318 2316 2319
f 2319 2317 2318
f 2319 2316 2317
f 4970 4972 4971
f 4973 4975 4974
f 4973 4974 4971
f 4973 4970 4975
f 4971 4974 4975
f 4971 4975 4970
f 4972 4970 4973
f 4973 4971 4972
f 6191 6193 6192
f 6194 6196 6195
f 6192 6197 6194
f 6198 6195 6199
f 6193 6190 6198
f 6201 6195 6196
f 6200 6194 6197
f 6199 6200 6198
f 6201 6200 6199
f 6196 6194 6201
f 6201 6194 6200
f 6199 6195 6201
f 6198 6200 6197
f 6193 6198 6197
f 6191 6195 6190
f 6190 6195 6198
f 6193 6197 6192
f 6194 6195 6192
f 6192 6195 6191
f 6190 6193 6191
f 7250 7252 7251
f 7253 7255 7254
f 7255 7252 7250
f 7251 7257 7254
f 7254 7257 7256
f 7251 7256 7257
f 7252 7256 7251
f 7254 7256 7253
f 7251 7255 7250
f 7251 7254 7255
f 7256 7252 7253
f 7253 7252 7255
f 2427 2429 2428
f 2430 2432 2431
f 2428 2434 2433
f 2427 2436 2430
f 2433 2435 2427
f 2434 2436 2435
f 2430 2437 2432
f 2434 2431 2432
f 2434 2432 2437
f 2436 2437 2430
f 2437 2436 2434
f 2434 2435 2433
f 2433 2427 2428
f 2435 2436 2427
f 2427 2430 2426
f 2431 2434 2429
f 2429 2434 2428
f 2430 2429 2426
f 2430 2431 2429
f 2426 2429 2427
f 6477 6479 6478
f 6479 6482 6481
f 6483 6481 6484
f 6483 6486 6485
f 6477 6485 6480
f 6483 6487 6486
f 6485 6486 6487
f 6484 6481 6482
f 6484 6482 6487
f 6485 6482 6480
f 6485 6487 6482
f 6484 6487 6483
f 6477 6480 6476
f 6483 6477 6478
f 6483 6485 6477
f 6479 6483 6478
f 6479 6481 6483
f 6480 6479 6476
f 6480 6482 6479
f 6476 6479 6477
f 6516 6518 6517
f 6519 6520 6516
f 6521 6520 6519
f 6520 6518 6516
f 6519 6517 6518
f 6519 6518 6521
f 6521 6518 6520
f 6519 6516 6517
f 6224 6226 6225
f 6226 6224 6228
f 6226 6229 6225
f 6229 6224 6225
f 6229 6227 6228
f 6228 6224 6229
f 6227 6229 6226
f 6226 6228 6227
f 6180 6182 6181
f 6180 6185 6182
f 6184 6187 6183
f 6185 6186 6188
f 6181 6182 6185
f 6187 6184 6180
f 6183 6187 6189
f 6183 6188 6186
f 6183 6189 6188
f 6180 6181 6189
f 6187 6180 6189
f 6181 6188 6189
f 6181 6185 6188
f 6183 6180 6184
f 6183 6186 6180
f 6180 6186 6185
f 7776 7778 7777
f 7774 7779 7778
f 7780 7782 7781
f 7783 7780 7781
f 7781 7779 7783
f 7776 7777 7782
f 7780 7774 7775
f 7779 7780 7783
f 7779 7774 7780
f 7777 7778 7782
f 7782 7779 7781
f 7782 7778 7779
f 7776 7780 7775
f 7776 7782 7780
f 7774 7776 7775
f 7774 7778 7776
f 3526 3530 3529
f 3532 3527 3528
f 3533 3527 3531
f 3532 3535 3533
f 3529 3532 3528
f 3535 3537 3530
f 3536 3530 3537
f 3537 3535 3536
f 3529 3530 3534
f 3534 3530 3536
f 3530 3526 3533
f 3535 3530 3533
f 3534 3532 3529
f 3534 3535 3532
f 3532 3533 3531
f 3534 3536 3535
f 3526 3527 3533
f 3531 3527 3532
f 3526 3528 3527
f 3526 3529 3528
f 973 975 974
f 976 978 977
f 974 978 976
f 976 975 973
f 977 974 975
f 978 974 977
f 977 975 976
f 974 976 973
f 3984 3988 3987
f 3990 3988 3984
f 3987 3993 3992
f 3994 3992 3993
f 3990 3984 3985
f 3993 3988 3989
f 3991 3992 3995
f 3995 3994 3996
f 3986 3996 3985
f 3997 3986 3991
f 3997 3996 3986
f 3995 3996 3997
f 3991 3995 3997
f 3987 3988 3993
f 3990 3985 3994
f 3994 3985 3996
f 3993 3989 3990
f 3994 3993 3990
f 3994 3995 3992
f 3992 3991 3986
f 3987 3992 3986
f 3989 3988 3990
f 3984 3987 3985
f 3985 3987 3986
f 7533 7526 7530
f 7532 7529 7533
f 7528 7526 7529
f 7531 7530 7526
f 7528 7531 7527
f 7532 7530 7531
f 7533 7530 7532
f 7532 7531 7528
f 7531 7526 7527
f 7527 7526 7528
f 7528 7529 7532
f 7529 7526 7533
f 804 807 806
f 806 807 808
f 809 804 805
f 809 805 806
f 803 810 808
f 803 809 810
f 804 809 803
f 803 808 807
f 809 808 810
f 809 806 808
f 803 807 804
f 804 806 805
f 1803 1805 1804
f 1807 1809 1808
f 1810 1806 1807
f 1804 1805 1808
f 1808 1805 1803
f 1809 1806 1810
f 1809 1803 1804
f 1809 1810 1803
f 1808 1803 1807
f 1807 1803 1810
f 1804 1808 1809
f 1806 1809 1807
f 5094 5096 5095
f 5097 5101 5100
f 5099 5103 5102
f 5098 5102 5097
f 5097 5103 5095
f 5094 5101 5096
f 5103 5099 5100
f 5103 5100 5095
f 5095 5100 5094
f 5100 5101 5094
f 5095 5096 5101
f 5097 5095 5101
f 5097 5102 5103
f 5099 5102 5098
f 5097 5099 5098
f 5097 5100 5099
f 3838 3839 3837
f 3840 3838 3837
f 3837 3841 3836
f 3841 3840 3836
f 3841 3838 3840
f 3839 3838 3841
f 3839 3841 3837
f 3840 3837 3836
f 944 939 940
f 943 940 939
f 941 940 942
f 943 939 944
f 943 941 942
f 944 941 943
f 942 940 943
f 944 940 941
f 3177 3179 3178
f 3180 3177 3178
f 3179 3180 3178
f 3181 3177 3180
f 3179 3176 3181
f 3176 3177 3181
f 3181 3180 3179
f 3176 3179 3177
f 4948 4950 4949
f 4951 4953 4952
f 4952 4955 4951
f 4952 4953 4950
f 4953 4951 4955
f 4954 4948 4949
f 4954 4949 4955
f 4955 4949 4950
f 4953 4955 4950
f 4950 4948 4954
f 4952 4950 4954
f 4954 4955 4952
f 6647 6646 6645
f 6648 6644 6645
f 6647 6653 6652
f 6653 6648 6649
f 6651 6650 6655
f 6644 6654 6643
f 6642 6643 6654
f 6655 6645 6646
f 6655 6646 6647
f 6655 6647 6651
f 6650 6645 6655
f 6642 6654 6653
f 6648 6654 6644
f 6649 6650 6652
f 6652 6650 6651
f 6654 6648 6653
f 6653 6649 6652
f 6642 6653 6647
f 6647 6652 6651
f 6645 6650 6649
f 6648 6645 6649
f 6642 6644 6643
f 6642 6647 6644
f 6644 6647 6645
f 1173 1176 1175
f 1173 1177 1176
f 1178 1175 1176
f 1175 1178 1174
f 1178 1173 1174
f 1177 1173 1178
f 1178 1176 1177
f 1173 1175 1174
f 6280 6282 6281
f 6281 6284 6283
f 6285 6283 6284
f 6285 6282 6280
f 6285 6284 6281
f 6285 6281 6282
f 6285 6280 6283
f 6281 6283 6280
f 6230 6232 6231
f 6230 6231 6235
f 6236 6235 6237
f 6237 6232 6238
f 6236 6233 6234
f 6237 6239 6236
f 6239 6238 6232
f 6239 6230 6233
f 6239 6232 6230
f 6238 6239 6237
f 6239 6233 6236
f 6231 6237 6235
f 6231 6232 6237
f 6234 6235 6236
f 6230 6234 6233
f 6230 6235 6234
f 4050 4052 4051
f 4055 4050 4051
f 4054 4057 4053
f 4057 4052 4050
f 4052 4055 4051
f 4056 4054 4055
f 4056 4055 4057
f 4057 4055 4052
f 4057 4050 4053
f 4056 4057 4054
f 4053 4050 4054
f 4054 4050 4055
f 7238 7240 7239
f 7240 7241 7239
f 7238 7241 7240
f 7238 7239 7241
f 6298 6300 6299
f 6300 6303 6302
f 6304 6302 6303
f 6301 6298 6299
f 6304 6305 6299
f 6305 6303 6301
f 6304 6303 6305
f 6304 6300 6302
f 6304 6299 6300
f 6301 6299 6305
f 6301 6303 6298
f 6298 6303 6300
f 6202 6205 6204
f 6202 6208 6207
f 6208 6209 6207
f 6206 6203 6204
f 6205 6202 6207
f 6205 6208 6206
f 6209 6208 6205
f 6205 6206 6204
f 6205 6207 6209
f 6206 6202 6203
f 6206 6208 6202
f 6202 6204 6203
f 740 742 741
f 745 747 746
f 748 741 749
f 751 754 753
f 746 749 741
f 740 748 747
f 757 760 759
f 742 739 752
f 748 746 747
f 756 743 744
f 744 745 755
f 758 759 755
f 756 750 751
f 758 756 757
f 758 750 756
f 758 754 750
f 758 755 754
f 755 759 760
f 744 755 760
f 756 760 757
f 756 744 760
f 749 746 748
f 742 752 753
f 757 759 758
f 752 739 751
f 751 743 756
f 751 739 743
f 739 740 743
f 743 740 747
f 755 753 754
f 755 745 753
f 753 745 742
f 745 741 742
f 745 746 741
f 750 754 751
f 751 753 752
f 740 741 748
f 743 745 744
f 743 747 745
f 739 742 740
f 2438 2440 2439
f 2440 2441 2439
f 2440 2438 2441
f 2439 2441 2438
f 45 42 41
f 43 37 46
f 41 39 40
f 39 44 40
f 44 45 41
f 43 45 44
f 46 45 43
f 44 41 40
f 43 44 38
f 38 44 39
f 38 39 42
f 38 42 37
f 42 39 41
f 38 37 43
f 37 42 45
f 37 45 46
f 4082 4084 4083
f 4085 4082 4083
f 4084 4085 4083
f 4084 4082 4085
f 7267 7274 7275
f 7268 7267 7269
f 7270 7271 7276
f 7270 7269 7272
f 7277 7269 7267
f 7276 7273 7277
f 7273 7270 7272
f 7277 7274 7276
f 7275 7274 7277
f 7271 7270 7273
f 7271 7273 7276
f 7273 7272 7277
f 7277 7267 7275
f 7277 7272 7269
f 7268 7269 7270
f 7276 7274 7266
f 7268 7276 7266
f 7268 7270 7276
f 7266 7267 7268
f 7266 7274 7267
f 1655 1659 1658
f 1661 1663 1660
f 1664 1661 1662
f 1659 1668 1658
f 1665 1656 1657
f 1667 1664 1668
f 1667 1660 1663
f 1655 1656 1666
f 1668 1665 1657
f 1664 1665 1668
f 1668 1657 1658
f 1655 1666 1662
f 1659 1660 1667
f 1661 1667 1663
f 1661 1664 1667
f 1666 1656 1665
f 1667 1668 1659
f 1664 1666 1665
f 1664 1662 1666
f 1660 1655 1662
f 1661 1660 1662
f 1658 1657 1656
f 1655 1658 1656
f 1655 1660 1659
f 6260 6263 6262
f 6262 6264 6261
f 6261 6265 6260
f 6260 6265 6263
f 6265 6262 6263
f 6264 6262 6265
f 6264 6265 6261
f 6260 6262 6261
f 6502 6504 6503
f 6505 6507 6506
f 6506 6502 6503
f 6505 6508 6507
f 6506 6503 6504
f 6502 6509 6504
f 6508 6509 6502
f 6506 6509 6505
f 6506 6504 6509
f 6509 6508 6505
f 6508 6502 6507
f 6507 6502 6506
f 5030 5032 5031
f 5032 5034 5033
f 5035 5032 5033
f 5035 5033 5034
f 5034 5030 5031
f 5034 5031 5035
f 5031 5032 5035
f 5030 5034 5032
f 7364 7366 7365
f 7366 7368 7367
f 7367 7368 7369
f 7368 7366 7364
f 7367 7369 7364
f 7367 7364 7365
f 7368 7364 7369
f 7366 7367 7365
f 951 950 949
f 953 949 950
f 954 952 953
f 954 947 948
f 957 951 959
f 956 960 945
f 952 958 948
f 959 945 960
f 959 960 956
f 947 955 946
f 954 955 947
f 959 956 957
f 951 945 959
f 952 948 949
f 956 945 955
f 955 945 946
f 950 951 953
f 953 951 957
f 954 948 958
f 954 956 955
f 954 957 956
f 954 958 952
f 954 953 957
f 952 949 953
f 945 947 946
f 945 951 947
f 947 951 948
f 951 949 948
f 6488 6490 6489
f 6492 6490 6488
f 6493 6494 6492
f 6491 6489 6490
f 6494 6493 6488
f 6495 6491 6492
f 6495 6492 6494
f 6494 6489 6495
f 6494 6488 6489
f 6495 6489 6491
f 6491 6490 6492
f 6492 6488 6493
f 6241 6243 6242
f 6244 6246 6245
f 6244 6241 6248
f 6242 6245 6249
f 6242 6248 6241
f 6248 6250 6251
f 6249 6245 6246
f 6247 6251 6246
f 6247 6246 6244
f 6249 6251 6250
f 6249 6246 6251
f 6248 6251 6247
f 6250 6248 6249
f 6249 6248 6242
f 6243 6245 6242
f 6240 6241 6244
f 6244 6248 6247
f 6245 6243 6240
f 6244 6245 6240
f 6240 6243 6241
f 6496 6498 6497
f 6499 6501 6500
f 6498 6499 6500
f 6499 6498 6496
f 6496 6500 6501
f 6497 6500 6496
f 6499 6496 6501
f 6498 6500 6497
f 6442 6443 6438
f 6437 6440 6441
f 6440 6450 6451
f 6449 6451 6445
f 6447 6443 6442
f 6449 6447 6448
f 6449 6444 6446
f 6453 6436 6437
f 6450 6446 6444
f 6439 6455 6454
f 6453 6454 6455
f 6453 6455 6452
f 6438 6455 6439
f 6452 6455 6438
f 6452 6438 6436
f 6438 6443 6436
f 6436 6443 6440
f 6440 6443 6447
f 6440 6447 6450
f 6447 6446 6450
f 6452 6436 6453
f 6451 6450 6445
f 6445 6450 6449
f 6449 6450 6444
f 6446 6447 6449
f 6447 6442 6448
f 6453 6437 6439
f 6437 6442 6439
f 6453 6439 6454
f 6442 6437 6441
f 6442 6441 6448
f 6448 6451 6449
f 6448 6441 6451
f 6440 6451 6441
f 6436 6440 6437
f 6442 6438 6439
f 3592 3594 3593
f 3595 3597 3596
f 3594 3592 3596
f 3593 3595 3596
f 3594 3595 3593
f 3597 3595 3594
f 3593 3596 3592
f 3594 3596 3597
f 7243 7245 7244
f 7243 7244 7246
f 7242 7248 7247
f 7245 7246 7244
f 7243 7249 7248
f 7247 7248 7249
f 7246 7249 7243
f 7243 7248 7242
f 7249 7246 7247
f 7247 7246 7245
f 7242 7247 7245
f 7242 7245 7243
f 5072 5074 5073
f 5076 5078 5077
f 5077 5078 5079
f 5078 5074 5079
f 5076 5074 5072
f 5076 5073 5075
f 5072 5073 5076
f 5079 5076 5077
f 5079 5074 5076
f 5073 5074 5075
f 5075 5074 5078
f 5075 5078 5076
f 1669 1671 1670
f 1673 1675 1674
f 1675 1677 1676
f 1677 1669 1676
f 1671 1678 1672
f 1677 1675 1672
f 1673 1676 1669
f 1674 1676 1673
f 1673 1669 1670
f 1677 1672 1678
f 1672 1673 1670
f 1671 1672 1670
f 1671 1677 1678
f 1671 1669 1677
f 1675 1676 1674
f 1672 1675 1673
f 985 987 986
f 988 989 985
f 986 990 988
f 990 989 988
f 990 987 985
f 990 985 989
f 987 990 986
f 988 985 986
f 7514 7516 7515
f 7517 7519 7518
f 7518 7514 7515
f 7519 7517 7515
f 7518 7516 7514
f 7519 7516 7518
f 7519 7515 7516
f 7518 7515 7517
f 5036 5039 5038
f 5040 5041 5039
f 5038 5039 5041
f 5040 5036 5037
f 5040 5038 5041
f 5037 5038 5040
f 5040 5039 5036
f 5036 5038 5037
f 4909 4911 4910
f 4912 4914 4913
f 4908 4912 4911
f 4915 4908 4909
f 4909 4914 4915
f 4911 4912 4913
f 4911 4913 4910
f 4913 4909 4910
f 4913 4914 4909
f 4914 4912 4915
f 4915 4912 4908
f 4908 4911 4909
f 2448 2450 2449
f 2451 2453 2452
f 2452 2450 2448
f 2449 2453 2451
f 2449 2452 2448
f 2451 2452 2449
f 2450 2453 2449
f 2453 2450 2452
f 1913 1915 1914
f 1916 1917 1914
f 1916 1918 1917
f 1917 1918 1913
f 1913 1916 1915
f 1918 1916 1913
f 1917 1913 1914
f 1916 1914 1915
f 1649 1651 1650
f 1653 1649 1650
f 1653 1654 1652
f 1651 1654 1653
f 1654 1649 1652
f 1651 1649 1654
f 1651 1653 1650
f 1652 1649 1653
f 445 448 447
f 449 453 452
f 448 453 449
f 445 451 452
f 450 451 446
f 448 445 452
f 450 454 449
f 448 452 453
f 450 447 454
f 450 446 447
f 446 451 445
f 449 454 447
f 448 449 447
f 449 451 450
f 449 452 451
f 445 447 446
f 6173 6175 6174
f 6176 6177 6172
f 6178 6177 6176
f 6172 6177 6178
f 6173 6174 6179
f 6175 6179 6174
f 6173 6178 6176
f 6173 6179 6178
f 6172 6179 6175
f 6172 6178 6179
f 6176 6172 6173
f 6172 6175 6173
f 4010 4013 4012
f 4012 4013 4014
f 4010 4014 4013
f 4015 4012 4014
f 4011 4015 4010
f 4011 4012 4015
f 4015 4014 4010
f 4010 4012 4011
f 811 813 812
f 812 813 814
f 814 811 812
f 811 814 813
f 4086 4088 4087
f 4089 4091 4090
f 4086 4087 4089
f 4091 4089 4087
f 4092 4091 4093
f 4088 4092 4093
f 4086 4092 4088
f 4090 4091 4092
f 4091 4088 4093
f 4091 4087 4088
f 4086 4090 4092
f 4086 4089 4090
f 375 378 377
f 379 383 382
f 382 377 378
f 376 384 379
f 377 384 376
f 378 380 381
f 379 384 383
f 375 380 378
f 383 377 382
f 383 384 377
f 376 379 375
f 375 379 380
f 382 378 381
f 379 381 380
f 379 382 381
f 375 377 376
f 455 457 456
f 456 458 455
f 456 457 458
f 457 455 458
f 6510 6512 6511
f 6510 6514 6513
f 6515 6513 6514
f 6512 6515 6511
f 6515 6510 6511
f 6514 6510 6515
f 6513 6515 6512
f 6510 6513 6512
f 731 734 733
f 735 731 732
f 738 735 736
f 732 733 737
f 733 738 736
f 738 731 735
f 734 731 738
f 734 738 733
f 733 736 737
f 732 737 736
f 735 732 736
f 731 733 732
f 2886 2888 2887
f 2890 2888 2886
f 2891 2889 2890
f 2889 2887 2888
f 2890 2886 2887
f 2890 2887 2891
f 2891 2887 2889
f 2889 2888 2890
f 4068 4070 4069
f 4071 4066 4067
f 4069 4070 4073
f 4071 4067 4068
f 4073 4066 4071
f 4068 4069 4072
f 4070 4066 4073
f 4068 4072 4073
f 4071 4068 4073
f 4069 4073 4072
f 4066 4068 4067
f 4066 4070 4068
f 6632 6635 6634
f 6637 6639 6638
f 6636 6632 6633
f 6638 6639 6640
f 6641 6634 6635
f 6640 6634 6641
f 6640 6641 6635
f 6635 6632 6637
f 6638 6635 6637
f 6638 6640 6635
f 6636 6634 6639
f 6639 6634 6640
f 6636 6633 6634
f 6637 6632 6636
f 6636 6639 6637
f 6632 6634 6633
f 1693 1695 1694
f 1696 1698 1697
f 1693 1700 1699
f 1697 1698 1694
f 1697 1699 1700
f 1700 1698 1696
f 1694 1700 1693
f 1694 1698 1700
f 1697 1700 1696
f 1694 1695 1699
f 1697 1694 1699
f 1693 1699 1695
f 1037 1039 1038
f 1039 1042 1038
f 1037 1044 1043
f 1045 1043 1044
f 1046 1045 1044
f 1040 1041 1046
f 1046 1041 1039
f 1045 1039 1043
f 1043 1039 1037
f 1045 1046 1039
f 1046 1042 1040
f 1046 1044 1042
f 1042 1037 1038
f 1042 1044 1037
f 1040 1039 1041
f 1040 1042 1039
f 6253 6255 6254
f 6256 6258 6257
f 6258 6255 6252
f 6259 6252 6253
f 6259 6253 6254
f 6258 6256 6254
f 6258 6254 6255
f 6259 6256 6257
f 6259 6254 6256
f 6258 6259 6257
f 6258 6252 6259
f 6252 6255 6253
f 7503 7506 7505
f 7503 7508 7502
f 7509 7503 7504
f 7504 7505 7509
f 7502 7508 7506
f 7506 7509 7505
f 7507 7509 7508
f 7508 7509 7506
f 7507 7503 7509
f 7507 7508 7503
f 7502 7506 7503
f 7503 7505 7504
f 1623 1626 1625
f 1629 1631 1630
f 1628 1633 1627
f 1627 1623 1624
f 1626 1632 1635
f 1635 1632 1628
f 1625 1634 1631
f 1636 1629 1630
f 1631 1636 1630
f 1635 1636 1634
f 1634 1636 1631
f 1626 1634 1625
f 1635 1629 1636
f 1635 1628 1629
f 1623 1632 1626
f 1626 1635 1634
f 1623 1633 1632
f 1633 1623 1627
f 1632 1633 1628
f 1624 1628 1627
f 1624 1625 1628
f 1628 1625 1629
f 1625 1631 1629
f 1623 1625 1624
f 3696 3698 3697
f 3699 3701 3700
f 3698 3696 3699
f 3698 3701 3697
f 3701 3696 3697
f 3699 3696 3701
f 3700 3701 3698
f 3698 3699 3700
f 47 49 48
f 50 47 51
f 51 52 50
f 51 47 48
f 50 48 49
f 52 48 50
f 51 48 52
f 49 47 50
f 79 81 80
f 83 80 81
f 82 83 85
f 79 84 81
f 80 82 85
f 86 85 83
f 86 83 84
f 80 86 79
f 80 85 86
f 86 84 79
f 82 80 83
f 83 81 84
f 7794 7796 7795
f 7803 7802 7801
f 7804 7793 7794
f 7805 7796 7792
f 7804 7795 7808
f 7808 7803 7797
f 7801 7806 7800
f 7798 7799 7809
f 7805 7792 7793
f 7807 7808 7797
f 7800 7809 7799
f 7807 7800 7806
f 7807 7809 7800
f 7797 7798 7809
f 7807 7797 7809
f 7805 7802 7803
f 7805 7793 7802
f 7804 7806 7801
f 7796 7803 7795
f 7795 7803 7808
f 7796 7805 7803
f 7808 7807 7806
f 7804 7808 7806
f 7804 7794 7795
f 7802 7793 7801
f 7801 7793 7804
f 7797 7799 7798
f 7797 7800 7799
f 7797 7803 7801
f 7797 7801 7800
f 7792 7796 7793
f 7793 7796 7794
f 385 387 386
f 388 390 389
f 389 386 387
f 387 390 388
f 390 386 389
f 385 386 390
f 385 390 387
f 389 387 388
f 7218 7221 7220
f 7221 7224 7223
f 7226 7228 7218
f 7223 7229 7226
f 7230 7231 7224
f 7227 7220 7222
f 7228 7221 7218
f 7231 7229 7223
f 7228 7226 7229
f 7228 7231 7230
f 7228 7229 7231
f 7231 7223 7224
f 7225 7221 7230
f 7230 7221 7228
f 7219 7220 7227
f 7230 7224 7225
f 7226 7227 7222
f 7223 7226 7222
f 7226 7219 7227
f 7226 7218 7219
f 7223 7222 7220
f 7221 7223 7220
f 7221 7225 7224
f 7218 7220 7219
f 7810 7813 7812
f 7811 7816 7810
f 7817 7818 7812
f 7818 7819 7815
f 7814 7815 7819
f 7816 7813 7810
f 7818 7817 7816
f 7818 7814 7819
f 7818 7816 7814
f 7817 7813 7816
f 7818 7811 7812
f 7818 7815 7811
f 7817 7812 7813
f 7814 7816 7815
f 7815 7816 7811
f 7810 7812 7811
f 1679 1681 1680
f 1682 1680 1681
f 1685 1682 1683
f 1685 1686 1684
f 1682 1685 1679
f 1686 1683 1684
f 1682 1679 1680
f 1685 1681 1679
f 1685 1684 1681
f 1685 1683 1686
f 1681 1684 1683
f 1682 1681 1683
f 795 797 796
f 798 800 797
f 802 798 799
f 800 802 796
f 796 802 799
f 798 801 800
f 796 799 795
f 801 802 800
f 800 796 797
f 801 798 802
f 798 795 799
f 798 797 795
f 53 55 54
f 54 57 56
f 56 57 58
f 53 56 58
f 54 55 58
f 54 58 57
f 53 58 55
f 54 56 53
f 3684 3686 3685
f 3684 3685 3688
f 3687 3688 3689
f 3688 3686 3689
f 3686 3687 3689
f 3684 3687 3686
f 3685 3686 3688
f 3684 3688 3687
f 788 790 789
f 788 791 787
f 790 793 792
f 792 794 789
f 792 793 794
f 788 793 791
f 794 793 789
f 789 793 788
f 792 789 790
f 791 790 787
f 791 793 790
f 787 790 788
f 87 90 89
f 91 93 92
f 90 94 89
f 94 88 89
f 95 87 88
f 98 93 91
f 92 93 98
f 97 95 96
f 97 96 98
f 92 96 94
f 92 98 96
f 98 91 97
f 91 95 97
f 91 87 95
f 95 88 96
f 96 88 94
f 92 94 90
f 91 90 87
f 91 92 90
f 87 89 88
f 1687 1690 1689
f 1689 1692 1691
f 1690 1692 1689
f 1690 1687 1691
f 1687 1688 1691
f 1690 1691 1692
f 1689 1691 1688
f 1687 1689 1688
f 459 461 460
f 462 464 463
f 462 459 460
f 460 461 463
f 459 462 463
f 459 463 461
f 460 463 464
f 462 460 464
f 7889 7891 7890
f 7892 7896 7895
f 7892 7891 7888
f 7890 7895 7896
f 7897 7890 7891
f 7888 7896 7892
f 7897 7894 7895
f 7889 7896 7888
f 7897 7891 7894
f 7894 7891 7893
f 7897 7895 7890
f 7890 7896 7889
f 7893 7891 7892
f 7895 7894 7893
f 7892 7895 7893
f 7888 7891 7889
f 6609 6612 6611
f 6614 6609 6615
f 6616 6617 6612
f 6613 6608 6614
f 6611 6612 6617
f 6615 6610 6619
f 6619 6611 6618
f 6615 6619 6618
f 6614 6615 6616
f 6616 6615 6617
f 6617 6615 6618
f 6610 6611 6619
f 6609 6610 6615
f 6611 6617 6618
f 6613 6614 6616
f 6616 6612 6613
f 6608 6609 6614
f 6608 6613 6609
f 6609 6611 6610
f 6609 6613 6612
f 3571 3573 3572
f 3575 3578 3577
f 3575 3580 3570
f 3580 3583 3582
f 3577 3582 3583
f 3574 3573 3581
f 3580 3576 3577
f 3574 3575 3571
f 3581 3578 3579
f 3582 3578 3581
f 3574 3571 3572
f 3580 3577 3583
f 3572 3573 3574
f 3574 3581 3579
f 3578 3582 3577
f 3570 3581 3573
f 3570 3582 3581
f 3570 3580 3582
f 3576 3580 3575
f 3575 3570 3571
f 3574 3578 3575
f 3575 3577 3576
f 3574 3579 3578
f 3570 3573 3571
f 111 113 112
f 114 116 115
f 116 112 113
f 114 117 118
f 114 118 111
f 118 113 111
f 117 113 118
f 114 111 116
f 116 111 112
f 115 117 114
f 113 117 115
f 116 113 115
f 105 107 106
f 109 106 107
f 110 108 109
f 107 105 110
f 106 108 110
f 106 110 105
f 107 110 109
f 108 106 109
f 7211 7213 7212
f 7214 7215 7213
f 7215 7216 7212
f 7214 7211 7217
f 7217 7212 7216
f 7215 7217 7216
f 7214 7217 7215
f 7211 7212 7217
f 7210 7211 7214
f 7215 7212 7213
f 7214 7213 7210
f 7210 7213 7211
f 7785 7788 7787
f 7789 7787 7788
f 7790 7791 7784
f 7790 7785 7786
f 7789 7784 7791
f 7790 7787 7789
f 7786 7787 7790
f 7790 7789 7791
f 7788 7784 7789
f 7790 7784 7785
f 7784 7788 7785
f 7785 7787 7786
f 4115 4114 4113
f 4116 4118 4117
f 4111 4121 4120
f 4122 4123 4115
f 4120 4122 4119
f 4113 4127 4124
f 4129 4131 4130
f 4117 4111 4112
f 4117 4125 4120
f 4114 4130 4131
f 4126 4130 4123
f 4127 4113 4114
f 4128 4129 4126
f 4128 4126 4127
f 4127 4126 4124
f 4127 4114 4128
f 4128 4114 4131
f 4129 4130 4126
f 4126 4123 4122
f 4123 4114 4115
f 4123 4130 4114
f 4118 4125 4117
f 4117 4120 4121
f 4121 4111 4117
f 4117 4112 4116
f 4128 4131 4129
f 4125 4118 4116
f 4112 4125 4116
f 4112 4113 4124
f 4112 4124 4125
f 4124 4122 4125
f 4125 4122 4120
f 4124 4126 4122
f 4115 4110 4119
f 4122 4115 4119
f 4120 4119 4110
f 4111 4120 4110
f 4110 4115 4111
f 4111 4115 4112
f 4112 4115 4113
f 6662 6664 6663
f 6665 6666 6663
f 6666 6665 6667
f 6663 6667 6662
f 6662 6665 6664
f 6667 6665 6662
f 6666 6667 6663
f 6665 6663 6664
f 3562 3565 3564
f 3567 3565 3562
f 3563 3568 3567
f 3568 3563 3564
f 3566 3569 3564
f 3566 3567 3568
f 3566 3568 3569
f 3566 3564 3565
f 3568 3564 3569
f 3563 3567 3562
f 3566 3565 3567
f 3562 3564 3563
