# Decoded from sources/assets/lusion.dev/assets/models/home/cross.buf
# Position/index data decoded from public .buf header and payload.
v 0.0730591 -0.9951477 -0.3202209
v -0.0000305 -0.9951477 -0.3284607
v -0.0731201 -0.9951477 -0.3202209
v -0.1425171 -0.9951477 -0.2959290
v -0.2048035 -0.9951477 -0.2568054
v -0.2568054 -0.9951477 -0.2048035
v -0.2959290 -0.9951477 -0.1425171
v -0.3202209 -0.9951477 -0.0731201
v -0.3284607 -0.9951477 -0.0000305
v -0.3202209 -0.9951477 0.0730591
v -0.2959290 -0.9951477 0.1424561
v -0.2568054 -0.9951477 0.2047424
v -0.2048035 -0.9951477 0.2567444
v -0.1425171 -0.9951477 0.2958679
v -0.0731201 -0.9951477 0.3201599
v -0.0000305 -0.9951477 0.3283997
v 0.0730591 -0.9951477 0.3201599
v 0.1424561 -0.9951477 0.2958679
v 0.2047424 -0.9951477 0.2567444
v 0.2567444 -0.9951477 0.2047424
v 0.2958679 -0.9951477 0.1424561
v 0.3201599 -0.9951477 0.0730591
v 0.3283997 -0.9951477 -0.0000305
v 0.1048889 -0.9951477 -0.0000305
v 0.1013184 -0.9951477 0.0271301
v 0.0908203 -0.9951477 0.0524292
v 0.0741577 -0.9951477 0.0741577
v 0.0524292 -0.9951477 0.0908203
v 0.0271301 -0.9951477 0.1013184
v -0.0000305 -0.9951477 0.1048889
v -0.0271912 -0.9951477 0.1013184
v -0.0524902 -0.9951477 0.0908203
v -0.0742188 -0.9951477 0.0741577
v -0.0908813 -0.9951477 0.0524292
v -0.1013794 -0.9951477 0.0271301
v -0.1049500 -0.9951477 -0.0000305
v -0.1013794 -0.9951477 -0.0271912
v -0.0908813 -0.9951477 -0.0524902
v -0.0742188 -0.9951477 -0.0742188
v -0.0524902 -0.9951477 -0.0908813
v -0.0271912 -0.9951477 -0.1013794
v -0.0000305 -0.9951477 -0.1049500
v 0.0271301 -0.9951477 -0.1013794
v 0.0524292 -0.9951477 -0.0908813
v 0.0741577 -0.9951477 -0.0742188
v 0.0908203 -0.9951477 -0.0524902
v 0.1013184 -0.9951477 -0.0271912
v 0.3201599 -0.9951477 -0.0731201
v 0.2958679 -0.9951477 -0.1425171
v 0.2567444 -0.9951477 -0.2048035
v 0.2047424 -0.9951477 -0.2568054
v 0.1424561 -0.9951477 -0.2959290
v 0.3249512 -0.9666748 -0.0741882
v 0.3333130 -0.9666748 -0.0000305
v 0.3002930 -0.9666748 -0.1446533
v 0.2605896 -0.9666748 -0.2078552
v 0.2077942 -0.9666748 -0.2606506
v 0.1445923 -0.9666748 -0.3003540
v 0.0741272 -0.9666748 -0.3250122
v -0.0000305 -0.9666748 -0.3333740
v -0.0741882 -0.9666748 -0.3250122
v -0.1446533 -0.9666748 -0.3003540
v -0.2078552 -0.9666748 -0.2606506
v -0.2606506 -0.9666748 -0.2078552
v -0.3003540 -0.9666748 -0.1446533
v -0.3250122 -0.9666748 -0.0741882
v -0.3333740 -0.9666748 -0.0000305
v -0.3250122 -0.9666748 0.0741272
v -0.3003540 -0.9666748 0.1445923
v -0.2606506 -0.9666748 0.2077942
v -0.2078552 -0.9666748 0.2605896
v -0.1446533 -0.9666748 0.3002930
v -0.0741882 -0.9666748 0.3249512
v -0.0000305 -0.9666748 0.3333130
v 0.0741272 -0.9666748 0.3249512
v 0.1445923 -0.9666748 0.3002930
v 0.2077942 -0.9666748 0.2605896
v 0.2605896 -0.9666748 0.2077942
v 0.3002930 -0.9666748 0.1445923
v 0.3249512 -0.9666748 0.0741272
v 0.0999756 -0.9666748 -0.0000305
v 0.0965576 -0.9666748 0.0258484
v 0.0865784 -0.9666748 0.0499573
v 0.0706787 -0.9666748 0.0706787
v 0.0499573 -0.9666748 0.0865784
v 0.0258484 -0.9666748 0.0965576
v -0.0000305 -0.9666748 0.0999756
v -0.0259094 -0.9666748 0.0965576
v -0.0500183 -0.9666748 0.0865784
v -0.0707397 -0.9666748 0.0706787
v -0.0866394 -0.9666748 0.0499573
v -0.0966187 -0.9666748 0.0258484
v -0.1000366 -0.9666748 -0.0000305
v -0.0966187 -0.9666748 -0.0259094
v -0.0866394 -0.9666748 -0.0500183
v -0.0707397 -0.9666748 -0.0707397
v -0.0500183 -0.9666748 -0.0866394
v -0.0259094 -0.9666748 -0.0966187
v -0.0000305 -0.9666748 -0.1000366
v 0.0258484 -0.9666748 -0.0966187
v 0.0499573 -0.9666748 -0.0866394
v 0.0706787 -0.9666748 -0.0707397
v 0.0865784 -0.9666748 -0.0500183
v 0.0965576 -0.9666748 -0.0259094
v -0.0000305 0.9950867 -0.1049500
v -0.0271912 0.9950867 -0.1013794
v -0.0524902 0.9950867 -0.0908813
v -0.0742188 0.9950867 -0.0742188
v -0.0908813 0.9950867 -0.0524902
v -0.1013794 0.9950867 -0.0271912
v -0.1049500 0.9950867 -0.0000305
v -0.1013794 0.9950867 0.0271301
v -0.0908813 0.9950867 0.0524292
v -0.0742188 0.9950867 0.0741577
v -0.0524902 0.9950867 0.0908203
v -0.0271912 0.9950867 0.1013184
v -0.0000305 0.9950867 0.1048889
v 0.0271301 0.9950867 0.1013184
v 0.0524292 0.9950867 0.0908203
v 0.0741577 0.9950867 0.0741577
v 0.0908203 0.9950867 0.0524292
v 0.1013184 0.9950867 0.0271301
v 0.1048889 0.9950867 -0.0000305
v 0.3283997 0.9950867 -0.0000305
v 0.3201599 0.9950867 0.0730591
v 0.2958679 0.9950867 0.1424561
v 0.2567444 0.9950867 0.2047424
v 0.2047424 0.9950867 0.2567444
v 0.1424561 0.9950867 0.2958679
v 0.0730591 0.9950867 0.3201599
v -0.0000305 0.9950867 0.3283997
v -0.0731201 0.9950867 0.3201599
v -0.1425171 0.9950867 0.2958679
v -0.2048035 0.9950867 0.2567444
v -0.2568054 0.9950867 0.2047424
v -0.2959290 0.9950867 0.1424561
v -0.3202209 0.9950867 0.0730591
v -0.3284607 0.9950867 -0.0000305
v -0.3202209 0.9950867 -0.0731201
v -0.2959290 0.9950867 -0.1425171
v -0.2568054 0.9950867 -0.2048035
v -0.2048035 0.9950867 -0.2568054
v -0.1425171 0.9950867 -0.2959290
v -0.0731201 0.9950867 -0.3202209
v -0.0000305 0.9950867 -0.3284607
v 0.0730591 0.9950867 -0.3202209
v 0.1424561 0.9950867 -0.2959290
v 0.2047424 0.9950867 -0.2568054
v 0.2567444 0.9950867 -0.2048035
v 0.2958679 0.9950867 -0.1425171
v 0.3201599 0.9950867 -0.0731201
v 0.1013184 0.9950867 -0.0271912
v 0.0908203 0.9950867 -0.0524902
v 0.0741577 0.9950867 -0.0742188
v 0.0524292 0.9950867 -0.0908813
v 0.0271301 0.9950867 -0.1013794
v 0.3333130 0.9666138 -0.0000305
v 0.3249512 0.9666138 -0.0741882
v 0.3002930 0.9666138 -0.1446533
v 0.2605896 0.9666138 -0.2078552
v 0.2077942 0.9666138 -0.2606506
v 0.1445923 0.9666138 -0.3003540
v 0.0741272 0.9666138 -0.3250122
v -0.0000305 0.9666138 -0.3333740
v -0.0741882 0.9666138 -0.3250122
v -0.1446533 0.9666138 -0.3003540
v -0.2078552 0.9666138 -0.2606506
v -0.2606506 0.9666138 -0.2078552
v -0.3003540 0.9666138 -0.1446533
v -0.3250122 0.9666138 -0.0741882
v -0.3333740 0.9666138 -0.0000305
v -0.3250122 0.9666138 0.0741272
v -0.3003540 0.9666138 0.1445923
v -0.2606506 0.9666138 0.2077942
v -0.2078552 0.9666138 0.2605896
v -0.1446533 0.9666138 0.3002930
v -0.0741882 0.9666138 0.3249512
v -0.0000305 0.9666138 0.3333130
v 0.0741272 0.9666138 0.3249512
v 0.1445923 0.9666138 0.3002930
v 0.2077942 0.9666138 0.2605896
v 0.2605896 0.9666138 0.2077942
v 0.3002930 0.9666138 0.1445923
v 0.3249512 0.9666138 0.0741272
v 0.0965576 0.9666138 -0.0259094
v 0.0999756 0.9666138 -0.0000305
v 0.0865784 0.9666138 -0.0500183
v 0.0706787 0.9666138 -0.0707397
v 0.0499573 0.9666138 -0.0866394
v 0.0258484 0.9666138 -0.0966187
v -0.0000305 0.9666138 -0.1000366
v -0.0259094 0.9666138 -0.0966187
v -0.0500183 0.9666138 -0.0866394
v -0.0707397 0.9666138 -0.0707397
v -0.0866394 0.9666138 -0.0500183
v -0.0966187 0.9666138 -0.0259094
v -0.1000366 0.9666138 -0.0000305
v -0.0966187 0.9666138 0.0258484
v -0.0866394 0.9666138 0.0499573
v -0.0707397 0.9666138 0.0706787
v -0.0500183 0.9666138 0.0865784
v -0.0259094 0.9666138 0.0965576
v -0.0000305 0.9666138 0.0999756
v 0.0258484 0.9666138 0.0965576
v 0.0499573 0.9666138 0.0865784
v 0.0706787 0.9666138 0.0706787
v 0.0865784 0.9666138 0.0499573
v 0.0965576 0.9666138 0.0258484
v 0.0870361 0.6763916 -0.0233765
v 0.0901184 0.6763916 -0.0000305
v 0.0870361 0.6763916 0.0233154
v 0.0780334 0.6763916 0.0450439
v 0.0637207 0.6763916 0.0637207
v 0.0450439 0.6763916 0.0780334
v 0.0233154 0.6763916 0.0870361
v -0.0000305 0.6763916 0.0901184
v -0.0233765 0.6763916 0.0870361
v -0.0451050 0.6763916 0.0780334
v -0.0637817 0.6763916 0.0637207
v -0.0780945 0.6763916 0.0450439
v -0.0870972 0.6763916 0.0233154
v -0.0901794 0.6763916 -0.0000305
v -0.0870972 0.6763916 -0.0233765
v -0.0780945 0.6763916 -0.0451050
v -0.0637817 0.6763916 -0.0637817
v -0.0451050 0.6763916 -0.0780945
v -0.0233765 0.6763916 -0.0870972
v -0.0000305 0.6763916 -0.0901794
v 0.0233154 0.6763916 -0.0870972
v 0.0450439 0.6763916 -0.0780945
v 0.0637207 0.6763916 -0.0637817
v 0.0780334 0.6763916 -0.0451050
v 0.0965576 0.6999512 -0.0259094
v 0.0999756 0.6999512 -0.0000305
v 0.0865784 0.6999512 -0.0500183
v 0.0706787 0.6999512 -0.0707397
v 0.0499573 0.6999512 -0.0866394
v 0.0258484 0.6999512 -0.0966187
v -0.0000305 0.6999512 -0.1000366
v -0.0259094 0.6999512 -0.0966187
v -0.0500183 0.6999512 -0.0866394
v -0.0707397 0.6999512 -0.0707397
v -0.0866394 0.6999512 -0.0500183
v -0.0966187 0.6999512 -0.0259094
v -0.1000366 0.6999512 -0.0000305
v -0.0966187 0.6999512 0.0258484
v -0.0866394 0.6999512 0.0499573
v -0.0707397 0.6999512 0.0706787
v -0.0500183 0.6999512 0.0865784
v -0.0259094 0.6999512 0.0965576
v -0.0000305 0.6999512 0.0999756
v 0.0258484 0.6999512 0.0965576
v 0.0499573 0.6999512 0.0865784
v 0.0706787 0.6999512 0.0706787
v 0.0865784 0.6999512 0.0499573
v 0.0965576 0.6999512 0.0258484
v 0.0870361 -0.6764526 0.0233154
v 0.0901184 -0.6764526 -0.0000305
v 0.0870361 -0.6764526 -0.0233765
v 0.0780334 -0.6764526 -0.0451050
v 0.0637207 -0.6764526 -0.0637817
v 0.0450439 -0.6764526 -0.0780945
v 0.0233154 -0.6764526 -0.0870972
v -0.0000305 -0.6764526 -0.0901794
v -0.0233765 -0.6764526 -0.0870972
v -0.0451050 -0.6764526 -0.0780945
v -0.0637817 -0.6764526 -0.0637817
v -0.0780945 -0.6764526 -0.0451050
v -0.0870972 -0.6764526 -0.0233765
v -0.0901794 -0.6764526 -0.0000305
v -0.0870972 -0.6764526 0.0233154
v -0.0780945 -0.6764526 0.0450439
v -0.0637817 -0.6764526 0.0637207
v -0.0451050 -0.6764526 0.0780334
v -0.0233765 -0.6764526 0.0870361
v -0.0000305 -0.6764526 0.0901184
v 0.0233154 -0.6764526 0.0870361
v 0.0450439 -0.6764526 0.0780334
v 0.0637207 -0.6764526 0.0637207
v 0.0780334 -0.6764526 0.0450439
v 0.0965576 -0.7000122 0.0258484
v 0.0999756 -0.7000122 -0.0000305
v 0.0865784 -0.7000122 0.0499573
v 0.0706787 -0.7000122 0.0706787
v 0.0499573 -0.7000122 0.0865784
v 0.0258484 -0.7000122 0.0965576
v -0.0000305 -0.7000122 0.0999756
v -0.0259094 -0.7000122 0.0965576
v -0.0500183 -0.7000122 0.0865784
v -0.0707397 -0.7000122 0.0706787
v -0.0866394 -0.7000122 0.0499573
v -0.0966187 -0.7000122 0.0258484
v -0.1000366 -0.7000122 -0.0000305
v -0.0966187 -0.7000122 -0.0259094
v -0.0866394 -0.7000122 -0.0500183
v -0.0707397 -0.7000122 -0.0707397
v -0.0500183 -0.7000122 -0.0866394
v -0.0259094 -0.7000122 -0.0966187
v -0.0000305 -0.7000122 -0.1000366
v 0.0258484 -0.7000122 -0.0966187
v 0.0499573 -0.7000122 -0.0866394
v 0.0706787 -0.7000122 -0.0707397
v 0.0865784 -0.7000122 -0.0500183
v 0.0965576 -0.7000122 -0.0259094
v 0.0730591 0.3201599 -0.9951477
v -0.0000305 0.3283997 -0.9951477
v -0.0731201 0.3201599 -0.9951477
v -0.1425171 0.2958679 -0.9951477
v -0.2048035 0.2567444 -0.9951477
v -0.2568054 0.2047424 -0.9951477
v -0.2959290 0.1424561 -0.9951477
v -0.3202209 0.0730591 -0.9951477
v -0.3284607 -0.0000305 -0.9951477
v -0.3202209 -0.0731201 -0.9951477
v -0.2959290 -0.1425171 -0.9951477
v -0.2568054 -0.2048035 -0.9951477
v -0.2048035 -0.2568054 -0.9951477
v -0.1425171 -0.2959290 -0.9951477
v -0.0731201 -0.3202209 -0.9951477
v -0.0000305 -0.3284607 -0.9951477
v 0.0730591 -0.3202209 -0.9951477
v 0.1424561 -0.2959290 -0.9951477
v 0.2047424 -0.2568054 -0.9951477
v 0.2567444 -0.2048035 -0.9951477
v 0.2958679 -0.1425171 -0.9951477
v 0.3201599 -0.0731201 -0.9951477
v 0.3283997 -0.0000305 -0.9951477
v 0.1048889 -0.0000305 -0.9951477
v 0.1013184 -0.0271912 -0.9951477
v 0.0908203 -0.0524902 -0.9951477
v 0.0741577 -0.0742188 -0.9951477
v 0.0524292 -0.0908813 -0.9951477
v 0.0271301 -0.1013794 -0.9951477
v -0.0000305 -0.1049500 -0.9951477
v -0.0271912 -0.1013794 -0.9951477
v -0.0524902 -0.0908813 -0.9951477
v -0.0742188 -0.0742188 -0.9951477
v -0.0908813 -0.0524902 -0.9951477
v -0.1013794 -0.0271912 -0.9951477
v -0.1049500 -0.0000305 -0.9951477
v -0.1013794 0.0271301 -0.9951477
v -0.0908813 0.0524292 -0.9951477
v -0.0742188 0.0741577 -0.9951477
v -0.0524902 0.0908203 -0.9951477
v -0.0271912 0.1013184 -0.9951477
v -0.0000305 0.1048889 -0.9951477
v 0.0271301 0.1013184 -0.9951477
v 0.0524292 0.0908203 -0.9951477
v 0.0741577 0.0741577 -0.9951477
v 0.0908203 0.0524292 -0.9951477
v 0.1013184 0.0271301 -0.9951477
v 0.3201599 0.0730591 -0.9951477
v 0.2958679 0.1424561 -0.9951477
v 0.2567444 0.2047424 -0.9951477
v 0.2047424 0.2567444 -0.9951477
v 0.1424561 0.2958679 -0.9951477
v 0.3249512 0.0741272 -0.9666748
v 0.3333130 -0.0000305 -0.9666748
v 0.3002930 0.1445923 -0.9666748
v 0.2605896 0.2077942 -0.9666748
v 0.2077942 0.2605896 -0.9666748
v 0.1445923 0.3002930 -0.9666748
v 0.0741272 0.3249512 -0.9666748
v -0.0000305 0.3333130 -0.9666748
v -0.0741882 0.3249512 -0.9666748
v -0.1446533 0.3002930 -0.9666748
v -0.2078552 0.2605896 -0.9666748
v -0.2606506 0.2077942 -0.9666748
v -0.3003540 0.1445923 -0.9666748
v -0.3250122 0.0741272 -0.9666748
v -0.3333740 -0.0000305 -0.9666748
v -0.3250122 -0.0741882 -0.9666748
v -0.3003540 -0.1446533 -0.9666748
v -0.2606506 -0.2078552 -0.9666748
v -0.2078552 -0.2606506 -0.9666748
v -0.1446533 -0.3003540 -0.9666748
v -0.0741882 -0.3250122 -0.9666748
v -0.0000305 -0.3333740 -0.9666748
v 0.0741272 -0.3250122 -0.9666748
v 0.1445923 -0.3003540 -0.9666748
v 0.2077942 -0.2606506 -0.9666748
v 0.2605896 -0.2078552 -0.9666748
v 0.3002930 -0.1446533 -0.9666748
v 0.3249512 -0.0741882 -0.9666748
v 0.0999756 -0.0000305 -0.9666748
v 0.0965576 -0.0259094 -0.9666748
v 0.0865784 -0.0500183 -0.9666748
v 0.0706787 -0.0707397 -0.9666748
v 0.0499573 -0.0866394 -0.9666748
v 0.0258484 -0.0966187 -0.9666748
v -0.0000305 -0.1000366 -0.9666748
v -0.0259094 -0.0966187 -0.9666748
v -0.0500183 -0.0866394 -0.9666748
v -0.0707397 -0.0707397 -0.9666748
v -0.0866394 -0.0500183 -0.9666748
v -0.0966187 -0.0259094 -0.9666748
v -0.1000366 -0.0000305 -0.9666748
v -0.0966187 0.0258484 -0.9666748
v -0.0866394 0.0499573 -0.9666748
v -0.0707397 0.0706787 -0.9666748
v -0.0500183 0.0865784 -0.9666748
v -0.0259094 0.0965576 -0.9666748
v -0.0000305 0.0999756 -0.9666748
v 0.0258484 0.0965576 -0.9666748
v 0.0499573 0.0865784 -0.9666748
v 0.0706787 0.0706787 -0.9666748
v 0.0865784 0.0499573 -0.9666748
v 0.0965576 0.0258484 -0.9666748
v -0.0000305 0.1048889 0.9950867
v -0.0271912 0.1013184 0.9950867
v -0.0524902 0.0908203 0.9950867
v -0.0742188 0.0741577 0.9950867
v -0.0908813 0.0524292 0.9950867
v -0.1013794 0.0271301 0.9950867
v -0.1049500 -0.0000305 0.9950867
v -0.1013794 -0.0271912 0.9950867
v -0.0908813 -0.0524902 0.9950867
v -0.0742188 -0.0742188 0.9950867
v -0.0524902 -0.0908813 0.9950867
v -0.0271912 -0.1013794 0.9950867
v -0.0000305 -0.1049500 0.9950867
v 0.0271301 -0.1013794 0.9950867
v 0.0524292 -0.0908813 0.9950867
v 0.0741577 -0.0742188 0.9950867
v 0.0908203 -0.0524902 0.9950867
v 0.1013184 -0.0271912 0.9950867
v 0.1048889 -0.0000305 0.9950867
v 0.3283997 -0.0000305 0.9950867
v 0.3201599 -0.0731201 0.9950867
v 0.2958679 -0.1425171 0.9950867
v 0.2567444 -0.2048035 0.9950867
v 0.2047424 -0.2568054 0.9950867
v 0.1424561 -0.2959290 0.9950867
v 0.0730591 -0.3202209 0.9950867
v -0.0000305 -0.3284607 0.9950867
v -0.0731201 -0.3202209 0.9950867
v -0.1425171 -0.2959290 0.9950867
v -0.2048035 -0.2568054 0.9950867
v -0.2568054 -0.2048035 0.9950867
v -0.2959290 -0.1425171 0.9950867
v -0.3202209 -0.0731201 0.9950867
v -0.3284607 -0.0000305 0.9950867
v -0.3202209 0.0730591 0.9950867
v -0.2959290 0.1424561 0.9950867
v -0.2568054 0.2047424 0.9950867
v -0.2048035 0.2567444 0.9950867
v -0.1425171 0.2958679 0.9950867
v -0.0731201 0.3201599 0.9950867
v -0.0000305 0.3283997 0.9950867
v 0.0730591 0.3201599 0.9950867
v 0.1424561 0.2958679 0.9950867
v 0.2047424 0.2567444 0.9950867
v 0.2567444 0.2047424 0.9950867
v 0.2958679 0.1424561 0.9950867
v 0.3201599 0.0730591 0.9950867
v 0.1013184 0.0271301 0.9950867
v 0.0908203 0.0524292 0.9950867
v 0.0741577 0.0741577 0.9950867
v 0.0524292 0.0908203 0.9950867
v 0.0271301 0.1013184 0.9950867
v 0.3333130 -0.0000305 0.9666138
v 0.3249512 0.0741272 0.9666138
v 0.3002930 0.1445923 0.9666138
v 0.2605896 0.2077942 0.9666138
v 0.2077942 0.2605896 0.9666138
v 0.1445923 0.3002930 0.9666138
v 0.0741272 0.3249512 0.9666138
v -0.0000305 0.3333130 0.9666138
v -0.0741882 0.3249512 0.9666138
v -0.1446533 0.3002930 0.9666138
v -0.2078552 0.2605896 0.9666138
v -0.2606506 0.2077942 0.9666138
v -0.3003540 0.1445923 0.9666138
v -0.3250122 0.0741272 0.9666138
v -0.3333740 -0.0000305 0.9666138
v -0.3250122 -0.0741882 0.9666138
v -0.3003540 -0.1446533 0.9666138
v -0.2606506 -0.2078552 0.9666138
v -0.2078552 -0.2606506 0.9666138
v -0.1446533 -0.3003540 0.9666138
v -0.0741882 -0.3250122 0.9666138
v -0.0000305 -0.3333740 0.9666138
v 0.0741272 -0.3250122 0.9666138
v 0.1445923 -0.3003540 0.9666138
v 0.2077942 -0.2606506 0.9666138
v 0.2605896 -0.2078552 0.9666138
v 0.3002930 -0.1446533 0.9666138
v 0.3249512 -0.0741882 0.9666138
v 0.0965576 0.0258484 0.9666138
v 0.0999756 -0.0000305 0.9666138
v 0.0865784 0.0499573 0.9666138
v 0.0706787 0.0706787 0.9666138
v 0.0499573 0.0865784 0.9666138
v 0.0258484 0.0965576 0.9666138
v -0.0000305 0.0999756 0.9666138
v -0.0259094 0.0965576 0.9666138
v -0.0500183 0.0865784 0.9666138
v -0.0707397 0.0706787 0.9666138
v -0.0866394 0.0499573 0.9666138
v -0.0966187 0.0258484 0.9666138
v -0.1000366 -0.0000305 0.9666138
v -0.0966187 -0.0259094 0.9666138
v -0.0866394 -0.0500183 0.9666138
v -0.0707397 -0.0707397 0.9666138
v -0.0500183 -0.0866394 0.9666138
v -0.0259094 -0.0966187 0.9666138
v -0.0000305 -0.1000366 0.9666138
v 0.0258484 -0.0966187 0.9666138
v 0.0499573 -0.0866394 0.9666138
v 0.0706787 -0.0707397 0.9666138
v 0.0865784 -0.0500183 0.9666138
v 0.0965576 -0.0259094 0.9666138
v 0.0870361 0.0233154 0.6763916
v 0.0901184 -0.0000305 0.6763916
v 0.0870361 -0.0233765 0.6763916
v 0.0780334 -0.0451050 0.6763916
v 0.0637207 -0.0637817 0.6763916
v 0.0450439 -0.0780945 0.6763916
v 0.0233154 -0.0870972 0.6763916
v -0.0000305 -0.0901794 0.6763916
v -0.0233765 -0.0870972 0.6763916
v -0.0451050 -0.0780945 0.6763916
v -0.0637817 -0.0637817 0.6763916
v -0.0780945 -0.0451050 0.6763916
v -0.0870972 -0.0233765 0.6763916
v -0.0901794 -0.0000305 0.6763916
v -0.0870972 0.0233154 0.6763916
v -0.0780945 0.0450439 0.6763916
v -0.0637817 0.0637207 0.6763916
v -0.0451050 0.0780334 0.6763916
v -0.0233765 0.0870361 0.6763916
v -0.0000305 0.0901184 0.6763916
v 0.0233154 0.0870361 0.6763916
v 0.0450439 0.0780334 0.6763916
v 0.0637207 0.0637207 0.6763916
v 0.0780334 0.0450439 0.6763916
v 0.0965576 0.0258484 0.6999512
v 0.0999756 -0.0000305 0.6999512
v 0.0865784 0.0499573 0.6999512
v 0.0706787 0.0706787 0.6999512
v 0.0499573 0.0865784 0.6999512
v 0.0258484 0.0965576 0.6999512
v -0.0000305 0.0999756 0.6999512
v -0.0259094 0.0965576 0.6999512
v -0.0500183 0.0865784 0.6999512
v -0.0707397 0.0706787 0.6999512
v -0.0866394 0.0499573 0.6999512
v -0.0966187 0.0258484 0.6999512
v -0.1000366 -0.0000305 0.6999512
v -0.0966187 -0.0259094 0.6999512
v -0.0866394 -0.0500183 0.6999512
v -0.0707397 -0.0707397 0.6999512
v -0.0500183 -0.0866394 0.6999512
v -0.0259094 -0.0966187 0.6999512
v -0.0000305 -0.1000366 0.6999512
v 0.0258484 -0.0966187 0.6999512
v 0.0499573 -0.0866394 0.6999512
v 0.0706787 -0.0707397 0.6999512
v 0.0865784 -0.0500183 0.6999512
v 0.0965576 -0.0259094 0.6999512
v 0.0870361 -0.0233765 -0.6764526
v 0.0901184 -0.0000305 -0.6764526
v 0.0870361 0.0233154 -0.6764526
v 0.0780334 0.0450439 -0.6764526
v 0.0637207 0.0637207 -0.6764526
v 0.0450439 0.0780334 -0.6764526
v 0.0233154 0.0870361 -0.6764526
v -0.0000305 0.0901184 -0.6764526
v -0.0233765 0.0870361 -0.6764526
v -0.0451050 0.0780334 -0.6764526
v -0.0637817 0.0637207 -0.6764526
v -0.0780945 0.0450439 -0.6764526
v -0.0870972 0.0233154 -0.6764526
v -0.0901794 -0.0000305 -0.6764526
v -0.0870972 -0.0233765 -0.6764526
v -0.0780945 -0.0451050 -0.6764526
v -0.0637817 -0.0637817 -0.6764526
v -0.0451050 -0.0780945 -0.6764526
v -0.0233765 -0.0870972 -0.6764526
v -0.0000305 -0.0901794 -0.6764526
v 0.0233154 -0.0870972 -0.6764526
v 0.0450439 -0.0780945 -0.6764526
v 0.0637207 -0.0637817 -0.6764526
v 0.0780334 -0.0451050 -0.6764526
v 0.0965576 -0.0259094 -0.7000122
v 0.0999756 -0.0000305 -0.7000122
v 0.0865784 -0.0500183 -0.7000122
v 0.0706787 -0.0707397 -0.7000122
v 0.0499573 -0.0866394 -0.7000122
v 0.0258484 -0.0966187 -0.7000122
v -0.0000305 -0.1000366 -0.7000122
v -0.0259094 -0.0966187 -0.7000122
v -0.0500183 -0.0866394 -0.7000122
v -0.0707397 -0.0707397 -0.7000122
v -0.0866394 -0.0500183 -0.7000122
v -0.0966187 -0.0259094 -0.7000122
v -0.1000366 -0.0000305 -0.7000122
v -0.0966187 0.0258484 -0.7000122
v -0.0866394 0.0499573 -0.7000122
v -0.0707397 0.0706787 -0.7000122
v -0.0500183 0.0865784 -0.7000122
v -0.0259094 0.0965576 -0.7000122
v -0.0000305 0.0999756 -0.7000122
v 0.0258484 0.0965576 -0.7000122
v 0.0499573 0.0865784 -0.7000122
v 0.0706787 0.0706787 -0.7000122
v 0.0865784 0.0499573 -0.7000122
v 0.0965576 0.0258484 -0.7000122
v 0.9950867 0.0730591 -0.3202209
v 0.9950867 -0.0000305 -0.3284607
v 0.9950867 -0.0731201 -0.3202209
v 0.9950867 -0.1425171 -0.2959290
v 0.9950867 -0.2048035 -0.2568054
v 0.9950867 -0.2568054 -0.2048035
v 0.9950867 -0.2959290 -0.1425171
v 0.9950867 -0.3202209 -0.0731201
v 0.9950867 -0.3284607 -0.0000305
v 0.9950867 -0.3202209 0.0730591
v 0.9950867 -0.2959290 0.1424561
v 0.9950867 -0.2568054 0.2047424
v 0.9950867 -0.2048035 0.2567444
v 0.9950867 -0.1425171 0.2958679
v 0.9950867 -0.0731201 0.3201599
v 0.9950867 -0.0000305 0.3283997
v 0.9950867 0.0730591 0.3201599
v 0.9950867 0.1424561 0.2958679
v 0.9950867 0.2047424 0.2567444
v 0.9950867 0.2567444 0.2047424
v 0.9950867 0.2958679 0.1424561
v 0.9950867 0.3201599 0.0730591
v 0.9950867 0.3283997 -0.0000305
v 0.9950867 0.1048889 -0.0000305
v 0.9950867 0.1013184 0.0271301
v 0.9950867 0.0908203 0.0524292
v 0.9950867 0.0741577 0.0741577
v 0.9950867 0.0524292 0.0908203
v 0.9950867 0.0271301 0.1013184
v 0.9950867 -0.0000305 0.1048889
v 0.9950867 -0.0271912 0.1013184
v 0.9950867 -0.0524902 0.0908203
v 0.9950867 -0.0742188 0.0741577
v 0.9950867 -0.0908813 0.0524292
v 0.9950867 -0.1013794 0.0271301
v 0.9950867 -0.1049500 -0.0000305
v 0.9950867 -0.1013794 -0.0271912
v 0.9950867 -0.0908813 -0.0524902
v 0.9950867 -0.0742188 -0.0742188
v 0.9950867 -0.0524902 -0.0908813
v 0.9950867 -0.0271912 -0.1013794
v 0.9950867 -0.0000305 -0.1049500
v 0.9950867 0.0271301 -0.1013794
v 0.9950867 0.0524292 -0.0908813
v 0.9950867 0.0741577 -0.0742188
v 0.9950867 0.0908203 -0.0524902
v 0.9950867 0.1013184 -0.0271912
v 0.9950867 0.3201599 -0.0731201
v 0.9950867 0.2958679 -0.1425171
v 0.9950867 0.2567444 -0.2048035
v 0.9950867 0.2047424 -0.2568054
v 0.9950867 0.1424561 -0.2959290
v 0.9666138 0.3249512 -0.0741882
v 0.9666138 0.3333130 -0.0000305
v 0.9666138 0.3002930 -0.1446533
v 0.9666138 0.2605896 -0.2078552
v 0.9666138 0.2077942 -0.2606506
v 0.9666138 0.1445923 -0.3003540
v 0.9666138 0.0741272 -0.3250122
v 0.9666138 -0.0000305 -0.3333740
v 0.9666138 -0.0741882 -0.3250122
v 0.9666138 -0.1446533 -0.3003540
v 0.9666138 -0.2078552 -0.2606506
v 0.9666138 -0.2606506 -0.2078552
v 0.9666138 -0.3003540 -0.1446533
v 0.9666138 -0.3250122 -0.0741882
v 0.9666138 -0.3333740 -0.0000305
v 0.9666138 -0.3250122 0.0741272
v 0.9666138 -0.3003540 0.1445923
v 0.9666138 -0.2606506 0.2077942
v 0.9666138 -0.2078552 0.2605896
v 0.9666138 -0.1446533 0.3002930
v 0.9666138 -0.0741882 0.3249512
v 0.9666138 -0.0000305 0.3333130
v 0.9666138 0.0741272 0.3249512
v 0.9666138 0.1445923 0.3002930
v 0.9666138 0.2077942 0.2605896
v 0.9666138 0.2605896 0.2077942
v 0.9666138 0.3002930 0.1445923
v 0.9666138 0.3249512 0.0741272
v 0.9666138 0.0999756 -0.0000305
v 0.9666138 0.0965576 0.0258484
v 0.9666138 0.0865784 0.0499573
v 0.9666138 0.0706787 0.0706787
v 0.9666138 0.0499573 0.0865784
v 0.9666138 0.0258484 0.0965576
v 0.9666138 -0.0000305 0.0999756
v 0.9666138 -0.0259094 0.0965576
v 0.9666138 -0.0500183 0.0865784
v 0.9666138 -0.0707397 0.0706787
v 0.9666138 -0.0866394 0.0499573
v 0.9666138 -0.0966187 0.0258484
v 0.9666138 -0.1000366 -0.0000305
v 0.9666138 -0.0966187 -0.0259094
v 0.9666138 -0.0866394 -0.0500183
v 0.9666138 -0.0707397 -0.0707397
v 0.9666138 -0.0500183 -0.0866394
v 0.9666138 -0.0259094 -0.0966187
v 0.9666138 -0.0000305 -0.1000366
v 0.9666138 0.0258484 -0.0966187
v 0.9666138 0.0499573 -0.0866394
v 0.9666138 0.0706787 -0.0707397
v 0.9666138 0.0865784 -0.0500183
v 0.9666138 0.0965576 -0.0259094
v -0.9951477 -0.0000305 -0.1049500
v -0.9951477 -0.0271912 -0.1013794
v -0.9951477 -0.0524902 -0.0908813
v -0.9951477 -0.0742188 -0.0742188
v -0.9951477 -0.0908813 -0.0524902
v -0.9951477 -0.1013794 -0.0271912
v -0.9951477 -0.1049500 -0.0000305
v -0.9951477 -0.1013794 0.0271301
v -0.9951477 -0.0908813 0.0524292
v -0.9951477 -0.0742188 0.0741577
v -0.9951477 -0.0524902 0.0908203
v -0.9951477 -0.0271912 0.1013184
v -0.9951477 -0.0000305 0.1048889
v -0.9951477 0.0271301 0.1013184
v -0.9951477 0.0524292 0.0908203
v -0.9951477 0.0741577 0.0741577
v -0.9951477 0.0908203 0.0524292
v -0.9951477 0.1013184 0.0271301
v -0.9951477 0.1048889 -0.0000305
v -0.9951477 0.3283997 -0.0000305
v -0.9951477 0.3201599 0.0730591
v -0.9951477 0.2958679 0.1424561
v -0.9951477 0.2567444 0.2047424
v -0.9951477 0.2047424 0.2567444
v -0.9951477 0.1424561 0.2958679
v -0.9951477 0.0730591 0.3201599
v -0.9951477 -0.0000305 0.3283997
v -0.9951477 -0.0731201 0.3201599
v -0.9951477 -0.1425171 0.2958679
v -0.9951477 -0.2048035 0.2567444
v -0.9951477 -0.2568054 0.2047424
v -0.9951477 -0.2959290 0.1424561
v -0.9951477 -0.3202209 0.0730591
v -0.9951477 -0.3284607 -0.0000305
v -0.9951477 -0.3202209 -0.0731201
v -0.9951477 -0.2959290 -0.1425171
v -0.9951477 -0.2568054 -0.2048035
v -0.9951477 -0.2048035 -0.2568054
v -0.9951477 -0.1425171 -0.2959290
v -0.9951477 -0.0731201 -0.3202209
v -0.9951477 -0.0000305 -0.3284607
v -0.9951477 0.0730591 -0.3202209
v -0.9951477 0.1424561 -0.2959290
v -0.9951477 0.2047424 -0.2568054
v -0.9951477 0.2567444 -0.2048035
v -0.9951477 0.2958679 -0.1425171
v -0.9951477 0.3201599 -0.0731201
v -0.9951477 0.1013184 -0.0271912
v -0.9951477 0.0908203 -0.0524902
v -0.9951477 0.0741577 -0.0742188
v -0.9951477 0.0524292 -0.0908813
v -0.9951477 0.0271301 -0.1013794
v -0.9666748 0.3333130 -0.0000305
v -0.9666748 0.3249512 -0.0741882
v -0.9666748 0.3002930 -0.1446533
v -0.9666748 0.2605896 -0.2078552
v -0.9666748 0.2077942 -0.2606506
v -0.9666748 0.1445923 -0.3003540
v -0.9666748 0.0741272 -0.3250122
v -0.9666748 -0.0000305 -0.3333740
v -0.9666748 -0.0741882 -0.3250122
v -0.9666748 -0.1446533 -0.3003540
v -0.9666748 -0.2078552 -0.2606506
v -0.9666748 -0.2606506 -0.2078552
v -0.9666748 -0.3003540 -0.1446533
v -0.9666748 -0.3250122 -0.0741882
v -0.9666748 -0.3333740 -0.0000305
v -0.9666748 -0.3250122 0.0741272
v -0.9666748 -0.3003540 0.1445923
v -0.9666748 -0.2606506 0.2077942
v -0.9666748 -0.2078552 0.2605896
v -0.9666748 -0.1446533 0.3002930
v -0.9666748 -0.0741882 0.3249512
v -0.9666748 -0.0000305 0.3333130
v -0.9666748 0.0741272 0.3249512
v -0.9666748 0.1445923 0.3002930
v -0.9666748 0.2077942 0.2605896
v -0.9666748 0.2605896 0.2077942
v -0.9666748 0.3002930 0.1445923
v -0.9666748 0.3249512 0.0741272
v -0.9666748 0.0965576 -0.0259094
v -0.9666748 0.0999756 -0.0000305
v -0.9666748 0.0865784 -0.0500183
v -0.9666748 0.0706787 -0.0707397
v -0.9666748 0.0499573 -0.0866394
v -0.9666748 0.0258484 -0.0966187
v -0.9666748 -0.0000305 -0.1000366
v -0.9666748 -0.0259094 -0.0966187
v -0.9666748 -0.0500183 -0.0866394
v -0.9666748 -0.0707397 -0.0707397
v -0.9666748 -0.0866394 -0.0500183
v -0.9666748 -0.0966187 -0.0259094
v -0.9666748 -0.1000366 -0.0000305
v -0.9666748 -0.0966187 0.0258484
v -0.9666748 -0.0866394 0.0499573
v -0.9666748 -0.0707397 0.0706787
v -0.9666748 -0.0500183 0.0865784
v -0.9666748 -0.0259094 0.0965576
v -0.9666748 -0.0000305 0.0999756
v -0.9666748 0.0258484 0.0965576
v -0.9666748 0.0499573 0.0865784
v -0.9666748 0.0706787 0.0706787
v -0.9666748 0.0865784 0.0499573
v -0.9666748 0.0965576 0.0258484
v -0.6764526 0.0870361 -0.0233765
v -0.6764526 0.0901184 -0.0000305
v -0.6764526 0.0870361 0.0233154
v -0.6764526 0.0780334 0.0450439
v -0.6764526 0.0637207 0.0637207
v -0.6764526 0.0450439 0.0780334
v -0.6764526 0.0233154 0.0870361
v -0.6764526 -0.0000305 0.0901184
v -0.6764526 -0.0233765 0.0870361
v -0.6764526 -0.0451050 0.0780334
v -0.6764526 -0.0637817 0.0637207
v -0.6764526 -0.0780945 0.0450439
v -0.6764526 -0.0870972 0.0233154
v -0.6764526 -0.0901794 -0.0000305
v -0.6764526 -0.0870972 -0.0233765
v -0.6764526 -0.0780945 -0.0451050
v -0.6764526 -0.0637817 -0.0637817
v -0.6764526 -0.0451050 -0.0780945
v -0.6764526 -0.0233765 -0.0870972
v -0.6764526 -0.0000305 -0.0901794
v -0.6764526 0.0233154 -0.0870972
v -0.6764526 0.0450439 -0.0780945
v -0.6764526 0.0637207 -0.0637817
v -0.6764526 0.0780334 -0.0451050
v -0.7000122 0.0965576 -0.0259094
v -0.7000122 0.0999756 -0.0000305
v -0.7000122 0.0865784 -0.0500183
v -0.7000122 0.0706787 -0.0707397
v -0.7000122 0.0499573 -0.0866394
v -0.7000122 0.0258484 -0.0966187
v -0.7000122 -0.0000305 -0.1000366
v -0.7000122 -0.0259094 -0.0966187
v -0.7000122 -0.0500183 -0.0866394
v -0.7000122 -0.0707397 -0.0707397
v -0.7000122 -0.0866394 -0.0500183
v -0.7000122 -0.0966187 -0.0259094
v -0.7000122 -0.1000366 -0.0000305
v -0.7000122 -0.0966187 0.0258484
v -0.7000122 -0.0866394 0.0499573
v -0.7000122 -0.0707397 0.0706787
v -0.7000122 -0.0500183 0.0865784
v -0.7000122 -0.0259094 0.0965576
v -0.7000122 -0.0000305 0.0999756
v -0.7000122 0.0258484 0.0965576
v -0.7000122 0.0499573 0.0865784
v -0.7000122 0.0706787 0.0706787
v -0.7000122 0.0865784 0.0499573
v -0.7000122 0.0965576 0.0258484
v 0.6763916 0.0870361 0.0233154
v 0.6763916 0.0901184 -0.0000305
v 0.6763916 0.0870361 -0.0233765
v 0.6763916 0.0780334 -0.0451050
v 0.6763916 0.0637207 -0.0637817
v 0.6763916 0.0450439 -0.0780945
v 0.6763916 0.0233154 -0.0870972
v 0.6763916 -0.0000305 -0.0901794
v 0.6763916 -0.0233765 -0.0870972
v 0.6763916 -0.0451050 -0.0780945
v 0.6763916 -0.0637817 -0.0637817
v 0.6763916 -0.0780945 -0.0451050
v 0.6763916 -0.0870972 -0.0233765
v 0.6763916 -0.0901794 -0.0000305
v 0.6763916 -0.0870972 0.0233154
v 0.6763916 -0.0780945 0.0450439
v 0.6763916 -0.0637817 0.0637207
v 0.6763916 -0.0451050 0.0780334
v 0.6763916 -0.0233765 0.0870361
v 0.6763916 -0.0000305 0.0901184
v 0.6763916 0.0233154 0.0870361
v 0.6763916 0.0450439 0.0780334
v 0.6763916 0.0637207 0.0637207
v 0.6763916 0.0780334 0.0450439
v 0.6999512 0.0965576 0.0258484
v 0.6999512 0.0999756 -0.0000305
v 0.6999512 0.0865784 0.0499573
v 0.6999512 0.0706787 0.0706787
v 0.6999512 0.0499573 0.0865784
v 0.6999512 0.0258484 0.0965576
v 0.6999512 -0.0000305 0.0999756
v 0.6999512 -0.0259094 0.0965576
v 0.6999512 -0.0500183 0.0865784
v 0.6999512 -0.0707397 0.0706787
v 0.6999512 -0.0866394 0.0499573
v 0.6999512 -0.0966187 0.0258484
v 0.6999512 -0.1000366 -0.0000305
v 0.6999512 -0.0966187 -0.0259094
v 0.6999512 -0.0866394 -0.0500183
v 0.6999512 -0.0707397 -0.0707397
v 0.6999512 -0.0500183 -0.0866394
v 0.6999512 -0.0259094 -0.0966187
v 0.6999512 -0.0000305 -0.1000366
v 0.6999512 0.0258484 -0.0966187
v 0.6999512 0.0499573 -0.0866394
v 0.6999512 0.0706787 -0.0707397
v 0.6999512 0.0865784 -0.0500183
v 0.6999512 0.0965576 -0.0259094
v 0.3333130 0.6999512 -0.0000305
v 0.3249512 0.6999512 -0.0741882
v 0.3249512 0.6333008 -0.0741882
v 0.3333130 0.6333008 -0.0000305
v 0.3002930 0.6999512 -0.1446533
v 0.3002930 0.6333008 -0.1446533
v 0.2605896 0.6999512 -0.2078552
v 0.2605896 0.6333008 -0.2078552
v 0.2077942 0.6999512 -0.2606506
v 0.2077942 0.6333008 -0.2606506
v 0.1445923 0.6999512 -0.3003540
v 0.1445923 0.6333008 -0.3003540
v 0.0741272 0.6999512 -0.3250122
v 0.0741272 0.6333008 -0.3250122
v -0.0000305 0.6999512 -0.3333740
v -0.0000305 0.6333008 -0.3333740
v -0.0741882 0.6999512 -0.3250122
v -0.0741882 0.6333008 -0.3250122
v -0.1446533 0.6999512 -0.3003540
v -0.1446533 0.6333008 -0.3003540
v -0.2078552 0.6999512 -0.2606506
v -0.2078552 0.6333008 -0.2606506
v -0.2606506 0.6999512 -0.2078552
v -0.2606506 0.6333008 -0.2078552
v -0.3003540 0.6999512 -0.1446533
v -0.3003540 0.6333008 -0.1446533
v -0.3250122 0.6999512 -0.0741882
v -0.3250122 0.6333008 -0.0741882
v -0.3333740 0.6333008 -0.0000305
v -0.3333740 0.6999512 -0.0000305
v -0.3250122 0.6999512 0.0741272
v -0.3250122 0.6333008 0.0741272
v -0.3003540 0.6999512 0.1445923
v -0.3003540 0.6333008 0.1445923
v -0.2606506 0.6999512 0.2077942
v -0.2606506 0.6333008 0.2077942
v -0.2078552 0.6999512 0.2605896
v -0.2078552 0.6333008 0.2605896
v -0.1446533 0.6999512 0.3002930
v -0.1446533 0.6333008 0.3002930
v -0.0741882 0.6999512 0.3249512
v -0.0741882 0.6333008 0.3249512
v -0.0000305 0.6999512 0.3333130
v -0.0000305 0.6333008 0.3333130
v 0.0741272 0.6999512 0.3249512
v 0.0741272 0.6333008 0.3249512
v 0.1445923 0.6999512 0.3002930
v 0.1445923 0.6333008 0.3002930
v 0.2077942 0.6999512 0.2605896
v 0.2077942 0.6333008 0.2605896
v 0.2605896 0.6999512 0.2077942
v 0.2605896 0.6333008 0.2077942
v 0.3002930 0.6999512 0.1445923
v 0.3002930 0.6333008 0.1445923
v 0.3249512 0.6999512 0.0741272
v 0.3249512 0.6333008 0.0741272
v 0.3249512 0.8999634 -0.0741882
v 0.3333130 0.8999634 -0.0000305
v 0.3002930 0.8999634 -0.1446533
v 0.2605896 0.8999634 -0.2078552
v 0.2077942 0.8999634 -0.2606506
v 0.1445923 0.8999634 -0.3003540
v 0.0741272 0.8999634 -0.3250122
v -0.0000305 0.8999634 -0.3333740
v -0.0741882 0.8999634 -0.3250122
v -0.1446533 0.8999634 -0.3003540
v -0.2078552 0.8999634 -0.2606506
v -0.2606506 0.8999634 -0.2078552
v -0.3003540 0.8999634 -0.1446533
v -0.3250122 0.8999634 -0.0741882
v -0.3333740 0.8999634 -0.0000305
v -0.3250122 0.8999634 0.0741272
v -0.3003540 0.8999634 0.1445923
v -0.2606506 0.8999634 0.2077942
v -0.2078552 0.8999634 0.2605896
v -0.1446533 0.8999634 0.3002930
v -0.0741882 0.8999634 0.3249512
v -0.0000305 0.8999634 0.3333130
v 0.0741272 0.8999634 0.3249512
v 0.1445923 0.8999634 0.3002930
v 0.2077942 0.8999634 0.2605896
v 0.2605896 0.8999634 0.2077942
v 0.3002930 0.8999634 0.1445923
v 0.3249512 0.8999634 0.0741272
v 0.0999756 0.8999634 -0.0000305
v 0.0965576 0.8999634 -0.0259094
v 0.0865784 0.8999634 -0.0500183
v 0.0706787 0.8999634 -0.0707397
v 0.0499573 0.8999634 -0.0866394
v 0.0258484 0.8999634 -0.0966187
v -0.0000305 0.8999634 -0.1000366
v -0.0259094 0.8999634 -0.0966187
v -0.0500183 0.8999634 -0.0866394
v -0.0707397 0.8999634 -0.0707397
v -0.0866394 0.8999634 -0.0500183
v -0.0966187 0.8999634 -0.0259094
v -0.1000366 0.8999634 -0.0000305
v -0.0966187 0.8999634 0.0258484
v -0.0866394 0.8999634 0.0499573
v -0.0707397 0.8999634 0.0706787
v -0.0500183 0.8999634 0.0865784
v -0.0259094 0.8999634 0.0965576
v -0.0000305 0.8999634 0.0999756
v 0.0258484 0.8999634 0.0965576
v 0.0499573 0.8999634 0.0865784
v 0.0706787 0.8999634 0.0706787
v 0.0865784 0.8999634 0.0499573
v 0.0965576 0.8999634 0.0258484
v 0.3249512 0.8332825 -0.0741882
v 0.3333130 0.8332825 -0.0000305
v 0.3002930 0.8332825 -0.1446533
v 0.2605896 0.8332825 -0.2078552
v 0.2077942 0.8332825 -0.2606506
v 0.1445923 0.8332825 -0.3003540
v 0.0741272 0.8332825 -0.3250122
v -0.0000305 0.8332825 -0.3333740
v -0.0741882 0.8332825 -0.3250122
v -0.1446533 0.8332825 -0.3003540
v -0.2078552 0.8332825 -0.2606506
v -0.2606506 0.8332825 -0.2078552
v -0.3003540 0.8332825 -0.1446533
v -0.3250122 0.8332825 -0.0741882
v -0.3333740 0.8332825 -0.0000305
v -0.3250122 0.8332825 0.0741272
v -0.3003540 0.8332825 0.1445923
v -0.2606506 0.8332825 0.2077942
v -0.2078552 0.8332825 0.2605896
v -0.1446533 0.8332825 0.3002930
v -0.0741882 0.8332825 0.3249512
v -0.0000305 0.8332825 0.3333130
v 0.0741272 0.8332825 0.3249512
v 0.1445923 0.8332825 0.3002930
v 0.2077942 0.8332825 0.2605896
v 0.2605896 0.8332825 0.2077942
v 0.3002930 0.8332825 0.1445923
v 0.3249512 0.8332825 0.0741272
v 0.3249512 0.7666321 -0.0741882
v 0.3333130 0.7666321 -0.0000305
v 0.3002930 0.7666321 -0.1446533
v 0.2605896 0.7666321 -0.2078552
v 0.2077942 0.7666321 -0.2606506
v 0.1445923 0.7666321 -0.3003540
v 0.0741272 0.7666321 -0.3250122
v -0.0000305 0.7666321 -0.3333740
v -0.0741882 0.7666321 -0.3250122
v -0.1446533 0.7666321 -0.3003540
v -0.2078552 0.7666321 -0.2606506
v -0.2606506 0.7666321 -0.2078552
v -0.3003540 0.7666321 -0.1446533
v -0.3250122 0.7666321 -0.0741882
v -0.3333740 0.7666321 -0.0000305
v -0.3250122 0.7666321 0.0741272
v -0.3003540 0.7666321 0.1445923
v -0.2606506 0.7666321 0.2077942
v -0.2078552 0.7666321 0.2605896
v -0.1446533 0.7666321 0.3002930
v -0.0741882 0.7666321 0.3249512
v -0.0000305 0.7666321 0.3333130
v 0.0741272 0.7666321 0.3249512
v 0.1445923 0.7666321 0.3002930
v 0.2077942 0.7666321 0.2605896
v 0.2605896 0.7666321 0.2077942
v 0.3002930 0.7666321 0.1445923
v 0.3249512 0.7666321 0.0741272
v 0.0999756 0.8332825 -0.0000305
v 0.0965576 0.8332825 -0.0259094
v 0.0865784 0.8332825 -0.0500183
v 0.0706787 0.8332825 -0.0707397
v 0.0499573 0.8332825 -0.0866394
v 0.0258484 0.8332825 -0.0966187
v -0.0000305 0.8332825 -0.1000366
v -0.0259094 0.8332825 -0.0966187
v -0.0500183 0.8332825 -0.0866394
v -0.0707397 0.8332825 -0.0707397
v -0.0866394 0.8332825 -0.0500183
v -0.0966187 0.8332825 -0.0259094
v -0.1000366 0.8332825 -0.0000305
v -0.0966187 0.8332825 0.0258484
v -0.0866394 0.8332825 0.0499573
v -0.0707397 0.8332825 0.0706787
v -0.0500183 0.8332825 0.0865784
v -0.0259094 0.8332825 0.0965576
v -0.0000305 0.8332825 0.0999756
v 0.0258484 0.8332825 0.0965576
v 0.0499573 0.8332825 0.0865784
v 0.0706787 0.8332825 0.0706787
v 0.0865784 0.8332825 0.0499573
v 0.0965576 0.8332825 0.0258484
v 0.0965576 0.7666321 -0.0259094
v 0.0999756 0.7666321 -0.0000305
v 0.0865784 0.7666321 -0.0500183
v 0.0706787 0.7666321 -0.0707397
v 0.0499573 0.7666321 -0.0866394
v 0.0258484 0.7666321 -0.0966187
v -0.0000305 0.7666321 -0.1000366
v -0.0259094 0.7666321 -0.0966187
v -0.0500183 0.7666321 -0.0866394
v -0.0707397 0.7666321 -0.0707397
v -0.0866394 0.7666321 -0.0500183
v -0.0966187 0.7666321 -0.0259094
v -0.1000366 0.7666321 -0.0000305
v -0.0966187 0.7666321 0.0258484
v -0.0866394 0.7666321 0.0499573
v -0.0707397 0.7666321 0.0706787
v -0.0500183 0.7666321 0.0865784
v -0.0259094 0.7666321 0.0965576
v -0.0000305 0.7666321 0.0999756
v 0.0258484 0.7666321 0.0965576
v 0.0499573 0.7666321 0.0865784
v 0.0706787 0.7666321 0.0706787
v 0.0865784 0.7666321 0.0499573
v 0.0965576 0.7666321 0.0258484
v 0.3249512 0.5666199 -0.0741882
v 0.3333130 0.5666199 -0.0000305
v 0.3002930 0.5666199 -0.1446533
v 0.2605896 0.5666199 -0.2078552
v 0.2077942 0.5666199 -0.2606506
v 0.1445923 0.5666199 -0.3003540
v 0.0741272 0.5666199 -0.3250122
v -0.0000305 0.5666199 -0.3333740
v -0.0741882 0.5666199 -0.3250122
v -0.1446533 0.5666199 -0.3003540
v -0.2078552 0.5666199 -0.2606506
v -0.2606506 0.5666199 -0.2078552
v -0.3003540 0.5666199 -0.1446533
v -0.3250122 0.5666199 -0.0741882
v -0.3333740 0.5666199 -0.0000305
v -0.3250122 0.5666199 0.0741272
v -0.3003540 0.5666199 0.1445923
v -0.2606506 0.5666199 0.2077942
v -0.2078552 0.5666199 0.2605896
v -0.1446533 0.5666199 0.3002930
v -0.0741882 0.5666199 0.3249512
v -0.0000305 0.5666199 0.3333130
v 0.0741272 0.5666199 0.3249512
v 0.1445923 0.5666199 0.3002930
v 0.2077942 0.5666199 0.2605896
v 0.2605896 0.5666199 0.2077942
v 0.3002930 0.5666199 0.1445923
v 0.3249512 0.5666199 0.0741272
v 0.3249512 -0.5666809 -0.0741882
v 0.3333130 -0.5666809 -0.0000305
v 0.3333130 -0.5000305 -0.0000305
v 0.3249512 -0.5000305 -0.0741882
v 0.3002930 -0.5000305 -0.1446533
v 0.3002930 -0.5666809 -0.1446533
v 0.2605896 -0.5000305 -0.2078552
v 0.2605896 -0.5666809 -0.2078552
v 0.2077942 -0.5000305 -0.2606506
v 0.2077942 -0.5666809 -0.2606506
v 0.1445923 -0.5000305 -0.3003540
v 0.1445923 -0.5666809 -0.3003540
v 0.0741272 -0.5000305 -0.3250122
v 0.0741272 -0.5666809 -0.3250122
v -0.0000305 -0.5000305 -0.3333740
v -0.0000305 -0.5666809 -0.3333740
v -0.0741882 -0.5666809 -0.3250122
v -0.0741882 -0.5000305 -0.3250122
v -0.1446533 -0.5666809 -0.3003540
v -0.1446533 -0.5000305 -0.3003540
v -0.2078552 -0.5666809 -0.2606506
v -0.2078552 -0.5000305 -0.2606506
v -0.2606506 -0.5000305 -0.2078552
v -0.2606506 -0.5666809 -0.2078552
v -0.3003540 -0.5666809 -0.1446533
v -0.3003540 -0.5000305 -0.1446533
v -0.3250122 -0.5666809 -0.0741882
v -0.3250122 -0.5000305 -0.0741882
v -0.3333740 -0.5666809 -0.0000305
v -0.3333740 -0.5000305 -0.0000305
v -0.3250122 -0.5000305 0.0741272
v -0.3250122 -0.5666809 0.0741272
v -0.3003540 -0.5000305 0.1445923
v -0.3003540 -0.5666809 0.1445923
v -0.2606506 -0.5000305 0.2077942
v -0.2606506 -0.5666809 0.2077942
v -0.2078552 -0.5000305 0.2605896
v -0.2078552 -0.5666809 0.2605896
v -0.1446533 -0.5000305 0.3002930
v -0.1446533 -0.5666809 0.3002930
v -0.0741882 -0.5000305 0.3249512
v -0.0741882 -0.5666809 0.3249512
v -0.0000305 -0.5000305 0.3333130
v -0.0000305 -0.5666809 0.3333130
v 0.0741272 -0.5000305 0.3249512
v 0.0741272 -0.5666809 0.3249512
v 0.1445923 -0.5000305 0.3002930
v 0.1445923 -0.5666809 0.3002930
v 0.2077942 -0.5000305 0.2605896
v 0.2077942 -0.5666809 0.2605896
v 0.2605896 -0.5000305 0.2077942
v 0.2605896 -0.5666809 0.2077942
v 0.3002930 -0.5000305 0.1445923
v 0.3002930 -0.5666809 0.1445923
v 0.3249512 -0.5000305 0.0741272
v 0.3249512 -0.5666809 0.0741272
v 0.3333130 -0.4333496 -0.0000305
v 0.3249512 -0.4333496 -0.0741882
v 0.3002930 -0.4333496 -0.1446533
v 0.2605896 -0.4333496 -0.2078552
v 0.2077942 -0.4333496 -0.2606506
v 0.1445923 -0.4333496 -0.3003540
v 0.0741272 -0.4333496 -0.3250122
v -0.0000305 -0.4333496 -0.3333740
v -0.0741882 -0.4333496 -0.3250122
v -0.1446533 -0.4333496 -0.3003540
v -0.2078552 -0.4333496 -0.2606506
v -0.2606506 -0.4333496 -0.2078552
v -0.3003540 -0.4333496 -0.1446533
v -0.3250122 -0.4333496 -0.0741882
v -0.3333740 -0.4333496 -0.0000305
v -0.3250122 -0.4333496 0.0741272
v -0.3003540 -0.4333496 0.1445923
v -0.2606506 -0.4333496 0.2077942
v -0.2078552 -0.4333496 0.2605896
v -0.1446533 -0.4333496 0.3002930
v -0.0741882 -0.4333496 0.3249512
v -0.0000305 -0.4333496 0.3333130
v 0.0741272 -0.4333496 0.3249512
v 0.1445923 -0.4333496 0.3002930
v 0.2077942 -0.4333496 0.2605896
v 0.2605896 -0.4333496 0.2077942
v 0.3002930 -0.4333496 0.1445923
v 0.3249512 -0.4333496 0.0741272
v 0.3355408 -0.3355408 -0.0741882
v 0.3439026 -0.3439026 -0.0000305
v 0.3109131 -0.3109131 -0.1446533
v 0.2845459 -0.2834473 -0.1898499
v 0.2433777 -0.2433777 -0.2434082
v 0.1897888 -0.2845154 -0.2834778
v 0.1445923 -0.3109131 -0.3109131
v 0.0741272 -0.3355408 -0.3355713
v -0.0000305 -0.3439026 -0.3439331
v -0.0741882 -0.3355408 -0.3355713
v -0.1446533 -0.3109131 -0.3109131
v -0.1898499 -0.2834473 -0.2845459
v -0.2842102 -0.2841187 -0.1902771
v -0.2434387 -0.2433777 -0.2434082
v -0.3109741 -0.3109131 -0.1446533
v -0.3356323 -0.3355408 -0.0741882
v -0.3439941 -0.3439026 -0.0000305
v -0.3356323 -0.3355408 0.0741272
v -0.3109741 -0.3109131 0.1445923
v -0.2839355 -0.2838440 0.1893616
v -0.1902771 -0.2841187 0.2840576
v -0.2434692 -0.2433777 0.2433167
v -0.1446533 -0.3109131 0.3108215
v -0.0741882 -0.3355408 0.3354797
v -0.0000305 -0.3439026 0.3438416
v 0.0741272 -0.3355408 0.3354797
v 0.1445923 -0.3109131 0.3108215
v 0.1893616 -0.2838440 0.2837524
v 0.2433777 -0.2433777 0.2433167
v 0.2834473 -0.2845154 0.1897888
v 0.3109131 -0.3109131 0.1445923
v 0.3355408 -0.3355408 0.0741272
v 0.3249512 -0.6333618 -0.0741882
v 0.3333130 -0.6333618 -0.0000305
v 0.3002930 -0.6333618 -0.1446533
v 0.2605896 -0.6333618 -0.2078552
v 0.2077942 -0.6333618 -0.2606506
v 0.1445923 -0.6333618 -0.3003540
v 0.0741272 -0.6333618 -0.3250122
v -0.0000305 -0.6333618 -0.3333740
v -0.0741882 -0.6333618 -0.3250122
v -0.1446533 -0.6333618 -0.3003540
v -0.2078552 -0.6333618 -0.2606506
v -0.2606506 -0.6333618 -0.2078552
v -0.3003540 -0.6333618 -0.1446533
v -0.3250122 -0.6333618 -0.0741882
v -0.3333740 -0.6333618 -0.0000305
v -0.3250122 -0.6333618 0.0741272
v -0.3003540 -0.6333618 0.1445923
v -0.2606506 -0.6333618 0.2077942
v -0.2078552 -0.6333618 0.2605896
v -0.1446533 -0.6333618 0.3002930
v -0.0741882 -0.6333618 0.3249512
v -0.0000305 -0.6333618 0.3333130
v 0.0741272 -0.6333618 0.3249512
v 0.1445923 -0.6333618 0.3002930
v 0.2077942 -0.6333618 0.2605896
v 0.2605896 -0.6333618 0.2077942
v 0.3002930 -0.6333618 0.1445923
v 0.3249512 -0.6333618 0.0741272
v 0.3249512 0.4999695 -0.0741882
v 0.3249512 0.4332886 -0.0741882
v 0.3333130 0.4332886 -0.0000305
v 0.3333130 0.4999695 -0.0000305
v 0.3002930 0.4999695 -0.1446533
v 0.3002930 0.4332886 -0.1446533
v 0.2605896 0.4999695 -0.2078552
v 0.2605896 0.4332886 -0.2078552
v 0.2077942 0.4999695 -0.2606506
v 0.2077942 0.4332886 -0.2606506
v 0.1445923 0.4999695 -0.3003540
v 0.1445923 0.4332886 -0.3003540
v 0.0741272 0.4999695 -0.3250122
v 0.0741272 0.4332886 -0.3250122
v -0.0000305 0.4332886 -0.3333740
v -0.0000305 0.4999695 -0.3333740
v -0.0741882 0.4999695 -0.3250122
v -0.0741882 0.4332886 -0.3250122
v -0.1446533 0.4999695 -0.3003540
v -0.1446533 0.4332886 -0.3003540
v -0.2078552 0.4999695 -0.2606506
v -0.2078552 0.4332886 -0.2606506
v -0.2606506 0.4999695 -0.2078552
v -0.2606506 0.4332886 -0.2078552
v -0.3003540 0.4999695 -0.1446533
v -0.3003540 0.4332886 -0.1446533
v -0.3250122 0.4999695 -0.0741882
v -0.3250122 0.4332886 -0.0741882
v -0.3333740 0.4999695 -0.0000305
v -0.3333740 0.4332886 -0.0000305
v -0.3250122 0.4999695 0.0741272
v -0.3250122 0.4332886 0.0741272
v -0.3003540 0.4999695 0.1445923
v -0.3003540 0.4332886 0.1445923
v -0.2606506 0.4999695 0.2077942
v -0.2606506 0.4332886 0.2077942
v -0.2078552 0.4999695 0.2605896
v -0.2078552 0.4332886 0.2605896
v -0.1446533 0.4999695 0.3002930
v -0.1446533 0.4332886 0.3002930
v -0.0741882 0.4999695 0.3249512
v -0.0741882 0.4332886 0.3249512
v -0.0000305 0.4332886 0.3333130
v -0.0000305 0.4999695 0.3333130
v 0.0741272 0.4999695 0.3249512
v 0.0741272 0.4332886 0.3249512
v 0.1445923 0.4999695 0.3002930
v 0.1445923 0.4332886 0.3002930
v 0.2077942 0.4999695 0.2605896
v 0.2077942 0.4332886 0.2605896
v 0.2605896 0.4999695 0.2077942
v 0.2605896 0.4332886 0.2077942
v 0.3002930 0.4999695 0.1445923
v 0.3002930 0.4332886 0.1445923
v 0.3249512 0.4999695 0.0741272
v 0.3249512 0.4332886 0.0741272
v 0.3439026 0.3439636 -0.0000305
v 0.3355408 0.3356018 -0.0741882
v 0.3109131 0.3109436 -0.1446533
v 0.2838440 0.2839050 -0.1894226
v 0.1902161 0.2842102 -0.2841492
v 0.2433777 0.2434082 -0.2434082
v 0.1445923 0.3109436 -0.3109131
v 0.0741272 0.3356018 -0.3355713
v -0.0000305 0.3439636 -0.3439331
v -0.0741882 0.3356018 -0.3355713
v -0.1446533 0.3109436 -0.3109131
v -0.1898499 0.2835083 -0.2845459
v -0.2835388 0.2846069 -0.1898499
v -0.2434387 0.2434082 -0.2434082
v -0.3109741 0.3109436 -0.1446533
v -0.3356323 0.3356018 -0.0741882
v -0.3439941 0.3439636 -0.0000305
v -0.3356323 0.3356018 0.0741272
v -0.3109741 0.3109436 0.1445923
v -0.2846069 0.2835388 0.1897583
v -0.1902771 0.2842102 0.2840576
v -0.2434387 0.2434082 0.2433167
v -0.1446533 0.3109436 0.3108215
v -0.0741882 0.3356018 0.3354797
v -0.0000305 0.3439636 0.3438416
v 0.0741272 0.3356018 0.3354797
v 0.1445923 0.3109436 0.3108215
v 0.1897888 0.2835083 0.2844543
v 0.2841492 0.2842102 0.1901855
v 0.2433777 0.2434082 0.2433167
v 0.3109131 0.3109436 0.1445923
v 0.3355408 0.3356018 0.0741272
v 0.3249512 -0.7666931 -0.0741882
v 0.3249512 -0.8333435 -0.0741882
v 0.3333130 -0.8333435 -0.0000305
v 0.3333130 -0.7666931 -0.0000305
v 0.3002930 -0.7666931 -0.1446533
v 0.3002930 -0.8333435 -0.1446533
v 0.2605896 -0.7666931 -0.2078552
v 0.2605896 -0.8333435 -0.2078552
v 0.2077942 -0.7666931 -0.2606506
v 0.2077942 -0.8333435 -0.2606506
v 0.1445923 -0.7666931 -0.3003540
v 0.1445923 -0.8333435 -0.3003540
v 0.0741272 -0.7666931 -0.3250122
v 0.0741272 -0.8333435 -0.3250122
v -0.0000305 -0.7666931 -0.3333740
v -0.0000305 -0.8333435 -0.3333740
v -0.0741882 -0.7666931 -0.3250122
v -0.0741882 -0.8333435 -0.3250122
v -0.1446533 -0.7666931 -0.3003540
v -0.1446533 -0.8333435 -0.3003540
v -0.2078552 -0.7666931 -0.2606506
v -0.2078552 -0.8333435 -0.2606506
v -0.2606506 -0.7666931 -0.2078552
v -0.2606506 -0.8333435 -0.2078552
v -0.3003540 -0.7666931 -0.1446533
v -0.3003540 -0.8333435 -0.1446533
v -0.3250122 -0.7666931 -0.0741882
v -0.3250122 -0.8333435 -0.0741882
v -0.3333740 -0.7666931 -0.0000305
v -0.3333740 -0.8333435 -0.0000305
v -0.3250122 -0.7666931 0.0741272
v -0.3250122 -0.8333435 0.0741272
v -0.3003540 -0.7666931 0.1445923
v -0.3003540 -0.8333435 0.1445923
v -0.2606506 -0.7666931 0.2077942
v -0.2606506 -0.8333435 0.2077942
v -0.2078552 -0.7666931 0.2605896
v -0.2078552 -0.8333435 0.2605896
v -0.1446533 -0.7666931 0.3002930
v -0.1446533 -0.8333435 0.3002930
v -0.0741882 -0.7666931 0.3249512
v -0.0741882 -0.8333435 0.3249512
v -0.0000305 -0.8333435 0.3333130
v -0.0000305 -0.7666931 0.3333130
v 0.0741272 -0.8333435 0.3249512
v 0.0741272 -0.7666931 0.3249512
v 0.1445923 -0.8333435 0.3002930
v 0.1445923 -0.7666931 0.3002930
v 0.2077942 -0.8333435 0.2605896
v 0.2077942 -0.7666931 0.2605896
v 0.2605896 -0.7666931 0.2077942
v 0.2605896 -0.8333435 0.2077942
v 0.3002930 -0.8333435 0.1445923
v 0.3002930 -0.7666931 0.1445923
v 0.3249512 -0.8333435 0.0741272
v 0.3249512 -0.7666931 0.0741272
v 0.3249512 -0.7000122 -0.0741882
v 0.3333130 -0.7000122 -0.0000305
v 0.3002930 -0.7000122 -0.1446533
v 0.2605896 -0.7000122 -0.2078552
v 0.2077942 -0.7000122 -0.2606506
v 0.1445923 -0.7000122 -0.3003540
v 0.0741272 -0.7000122 -0.3250122
v -0.0000305 -0.7000122 -0.3333740
v -0.0741882 -0.7000122 -0.3250122
v -0.1446533 -0.7000122 -0.3003540
v -0.2078552 -0.7000122 -0.2606506
v -0.2606506 -0.7000122 -0.2078552
v -0.3003540 -0.7000122 -0.1446533
v -0.3250122 -0.7000122 -0.0741882
v -0.3333740 -0.7000122 -0.0000305
v -0.3250122 -0.7000122 0.0741272
v -0.3003540 -0.7000122 0.1445923
v -0.2606506 -0.7000122 0.2077942
v -0.2078552 -0.7000122 0.2605896
v -0.1446533 -0.7000122 0.3002930
v -0.0741882 -0.7000122 0.3249512
v -0.0000305 -0.7000122 0.3333130
v 0.0741272 -0.7000122 0.3249512
v 0.1445923 -0.7000122 0.3002930
v 0.2077942 -0.7000122 0.2605896
v 0.2605896 -0.7000122 0.2077942
v 0.3002930 -0.7000122 0.1445923
v 0.3249512 -0.7000122 0.0741272
v 0.0965576 -0.7666931 0.0258484
v 0.0965576 -0.8333435 0.0258484
v 0.0999756 -0.8333435 -0.0000305
v 0.0999756 -0.7666931 -0.0000305
v 0.0865784 -0.7666931 0.0499573
v 0.0865784 -0.8333435 0.0499573
v 0.0706787 -0.7666931 0.0706787
v 0.0706787 -0.8333435 0.0706787
v 0.0499573 -0.7666931 0.0865784
v 0.0499573 -0.8333435 0.0865784
v 0.0258484 -0.7666931 0.0965576
v 0.0258484 -0.8333435 0.0965576
v -0.0000305 -0.7666931 0.0999756
v -0.0000305 -0.8333435 0.0999756
v -0.0259094 -0.7666931 0.0965576
v -0.0259094 -0.8333435 0.0965576
v -0.0500183 -0.7666931 0.0865784
v -0.0500183 -0.8333435 0.0865784
v -0.0707397 -0.7666931 0.0706787
v -0.0707397 -0.8333435 0.0706787
v -0.0866394 -0.7666931 0.0499573
v -0.0866394 -0.8333435 0.0499573
v -0.0966187 -0.7666931 0.0258484
v -0.0966187 -0.8333435 0.0258484
v -0.1000366 -0.7666931 -0.0000305
v -0.1000366 -0.8333435 -0.0000305
v -0.0966187 -0.7666931 -0.0259094
v -0.0966187 -0.8333435 -0.0259094
v -0.0866394 -0.7666931 -0.0500183
v -0.0866394 -0.8333435 -0.0500183
v -0.0707397 -0.7666931 -0.0707397
v -0.0707397 -0.8333435 -0.0707397
v -0.0500183 -0.7666931 -0.0866394
v -0.0500183 -0.8333435 -0.0866394
v -0.0259094 -0.7666931 -0.0966187
v -0.0259094 -0.8333435 -0.0966187
v -0.0000305 -0.8333435 -0.1000366
v -0.0000305 -0.7666931 -0.1000366
v 0.0258484 -0.7666931 -0.0966187
v 0.0258484 -0.8333435 -0.0966187
v 0.0499573 -0.8333435 -0.0866394
v 0.0499573 -0.7666931 -0.0866394
v 0.0706787 -0.8333435 -0.0707397
v 0.0706787 -0.7666931 -0.0707397
v 0.0865784 -0.8333435 -0.0500183
v 0.0865784 -0.7666931 -0.0500183
v 0.0965576 -0.8333435 -0.0259094
v 0.0965576 -0.7666931 -0.0259094
v 0.3333130 -0.9000244 -0.0000305
v 0.3249512 -0.9000244 -0.0741882
v 0.3002930 -0.9000244 -0.1446533
v 0.2605896 -0.9000244 -0.2078552
v 0.2077942 -0.9000244 -0.2606506
v 0.1445923 -0.9000244 -0.3003540
v 0.0741272 -0.9000244 -0.3250122
v -0.0000305 -0.9000244 -0.3333740
v -0.0741882 -0.9000244 -0.3250122
v -0.1446533 -0.9000244 -0.3003540
v -0.2078552 -0.9000244 -0.2606506
v -0.2606506 -0.9000244 -0.2078552
v -0.3003540 -0.9000244 -0.1446533
v -0.3250122 -0.9000244 -0.0741882
v -0.3333740 -0.9000244 -0.0000305
v -0.3250122 -0.9000244 0.0741272
v -0.3003540 -0.9000244 0.1445923
v -0.2606506 -0.9000244 0.2077942
v -0.2078552 -0.9000244 0.2605896
v -0.1446533 -0.9000244 0.3002930
v -0.0741882 -0.9000244 0.3249512
v -0.0000305 -0.9000244 0.3333130
v 0.0741272 -0.9000244 0.3249512
v 0.1445923 -0.9000244 0.3002930
v 0.2077942 -0.9000244 0.2605896
v 0.2605896 -0.9000244 0.2077942
v 0.3002930 -0.9000244 0.1445923
v 0.3249512 -0.9000244 0.0741272
v 0.0999756 -0.9000244 -0.0000305
v 0.0965576 -0.9000244 0.0258484
v 0.0865784 -0.9000244 0.0499573
v 0.0706787 -0.9000244 0.0706787
v 0.0499573 -0.9000244 0.0865784
v 0.0258484 -0.9000244 0.0965576
v -0.0000305 -0.9000244 0.0999756
v -0.0259094 -0.9000244 0.0965576
v -0.0500183 -0.9000244 0.0865784
v -0.0707397 -0.9000244 0.0706787
v -0.0866394 -0.9000244 0.0499573
v -0.0966187 -0.9000244 0.0258484
v -0.1000366 -0.9000244 -0.0000305
v -0.0966187 -0.9000244 -0.0259094
v -0.0866394 -0.9000244 -0.0500183
v -0.0707397 -0.9000244 -0.0707397
v -0.0500183 -0.9000244 -0.0866394
v -0.0259094 -0.9000244 -0.0966187
v -0.0000305 -0.9000244 -0.1000366
v 0.0258484 -0.9000244 -0.0966187
v 0.0499573 -0.9000244 -0.0866394
v 0.0706787 -0.9000244 -0.0707397
v 0.0865784 -0.9000244 -0.0500183
v 0.0965576 -0.9000244 -0.0259094
v 0.0965576 0.0258484 0.7666321
v 0.0999756 -0.0000305 0.7666321
v 0.0865784 0.0499573 0.7666321
v 0.0706787 0.0706787 0.7666321
v 0.0499573 0.0865784 0.7666321
v 0.0258484 0.0965576 0.7666321
v -0.0000305 0.0999756 0.7666321
v -0.0259094 0.0965576 0.7666321
v -0.0500183 0.0865784 0.7666321
v -0.0707397 0.0706787 0.7666321
v -0.0866394 0.0499573 0.7666321
v -0.0966187 0.0258484 0.7666321
v -0.1000366 -0.0000305 0.7666321
v -0.0966187 -0.0259094 0.7666321
v -0.0866394 -0.0500183 0.7666321
v -0.0707397 -0.0707397 0.7666321
v -0.0500183 -0.0866394 0.7666321
v -0.0259094 -0.0966187 0.7666321
v -0.0000305 -0.1000366 0.7666321
v 0.0258484 -0.0966187 0.7666321
v 0.0499573 -0.0866394 0.7666321
v 0.0706787 -0.0707397 0.7666321
v 0.0865784 -0.0500183 0.7666321
v 0.0965576 -0.0259094 0.7666321
v 0.3249512 0.0741272 0.6999512
v 0.3249512 0.0741272 0.6333008
v 0.3333130 -0.0000305 0.6333008
v 0.3333130 -0.0000305 0.6999512
v 0.3002930 0.1445923 0.6999512
v 0.3002930 0.1445923 0.6333008
v 0.2605896 0.2077942 0.6999512
v 0.2605896 0.2077942 0.6333008
v 0.2077942 0.2605896 0.6999512
v 0.2077942 0.2605896 0.6333008
v 0.1445923 0.3002930 0.6999512
v 0.1445923 0.3002930 0.6333008
v 0.0741272 0.3249512 0.6999512
v 0.0741272 0.3249512 0.6333008
v -0.0000305 0.3333130 0.6999512
v -0.0000305 0.3333130 0.6333008
v -0.0741882 0.3249512 0.6999512
v -0.0741882 0.3249512 0.6333008
v -0.1446533 0.3002930 0.6999512
v -0.1446533 0.3002930 0.6333008
v -0.2078552 0.2605896 0.6999512
v -0.2078552 0.2605896 0.6333008
v -0.2606506 0.2077942 0.6999512
v -0.2606506 0.2077942 0.6333008
v -0.3003540 0.1445923 0.6999512
v -0.3003540 0.1445923 0.6333008
v -0.3250122 0.0741272 0.6999512
v -0.3250122 0.0741272 0.6333008
v -0.3333740 -0.0000305 0.6333008
v -0.3333740 -0.0000305 0.6999512
v -0.3250122 -0.0741882 0.6999512
v -0.3250122 -0.0741882 0.6333008
v -0.3003540 -0.1446533 0.6999512
v -0.3003540 -0.1446533 0.6333008
v -0.2606506 -0.2078552 0.6999512
v -0.2606506 -0.2078552 0.6333008
v -0.2078552 -0.2606506 0.6999512
v -0.2078552 -0.2606506 0.6333008
v -0.1446533 -0.3003540 0.6999512
v -0.1446533 -0.3003540 0.6333008
v -0.0741882 -0.3250122 0.6999512
v -0.0741882 -0.3250122 0.6333008
v -0.0000305 -0.3333740 0.6999512
v -0.0000305 -0.3333740 0.6333008
v 0.0741272 -0.3250122 0.6999512
v 0.0741272 -0.3250122 0.6333008
v 0.1445923 -0.3003540 0.6999512
v 0.1445923 -0.3003540 0.6333008
v 0.2077942 -0.2606506 0.6999512
v 0.2077942 -0.2606506 0.6333008
v 0.2605896 -0.2078552 0.6999512
v 0.2605896 -0.2078552 0.6333008
v 0.3002930 -0.1446533 0.6999512
v 0.3002930 -0.1446533 0.6333008
v 0.3249512 -0.0741882 0.6999512
v 0.3249512 -0.0741882 0.6333008
v 0.3333130 -0.0000305 0.8999634
v 0.3249512 0.0741272 0.8999634
v 0.3002930 0.1445923 0.8999634
v 0.2605896 0.2077942 0.8999634
v 0.2077942 0.2605896 0.8999634
v 0.1445923 0.3002930 0.8999634
v 0.0741272 0.3249512 0.8999634
v -0.0000305 0.3333130 0.8999634
v -0.0741882 0.3249512 0.8999634
v -0.1446533 0.3002930 0.8999634
v -0.2078552 0.2605896 0.8999634
v -0.2606506 0.2077942 0.8999634
v -0.3003540 0.1445923 0.8999634
v -0.3250122 0.0741272 0.8999634
v -0.3333740 -0.0000305 0.8999634
v -0.3250122 -0.0741882 0.8999634
v -0.3003540 -0.1446533 0.8999634
v -0.2606506 -0.2078552 0.8999634
v -0.2078552 -0.2606506 0.8999634
v -0.1446533 -0.3003540 0.8999634
v -0.0741882 -0.3250122 0.8999634
v -0.0000305 -0.3333740 0.8999634
v 0.0741272 -0.3250122 0.8999634
v 0.1445923 -0.3003540 0.8999634
v 0.2077942 -0.2606506 0.8999634
v 0.2605896 -0.2078552 0.8999634
v 0.3002930 -0.1446533 0.8999634
v 0.3249512 -0.0741882 0.8999634
v 0.0999756 -0.0000305 0.8999634
v 0.0965576 0.0258484 0.8999634
v 0.0865784 0.0499573 0.8999634
v 0.0706787 0.0706787 0.8999634
v 0.0499573 0.0865784 0.8999634
v 0.0258484 0.0965576 0.8999634
v -0.0000305 0.0999756 0.8999634
v -0.0259094 0.0965576 0.8999634
v -0.0500183 0.0865784 0.8999634
v -0.0707397 0.0706787 0.8999634
v -0.0866394 0.0499573 0.8999634
v -0.0966187 0.0258484 0.8999634
v -0.1000366 -0.0000305 0.8999634
v -0.0966187 -0.0259094 0.8999634
v -0.0866394 -0.0500183 0.8999634
v -0.0707397 -0.0707397 0.8999634
v -0.0500183 -0.0866394 0.8999634
v -0.0259094 -0.0966187 0.8999634
v -0.0000305 -0.1000366 0.8999634
v 0.0258484 -0.0966187 0.8999634
v 0.0499573 -0.0866394 0.8999634
v 0.0706787 -0.0707397 0.8999634
v 0.0865784 -0.0500183 0.8999634
v 0.0965576 -0.0259094 0.8999634
v 0.0999756 -0.0000305 0.8332825
v 0.0965576 0.0258484 0.8332825
v 0.0865784 0.0499573 0.8332825
v 0.0706787 0.0706787 0.8332825
v 0.0499573 0.0865784 0.8332825
v 0.0258484 0.0965576 0.8332825
v -0.0000305 0.0999756 0.8332825
v -0.0259094 0.0965576 0.8332825
v -0.0500183 0.0865784 0.8332825
v -0.0707397 0.0706787 0.8332825
v -0.0866394 0.0499573 0.8332825
v -0.0966187 0.0258484 0.8332825
v -0.1000366 -0.0000305 0.8332825
v -0.0966187 -0.0259094 0.8332825
v -0.0866394 -0.0500183 0.8332825
v -0.0707397 -0.0707397 0.8332825
v -0.0500183 -0.0866394 0.8332825
v -0.0259094 -0.0966187 0.8332825
v -0.0000305 -0.1000366 0.8332825
v 0.0258484 -0.0966187 0.8332825
v 0.0499573 -0.0866394 0.8332825
v 0.0706787 -0.0707397 0.8332825
v 0.0865784 -0.0500183 0.8332825
v 0.0965576 -0.0259094 0.8332825
v 0.3249512 0.0741272 0.8332825
v 0.3333130 -0.0000305 0.8332825
v 0.3002930 0.1445923 0.8332825
v 0.2605896 0.2077942 0.8332825
v 0.2077942 0.2605896 0.8332825
v 0.1445923 0.3002930 0.8332825
v 0.0741272 0.3249512 0.8332825
v -0.0000305 0.3333130 0.8332825
v -0.0741882 0.3249512 0.8332825
v -0.1446533 0.3002930 0.8332825
v -0.2078552 0.2605896 0.8332825
v -0.2606506 0.2077942 0.8332825
v -0.3003540 0.1445923 0.8332825
v -0.3250122 0.0741272 0.8332825
v -0.3333740 -0.0000305 0.8332825
v -0.3250122 -0.0741882 0.8332825
v -0.3003540 -0.1446533 0.8332825
v -0.2606506 -0.2078552 0.8332825
v -0.2078552 -0.2606506 0.8332825
v -0.1446533 -0.3003540 0.8332825
v -0.0741882 -0.3250122 0.8332825
v -0.0000305 -0.3333740 0.8332825
v 0.0741272 -0.3250122 0.8332825
v 0.1445923 -0.3003540 0.8332825
v 0.2077942 -0.2606506 0.8332825
v 0.2605896 -0.2078552 0.8332825
v 0.3002930 -0.1446533 0.8332825
v 0.3249512 -0.0741882 0.8332825
v 0.3249512 0.0741272 0.7666321
v 0.3333130 -0.0000305 0.7666321
v 0.3002930 0.1445923 0.7666321
v 0.2605896 0.2077942 0.7666321
v 0.2077942 0.2605896 0.7666321
v 0.1445923 0.3002930 0.7666321
v 0.0741272 0.3249512 0.7666321
v -0.0000305 0.3333130 0.7666321
v -0.0741882 0.3249512 0.7666321
v -0.1446533 0.3002930 0.7666321
v -0.2078552 0.2605896 0.7666321
v -0.2606506 0.2077942 0.7666321
v -0.3003540 0.1445923 0.7666321
v -0.3250122 0.0741272 0.7666321
v -0.3333740 -0.0000305 0.7666321
v -0.3250122 -0.0741882 0.7666321
v -0.3003540 -0.1446533 0.7666321
v -0.2606506 -0.2078552 0.7666321
v -0.2078552 -0.2606506 0.7666321
v -0.1446533 -0.3003540 0.7666321
v -0.0741882 -0.3250122 0.7666321
v -0.0000305 -0.3333740 0.7666321
v 0.0741272 -0.3250122 0.7666321
v 0.1445923 -0.3003540 0.7666321
v 0.2077942 -0.2606506 0.7666321
v 0.2605896 -0.2078552 0.7666321
v 0.3002930 -0.1446533 0.7666321
v 0.3249512 -0.0741882 0.7666321
v 0.3249512 0.0741272 0.5666199
v 0.3333130 -0.0000305 0.5666199
v 0.3002930 0.1445923 0.5666199
v 0.2605896 0.2077942 0.5666199
v 0.2077942 0.2605896 0.5666199
v 0.1445923 0.3002930 0.5666199
v 0.0741272 0.3249512 0.5666199
v -0.0000305 0.3333130 0.5666199
v -0.0741882 0.3249512 0.5666199
v -0.1446533 0.3002930 0.5666199
v -0.2078552 0.2605896 0.5666199
v -0.2606506 0.2077942 0.5666199
v -0.3003540 0.1445923 0.5666199
v -0.3250122 0.0741272 0.5666199
v -0.3333740 -0.0000305 0.5666199
v -0.3250122 -0.0741882 0.5666199
v -0.3003540 -0.1446533 0.5666199
v -0.2606506 -0.2078552 0.5666199
v -0.2078552 -0.2606506 0.5666199
v -0.1446533 -0.3003540 0.5666199
v -0.0741882 -0.3250122 0.5666199
v -0.0000305 -0.3333740 0.5666199
v 0.0741272 -0.3250122 0.5666199
v 0.1445923 -0.3003540 0.5666199
v 0.2077942 -0.2606506 0.5666199
v 0.2605896 -0.2078552 0.5666199
v 0.3002930 -0.1446533 0.5666199
v 0.3249512 -0.0741882 0.5666199
v 0.3333130 -0.0000305 -0.5000305
v 0.3249512 0.0741272 -0.5000305
v 0.3249512 0.0741272 -0.5666809
v 0.3333130 -0.0000305 -0.5666809
v 0.3002930 0.1445923 -0.5000305
v 0.3002930 0.1445923 -0.5666809
v 0.2605896 0.2077942 -0.5000305
v 0.2605896 0.2077942 -0.5666809
v 0.2077942 0.2605896 -0.5000305
v 0.2077942 0.2605896 -0.5666809
v 0.1445923 0.3002930 -0.5000305
v 0.1445923 0.3002930 -0.5666809
v 0.0741272 0.3249512 -0.5000305
v 0.0741272 0.3249512 -0.5666809
v -0.0000305 0.3333130 -0.5000305
v -0.0000305 0.3333130 -0.5666809
v -0.0741882 0.3249512 -0.5666809
v -0.0741882 0.3249512 -0.5000305
v -0.1446533 0.3002930 -0.5666809
v -0.1446533 0.3002930 -0.5000305
v -0.2078552 0.2605896 -0.5666809
v -0.2078552 0.2605896 -0.5000305
v -0.2606506 0.2077942 -0.5000305
v -0.2606506 0.2077942 -0.5666809
v -0.3003540 0.1445923 -0.5666809
v -0.3003540 0.1445923 -0.5000305
v -0.3250122 0.0741272 -0.5666809
v -0.3250122 0.0741272 -0.5000305
v -0.3333740 -0.0000305 -0.5666809
v -0.3333740 -0.0000305 -0.5000305
v -0.3250122 -0.0741882 -0.5666809
v -0.3250122 -0.0741882 -0.5000305
v -0.3003540 -0.1446533 -0.5000305
v -0.3003540 -0.1446533 -0.5666809
v -0.2606506 -0.2078552 -0.5000305
v -0.2606506 -0.2078552 -0.5666809
v -0.2078552 -0.2606506 -0.5000305
v -0.2078552 -0.2606506 -0.5666809
v -0.1446533 -0.3003540 -0.5000305
v -0.1446533 -0.3003540 -0.5666809
v -0.0741882 -0.3250122 -0.5000305
v -0.0741882 -0.3250122 -0.5666809
v -0.0000305 -0.3333740 -0.5000305
v -0.0000305 -0.3333740 -0.5666809
v 0.0741272 -0.3250122 -0.5000305
v 0.0741272 -0.3250122 -0.5666809
v 0.1445923 -0.3003540 -0.5000305
v 0.1445923 -0.3003540 -0.5666809
v 0.2077942 -0.2606506 -0.5000305
v 0.2077942 -0.2606506 -0.5666809
v 0.2605896 -0.2078552 -0.5000305
v 0.2605896 -0.2078552 -0.5666809
v 0.3002930 -0.1446533 -0.5000305
v 0.3002930 -0.1446533 -0.5666809
v 0.3249512 -0.0741882 -0.5000305
v 0.3249512 -0.0741882 -0.5666809
v 0.3439026 -0.0000305 -0.3439331
v 0.3355408 0.0741272 -0.3355713
v 0.3249512 0.0741272 -0.4333496
v 0.3333130 -0.0000305 -0.4333496
v 0.3002930 0.1445923 -0.4333496
v 0.3109131 0.1445923 -0.3109131
v 0.2605896 0.2077942 -0.4333496
v 0.2845459 0.1897888 -0.2834778
v 0.2077942 0.2605896 -0.4333496
v 0.1445923 0.3002930 -0.4333496
v 0.0741272 0.3249512 -0.4333496
v -0.0000305 0.3333130 -0.4333496
v -0.0741882 0.3249512 -0.4333496
v -0.1446533 0.3002930 -0.4333496
v -0.2078552 0.2605896 -0.4333496
v -0.2846069 0.1897888 -0.2834778
v -0.2606506 0.2077942 -0.4333496
v -0.3109741 0.1445923 -0.3109131
v -0.3003540 0.1445923 -0.4333496
v -0.3356323 0.0741272 -0.3355713
v -0.3250122 0.0741272 -0.4333496
v -0.3439941 -0.0000305 -0.3439331
v -0.3333740 -0.0000305 -0.4333496
v -0.3250122 -0.0741882 -0.4333496
v -0.3356323 -0.0741882 -0.3355713
v -0.3109741 -0.1446533 -0.3109131
v -0.3003540 -0.1446533 -0.4333496
v -0.2606506 -0.2078552 -0.4333496
v -0.2839355 -0.1894226 -0.2838745
v -0.2078552 -0.2606506 -0.4333496
v -0.1446533 -0.3003540 -0.4333496
v -0.0741882 -0.3250122 -0.4333496
v -0.0000305 -0.3333740 -0.4333496
v 0.0741272 -0.3250122 -0.4333496
v 0.1445923 -0.3003540 -0.4333496
v 0.2077942 -0.2606506 -0.4333496
v 0.2834473 -0.1898499 -0.2845459
v 0.2605896 -0.2078552 -0.4333496
v 0.3002930 -0.1446533 -0.4333496
v 0.3109131 -0.1446533 -0.3109131
v 0.3249512 -0.0741882 -0.4333496
v 0.3355408 -0.0741882 -0.3355713
v 0.3439026 -0.0000305 0.3438416
v 0.3333130 -0.0000305 0.4332886
v 0.3249512 0.0741272 0.4332886
v 0.3355408 0.0741272 0.3354797
v 0.3002930 0.1445923 0.4332886
v 0.3109131 0.1445923 0.3108215
v 0.2605896 0.2077942 0.4332886
v 0.2838440 0.1893616 0.2837830
v 0.2077942 0.2605896 0.4332886
v 0.1445923 0.3002930 0.4332886
v 0.0741272 0.3249512 0.4332886
v -0.0000305 0.3333130 0.4332886
v -0.0741882 0.3249512 0.4332886
v -0.1446533 0.3002930 0.4332886
v -0.2078552 0.2605896 0.4332886
v -0.2606506 0.2077942 0.4332886
v -0.2839355 0.1893616 0.2837830
v -0.3003540 0.1445923 0.4332886
v -0.3109741 0.1445923 0.3108215
v -0.3250122 0.0741272 0.4332886
v -0.3356323 0.0741272 0.3354797
v -0.3333740 -0.0000305 0.4332886
v -0.3439941 -0.0000305 0.3438416
v -0.3250122 -0.0741882 0.4332886
v -0.3356323 -0.0741882 0.3354797
v -0.3109741 -0.1446533 0.3108215
v -0.3003540 -0.1446533 0.4332886
v -0.2606506 -0.2078552 0.4332886
v -0.2846069 -0.1898499 0.2833862
v -0.2078552 -0.2606506 0.4332886
v -0.1446533 -0.3003540 0.4332886
v -0.0741882 -0.3250122 0.4332886
v -0.0000305 -0.3333740 0.4332886
v 0.0741272 -0.3250122 0.4332886
v 0.1445923 -0.3003540 0.4332886
v 0.2077942 -0.2606506 0.4332886
v 0.2605896 -0.2078552 0.4332886
v 0.2841492 -0.1902771 0.2840576
v 0.3109131 -0.1446533 0.3108215
v 0.3002930 -0.1446533 0.4332886
v 0.3355408 -0.0741882 0.3354797
v 0.3249512 -0.0741882 0.4332886
v 0.3249512 0.0741272 -0.6333618
v 0.3333130 -0.0000305 -0.6333618
v 0.3002930 0.1445923 -0.6333618
v 0.2605896 0.2077942 -0.6333618
v 0.2077942 0.2605896 -0.6333618
v 0.1445923 0.3002930 -0.6333618
v 0.0741272 0.3249512 -0.6333618
v -0.0000305 0.3333130 -0.6333618
v -0.0741882 0.3249512 -0.6333618
v -0.1446533 0.3002930 -0.6333618
v -0.2078552 0.2605896 -0.6333618
v -0.2606506 0.2077942 -0.6333618
v -0.3003540 0.1445923 -0.6333618
v -0.3250122 0.0741272 -0.6333618
v -0.3333740 -0.0000305 -0.6333618
v -0.3250122 -0.0741882 -0.6333618
v -0.3003540 -0.1446533 -0.6333618
v -0.2606506 -0.2078552 -0.6333618
v -0.2078552 -0.2606506 -0.6333618
v -0.1446533 -0.3003540 -0.6333618
v -0.0741882 -0.3250122 -0.6333618
v -0.0000305 -0.3333740 -0.6333618
v 0.0741272 -0.3250122 -0.6333618
v 0.1445923 -0.3003540 -0.6333618
v 0.2077942 -0.2606506 -0.6333618
v 0.2605896 -0.2078552 -0.6333618
v 0.3002930 -0.1446533 -0.6333618
v 0.3249512 -0.0741882 -0.6333618
v 0.3249512 0.0741272 0.4999695
v 0.3333130 -0.0000305 0.4999695
v 0.3002930 0.1445923 0.4999695
v 0.2605896 0.2077942 0.4999695
v 0.2077942 0.2605896 0.4999695
v 0.1445923 0.3002930 0.4999695
v 0.0741272 0.3249512 0.4999695
v -0.0000305 0.3333130 0.4999695
v -0.0741882 0.3249512 0.4999695
v -0.1446533 0.3002930 0.4999695
v -0.2078552 0.2605896 0.4999695
v -0.2606506 0.2077942 0.4999695
v -0.3003540 0.1445923 0.4999695
v -0.3250122 0.0741272 0.4999695
v -0.3333740 -0.0000305 0.4999695
v -0.3250122 -0.0741882 0.4999695
v -0.3003540 -0.1446533 0.4999695
v -0.2606506 -0.2078552 0.4999695
v -0.2078552 -0.2606506 0.4999695
v -0.1446533 -0.3003540 0.4999695
v -0.0741882 -0.3250122 0.4999695
v -0.0000305 -0.3333740 0.4999695
v 0.0741272 -0.3250122 0.4999695
v 0.1445923 -0.3003540 0.4999695
v 0.2077942 -0.2606506 0.4999695
v 0.2605896 -0.2078552 0.4999695
v 0.3002930 -0.1446533 0.4999695
v 0.3249512 -0.0741882 0.4999695
v 0.3249512 0.0741272 -0.7000122
v 0.3333130 -0.0000305 -0.7000122
v 0.3002930 0.1445923 -0.7000122
v 0.2605896 0.2077942 -0.7000122
v 0.2077942 0.2605896 -0.7000122
v 0.1445923 0.3002930 -0.7000122
v 0.0741272 0.3249512 -0.7000122
v -0.0000305 0.3333130 -0.7000122
v -0.0741882 0.3249512 -0.7000122
v -0.1446533 0.3002930 -0.7000122
v -0.2078552 0.2605896 -0.7000122
v -0.2606506 0.2077942 -0.7000122
v -0.3003540 0.1445923 -0.7000122
v -0.3250122 0.0741272 -0.7000122
v -0.3333740 -0.0000305 -0.7000122
v -0.3250122 -0.0741882 -0.7000122
v -0.3003540 -0.1446533 -0.7000122
v -0.2606506 -0.2078552 -0.7000122
v -0.2078552 -0.2606506 -0.7000122
v -0.1446533 -0.3003540 -0.7000122
v -0.0741882 -0.3250122 -0.7000122
v -0.0000305 -0.3333740 -0.7000122
v 0.0741272 -0.3250122 -0.7000122
v 0.1445923 -0.3003540 -0.7000122
v 0.2077942 -0.2606506 -0.7000122
v 0.2605896 -0.2078552 -0.7000122
v 0.3002930 -0.1446533 -0.7000122
v 0.3249512 -0.0741882 -0.7000122
v 0.3249512 0.0741272 -0.8333435
v 0.3333130 -0.0000305 -0.8333435
v 0.3333130 -0.0000305 -0.7666931
v 0.3249512 0.0741272 -0.7666931
v 0.3002930 0.1445923 -0.8333435
v 0.3002930 0.1445923 -0.7666931
v 0.2605896 0.2077942 -0.8333435
v 0.2605896 0.2077942 -0.7666931
v 0.2077942 0.2605896 -0.8333435
v 0.2077942 0.2605896 -0.7666931
v 0.1445923 0.3002930 -0.8333435
v 0.1445923 0.3002930 -0.7666931
v 0.0741272 0.3249512 -0.8333435
v 0.0741272 0.3249512 -0.7666931
v -0.0000305 0.3333130 -0.8333435
v -0.0000305 0.3333130 -0.7666931
v -0.0741882 0.3249512 -0.7666931
v -0.0741882 0.3249512 -0.8333435
v -0.1446533 0.3002930 -0.7666931
v -0.1446533 0.3002930 -0.8333435
v -0.2078552 0.2605896 -0.7666931
v -0.2078552 0.2605896 -0.8333435
v -0.2606506 0.2077942 -0.7666931
v -0.2606506 0.2077942 -0.8333435
v -0.3003540 0.1445923 -0.7666931
v -0.3003540 0.1445923 -0.8333435
v -0.3250122 0.0741272 -0.7666931
v -0.3250122 0.0741272 -0.8333435
v -0.3333740 -0.0000305 -0.7666931
v -0.3333740 -0.0000305 -0.8333435
v -0.3250122 -0.0741882 -0.7666931
v -0.3250122 -0.0741882 -0.8333435
v -0.3003540 -0.1446533 -0.7666931
v -0.3003540 -0.1446533 -0.8333435
v -0.2606506 -0.2078552 -0.7666931
v -0.2606506 -0.2078552 -0.8333435
v -0.2078552 -0.2606506 -0.7666931
v -0.2078552 -0.2606506 -0.8333435
v -0.1446533 -0.3003540 -0.7666931
v -0.1446533 -0.3003540 -0.8333435
v -0.0741882 -0.3250122 -0.7666931
v -0.0741882 -0.3250122 -0.8333435
v -0.0000305 -0.3333740 -0.7666931
v -0.0000305 -0.3333740 -0.8333435
v 0.0741272 -0.3250122 -0.7666931
v 0.0741272 -0.3250122 -0.8333435
v 0.1445923 -0.3003540 -0.7666931
v 0.1445923 -0.3003540 -0.8333435
v 0.2077942 -0.2606506 -0.7666931
v 0.2077942 -0.2606506 -0.8333435
v 0.2605896 -0.2078552 -0.7666931
v 0.2605896 -0.2078552 -0.8333435
v 0.3002930 -0.1446533 -0.7666931
v 0.3002930 -0.1446533 -0.8333435
v 0.3249512 -0.0741882 -0.7666931
v 0.3249512 -0.0741882 -0.8333435
v 0.0965576 -0.0259094 -0.7666931
v 0.0965576 -0.0259094 -0.8333435
v 0.0999756 -0.0000305 -0.8333435
v 0.0999756 -0.0000305 -0.7666931
v 0.0865784 -0.0500183 -0.7666931
v 0.0865784 -0.0500183 -0.8333435
v 0.0706787 -0.0707397 -0.7666931
v 0.0706787 -0.0707397 -0.8333435
v 0.0499573 -0.0866394 -0.7666931
v 0.0499573 -0.0866394 -0.8333435
v 0.0258484 -0.0966187 -0.7666931
v 0.0258484 -0.0966187 -0.8333435
v -0.0000305 -0.1000366 -0.7666931
v -0.0000305 -0.1000366 -0.8333435
v -0.0259094 -0.0966187 -0.7666931
v -0.0259094 -0.0966187 -0.8333435
v -0.0500183 -0.0866394 -0.7666931
v -0.0500183 -0.0866394 -0.8333435
v -0.0707397 -0.0707397 -0.7666931
v -0.0707397 -0.0707397 -0.8333435
v -0.0866394 -0.0500183 -0.7666931
v -0.0866394 -0.0500183 -0.8333435
v -0.0966187 -0.0259094 -0.7666931
v -0.0966187 -0.0259094 -0.8333435
v -0.1000366 -0.0000305 -0.8333435
v -0.1000366 -0.0000305 -0.7666931
v -0.0966187 0.0258484 -0.8333435
v -0.0966187 0.0258484 -0.7666931
v -0.0866394 0.0499573 -0.8333435
v -0.0866394 0.0499573 -0.7666931
v -0.0707397 0.0706787 -0.7666931
v -0.0707397 0.0706787 -0.8333435
v -0.0500183 0.0865784 -0.7666931
v -0.0500183 0.0865784 -0.8333435
v -0.0259094 0.0965576 -0.7666931
v -0.0259094 0.0965576 -0.8333435
v -0.0000305 0.0999756 -0.8333435
v -0.0000305 0.0999756 -0.7666931
v 0.0258484 0.0965576 -0.7666931
v 0.0258484 0.0965576 -0.8333435
v 0.0499573 0.0865784 -0.7666931
v 0.0499573 0.0865784 -0.8333435
v 0.0706787 0.0706787 -0.7666931
v 0.0706787 0.0706787 -0.8333435
v 0.0865784 0.0499573 -0.7666931
v 0.0865784 0.0499573 -0.8333435
v 0.0965576 0.0258484 -0.7666931
v 0.0965576 0.0258484 -0.8333435
v 0.3249512 0.0741272 -0.9000244
v 0.3333130 -0.0000305 -0.9000244
v 0.3002930 0.1445923 -0.9000244
v 0.2605896 0.2077942 -0.9000244
v 0.2077942 0.2605896 -0.9000244
v 0.1445923 0.3002930 -0.9000244
v 0.0741272 0.3249512 -0.9000244
v -0.0000305 0.3333130 -0.9000244
v -0.0741882 0.3249512 -0.9000244
v -0.1446533 0.3002930 -0.9000244
v -0.2078552 0.2605896 -0.9000244
v -0.2606506 0.2077942 -0.9000244
v -0.3003540 0.1445923 -0.9000244
v -0.3250122 0.0741272 -0.9000244
v -0.3333740 -0.0000305 -0.9000244
v -0.3250122 -0.0741882 -0.9000244
v -0.3003540 -0.1446533 -0.9000244
v -0.2606506 -0.2078552 -0.9000244
v -0.2078552 -0.2606506 -0.9000244
v -0.1446533 -0.3003540 -0.9000244
v -0.0741882 -0.3250122 -0.9000244
v -0.0000305 -0.3333740 -0.9000244
v 0.0741272 -0.3250122 -0.9000244
v 0.1445923 -0.3003540 -0.9000244
v 0.2077942 -0.2606506 -0.9000244
v 0.2605896 -0.2078552 -0.9000244
v 0.3002930 -0.1446533 -0.9000244
v 0.3249512 -0.0741882 -0.9000244
v 0.0999756 -0.0000305 -0.9000244
v 0.0965576 -0.0259094 -0.9000244
v 0.0865784 -0.0500183 -0.9000244
v 0.0706787 -0.0707397 -0.9000244
v 0.0499573 -0.0866394 -0.9000244
v 0.0258484 -0.0966187 -0.9000244
v -0.0000305 -0.1000366 -0.9000244
v -0.0259094 -0.0966187 -0.9000244
v -0.0500183 -0.0866394 -0.9000244
v -0.0707397 -0.0707397 -0.9000244
v -0.0866394 -0.0500183 -0.9000244
v -0.0966187 -0.0259094 -0.9000244
v -0.1000366 -0.0000305 -0.9000244
v -0.0966187 0.0258484 -0.9000244
v -0.0866394 0.0499573 -0.9000244
v -0.0707397 0.0706787 -0.9000244
v -0.0500183 0.0865784 -0.9000244
v -0.0259094 0.0965576 -0.9000244
v -0.0000305 0.0999756 -0.9000244
v 0.0258484 0.0965576 -0.9000244
v 0.0499573 0.0865784 -0.9000244
v 0.0706787 0.0706787 -0.9000244
v 0.0865784 0.0499573 -0.9000244
v 0.0965576 0.0258484 -0.9000244
v -0.7000122 0.3333130 -0.0000305
v -0.7000122 0.3249512 -0.0741882
v -0.6333618 0.3249512 -0.0741882
v -0.6333618 0.3333130 -0.0000305
v -0.7000122 0.3002930 -0.1446533
v -0.6333618 0.3002930 -0.1446533
v -0.7000122 0.2605896 -0.2078552
v -0.6333618 0.2605896 -0.2078552
v -0.7000122 0.2077942 -0.2606506
v -0.6333618 0.2077942 -0.2606506
v -0.7000122 0.1445923 -0.3003540
v -0.6333618 0.1445923 -0.3003540
v -0.7000122 0.0741272 -0.3250122
v -0.6333618 0.0741272 -0.3250122
v -0.7000122 -0.0000305 -0.3333740
v -0.6333618 -0.0000305 -0.3333740
v -0.7000122 -0.0741882 -0.3250122
v -0.6333618 -0.0741882 -0.3250122
v -0.7000122 -0.1446533 -0.3003540
v -0.6333618 -0.1446533 -0.3003540
v -0.7000122 -0.2078552 -0.2606506
v -0.6333618 -0.2078552 -0.2606506
v -0.7000122 -0.2606506 -0.2078552
v -0.6333618 -0.2606506 -0.2078552
v -0.7000122 -0.3003540 -0.1446533
v -0.6333618 -0.3003540 -0.1446533
v -0.7000122 -0.3250122 -0.0741882
v -0.6333618 -0.3250122 -0.0741882
v -0.6333618 -0.3333740 -0.0000305
v -0.7000122 -0.3333740 -0.0000305
v -0.7000122 -0.3250122 0.0741272
v -0.6333618 -0.3250122 0.0741272
v -0.7000122 -0.3003540 0.1445923
v -0.6333618 -0.3003540 0.1445923
v -0.7000122 -0.2606506 0.2077942
v -0.6333618 -0.2606506 0.2077942
v -0.7000122 -0.2078552 0.2605896
v -0.6333618 -0.2078552 0.2605896
v -0.7000122 -0.1446533 0.3002930
v -0.6333618 -0.1446533 0.3002930
v -0.7000122 -0.0741882 0.3249512
v -0.6333618 -0.0741882 0.3249512
v -0.7000122 -0.0000305 0.3333130
v -0.6333618 -0.0000305 0.3333130
v -0.7000122 0.0741272 0.3249512
v -0.6333618 0.0741272 0.3249512
v -0.7000122 0.1445923 0.3002930
v -0.6333618 0.1445923 0.3002930
v -0.7000122 0.2077942 0.2605896
v -0.6333618 0.2077942 0.2605896
v -0.7000122 0.2605896 0.2077942
v -0.6333618 0.2605896 0.2077942
v -0.7000122 0.3002930 0.1445923
v -0.6333618 0.3002930 0.1445923
v -0.7000122 0.3249512 0.0741272
v -0.6333618 0.3249512 0.0741272
v -0.9000244 0.0999756 -0.0000305
v -0.9000244 0.0965576 -0.0259094
v -0.9000244 0.0865784 -0.0500183
v -0.9000244 0.0706787 -0.0707397
v -0.9000244 0.0499573 -0.0866394
v -0.9000244 0.0258484 -0.0966187
v -0.9000244 -0.0000305 -0.1000366
v -0.9000244 -0.0259094 -0.0966187
v -0.9000244 -0.0500183 -0.0866394
v -0.9000244 -0.0707397 -0.0707397
v -0.9000244 -0.0866394 -0.0500183
v -0.9000244 -0.0966187 -0.0259094
v -0.9000244 -0.1000366 -0.0000305
v -0.9000244 -0.0966187 0.0258484
v -0.9000244 -0.0866394 0.0499573
v -0.9000244 -0.0707397 0.0706787
v -0.9000244 -0.0500183 0.0865784
v -0.9000244 -0.0259094 0.0965576
v -0.9000244 -0.0000305 0.0999756
v -0.9000244 0.0258484 0.0965576
v -0.9000244 0.0499573 0.0865784
v -0.9000244 0.0706787 0.0706787
v -0.9000244 0.0865784 0.0499573
v -0.9000244 0.0965576 0.0258484
v -0.9000244 0.3249512 -0.0741882
v -0.9000244 0.3333130 -0.0000305
v -0.9000244 0.3002930 -0.1446533
v -0.9000244 0.2605896 -0.2078552
v -0.9000244 0.2077942 -0.2606506
v -0.9000244 0.1445923 -0.3003540
v -0.9000244 0.0741272 -0.3250122
v -0.9000244 -0.0000305 -0.3333740
v -0.9000244 -0.0741882 -0.3250122
v -0.9000244 -0.1446533 -0.3003540
v -0.9000244 -0.2078552 -0.2606506
v -0.9000244 -0.2606506 -0.2078552
v -0.9000244 -0.3003540 -0.1446533
v -0.9000244 -0.3250122 -0.0741882
v -0.9000244 -0.3333740 -0.0000305
v -0.9000244 -0.3250122 0.0741272
v -0.9000244 -0.3003540 0.1445923
v -0.9000244 -0.2606506 0.2077942
v -0.9000244 -0.2078552 0.2605896
v -0.9000244 -0.1446533 0.3002930
v -0.9000244 -0.0741882 0.3249512
v -0.9000244 -0.0000305 0.3333130
v -0.9000244 0.0741272 0.3249512
v -0.9000244 0.1445923 0.3002930
v -0.9000244 0.2077942 0.2605896
v -0.9000244 0.2605896 0.2077942
v -0.9000244 0.3002930 0.1445923
v -0.9000244 0.3249512 0.0741272
v -0.8333435 0.3249512 -0.0741882
v -0.8333435 0.3333130 -0.0000305
v -0.8333435 0.3002930 -0.1446533
v -0.8333435 0.2605896 -0.2078552
v -0.8333435 0.2077942 -0.2606506
v -0.8333435 0.1445923 -0.3003540
v -0.8333435 0.0741272 -0.3250122
v -0.8333435 -0.0000305 -0.3333740
v -0.8333435 -0.0741882 -0.3250122
v -0.8333435 -0.1446533 -0.3003540
v -0.8333435 -0.2078552 -0.2606506
v -0.8333435 -0.2606506 -0.2078552
v -0.8333435 -0.3003540 -0.1446533
v -0.8333435 -0.3250122 -0.0741882
v -0.8333435 -0.3333740 -0.0000305
v -0.8333435 -0.3250122 0.0741272
v -0.8333435 -0.3003540 0.1445923
v -0.8333435 -0.2606506 0.2077942
v -0.8333435 -0.2078552 0.2605896
v -0.8333435 -0.1446533 0.3002930
v -0.8333435 -0.0741882 0.3249512
v -0.8333435 -0.0000305 0.3333130
v -0.8333435 0.0741272 0.3249512
v -0.8333435 0.1445923 0.3002930
v -0.8333435 0.2077942 0.2605896
v -0.8333435 0.2605896 0.2077942
v -0.8333435 0.3002930 0.1445923
v -0.8333435 0.3249512 0.0741272
v -0.7666931 0.3333130 -0.0000305
v -0.7666931 0.3249512 -0.0741882
v -0.7666931 0.3002930 -0.1446533
v -0.7666931 0.2605896 -0.2078552
v -0.7666931 0.2077942 -0.2606506
v -0.7666931 0.1445923 -0.3003540
v -0.7666931 0.0741272 -0.3250122
v -0.7666931 -0.0000305 -0.3333740
v -0.7666931 -0.0741882 -0.3250122
v -0.7666931 -0.1446533 -0.3003540
v -0.7666931 -0.2078552 -0.2606506
v -0.7666931 -0.2606506 -0.2078552
v -0.7666931 -0.3003540 -0.1446533
v -0.7666931 -0.3250122 -0.0741882
v -0.7666931 -0.3333740 -0.0000305
v -0.7666931 -0.3250122 0.0741272
v -0.7666931 -0.3003540 0.1445923
v -0.7666931 -0.2606506 0.2077942
v -0.7666931 -0.2078552 0.2605896
v -0.7666931 -0.1446533 0.3002930
v -0.7666931 -0.0741882 0.3249512
v -0.7666931 -0.0000305 0.3333130
v -0.7666931 0.0741272 0.3249512
v -0.7666931 0.1445923 0.3002930
v -0.7666931 0.2077942 0.2605896
v -0.7666931 0.2605896 0.2077942
v -0.7666931 0.3002930 0.1445923
v -0.7666931 0.3249512 0.0741272
v -0.8333435 0.0999756 -0.0000305
v -0.8333435 0.0965576 -0.0259094
v -0.8333435 0.0865784 -0.0500183
v -0.8333435 0.0706787 -0.0707397
v -0.8333435 0.0499573 -0.0866394
v -0.8333435 0.0258484 -0.0966187
v -0.8333435 -0.0000305 -0.1000366
v -0.8333435 -0.0259094 -0.0966187
v -0.8333435 -0.0500183 -0.0866394
v -0.8333435 -0.0707397 -0.0707397
v -0.8333435 -0.0866394 -0.0500183
v -0.8333435 -0.0966187 -0.0259094
v -0.8333435 -0.1000366 -0.0000305
v -0.8333435 -0.0966187 0.0258484
v -0.8333435 -0.0866394 0.0499573
v -0.8333435 -0.0707397 0.0706787
v -0.8333435 -0.0500183 0.0865784
v -0.8333435 -0.0259094 0.0965576
v -0.8333435 -0.0000305 0.0999756
v -0.8333435 0.0258484 0.0965576
v -0.8333435 0.0499573 0.0865784
v -0.8333435 0.0706787 0.0706787
v -0.8333435 0.0865784 0.0499573
v -0.8333435 0.0965576 0.0258484
v -0.7666931 0.0965576 -0.0259094
v -0.7666931 0.0999756 -0.0000305
v -0.7666931 0.0865784 -0.0500183
v -0.7666931 0.0706787 -0.0707397
v -0.7666931 0.0499573 -0.0866394
v -0.7666931 0.0258484 -0.0966187
v -0.7666931 -0.0000305 -0.1000366
v -0.7666931 -0.0259094 -0.0966187
v -0.7666931 -0.0500183 -0.0866394
v -0.7666931 -0.0707397 -0.0707397
v -0.7666931 -0.0866394 -0.0500183
v -0.7666931 -0.0966187 -0.0259094
v -0.7666931 -0.1000366 -0.0000305
v -0.7666931 -0.0966187 0.0258484
v -0.7666931 -0.0866394 0.0499573
v -0.7666931 -0.0707397 0.0706787
v -0.7666931 -0.0500183 0.0865784
v -0.7666931 -0.0259094 0.0965576
v -0.7666931 -0.0000305 0.0999756
v -0.7666931 0.0258484 0.0965576
v -0.7666931 0.0499573 0.0865784
v -0.7666931 0.0706787 0.0706787
v -0.7666931 0.0865784 0.0499573
v -0.7666931 0.0965576 0.0258484
v -0.5666809 0.3249512 -0.0741882
v -0.5666809 0.3333130 -0.0000305
v -0.5666809 0.3002930 -0.1446533
v -0.5666809 0.2605896 -0.2078552
v -0.5666809 0.2077942 -0.2606506
v -0.5666809 0.1445923 -0.3003540
v -0.5666809 0.0741272 -0.3250122
v -0.5666809 -0.0000305 -0.3333740
v -0.5666809 -0.0741882 -0.3250122
v -0.5666809 -0.1446533 -0.3003540
v -0.5666809 -0.2078552 -0.2606506
v -0.5666809 -0.2606506 -0.2078552
v -0.5666809 -0.3003540 -0.1446533
v -0.5666809 -0.3250122 -0.0741882
v -0.5666809 -0.3333740 -0.0000305
v -0.5666809 -0.3250122 0.0741272
v -0.5666809 -0.3003540 0.1445923
v -0.5666809 -0.2606506 0.2077942
v -0.5666809 -0.2078552 0.2605896
v -0.5666809 -0.1446533 0.3002930
v -0.5666809 -0.0741882 0.3249512
v -0.5666809 -0.0000305 0.3333130
v -0.5666809 0.0741272 0.3249512
v -0.5666809 0.1445923 0.3002930
v -0.5666809 0.2077942 0.2605896
v -0.5666809 0.2605896 0.2077942
v -0.5666809 0.3002930 0.1445923
v -0.5666809 0.3249512 0.0741272
v 0.5666199 0.3249512 -0.0741882
v 0.5666199 0.3333130 -0.0000305
v 0.4999695 0.3333130 -0.0000305
v 0.4999695 0.3249512 -0.0741882
v 0.4999695 0.3002930 -0.1446533
v 0.5666199 0.3002930 -0.1446533
v 0.4999695 0.2605896 -0.2078552
v 0.5666199 0.2605896 -0.2078552
v 0.4999695 0.2077942 -0.2606506
v 0.5666199 0.2077942 -0.2606506
v 0.4999695 0.1445923 -0.3003540
v 0.5666199 0.1445923 -0.3003540
v 0.4999695 0.0741272 -0.3250122
v 0.5666199 0.0741272 -0.3250122
v 0.4999695 -0.0000305 -0.3333740
v 0.5666199 -0.0000305 -0.3333740
v 0.5666199 -0.0741882 -0.3250122
v 0.4999695 -0.0741882 -0.3250122
v 0.5666199 -0.1446533 -0.3003540
v 0.4999695 -0.1446533 -0.3003540
v 0.5666199 -0.2078552 -0.2606506
v 0.4999695 -0.2078552 -0.2606506
v 0.5666199 -0.2606506 -0.2078552
v 0.4999695 -0.2606506 -0.2078552
v 0.5666199 -0.3003540 -0.1446533
v 0.4999695 -0.3003540 -0.1446533
v 0.5666199 -0.3250122 -0.0741882
v 0.4999695 -0.3250122 -0.0741882
v 0.5666199 -0.3333740 -0.0000305
v 0.4999695 -0.3333740 -0.0000305
v 0.4999695 -0.3250122 0.0741272
v 0.5666199 -0.3250122 0.0741272
v 0.4999695 -0.3003540 0.1445923
v 0.5666199 -0.3003540 0.1445923
v 0.4999695 -0.2606506 0.2077942
v 0.5666199 -0.2606506 0.2077942
v 0.4999695 -0.2078552 0.2605896
v 0.5666199 -0.2078552 0.2605896
v 0.4999695 -0.1446533 0.3002930
v 0.5666199 -0.1446533 0.3002930
v 0.4999695 -0.0741882 0.3249512
v 0.5666199 -0.0741882 0.3249512
v 0.4999695 -0.0000305 0.3333130
v 0.5666199 -0.0000305 0.3333130
v 0.4999695 0.0741272 0.3249512
v 0.5666199 0.0741272 0.3249512
v 0.4999695 0.1445923 0.3002930
v 0.5666199 0.1445923 0.3002930
v 0.4999695 0.2077942 0.2605896
v 0.5666199 0.2077942 0.2605896
v 0.4999695 0.2605896 0.2077942
v 0.5666199 0.2605896 0.2077942
v 0.4999695 0.3002930 0.1445923
v 0.5666199 0.3002930 0.1445923
v 0.4999695 0.3249512 0.0741272
v 0.5666199 0.3249512 0.0741272
v 0.4332886 0.3249512 -0.0741882
v 0.4332886 0.3333130 -0.0000305
v 0.4332886 0.3002930 -0.1446533
v 0.4332886 0.2605896 -0.2078552
v 0.4332886 0.2077942 -0.2606506
v 0.4332886 0.1445923 -0.3003540
v 0.4332886 0.0741272 -0.3250122
v 0.4332886 -0.0000305 -0.3333740
v 0.4332886 -0.0741882 -0.3250122
v 0.4332886 -0.1446533 -0.3003540
v 0.4332886 -0.2078552 -0.2606506
v 0.4332886 -0.2606506 -0.2078552
v 0.4332886 -0.3003540 -0.1446533
v 0.4332886 -0.3250122 -0.0741882
v 0.4332886 -0.3333740 -0.0000305
v 0.4332886 -0.3250122 0.0741272
v 0.4332886 -0.3003540 0.1445923
v 0.4332886 -0.2606506 0.2077942
v 0.4332886 -0.2078552 0.2605896
v 0.4332886 -0.1446533 0.3002930
v 0.4332886 -0.0741882 0.3249512
v 0.4332886 -0.0000305 0.3333130
v 0.4332886 0.0741272 0.3249512
v 0.4332886 0.1445923 0.3002930
v 0.4332886 0.2077942 0.2605896
v 0.4332886 0.2605896 0.2077942
v 0.4332886 0.3002930 0.1445923
v 0.4332886 0.3249512 0.0741272
v -0.4333496 0.3333130 -0.0000305
v -0.4333496 0.3249512 -0.0741882
v -0.4333496 0.3002930 -0.1446533
v -0.4333496 0.2605896 -0.2078552
v -0.4333496 0.2077942 -0.2606506
v -0.4333496 0.1445923 -0.3003540
v -0.4333496 0.0741272 -0.3250122
v -0.4333496 -0.0000305 -0.3333740
v -0.4333496 -0.0741882 -0.3250122
v -0.4333496 -0.1446533 -0.3003540
v -0.4333496 -0.2078552 -0.2606506
v -0.4333496 -0.2606506 -0.2078552
v -0.4333496 -0.3003540 -0.1446533
v -0.4333496 -0.3250122 -0.0741882
v -0.4333496 -0.3333740 -0.0000305
v -0.4333496 -0.3250122 0.0741272
v -0.4333496 -0.3003540 0.1445923
v -0.4333496 -0.2606506 0.2077942
v -0.4333496 -0.2078552 0.2605896
v -0.4333496 -0.1446533 0.3002930
v -0.4333496 -0.0741882 0.3249512
v -0.4333496 -0.0000305 0.3333130
v -0.4333496 0.0741272 0.3249512
v -0.4333496 0.1445923 0.3002930
v -0.4333496 0.2077942 0.2605896
v -0.4333496 0.2605896 0.2077942
v -0.4333496 0.3002930 0.1445923
v -0.4333496 0.3249512 0.0741272
v 0.6333008 0.3333130 -0.0000305
v 0.6333008 0.3249512 -0.0741882
v 0.6333008 0.3002930 -0.1446533
v 0.6333008 0.2605896 -0.2078552
v 0.6333008 0.2077942 -0.2606506
v 0.6333008 0.1445923 -0.3003540
v 0.6333008 0.0741272 -0.3250122
v 0.6333008 -0.0000305 -0.3333740
v 0.6333008 -0.0741882 -0.3250122
v 0.6333008 -0.1446533 -0.3003540
v 0.6333008 -0.2078552 -0.2606506
v 0.6333008 -0.2606506 -0.2078552
v 0.6333008 -0.3003540 -0.1446533
v 0.6333008 -0.3250122 -0.0741882
v 0.6333008 -0.3333740 -0.0000305
v 0.6333008 -0.3250122 0.0741272
v 0.6333008 -0.3003540 0.1445923
v 0.6333008 -0.2606506 0.2077942
v 0.6333008 -0.2078552 0.2605896
v 0.6333008 -0.1446533 0.3002930
v 0.6333008 -0.0741882 0.3249512
v 0.6333008 -0.0000305 0.3333130
v 0.6333008 0.0741272 0.3249512
v 0.6333008 0.1445923 0.3002930
v 0.6333008 0.2077942 0.2605896
v 0.6333008 0.2605896 0.2077942
v 0.6333008 0.3002930 0.1445923
v 0.6333008 0.3249512 0.0741272
v -0.5000305 0.3249512 -0.0741882
v -0.5000305 0.3333130 -0.0000305
v -0.5000305 0.3002930 -0.1446533
v -0.5000305 0.2605896 -0.2078552
v -0.5000305 0.2077942 -0.2606506
v -0.5000305 0.1445923 -0.3003540
v -0.5000305 0.0741272 -0.3250122
v -0.5000305 -0.0000305 -0.3333740
v -0.5000305 -0.0741882 -0.3250122
v -0.5000305 -0.1446533 -0.3003540
v -0.5000305 -0.2078552 -0.2606506
v -0.5000305 -0.2606506 -0.2078552
v -0.5000305 -0.3003540 -0.1446533
v -0.5000305 -0.3250122 -0.0741882
v -0.5000305 -0.3333740 -0.0000305
v -0.5000305 -0.3250122 0.0741272
v -0.5000305 -0.3003540 0.1445923
v -0.5000305 -0.2606506 0.2077942
v -0.5000305 -0.2078552 0.2605896
v -0.5000305 -0.1446533 0.3002930
v -0.5000305 -0.0741882 0.3249512
v -0.5000305 -0.0000305 0.3333130
v -0.5000305 0.0741272 0.3249512
v -0.5000305 0.1445923 0.3002930
v -0.5000305 0.2077942 0.2605896
v -0.5000305 0.2605896 0.2077942
v -0.5000305 0.3002930 0.1445923
v -0.5000305 0.3249512 0.0741272
v 0.8332825 0.3249512 -0.0741882
v 0.8332825 0.3333130 -0.0000305
v 0.7666321 0.3333130 -0.0000305
v 0.7666321 0.3249512 -0.0741882
v 0.8332825 0.3002930 -0.1446533
v 0.7666321 0.3002930 -0.1446533
v 0.8332825 0.2605896 -0.2078552
v 0.7666321 0.2605896 -0.2078552
v 0.8332825 0.2077942 -0.2606506
v 0.7666321 0.2077942 -0.2606506
v 0.7666321 0.1445923 -0.3003540
v 0.8332825 0.1445923 -0.3003540
v 0.7666321 0.0741272 -0.3250122
v 0.8332825 0.0741272 -0.3250122
v 0.7666321 -0.0000305 -0.3333740
v 0.8332825 -0.0000305 -0.3333740
v 0.7666321 -0.0741882 -0.3250122
v 0.8332825 -0.0741882 -0.3250122
v 0.7666321 -0.1446533 -0.3003540
v 0.8332825 -0.1446533 -0.3003540
v 0.7666321 -0.2078552 -0.2606506
v 0.8332825 -0.2078552 -0.2606506
v 0.8332825 -0.2606506 -0.2078552
v 0.7666321 -0.2606506 -0.2078552
v 0.8332825 -0.3003540 -0.1446533
v 0.7666321 -0.3003540 -0.1446533
v 0.8332825 -0.3250122 -0.0741882
v 0.7666321 -0.3250122 -0.0741882
v 0.8332825 -0.3333740 -0.0000305
v 0.7666321 -0.3333740 -0.0000305
v 0.7666321 -0.3250122 0.0741272
v 0.8332825 -0.3250122 0.0741272
v 0.7666321 -0.3003540 0.1445923
v 0.8332825 -0.3003540 0.1445923
v 0.7666321 -0.2606506 0.2077942
v 0.8332825 -0.2606506 0.2077942
v 0.7666321 -0.2078552 0.2605896
v 0.8332825 -0.2078552 0.2605896
v 0.7666321 -0.1446533 0.3002930
v 0.8332825 -0.1446533 0.3002930
v 0.8332825 -0.0741882 0.3249512
v 0.7666321 -0.0741882 0.3249512
v 0.7666321 -0.0000305 0.3333130
v 0.8332825 -0.0000305 0.3333130
v 0.7666321 0.0741272 0.3249512
v 0.8332825 0.0741272 0.3249512
v 0.7666321 0.1445923 0.3002930
v 0.8332825 0.1445923 0.3002930
v 0.7666321 0.2077942 0.2605896
v 0.8332825 0.2077942 0.2605896
v 0.7666321 0.2605896 0.2077942
v 0.8332825 0.2605896 0.2077942
v 0.7666321 0.3002930 0.1445923
v 0.8332825 0.3002930 0.1445923
v 0.7666321 0.3249512 0.0741272
v 0.8332825 0.3249512 0.0741272
v 0.6999512 0.3333130 -0.0000305
v 0.6999512 0.3249512 -0.0741882
v 0.6999512 0.3002930 -0.1446533
v 0.6999512 0.2605896 -0.2078552
v 0.6999512 0.2077942 -0.2606506
v 0.6999512 0.1445923 -0.3003540
v 0.6999512 0.0741272 -0.3250122
v 0.6999512 -0.0000305 -0.3333740
v 0.6999512 -0.0741882 -0.3250122
v 0.6999512 -0.1446533 -0.3003540
v 0.6999512 -0.2078552 -0.2606506
v 0.6999512 -0.2606506 -0.2078552
v 0.6999512 -0.3003540 -0.1446533
v 0.6999512 -0.3250122 -0.0741882
v 0.6999512 -0.3333740 -0.0000305
v 0.6999512 -0.3250122 0.0741272
v 0.6999512 -0.3003540 0.1445923
v 0.6999512 -0.2606506 0.2077942
v 0.6999512 -0.2078552 0.2605896
v 0.6999512 -0.1446533 0.3002930
v 0.6999512 -0.0741882 0.3249512
v 0.6999512 -0.0000305 0.3333130
v 0.6999512 0.0741272 0.3249512
v 0.6999512 0.1445923 0.3002930
v 0.6999512 0.2077942 0.2605896
v 0.6999512 0.2605896 0.2077942
v 0.6999512 0.3002930 0.1445923
v 0.6999512 0.3249512 0.0741272
v 0.8332825 0.0965576 0.0258484
v 0.8332825 0.0999756 -0.0000305
v 0.7666321 0.0999756 -0.0000305
v 0.7666321 0.0965576 0.0258484
v 0.8332825 0.0865784 0.0499573
v 0.7666321 0.0865784 0.0499573
v 0.8332825 0.0706787 0.0706787
v 0.7666321 0.0706787 0.0706787
v 0.8332825 0.0499573 0.0865784
v 0.7666321 0.0499573 0.0865784
v 0.8332825 0.0258484 0.0965576
v 0.7666321 0.0258484 0.0965576
v 0.8332825 -0.0000305 0.0999756
v 0.7666321 -0.0000305 0.0999756
v 0.8332825 -0.0259094 0.0965576
v 0.7666321 -0.0259094 0.0965576
v 0.8332825 -0.0500183 0.0865784
v 0.7666321 -0.0500183 0.0865784
v 0.8332825 -0.0707397 0.0706787
v 0.7666321 -0.0707397 0.0706787
v 0.8332825 -0.0866394 0.0499573
v 0.7666321 -0.0866394 0.0499573
v 0.8332825 -0.0966187 0.0258484
v 0.7666321 -0.0966187 0.0258484
v 0.8332825 -0.1000366 -0.0000305
v 0.7666321 -0.1000366 -0.0000305
v 0.7666321 -0.0966187 -0.0259094
v 0.8332825 -0.0966187 -0.0259094
v 0.7666321 -0.0866394 -0.0500183
v 0.8332825 -0.0866394 -0.0500183
v 0.8332825 -0.0707397 -0.0707397
v 0.7666321 -0.0707397 -0.0707397
v 0.7666321 -0.0500183 -0.0866394
v 0.8332825 -0.0500183 -0.0866394
v 0.7666321 -0.0259094 -0.0966187
v 0.8332825 -0.0259094 -0.0966187
v 0.7666321 -0.0000305 -0.1000366
v 0.8332825 -0.0000305 -0.1000366
v 0.7666321 0.0258484 -0.0966187
v 0.8332825 0.0258484 -0.0966187
v 0.7666321 0.0499573 -0.0866394
v 0.8332825 0.0499573 -0.0866394
v 0.7666321 0.0706787 -0.0707397
v 0.8332825 0.0706787 -0.0707397
v 0.7666321 0.0865784 -0.0500183
v 0.8332825 0.0865784 -0.0500183
v 0.7666321 0.0965576 -0.0259094
v 0.8332825 0.0965576 -0.0259094
v 0.8999634 0.3333130 -0.0000305
v 0.8999634 0.3249512 -0.0741882
v 0.8999634 0.3002930 -0.1446533
v 0.8999634 0.2605896 -0.2078552
v 0.8999634 0.2077942 -0.2606506
v 0.8999634 0.1445923 -0.3003540
v 0.8999634 0.0741272 -0.3250122
v 0.8999634 -0.0000305 -0.3333740
v 0.8999634 -0.0741882 -0.3250122
v 0.8999634 -0.1446533 -0.3003540
v 0.8999634 -0.2078552 -0.2606506
v 0.8999634 -0.2606506 -0.2078552
v 0.8999634 -0.3003540 -0.1446533
v 0.8999634 -0.3250122 -0.0741882
v 0.8999634 -0.3333740 -0.0000305
v 0.8999634 -0.3250122 0.0741272
v 0.8999634 -0.3003540 0.1445923
v 0.8999634 -0.2606506 0.2077942
v 0.8999634 -0.2078552 0.2605896
v 0.8999634 -0.1446533 0.3002930
v 0.8999634 -0.0741882 0.3249512
v 0.8999634 -0.0000305 0.3333130
v 0.8999634 0.0741272 0.3249512
v 0.8999634 0.1445923 0.3002930
v 0.8999634 0.2077942 0.2605896
v 0.8999634 0.2605896 0.2077942
v 0.8999634 0.3002930 0.1445923
v 0.8999634 0.3249512 0.0741272
v 0.8999634 0.0999756 -0.0000305
v 0.8999634 0.0965576 0.0258484
v 0.8999634 0.0865784 0.0499573
v 0.8999634 0.0706787 0.0706787
v 0.8999634 0.0499573 0.0865784
v 0.8999634 0.0258484 0.0965576
v 0.8999634 -0.0000305 0.0999756
v 0.8999634 -0.0259094 0.0965576
v 0.8999634 -0.0500183 0.0865784
v 0.8999634 -0.0707397 0.0706787
v 0.8999634 -0.0866394 0.0499573
v 0.8999634 -0.0966187 0.0258484
v 0.8999634 -0.1000366 -0.0000305
v 0.8999634 -0.0966187 -0.0259094
v 0.8999634 -0.0866394 -0.0500183
v 0.8999634 -0.0707397 -0.0707397
v 0.8999634 -0.0500183 -0.0866394
v 0.8999634 -0.0259094 -0.0966187
v 0.8999634 -0.0000305 -0.1000366
v 0.8999634 0.0258484 -0.0966187
v 0.8999634 0.0499573 -0.0866394
v 0.8999634 0.0706787 -0.0707397
v 0.8999634 0.0865784 -0.0500183
v 0.8999634 0.0965576 -0.0259094
v -0.3165894 -1.0000000 -0.0000305
v -0.3086548 -1.0000000 0.0704041
v -0.2852478 -1.0000000 0.1373291
v -0.2475281 -1.0000000 0.1973267
v -0.1973877 -1.0000000 0.2474670
v -0.1373901 -1.0000000 0.2851868
v -0.0704651 -1.0000000 0.3085938
v -0.0000305 -1.0000000 0.3165283
v 0.0704041 -1.0000000 0.3085938
v 0.1373291 -1.0000000 0.2851868
v 0.1973267 -1.0000000 0.2474670
v 0.2474670 -1.0000000 0.1973267
v 0.2851868 -1.0000000 0.1373291
v 0.3085938 -1.0000000 0.0704041
v 0.3165283 -1.0000000 -0.0000305
v 0.3085938 -1.0000000 -0.0704651
v 0.2851868 -1.0000000 -0.1373901
v 0.2474670 -1.0000000 -0.1973877
v 0.1973267 -1.0000000 -0.2475281
v 0.1373291 -1.0000000 -0.2852478
v 0.0704041 -1.0000000 -0.3086548
v -0.0000305 -1.0000000 -0.3165894
v -0.0704651 -1.0000000 -0.3086548
v -0.1373901 -1.0000000 -0.2852478
v -0.1973877 -1.0000000 -0.2475281
v -0.2475281 -1.0000000 -0.1973877
v -0.2852478 -1.0000000 -0.1373901
v -0.3086548 -1.0000000 -0.0704651
v -0.3250122 -0.9833374 0.0741272
v -0.3333740 -0.9833374 -0.0000305
v -0.3250122 -0.9833374 -0.0741882
v -0.3003540 -0.9833374 -0.1446533
v -0.2606506 -0.9833374 -0.2078552
v -0.2078552 -0.9833374 -0.2606506
v -0.1446533 -0.9833374 -0.3003540
v -0.0741882 -0.9833374 -0.3250122
v -0.0000305 -0.9833374 -0.3333740
v 0.0741272 -0.9833374 -0.3250122
v 0.1445923 -0.9833374 -0.3003540
v 0.2077942 -0.9833374 -0.2606506
v 0.2605896 -0.9833374 -0.2078552
v 0.3002930 -0.9833374 -0.1446533
v 0.3249512 -0.9833374 -0.0741882
v 0.3333130 -0.9833374 -0.0000305
v 0.3249512 -0.9833374 0.0741272
v 0.3002930 -0.9833374 0.1445923
v 0.2605896 -0.9833374 0.2077942
v 0.2077942 -0.9833374 0.2605896
v 0.1445923 -0.9833374 0.3002930
v 0.0741272 -0.9833374 0.3249512
v -0.0000305 -0.9833374 0.3333130
v -0.0741882 -0.9833374 0.3249512
v -0.1446533 -0.9833374 0.3002930
v -0.2078552 -0.9833374 0.2605896
v -0.2606506 -0.9833374 0.2077942
v -0.3003540 -0.9833374 0.1445923
v 0.0499573 -0.9833374 0.0865784
v 0.0706787 -0.9833374 0.0706787
v 0.0865784 -0.9833374 0.0499573
v 0.0965576 -0.9833374 0.0258484
v 0.0999756 -0.9833374 -0.0000305
v 0.0965576 -0.9833374 -0.0259094
v 0.0865784 -0.9833374 -0.0500183
v 0.0706787 -0.9833374 -0.0707397
v 0.0499573 -0.9833374 -0.0866394
v 0.0258484 -0.9833374 -0.0966187
v -0.0000305 -0.9833374 -0.1000366
v -0.0259094 -0.9833374 -0.0966187
v -0.0500183 -0.9833374 -0.0866394
v -0.0707397 -0.9833374 -0.0707397
v -0.0866394 -0.9833374 -0.0500183
v -0.0966187 -0.9833374 -0.0259094
v -0.1000366 -0.9833374 -0.0000305
v -0.0966187 -0.9833374 0.0258484
v -0.0866394 -0.9833374 0.0499573
v -0.0707397 -0.9833374 0.0706787
v -0.0500183 -0.9833374 0.0865784
v -0.0259094 -0.9833374 0.0965576
v -0.0000305 -0.9833374 0.0999756
v 0.0258484 -0.9833374 0.0965576
v 0.0825806 -1.0000000 0.0825806
v 0.0583801 -1.0000000 0.1011353
v 0.0302124 -1.0000000 0.1127930
v -0.0000305 -1.0000000 0.1167908
v -0.0302734 -1.0000000 0.1127930
v -0.0584412 -1.0000000 0.1011353
v -0.0826416 -1.0000000 0.0825806
v -0.1011963 -1.0000000 0.0583801
v -0.1128540 -1.0000000 0.0302124
v -0.1168518 -1.0000000 -0.0000305
v -0.1128540 -1.0000000 -0.0302734
v -0.1011963 -1.0000000 -0.0584412
v -0.0826416 -1.0000000 -0.0826416
v -0.0584412 -1.0000000 -0.1011963
v -0.0302734 -1.0000000 -0.1128540
v -0.0000305 -1.0000000 -0.1168518
v 0.0302124 -1.0000000 -0.1128540
v 0.0583801 -1.0000000 -0.1011963
v 0.0825806 -1.0000000 -0.0826416
v 0.1011353 -1.0000000 -0.0584412
v 0.1127930 -1.0000000 -0.0302734
v 0.1167908 -1.0000000 -0.0000305
v 0.1127930 -1.0000000 0.0302124
v 0.1011353 -1.0000000 0.0583801
v -0.3165894 0.9999695 -0.0000305
v -0.3086548 0.9999695 -0.0704651
v -0.2852478 0.9999695 -0.1373901
v -0.2475281 0.9999695 -0.1973877
v -0.1973877 0.9999695 -0.2475281
v -0.1373901 0.9999695 -0.2852478
v -0.0704651 0.9999695 -0.3086548
v -0.0000305 0.9999695 -0.3165894
v 0.0704041 0.9999695 -0.3086548
v 0.1373291 0.9999695 -0.2852478
v 0.1973267 0.9999695 -0.2475281
v 0.2474670 0.9999695 -0.1973877
v 0.2851868 0.9999695 -0.1373901
v 0.3085938 0.9999695 -0.0704651
v 0.3165283 0.9999695 -0.0000305
v 0.3085938 0.9999695 0.0704041
v 0.2851868 0.9999695 0.1373291
v 0.2474670 0.9999695 0.1973267
v 0.1973267 0.9999695 0.2474670
v 0.1373291 0.9999695 0.2851868
v 0.0704041 0.9999695 0.3085938
v -0.0000305 0.9999695 0.3165283
v -0.0704651 0.9999695 0.3085938
v -0.1373901 0.9999695 0.2851868
v -0.1973877 0.9999695 0.2474670
v -0.2475281 0.9999695 0.1973267
v -0.2852478 0.9999695 0.1373291
v -0.3086548 0.9999695 0.0704041
v -0.3250122 0.9832764 -0.0741882
v -0.3333740 0.9832764 -0.0000305
v -0.3250122 0.9832764 0.0741272
v -0.3003540 0.9832764 0.1445923
v -0.2606506 0.9832764 0.2077942
v -0.2078552 0.9832764 0.2605896
v -0.1446533 0.9832764 0.3002930
v -0.0741882 0.9832764 0.3249512
v -0.0000305 0.9832764 0.3333130
v 0.0741272 0.9832764 0.3249512
v 0.1445923 0.9832764 0.3002930
v 0.2077942 0.9832764 0.2605896
v 0.2605896 0.9832764 0.2077942
v 0.3002930 0.9832764 0.1445923
v 0.3249512 0.9832764 0.0741272
v 0.3333130 0.9832764 -0.0000305
v 0.3249512 0.9832764 -0.0741882
v 0.3002930 0.9832764 -0.1446533
v 0.2605896 0.9832764 -0.2078552
v 0.2077942 0.9832764 -0.2606506
v 0.1445923 0.9832764 -0.3003540
v 0.0741272 0.9832764 -0.3250122
v -0.0000305 0.9832764 -0.3333740
v -0.0741882 0.9832764 -0.3250122
v -0.1446533 0.9832764 -0.3003540
v -0.2078552 0.9832764 -0.2606506
v -0.2606506 0.9832764 -0.2078552
v -0.3003540 0.9832764 -0.1446533
v 0.0965576 0.9832764 -0.0259094
v 0.0999756 0.9832764 -0.0000305
v 0.0965576 0.9832764 0.0258484
v 0.0865784 0.9832764 0.0499573
v 0.0706787 0.9832764 0.0706787
v 0.0499573 0.9832764 0.0865784
v 0.0258484 0.9832764 0.0965576
v -0.0000305 0.9832764 0.0999756
v -0.0259094 0.9832764 0.0965576
v -0.0500183 0.9832764 0.0865784
v -0.0707397 0.9832764 0.0706787
v -0.0866394 0.9832764 0.0499573
v -0.0966187 0.9832764 0.0258484
v -0.1000366 0.9832764 -0.0000305
v -0.0966187 0.9832764 -0.0259094
v -0.0866394 0.9832764 -0.0500183
v -0.0707397 0.9832764 -0.0707397
v -0.0500183 0.9832764 -0.0866394
v -0.0259094 0.9832764 -0.0966187
v -0.0000305 0.9832764 -0.1000366
v 0.0258484 0.9832764 -0.0966187
v 0.0499573 0.9832764 -0.0866394
v 0.0706787 0.9832764 -0.0707397
v 0.0865784 0.9832764 -0.0500183
v 0.1167908 0.9999695 -0.0000305
v 0.1127930 0.9999695 -0.0302734
v 0.1011353 0.9999695 -0.0584412
v 0.0825806 0.9999695 -0.0826416
v 0.0583801 0.9999695 -0.1011963
v 0.0302124 0.9999695 -0.1128540
v -0.0000305 0.9999695 -0.1168518
v -0.0302734 0.9999695 -0.1128540
v -0.0584412 0.9999695 -0.1011963
v -0.0826416 0.9999695 -0.0826416
v -0.1011963 0.9999695 -0.0584412
v -0.1128540 0.9999695 -0.0302734
v -0.1168518 0.9999695 -0.0000305
v -0.1128540 0.9999695 0.0302124
v -0.1011963 0.9999695 0.0583801
v -0.0826416 0.9999695 0.0825806
v -0.0584412 0.9999695 0.1011353
v -0.0302734 0.9999695 0.1127930
v -0.0000305 0.9999695 0.1167908
v 0.0302124 0.9999695 0.1127930
v 0.0583801 0.9999695 0.1011353
v 0.0825806 0.9999695 0.0825806
v 0.1011353 0.9999695 0.0583801
v 0.1127930 0.9999695 0.0302124
v -0.0575256 0.6666260 0.0331726
v -0.0641479 0.6666260 0.0171509
v -0.0664063 0.6666260 -0.0000305
v -0.0641479 0.6666260 -0.0172119
v -0.0575256 0.6666260 -0.0332336
v -0.0469666 0.6666260 -0.0469666
v -0.0332336 0.6666260 -0.0575256
v -0.0172119 0.6666260 -0.0641479
v -0.0000305 0.6666260 -0.0664063
v 0.0171509 0.6666260 -0.0641479
v 0.0331726 0.6666260 -0.0575256
v 0.0469055 0.6666260 -0.0469666
v 0.0574646 0.6666260 -0.0332336
v 0.0640869 0.6666260 -0.0172119
v 0.0663452 0.6666260 -0.0000305
v 0.0640869 0.6666260 0.0171509
v 0.0574646 0.6666260 0.0331726
v 0.0469055 0.6666260 0.0469055
v 0.0331726 0.6666260 0.0574646
v 0.0171509 0.6666260 0.0640869
v -0.0000305 0.6666260 0.0663452
v -0.0172119 0.6666260 0.0640869
v -0.0332336 0.6666260 0.0574646
v -0.0469666 0.6666260 0.0469055
v -0.0575256 -0.6666870 -0.0332336
v -0.0641479 -0.6666870 -0.0172119
v -0.0664063 -0.6666870 -0.0000305
v -0.0641479 -0.6666870 0.0171509
v -0.0575256 -0.6666870 0.0331726
v -0.0469666 -0.6666870 0.0469055
v -0.0332336 -0.6666870 0.0574646
v -0.0172119 -0.6666870 0.0640869
v -0.0000305 -0.6666870 0.0663452
v 0.0171509 -0.6666870 0.0640869
v 0.0331726 -0.6666870 0.0574646
v 0.0469055 -0.6666870 0.0469055
v 0.0574646 -0.6666870 0.0331726
v 0.0640869 -0.6666870 0.0171509
v 0.0663452 -0.6666870 -0.0000305
v 0.0640869 -0.6666870 -0.0172119
v 0.0574646 -0.6666870 -0.0332336
v 0.0469055 -0.6666870 -0.0469666
v 0.0331726 -0.6666870 -0.0575256
v 0.0171509 -0.6666870 -0.0641479
v -0.0000305 -0.6666870 -0.0664063
v -0.0172119 -0.6666870 -0.0641479
v -0.0332336 -0.6666870 -0.0575256
v -0.0469666 -0.6666870 -0.0469666
v -0.3165894 -0.0000305 -1.0000000
v -0.3086548 -0.0704651 -1.0000000
v -0.2852478 -0.1373901 -1.0000000
v -0.2475281 -0.1973877 -1.0000000
v -0.1973877 -0.2475281 -1.0000000
v -0.1373901 -0.2852478 -1.0000000
v -0.0704651 -0.3086548 -1.0000000
v -0.0000305 -0.3165894 -1.0000000
v 0.0704041 -0.3086548 -1.0000000
v 0.1373291 -0.2852478 -1.0000000
v 0.1973267 -0.2475281 -1.0000000
v 0.2474670 -0.1973877 -1.0000000
v 0.2851868 -0.1373901 -1.0000000
v 0.3085938 -0.0704651 -1.0000000
v 0.3165283 -0.0000305 -1.0000000
v 0.3085938 0.0704041 -1.0000000
v 0.2851868 0.1373291 -1.0000000
v 0.2474670 0.1973267 -1.0000000
v 0.1973267 0.2474670 -1.0000000
v 0.1373291 0.2851868 -1.0000000
v 0.0704041 0.3085938 -1.0000000
v -0.0000305 0.3165283 -1.0000000
v -0.0704651 0.3085938 -1.0000000
v -0.1373901 0.2851868 -1.0000000
v -0.1973877 0.2474670 -1.0000000
v -0.2475281 0.1973267 -1.0000000
v -0.2852478 0.1373291 -1.0000000
v -0.3086548 0.0704041 -1.0000000
v -0.3250122 -0.0741882 -0.9833374
v -0.3333740 -0.0000305 -0.9833374
v -0.3250122 0.0741272 -0.9833374
v -0.3003540 0.1445923 -0.9833374
v -0.2606506 0.2077942 -0.9833374
v -0.2078552 0.2605896 -0.9833374
v -0.1446533 0.3002930 -0.9833374
v -0.0741882 0.3249512 -0.9833374
v -0.0000305 0.3333130 -0.9833374
v 0.0741272 0.3249512 -0.9833374
v 0.1445923 0.3002930 -0.9833374
v 0.2077942 0.2605896 -0.9833374
v 0.2605896 0.2077942 -0.9833374
v 0.3002930 0.1445923 -0.9833374
v 0.3249512 0.0741272 -0.9833374
v 0.3333130 -0.0000305 -0.9833374
v 0.3249512 -0.0741882 -0.9833374
v 0.3002930 -0.1446533 -0.9833374
v 0.2605896 -0.2078552 -0.9833374
v 0.2077942 -0.2606506 -0.9833374
v 0.1445923 -0.3003540 -0.9833374
v 0.0741272 -0.3250122 -0.9833374
v -0.0000305 -0.3333740 -0.9833374
v -0.0741882 -0.3250122 -0.9833374
v -0.1446533 -0.3003540 -0.9833374
v -0.2078552 -0.2606506 -0.9833374
v -0.2606506 -0.2078552 -0.9833374
v -0.3003540 -0.1446533 -0.9833374
v 0.0499573 -0.0866394 -0.9833374
v 0.0706787 -0.0707397 -0.9833374
v 0.0865784 -0.0500183 -0.9833374
v 0.0965576 -0.0259094 -0.9833374
v 0.0999756 -0.0000305 -0.9833374
v 0.0965576 0.0258484 -0.9833374
v 0.0865784 0.0499573 -0.9833374
v 0.0706787 0.0706787 -0.9833374
v 0.0499573 0.0865784 -0.9833374
v 0.0258484 0.0965576 -0.9833374
v -0.0000305 0.0999756 -0.9833374
v -0.0259094 0.0965576 -0.9833374
v -0.0500183 0.0865784 -0.9833374
v -0.0707397 0.0706787 -0.9833374
v -0.0866394 0.0499573 -0.9833374
v -0.0966187 0.0258484 -0.9833374
v -0.1000366 -0.0000305 -0.9833374
v -0.0966187 -0.0259094 -0.9833374
v -0.0866394 -0.0500183 -0.9833374
v -0.0707397 -0.0707397 -0.9833374
v -0.0500183 -0.0866394 -0.9833374
v -0.0259094 -0.0966187 -0.9833374
v -0.0000305 -0.1000366 -0.9833374
v 0.0258484 -0.0966187 -0.9833374
v 0.0825806 -0.0826416 -1.0000000
v 0.0583801 -0.1011963 -1.0000000
v 0.0302124 -0.1128540 -1.0000000
v -0.0000305 -0.1168518 -1.0000000
v -0.0302734 -0.1128540 -1.0000000
v -0.0584412 -0.1011963 -1.0000000
v -0.0826416 -0.0826416 -1.0000000
v -0.1011963 -0.0584412 -1.0000000
v -0.1128540 -0.0302734 -1.0000000
v -0.1168518 -0.0000305 -1.0000000
v -0.1128540 0.0302124 -1.0000000
v -0.1011963 0.0583801 -1.0000000
v -0.0826416 0.0825806 -1.0000000
v -0.0584412 0.1011353 -1.0000000
v -0.0302734 0.1127930 -1.0000000
v -0.0000305 0.1167908 -1.0000000
v 0.0302124 0.1127930 -1.0000000
v 0.0583801 0.1011353 -1.0000000
v 0.0825806 0.0825806 -1.0000000
v 0.1011353 0.0583801 -1.0000000
v 0.1127930 0.0302124 -1.0000000
v 0.1167908 -0.0000305 -1.0000000
v 0.1127930 -0.0302734 -1.0000000
v 0.1011353 -0.0584412 -1.0000000
v -0.3165894 -0.0000305 0.9999695
v -0.3086548 0.0704041 0.9999695
v -0.2852478 0.1373291 0.9999695
v -0.2475281 0.1973267 0.9999695
v -0.1973877 0.2474670 0.9999695
v -0.1373901 0.2851868 0.9999695
v -0.0704651 0.3085938 0.9999695
v -0.0000305 0.3165283 0.9999695
v 0.0704041 0.3085938 0.9999695
v 0.1373291 0.2851868 0.9999695
v 0.1973267 0.2474670 0.9999695
v 0.2474670 0.1973267 0.9999695
v 0.2851868 0.1373291 0.9999695
v 0.3085938 0.0704041 0.9999695
v 0.3165283 -0.0000305 0.9999695
v 0.3085938 -0.0704651 0.9999695
v 0.2851868 -0.1373901 0.9999695
v 0.2474670 -0.1973877 0.9999695
v 0.1973267 -0.2475281 0.9999695
v 0.1373291 -0.2852478 0.9999695
v 0.0704041 -0.3086548 0.9999695
v -0.0000305 -0.3165894 0.9999695
v -0.0704651 -0.3086548 0.9999695
v -0.1373901 -0.2852478 0.9999695
v -0.1973877 -0.2475281 0.9999695
v -0.2475281 -0.1973877 0.9999695
v -0.2852478 -0.1373901 0.9999695
v -0.3086548 -0.0704651 0.9999695
v -0.3250122 0.0741272 0.9832764
v -0.3333740 -0.0000305 0.9832764
v -0.3250122 -0.0741882 0.9832764
v -0.3003540 -0.1446533 0.9832764
v -0.2606506 -0.2078552 0.9832764
v -0.2078552 -0.2606506 0.9832764
v -0.1446533 -0.3003540 0.9832764
v -0.0741882 -0.3250122 0.9832764
v -0.0000305 -0.3333740 0.9832764
v 0.0741272 -0.3250122 0.9832764
v 0.1445923 -0.3003540 0.9832764
v 0.2077942 -0.2606506 0.9832764
v 0.2605896 -0.2078552 0.9832764
v 0.3002930 -0.1446533 0.9832764
v 0.3249512 -0.0741882 0.9832764
v 0.3333130 -0.0000305 0.9832764
v 0.3249512 0.0741272 0.9832764
v 0.3002930 0.1445923 0.9832764
v 0.2605896 0.2077942 0.9832764
v 0.2077942 0.2605896 0.9832764
v 0.1445923 0.3002930 0.9832764
v 0.0741272 0.3249512 0.9832764
v -0.0000305 0.3333130 0.9832764
v -0.0741882 0.3249512 0.9832764
v -0.1446533 0.3002930 0.9832764
v -0.2078552 0.2605896 0.9832764
v -0.2606506 0.2077942 0.9832764
v -0.3003540 0.1445923 0.9832764
v 0.0965576 0.0258484 0.9832764
v 0.0999756 -0.0000305 0.9832764
v 0.0965576 -0.0259094 0.9832764
v 0.0865784 -0.0500183 0.9832764
v 0.0706787 -0.0707397 0.9832764
v 0.0499573 -0.0866394 0.9832764
v 0.0258484 -0.0966187 0.9832764
v -0.0000305 -0.1000366 0.9832764
v -0.0259094 -0.0966187 0.9832764
v -0.0500183 -0.0866394 0.9832764
v -0.0707397 -0.0707397 0.9832764
v -0.0866394 -0.0500183 0.9832764
v -0.0966187 -0.0259094 0.9832764
v -0.1000366 -0.0000305 0.9832764
v -0.0966187 0.0258484 0.9832764
v -0.0866394 0.0499573 0.9832764
v -0.0707397 0.0706787 0.9832764
v -0.0500183 0.0865784 0.9832764
v -0.0259094 0.0965576 0.9832764
v -0.0000305 0.0999756 0.9832764
v 0.0258484 0.0965576 0.9832764
v 0.0499573 0.0865784 0.9832764
v 0.0706787 0.0706787 0.9832764
v 0.0865784 0.0499573 0.9832764
v 0.1167908 -0.0000305 0.9999695
v 0.1127930 0.0302124 0.9999695
v 0.1011353 0.0583801 0.9999695
v 0.0825806 0.0825806 0.9999695
v 0.0583801 0.1011353 0.9999695
v 0.0302124 0.1127930 0.9999695
v -0.0000305 0.1167908 0.9999695
v -0.0302734 0.1127930 0.9999695
v -0.0584412 0.1011353 0.9999695
v -0.0826416 0.0825806 0.9999695
v -0.1011963 0.0583801 0.9999695
v -0.1128540 0.0302124 0.9999695
v -0.1168518 -0.0000305 0.9999695
v -0.1128540 -0.0302734 0.9999695
v -0.1011963 -0.0584412 0.9999695
v -0.0826416 -0.0826416 0.9999695
v -0.0584412 -0.1011963 0.9999695
v -0.0302734 -0.1128540 0.9999695
v -0.0000305 -0.1168518 0.9999695
v 0.0302124 -0.1128540 0.9999695
v 0.0583801 -0.1011963 0.9999695
v 0.0825806 -0.0826416 0.9999695
v 0.1011353 -0.0584412 0.9999695
v 0.1127930 -0.0302734 0.9999695
v -0.0575256 -0.0332336 0.6666260
v -0.0641479 -0.0172119 0.6666260
v -0.0664063 -0.0000305 0.6666260
v -0.0641479 0.0171509 0.6666260
v -0.0575256 0.0331726 0.6666260
v -0.0469666 0.0469055 0.6666260
v -0.0332336 0.0574646 0.6666260
v -0.0172119 0.0640869 0.6666260
v -0.0000305 0.0663452 0.6666260
v 0.0171509 0.0640869 0.6666260
v 0.0331726 0.0574646 0.6666260
v 0.0469055 0.0469055 0.6666260
v 0.0574646 0.0331726 0.6666260
v 0.0640869 0.0171509 0.6666260
v 0.0663452 -0.0000305 0.6666260
v 0.0640869 -0.0172119 0.6666260
v 0.0574646 -0.0332336 0.6666260
v 0.0469055 -0.0469666 0.6666260
v 0.0331726 -0.0575256 0.6666260
v 0.0171509 -0.0641479 0.6666260
v -0.0000305 -0.0664063 0.6666260
v -0.0172119 -0.0641479 0.6666260
v -0.0332336 -0.0575256 0.6666260
v -0.0469666 -0.0469666 0.6666260
v -0.0575256 0.0331726 -0.6666870
v -0.0641479 0.0171509 -0.6666870
v -0.0664063 -0.0000305 -0.6666870
v -0.0641479 -0.0172119 -0.6666870
v -0.0575256 -0.0332336 -0.6666870
v -0.0469666 -0.0469666 -0.6666870
v -0.0332336 -0.0575256 -0.6666870
v -0.0172119 -0.0641479 -0.6666870
v -0.0000305 -0.0664063 -0.6666870
v 0.0171509 -0.0641479 -0.6666870
v 0.0331726 -0.0575256 -0.6666870
v 0.0469055 -0.0469666 -0.6666870
v 0.0574646 -0.0332336 -0.6666870
v 0.0640869 -0.0172119 -0.6666870
v 0.0663452 -0.0000305 -0.6666870
v 0.0640869 0.0171509 -0.6666870
v 0.0574646 0.0331726 -0.6666870
v 0.0469055 0.0469055 -0.6666870
v 0.0331726 0.0574646 -0.6666870
v 0.0171509 0.0640869 -0.6666870
v -0.0000305 0.0663452 -0.6666870
v -0.0172119 0.0640869 -0.6666870
v -0.0332336 0.0574646 -0.6666870
v -0.0469666 0.0469055 -0.6666870
v 0.9999695 -0.3165894 -0.0000305
v 0.9999695 -0.3086548 0.0704041
v 0.9999695 -0.2852478 0.1373291
v 0.9999695 -0.2475281 0.1973267
v 0.9999695 -0.1973877 0.2474670
v 0.9999695 -0.1373901 0.2851868
v 0.9999695 -0.0704651 0.3085938
v 0.9999695 -0.0000305 0.3165283
v 0.9999695 0.0704041 0.3085938
v 0.9999695 0.1373291 0.2851868
v 0.9999695 0.1973267 0.2474670
v 0.9999695 0.2474670 0.1973267
v 0.9999695 0.2851868 0.1373291
v 0.9999695 0.3085938 0.0704041
v 0.9999695 0.3165283 -0.0000305
v 0.9999695 0.3085938 -0.0704651
v 0.9999695 0.2851868 -0.1373901
v 0.9999695 0.2474670 -0.1973877
v 0.9999695 0.1973267 -0.2475281
v 0.9999695 0.1373291 -0.2852478
v 0.9999695 0.0704041 -0.3086548
v 0.9999695 -0.0000305 -0.3165894
v 0.9999695 -0.0704651 -0.3086548
v 0.9999695 -0.1373901 -0.2852478
v 0.9999695 -0.1973877 -0.2475281
v 0.9999695 -0.2475281 -0.1973877
v 0.9999695 -0.2852478 -0.1373901
v 0.9999695 -0.3086548 -0.0704651
v 0.9832764 -0.3250122 0.0741272
v 0.9832764 -0.3333740 -0.0000305
v 0.9832764 -0.3250122 -0.0741882
v 0.9832764 -0.3003540 -0.1446533
v 0.9832764 -0.2606506 -0.2078552
v 0.9832764 -0.2078552 -0.2606506
v 0.9832764 -0.1446533 -0.3003540
v 0.9832764 -0.0741882 -0.3250122
v 0.9832764 -0.0000305 -0.3333740
v 0.9832764 0.0741272 -0.3250122
v 0.9832764 0.1445923 -0.3003540
v 0.9832764 0.2077942 -0.2606506
v 0.9832764 0.2605896 -0.2078552
v 0.9832764 0.3002930 -0.1446533
v 0.9832764 0.3249512 -0.0741882
v 0.9832764 0.3333130 -0.0000305
v 0.9832764 0.3249512 0.0741272
v 0.9832764 0.3002930 0.1445923
v 0.9832764 0.2605896 0.2077942
v 0.9832764 0.2077942 0.2605896
v 0.9832764 0.1445923 0.3002930
v 0.9832764 0.0741272 0.3249512
v 0.9832764 -0.0000305 0.3333130
v 0.9832764 -0.0741882 0.3249512
v 0.9832764 -0.1446533 0.3002930
v 0.9832764 -0.2078552 0.2605896
v 0.9832764 -0.2606506 0.2077942
v 0.9832764 -0.3003540 0.1445923
v 0.9832764 0.0499573 0.0865784
v 0.9832764 0.0706787 0.0706787
v 0.9832764 0.0865784 0.0499573
v 0.9832764 0.0965576 0.0258484
v 0.9832764 0.0999756 -0.0000305
v 0.9832764 0.0965576 -0.0259094
v 0.9832764 0.0865784 -0.0500183
v 0.9832764 0.0706787 -0.0707397
v 0.9832764 0.0499573 -0.0866394
v 0.9832764 0.0258484 -0.0966187
v 0.9832764 -0.0000305 -0.1000366
v 0.9832764 -0.0259094 -0.0966187
v 0.9832764 -0.0500183 -0.0866394
v 0.9832764 -0.0707397 -0.0707397
v 0.9832764 -0.0866394 -0.0500183
v 0.9832764 -0.0966187 -0.0259094
v 0.9832764 -0.1000366 -0.0000305
v 0.9832764 -0.0966187 0.0258484
v 0.9832764 -0.0866394 0.0499573
v 0.9832764 -0.0707397 0.0706787
v 0.9832764 -0.0500183 0.0865784
v 0.9832764 -0.0259094 0.0965576
v 0.9832764 -0.0000305 0.0999756
v 0.9832764 0.0258484 0.0965576
v 0.9999695 0.0825806 0.0825806
v 0.9999695 0.0583801 0.1011353
v 0.9999695 0.0302124 0.1127930
v 0.9999695 -0.0000305 0.1167908
v 0.9999695 -0.0302734 0.1127930
v 0.9999695 -0.0584412 0.1011353
v 0.9999695 -0.0826416 0.0825806
v 0.9999695 -0.1011963 0.0583801
v 0.9999695 -0.1128540 0.0302124
v 0.9999695 -0.1168518 -0.0000305
v 0.9999695 -0.1128540 -0.0302734
v 0.9999695 -0.1011963 -0.0584412
v 0.9999695 -0.0826416 -0.0826416
v 0.9999695 -0.0584412 -0.1011963
v 0.9999695 -0.0302734 -0.1128540
v 0.9999695 -0.0000305 -0.1168518
v 0.9999695 0.0302124 -0.1128540
v 0.9999695 0.0583801 -0.1011963
v 0.9999695 0.0825806 -0.0826416
v 0.9999695 0.1011353 -0.0584412
v 0.9999695 0.1127930 -0.0302734
v 0.9999695 0.1167908 -0.0000305
v 0.9999695 0.1127930 0.0302124
v 0.9999695 0.1011353 0.0583801
v -1.0000000 -0.3165894 -0.0000305
v -1.0000000 -0.3086548 -0.0704651
v -1.0000000 -0.2852478 -0.1373901
v -1.0000000 -0.2475281 -0.1973877
v -1.0000000 -0.1973877 -0.2475281
v -1.0000000 -0.1373901 -0.2852478
v -1.0000000 -0.0704651 -0.3086548
v -1.0000000 -0.0000305 -0.3165894
v -1.0000000 0.0704041 -0.3086548
v -1.0000000 0.1373291 -0.2852478
v -1.0000000 0.1973267 -0.2475281
v -1.0000000 0.2474670 -0.1973877
v -1.0000000 0.2851868 -0.1373901
v -1.0000000 0.3085938 -0.0704651
v -1.0000000 0.3165283 -0.0000305
v -1.0000000 0.3085938 0.0704041
v -1.0000000 0.2851868 0.1373291
v -1.0000000 0.2474670 0.1973267
v -1.0000000 0.1973267 0.2474670
v -1.0000000 0.1373291 0.2851868
v -1.0000000 0.0704041 0.3085938
v -1.0000000 -0.0000305 0.3165283
v -1.0000000 -0.0704651 0.3085938
v -1.0000000 -0.1373901 0.2851868
v -1.0000000 -0.1973877 0.2474670
v -1.0000000 -0.2475281 0.1973267
v -1.0000000 -0.2852478 0.1373291
v -1.0000000 -0.3086548 0.0704041
v -0.9833374 -0.3250122 -0.0741882
v -0.9833374 -0.3333740 -0.0000305
v -0.9833374 -0.3250122 0.0741272
v -0.9833374 -0.3003540 0.1445923
v -0.9833374 -0.2606506 0.2077942
v -0.9833374 -0.2078552 0.2605896
v -0.9833374 -0.1446533 0.3002930
v -0.9833374 -0.0741882 0.3249512
v -0.9833374 -0.0000305 0.3333130
v -0.9833374 0.0741272 0.3249512
v -0.9833374 0.1445923 0.3002930
v -0.9833374 0.2077942 0.2605896
v -0.9833374 0.2605896 0.2077942
v -0.9833374 0.3002930 0.1445923
v -0.9833374 0.3249512 0.0741272
v -0.9833374 0.3333130 -0.0000305
v -0.9833374 0.3249512 -0.0741882
v -0.9833374 0.3002930 -0.1446533
v -0.9833374 0.2605896 -0.2078552
v -0.9833374 0.2077942 -0.2606506
v -0.9833374 0.1445923 -0.3003540
v -0.9833374 0.0741272 -0.3250122
v -0.9833374 -0.0000305 -0.3333740
v -0.9833374 -0.0741882 -0.3250122
v -0.9833374 -0.1446533 -0.3003540
v -0.9833374 -0.2078552 -0.2606506
v -0.9833374 -0.2606506 -0.2078552
v -0.9833374 -0.3003540 -0.1446533
v -0.9833374 0.0965576 -0.0259094
v -0.9833374 0.0999756 -0.0000305
v -0.9833374 0.0965576 0.0258484
v -0.9833374 0.0865784 0.0499573
v -0.9833374 0.0706787 0.0706787
v -0.9833374 0.0499573 0.0865784
v -0.9833374 0.0258484 0.0965576
v -0.9833374 -0.0000305 0.0999756
v -0.9833374 -0.0259094 0.0965576
v -0.9833374 -0.0500183 0.0865784
v -0.9833374 -0.0707397 0.0706787
v -0.9833374 -0.0866394 0.0499573
v -0.9833374 -0.0966187 0.0258484
v -0.9833374 -0.1000366 -0.0000305
v -0.9833374 -0.0966187 -0.0259094
v -0.9833374 -0.0866394 -0.0500183
v -0.9833374 -0.0707397 -0.0707397
v -0.9833374 -0.0500183 -0.0866394
v -0.9833374 -0.0259094 -0.0966187
v -0.9833374 -0.0000305 -0.1000366
v -0.9833374 0.0258484 -0.0966187
v -0.9833374 0.0499573 -0.0866394
v -0.9833374 0.0706787 -0.0707397
v -0.9833374 0.0865784 -0.0500183
v -1.0000000 0.1167908 -0.0000305
v -1.0000000 0.1127930 -0.0302734
v -1.0000000 0.1011353 -0.0584412
v -1.0000000 0.0825806 -0.0826416
v -1.0000000 0.0583801 -0.1011963
v -1.0000000 0.0302124 -0.1128540
v -1.0000000 -0.0000305 -0.1168518
v -1.0000000 -0.0302734 -0.1128540
v -1.0000000 -0.0584412 -0.1011963
v -1.0000000 -0.0826416 -0.0826416
v -1.0000000 -0.1011963 -0.0584412
v -1.0000000 -0.1128540 -0.0302734
v -1.0000000 -0.1168518 -0.0000305
v -1.0000000 -0.1128540 0.0302124
v -1.0000000 -0.1011963 0.0583801
v -1.0000000 -0.0826416 0.0825806
v -1.0000000 -0.0584412 0.1011353
v -1.0000000 -0.0302734 0.1127930
v -1.0000000 -0.0000305 0.1167908
v -1.0000000 0.0302124 0.1127930
v -1.0000000 0.0583801 0.1011353
v -1.0000000 0.0825806 0.0825806
v -1.0000000 0.1011353 0.0583801
v -1.0000000 0.1127930 0.0302124
v -0.6666870 -0.0575256 0.0331726
v -0.6666870 -0.0641479 0.0171509
v -0.6666870 -0.0664063 -0.0000305
v -0.6666870 -0.0641479 -0.0172119
v -0.6666870 -0.0575256 -0.0332336
v -0.6666870 -0.0469666 -0.0469666
v -0.6666870 -0.0332336 -0.0575256
v -0.6666870 -0.0172119 -0.0641479
v -0.6666870 -0.0000305 -0.0664063
v -0.6666870 0.0171509 -0.0641479
v -0.6666870 0.0331726 -0.0575256
v -0.6666870 0.0469055 -0.0469666
v -0.6666870 0.0574646 -0.0332336
v -0.6666870 0.0640869 -0.0172119
v -0.6666870 0.0663452 -0.0000305
v -0.6666870 0.0640869 0.0171509
v -0.6666870 0.0574646 0.0331726
v -0.6666870 0.0469055 0.0469055
v -0.6666870 0.0331726 0.0574646
v -0.6666870 0.0171509 0.0640869
v -0.6666870 -0.0000305 0.0663452
v -0.6666870 -0.0172119 0.0640869
v -0.6666870 -0.0332336 0.0574646
v -0.6666870 -0.0469666 0.0469055
v 0.6666260 -0.0575256 -0.0332336
v 0.6666260 -0.0641479 -0.0172119
v 0.6666260 -0.0664063 -0.0000305
v 0.6666260 -0.0641479 0.0171509
v 0.6666260 -0.0575256 0.0331726
v 0.6666260 -0.0469666 0.0469055
v 0.6666260 -0.0332336 0.0574646
v 0.6666260 -0.0172119 0.0640869
v 0.6666260 -0.0000305 0.0663452
v 0.6666260 0.0171509 0.0640869
v 0.6666260 0.0331726 0.0574646
v 0.6666260 0.0469055 0.0469055
v 0.6666260 0.0574646 0.0331726
v 0.6666260 0.0640869 0.0171509
v 0.6666260 0.0663452 -0.0000305
v 0.6666260 0.0640869 -0.0172119
v 0.6666260 0.0574646 -0.0332336
v 0.6666260 0.0469055 -0.0469666
v 0.6666260 0.0331726 -0.0575256
v 0.6666260 0.0171509 -0.0641479
v 0.6666260 -0.0000305 -0.0664063
v 0.6666260 -0.0172119 -0.0641479
v 0.6666260 -0.0332336 -0.0575256
v 0.6666260 -0.0469666 -0.0469666
v 0.2168579 -0.3540344 -0.2464600
v 0.1445923 -0.3364563 -0.3003540
v 0.0741272 -0.3611145 -0.3250122
v -0.0000305 -0.3694763 -0.3333740
v -0.0741882 -0.3611145 -0.3250122
v -0.1446533 -0.3364563 -0.3003540
v -0.2056885 -0.3406372 -0.2568054
v -0.2317505 -0.3046265 -0.2364807
v -0.2464600 -0.3540344 -0.2169189
v -0.3003540 -0.3364563 -0.1446533
v -0.3250122 -0.3611145 -0.0741882
v -0.3333740 -0.3694763 -0.0000305
v -0.3250122 -0.3611145 0.0741272
v -0.3003540 -0.3364563 0.1445923
v -0.2568054 -0.3406372 0.2056274
v -0.2364807 -0.3046265 0.2316589
v -0.2169189 -0.3540344 0.2463989
v -0.1446533 -0.3364563 0.3002930
v -0.0741882 -0.3611145 0.3249512
v -0.0000305 -0.3694763 0.3333130
v 0.0741272 -0.3611145 0.3249512
v 0.1445923 -0.3364563 0.3002930
v 0.2056274 -0.3406372 0.2567139
v 0.2316895 -0.3046265 0.2364197
v 0.2463989 -0.3540344 0.2168579
v 0.3002930 -0.3364563 0.1445923
v 0.3249512 -0.3611145 0.0741272
v 0.3333130 -0.3694763 -0.0000305
v 0.3249512 -0.3611145 -0.0741882
v 0.3002930 -0.3364563 -0.1446533
v 0.2567444 -0.3406372 -0.2056885
v 0.2364197 -0.3046265 -0.2317200
v 0.1445923 -0.3003540 -0.3365479
v 0.2056274 -0.2567749 -0.3406982
v 0.2316895 -0.2364807 -0.3046875
v 0.2463989 -0.2169189 -0.3540649
v 0.3002930 -0.1446533 -0.3365479
v 0.3249512 -0.0741882 -0.3612061
v 0.3333130 -0.0000305 -0.3695679
v 0.3249512 0.0741272 -0.3612061
v 0.3002930 0.1445923 -0.3365479
v 0.2567444 0.2056274 -0.3406982
v 0.2364197 0.2316895 -0.3046875
v 0.2168579 0.2463989 -0.3540649
v 0.1445923 0.3002930 -0.3365479
v 0.0741272 0.3249512 -0.3612061
v -0.0000305 0.3333130 -0.3695679
v -0.0741882 0.3249512 -0.3612061
v -0.1446533 0.3002930 -0.3365479
v -0.2169189 0.2463989 -0.3540649
v -0.2364807 0.2316895 -0.3046875
v -0.2568054 0.2056274 -0.3406982
v -0.3003540 0.1445923 -0.3365479
v -0.3250122 0.0741272 -0.3612061
v -0.3333740 -0.0000305 -0.3695679
v -0.3250122 -0.0741882 -0.3612061
v -0.3003540 -0.1446533 -0.3365479
v -0.2568054 -0.2056885 -0.3406982
v -0.2364807 -0.2317200 -0.3046875
v -0.2169189 -0.2464294 -0.3540649
v -0.1446533 -0.3003540 -0.3365479
v -0.0741882 -0.3250122 -0.3612061
v -0.0000305 -0.3333740 -0.3695679
v 0.0741272 -0.3250122 -0.3612061
v -0.3541565 -0.2464600 -0.2169189
v -0.3048096 -0.2317200 -0.2364807
v -0.3407898 -0.2056885 -0.2567749
v -0.3367310 -0.1446533 -0.3003540
v -0.3613892 -0.0741882 -0.3250122
v -0.3697510 -0.0000305 -0.3333740
v -0.3613892 0.0741272 -0.3250122
v -0.3367310 0.1445923 -0.3003540
v -0.3541565 0.2168579 -0.2464600
v -0.3048096 0.2364502 -0.2317200
v -0.3407898 0.2567444 -0.2056885
v -0.3367310 0.3002930 -0.1446533
v -0.3613892 0.3249512 -0.0741882
v -0.3697510 0.3333130 -0.0000305
v -0.3613892 0.3249512 0.0741272
v -0.3367310 0.3002930 0.1445923
v -0.3541565 0.2463989 0.2168579
v -0.3048096 0.2316895 0.2364197
v -0.3407898 0.2056274 0.2567139
v -0.3367310 0.1445923 0.3002930
v -0.3613892 0.0741272 0.3249512
v -0.3697510 -0.0000305 0.3333130
v -0.3613892 -0.0741882 0.3249512
v -0.3367310 -0.1446533 0.3002930
v -0.3541565 -0.2169189 0.2463684
v -0.3048096 -0.2364807 0.2316589
v -0.3407898 -0.2567749 0.2056274
v -0.3367310 -0.3003540 0.1445923
v -0.3613892 -0.3250122 0.0741272
v -0.3697510 -0.3333740 -0.0000305
v -0.3613892 -0.3250122 -0.0741882
v -0.3367310 -0.3003540 -0.1446533
v -0.2169189 -0.2464600 0.3539429
v -0.2364807 -0.2317200 0.3045654
v -0.2568054 -0.2056885 0.3405762
v -0.3003540 -0.1446533 0.3363647
v -0.3250122 -0.0741882 0.3610229
v -0.3333740 -0.0000305 0.3693848
v -0.3250122 0.0741272 0.3610229
v -0.3003540 0.1445923 0.3363647
v -0.2568054 0.2056274 0.3405762
v -0.2364807 0.2316895 0.3045654
v -0.2169189 0.2463989 0.3539429
v -0.1446533 0.3002930 0.3363647
v -0.0741882 0.3249512 0.3610229
v -0.0000305 0.3333130 0.3693848
v 0.0741272 0.3249512 0.3610229
v 0.1445923 0.3002930 0.3363647
v 0.2168579 0.2463989 0.3539429
v 0.2364197 0.2316895 0.3045654
v 0.2567139 0.2056274 0.3405762
v 0.3002930 0.1445923 0.3363647
v 0.3249512 0.0741272 0.3610229
v 0.3333130 -0.0000305 0.3693848
v 0.3249512 -0.0741882 0.3610229
v 0.3002930 -0.1446533 0.3363647
v 0.2463989 -0.2169189 0.3539429
v 0.2316895 -0.2364807 0.3045654
v 0.2056274 -0.2567749 0.3405762
v 0.1445923 -0.3003540 0.3363647
v 0.0741272 -0.3250122 0.3610229
v -0.0000305 -0.3333740 0.3693848
v -0.0741882 -0.3250122 0.3610229
v -0.1446533 -0.3003540 0.3363647
v 0.3406982 -0.2567749 0.2056274
v 0.3047180 -0.2364807 0.2316589
v 0.3540649 -0.2169189 0.2463989
v 0.3366089 -0.1446533 0.3002930
v 0.3612671 -0.0741882 0.3249512
v 0.3696289 -0.0000305 0.3333130
v 0.3612671 0.0741272 0.3249512
v 0.3366089 0.1445923 0.3002930
v 0.3406982 0.2056274 0.2567139
v 0.3047180 0.2316895 0.2364197
v 0.3540649 0.2463989 0.2168579
v 0.3366089 0.3002930 0.1445923
v 0.3612671 0.3249512 0.0741272
v 0.3696289 0.3333130 -0.0000305
v 0.3612671 0.3249512 -0.0741882
v 0.3366089 0.3002930 -0.1446533
v 0.3406982 0.2567444 -0.2056885
v 0.3047180 0.2364502 -0.2317200
v 0.3540649 0.2168579 -0.2464600
v 0.3366089 0.1445923 -0.3003540
v 0.3612671 0.0741272 -0.3250122
v 0.3696289 -0.0000305 -0.3333740
v 0.3612671 -0.0741882 -0.3250122
v 0.3366089 -0.1446533 -0.3003540
v 0.3406982 -0.2056885 -0.2568054
v 0.3047180 -0.2317200 -0.2364807
v 0.3540649 -0.2464294 -0.2169189
v 0.3366089 -0.3003540 -0.1446533
v 0.3612671 -0.3250122 -0.0741882
v 0.3696289 -0.3333740 -0.0000305
v 0.3612671 -0.3250122 0.0741272
v 0.3366089 -0.3003540 0.1445923
v 0.3249512 0.3614502 -0.0741882
v 0.3333130 0.3698120 -0.0000305
v 0.3249512 0.3614502 0.0741272
v 0.3002930 0.3367920 0.1445923
v 0.2463989 0.3541565 0.2168579
v 0.2316895 0.3048096 0.2364197
v 0.2056274 0.3408203 0.2567139
v 0.1445923 0.3367920 0.3002930
v 0.0741272 0.3614502 0.3249512
v -0.0000305 0.3698120 0.3333130
v -0.0741882 0.3614502 0.3249512
v -0.1446533 0.3367920 0.3002930
v -0.2169189 0.3541565 0.2463989
v -0.2364807 0.3048096 0.2316589
v -0.2568054 0.3408203 0.2056274
v -0.3003540 0.3367920 0.1445923
v -0.3250122 0.3614502 0.0741272
v -0.3333740 0.3698120 -0.0000305
v -0.3250122 0.3614502 -0.0741882
v -0.3003540 0.3367920 -0.1446533
v -0.2464600 0.3541565 -0.2169189
v -0.2317505 0.3048096 -0.2364807
v -0.2056885 0.3408203 -0.2568054
v -0.1446533 0.3367920 -0.3003540
v -0.0741882 0.3614502 -0.3250122
v -0.0000305 0.3698120 -0.3333740
v 0.0741272 0.3614502 -0.3250122
v 0.1445923 0.3367920 -0.3003540
v 0.2168579 0.3541565 -0.2464600
v 0.2364197 0.3048096 -0.2317200
v 0.2567444 0.3408203 -0.2056885
v 0.3002930 0.3367920 -0.1446533
v -0.3146667 -0.9988403 0.0717773
v -0.2908020 -0.9988403 0.1399841
v -0.2523499 -0.9988403 0.2012024
v -0.2012634 -0.9988403 0.2522888
v -0.1400452 -0.9988403 0.2907410
v -0.0718384 -0.9988403 0.3146057
v -0.0000305 -0.9988403 0.3226929
v 0.0717773 -0.9988403 0.3146057
v 0.1399841 -0.9988403 0.2907410
v 0.2012024 -0.9988403 0.2522888
v 0.2522888 -0.9988403 0.2012024
v 0.2907410 -0.9988403 0.1399841
v 0.3146057 -0.9988403 0.0717773
v 0.3226929 -0.9988403 -0.0000305
v 0.3146057 -0.9988403 -0.0718384
v 0.2907410 -0.9988403 -0.1400452
v 0.2522888 -0.9988403 -0.2012634
v 0.2012024 -0.9988403 -0.2523499
v 0.1399841 -0.9988403 -0.2908020
v 0.0717773 -0.9988403 -0.3146667
v -0.0000305 -0.9988403 -0.3227539
v -0.0718384 -0.9988403 -0.3146667
v -0.1400452 -0.9988403 -0.2908020
v -0.2012634 -0.9988403 -0.2523499
v -0.2523499 -0.9988403 -0.2012634
v -0.2908020 -0.9988403 -0.1400452
v -0.3146667 -0.9988403 -0.0718384
v -0.3227539 -0.9988403 -0.0000305
v -0.3321838 -0.9894714 -0.0000305
v -0.3238525 -0.9894714 -0.0739441
v -0.2992859 -0.9894714 -0.1441345
v -0.2597046 -0.9894714 -0.2071228
v -0.2071228 -0.9894714 -0.2597046
v -0.1441345 -0.9894714 -0.2992859
v -0.0739441 -0.9894714 -0.3238525
v -0.0000305 -0.9894714 -0.3321838
v 0.0738831 -0.9894714 -0.3238525
v 0.1440735 -0.9894714 -0.2992859
v 0.2070618 -0.9894714 -0.2597046
v 0.2596436 -0.9894714 -0.2071228
v 0.2992249 -0.9894714 -0.1441345
v 0.3237915 -0.9894714 -0.0739441
v 0.3321228 -0.9894714 -0.0000305
v 0.3237915 -0.9894714 0.0738831
v 0.2992249 -0.9894714 0.1440735
v 0.2596436 -0.9894714 0.2070618
v 0.2070618 -0.9894714 0.2596436
v 0.1440735 -0.9894714 0.2992249
v 0.0738831 -0.9894714 0.3237915
v -0.0000305 -0.9894714 0.3321228
v -0.0739441 -0.9894714 0.3237915
v -0.1441345 -0.9894714 0.2992249
v -0.2071228 -0.9894714 0.2596436
v -0.2597046 -0.9894714 0.2070618
v -0.2992859 -0.9894714 0.1440735
v -0.3238525 -0.9894714 0.0738831
v 0.0715027 -0.9894714 0.0715027
v 0.0875854 -0.9894714 0.0505676
v 0.0976868 -0.9894714 0.0261536
v 0.1011353 -0.9894714 -0.0000305
v 0.0976868 -0.9894714 -0.0262146
v 0.0875854 -0.9894714 -0.0506287
v 0.0715027 -0.9894714 -0.0715637
v 0.0505676 -0.9894714 -0.0876465
v 0.0261536 -0.9894714 -0.0977478
v -0.0000305 -0.9894714 -0.1011963
v -0.0262146 -0.9894714 -0.0977478
v -0.0506287 -0.9894714 -0.0876465
v -0.0715637 -0.9894714 -0.0715637
v -0.0876465 -0.9894714 -0.0506287
v -0.0977478 -0.9894714 -0.0262146
v -0.1011963 -0.9894714 -0.0000305
v -0.0977478 -0.9894714 0.0261536
v -0.0876465 -0.9894714 0.0505676
v -0.0715637 -0.9894714 0.0715027
v -0.0506287 -0.9894714 0.0875854
v -0.0262146 -0.9894714 0.0976868
v -0.0000305 -0.9894714 0.1011353
v 0.0261536 -0.9894714 0.0976868
v 0.0505676 -0.9894714 0.0875854
v 0.0552673 -0.9988403 0.0957642
v 0.0285950 -0.9988403 0.1068115
v -0.0000305 -0.9988403 0.1105957
v -0.0286560 -0.9988403 0.1068115
v -0.0553284 -0.9988403 0.0957642
v -0.0782471 -0.9988403 0.0781860
v -0.0958252 -0.9988403 0.0552673
v -0.1068726 -0.9988403 0.0285950
v -0.1106567 -0.9988403 -0.0000305
v -0.1068726 -0.9988403 -0.0286560
v -0.0958252 -0.9988403 -0.0553284
v -0.0782471 -0.9988403 -0.0782471
v -0.0553284 -0.9988403 -0.0958252
v -0.0286560 -0.9988403 -0.1068726
v -0.0000305 -0.9988403 -0.1106567
v 0.0285950 -0.9988403 -0.1068726
v 0.0552673 -0.9988403 -0.0958252
v 0.0781860 -0.9988403 -0.0782471
v 0.0957642 -0.9988403 -0.0553284
v 0.1068115 -0.9988403 -0.0286560
v 0.1105957 -0.9988403 -0.0000305
v 0.1068115 -0.9988403 0.0285950
v 0.0957642 -0.9988403 0.0552673
v 0.0781860 -0.9988403 0.0781860
v -0.3146667 0.9987793 -0.0718384
v -0.2908020 0.9987793 -0.1400452
v -0.2523499 0.9987793 -0.2012634
v -0.2012634 0.9987793 -0.2523499
v -0.1400452 0.9987793 -0.2908020
v -0.0718384 0.9987793 -0.3146667
v -0.0000305 0.9987793 -0.3227539
v 0.0717773 0.9987793 -0.3146667
v 0.1399841 0.9987793 -0.2908020
v 0.2012024 0.9987793 -0.2523499
v 0.2522888 0.9987793 -0.2012634
v 0.2907410 0.9987793 -0.1400452
v 0.3146057 0.9987793 -0.0718384
v 0.3226929 0.9987793 -0.0000305
v 0.3146057 0.9987793 0.0717773
v 0.2907410 0.9987793 0.1399841
v 0.2522888 0.9987793 0.2012024
v 0.2012024 0.9987793 0.2522888
v 0.1399841 0.9987793 0.2907410
v 0.0717773 0.9987793 0.3146057
v -0.0000305 0.9987793 0.3226929
v -0.0718384 0.9987793 0.3146057
v -0.1400452 0.9987793 0.2907410
v -0.2012634 0.9987793 0.2522888
v -0.2523499 0.9987793 0.2012024
v -0.2908020 0.9987793 0.1399841
v -0.3146667 0.9987793 0.0717773
v -0.3227539 0.9987793 -0.0000305
v -0.3321838 0.9894104 -0.0000305
v -0.3238525 0.9894104 0.0738831
v -0.2992859 0.9894104 0.1440735
v -0.2597046 0.9894104 0.2070618
v -0.2071228 0.9894104 0.2596436
v -0.1441345 0.9894104 0.2992249
v -0.0739441 0.9894104 0.3237915
v -0.0000305 0.9894104 0.3321228
v 0.0738831 0.9894104 0.3237915
v 0.1440735 0.9894104 0.2992249
v 0.2070618 0.9894104 0.2596436
v 0.2596436 0.9894104 0.2070618
v 0.2992249 0.9894104 0.1440735
v 0.3237915 0.9894104 0.0738831
v 0.3321228 0.9894104 -0.0000305
v 0.3237915 0.9894104 -0.0739441
v 0.2992249 0.9894104 -0.1441345
v 0.2596436 0.9894104 -0.2071228
v 0.2070618 0.9894104 -0.2597046
v 0.1440735 0.9894104 -0.2992859
v 0.0738831 0.9894104 -0.3238525
v -0.0000305 0.9894104 -0.3321838
v -0.0739441 0.9894104 -0.3238525
v -0.1441345 0.9894104 -0.2992859
v -0.2071228 0.9894104 -0.2597046
v -0.2597046 0.9894104 -0.2071228
v -0.2992859 0.9894104 -0.1441345
v -0.3238525 0.9894104 -0.0739441
v 0.1011353 0.9894104 -0.0000305
v 0.0976868 0.9894104 0.0261536
v 0.0875854 0.9894104 0.0505676
v 0.0715027 0.9894104 0.0715027
v 0.0505676 0.9894104 0.0875854
v 0.0261536 0.9894104 0.0976868
v -0.0000305 0.9894104 0.1011353
v -0.0262146 0.9894104 0.0976868
v -0.0506287 0.9894104 0.0875854
v -0.0715637 0.9894104 0.0715027
v -0.0876465 0.9894104 0.0505676
v -0.0977478 0.9894104 0.0261536
v -0.1011963 0.9894104 -0.0000305
v -0.0977478 0.9894104 -0.0262146
v -0.0876465 0.9894104 -0.0506287
v -0.0715637 0.9894104 -0.0715637
v -0.0506287 0.9894104 -0.0876465
v -0.0262146 0.9894104 -0.0977478
v -0.0000305 0.9894104 -0.1011963
v 0.0261536 0.9894104 -0.0977478
v 0.0505676 0.9894104 -0.0876465
v 0.0715027 0.9894104 -0.0715637
v 0.0875854 0.9894104 -0.0506287
v 0.0976868 0.9894104 -0.0262146
v 0.1068115 0.9987793 -0.0286560
v 0.0957642 0.9987793 -0.0553284
v 0.0781860 0.9987793 -0.0782471
v 0.0552673 0.9987793 -0.0958252
v 0.0285950 0.9987793 -0.1068726
v -0.0000305 0.9987793 -0.1106567
v -0.0286560 0.9987793 -0.1068726
v -0.0553284 0.9987793 -0.0958252
v -0.0782471 0.9987793 -0.0782471
v -0.0958252 0.9987793 -0.0553284
v -0.1068726 0.9987793 -0.0286560
v -0.1106567 0.9987793 -0.0000305
v -0.1068726 0.9987793 0.0285950
v -0.0958252 0.9987793 0.0552673
v -0.0782471 0.9987793 0.0781860
v -0.0553284 0.9987793 0.0957642
v -0.0286560 0.9987793 0.1068115
v -0.0000305 0.9987793 0.1105957
v 0.0285950 0.9987793 0.1068115
v 0.0552673 0.9987793 0.0957642
v 0.0781860 0.9987793 0.0781860
v 0.0957642 0.9987793 0.0552673
v 0.1068115 0.9987793 0.0285950
v 0.1105957 0.9987793 -0.0000305
v -0.0761108 0.6689758 0.0203552
v -0.0787964 0.6689758 -0.0000305
v -0.0761108 0.6689758 -0.0204163
v -0.0682373 0.6689758 -0.0393982
v -0.0557251 0.6689758 -0.0557251
v -0.0393982 0.6689758 -0.0682373
v -0.0204163 0.6689758 -0.0761108
v -0.0000305 0.6689758 -0.0787964
v 0.0203552 0.6689758 -0.0761108
v 0.0393372 0.6689758 -0.0682373
v 0.0556641 0.6689758 -0.0557251
v 0.0681763 0.6689758 -0.0393982
v 0.0760498 0.6689758 -0.0204163
v 0.0787354 0.6689758 -0.0000305
v 0.0760498 0.6689758 0.0203552
v 0.0681763 0.6689758 0.0393372
v 0.0556641 0.6689758 0.0556641
v 0.0393372 0.6689758 0.0681763
v 0.0203552 0.6689758 0.0760498
v -0.0000305 0.6689758 0.0787354
v -0.0204163 0.6689758 0.0760498
v -0.0393982 0.6689758 0.0681763
v -0.0557251 0.6689758 0.0556641
v -0.0682373 0.6689758 0.0393372
v -0.0845947 0.6876831 0.0487976
v -0.0690613 0.6876831 0.0690002
v -0.0488586 0.6876831 0.0845337
v -0.0252991 0.6876831 0.0942688
v -0.0000305 0.6876831 0.0975952
v 0.0252380 0.6876831 0.0942688
v 0.0487976 0.6876831 0.0845337
v 0.0690002 0.6876831 0.0690002
v 0.0845337 0.6876831 0.0487976
v 0.0942688 0.6876831 0.0252380
v 0.0975952 0.6876831 -0.0000305
v 0.0942688 0.6876831 -0.0252991
v 0.0845337 0.6876831 -0.0488586
v 0.0690002 0.6876831 -0.0690613
v 0.0487976 0.6876831 -0.0845947
v 0.0252380 0.6876831 -0.0943298
v -0.0000305 0.6876831 -0.0976563
v -0.0252991 0.6876831 -0.0943298
v -0.0488586 0.6876831 -0.0845947
v -0.0690613 0.6876831 -0.0690613
v -0.0845947 0.6876831 -0.0488586
v -0.0943298 0.6876831 -0.0252991
v -0.0976563 0.6876831 -0.0000305
v -0.0943298 0.6876831 0.0252380
v -0.0761108 -0.6690369 -0.0204163
v -0.0787964 -0.6690369 -0.0000305
v -0.0761108 -0.6690369 0.0203552
v -0.0682373 -0.6690369 0.0393372
v -0.0557251 -0.6690369 0.0556641
v -0.0393982 -0.6690369 0.0681763
v -0.0204163 -0.6690369 0.0760498
v -0.0000305 -0.6690369 0.0787354
v 0.0203552 -0.6690369 0.0760498
v 0.0393372 -0.6690369 0.0681763
v 0.0556641 -0.6690369 0.0556641
v 0.0681763 -0.6690369 0.0393372
v 0.0760498 -0.6690369 0.0203552
v 0.0787354 -0.6690369 -0.0000305
v 0.0760498 -0.6690369 -0.0204163
v 0.0681763 -0.6690369 -0.0393982
v 0.0556641 -0.6690369 -0.0557251
v 0.0393372 -0.6690369 -0.0682373
v 0.0203552 -0.6690369 -0.0761108
v -0.0000305 -0.6690369 -0.0787964
v -0.0204163 -0.6690369 -0.0761108
v -0.0393982 -0.6690369 -0.0682373
v -0.0557251 -0.6690369 -0.0557251
v -0.0682373 -0.6690369 -0.0393982
v -0.0845947 -0.6877441 -0.0488586
v -0.0690613 -0.6877441 -0.0690613
v -0.0488586 -0.6877441 -0.0845947
v -0.0252991 -0.6877441 -0.0943298
v -0.0000305 -0.6877441 -0.0976563
v 0.0252380 -0.6877441 -0.0943298
v 0.0487976 -0.6877441 -0.0845947
v 0.0690002 -0.6877441 -0.0690613
v 0.0845337 -0.6877441 -0.0488586
v 0.0942688 -0.6877441 -0.0252991
v 0.0975952 -0.6877441 -0.0000305
v 0.0942688 -0.6877441 0.0252380
v 0.0845337 -0.6877441 0.0487976
v 0.0690002 -0.6877441 0.0690002
v 0.0487976 -0.6877441 0.0845337
v 0.0252380 -0.6877441 0.0942688
v -0.0000305 -0.6877441 0.0975952
v -0.0252991 -0.6877441 0.0942688
v -0.0488586 -0.6877441 0.0845337
v -0.0690613 -0.6877441 0.0690002
v -0.0845947 -0.6877441 0.0487976
v -0.0943298 -0.6877441 0.0252380
v -0.0976563 -0.6877441 -0.0000305
v -0.0943298 -0.6877441 -0.0252991
v -0.3146667 -0.0718384 -0.9988403
v -0.2908020 -0.1400452 -0.9988403
v -0.2523499 -0.2012634 -0.9988403
v -0.2012634 -0.2523499 -0.9988403
v -0.1400452 -0.2908020 -0.9988403
v -0.0718384 -0.3146667 -0.9988403
v -0.0000305 -0.3227539 -0.9988403
v 0.0717773 -0.3146667 -0.9988403
v 0.1399841 -0.2908020 -0.9988403
v 0.2012024 -0.2523499 -0.9988403
v 0.2522888 -0.2012634 -0.9988403
v 0.2907410 -0.1400452 -0.9988403
v 0.3146057 -0.0718384 -0.9988403
v 0.3226929 -0.0000305 -0.9988403
v 0.3146057 0.0717773 -0.9988403
v 0.2907410 0.1399841 -0.9988403
v 0.2522888 0.2012024 -0.9988403
v 0.2012024 0.2522888 -0.9988403
v 0.1399841 0.2907410 -0.9988403
v 0.0717773 0.3146057 -0.9988403
v -0.0000305 0.3226929 -0.9988403
v -0.0718384 0.3146057 -0.9988403
v -0.1400452 0.2907410 -0.9988403
v -0.2012634 0.2522888 -0.9988403
v -0.2523499 0.2012024 -0.9988403
v -0.2908020 0.1399841 -0.9988403
v -0.3146667 0.0717773 -0.9988403
v -0.3227539 -0.0000305 -0.9988403
v -0.3321838 -0.0000305 -0.9894714
v -0.3238525 0.0738831 -0.9894714
v -0.2992859 0.1440735 -0.9894714
v -0.2597046 0.2070618 -0.9894714
v -0.2071228 0.2596436 -0.9894714
v -0.1441345 0.2992249 -0.9894714
v -0.0739441 0.3237915 -0.9894714
v -0.0000305 0.3321228 -0.9894714
v 0.0738831 0.3237915 -0.9894714
v 0.1440735 0.2992249 -0.9894714
v 0.2070618 0.2596436 -0.9894714
v 0.2596436 0.2070618 -0.9894714
v 0.2992249 0.1440735 -0.9894714
v 0.3237915 0.0738831 -0.9894714
v 0.3321228 -0.0000305 -0.9894714
v 0.3237915 -0.0739441 -0.9894714
v 0.2992249 -0.1441345 -0.9894714
v 0.2596436 -0.2071228 -0.9894714
v 0.2070618 -0.2597046 -0.9894714
v 0.1440735 -0.2992859 -0.9894714
v 0.0738831 -0.3238525 -0.9894714
v -0.0000305 -0.3321838 -0.9894714
v -0.0739441 -0.3238525 -0.9894714
v -0.1441345 -0.2992859 -0.9894714
v -0.2071228 -0.2597046 -0.9894714
v -0.2597046 -0.2071228 -0.9894714
v -0.2992859 -0.1441345 -0.9894714
v -0.3238525 -0.0739441 -0.9894714
v 0.0715027 -0.0715637 -0.9894714
v 0.0875854 -0.0506287 -0.9894714
v 0.0976868 -0.0262146 -0.9894714
v 0.1011353 -0.0000305 -0.9894714
v 0.0976868 0.0261536 -0.9894714
v 0.0875854 0.0505676 -0.9894714
v 0.0715027 0.0715027 -0.9894714
v 0.0505676 0.0875854 -0.9894714
v 0.0261536 0.0976868 -0.9894714
v -0.0000305 0.1011353 -0.9894714
v -0.0262146 0.0976868 -0.9894714
v -0.0506287 0.0875854 -0.9894714
v -0.0715637 0.0715027 -0.9894714
v -0.0876465 0.0505676 -0.9894714
v -0.0977478 0.0261536 -0.9894714
v -0.1011963 -0.0000305 -0.9894714
v -0.0977478 -0.0262146 -0.9894714
v -0.0876465 -0.0506287 -0.9894714
v -0.0715637 -0.0715637 -0.9894714
v -0.0506287 -0.0876465 -0.9894714
v -0.0262146 -0.0977478 -0.9894714
v -0.0000305 -0.1011963 -0.9894714
v 0.0261536 -0.0977478 -0.9894714
v 0.0505676 -0.0876465 -0.9894714
v 0.0552673 -0.0958252 -0.9988403
v 0.0285950 -0.1068726 -0.9988403
v -0.0000305 -0.1106567 -0.9988403
v -0.0286560 -0.1068726 -0.9988403
v -0.0553284 -0.0958252 -0.9988403
v -0.0782471 -0.0782471 -0.9988403
v -0.0958252 -0.0553284 -0.9988403
v -0.1068726 -0.0286560 -0.9988403
v -0.1106567 -0.0000305 -0.9988403
v -0.1068726 0.0285950 -0.9988403
v -0.0958252 0.0552673 -0.9988403
v -0.0782471 0.0781860 -0.9988403
v -0.0553284 0.0957642 -0.9988403
v -0.0286560 0.1068115 -0.9988403
v -0.0000305 0.1105957 -0.9988403
v 0.0285950 0.1068115 -0.9988403
v 0.0552673 0.0957642 -0.9988403
v 0.0781860 0.0781860 -0.9988403
v 0.0957642 0.0552673 -0.9988403
v 0.1068115 0.0285950 -0.9988403
v 0.1105957 -0.0000305 -0.9988403
v 0.1068115 -0.0286560 -0.9988403
v 0.0957642 -0.0553284 -0.9988403
v 0.0781860 -0.0782471 -0.9988403
v -0.3146667 0.0717773 0.9987793
v -0.2908020 0.1399841 0.9987793
v -0.2523499 0.2012024 0.9987793
v -0.2012634 0.2522888 0.9987793
v -0.1400452 0.2907410 0.9987793
v -0.0718384 0.3146057 0.9987793
v -0.0000305 0.3226929 0.9987793
v 0.0717773 0.3146057 0.9987793
v 0.1399841 0.2907410 0.9987793
v 0.2012024 0.2522888 0.9987793
v 0.2522888 0.2012024 0.9987793
v 0.2907410 0.1399841 0.9987793
v 0.3146057 0.0717773 0.9987793
v 0.3226929 -0.0000305 0.9987793
v 0.3146057 -0.0718384 0.9987793
v 0.2907410 -0.1400452 0.9987793
v 0.2522888 -0.2012634 0.9987793
v 0.2012024 -0.2523499 0.9987793
v 0.1399841 -0.2908020 0.9987793
v 0.0717773 -0.3146667 0.9987793
v -0.0000305 -0.3227539 0.9987793
v -0.0718384 -0.3146667 0.9987793
v -0.1400452 -0.2908020 0.9987793
v -0.2012634 -0.2523499 0.9987793
v -0.2523499 -0.2012634 0.9987793
v -0.2908020 -0.1400452 0.9987793
v -0.3146667 -0.0718384 0.9987793
v -0.3227539 -0.0000305 0.9987793
v -0.3321838 -0.0000305 0.9894104
v -0.3238525 -0.0739441 0.9894104
v -0.2992859 -0.1441345 0.9894104
v -0.2597046 -0.2071228 0.9894104
v -0.2071228 -0.2597046 0.9894104
v -0.1441345 -0.2992859 0.9894104
v -0.0739441 -0.3238525 0.9894104
v -0.0000305 -0.3321838 0.9894104
v 0.0738831 -0.3238525 0.9894104
v 0.1440735 -0.2992859 0.9894104
v 0.2070618 -0.2597046 0.9894104
v 0.2596436 -0.2071228 0.9894104
v 0.2992249 -0.1441345 0.9894104
v 0.3237915 -0.0739441 0.9894104
v 0.3321228 -0.0000305 0.9894104
v 0.3237915 0.0738831 0.9894104
v 0.2992249 0.1440735 0.9894104
v 0.2596436 0.2070618 0.9894104
v 0.2070618 0.2596436 0.9894104
v 0.1440735 0.2992249 0.9894104
v 0.0738831 0.3237915 0.9894104
v -0.0000305 0.3321228 0.9894104
v -0.0739441 0.3237915 0.9894104
v -0.1441345 0.2992249 0.9894104
v -0.2071228 0.2596436 0.9894104
v -0.2597046 0.2070618 0.9894104
v -0.2992859 0.1440735 0.9894104
v -0.3238525 0.0738831 0.9894104
v 0.1011353 -0.0000305 0.9894104
v 0.0976868 -0.0262146 0.9894104
v 0.0875854 -0.0506287 0.9894104
v 0.0715027 -0.0715637 0.9894104
v 0.0505676 -0.0876465 0.9894104
v 0.0261536 -0.0977478 0.9894104
v -0.0000305 -0.1011963 0.9894104
v -0.0262146 -0.0977478 0.9894104
v -0.0506287 -0.0876465 0.9894104
v -0.0715637 -0.0715637 0.9894104
v -0.0876465 -0.0506287 0.9894104
v -0.0977478 -0.0262146 0.9894104
v -0.1011963 -0.0000305 0.9894104
v -0.0977478 0.0261536 0.9894104
v -0.0876465 0.0505676 0.9894104
v -0.0715637 0.0715027 0.9894104
v -0.0506287 0.0875854 0.9894104
v -0.0262146 0.0976868 0.9894104
v -0.0000305 0.1011353 0.9894104
v 0.0261536 0.0976868 0.9894104
v 0.0505676 0.0875854 0.9894104
v 0.0715027 0.0715027 0.9894104
v 0.0875854 0.0505676 0.9894104
v 0.0976868 0.0261536 0.9894104
v 0.1068115 0.0285950 0.9987793
v 0.0957642 0.0552673 0.9987793
v 0.0781860 0.0781860 0.9987793
v 0.0552673 0.0957642 0.9987793
v 0.0285950 0.1068115 0.9987793
v -0.0000305 0.1105957 0.9987793
v -0.0286560 0.1068115 0.9987793
v -0.0553284 0.0957642 0.9987793
v -0.0782471 0.0781860 0.9987793
v -0.0958252 0.0552673 0.9987793
v -0.1068726 0.0285950 0.9987793
v -0.1106567 -0.0000305 0.9987793
v -0.1068726 -0.0286560 0.9987793
v -0.0958252 -0.0553284 0.9987793
v -0.0782471 -0.0782471 0.9987793
v -0.0553284 -0.0958252 0.9987793
v -0.0286560 -0.1068726 0.9987793
v -0.0000305 -0.1106567 0.9987793
v 0.0285950 -0.1068726 0.9987793
v 0.0552673 -0.0958252 0.9987793
v 0.0781860 -0.0782471 0.9987793
v 0.0957642 -0.0553284 0.9987793
v 0.1068115 -0.0286560 0.9987793
v 0.1105957 -0.0000305 0.9987793
v -0.0761108 -0.0204163 0.6689758
v -0.0787964 -0.0000305 0.6689758
v -0.0761108 0.0203552 0.6689758
v -0.0682373 0.0393372 0.6689758
v -0.0557251 0.0556641 0.6689758
v -0.0393982 0.0681763 0.6689758
v -0.0204163 0.0760498 0.6689758
v -0.0000305 0.0787354 0.6689758
v 0.0203552 0.0760498 0.6689758
v 0.0393372 0.0681763 0.6689758
v 0.0556641 0.0556641 0.6689758
v 0.0681763 0.0393372 0.6689758
v 0.0760498 0.0203552 0.6689758
v 0.0787354 -0.0000305 0.6689758
v 0.0760498 -0.0204163 0.6689758
v 0.0681763 -0.0393982 0.6689758
v 0.0556641 -0.0557251 0.6689758
v 0.0393372 -0.0682373 0.6689758
v 0.0203552 -0.0761108 0.6689758
v -0.0000305 -0.0787964 0.6689758
v -0.0204163 -0.0761108 0.6689758
v -0.0393982 -0.0682373 0.6689758
v -0.0557251 -0.0557251 0.6689758
v -0.0682373 -0.0393982 0.6689758
v -0.0845947 -0.0488586 0.6876831
v -0.0690613 -0.0690613 0.6876831
v -0.0488586 -0.0845947 0.6876831
v -0.0252991 -0.0943298 0.6876831
v -0.0000305 -0.0976563 0.6876831
v 0.0252380 -0.0943298 0.6876831
v 0.0487976 -0.0845947 0.6876831
v 0.0690002 -0.0690613 0.6876831
v 0.0845337 -0.0488586 0.6876831
v 0.0942688 -0.0252991 0.6876831
v 0.0975952 -0.0000305 0.6876831
v 0.0942688 0.0252380 0.6876831
v 0.0845337 0.0487976 0.6876831
v 0.0690002 0.0690002 0.6876831
v 0.0487976 0.0845337 0.6876831
v 0.0252380 0.0942688 0.6876831
v -0.0000305 0.0975952 0.6876831
v -0.0252991 0.0942688 0.6876831
v -0.0488586 0.0845337 0.6876831
v -0.0690613 0.0690002 0.6876831
v -0.0845947 0.0487976 0.6876831
v -0.0943298 0.0252380 0.6876831
v -0.0976563 -0.0000305 0.6876831
v -0.0943298 -0.0252991 0.6876831
v -0.0761108 0.0203552 -0.6690369
v -0.0787964 -0.0000305 -0.6690369
v -0.0761108 -0.0204163 -0.6690369
v -0.0682373 -0.0393982 -0.6690369
v -0.0557251 -0.0557251 -0.6690369
v -0.0393982 -0.0682373 -0.6690369
v -0.0204163 -0.0761108 -0.6690369
v -0.0000305 -0.0787964 -0.6690369
v 0.0203552 -0.0761108 -0.6690369
v 0.0393372 -0.0682373 -0.6690369
v 0.0556641 -0.0557251 -0.6690369
v 0.0681763 -0.0393982 -0.6690369
v 0.0760498 -0.0204163 -0.6690369
v 0.0787354 -0.0000305 -0.6690369
v 0.0760498 0.0203552 -0.6690369
v 0.0681763 0.0393372 -0.6690369
v 0.0556641 0.0556641 -0.6690369
v 0.0393372 0.0681763 -0.6690369
v 0.0203552 0.0760498 -0.6690369
v -0.0000305 0.0787354 -0.6690369
v -0.0204163 0.0760498 -0.6690369
v -0.0393982 0.0681763 -0.6690369
v -0.0557251 0.0556641 -0.6690369
v -0.0682373 0.0393372 -0.6690369
v -0.0845947 0.0487976 -0.6877441
v -0.0690613 0.0690002 -0.6877441
v -0.0488586 0.0845337 -0.6877441
v -0.0252991 0.0942688 -0.6877441
v -0.0000305 0.0975952 -0.6877441
v 0.0252380 0.0942688 -0.6877441
v 0.0487976 0.0845337 -0.6877441
v 0.0690002 0.0690002 -0.6877441
v 0.0845337 0.0487976 -0.6877441
v 0.0942688 0.0252380 -0.6877441
v 0.0975952 -0.0000305 -0.6877441
v 0.0942688 -0.0252991 -0.6877441
v 0.0845337 -0.0488586 -0.6877441
v 0.0690002 -0.0690613 -0.6877441
v 0.0487976 -0.0845947 -0.6877441
v 0.0252380 -0.0943298 -0.6877441
v -0.0000305 -0.0976563 -0.6877441
v -0.0252991 -0.0943298 -0.6877441
v -0.0488586 -0.0845947 -0.6877441
v -0.0690613 -0.0690613 -0.6877441
v -0.0845947 -0.0488586 -0.6877441
v -0.0943298 -0.0252991 -0.6877441
v -0.0976563 -0.0000305 -0.6877441
v -0.0943298 0.0252380 -0.6877441
v 0.9987793 -0.3146667 0.0717773
v 0.9987793 -0.2908020 0.1399841
v 0.9987793 -0.2523499 0.2012024
v 0.9987793 -0.2012634 0.2522888
v 0.9987793 -0.1400452 0.2907410
v 0.9987793 -0.0718384 0.3146057
v 0.9987793 -0.0000305 0.3226929
v 0.9987793 0.0717773 0.3146057
v 0.9987793 0.1399841 0.2907410
v 0.9987793 0.2012024 0.2522888
v 0.9987793 0.2522888 0.2012024
v 0.9987793 0.2907410 0.1399841
v 0.9987793 0.3146057 0.0717773
v 0.9987793 0.3226929 -0.0000305
v 0.9987793 0.3146057 -0.0718384
v 0.9987793 0.2907410 -0.1400452
v 0.9987793 0.2522888 -0.2012634
v 0.9987793 0.2012024 -0.2523499
v 0.9987793 0.1399841 -0.2908020
v 0.9987793 0.0717773 -0.3146667
v 0.9987793 -0.0000305 -0.3227539
v 0.9987793 -0.0718384 -0.3146667
v 0.9987793 -0.1400452 -0.2908020
v 0.9987793 -0.2012634 -0.2523499
v 0.9987793 -0.2523499 -0.2012634
v 0.9987793 -0.2908020 -0.1400452
v 0.9987793 -0.3146667 -0.0718384
v 0.9987793 -0.3227539 -0.0000305
v 0.9894104 -0.3321838 -0.0000305
v 0.9894104 -0.3238525 -0.0739441
v 0.9894104 -0.2992859 -0.1441345
v 0.9894104 -0.2597046 -0.2071228
v 0.9894104 -0.2071228 -0.2597046
v 0.9894104 -0.1441345 -0.2992859
v 0.9894104 -0.0739441 -0.3238525
v 0.9894104 -0.0000305 -0.3321838
v 0.9894104 0.0738831 -0.3238525
v 0.9894104 0.1440735 -0.2992859
v 0.9894104 0.2070618 -0.2597046
v 0.9894104 0.2596436 -0.2071228
v 0.9894104 0.2992249 -0.1441345
v 0.9894104 0.3237915 -0.0739441
v 0.9894104 0.3321228 -0.0000305
v 0.9894104 0.3237915 0.0738831
v 0.9894104 0.2992249 0.1440735
v 0.9894104 0.2596436 0.2070618
v 0.9894104 0.2070618 0.2596436
v 0.9894104 0.1440735 0.2992249
v 0.9894104 0.0738831 0.3237915
v 0.9894104 -0.0000305 0.3321228
v 0.9894104 -0.0739441 0.3237915
v 0.9894104 -0.1441345 0.2992249
v 0.9894104 -0.2071228 0.2596436
v 0.9894104 -0.2597046 0.2070618
v 0.9894104 -0.2992859 0.1440735
v 0.9894104 -0.3238525 0.0738831
v 0.9894104 0.0715027 0.0715027
v 0.9894104 0.0875854 0.0505676
v 0.9894104 0.0976868 0.0261536
v 0.9894104 0.1011353 -0.0000305
v 0.9894104 0.0976868 -0.0262146
v 0.9894104 0.0875854 -0.0506287
v 0.9894104 0.0715027 -0.0715637
v 0.9894104 0.0505676 -0.0876465
v 0.9894104 0.0261536 -0.0977478
v 0.9894104 -0.0000305 -0.1011963
v 0.9894104 -0.0262146 -0.0977478
v 0.9894104 -0.0506287 -0.0876465
v 0.9894104 -0.0715637 -0.0715637
v 0.9894104 -0.0876465 -0.0506287
v 0.9894104 -0.0977478 -0.0262146
v 0.9894104 -0.1011963 -0.0000305
v 0.9894104 -0.0977478 0.0261536
v 0.9894104 -0.0876465 0.0505676
v 0.9894104 -0.0715637 0.0715027
v 0.9894104 -0.0506287 0.0875854
v 0.9894104 -0.0262146 0.0976868
v 0.9894104 -0.0000305 0.1011353
v 0.9894104 0.0261536 0.0976868
v 0.9894104 0.0505676 0.0875854
v 0.9987793 0.0552673 0.0957642
v 0.9987793 0.0285950 0.1068115
v 0.9987793 -0.0000305 0.1105957
v 0.9987793 -0.0286560 0.1068115
v 0.9987793 -0.0553284 0.0957642
v 0.9987793 -0.0782471 0.0781860
v 0.9987793 -0.0958252 0.0552673
v 0.9987793 -0.1068726 0.0285950
v 0.9987793 -0.1106567 -0.0000305
v 0.9987793 -0.1068726 -0.0286560
v 0.9987793 -0.0958252 -0.0553284
v 0.9987793 -0.0782471 -0.0782471
v 0.9987793 -0.0553284 -0.0958252
v 0.9987793 -0.0286560 -0.1068726
v 0.9987793 -0.0000305 -0.1106567
v 0.9987793 0.0285950 -0.1068726
v 0.9987793 0.0552673 -0.0958252
v 0.9987793 0.0781860 -0.0782471
v 0.9987793 0.0957642 -0.0553284
v 0.9987793 0.1068115 -0.0286560
v 0.9987793 0.1105957 -0.0000305
v 0.9987793 0.1068115 0.0285950
v 0.9987793 0.0957642 0.0552673
v 0.9987793 0.0781860 0.0781860
v -0.9988403 -0.3146667 -0.0718384
v -0.9988403 -0.2908020 -0.1400452
v -0.9988403 -0.2523499 -0.2012634
v -0.9988403 -0.2012634 -0.2523499
v -0.9988403 -0.1400452 -0.2908020
v -0.9988403 -0.0718384 -0.3146667
v -0.9988403 -0.0000305 -0.3227539
v -0.9988403 0.0717773 -0.3146667
v -0.9988403 0.1399841 -0.2908020
v -0.9988403 0.2012024 -0.2523499
v -0.9988403 0.2522888 -0.2012634
v -0.9988403 0.2907410 -0.1400452
v -0.9988403 0.3146057 -0.0718384
v -0.9988403 0.3226929 -0.0000305
v -0.9988403 0.3146057 0.0717773
v -0.9988403 0.2907410 0.1399841
v -0.9988403 0.2522888 0.2012024
v -0.9988403 0.2012024 0.2522888
v -0.9988403 0.1399841 0.2907410
v -0.9988403 0.0717773 0.3146057
v -0.9988403 -0.0000305 0.3226929
v -0.9988403 -0.0718384 0.3146057
v -0.9988403 -0.1400452 0.2907410
v -0.9988403 -0.2012634 0.2522888
v -0.9988403 -0.2523499 0.2012024
v -0.9988403 -0.2908020 0.1399841
v -0.9988403 -0.3146667 0.0717773
v -0.9988403 -0.3227539 -0.0000305
v -0.9894714 -0.3321838 -0.0000305
v -0.9894714 -0.3238525 0.0738831
v -0.9894714 -0.2992859 0.1440735
v -0.9894714 -0.2597046 0.2070618
v -0.9894714 -0.2071228 0.2596436
v -0.9894714 -0.1441345 0.2992249
v -0.9894714 -0.0739441 0.3237915
v -0.9894714 -0.0000305 0.3321228
v -0.9894714 0.0738831 0.3237915
v -0.9894714 0.1440735 0.2992249
v -0.9894714 0.2070618 0.2596436
v -0.9894714 0.2596436 0.2070618
v -0.9894714 0.2992249 0.1440735
v -0.9894714 0.3237915 0.0738831
v -0.9894714 0.3321228 -0.0000305
v -0.9894714 0.3237915 -0.0739441
v -0.9894714 0.2992249 -0.1441345
v -0.9894714 0.2596436 -0.2071228
v -0.9894714 0.2070618 -0.2597046
v -0.9894714 0.1440735 -0.2992859
v -0.9894714 0.0738831 -0.3238525
v -0.9894714 -0.0000305 -0.3321838
v -0.9894714 -0.0739441 -0.3238525
v -0.9894714 -0.1441345 -0.2992859
v -0.9894714 -0.2071228 -0.2597046
v -0.9894714 -0.2597046 -0.2071228
v -0.9894714 -0.2992859 -0.1441345
v -0.9894714 -0.3238525 -0.0739441
v -0.9894714 0.1011353 -0.0000305
v -0.9894714 0.0976868 0.0261536
v -0.9894714 0.0875854 0.0505676
v -0.9894714 0.0715027 0.0715027
v -0.9894714 0.0505676 0.0875854
v -0.9894714 0.0261536 0.0976868
v -0.9894714 -0.0000305 0.1011353
v -0.9894714 -0.0262146 0.0976868
v -0.9894714 -0.0506287 0.0875854
v -0.9894714 -0.0715637 0.0715027
v -0.9894714 -0.0876465 0.0505676
v -0.9894714 -0.0977478 0.0261536
v -0.9894714 -0.1011963 -0.0000305
v -0.9894714 -0.0977478 -0.0262146
v -0.9894714 -0.0876465 -0.0506287
v -0.9894714 -0.0715637 -0.0715637
v -0.9894714 -0.0506287 -0.0876465
v -0.9894714 -0.0262146 -0.0977478
v -0.9894714 -0.0000305 -0.1011963
v -0.9894714 0.0261536 -0.0977478
v -0.9894714 0.0505676 -0.0876465
v -0.9894714 0.0715027 -0.0715637
v -0.9894714 0.0875854 -0.0506287
v -0.9894714 0.0976868 -0.0262146
v -0.9988403 0.1068115 -0.0286560
v -0.9988403 0.0957642 -0.0553284
v -0.9988403 0.0781860 -0.0782471
v -0.9988403 0.0552673 -0.0958252
v -0.9988403 0.0285950 -0.1068726
v -0.9988403 -0.0000305 -0.1106567
v -0.9988403 -0.0286560 -0.1068726
v -0.9988403 -0.0553284 -0.0958252
v -0.9988403 -0.0782471 -0.0782471
v -0.9988403 -0.0958252 -0.0553284
v -0.9988403 -0.1068726 -0.0286560
v -0.9988403 -0.1106567 -0.0000305
v -0.9988403 -0.1068726 0.0285950
v -0.9988403 -0.0958252 0.0552673
v -0.9988403 -0.0782471 0.0781860
v -0.9988403 -0.0553284 0.0957642
v -0.9988403 -0.0286560 0.1068115
v -0.9988403 -0.0000305 0.1105957
v -0.9988403 0.0285950 0.1068115
v -0.9988403 0.0552673 0.0957642
v -0.9988403 0.0781860 0.0781860
v -0.9988403 0.0957642 0.0552673
v -0.9988403 0.1068115 0.0285950
v -0.9988403 0.1105957 -0.0000305
v -0.6690369 -0.0761108 0.0203552
v -0.6690369 -0.0787964 -0.0000305
v -0.6690369 -0.0761108 -0.0204163
v -0.6690369 -0.0682373 -0.0393982
v -0.6690369 -0.0557251 -0.0557251
v -0.6690369 -0.0393982 -0.0682373
v -0.6690369 -0.0204163 -0.0761108
v -0.6690369 -0.0000305 -0.0787964
v -0.6690369 0.0203552 -0.0761108
v -0.6690369 0.0393372 -0.0682373
v -0.6690369 0.0556641 -0.0557251
v -0.6690369 0.0681763 -0.0393982
v -0.6690369 0.0760498 -0.0204163
v -0.6690369 0.0787354 -0.0000305
v -0.6690369 0.0760498 0.0203552
v -0.6690369 0.0681763 0.0393372
v -0.6690369 0.0556641 0.0556641
v -0.6690369 0.0393372 0.0681763
v -0.6690369 0.0203552 0.0760498
v -0.6690369 -0.0000305 0.0787354
v -0.6690369 -0.0204163 0.0760498
v -0.6690369 -0.0393982 0.0681763
v -0.6690369 -0.0557251 0.0556641
v -0.6690369 -0.0682373 0.0393372
v -0.6877441 -0.0845947 0.0487976
v -0.6877441 -0.0690613 0.0690002
v -0.6877441 -0.0488586 0.0845337
v -0.6877441 -0.0252991 0.0942688
v -0.6877441 -0.0000305 0.0975952
v -0.6877441 0.0252380 0.0942688
v -0.6877441 0.0487976 0.0845337
v -0.6877441 0.0690002 0.0690002
v -0.6877441 0.0845337 0.0487976
v -0.6877441 0.0942688 0.0252380
v -0.6877441 0.0975952 -0.0000305
v -0.6877441 0.0942688 -0.0252991
v -0.6877441 0.0845337 -0.0488586
v -0.6877441 0.0690002 -0.0690613
v -0.6877441 0.0487976 -0.0845947
v -0.6877441 0.0252380 -0.0943298
v -0.6877441 -0.0000305 -0.0976563
v -0.6877441 -0.0252991 -0.0943298
v -0.6877441 -0.0488586 -0.0845947
v -0.6877441 -0.0690613 -0.0690613
v -0.6877441 -0.0845947 -0.0488586
v -0.6877441 -0.0943298 -0.0252991
v -0.6877441 -0.0976563 -0.0000305
v -0.6877441 -0.0943298 0.0252380
v 0.6689758 -0.0761108 -0.0204163
v 0.6689758 -0.0787964 -0.0000305
v 0.6689758 -0.0761108 0.0203552
v 0.6689758 -0.0682373 0.0393372
v 0.6689758 -0.0557251 0.0556641
v 0.6689758 -0.0393982 0.0681763
v 0.6689758 -0.0204163 0.0760498
v 0.6689758 -0.0000305 0.0787354
v 0.6689758 0.0203552 0.0760498
v 0.6689758 0.0393372 0.0681763
v 0.6689758 0.0556641 0.0556641
v 0.6689758 0.0681763 0.0393372
v 0.6689758 0.0760498 0.0203552
v 0.6689758 0.0787354 -0.0000305
v 0.6689758 0.0760498 -0.0204163
v 0.6689758 0.0681763 -0.0393982
v 0.6689758 0.0556641 -0.0557251
v 0.6689758 0.0393372 -0.0682373
v 0.6689758 0.0203552 -0.0761108
v 0.6689758 -0.0000305 -0.0787964
v 0.6689758 -0.0204163 -0.0761108
v 0.6689758 -0.0393982 -0.0682373
v 0.6689758 -0.0557251 -0.0557251
v 0.6689758 -0.0682373 -0.0393982
v 0.6876831 -0.0845947 -0.0488586
v 0.6876831 -0.0690613 -0.0690613
v 0.6876831 -0.0488586 -0.0845947
v 0.6876831 -0.0252991 -0.0943298
v 0.6876831 -0.0000305 -0.0976563
v 0.6876831 0.0252380 -0.0943298
v 0.6876831 0.0487976 -0.0845947
v 0.6876831 0.0690002 -0.0690613
v 0.6876831 0.0845337 -0.0488586
v 0.6876831 0.0942688 -0.0252991
v 0.6876831 0.0975952 -0.0000305
v 0.6876831 0.0942688 0.0252380
v 0.6876831 0.0845337 0.0487976
v 0.6876831 0.0690002 0.0690002
v 0.6876831 0.0487976 0.0845337
v 0.6876831 0.0252380 0.0942688
v 0.6876831 -0.0000305 0.0975952
v 0.6876831 -0.0252991 0.0942688
v 0.6876831 -0.0488586 0.0845337
v 0.6876831 -0.0690613 0.0690002
v 0.6876831 -0.0845947 0.0487976
v 0.6876831 -0.0943298 0.0252380
v 0.6876831 -0.0976563 -0.0000305
v 0.6876831 -0.0943298 -0.0252991
v 0.1445923 -0.3231201 -0.3028870
v 0.0741272 -0.3477783 -0.3275452
v -0.0000305 -0.3561401 -0.3359070
v -0.0741882 -0.3477783 -0.3275452
v -0.1446533 -0.3231201 -0.3028870
v -0.1924133 -0.3015137 -0.2721252
v -0.2192383 -0.2617188 -0.2621155
v -0.2220154 -0.2764893 -0.2507019
v -0.2351074 -0.2490234 -0.2490845
v -0.2619934 -0.2619019 -0.2194214
v -0.2495422 -0.2771606 -0.2232361
v -0.2491150 -0.2490234 -0.2351379
v -0.2698364 -0.3049316 -0.1949463
v -0.3028870 -0.3231201 -0.1446533
v -0.3275452 -0.3477783 -0.0741882
v -0.3359070 -0.3561401 -0.0000305
v -0.3275452 -0.3477783 0.0741272
v -0.3028870 -0.3231201 0.1445923
v -0.2720642 -0.3015747 0.1923218
v -0.2619934 -0.2619019 0.2189636
v -0.2507019 -0.2765198 0.2219238
v -0.2491455 -0.2490540 0.2349854
v -0.2194519 -0.2619019 0.2618103
v -0.2232361 -0.2771606 0.2494202
v -0.2351685 -0.2490234 0.2489624
v -0.1949463 -0.3049316 0.2697144
v -0.1446533 -0.3231201 0.3028259
v -0.0741882 -0.3477783 0.3274536
v -0.0000305 -0.3561401 0.3358154
v 0.0741272 -0.3477783 0.3274536
v 0.1445923 -0.3231201 0.3028259
v 0.1923218 -0.3015747 0.2719421
v 0.2189941 -0.2619019 0.2618103
v 0.2219543 -0.2765198 0.2505798
v 0.2350159 -0.2490540 0.2489929
v 0.2617188 -0.2620850 0.2191772
v 0.2494507 -0.2771912 0.2231445
v 0.2490234 -0.2490845 0.2350159
v 0.2696838 -0.3049927 0.1948242
v 0.3028259 -0.3231201 0.1445923
v 0.3274841 -0.3477783 0.0741272
v 0.3358459 -0.3561401 -0.0000305
v 0.3274841 -0.3477783 -0.0741882
v 0.3028259 -0.3231201 -0.1446533
v 0.2720947 -0.3015137 -0.1924133
v 0.2620850 -0.2617188 -0.2192383
v 0.2506714 -0.2764893 -0.2220154
v 0.2490845 -0.2490234 -0.2351074
v 0.2191772 -0.2620850 -0.2617493
v 0.2231750 -0.2771912 -0.2494812
v 0.2350464 -0.2490540 -0.2490540
v 0.1948242 -0.3049927 -0.2697144
v 0.1923523 -0.2721252 -0.3015747
v 0.2219543 -0.2506714 -0.2765503
v 0.2617188 -0.2192383 -0.2621155
v 0.2494507 -0.2232056 -0.2772217
v 0.2490234 -0.2350769 -0.2490845
v 0.2696838 -0.1948853 -0.3050232
v 0.3028259 -0.1446533 -0.3231812
v 0.3274841 -0.0741882 -0.3478394
v 0.3358459 -0.0000305 -0.3562012
v 0.3274841 0.0741272 -0.3478394
v 0.3028259 0.1445923 -0.3231812
v 0.2720947 0.1923523 -0.3015747
v 0.2620850 0.2191772 -0.2617493
v 0.2506714 0.2219543 -0.2765503
v 0.2490845 0.2350769 -0.2490540
v 0.2193604 0.2619629 -0.2619324
v 0.2231750 0.2495117 -0.2772217
v 0.2350769 0.2490845 -0.2490540
v 0.1948853 0.2697754 -0.3049927
v 0.1445923 0.3028564 -0.3231812
v 0.0741272 0.3274841 -0.3478394
v -0.0000305 0.3358459 -0.3562012
v -0.0741882 0.3274841 -0.3478394
v -0.1446533 0.3028564 -0.3231812
v -0.1948853 0.2696838 -0.3050232
v -0.2192383 0.2617798 -0.2621155
v -0.2232056 0.2494812 -0.2772217
v -0.2351074 0.2490845 -0.2490845
v -0.2621765 0.2191772 -0.2617493
v -0.2507324 0.2219543 -0.2765503
v -0.2491455 0.2350769 -0.2490540
v -0.2721558 0.1923523 -0.3015747
v -0.3028870 0.1445923 -0.3231812
v -0.3275452 0.0741272 -0.3478394
v -0.3359070 -0.0000305 -0.3562012
v -0.3275452 -0.0741882 -0.3478394
v -0.3028870 -0.1446533 -0.3231812
v -0.2720642 -0.1923828 -0.3016052
v -0.2619934 -0.2190247 -0.2619324
v -0.2507019 -0.2219849 -0.2765503
v -0.2491455 -0.2350464 -0.2490845
v -0.2232361 -0.2494812 -0.2772217
v -0.1948853 -0.2696838 -0.3050232
v -0.1446533 -0.3028870 -0.3231812
v -0.0741882 -0.3275452 -0.3478394
v -0.0000305 -0.3358765 -0.3562012
v 0.0741272 -0.3275452 -0.3478394
v 0.1445923 -0.3028870 -0.3231812
v -0.2766418 -0.2219849 -0.2506714
v -0.3017273 -0.1923828 -0.2720337
v -0.3233032 -0.1446533 -0.3028870
v -0.3479614 -0.0741882 -0.3275452
v -0.3562927 -0.0000305 -0.3359070
v -0.3479614 0.0741272 -0.3275452
v -0.3233032 0.1445923 -0.3028870
v -0.3051147 0.1948242 -0.2697144
v -0.2773132 0.2231750 -0.2494812
v -0.2618103 0.2621460 -0.2192383
v -0.2766418 0.2507019 -0.2219849
v -0.2491150 0.2491150 -0.2350769
v -0.3016663 0.2721252 -0.1924133
v -0.3233032 0.3028564 -0.1446533
v -0.3479614 0.3274841 -0.0741882
v -0.3562927 0.3358459 -0.0000305
v -0.3479614 0.3274841 0.0741272
v -0.3233032 0.3028564 0.1445923
v -0.3051453 0.2696838 0.1948242
v -0.2621765 0.2617798 0.2191467
v -0.2773132 0.2494812 0.2231445
v -0.2491455 0.2490845 0.2350159
v -0.2619934 0.2189941 0.2618103
v -0.2766418 0.2219543 0.2506104
v -0.2491455 0.2350464 0.2489929
v -0.3017273 0.1923218 0.2719727
v -0.3233032 0.1445923 0.3028259
v -0.3479614 0.0741272 0.3274536
v -0.3562927 -0.0000305 0.3358154
v -0.3479614 -0.0741882 0.3274536
v -0.3233032 -0.1446533 0.3028259
v -0.3051147 -0.1948853 0.2696228
v -0.2621765 -0.2192383 0.2616272
v -0.2773132 -0.2232056 0.2494202
v -0.2491455 -0.2350769 0.2489624
v -0.2766418 -0.2506714 0.2219238
v -0.3017273 -0.2720337 0.1923218
v -0.3233032 -0.3028870 0.1445923
v -0.3479614 -0.3275452 0.0741272
v -0.3562927 -0.3358765 -0.0000305
v -0.3479614 -0.3275452 -0.0741882
v -0.3233032 -0.3028870 -0.1446533
v -0.3050842 -0.2698059 -0.1949463
v -0.2773132 -0.2495117 -0.2232361
v -0.2507324 -0.2220154 0.2764282
v -0.2721558 -0.1924133 0.3014526
v -0.3028870 -0.1446533 0.3230286
v -0.3275452 -0.0741882 0.3476868
v -0.3359070 -0.0000305 0.3560486
v -0.3275452 0.0741272 0.3476868
v -0.3028870 0.1445923 0.3230286
v -0.2720642 0.1923218 0.3014832
v -0.2507019 0.2219543 0.2764282
v -0.2194519 0.2619629 0.2618103
v -0.2232361 0.2495117 0.2770996
v -0.2351379 0.2490845 0.2489624
v -0.1949463 0.2697754 0.3048706
v -0.1446533 0.3028564 0.3230286
v -0.0741882 0.3274841 0.3476868
v -0.0000305 0.3358459 0.3560486
v 0.0741272 0.3274841 0.3476868
v 0.1445923 0.3028564 0.3230286
v 0.1948242 0.2696838 0.3049011
v 0.2191772 0.2617798 0.2620239
v 0.2231445 0.2494812 0.2770996
v 0.2350464 0.2490845 0.2489929
v 0.2619019 0.2189941 0.2618103
v 0.2506409 0.2219543 0.2764282
v 0.2490540 0.2350464 0.2489929
v 0.2720032 0.1923218 0.3014832
v 0.3028259 0.1445923 0.3230286
v 0.3274841 0.0741272 0.3476868
v 0.3358459 -0.0000305 0.3560486
v 0.3274841 -0.0741882 0.3476868
v 0.3028259 -0.1446533 0.3230286
v 0.2697449 -0.1949463 0.3048706
v 0.2619019 -0.2194214 0.2618103
v 0.2494812 -0.2232361 0.2770691
v 0.2490234 -0.2351074 0.2489624
v 0.2219543 -0.2506714 0.2764282
v 0.1923218 -0.2720337 0.3014832
v 0.1445923 -0.3028870 0.3230286
v 0.0741272 -0.3275452 0.3476868
v -0.0000305 -0.3358765 0.3560486
v -0.0741882 -0.3275452 0.3476868
v -0.1446533 -0.3028870 0.3230286
v -0.1949463 -0.2697754 0.3048706
v -0.2232361 -0.2494812 0.2770691
v 0.2772217 -0.2232361 0.2494202
v 0.3049927 -0.1949463 0.2697144
v 0.3232117 -0.1446533 0.3028259
v 0.3478394 -0.0741882 0.3274536
v 0.3562012 -0.0000305 0.3358154
v 0.3478394 0.0741272 0.3274536
v 0.3232117 0.1445923 0.3028259
v 0.3016357 0.1923218 0.2719727
v 0.2765503 0.2219543 0.2505798
v 0.2619019 0.2619629 0.2193604
v 0.2772217 0.2495117 0.2231445
v 0.2490540 0.2490845 0.2350464
v 0.3049927 0.2697754 0.1948853
v 0.3232117 0.3028564 0.1445923
v 0.3478394 0.3274841 0.0741272
v 0.3562012 0.3358459 -0.0000305
v 0.3478394 0.3274841 -0.0741882
v 0.3232117 0.3028564 -0.1446533
v 0.3016357 0.2720337 -0.1923523
v 0.2619019 0.2619629 -0.2190247
v 0.2765808 0.2506714 -0.2219849
v 0.2490540 0.2491150 -0.2350464
v 0.2772217 0.2231750 -0.2494812
v 0.3050537 0.1948242 -0.2697144
v 0.3232117 0.1445923 -0.3028870
v 0.3478394 0.0741272 -0.3275452
v 0.3562012 -0.0000305 -0.3359070
v 0.3478394 -0.0741882 -0.3275452
v 0.3232117 -0.1446533 -0.3028870
v 0.3015747 -0.1924133 -0.2721252
v 0.2765503 -0.2220154 -0.2507019
v 0.2772217 -0.2494812 -0.2232056
v 0.3050537 -0.2697144 -0.1948853
v 0.3232117 -0.3028870 -0.1446533
v 0.3478394 -0.3275452 -0.0741882
v 0.3562012 -0.3358765 -0.0000305
v 0.3478394 -0.3275452 0.0741272
v 0.3232117 -0.3028870 0.1445923
v 0.3015747 -0.2721252 0.1923523
v 0.2765503 -0.2507019 0.2219543
v 0.3358459 0.3563232 -0.0000305
v 0.3274841 0.3479614 0.0741272
v 0.3028259 0.3233032 0.1445923
v 0.2697754 0.3050842 0.1948853
v 0.2494812 0.2773132 0.2231445
v 0.2219543 0.2766418 0.2506104
v 0.1923523 0.3016663 0.2720642
v 0.1445923 0.3233032 0.3028259
v 0.0741272 0.3479614 0.3274536
v -0.0000305 0.3563232 0.3358154
v -0.0741882 0.3479614 0.3274536
v -0.1446533 0.3233032 0.3028259
v -0.1949463 0.3050842 0.2697144
v -0.2232361 0.2773132 0.2494202
v -0.2507324 0.2766418 0.2219238
v -0.2721558 0.3016663 0.1923523
v -0.3028870 0.3233032 0.1445923
v -0.3275452 0.3479614 0.0741272
v -0.3359070 0.3563232 -0.0000305
v -0.3275452 0.3479614 -0.0741882
v -0.3028870 0.3233032 -0.1446533
v -0.2697449 0.3051453 -0.1948853
v -0.2495117 0.2773438 -0.2232056
v -0.2220154 0.2766418 -0.2507019
v -0.1924133 0.3016663 -0.2721252
v -0.1446533 0.3233032 -0.3028870
v -0.0741882 0.3479614 -0.3275452
v -0.0000305 0.3563232 -0.3359070
v 0.0741272 0.3479614 -0.3275452
v 0.1445923 0.3233032 -0.3028870
v 0.1948853 0.3050842 -0.2698059
v 0.2231750 0.2773132 -0.2495117
v 0.2506409 0.2766724 -0.2219849
v 0.2720032 0.3017273 -0.1923523
v 0.3028259 0.3233032 -0.1446533
v 0.3274841 0.3479614 -0.0741882
v -0.2386475 -0.2594299 -0.2389221
v -0.2389526 -0.2594299 0.2385559
v 0.2385864 -0.2594299 0.2388306
v 0.2388611 -0.2594299 -0.2386169
v 0.2385864 -0.2388916 -0.2594604
v 0.2388611 0.2386169 -0.2594604
v -0.2389221 0.2386169 -0.2594604
v -0.2389526 -0.2386169 -0.2594604
v -0.2595520 -0.2386169 -0.2389221
v -0.2595520 0.2388916 -0.2386169
v -0.2595520 0.2386169 0.2388306
v -0.2595520 -0.2388916 0.2385559
v -0.2389526 -0.2386169 0.2593384
v -0.2389221 0.2386169 0.2593384
v 0.2388611 0.2386169 0.2593384
v 0.2385864 -0.2388916 0.2593384
v 0.2594604 -0.2388916 0.2385559
v 0.2594604 0.2386169 0.2388306
v 0.2594604 0.2388916 -0.2386169
v 0.2594604 -0.2386169 -0.2389221
v 0.2385864 0.2595520 0.2388306
v -0.2389526 0.2595520 0.2385559
v -0.2386475 0.2595520 -0.2388916
v 0.2388611 0.2595520 -0.2386169
f 2870 2782 2781
f 2823 54 2824
f 2822 53 2823
f 2821 55 2822
f 2820 56 2821
f 2819 57 2820
f 2818 58 2819
f 2817 59 2818
f 2816 60 2817
f 2815 61 2816
f 2814 62 2815
f 2813 63 2814
f 2812 64 2813
f 2811 65 2812
f 2810 66 2811
f 2809 67 2810
f 2836 68 2809
f 2835 69 2836
f 2834 70 2835
f 2833 71 2834
f 2832 72 2833
f 2832 74 73
f 2831 75 74
f 2830 76 75
f 2829 77 76
f 2827 77 2828
f 2827 79 78
f 2826 80 79
f 2824 80 2825
f 2841 82 81
f 2840 83 82
f 2839 84 83
f 2837 84 2838
f 2860 85 2837
f 2859 86 2860
f 2859 88 87
f 2857 88 2858
f 2856 89 2857
f 2856 91 90
f 2855 92 91
f 2854 93 92
f 2852 93 2853
f 2851 94 2852
f 2850 95 2851
f 2849 96 2850
f 2848 97 2849
f 2847 98 2848
f 2846 99 2847
f 2845 100 2846
f 2844 101 2845
f 2843 102 2844
f 2842 103 2843
f 2842 81 104
f 2977 2886 2885
f 2928 158 2929
f 2929 159 2930
f 2930 160 2931
f 2931 161 2932
f 2932 162 2933
f 2933 163 2934
f 2934 164 2935
f 2935 165 2936
f 2936 166 2937
f 2937 167 2938
f 2938 168 2939
f 2939 169 2940
f 2940 170 2913
f 2913 171 2914
f 2915 171 172
f 2916 172 173
f 2917 173 174
f 2918 174 175
f 2919 175 176
f 2920 176 177
f 2921 177 178
f 2922 178 179
f 2923 179 180
f 2924 180 181
f 2924 182 2925
f 2926 182 183
f 2927 183 184
f 2928 184 157
f 2941 186 2942
f 2964 185 2941
f 2963 187 2964
f 2962 188 2963
f 2961 189 2962
f 2960 190 2961
f 2959 191 2960
f 2958 192 2959
f 2957 193 2958
f 2956 194 2957
f 2955 195 2956
f 2954 196 2955
f 2954 198 197
f 2953 199 198
f 2951 199 2952
f 2951 201 200
f 2950 202 201
f 2948 202 2949
f 2948 204 203
f 2946 204 2947
f 2946 206 205
f 2945 207 206
f 2944 208 207
f 2943 186 208
f 2989 2991 2990
f 3013 3015 3014
f 3126 3038 3037
f 3079 358 3080
f 3078 357 3079
f 3077 359 3078
f 3076 360 3077
f 3075 361 3076
f 3074 362 3075
f 3073 363 3074
f 3072 364 3073
f 3071 365 3072
f 3070 366 3071
f 3069 367 3070
f 3068 368 3069
f 3067 369 3068
f 3066 370 3067
f 3065 371 3066
f 3092 372 3065
f 3091 373 3092
f 3090 374 3091
f 3089 375 3090
f 3088 376 3089
f 3088 378 377
f 3087 379 378
f 3086 380 379
f 3085 381 380
f 3083 381 3084
f 3083 383 382
f 3082 384 383
f 3080 384 3081
f 3097 386 385
f 3096 387 386
f 3095 388 387
f 3093 388 3094
f 3116 389 3093
f 3115 390 3116
f 3115 392 391
f 3113 392 3114
f 3112 393 3113
f 3112 395 394
f 3111 396 395
f 3110 397 396
f 3108 397 3109
f 3107 398 3108
f 3106 399 3107
f 3105 400 3106
f 3104 401 3105
f 3103 402 3104
f 3102 403 3103
f 3101 404 3102
f 3100 405 3101
f 3099 406 3100
f 3098 407 3099
f 3098 385 408
f 3233 3142 3141
f 3184 462 3185
f 3185 463 3186
f 3186 464 3187
f 3187 465 3188
f 3188 466 3189
f 3189 467 3190
f 3190 468 3191
f 3191 469 3192
f 3192 470 3193
f 3193 471 3194
f 3194 472 3195
f 3195 473 3196
f 3196 474 3169
f 3169 475 3170
f 3171 475 476
f 3172 476 477
f 3173 477 478
f 3174 478 479
f 3175 479 480
f 3176 480 481
f 3177 481 482
f 3178 482 483
f 3179 483 484
f 3180 484 485
f 3180 486 3181
f 3182 486 487
f 3183 487 488
f 3184 488 461
f 3197 490 3198
f 3220 489 3197
f 3219 491 3220
f 3218 492 3219
f 3217 493 3218
f 3216 494 3217
f 3215 495 3216
f 3214 496 3215
f 3213 497 3214
f 3212 498 3213
f 3211 499 3212
f 3210 500 3211
f 3210 502 501
f 3209 503 502
f 3207 503 3208
f 3207 505 504
f 3206 506 505
f 3204 506 3205
f 3204 508 507
f 3202 508 3203
f 3202 510 509
f 3201 511 510
f 3200 512 511
f 3199 490 512
f 3245 3247 3246
f 3269 3271 3270
f 3382 3294 3293
f 3335 662 3336
f 3334 661 3335
f 3333 663 3334
f 3332 664 3333
f 3331 665 3332
f 3330 666 3331
f 3329 667 3330
f 3328 668 3329
f 3327 669 3328
f 3326 670 3327
f 3325 671 3326
f 3324 672 3325
f 3323 673 3324
f 3322 674 3323
f 3321 675 3322
f 3348 676 3321
f 3347 677 3348
f 3346 678 3347
f 3345 679 3346
f 3344 680 3345
f 3344 682 681
f 3343 683 682
f 3342 684 683
f 3341 685 684
f 3339 685 3340
f 3339 687 686
f 3338 688 687
f 3336 688 3337
f 3353 690 689
f 3352 691 690
f 3351 692 691
f 3349 692 3350
f 3372 693 3349
f 3371 694 3372
f 3371 696 695
f 3369 696 3370
f 3368 697 3369
f 3368 699 698
f 3367 700 699
f 3366 701 700
f 3364 701 3365
f 3363 702 3364
f 3362 703 3363
f 3361 704 3362
f 3360 705 3361
f 3359 706 3360
f 3358 707 3359
f 3357 708 3358
f 3356 709 3357
f 3355 710 3356
f 3354 711 3355
f 3354 689 712
f 3489 3398 3397
f 3440 766 3441
f 3441 767 3442
f 3442 768 3443
f 3443 769 3444
f 3444 770 3445
f 3445 771 3446
f 3446 772 3447
f 3447 773 3448
f 3448 774 3449
f 3449 775 3450
f 3450 776 3451
f 3451 777 3452
f 3452 778 3425
f 3425 779 3426
f 3427 779 780
f 3428 780 781
f 3429 781 782
f 3430 782 783
f 3431 783 784
f 3432 784 785
f 3433 785 786
f 3434 786 787
f 3435 787 788
f 3436 788 789
f 3436 790 3437
f 3438 790 791
f 3439 791 792
f 3440 792 765
f 3453 794 3454
f 3476 793 3453
f 3475 795 3476
f 3474 796 3475
f 3473 797 3474
f 3472 798 3473
f 3471 799 3472
f 3470 800 3471
f 3469 801 3470
f 3468 802 3469
f 3467 803 3468
f 3466 804 3467
f 3466 806 805
f 3465 807 806
f 3463 807 3464
f 3463 809 808
f 3462 810 809
f 3460 810 3461
f 3460 812 811
f 3458 812 3459
f 3458 814 813
f 3457 815 814
f 3456 816 815
f 3455 794 816
f 3501 3503 3502
f 3525 3527 3526
f 914 916 915
f 917 915 918
f 919 918 920
f 921 920 922
f 923 922 924
f 925 924 926
f 927 926 928
f 929 928 930
f 931 930 932
f 933 932 934
f 935 934 936
f 937 936 938
f 939 938 940
f 940 942 939
f 944 942 941
f 946 943 944
f 948 945 946
f 950 947 948
f 952 949 950
f 954 951 952
f 956 953 954
f 958 955 956
f 960 957 958
f 962 959 960
f 964 961 962
f 966 963 964
f 968 965 966
f 916 967 968
f 969 157 970
f 159 969 971
f 160 971 972
f 161 972 973
f 162 973 974
f 163 974 975
f 164 975 976
f 165 976 977
f 166 977 978
f 167 978 979
f 168 979 980
f 169 980 981
f 170 981 982
f 171 982 983
f 172 983 984
f 173 984 985
f 174 985 986
f 174 987 175
f 175 988 176
f 176 989 177
f 177 990 178
f 178 991 179
f 179 992 180
f 180 993 181
f 994 181 993
f 183 994 995
f 184 995 996
f 157 996 970
f 997 185 998
f 998 187 999
f 188 999 187
f 1000 189 1001
f 1002 189 190
f 1002 191 1003
f 1003 192 1004
f 193 1004 192
f 1005 194 1006
f 1006 195 1007
f 1007 196 1008
f 1008 197 1009
f 1009 198 1010
f 1010 199 1011
f 1011 200 1012
f 1012 201 1013
f 1013 202 1014
f 1014 203 1015
f 1015 204 1016
f 1016 205 1017
f 1017 206 1018
f 1018 207 1019
f 1019 208 1020
f 1020 186 997
f 969 1022 1021
f 971 1021 1023
f 972 1023 1024
f 973 1024 1025
f 974 1025 1026
f 975 1026 1027
f 976 1027 1028
f 977 1028 1029
f 978 1029 1030
f 979 1030 1031
f 980 1031 1032
f 981 1032 1033
f 982 1033 1034
f 1034 983 982
f 1036 983 1035
f 1037 984 1036
f 1038 985 1037
f 1039 986 1038
f 1040 987 1039
f 1041 988 1040
f 1042 989 1041
f 1043 990 1042
f 1044 991 1043
f 1045 992 1044
f 1046 993 1045
f 1047 994 1046
f 1048 995 1047
f 1022 996 1048
f 914 1050 913
f 914 1051 1049
f 917 1052 1051
f 919 1053 1052
f 921 1054 1053
f 923 1055 1054
f 925 1056 1055
f 1057 927 929
f 1058 929 931
f 1059 931 933
f 1060 933 935
f 1061 935 937
f 1062 937 939
f 1063 939 942
f 1063 943 1064
f 1064 945 1065
f 1065 947 1066
f 1066 949 1067
f 1067 951 1068
f 1068 953 1069
f 955 1069 953
f 957 1070 955
f 959 1071 957
f 961 1072 959
f 963 1073 961
f 965 1074 963
f 967 1075 965
f 913 1076 967
f 1049 1022 1050
f 1021 1051 1023
f 1023 1052 1024
f 1024 1053 1025
f 1025 1054 1026
f 1026 1055 1027
f 1027 1056 1028
f 1028 1057 1029
f 1029 1058 1030
f 1030 1059 1031
f 1059 1032 1031
f 1033 1060 1061
f 1033 1062 1034
f 1034 1063 1035
f 1036 1063 1064
f 1037 1064 1065
f 1038 1065 1066
f 1039 1066 1067
f 1040 1067 1068
f 1041 1068 1069
f 1070 1041 1069
f 1071 1042 1070
f 1072 1043 1071
f 1073 1044 1072
f 1074 1045 1073
f 1075 1046 1074
f 1076 1047 1075
f 1050 1048 1076
f 1077 998 1078
f 1078 999 1079
f 1079 1000 1080
f 1080 1001 1081
f 1001 1082 1081
f 1082 1003 1083
f 1083 1004 1084
f 1084 1005 1085
f 1085 1006 1086
f 1086 1007 1087
f 1087 1008 1088
f 1088 1009 1089
f 1009 1090 1089
f 1010 1091 1090
f 1011 1092 1091
f 1012 1093 1092
f 1013 1094 1093
f 1014 1095 1094
f 1015 1096 1095
f 1016 1097 1096
f 1017 1098 1097
f 1018 1099 1098
f 1019 1100 1099
f 1020 1077 1100
f 233 1102 1101
f 235 1101 1103
f 236 1103 1104
f 237 1104 1105
f 238 1105 1106
f 238 1107 239
f 1108 239 1107
f 1109 240 1108
f 1110 241 1109
f 1111 242 1110
f 1112 243 1111
f 1113 244 1112
f 1113 246 245
f 1114 247 246
f 247 1116 248
f 1116 249 248
f 1117 250 249
f 250 1119 251
f 1120 251 1119
f 1121 252 1120
f 1122 253 1121
f 1123 254 1122
f 1124 255 1123
f 256 1102 234
f 1101 1077 1078
f 1103 1078 1079
f 1080 1103 1079
f 1105 1080 1081
f 1106 1081 1082
f 1082 1107 1106
f 1083 1108 1107
f 1085 1108 1084
f 1085 1110 1109
f 1086 1111 1110
f 1087 1112 1111
f 1088 1113 1112
f 1089 1114 1113
f 1090 1115 1114
f 1115 1092 1116
f 1092 1117 1116
f 1093 1118 1117
f 1118 1095 1119
f 1119 1096 1120
f 1120 1097 1121
f 1121 1098 1122
f 1122 1099 1123
f 1123 1100 1124
f 1124 1077 1102
f 915 1126 1125
f 918 1125 1127
f 920 1127 1128
f 922 1128 1129
f 924 1129 1130
f 926 1130 1131
f 928 1131 1132
f 930 1132 1133
f 932 1133 1134
f 934 1134 1135
f 936 1135 1136
f 938 1136 1137
f 940 1137 1138
f 1138 941 940
f 1140 941 1139
f 1141 944 1140
f 1142 946 1141
f 1143 948 1142
f 1144 950 1143
f 1145 952 1144
f 1146 954 1145
f 1147 956 1146
f 1148 958 1147
f 1149 960 1148
f 1150 962 1149
f 1151 964 1150
f 1152 966 1151
f 1126 968 1152
f 1154 1156 1155
f 1156 1158 1157
f 1157 1160 1159
f 1159 1162 1161
f 1161 1164 1163
f 1163 1166 1165
f 1165 1168 1167
f 1168 1170 1167
f 1169 1172 1170
f 1171 1174 1172
f 1175 1173 1176
f 1176 1178 1175
f 1177 1180 1178
f 1179 1182 1180
f 1183 1181 1184
f 1185 1184 1186
f 1187 1186 1188
f 1189 1188 1190
f 1191 1190 1192
f 1193 1192 1194
f 1195 1194 1196
f 1197 1196 1198
f 1199 1198 1200
f 1201 1200 1202
f 1203 1202 1204
f 1205 1204 1206
f 1207 1206 1208
f 1155 1208 1154
f 1209 1156 1210
f 1210 1157 1211
f 1211 1159 1212
f 1212 1161 1213
f 1213 1163 1214
f 1214 1165 1215
f 1167 1215 1165
f 1170 1216 1167
f 1172 1217 1170
f 1174 1218 1172
f 1175 1219 1174
f 1178 1220 1175
f 1180 1221 1178
f 1182 1222 1180
f 1223 1183 1224
f 1224 1185 1225
f 1225 1187 1226
f 1226 1189 1227
f 1227 1191 1228
f 1228 1193 1229
f 1193 1230 1229
f 1195 1231 1230
f 1197 1232 1231
f 1199 1233 1232
f 1201 1234 1233
f 1203 1235 1234
f 1205 1236 1235
f 1236 1155 1209
f 1210 3576 1209
f 1211 3577 1210
f 1212 3578 1211
f 3549 1212 1213
f 3550 3549 1213
f 3551 3550 1214
f 3552 3551 1215
f 3552 1216 1217
f 3553 1217 1218
f 1219 3554 1218
f 3557 3556 3555
f 3558 3557 1220
f 3559 3558 1221
f 3560 3559 1222
f 3560 1224 3561
f 1225 3562 3561
f 3562 1226 3563
f 3565 3564 3563
f 3566 3565 1227
f 3567 3566 1228
f 1229 1230 3568
f 1231 3568 1230
f 1232 3569 1231
f 1233 3570 1232
f 3571 3573 3572
f 3574 3573 1234
f 1235 3575 3574
f 1236 1209 3576
f 1153 1270 1269
f 1158 1269 1271
f 1160 1271 1272
f 1162 1272 1273
f 1164 1273 1274
f 1166 1274 1275
f 1168 1275 1276
f 1169 1276 1277
f 1171 1277 1278
f 1173 1278 1279
f 1176 1279 1280
f 1280 1177 1176
f 1179 1281 1282
f 1181 1282 1283
f 1284 1181 1283
f 1285 1184 1284
f 1286 1186 1285
f 1287 1188 1286
f 1288 1190 1287
f 1289 1192 1288
f 1290 1194 1289
f 1291 1196 1290
f 1292 1198 1291
f 1293 1200 1292
f 1294 1202 1293
f 1295 1204 1294
f 1296 1206 1295
f 1270 1208 1296
f 1298 1300 1299
f 1297 1302 1301
f 1301 1304 1303
f 1303 1306 1305
f 1305 1308 1307
f 1307 1310 1309
f 1310 1312 1309
f 1313 1311 1314
f 1315 1314 1316
f 1317 1316 1318
f 1319 1318 1320
f 1321 1320 1322
f 1323 1322 1324
f 1325 1324 1326
f 1325 1328 1327
f 1327 1330 1329
f 1329 1332 1331
f 1331 1334 1333
f 1336 1333 1334
f 1335 1338 1337
f 1338 1340 1337
f 1342 1340 1339
f 1344 1341 1342
f 1346 1343 1344
f 1347 1346 1348
f 1350 1347 1348
f 1352 1349 1350
f 1299 1351 1352
f 3710 3709 1298
f 3709 3740 1302
f 3740 3739 1304
f 3739 3738 3737
f 1306 3736 1308
f 1308 3735 1310
f 1310 3734 1311
f 1314 3734 3733
f 3733 3732 1316
f 3732 3731 1318
f 3731 3730 3729
f 1320 3729 3728
f 1322 3728 3727
f 1324 3727 3726
f 3726 3725 1328
f 1330 1328 3725
f 3724 3723 1332
f 3721 1334 1332
f 3720 1334 3721
f 3719 1338 1336
f 3718 1339 1338
f 3718 1342 1339
f 3717 1344 1342
f 3716 1346 1344
f 3713 1348 1346
f 3712 1350 1348
f 3711 1352 1350
f 1352 3710 1299
f 1125 1300 1297
f 1125 1301 1127
f 1128 1301 1303
f 1129 1303 1305
f 1130 1305 1307
f 1131 1307 1309
f 1132 1309 1312
f 1133 1312 1313
f 1134 1313 1315
f 1135 1315 1317
f 1136 1317 1319
f 1137 1319 1321
f 1138 1321 1323
f 1139 1323 1325
f 1327 1139 1325
f 1329 1140 1327
f 1331 1141 1329
f 1333 1142 1331
f 1335 1143 1333
f 1337 1144 1335
f 1340 1145 1337
f 1341 1146 1340
f 1343 1147 1341
f 1345 1148 1343
f 1347 1149 1345
f 1349 1150 1347
f 1351 1151 1349
f 1300 1152 1351
f 1386 1388 1387
f 1390 1385 1386
f 1392 1389 1390
f 1394 1391 1392
f 1396 1393 1394
f 1398 1395 1396
f 1400 1397 1398
f 1402 1399 1400
f 1404 1401 1402
f 1406 1403 1404
f 1408 1405 1406
f 1410 1407 1408
f 1412 1409 1410
f 1414 1411 1412
f 1413 1416 1415
f 1415 1418 1417
f 1417 1420 1419
f 1419 1422 1421
f 1421 1424 1423
f 1423 1426 1425
f 1426 1428 1425
f 1427 1430 1428
f 1429 1432 1430
f 1431 1434 1432
f 1434 1436 1435
f 1436 1438 1435
f 1437 1440 1438
f 1439 1388 1440
f 1269 1442 1441
f 1271 1441 1443
f 1272 1443 1444
f 1273 1444 1445
f 1274 1445 1446
f 1275 1446 1447
f 1276 1447 1448
f 1277 1448 1449
f 1278 1449 1450
f 1279 1450 1451
f 1280 1451 1452
f 1281 1452 1453
f 1453 1282 1281
f 1283 1454 1455
f 1456 1283 1455
f 1457 1284 1456
f 1458 1285 1457
f 1459 1286 1458
f 1460 1287 1459
f 1461 1288 1460
f 1462 1289 1461
f 1463 1290 1462
f 1464 1291 1463
f 1465 1292 1464
f 1466 1293 1465
f 1467 1294 1466
f 1468 1295 1467
f 1442 1296 1468
f 1442 1385 1441
f 1389 1441 1385
f 1391 1443 1389
f 1393 1444 1391
f 1395 1445 1393
f 1397 1446 1395
f 1399 1447 1397
f 1399 1449 1448
f 1401 1450 1449
f 1403 1451 1450
f 1405 1452 1451
f 1407 1453 1452
f 1409 1454 1453
f 1411 1455 1454
f 1415 1455 1413
f 1417 1456 1415
f 1419 1457 1417
f 1421 1458 1419
f 1423 1459 1421
f 1425 1460 1423
f 1462 1425 1428
f 1463 1428 1430
f 1464 1430 1432
f 1465 1432 1434
f 1466 1434 1435
f 1467 1435 1438
f 1468 1438 1440
f 1388 1468 1440
f 1470 1472 1471
f 1474 1469 1470
f 1476 1473 1474
f 1478 1475 1476
f 1480 1477 1478
f 1482 1479 1480
f 1484 1481 1482
f 1486 1483 1484
f 1488 1485 1486
f 1490 1487 1488
f 1492 1489 1490
f 1494 1491 1492
f 1493 1496 1495
f 1495 1498 1497
f 1497 1500 1499
f 1499 1502 1501
f 1501 1504 1503
f 1504 1506 1503
f 1506 1508 1507
f 1508 1510 1507
f 1509 1512 1510
f 1511 1514 1512
f 1513 1516 1514
f 1516 1471 1472
f 282 1469 281
f 281 1473 283
f 283 1475 284
f 1477 284 1475
f 286 1477 1479
f 1481 286 1479
f 1481 288 287
f 288 1485 289
f 289 1487 290
f 1487 291 290
f 1489 292 291
f 1491 293 292
f 1495 293 1493
f 1497 294 1495
f 1499 295 1497
f 1499 297 296
f 1501 298 297
f 1506 298 1503
f 1506 300 299
f 1510 300 1507
f 1512 301 1510
f 1514 302 1512
f 1516 303 1514
f 1472 304 1516
f 1517 53 1518
f 55 1518 53
f 56 1519 55
f 57 1520 56
f 58 1521 57
f 59 1522 58
f 60 1523 59
f 1525 60 61
f 1526 61 62
f 1527 62 63
f 1528 63 64
f 1529 64 65
f 1530 65 66
f 1531 66 67
f 1532 67 68
f 1533 68 69
f 1534 69 70
f 1535 70 71
f 1536 71 72
f 1537 72 73
f 1538 73 74
f 1539 74 75
f 1540 75 76
f 1541 76 77
f 1542 77 78
f 1543 78 79
f 1544 79 80
f 54 1544 80
f 1387 1518 1386
f 1386 1519 1390
f 1390 1520 1392
f 1392 1521 1394
f 1394 1522 1396
f 1396 1523 1398
f 1398 1524 1400
f 1524 1402 1400
f 1525 1404 1402
f 1526 1406 1404
f 1527 1408 1406
f 1528 1410 1408
f 1529 1412 1410
f 1530 1414 1412
f 1416 1531 1532
f 1418 1532 1533
f 1420 1533 1534
f 1422 1534 1535
f 1424 1535 1536
f 1537 1424 1536
f 1427 1537 1538
f 1429 1538 1539
f 1431 1539 1540
f 1433 1540 1541
f 1436 1541 1542
f 1437 1542 1543
f 1439 1543 1544
f 1387 1544 1517
f 1545 82 1546
f 1546 83 1547
f 1547 84 1548
f 1549 84 85
f 86 1549 85
f 1550 87 1551
f 1551 88 1552
f 1552 89 1553
f 89 1554 1553
f 1555 90 91
f 1556 91 92
f 1557 92 93
f 94 1557 93
f 95 1558 94
f 96 1559 95
f 1561 96 97
f 1561 98 1562
f 99 1562 98
f 100 1563 99
f 101 1564 100
f 102 1565 101
f 103 1566 102
f 104 1567 103
f 104 1545 1568
f 1471 1546 1470
f 1470 1547 1474
f 1474 1548 1476
f 1476 1549 1478
f 1478 1550 1480
f 1480 1551 1482
f 1482 1552 1484
f 1484 1553 1486
f 1486 1554 1488
f 1488 1555 1490
f 1490 1556 1492
f 1492 1557 1494
f 1496 1557 1558
f 1498 1558 1559
f 1560 1498 1559
f 1502 1560 1561
f 1504 1561 1562
f 1505 1562 1563
f 1508 1563 1564
f 1509 1564 1565
f 1511 1565 1566
f 1513 1566 1567
f 1515 1567 1568
f 1471 1568 1545
f 1569 538 1570
f 537 1571 539
f 539 1572 540
f 540 1573 541
f 541 1574 542
f 1575 542 1574
f 544 1575 1576
f 1577 544 1576
f 546 1577 1578
f 547 1578 1579
f 548 1579 1580
f 549 1580 1581
f 1582 549 1581
f 1583 550 1582
f 1584 551 1583
f 1585 552 1584
f 1586 553 1585
f 1587 554 1586
f 1587 556 555
f 1588 557 556
f 1589 558 557
f 1590 559 558
f 1591 560 559
f 1570 560 1592
f 1594 1596 1595
f 1598 1593 1594
f 1600 1597 1598
f 1602 1599 1600
f 1604 1601 1602
f 1606 1603 1604
f 1608 1605 1606
f 1609 1608 1610
f 1611 1610 1612
f 1613 1612 1614
f 1615 1614 1616
f 1617 1616 1618
f 1619 1618 1620
f 1620 1622 1619
f 1623 1621 1624
f 1625 1624 1626
f 1627 1626 1628
f 1629 1628 1630
f 1631 1630 1632
f 1633 1632 1634
f 1635 1634 1636
f 1638 1635 1636
f 1640 1637 1638
f 1642 1639 1640
f 1644 1641 1642
f 1646 1643 1644
f 1648 1645 1646
f 1595 1647 1648
f 461 1650 462
f 1650 463 462
f 1651 464 463
f 1652 465 464
f 1653 466 465
f 1654 467 466
f 1655 468 467
f 469 1656 1657
f 470 1657 1658
f 471 1658 1659
f 472 1659 1660
f 473 1660 1661
f 474 1661 1662
f 475 1662 1663
f 475 1664 476
f 476 1665 477
f 477 1666 478
f 478 1667 479
f 479 1668 480
f 480 1669 481
f 481 1670 482
f 483 1670 1671
f 484 1671 1672
f 485 1672 1673
f 1674 485 1673
f 486 1675 487
f 487 1676 488
f 461 1676 1649
f 490 1678 1677
f 489 1679 1678
f 1679 492 1680
f 492 1681 1680
f 493 1682 1681
f 494 1683 1682
f 1683 496 1684
f 497 1684 496
f 1685 498 1686
f 1686 499 1687
f 1687 500 1688
f 1688 501 1689
f 501 1690 1689
f 502 1691 1690
f 504 1691 503
f 504 1693 1692
f 505 1694 1693
f 507 1694 506
f 1695 508 1696
f 1696 509 1697
f 1697 510 1698
f 1698 511 1699
f 1699 512 1700
f 1700 490 1677
f 1677 1702 1701
f 1678 1703 1702
f 1679 1704 1703
f 1680 1705 1704
f 1682 1705 1681
f 1682 1707 1706
f 1707 1684 1708
f 1708 1685 1709
f 1709 1686 1710
f 1710 1687 1711
f 1711 1688 1712
f 1712 1689 1713
f 1713 1690 1714
f 1714 1691 1715
f 1715 1692 1716
f 1716 1693 1717
f 1717 1694 1718
f 1718 1695 1719
f 1695 1720 1719
f 1696 1721 1720
f 1697 1722 1721
f 1698 1723 1722
f 1699 1724 1723
f 1700 1701 1724
f 1725 1649 1726
f 1727 1650 1725
f 1728 1651 1727
f 1729 1652 1728
f 1730 1653 1729
f 1731 1654 1730
f 1732 1655 1731
f 1657 1732 1733
f 1658 1733 1734
f 1659 1734 1735
f 1660 1735 1736
f 1661 1736 1737
f 1662 1737 1738
f 1738 1663 1662
f 1664 1739 1740
f 1665 1740 1741
f 1666 1741 1742
f 1667 1742 1743
f 1668 1743 1744
f 1669 1744 1745
f 1670 1745 1746
f 1747 1670 1746
f 1748 1671 1747
f 1749 1672 1748
f 1750 1673 1749
f 1751 1674 1750
f 1752 1675 1751
f 1726 1676 1752
f 1593 1754 1596
f 1753 1597 1755
f 1755 1599 1756
f 1756 1601 1757
f 1757 1603 1758
f 1758 1605 1759
f 1759 1607 1760
f 1607 1761 1760
f 1609 1762 1761
f 1611 1763 1762
f 1613 1764 1763
f 1615 1765 1764
f 1617 1766 1765
f 1766 1622 1767
f 1768 1622 1623
f 1625 1768 1623
f 1627 1769 1625
f 1629 1770 1627
f 1631 1771 1629
f 1633 1772 1631
f 1635 1773 1633
f 1774 1637 1775
f 1775 1639 1776
f 1776 1641 1777
f 1777 1643 1778
f 1778 1645 1779
f 1779 1647 1780
f 1647 1754 1780
f 1726 1753 1725
f 1727 1753 1755
f 1727 1756 1728
f 1728 1757 1729
f 1729 1758 1730
f 1730 1759 1731
f 1731 1760 1732
f 1732 1761 1733
f 1733 1762 1734
f 1734 1763 1735
f 1763 1736 1735
f 1736 1765 1737
f 1737 1766 1738
f 1738 1767 1739
f 1767 1740 1739
f 1768 1741 1740
f 1769 1742 1741
f 1770 1743 1742
f 1771 1744 1743
f 1772 1745 1744
f 1745 1774 1746
f 1775 1746 1774
f 1776 1747 1775
f 1777 1748 1776
f 1778 1749 1777
f 1779 1750 1778
f 1780 1751 1779
f 1754 1752 1780
f 1702 1570 1701
f 1569 1703 1571
f 1571 1704 1572
f 1572 1705 1573
f 1573 1706 1574
f 1574 1707 1575
f 1707 1576 1575
f 1709 1576 1708
f 1709 1578 1577
f 1710 1579 1578
f 1711 1580 1579
f 1712 1581 1580
f 1581 1714 1582
f 1582 1715 1583
f 1584 1715 1716
f 1584 1717 1585
f 1585 1718 1586
f 1587 1718 1719
f 1587 1720 1588
f 1588 1721 1589
f 1589 1722 1590
f 1590 1723 1591
f 1591 1724 1592
f 1592 1701 1570
f 1781 1595 1782
f 1783 1594 1781
f 1784 1598 1783
f 1785 1600 1784
f 1786 1602 1785
f 1787 1604 1786
f 1788 1606 1787
f 1610 1788 1789
f 1612 1789 1790
f 1614 1790 1791
f 1616 1791 1792
f 1618 1792 1793
f 1620 1793 1794
f 1794 1621 1620
f 1624 1795 1796
f 1626 1796 1797
f 1628 1797 1798
f 1630 1798 1799
f 1632 1799 1800
f 1634 1800 1801
f 1636 1801 1802
f 1803 1636 1802
f 1804 1638 1803
f 1805 1640 1804
f 1806 1642 1805
f 1807 1644 1806
f 1808 1646 1807
f 1782 1648 1808
f 1810 1812 1811
f 1813 1811 1814
f 1815 1814 1816
f 1817 1816 1818
f 1819 1818 1820
f 1821 1820 1822
f 1823 1822 1824
f 1824 1826 1823
f 1825 1828 1826
f 1827 1830 1828
f 1831 1829 1832
f 1832 1834 1831
f 1833 1836 1834
f 1835 1838 1836
f 1837 1840 1838
f 1840 1842 1841
f 1841 1844 1843
f 1843 1846 1845
f 1845 1848 1847
f 1847 1850 1849
f 1849 1852 1851
f 1853 1852 1854
f 1855 1854 1856
f 1857 1856 1858
f 1859 1858 1860
f 1861 1860 1862
f 1863 1862 1864
f 1809 1864 1812
f 3587 1868 1867
f 1869 3589 3588
f 1871 3590 3589
f 1871 1873 3592
f 3593 3592 1873
f 3594 3593 1874
f 3595 3594 1875
f 1877 3595 1876
f 1878 3596 1877
f 1879 3597 1878
f 3600 3599 3598
f 3601 3600 1881
f 3602 3601 1883
f 3603 1885 1887
f 1888 3604 3603
f 3604 1891 3605
f 1892 3606 3605
f 3606 3608 3607
f 1894 1895 3609
f 1895 1896 3610
f 3611 3610 1896
f 3611 1898 3612
f 1899 3612 1898
f 1900 3581 1899
f 3584 3583 3582
f 1902 3585 3584
f 1903 3586 3585
f 3587 3586 1905
f 3666 3665 1909
f 3665 3664 1911
f 3664 3663 1913
f 3663 3662 3661
f 1915 3661 3660
f 1916 3660 3659
f 3658 1918 1917
f 3658 3657 1919
f 3657 3656 1920
f 3656 3655 1921
f 3655 3654 3653
f 1922 3652 1924
f 1924 3651 1926
f 1926 3650 1928
f 1930 1928 3650
f 3649 1933 1930
f 1934 1933 3648
f 3645 1934 3647
f 3676 1936 3645
f 3675 1937 3676
f 3674 1939 1938
f 3674 3673 1940
f 3673 3672 1941
f 3672 3671 1942
f 1942 3669 1943
f 3668 1946 1943
f 3667 1948 1946
f 3666 1908 1948
f 1809 1867 1868
f 1867 1813 1869
f 1869 1815 1871
f 1871 1817 1873
f 1873 1819 1874
f 1874 1821 1875
f 1821 1876 1875
f 1826 1876 1823
f 1828 1877 1826
f 1830 1878 1828
f 1831 1879 1830
f 1834 1881 1831
f 1836 1883 1834
f 1838 1885 1836
f 1840 1887 1838
f 1841 1888 1840
f 1843 1891 1841
f 1845 1892 1843
f 1847 1894 1845
f 1849 1895 1847
f 1851 1896 1849
f 1897 1853 1898
f 1898 1855 1899
f 1899 1857 1900
f 1900 1859 1902
f 1902 1861 1903
f 1903 1863 1905
f 1905 1809 1868
f 1949 1812 1950
f 1951 1811 1949
f 1952 1814 1951
f 1953 1816 1952
f 1954 1818 1953
f 1955 1820 1954
f 1956 1822 1955
f 1825 1956 1957
f 1827 1957 1958
f 1829 1958 1959
f 1832 1959 1960
f 1960 1833 1832
f 1835 1961 1962
f 1837 1962 1963
f 1839 1963 1964
f 1842 1964 1965
f 1844 1965 1966
f 1846 1966 1967
f 1848 1967 1968
f 1850 1968 1969
f 1852 1969 1970
f 1971 1852 1970
f 1972 1854 1971
f 1973 1856 1972
f 1974 1858 1973
f 1975 1860 1974
f 1976 1862 1975
f 1950 1864 1976
f 1977 1782 1978
f 1783 1977 1979
f 1980 1783 1979
f 1981 1784 1980
f 1982 1785 1981
f 1983 1786 1982
f 1984 1787 1983
f 1789 1984 1985
f 1790 1985 1986
f 1791 1986 1987
f 1792 1987 1988
f 1793 1988 1989
f 1794 1989 1990
f 1795 1990 1991
f 1796 1991 1992
f 1797 1992 1993
f 1798 1993 1994
f 1799 1994 1995
f 1800 1995 1996
f 1801 1996 1997
f 1802 1997 1998
f 1999 1802 1998
f 2000 1803 1999
f 2001 1804 2000
f 2002 1805 2001
f 2003 1806 2002
f 2004 1807 2003
f 1978 1808 2004
f 1978 1909 1977
f 1977 1911 1979
f 1979 1913 1980
f 1980 1915 1981
f 1981 1916 1982
f 1982 1917 1983
f 1983 1918 1984
f 1918 1985 1984
f 1985 1920 1986
f 1986 1921 1987
f 1987 1922 1988
f 1988 1924 1989
f 1989 1926 1990
f 1990 1928 1991
f 1930 1991 1928
f 1992 1933 1993
f 1993 1934 1994
f 1936 1994 1934
f 1937 1995 1936
f 1996 1938 1997
f 1939 1997 1938
f 1998 1940 1999
f 1999 1941 2000
f 2000 1942 2001
f 2002 1942 1943
f 2002 1946 2003
f 2003 1948 2004
f 1908 2004 1948
f 2005 1950 2006
f 2007 1949 2005
f 2008 1951 2007
f 2009 1952 2008
f 2010 1953 2009
f 2011 1954 2010
f 2012 1955 2011
f 1957 2012 2013
f 1958 2013 2014
f 1959 2014 2015
f 1960 2015 2016
f 1961 2016 2017
f 2017 1962 1961
f 1963 2018 2019
f 1964 2019 2020
f 1965 2020 2021
f 1966 2021 2022
f 1967 2022 2023
f 1968 2023 2024
f 1969 2024 2025
f 1970 2025 2026
f 2027 1970 2026
f 2028 1971 2027
f 2029 1972 2028
f 2030 1973 2029
f 2031 1974 2030
f 2032 1975 2031
f 2006 1976 2032
f 2034 2036 2035
f 2033 2038 2036
f 2037 2040 2038
f 2039 2042 2040
f 2041 2044 2042
f 2043 2046 2044
f 2045 2048 2046
f 2050 2048 2047
f 2052 2049 2050
f 2054 2051 2052
f 2056 2053 2054
f 2058 2055 2056
f 2060 2057 2058
f 2062 2059 2060
f 2064 2061 2062
f 2066 2063 2064
f 2068 2065 2066
f 2070 2067 2068
f 2072 2069 2070
f 2074 2071 2072
f 2076 2073 2074
f 2075 2078 2077
f 2077 2080 2079
f 2079 2082 2081
f 2081 2084 2083
f 2083 2086 2085
f 2085 2088 2087
f 2087 2034 2035
f 2036 2006 2035
f 2005 2038 2007
f 2007 2040 2008
f 2008 2042 2009
f 2009 2044 2010
f 2010 2046 2011
f 2011 2048 2012
f 2048 2013 2012
f 2049 2014 2013
f 2051 2015 2014
f 2015 2055 2016
f 2055 2017 2016
f 2057 2018 2017
f 2059 2019 2018
f 2019 2063 2020
f 2020 2065 2021
f 2021 2067 2022
f 2022 2069 2023
f 2023 2071 2024
f 2024 2073 2025
f 2073 2026 2025
f 2027 2075 2077
f 2028 2077 2079
f 2029 2079 2081
f 2030 2081 2083
f 2031 2083 2085
f 2032 2085 2087
f 2035 2032 2087
f 2090 2092 2091
f 2094 2089 2090
f 2096 2093 2094
f 2098 2095 2096
f 2100 2097 2098
f 2102 2099 2100
f 2101 2104 2103
f 2103 2106 2105
f 2105 2108 2107
f 2107 2110 2109
f 2109 2112 2111
f 2112 2114 2111
f 2113 2116 2114
f 2115 2118 2116
f 2120 2118 2117
f 2119 2122 2121
f 2121 2124 2123
f 2124 2126 2123
f 2126 2128 2127
f 2130 2127 2128
f 2132 2129 2130
f 2134 2131 2132
f 2136 2133 2134
f 2135 2091 2092
f 2092 585 586
f 2089 587 585
f 2093 588 587
f 588 2097 589
f 590 2097 2099
f 590 2101 591
f 591 2103 592
f 2105 592 2103
f 2107 593 2105
f 594 2109 595
f 595 2111 596
f 596 2114 597
f 2116 597 2114
f 2118 598 2116
f 2119 599 2118
f 2121 600 2119
f 2121 602 601
f 2126 602 2123
f 2127 603 2126
f 605 2127 2129
f 2131 605 2129
f 2133 606 2131
f 2135 607 2133
f 586 2135 2092
f 2033 2138 2137
f 2037 2137 2139
f 2039 2139 2140
f 2041 2140 2141
f 2043 2141 2142
f 2045 2142 2143
f 2047 2143 2144
f 2144 2050 2047
f 2145 2052 2050
f 2146 2054 2052
f 2147 2056 2054
f 2148 2058 2056
f 2149 2060 2058
f 2150 2062 2060
f 2151 2064 2062
f 2152 2066 2064
f 2153 2068 2066
f 2154 2070 2068
f 2155 2072 2070
f 2074 2156 2157
f 2157 2076 2074
f 2078 2158 2159
f 2080 2159 2160
f 2082 2160 2161
f 2084 2161 2162
f 2086 2162 2163
f 2088 2163 2164
f 2034 2164 2138
f 357 2138 358
f 2137 359 2139
f 2139 360 2140
f 2140 361 2141
f 2141 362 2142
f 2142 363 2143
f 364 2143 363
f 2144 365 2145
f 2145 366 2146
f 2146 367 2147
f 2147 368 2148
f 2148 369 2149
f 2149 370 2150
f 2150 371 2151
f 2152 371 372
f 2153 372 373
f 2154 373 374
f 2155 374 375
f 2156 375 376
f 2157 376 377
f 2158 377 378
f 2159 378 379
f 2160 379 380
f 2161 380 381
f 2162 381 382
f 2163 382 383
f 2164 383 384
f 358 2164 384
f 2166 385 386
f 2167 386 387
f 2168 387 388
f 2169 388 389
f 2169 390 2170
f 390 2171 2170
f 391 2172 2171
f 393 2172 392
f 2173 394 2174
f 2175 394 395
f 2176 395 396
f 2177 396 397
f 398 2177 397
f 399 2178 398
f 400 2179 399
f 2181 400 401
f 2182 401 402
f 403 2182 402
f 404 2183 403
f 405 2184 404
f 2186 405 406
f 407 2186 406
f 408 2187 407
f 2188 385 2165
f 2091 2166 2090
f 2090 2167 2094
f 2094 2168 2096
f 2096 2169 2098
f 2098 2170 2100
f 2100 2171 2102
f 2104 2171 2172
f 2106 2172 2173
f 2108 2173 2174
f 2110 2174 2175
f 2112 2175 2176
f 2113 2176 2177
f 2115 2177 2178
f 2117 2178 2179
f 2180 2117 2179
f 2122 2180 2181
f 2124 2181 2182
f 2125 2182 2183
f 2125 2184 2128
f 2128 2185 2130
f 2185 2132 2130
f 2132 2187 2134
f 2134 2188 2136
f 2136 2165 2091
f 2190 2192 2191
f 2193 2191 2194
f 2195 2194 2196
f 2197 2196 2198
f 2199 2198 2200
f 2201 2200 2202
f 2203 2202 2204
f 2205 2204 2206
f 2207 2206 2208
f 2209 2208 2210
f 2211 2210 2212
f 2213 2212 2214
f 2215 2214 2216
f 2216 2218 2215
f 2220 2218 2217
f 2222 2219 2220
f 2224 2221 2222
f 2226 2223 2224
f 2228 2225 2226
f 2230 2227 2228
f 2232 2229 2230
f 2234 2231 2232
f 2236 2233 2234
f 2238 2235 2236
f 2240 2237 2238
f 2242 2239 2240
f 2244 2241 2242
f 2192 2243 2244
f 2245 793 2246
f 2246 795 2247
f 796 2247 795
f 2248 797 2249
f 2250 797 798
f 2250 799 2251
f 2251 800 2252
f 801 2252 800
f 2253 802 2254
f 2254 803 2255
f 2255 804 2256
f 2256 805 2257
f 2257 806 2258
f 2258 807 2259
f 2259 808 2260
f 2260 809 2261
f 2261 810 2262
f 2262 811 2263
f 2263 812 2264
f 2264 813 2265
f 2265 814 2266
f 2266 815 2267
f 2267 816 2268
f 2268 794 2245
f 2269 765 2270
f 767 2269 2271
f 768 2271 2272
f 769 2272 2273
f 770 2273 2274
f 771 2274 2275
f 772 2275 2276
f 773 2276 2277
f 774 2277 2278
f 775 2278 2279
f 776 2279 2280
f 777 2280 2281
f 778 2281 2282
f 779 2282 2283
f 780 2283 2284
f 781 2284 2285
f 782 2285 2286
f 783 2286 2287
f 784 2287 2288
f 785 2288 2289
f 786 2289 2290
f 787 2290 2291
f 788 2291 2292
f 789 2292 2293
f 2294 789 2293
f 791 2294 2295
f 792 2295 2296
f 765 2296 2270
f 2269 2298 2297
f 2271 2297 2299
f 2272 2299 2300
f 2273 2300 2301
f 2274 2301 2302
f 2275 2302 2303
f 2276 2303 2304
f 2277 2304 2305
f 2278 2305 2306
f 2279 2306 2307
f 2280 2307 2308
f 2281 2308 2309
f 2282 2309 2310
f 2310 2283 2282
f 2312 2283 2311
f 2313 2284 2312
f 2314 2285 2313
f 2315 2286 2314
f 2316 2287 2315
f 2317 2288 2316
f 2318 2289 2317
f 2319 2290 2318
f 2320 2291 2319
f 2321 2292 2320
f 2322 2293 2321
f 2323 2294 2322
f 2324 2295 2323
f 2298 2296 2324
f 2189 2326 2325
f 2190 2327 2326
f 2193 2328 2327
f 2195 2329 2328
f 2197 2330 2329
f 2199 2331 2330
f 2201 2332 2331
f 2203 2333 2332
f 2205 2334 2333
f 2207 2335 2334
f 2209 2336 2335
f 2211 2337 2336
f 2213 2338 2337
f 2338 2218 2339
f 2340 2218 2219
f 2221 2340 2219
f 2223 2341 2221
f 2225 2342 2223
f 2227 2343 2225
f 2229 2344 2227
f 2231 2345 2229
f 2233 2346 2231
f 2235 2347 2233
f 2237 2348 2235
f 2239 2349 2237
f 2241 2350 2239
f 2243 2351 2241
f 2189 2352 2243
f 2326 2298 2325
f 2297 2327 2299
f 2299 2328 2300
f 2300 2329 2301
f 2301 2330 2302
f 2302 2331 2303
f 2303 2332 2304
f 2304 2333 2305
f 2305 2334 2306
f 2306 2335 2307
f 2335 2308 2307
f 2308 2337 2309
f 2309 2338 2310
f 2310 2339 2311
f 2312 2339 2340
f 2313 2340 2341
f 2314 2341 2342
f 2315 2342 2343
f 2316 2343 2344
f 2317 2344 2345
f 2346 2317 2345
f 2347 2318 2346
f 2348 2319 2347
f 2349 2320 2348
f 2350 2321 2349
f 2351 2322 2350
f 2352 2323 2351
f 2325 2324 2352
f 2353 2246 2354
f 2354 2247 2355
f 2355 2248 2356
f 2356 2249 2357
f 2249 2358 2357
f 2358 2251 2359
f 2359 2252 2360
f 2360 2253 2361
f 2361 2254 2362
f 2362 2255 2363
f 2363 2256 2364
f 2364 2257 2365
f 2257 2366 2365
f 2258 2367 2366
f 2259 2368 2367
f 2260 2369 2368
f 2261 2370 2369
f 2262 2371 2370
f 2263 2372 2371
f 2264 2373 2372
f 2265 2374 2373
f 2266 2375 2374
f 2267 2376 2375
f 2268 2353 2376
f 2377 842 2378
f 843 2377 2379
f 844 2379 2380
f 845 2380 2381
f 846 2381 2382
f 847 2382 2383
f 848 2383 2384
f 849 2384 2385
f 850 2385 2386
f 851 2386 2387
f 852 2387 2388
f 853 2388 2389
f 2390 853 2389
f 2391 854 2390
f 2392 855 2391
f 2393 856 2392
f 2394 857 2393
f 2395 858 2394
f 2396 859 2395
f 2397 860 2396
f 2398 861 2397
f 2399 862 2398
f 2400 863 2399
f 842 2400 2378
f 2377 2353 2354
f 2379 2354 2355
f 2356 2379 2355
f 2381 2356 2357
f 2382 2357 2358
f 2358 2383 2382
f 2359 2384 2383
f 2361 2384 2360
f 2361 2386 2385
f 2362 2387 2386
f 2363 2388 2387
f 2364 2389 2388
f 2365 2390 2389
f 2366 2391 2390
f 2391 2368 2392
f 2368 2393 2392
f 2369 2394 2393
f 2394 2371 2395
f 2395 2372 2396
f 2373 2396 2372
f 2397 2374 2398
f 2398 2375 2399
f 2399 2376 2400
f 2400 2353 2378
f 2191 2402 2401
f 2194 2401 2403
f 2196 2403 2404
f 2198 2404 2405
f 2200 2405 2406
f 2202 2406 2407
f 2204 2407 2408
f 2206 2408 2409
f 2208 2409 2410
f 2210 2410 2411
f 2212 2411 2412
f 2214 2412 2413
f 2216 2413 2414
f 2414 2217 2216
f 2416 2217 2415
f 2417 2220 2416
f 2418 2222 2417
f 2419 2224 2418
f 2420 2226 2419
f 2421 2228 2420
f 2422 2230 2421
f 2423 2232 2422
f 2424 2234 2423
f 2425 2236 2424
f 2426 2238 2425
f 2427 2240 2426
f 2428 2242 2427
f 2402 2244 2428
f 2430 2432 2431
f 2432 2434 2433
f 2433 2436 2435
f 2435 2438 2437
f 2437 2440 2439
f 2439 2442 2441
f 2441 2444 2443
f 2444 2446 2443
f 2445 2448 2446
f 2447 2450 2448
f 2449 2452 2450
f 2451 2454 2452
f 2453 2456 2454
f 2455 2458 2456
f 2460 2458 2457
f 2462 2459 2460
f 2464 2461 2462
f 2466 2463 2464
f 2468 2465 2466
f 2470 2467 2468
f 2472 2469 2470
f 2474 2471 2472
f 2476 2473 2474
f 2478 2475 2476
f 2480 2477 2478
f 2482 2479 2480
f 2484 2481 2482
f 2430 2483 2484
f 2485 3691 3690
f 2487 3691 2485
f 2488 3692 2487
f 3695 2488 2489
f 3696 3695 2489
f 3697 3696 2490
f 3698 3697 2491
f 2493 3698 2492
f 3699 2493 2494
f 2495 3701 3700
f 3701 3703 3702
f 2496 3704 3703
f 2497 3705 3704
f 3706 3705 2498
f 2500 3706 2499
f 2501 3707 2500
f 3708 2502 3677
f 2502 2503 3679
f 3680 3679 2503
f 3681 3680 2504
f 3682 3681 2505
f 3682 2507 3683
f 3683 2508 3684
f 2509 3684 2508
f 3687 3686 3685
f 3688 3687 2510
f 3689 3688 2511
f 3690 3689 2512
f 2431 2485 2486
f 2432 2487 2485
f 2433 2488 2487
f 2435 2489 2488
f 2437 2490 2489
f 2439 2491 2490
f 2443 2491 2441
f 2446 2492 2443
f 2448 2493 2446
f 2450 2494 2448
f 2452 2495 2450
f 2452 2497 2496
f 2454 2498 2497
f 2456 2499 2498
f 2499 2459 2500
f 2500 2461 2501
f 2501 2463 2502
f 2502 2465 2503
f 2503 2467 2504
f 2504 2469 2505
f 2505 2471 2506
f 2506 2473 2507
f 2507 2475 2508
f 2508 2477 2509
f 2509 2479 2510
f 2510 2481 2511
f 2511 2483 2512
f 2512 2431 2486
f 3626 3625 2514
f 3625 3624 2515
f 2516 3624 3623
f 3623 3622 3621
f 2517 3620 2518
f 2518 3619 2519
f 2519 3618 2520
f 3618 3617 2521
f 3617 3616 2522
f 3616 3615 2523
f 3615 3614 3613
f 2524 3644 2525
f 2525 3643 2526
f 2526 3643 3642
f 3642 2528 2527
f 3641 3640 2529
f 3640 3639 2530
f 3637 2530 3639
f 3636 2531 3637
f 3635 2532 3636
f 3634 2533 3635
f 3634 2535 2534
f 3633 2536 2535
f 3632 2537 2536
f 3629 2538 2537
f 3628 2538 3629
f 3627 2540 2539
f 3626 2540 3627
f 2430 2542 2429
f 2542 2434 2429
f 2543 2436 2434
f 2544 2438 2436
f 2545 2440 2438
f 2546 2442 2440
f 2547 2444 2442
f 2548 2445 2444
f 2549 2447 2445
f 2550 2449 2447
f 2551 2451 2449
f 2552 2453 2451
f 2553 2455 2453
f 2554 2457 2455
f 2556 2457 2555
f 2557 2460 2556
f 2558 2462 2557
f 2559 2464 2558
f 2560 2466 2559
f 2561 2468 2560
f 2562 2470 2561
f 2563 2472 2562
f 2564 2474 2563
f 2565 2476 2564
f 2566 2478 2565
f 2567 2480 2566
f 2568 2482 2567
f 2541 2484 2568
f 2401 2570 2569
f 2401 2571 2403
f 2404 2571 2572
f 2405 2572 2573
f 2406 2573 2574
f 2407 2574 2575
f 2408 2575 2576
f 2409 2576 2577
f 2410 2577 2578
f 2411 2578 2579
f 2412 2579 2580
f 2413 2580 2581
f 2414 2581 2582
f 2415 2582 2583
f 2584 2415 2583
f 2585 2416 2584
f 2586 2417 2585
f 2587 2418 2586
f 2588 2419 2587
f 2589 2420 2588
f 2590 2421 2589
f 2591 2422 2590
f 2592 2423 2591
f 2593 2424 2592
f 2594 2425 2593
f 2595 2426 2594
f 2596 2427 2595
f 2570 2428 2596
f 2514 2570 2513
f 2569 2515 2571
f 2571 2516 2572
f 2572 2517 2573
f 2517 2574 2573
f 2518 2575 2574
f 2519 2576 2575
f 2576 2521 2577
f 2577 2522 2578
f 2522 2579 2578
f 2523 2580 2579
f 2580 2525 2581
f 2581 2526 2582
f 2526 2583 2582
f 2528 2583 2527
f 2529 2584 2528
f 2530 2585 2529
f 2530 2587 2586
f 2532 2587 2531
f 2533 2588 2532
f 2534 2589 2533
f 2535 2590 2534
f 2535 2592 2591
f 2536 2593 2592
f 2594 2537 2538
f 2538 2595 2594
f 2540 2595 2539
f 2513 2596 2540
f 2598 2600 2599
f 2597 2602 2600
f 2601 2604 2602
f 2603 2606 2604
f 2608 2606 2605
f 2610 2607 2608
f 2612 2609 2610
f 2614 2611 2612
f 2616 2613 2614
f 2618 2615 2616
f 2618 2620 2617
f 2619 2622 2620
f 2621 2624 2622
f 2623 2626 2624
f 2626 2628 2627
f 2627 2630 2629
f 2629 2632 2631
f 2631 2634 2633
f 2633 2636 2635
f 2636 2638 2635
f 2638 2640 2639
f 2639 2642 2641
f 2641 2644 2643
f 2643 2646 2645
f 2645 2648 2647
f 2647 2650 2649
f 2649 2652 2651
f 2651 2598 2599
f 2541 2654 2542
f 2542 2655 2543
f 2543 2656 2544
f 2544 2657 2545
f 2545 2658 2546
f 2546 2659 2547
f 2547 2660 2548
f 2660 2549 2548
f 2661 2550 2549
f 2662 2551 2550
f 2663 2552 2551
f 2664 2553 2552
f 2665 2554 2553
f 2666 2555 2554
f 2668 2555 2667
f 2669 2556 2668
f 2670 2557 2669
f 2671 2558 2670
f 2672 2559 2671
f 2673 2560 2672
f 2674 2561 2673
f 2675 2562 2674
f 2676 2563 2675
f 2677 2564 2676
f 2678 2565 2677
f 2679 2566 2678
f 2680 2567 2679
f 2653 2568 2680
f 2653 2600 2654
f 2602 2654 2600
f 2604 2655 2602
f 2606 2656 2604
f 2607 2657 2606
f 2609 2658 2607
f 2611 2659 2609
f 2611 2661 2660
f 2613 2662 2661
f 2615 2663 2662
f 2617 2664 2663
f 2620 2665 2664
f 2622 2666 2665
f 2624 2667 2666
f 2627 2667 2626
f 2629 2668 2627
f 2631 2669 2629
f 2633 2670 2631
f 2635 2671 2633
f 2638 2672 2635
f 2639 2673 2638
f 2641 2674 2639
f 2643 2675 2641
f 2645 2676 2643
f 2647 2677 2645
f 2649 2678 2647
f 2651 2679 2649
f 2599 2680 2651
f 2682 2684 2683
f 2681 2686 2684
f 2685 2688 2686
f 2687 2690 2688
f 2689 2692 2690
f 2691 2694 2692
f 2693 2696 2694
f 2695 2698 2696
f 2697 2700 2698
f 2699 2702 2700
f 2701 2704 2702
f 2703 2706 2704
f 2706 2708 2707
f 2707 2710 2709
f 2710 2712 2709
f 2712 2714 2713
f 2713 2716 2715
f 2715 2718 2717
f 2717 2720 2719
f 2719 2722 2721
f 2721 2724 2723
f 2723 2726 2725
f 2725 2728 2727
f 2727 2682 2683
f 2683 889 890
f 2684 891 889
f 2686 892 891
f 892 2690 893
f 893 2692 894
f 894 2694 895
f 2694 896 895
f 896 2698 897
f 897 2700 898
f 2700 899 898
f 2702 900 899
f 2704 901 900
f 2707 901 2706
f 2709 902 2707
f 2712 903 2709
f 2712 905 904
f 2713 906 905
f 2717 906 2715
f 2717 908 907
f 2721 908 2719
f 2723 909 2721
f 2725 910 2723
f 2727 911 2725
f 2683 912 2727
f 2729 661 2730
f 663 2730 661
f 664 2731 663
f 665 2732 664
f 666 2733 665
f 667 2734 666
f 2735 668 2736
f 2736 669 2737
f 2737 670 2738
f 2738 671 2739
f 2739 672 2740
f 2740 673 2741
f 2741 674 2742
f 2742 675 2743
f 2744 675 676
f 2745 676 677
f 2746 677 678
f 2747 678 679
f 2748 679 680
f 2749 680 681
f 2750 681 682
f 2751 682 683
f 2752 683 684
f 2753 684 685
f 686 2753 685
f 687 2754 686
f 2756 687 688
f 662 2756 688
f 2598 2730 2597
f 2597 2731 2601
f 2601 2732 2603
f 2603 2733 2605
f 2605 2734 2608
f 2608 2735 2610
f 2610 2736 2612
f 2736 2614 2612
f 2737 2616 2614
f 2738 2618 2616
f 2739 2619 2618
f 2740 2621 2619
f 2741 2623 2621
f 2742 2625 2623
f 2744 2625 2743
f 2745 2628 2744
f 2746 2630 2745
f 2747 2632 2746
f 2748 2634 2747
f 2749 2636 2748
f 2750 2637 2749
f 2751 2640 2750
f 2752 2642 2751
f 2753 2644 2752
f 2754 2646 2753
f 2755 2648 2754
f 2756 2650 2755
f 2729 2652 2756
f 2757 690 2758
f 2758 691 2759
f 2759 692 2760
f 2760 693 2761
f 2761 694 2762
f 694 2763 2762
f 695 2764 2763
f 2764 697 2765
f 697 2766 2765
f 2766 699 2767
f 2767 700 2768
f 2768 701 2769
f 702 2769 701
f 703 2770 702
f 704 2771 703
f 705 2772 704
f 2773 706 2774
f 707 2774 706
f 708 2775 707
f 709 2776 708
f 710 2777 709
f 711 2778 710
f 712 2779 711
f 712 2757 2780
f 2682 2758 2681
f 2681 2759 2685
f 2685 2760 2687
f 2687 2761 2689
f 2689 2762 2691
f 2691 2763 2693
f 2693 2764 2695
f 2695 2765 2697
f 2697 2766 2699
f 2699 2767 2701
f 2701 2768 2703
f 2703 2769 2705
f 2770 2705 2769
f 2771 2708 2770
f 2772 2710 2771
f 2773 2711 2772
f 2774 2714 2773
f 2775 2716 2774
f 2776 2718 2775
f 2777 2720 2776
f 2778 2722 2777
f 2779 2724 2778
f 2780 2726 2779
f 2757 2728 2780
f 2682 2728 2757
f 2728 2726 2780
f 2726 2724 2779
f 2724 2722 2778
f 2722 2720 2777
f 2720 2718 2776
f 2718 2716 2775
f 2716 2714 2774
f 2714 2711 2773
f 2711 2710 2772
f 2710 2708 2771
f 2708 2705 2770
f 2768 2769 2703
f 2767 2768 2701
f 2766 2767 2699
f 2765 2766 2697
f 2764 2765 2695
f 2763 2764 2693
f 2762 2763 2691
f 2761 2762 2689
f 2760 2761 2687
f 2759 2760 2685
f 2758 2759 2681
f 2757 2758 2682
f 689 2757 712
f 2780 2779 712
f 2779 2778 711
f 2778 2777 710
f 2777 2776 709
f 2776 2775 708
f 2775 2774 707
f 705 706 2773
f 2773 2772 705
f 2772 2771 704
f 2771 2770 703
f 2770 2769 702
f 700 701 2768
f 699 700 2767
f 698 699 2766
f 698 2766 697
f 696 697 2764
f 696 2764 695
f 695 2763 694
f 693 694 2761
f 692 693 2760
f 691 692 2759
f 690 691 2758
f 689 690 2757
f 2598 2652 2729
f 2652 2650 2756
f 2650 2648 2755
f 2648 2646 2754
f 2646 2644 2753
f 2644 2642 2752
f 2642 2640 2751
f 2640 2637 2750
f 2637 2636 2749
f 2636 2634 2748
f 2634 2632 2747
f 2632 2630 2746
f 2630 2628 2745
f 2628 2625 2744
f 2743 2625 2742
f 2742 2623 2741
f 2741 2621 2740
f 2740 2619 2739
f 2739 2618 2738
f 2738 2616 2737
f 2737 2614 2736
f 2735 2736 2610
f 2734 2735 2608
f 2733 2734 2605
f 2732 2733 2603
f 2731 2732 2601
f 2730 2731 2597
f 2729 2730 2598
f 2729 2756 662
f 2755 687 2756
f 2755 2754 687
f 2754 2753 686
f 2752 684 2753
f 2751 683 2752
f 2750 682 2751
f 2749 681 2750
f 2748 680 2749
f 2747 679 2748
f 2746 678 2747
f 2745 677 2746
f 2744 676 2745
f 2743 675 2744
f 674 675 2742
f 673 674 2741
f 672 673 2740
f 671 672 2739
f 670 671 2738
f 669 670 2737
f 668 669 2736
f 667 668 2735
f 2735 2734 667
f 2734 2733 666
f 2733 2732 665
f 2732 2731 664
f 2731 2730 663
f 662 661 2729
f 890 912 2683
f 912 911 2727
f 911 910 2725
f 910 909 2723
f 909 908 2721
f 2719 908 2717
f 907 906 2717
f 2715 906 2713
f 2713 905 2712
f 904 903 2712
f 903 902 2709
f 902 901 2707
f 2706 901 2704
f 2704 900 2702
f 2702 899 2700
f 2698 2700 897
f 2696 2698 896
f 2696 896 2694
f 2692 2694 894
f 2690 2692 893
f 2688 2690 892
f 2688 892 2686
f 2686 891 2684
f 2684 889 2683
f 2728 2682 2727
f 2726 2728 2725
f 2724 2726 2723
f 2722 2724 2721
f 2720 2722 2719
f 2718 2720 2717
f 2716 2718 2715
f 2714 2716 2713
f 2711 2714 2712
f 2711 2712 2710
f 2708 2710 2707
f 2705 2708 2706
f 2705 2706 2703
f 2703 2704 2701
f 2701 2702 2699
f 2699 2700 2697
f 2697 2698 2695
f 2695 2696 2693
f 2693 2694 2691
f 2691 2692 2689
f 2689 2690 2687
f 2687 2688 2685
f 2685 2686 2681
f 2681 2684 2682
f 2653 2680 2599
f 2680 2679 2651
f 2679 2678 2649
f 2678 2677 2647
f 2677 2676 2645
f 2676 2675 2643
f 2675 2674 2641
f 2674 2673 2639
f 2673 2672 2638
f 2672 2671 2635
f 2671 2670 2633
f 2670 2669 2631
f 2669 2668 2629
f 2668 2667 2627
f 2626 2667 2624
f 2624 2666 2622
f 2622 2665 2620
f 2620 2664 2617
f 2617 2663 2615
f 2615 2662 2613
f 2613 2661 2611
f 2660 2659 2611
f 2659 2658 2609
f 2658 2657 2607
f 2657 2656 2606
f 2656 2655 2604
f 2655 2654 2602
f 2599 2600 2653
f 2541 2568 2653
f 2568 2567 2680
f 2567 2566 2679
f 2566 2565 2678
f 2565 2564 2677
f 2564 2563 2676
f 2563 2562 2675
f 2562 2561 2674
f 2561 2560 2673
f 2560 2559 2672
f 2559 2558 2671
f 2558 2557 2670
f 2557 2556 2669
f 2556 2555 2668
f 2667 2555 2666
f 2666 2554 2665
f 2665 2553 2664
f 2664 2552 2663
f 2663 2551 2662
f 2662 2550 2661
f 2661 2549 2660
f 2659 2660 2547
f 2658 2659 2546
f 2657 2658 2545
f 2656 2657 2544
f 2655 2656 2543
f 2654 2655 2542
f 2653 2654 2541
f 2652 2598 2651
f 2650 2652 2649
f 2648 2650 2647
f 2646 2648 2645
f 2644 2646 2643
f 2642 2644 2641
f 2640 2642 2639
f 2637 2640 2638
f 2637 2638 2636
f 2634 2636 2633
f 2632 2634 2631
f 2630 2632 2629
f 2628 2630 2627
f 2625 2628 2626
f 2625 2626 2623
f 2623 2624 2621
f 2621 2622 2619
f 2619 2620 2618
f 2617 2615 2618
f 2615 2613 2616
f 2613 2611 2614
f 2611 2609 2612
f 2609 2607 2610
f 2607 2606 2608
f 2605 2606 2603
f 2603 2604 2601
f 2601 2602 2597
f 2597 2600 2598
f 2570 2596 2513
f 2596 2595 2540
f 2539 2595 2538
f 2593 2537 2594
f 2537 2593 2536
f 2536 2592 2535
f 2591 2590 2535
f 2590 2589 2534
f 2589 2588 2533
f 2588 2587 2532
f 2531 2587 2530
f 2586 2585 2530
f 2585 2584 2529
f 2584 2583 2528
f 2527 2583 2526
f 2525 2526 2581
f 2524 2525 2580
f 2524 2580 2523
f 2523 2579 2522
f 2521 2522 2577
f 2520 2521 2576
f 2520 2576 2519
f 2519 2575 2518
f 2518 2574 2517
f 2516 2517 2572
f 2515 2516 2571
f 2514 2515 2569
f 2569 2570 2514
f 2402 2428 2570
f 2428 2427 2596
f 2427 2426 2595
f 2426 2425 2594
f 2425 2424 2593
f 2424 2423 2592
f 2423 2422 2591
f 2422 2421 2590
f 2421 2420 2589
f 2420 2419 2588
f 2419 2418 2587
f 2418 2417 2586
f 2417 2416 2585
f 2416 2415 2584
f 2414 2582 2415
f 2413 2581 2414
f 2412 2580 2413
f 2411 2579 2412
f 2410 2578 2411
f 2409 2577 2410
f 2408 2576 2409
f 2407 2575 2408
f 2406 2574 2407
f 2405 2573 2406
f 2404 2572 2405
f 2403 2571 2404
f 2569 2571 2401
f 2402 2570 2401
f 2430 2484 2541
f 2484 2482 2568
f 2482 2480 2567
f 2480 2478 2566
f 2478 2476 2565
f 2476 2474 2564
f 2474 2472 2563
f 2472 2470 2562
f 2470 2468 2561
f 2468 2466 2560
f 2466 2464 2559
f 2464 2462 2558
f 2462 2460 2557
f 2460 2457 2556
f 2555 2457 2554
f 2554 2455 2553
f 2553 2453 2552
f 2552 2451 2551
f 2551 2449 2550
f 2550 2447 2549
f 2549 2445 2548
f 2548 2444 2547
f 2547 2442 2546
f 2546 2440 2545
f 2545 2438 2544
f 2544 2436 2543
f 2543 2434 2542
f 2541 2542 2430
f 2513 2540 3626
f 3627 2539 3628
f 2539 2538 3628
f 3629 3631 3630
f 3629 2537 3631
f 3631 2537 3632
f 3632 2536 3633
f 3633 2535 3634
f 2534 2533 3634
f 2533 2532 3635
f 2532 2531 3636
f 2531 2530 3637
f 3637 3639 3638
f 3640 2530 2529
f 3641 2529 2528
f 3641 2528 3642
f 2526 3642 2527
f 3644 3643 2525
f 3613 3644 2524
f 3613 2524 2523
f 3615 3613 2523
f 3616 2523 2522
f 3617 2522 2521
f 3618 2521 2520
f 3619 3618 2519
f 3620 3619 2518
f 3621 3620 2517
f 3621 2517 2516
f 3623 3621 2516
f 2515 3624 2516
f 3625 2515 2514
f 3626 2514 2513
f 2483 2431 2512
f 2481 2483 2511
f 2479 2481 2510
f 2477 2479 2509
f 2475 2477 2508
f 2473 2475 2507
f 2471 2473 2506
f 2469 2471 2505
f 2467 2469 2504
f 2465 2467 2503
f 2463 2465 2502
f 2461 2463 2501
f 2459 2461 2500
f 2458 2459 2499
f 2458 2499 2456
f 2456 2498 2454
f 2454 2497 2452
f 2496 2495 2452
f 2495 2494 2450
f 2494 2493 2448
f 2493 2492 2446
f 2492 2491 2443
f 2441 2491 2439
f 2439 2490 2437
f 2437 2489 2435
f 2435 2488 2433
f 2433 2487 2432
f 2432 2485 2431
f 3690 2512 2486
f 3689 2511 2512
f 3688 2510 2511
f 3687 2509 2510
f 3687 3685 2509
f 3685 3684 2509
f 2507 2508 3683
f 2506 2507 3682
f 3682 2505 2506
f 3681 2504 2505
f 3680 2503 2504
f 2502 3679 3677
f 3677 3679 3678
f 2501 2502 3708
f 3708 3707 2501
f 3707 3706 2500
f 3706 2498 2499
f 2498 3705 2497
f 2497 3704 2496
f 2496 3703 2495
f 2495 3703 3701
f 2495 3700 2494
f 3699 2494 3700
f 3699 3698 2493
f 3698 2491 2492
f 3697 2490 2491
f 3696 2489 2490
f 3693 3695 3694
f 3693 2488 3695
f 3693 3692 2488
f 3692 3691 2487
f 2485 3690 2486
f 2431 2483 2430
f 2483 2481 2484
f 2481 2479 2482
f 2479 2477 2480
f 2477 2475 2478
f 2475 2473 2476
f 2473 2471 2474
f 2471 2469 2472
f 2469 2467 2470
f 2467 2465 2468
f 2465 2463 2466
f 2463 2461 2464
f 2461 2459 2462
f 2459 2458 2460
f 2457 2458 2455
f 2455 2456 2453
f 2453 2454 2451
f 2451 2452 2449
f 2449 2450 2447
f 2447 2448 2445
f 2445 2446 2444
f 2442 2444 2441
f 2440 2442 2439
f 2438 2440 2437
f 2436 2438 2435
f 2434 2436 2433
f 2429 2434 2432
f 2429 2432 2430
f 2192 2244 2402
f 2244 2242 2428
f 2242 2240 2427
f 2240 2238 2426
f 2238 2236 2425
f 2236 2234 2424
f 2234 2232 2423
f 2232 2230 2422
f 2230 2228 2421
f 2228 2226 2420
f 2226 2224 2419
f 2224 2222 2418
f 2222 2220 2417
f 2220 2217 2416
f 2415 2217 2414
f 2214 2413 2216
f 2212 2412 2214
f 2210 2411 2212
f 2208 2410 2210
f 2206 2409 2208
f 2204 2408 2206
f 2202 2407 2204
f 2200 2406 2202
f 2198 2405 2200
f 2196 2404 2198
f 2194 2403 2196
f 2191 2401 2194
f 2192 2402 2191
f 2376 2353 2400
f 2375 2376 2399
f 2374 2375 2398
f 2373 2374 2397
f 2397 2396 2373
f 2371 2372 2395
f 2370 2371 2394
f 2370 2394 2369
f 2369 2393 2368
f 2367 2368 2391
f 2367 2391 2366
f 2366 2390 2365
f 2365 2389 2364
f 2364 2388 2363
f 2363 2387 2362
f 2362 2386 2361
f 2385 2384 2361
f 2360 2384 2359
f 2359 2383 2358
f 2381 2357 2382
f 2380 2356 2381
f 2380 2379 2356
f 2377 2354 2379
f 2378 2353 2377
f 864 2400 842
f 864 863 2400
f 863 862 2399
f 862 861 2398
f 861 860 2397
f 860 859 2396
f 859 858 2395
f 858 857 2394
f 857 856 2393
f 856 855 2392
f 855 854 2391
f 854 853 2390
f 852 2388 853
f 851 2387 852
f 850 2386 851
f 849 2385 850
f 848 2384 849
f 847 2383 848
f 846 2382 847
f 845 2381 846
f 844 2380 845
f 843 2379 844
f 841 2377 843
f 841 842 2377
f 2245 2353 2268
f 2268 2376 2267
f 2267 2375 2266
f 2266 2374 2265
f 2265 2373 2264
f 2264 2372 2263
f 2263 2371 2262
f 2262 2370 2261
f 2261 2369 2260
f 2260 2368 2259
f 2259 2367 2258
f 2258 2366 2257
f 2256 2257 2364
f 2255 2256 2363
f 2254 2255 2362
f 2253 2254 2361
f 2252 2253 2360
f 2251 2252 2359
f 2250 2251 2358
f 2250 2358 2249
f 2248 2249 2356
f 2247 2248 2355
f 2246 2247 2354
f 2245 2246 2353
f 2298 2324 2325
f 2324 2323 2352
f 2323 2322 2351
f 2322 2321 2350
f 2321 2320 2349
f 2320 2319 2348
f 2319 2318 2347
f 2318 2317 2346
f 2316 2344 2317
f 2315 2343 2316
f 2314 2342 2315
f 2313 2341 2314
f 2312 2340 2313
f 2311 2339 2312
f 2338 2339 2310
f 2337 2338 2309
f 2336 2337 2308
f 2336 2308 2335
f 2334 2335 2306
f 2333 2334 2305
f 2332 2333 2304
f 2331 2332 2303
f 2330 2331 2302
f 2329 2330 2301
f 2328 2329 2300
f 2327 2328 2299
f 2326 2327 2297
f 2297 2298 2326
f 2325 2352 2189
f 2352 2351 2243
f 2351 2350 2241
f 2350 2349 2239
f 2349 2348 2237
f 2348 2347 2235
f 2347 2346 2233
f 2346 2345 2231
f 2345 2344 2229
f 2344 2343 2227
f 2343 2342 2225
f 2342 2341 2223
f 2341 2340 2221
f 2339 2218 2340
f 2215 2218 2338
f 2215 2338 2213
f 2213 2337 2211
f 2211 2336 2209
f 2209 2335 2207
f 2207 2334 2205
f 2205 2333 2203
f 2203 2332 2201
f 2201 2331 2199
f 2199 2330 2197
f 2197 2329 2195
f 2195 2328 2193
f 2193 2327 2190
f 2190 2326 2189
f 2270 2296 2298
f 2296 2295 2324
f 2295 2294 2323
f 2294 2293 2322
f 2293 2292 2321
f 2292 2291 2320
f 2291 2290 2319
f 2290 2289 2318
f 2289 2288 2317
f 2288 2287 2316
f 2287 2286 2315
f 2286 2285 2314
f 2285 2284 2313
f 2284 2283 2312
f 2311 2283 2310
f 2281 2309 2282
f 2280 2308 2281
f 2279 2307 2280
f 2278 2306 2279
f 2277 2305 2278
f 2276 2304 2277
f 2275 2303 2276
f 2274 2302 2275
f 2273 2301 2274
f 2272 2300 2273
f 2271 2299 2272
f 2269 2297 2271
f 2270 2298 2269
f 792 2296 765
f 791 2295 792
f 790 2294 791
f 790 789 2294
f 788 2292 789
f 787 2291 788
f 786 2290 787
f 785 2289 786
f 784 2288 785
f 783 2287 784
f 782 2286 783
f 781 2285 782
f 780 2284 781
f 779 2283 780
f 778 2282 779
f 777 2281 778
f 776 2280 777
f 775 2279 776
f 774 2278 775
f 773 2277 774
f 772 2276 773
f 771 2275 772
f 770 2274 771
f 769 2273 770
f 768 2272 769
f 767 2271 768
f 766 2269 767
f 766 765 2269
f 816 794 2268
f 815 816 2267
f 814 815 2266
f 813 814 2265
f 812 813 2264
f 811 812 2263
f 810 811 2262
f 809 810 2261
f 808 809 2260
f 807 808 2259
f 806 807 2258
f 805 806 2257
f 804 805 2256
f 803 804 2255
f 802 803 2254
f 801 802 2253
f 2253 2252 801
f 799 800 2251
f 798 799 2250
f 2249 797 2250
f 796 797 2248
f 2248 2247 796
f 793 795 2246
f 794 793 2245
f 2189 2243 2192
f 2243 2241 2244
f 2241 2239 2242
f 2239 2237 2240
f 2237 2235 2238
f 2235 2233 2236
f 2233 2231 2234
f 2231 2229 2232
f 2229 2227 2230
f 2227 2225 2228
f 2225 2223 2226
f 2223 2221 2224
f 2221 2219 2222
f 2219 2218 2220
f 2217 2218 2216
f 2213 2214 2215
f 2211 2212 2213
f 2209 2210 2211
f 2207 2208 2209
f 2205 2206 2207
f 2203 2204 2205
f 2201 2202 2203
f 2199 2200 2201
f 2197 2198 2199
f 2195 2196 2197
f 2193 2194 2195
f 2190 2191 2193
f 2189 2192 2190
f 2188 2165 2136
f 2187 2188 2134
f 2186 2187 2132
f 2186 2132 2185
f 2184 2185 2128
f 2183 2184 2125
f 2124 2182 2125
f 2122 2181 2124
f 2120 2180 2122
f 2120 2117 2180
f 2115 2178 2117
f 2113 2177 2115
f 2112 2176 2113
f 2110 2175 2112
f 2108 2174 2110
f 2106 2173 2108
f 2104 2172 2106
f 2102 2171 2104
f 2170 2171 2100
f 2169 2170 2098
f 2168 2169 2096
f 2167 2168 2094
f 2166 2167 2090
f 2165 2166 2091
f 408 385 2188
f 2188 2187 408
f 2187 2186 407
f 2185 405 2186
f 2185 2184 405
f 2184 2183 404
f 2183 2182 403
f 2181 401 2182
f 2180 400 2181
f 2180 2179 400
f 2179 2178 399
f 2178 2177 398
f 2176 396 2177
f 2175 395 2176
f 2174 394 2175
f 393 394 2173
f 2173 2172 393
f 392 2172 391
f 391 2171 390
f 389 390 2169
f 2168 388 2169
f 2167 387 2168
f 2166 386 2167
f 2165 385 2166
f 2138 2164 358
f 2163 383 2164
f 2162 382 2163
f 2161 381 2162
f 2160 380 2161
f 2159 379 2160
f 2158 378 2159
f 2157 377 2158
f 2156 376 2157
f 2155 375 2156
f 2154 374 2155
f 2153 373 2154
f 2152 372 2153
f 2151 371 2152
f 370 371 2150
f 369 370 2149
f 368 369 2148
f 367 368 2147
f 366 367 2146
f 365 366 2145
f 364 365 2144
f 2144 2143 364
f 362 363 2142
f 361 362 2141
f 360 361 2140
f 359 360 2139
f 357 359 2137
f 2137 2138 357
f 2088 2164 2034
f 2086 2163 2088
f 2084 2162 2086
f 2082 2161 2084
f 2080 2160 2082
f 2078 2159 2080
f 2076 2158 2078
f 2158 2076 2157
f 2072 2156 2074
f 2156 2072 2155
f 2155 2070 2154
f 2154 2068 2153
f 2153 2066 2152
f 2152 2064 2151
f 2151 2062 2150
f 2150 2060 2149
f 2149 2058 2148
f 2148 2056 2147
f 2147 2054 2146
f 2146 2052 2145
f 2145 2050 2144
f 2045 2143 2047
f 2043 2142 2045
f 2041 2141 2043
f 2039 2140 2041
f 2037 2139 2039
f 2033 2137 2037
f 2034 2138 2033
f 608 2135 586
f 608 607 2135
f 607 606 2133
f 606 605 2131
f 604 2127 605
f 604 603 2127
f 603 602 2126
f 2123 602 2121
f 601 600 2121
f 600 599 2119
f 599 598 2118
f 598 597 2116
f 2111 2114 596
f 2109 2111 595
f 2107 2109 594
f 594 593 2107
f 593 592 2105
f 2101 2103 591
f 2099 2101 590
f 589 2097 590
f 2095 2097 588
f 2095 588 2093
f 2093 587 2089
f 2089 585 2092
f 2136 2091 2135
f 2135 2133 2136
f 2133 2131 2134
f 2131 2129 2132
f 2129 2127 2130
f 2125 2128 2126
f 2125 2126 2124
f 2122 2124 2121
f 2120 2122 2119
f 2119 2118 2120
f 2117 2118 2115
f 2115 2116 2113
f 2113 2114 2112
f 2110 2112 2109
f 2108 2110 2107
f 2106 2108 2105
f 2104 2106 2103
f 2102 2104 2101
f 2101 2099 2102
f 2099 2097 2100
f 2097 2095 2098
f 2095 2093 2096
f 2093 2089 2094
f 2089 2092 2090
f 2006 2032 2035
f 2031 2085 2032
f 2030 2083 2031
f 2029 2081 2030
f 2028 2079 2029
f 2027 2077 2028
f 2026 2075 2027
f 2075 2026 2073
f 2071 2073 2024
f 2069 2071 2023
f 2067 2069 2022
f 2065 2067 2021
f 2063 2065 2020
f 2061 2063 2019
f 2061 2019 2059
f 2059 2018 2057
f 2057 2017 2055
f 2053 2055 2015
f 2053 2015 2051
f 2051 2014 2049
f 2049 2013 2048
f 2046 2048 2011
f 2044 2046 2010
f 2042 2044 2009
f 2040 2042 2008
f 2038 2040 2007
f 2036 2038 2005
f 2005 2006 2036
f 2088 2034 2087
f 2086 2088 2085
f 2084 2086 2083
f 2082 2084 2081
f 2080 2082 2079
f 2078 2080 2077
f 2076 2078 2075
f 2075 2073 2076
f 2073 2071 2074
f 2071 2069 2072
f 2069 2067 2070
f 2067 2065 2068
f 2065 2063 2066
f 2063 2061 2064
f 2061 2059 2062
f 2059 2057 2060
f 2057 2055 2058
f 2055 2053 2056
f 2053 2051 2054
f 2051 2049 2052
f 2049 2048 2050
f 2047 2048 2045
f 2045 2046 2043
f 2043 2044 2041
f 2041 2042 2039
f 2039 2040 2037
f 2037 2038 2033
f 2033 2036 2034
f 1950 1976 2006
f 1976 1975 2032
f 1975 1974 2031
f 1974 1973 2030
f 1973 1972 2029
f 1972 1971 2028
f 1971 1970 2027
f 1969 2025 1970
f 1968 2024 1969
f 1967 2023 1968
f 1966 2022 1967
f 1965 2021 1966
f 1964 2020 1965
f 1963 2019 1964
f 1962 2018 1963
f 2018 1962 2017
f 1960 2016 1961
f 1959 2015 1960
f 1958 2014 1959
f 1957 2013 1958
f 1956 2012 1957
f 1956 1955 2012
f 1955 1954 2011
f 1954 1953 2010
f 1953 1952 2009
f 1952 1951 2008
f 1951 1949 2007
f 1949 1950 2005
f 1978 2004 1908
f 1946 1948 2003
f 1943 1946 2002
f 2001 1942 2002
f 1941 1942 2000
f 1940 1941 1999
f 1939 1940 1998
f 1998 1997 1939
f 1937 1938 1996
f 1996 1995 1937
f 1995 1994 1936
f 1933 1934 1993
f 1930 1933 1992
f 1992 1991 1930
f 1926 1928 1990
f 1924 1926 1989
f 1922 1924 1988
f 1921 1922 1987
f 1920 1921 1986
f 1919 1920 1985
f 1919 1985 1918
f 1917 1918 1983
f 1916 1917 1982
f 1915 1916 1981
f 1913 1915 1980
f 1911 1913 1979
f 1909 1911 1977
f 1908 1909 1978
f 1782 1808 1978
f 1808 1807 2004
f 1807 1806 2003
f 1806 1805 2002
f 1805 1804 2001
f 1804 1803 2000
f 1803 1802 1999
f 1801 1997 1802
f 1800 1996 1801
f 1799 1995 1800
f 1798 1994 1799
f 1797 1993 1798
f 1796 1992 1797
f 1795 1991 1796
f 1794 1990 1795
f 1793 1989 1794
f 1792 1988 1793
f 1791 1987 1792
f 1790 1986 1791
f 1789 1985 1790
f 1788 1984 1789
f 1788 1787 1984
f 1787 1786 1983
f 1786 1785 1982
f 1785 1784 1981
f 1784 1783 1980
f 1781 1977 1783
f 1781 1782 1977
f 1812 1864 1950
f 1864 1862 1976
f 1862 1860 1975
f 1860 1858 1974
f 1858 1856 1973
f 1856 1854 1972
f 1854 1852 1971
f 1850 1969 1852
f 1848 1968 1850
f 1846 1967 1848
f 1844 1966 1846
f 1842 1965 1844
f 1839 1964 1842
f 1837 1963 1839
f 1835 1962 1837
f 1833 1961 1835
f 1961 1833 1960
f 1829 1959 1832
f 1827 1958 1829
f 1825 1957 1827
f 1824 1956 1825
f 1824 1822 1956
f 1822 1820 1955
f 1820 1818 1954
f 1818 1816 1953
f 1816 1814 1952
f 1814 1811 1951
f 1811 1812 1949
f 1863 1809 1905
f 1861 1863 1903
f 1859 1861 1902
f 1857 1859 1900
f 1855 1857 1899
f 1853 1855 1898
f 1851 1853 1897
f 1897 1896 1851
f 1896 1895 1849
f 1895 1894 1847
f 1894 1892 1845
f 1892 1891 1843
f 1891 1888 1841
f 1888 1887 1840
f 1887 1885 1838
f 1885 1883 1836
f 1883 1881 1834
f 1881 1879 1831
f 1879 1878 1830
f 1878 1877 1828
f 1877 1876 1826
f 1823 1876 1821
f 1819 1821 1874
f 1817 1819 1873
f 1815 1817 1871
f 1813 1815 1869
f 1810 1813 1867
f 1810 1867 1809
f 3666 1948 3667
f 3667 1946 3668
f 3668 1943 3669
f 3670 3669 3671
f 3671 3669 1942
f 3672 1942 1941
f 3673 1941 1940
f 3674 1940 1939
f 3674 1938 3675
f 1938 1937 3675
f 1937 1936 3676
f 1936 1934 3645
f 3645 3647 3646
f 1934 3648 3647
f 3648 1933 3649
f 1930 3650 3649
f 3651 3650 1926
f 3652 3651 1924
f 3653 3652 1922
f 3655 1922 1921
f 3655 3653 1922
f 3656 1921 1920
f 3657 1920 1919
f 3658 1919 1918
f 3658 1917 3659
f 1916 3659 1917
f 1915 3660 1916
f 3661 1915 1913
f 3663 3661 1913
f 3664 1913 1911
f 3665 1911 1909
f 3666 1909 1908
f 3587 1905 1868
f 1905 3586 1903
f 1903 3585 1902
f 3584 1900 1902
f 3584 3582 1900
f 3582 3581 1900
f 3581 3612 1899
f 1897 1898 3611
f 3611 1896 1897
f 1895 3610 3609
f 1894 3609 3608
f 1894 3608 1892
f 1892 3608 3606
f 1892 3605 1891
f 1888 1891 3604
f 1888 3603 1887
f 3602 1885 3603
f 3602 1883 1885
f 3601 1881 1883
f 3598 1879 1881
f 3600 3598 1881
f 3598 3597 1879
f 3597 3596 1878
f 3596 3595 1877
f 3595 1875 1876
f 3594 1874 1875
f 3593 1873 1874
f 1871 3592 3590
f 3590 3592 3591
f 1871 3589 1869
f 1869 3588 1867
f 3587 1867 3588
f 1863 1864 1809
f 1861 1862 1863
f 1859 1860 1861
f 1857 1858 1859
f 1855 1856 1857
f 1853 1854 1855
f 1851 1852 1853
f 1850 1852 1849
f 1848 1850 1847
f 1846 1848 1845
f 1844 1846 1843
f 1842 1844 1841
f 1839 1842 1840
f 1839 1840 1837
f 1837 1838 1835
f 1835 1836 1833
f 1833 1834 1832
f 1830 1829 1831
f 1829 1830 1827
f 1827 1828 1825
f 1825 1826 1824
f 1821 1822 1823
f 1819 1820 1821
f 1817 1818 1819
f 1815 1816 1817
f 1813 1814 1815
f 1810 1811 1813
f 1809 1812 1810
f 1595 1648 1782
f 1648 1646 1808
f 1646 1644 1807
f 1644 1642 1806
f 1642 1640 1805
f 1640 1638 1804
f 1638 1636 1803
f 1634 1801 1636
f 1632 1800 1634
f 1630 1799 1632
f 1628 1798 1630
f 1626 1797 1628
f 1624 1796 1626
f 1621 1795 1624
f 1795 1621 1794
f 1618 1793 1620
f 1616 1792 1618
f 1614 1791 1616
f 1612 1790 1614
f 1610 1789 1612
f 1608 1788 1610
f 1608 1606 1788
f 1606 1604 1787
f 1604 1602 1786
f 1602 1600 1785
f 1600 1598 1784
f 1598 1594 1783
f 1594 1595 1781
f 1724 1701 1592
f 1723 1724 1591
f 1722 1723 1590
f 1721 1722 1589
f 1720 1721 1588
f 1719 1720 1587
f 1586 1718 1587
f 1717 1718 1585
f 1716 1717 1584
f 1583 1715 1584
f 1714 1715 1582
f 1713 1714 1581
f 1713 1581 1712
f 1712 1580 1711
f 1711 1579 1710
f 1710 1578 1709
f 1577 1576 1709
f 1708 1576 1707
f 1706 1707 1574
f 1705 1706 1573
f 1704 1705 1572
f 1703 1704 1571
f 1702 1703 1569
f 1569 1570 1702
f 1726 1752 1754
f 1752 1751 1780
f 1751 1750 1779
f 1750 1749 1778
f 1749 1748 1777
f 1748 1747 1776
f 1747 1746 1775
f 1773 1774 1745
f 1773 1745 1772
f 1772 1744 1771
f 1771 1743 1770
f 1770 1742 1769
f 1769 1741 1768
f 1768 1740 1767
f 1766 1767 1738
f 1765 1766 1737
f 1764 1765 1736
f 1764 1736 1763
f 1762 1763 1734
f 1761 1762 1733
f 1760 1761 1732
f 1759 1760 1731
f 1758 1759 1730
f 1757 1758 1729
f 1756 1757 1728
f 1755 1756 1727
f 1725 1753 1727
f 1754 1753 1726
f 1596 1754 1647
f 1645 1647 1779
f 1643 1645 1778
f 1641 1643 1777
f 1639 1641 1776
f 1637 1639 1775
f 1635 1637 1774
f 1774 1773 1635
f 1773 1772 1633
f 1772 1771 1631
f 1771 1770 1629
f 1770 1769 1627
f 1769 1768 1625
f 1767 1622 1768
f 1619 1622 1766
f 1619 1766 1617
f 1617 1765 1615
f 1615 1764 1613
f 1613 1763 1611
f 1611 1762 1609
f 1609 1761 1607
f 1605 1607 1759
f 1603 1605 1758
f 1601 1603 1757
f 1599 1601 1756
f 1597 1599 1755
f 1593 1597 1753
f 1753 1754 1593
f 1649 1676 1726
f 1676 1675 1752
f 1675 1674 1751
f 1674 1673 1750
f 1673 1672 1749
f 1672 1671 1748
f 1671 1670 1747
f 1669 1745 1670
f 1668 1744 1669
f 1667 1743 1668
f 1666 1742 1667
f 1665 1741 1666
f 1664 1740 1665
f 1663 1739 1664
f 1739 1663 1738
f 1661 1737 1662
f 1660 1736 1661
f 1659 1735 1660
f 1658 1734 1659
f 1657 1733 1658
f 1656 1732 1657
f 1656 1655 1732
f 1655 1654 1731
f 1654 1653 1730
f 1653 1652 1729
f 1652 1651 1728
f 1651 1650 1727
f 1650 1649 1725
f 1677 1701 1700
f 1700 1724 1699
f 1699 1723 1698
f 1698 1722 1697
f 1697 1721 1696
f 1696 1720 1695
f 1694 1695 1718
f 1693 1694 1717
f 1692 1693 1716
f 1691 1692 1715
f 1690 1691 1714
f 1689 1690 1713
f 1688 1689 1712
f 1687 1688 1711
f 1686 1687 1710
f 1685 1686 1709
f 1684 1685 1708
f 1683 1684 1707
f 1683 1707 1682
f 1706 1705 1682
f 1681 1705 1680
f 1680 1704 1679
f 1679 1703 1678
f 1678 1702 1677
f 512 490 1700
f 511 512 1699
f 510 511 1698
f 509 510 1697
f 508 509 1696
f 507 508 1695
f 1695 1694 507
f 506 1694 505
f 505 1693 504
f 1692 1691 504
f 503 1691 502
f 502 1690 501
f 500 501 1688
f 499 500 1687
f 498 499 1686
f 497 498 1685
f 1685 1684 497
f 495 496 1683
f 495 1683 494
f 494 1682 493
f 493 1681 492
f 491 492 1679
f 491 1679 489
f 489 1678 490
f 488 1676 461
f 1675 1676 487
f 1674 1675 486
f 486 485 1674
f 484 1672 485
f 483 1671 484
f 482 1670 483
f 1669 1670 481
f 1668 1669 480
f 1667 1668 479
f 1666 1667 478
f 1665 1666 477
f 1664 1665 476
f 1663 1664 475
f 474 1662 475
f 473 1661 474
f 472 1660 473
f 471 1659 472
f 470 1658 471
f 469 1657 470
f 468 1656 469
f 1656 468 1655
f 1655 467 1654
f 1654 466 1653
f 1653 465 1652
f 1652 464 1651
f 1651 463 1650
f 1649 1650 461
f 1596 1647 1595
f 1647 1645 1648
f 1645 1643 1646
f 1643 1641 1644
f 1641 1639 1642
f 1639 1637 1640
f 1637 1635 1638
f 1633 1634 1635
f 1631 1632 1633
f 1629 1630 1631
f 1627 1628 1629
f 1625 1626 1627
f 1623 1624 1625
f 1622 1621 1623
f 1621 1622 1620
f 1617 1618 1619
f 1615 1616 1617
f 1613 1614 1615
f 1611 1612 1613
f 1609 1610 1611
f 1607 1608 1609
f 1607 1605 1608
f 1605 1603 1606
f 1603 1601 1604
f 1601 1599 1602
f 1599 1597 1600
f 1597 1593 1598
f 1593 1596 1594
f 538 560 1570
f 1592 560 1591
f 1591 559 1590
f 1590 558 1589
f 1589 557 1588
f 1588 556 1587
f 555 554 1587
f 554 553 1586
f 553 552 1585
f 552 551 1584
f 551 550 1583
f 550 549 1582
f 548 1580 549
f 547 1579 548
f 546 1578 547
f 545 1577 546
f 545 544 1577
f 543 1575 544
f 543 542 1575
f 1573 1574 541
f 1572 1573 540
f 1571 1572 539
f 1569 1571 537
f 537 538 1569
f 1515 1568 1471
f 1513 1567 1515
f 1511 1566 1513
f 1509 1565 1511
f 1508 1564 1509
f 1505 1563 1508
f 1504 1562 1505
f 1502 1561 1504
f 1500 1560 1502
f 1500 1498 1560
f 1496 1558 1498
f 1494 1557 1496
f 1556 1557 1492
f 1555 1556 1490
f 1554 1555 1488
f 1553 1554 1486
f 1552 1553 1484
f 1551 1552 1482
f 1550 1551 1480
f 1549 1550 1478
f 1548 1549 1476
f 1547 1548 1474
f 1546 1547 1470
f 1545 1546 1471
f 81 1545 104
f 1568 1567 104
f 1567 1566 103
f 1566 1565 102
f 1565 1564 101
f 1564 1563 100
f 1563 1562 99
f 97 98 1561
f 1560 96 1561
f 1560 1559 96
f 1559 1558 95
f 1558 1557 94
f 1556 92 1557
f 1555 91 1556
f 1554 90 1555
f 90 1554 89
f 88 89 1552
f 87 88 1551
f 86 87 1550
f 1550 1549 86
f 1548 84 1549
f 83 84 1547
f 82 83 1546
f 81 82 1545
f 1439 1544 1387
f 1437 1543 1439
f 1436 1542 1437
f 1433 1541 1436
f 1431 1540 1433
f 1429 1539 1431
f 1427 1538 1429
f 1426 1537 1427
f 1426 1424 1537
f 1422 1535 1424
f 1420 1534 1422
f 1418 1533 1420
f 1416 1532 1418
f 1414 1531 1416
f 1531 1414 1530
f 1530 1412 1529
f 1529 1410 1528
f 1528 1408 1527
f 1527 1406 1526
f 1526 1404 1525
f 1525 1402 1524
f 1523 1524 1398
f 1522 1523 1396
f 1521 1522 1394
f 1520 1521 1392
f 1519 1520 1390
f 1518 1519 1386
f 1517 1518 1387
f 1517 1544 54
f 1543 79 1544
f 1542 78 1543
f 1541 77 1542
f 1540 76 1541
f 1539 75 1540
f 1538 74 1539
f 1537 73 1538
f 1536 72 1537
f 1535 71 1536
f 1534 70 1535
f 1533 69 1534
f 1532 68 1533
f 1531 67 1532
f 1530 66 1531
f 1529 65 1530
f 1528 64 1529
f 1527 63 1528
f 1526 62 1527
f 1525 61 1526
f 1524 60 1525
f 1524 1523 60
f 1523 1522 59
f 1522 1521 58
f 1521 1520 57
f 1520 1519 56
f 1519 1518 55
f 54 53 1517
f 282 304 1472
f 304 303 1516
f 303 302 1514
f 302 301 1512
f 301 300 1510
f 1507 300 1506
f 299 298 1506
f 1503 298 1501
f 1501 297 1499
f 296 295 1499
f 295 294 1497
f 294 293 1495
f 1493 293 1491
f 1491 292 1489
f 1489 291 1487
f 1485 1487 289
f 1483 1485 288
f 1483 288 1481
f 287 286 1481
f 285 1477 286
f 285 284 1477
f 1473 1475 283
f 1469 1473 281
f 1472 1469 282
f 1515 1471 1516
f 1515 1516 1513
f 1513 1514 1511
f 1511 1512 1509
f 1509 1510 1508
f 1505 1508 1506
f 1505 1506 1504
f 1502 1504 1501
f 1500 1502 1499
f 1498 1500 1497
f 1496 1498 1495
f 1494 1496 1493
f 1493 1491 1494
f 1491 1489 1492
f 1489 1487 1490
f 1487 1485 1488
f 1485 1483 1486
f 1483 1481 1484
f 1481 1479 1482
f 1479 1477 1480
f 1477 1475 1478
f 1475 1473 1476
f 1473 1469 1474
f 1469 1472 1470
f 1442 1468 1388
f 1467 1438 1468
f 1466 1435 1467
f 1465 1434 1466
f 1464 1432 1465
f 1463 1430 1464
f 1462 1428 1463
f 1461 1425 1462
f 1461 1460 1425
f 1460 1459 1423
f 1459 1458 1421
f 1458 1457 1419
f 1457 1456 1417
f 1456 1455 1415
f 1413 1455 1411
f 1411 1454 1409
f 1409 1453 1407
f 1407 1452 1405
f 1405 1451 1403
f 1403 1450 1401
f 1401 1449 1399
f 1448 1447 1399
f 1447 1446 1397
f 1446 1445 1395
f 1445 1444 1393
f 1444 1443 1391
f 1443 1441 1389
f 1388 1385 1442
f 1270 1296 1442
f 1296 1295 1468
f 1295 1294 1467
f 1294 1293 1466
f 1293 1292 1465
f 1292 1291 1464
f 1291 1290 1463
f 1290 1289 1462
f 1289 1288 1461
f 1288 1287 1460
f 1287 1286 1459
f 1286 1285 1458
f 1285 1284 1457
f 1284 1283 1456
f 1282 1454 1283
f 1454 1282 1453
f 1280 1452 1281
f 1279 1451 1280
f 1278 1450 1279
f 1277 1449 1278
f 1276 1448 1277
f 1275 1447 1276
f 1274 1446 1275
f 1273 1445 1274
f 1272 1444 1273
f 1271 1443 1272
f 1269 1441 1271
f 1270 1442 1269
f 1387 1388 1439
f 1439 1440 1437
f 1437 1438 1436
f 1433 1436 1434
f 1433 1434 1431
f 1431 1432 1429
f 1429 1430 1427
f 1427 1428 1426
f 1424 1426 1423
f 1422 1424 1421
f 1420 1422 1419
f 1418 1420 1417
f 1416 1418 1415
f 1414 1416 1413
f 1413 1411 1414
f 1411 1409 1412
f 1409 1407 1410
f 1407 1405 1408
f 1405 1403 1406
f 1403 1401 1404
f 1401 1399 1402
f 1399 1397 1400
f 1397 1395 1398
f 1395 1393 1396
f 1393 1391 1394
f 1391 1389 1392
f 1389 1385 1390
f 1385 1388 1386
f 1126 1152 1300
f 1152 1151 1351
f 1151 1150 1349
f 1150 1149 1347
f 1149 1148 1345
f 1148 1147 1343
f 1147 1146 1341
f 1146 1145 1340
f 1145 1144 1337
f 1144 1143 1335
f 1143 1142 1333
f 1142 1141 1331
f 1141 1140 1329
f 1140 1139 1327
f 1138 1323 1139
f 1137 1321 1138
f 1136 1319 1137
f 1135 1317 1136
f 1134 1315 1135
f 1133 1313 1134
f 1132 1312 1133
f 1131 1309 1132
f 1130 1307 1131
f 1129 1305 1130
f 1128 1303 1129
f 1127 1301 1128
f 1297 1301 1125
f 1126 1300 1125
f 3711 3710 1352
f 3711 1350 3712
f 3712 1348 3713
f 3713 3715 3714
f 3713 1346 3715
f 3715 1346 3716
f 3716 1344 3717
f 3717 1342 3718
f 3718 1338 3719
f 3719 1336 3720
f 1336 1334 3720
f 3721 3723 3722
f 3721 1332 3723
f 3724 1332 1330
f 1330 3725 3724
f 3726 1328 1326
f 1324 3726 1326
f 1322 3727 1324
f 1320 3728 1322
f 3729 1320 1318
f 3731 3729 1318
f 3732 1318 1316
f 3733 1316 1314
f 1311 3734 1314
f 3735 3734 1310
f 3736 3735 1308
f 3737 3736 1306
f 3737 1306 1304
f 3739 3737 1304
f 3740 1304 1302
f 3709 1302 1298
f 3710 1298 1299
f 1300 1351 1299
f 1351 1349 1352
f 1349 1347 1350
f 1345 1346 1347
f 1345 1343 1346
f 1343 1341 1344
f 1341 1340 1342
f 1339 1340 1338
f 1336 1338 1335
f 1335 1333 1336
f 1332 1334 1331
f 1330 1332 1329
f 1328 1330 1327
f 1326 1328 1325
f 1323 1324 1325
f 1321 1322 1323
f 1319 1320 1321
f 1317 1318 1319
f 1315 1316 1317
f 1313 1314 1315
f 1312 1311 1313
f 1311 1312 1310
f 1308 1310 1307
f 1306 1308 1305
f 1304 1306 1303
f 1302 1304 1301
f 1298 1302 1297
f 1297 1300 1298
f 1154 1208 1270
f 1208 1206 1296
f 1206 1204 1295
f 1204 1202 1294
f 1202 1200 1293
f 1200 1198 1292
f 1198 1196 1291
f 1196 1194 1290
f 1194 1192 1289
f 1192 1190 1288
f 1190 1188 1287
f 1188 1186 1286
f 1186 1184 1285
f 1184 1181 1284
f 1179 1282 1181
f 1177 1281 1179
f 1281 1177 1280
f 1173 1279 1176
f 1171 1278 1173
f 1169 1277 1171
f 1168 1276 1169
f 1166 1275 1168
f 1164 1274 1166
f 1162 1273 1164
f 1160 1272 1162
f 1158 1271 1160
f 1153 1269 1158
f 1154 1270 1153
f 1236 3576 3575
f 1236 3575 1235
f 3574 1234 1235
f 1234 3573 1233
f 1233 3573 3571
f 3571 3570 1233
f 3570 3569 1232
f 3569 3568 1231
f 1229 3568 3567
f 3567 1228 1229
f 3566 1227 1228
f 3565 1226 1227
f 3565 3563 1226
f 1225 1226 3562
f 1225 3561 1224
f 1223 1224 3560
f 3560 1222 1223
f 3559 1221 1222
f 3558 1220 1221
f 3557 1219 1220
f 3557 3555 1219
f 3555 3554 1219
f 3553 1218 3554
f 3552 1217 3553
f 3552 1215 1216
f 3551 1214 1215
f 3550 1213 1214
f 3579 3549 3580
f 3579 1212 3549
f 3579 3578 1212
f 3578 3577 1211
f 3577 3576 1210
f 1207 1155 1236
f 1207 1236 1205
f 1205 1235 1203
f 1203 1234 1201
f 1201 1233 1199
f 1199 1232 1197
f 1197 1231 1195
f 1195 1230 1193
f 1191 1193 1228
f 1189 1191 1227
f 1187 1189 1226
f 1185 1187 1225
f 1183 1185 1224
f 1182 1183 1223
f 1223 1222 1182
f 1222 1221 1180
f 1221 1220 1178
f 1220 1219 1175
f 1219 1218 1174
f 1218 1217 1172
f 1217 1216 1170
f 1216 1215 1167
f 1163 1165 1214
f 1161 1163 1213
f 1159 1161 1212
f 1157 1159 1211
f 1156 1157 1210
f 1155 1156 1209
f 1207 1208 1155
f 1205 1206 1207
f 1203 1204 1205
f 1201 1202 1203
f 1199 1200 1201
f 1197 1198 1199
f 1195 1196 1197
f 1193 1194 1195
f 1191 1192 1193
f 1189 1190 1191
f 1187 1188 1189
f 1185 1186 1187
f 1183 1184 1185
f 1182 1181 1183
f 1181 1182 1179
f 1179 1180 1177
f 1177 1178 1176
f 1174 1173 1175
f 1173 1174 1171
f 1171 1172 1169
f 1169 1170 1168
f 1166 1168 1165
f 1164 1166 1163
f 1162 1164 1161
f 1160 1162 1159
f 1158 1160 1157
f 1153 1158 1156
f 1153 1156 1154
f 916 968 1126
f 968 966 1152
f 966 964 1151
f 964 962 1150
f 962 960 1149
f 960 958 1148
f 958 956 1147
f 956 954 1146
f 954 952 1145
f 952 950 1144
f 950 948 1143
f 948 946 1142
f 946 944 1141
f 944 941 1140
f 1139 941 1138
f 938 1137 940
f 936 1136 938
f 934 1135 936
f 932 1134 934
f 930 1133 932
f 928 1132 930
f 926 1131 928
f 924 1130 926
f 922 1129 924
f 920 1128 922
f 918 1127 920
f 915 1125 918
f 916 1126 915
f 1100 1077 1124
f 1099 1100 1123
f 1098 1099 1122
f 1097 1098 1121
f 1096 1097 1120
f 1095 1096 1119
f 1094 1095 1118
f 1094 1118 1093
f 1093 1117 1092
f 1091 1092 1115
f 1091 1115 1090
f 1090 1114 1089
f 1089 1113 1088
f 1088 1112 1087
f 1087 1111 1086
f 1086 1110 1085
f 1109 1108 1085
f 1084 1108 1083
f 1083 1107 1082
f 1105 1081 1106
f 1104 1080 1105
f 1104 1103 1080
f 1101 1078 1103
f 1102 1077 1101
f 1124 1102 256
f 256 255 1124
f 255 254 1123
f 254 253 1122
f 253 252 1121
f 252 251 1120
f 1118 1119 250
f 1118 250 1117
f 1117 249 1116
f 1115 1116 247
f 1115 247 1114
f 1114 246 1113
f 245 244 1113
f 244 243 1112
f 243 242 1111
f 242 241 1110
f 241 240 1109
f 240 239 1108
f 1106 1107 238
f 237 1105 238
f 236 1104 237
f 235 1103 236
f 233 1101 235
f 234 1102 233
f 997 1077 1020
f 1020 1100 1019
f 1019 1099 1018
f 1018 1098 1017
f 1017 1097 1016
f 1016 1096 1015
f 1015 1095 1014
f 1014 1094 1013
f 1013 1093 1012
f 1012 1092 1011
f 1011 1091 1010
f 1010 1090 1009
f 1008 1009 1088
f 1007 1008 1087
f 1006 1007 1086
f 1005 1006 1085
f 1004 1005 1084
f 1003 1004 1083
f 1002 1003 1082
f 1002 1082 1001
f 1000 1001 1080
f 999 1000 1079
f 998 999 1078
f 997 998 1077
f 1022 1048 1050
f 1048 1047 1076
f 1047 1046 1075
f 1046 1045 1074
f 1045 1044 1073
f 1044 1043 1072
f 1043 1042 1071
f 1042 1041 1070
f 1040 1068 1041
f 1039 1067 1040
f 1038 1066 1039
f 1037 1065 1038
f 1036 1064 1037
f 1035 1063 1036
f 1062 1063 1034
f 1061 1062 1033
f 1032 1060 1033
f 1060 1032 1059
f 1058 1059 1030
f 1057 1058 1029
f 1056 1057 1028
f 1055 1056 1027
f 1054 1055 1026
f 1053 1054 1025
f 1052 1053 1024
f 1051 1052 1023
f 1049 1051 1021
f 1021 1022 1049
f 1050 1076 913
f 1076 1075 967
f 1075 1074 965
f 1074 1073 963
f 1073 1072 961
f 1072 1071 959
f 1071 1070 957
f 1070 1069 955
f 951 953 1068
f 949 951 1067
f 947 949 1066
f 945 947 1065
f 943 945 1064
f 942 943 1063
f 1062 939 1063
f 1061 937 1062
f 1060 935 1061
f 1059 933 1060
f 1058 931 1059
f 1057 929 1058
f 1056 927 1057
f 927 1056 925
f 925 1055 923
f 923 1054 921
f 921 1053 919
f 919 1052 917
f 917 1051 914
f 1049 1050 914
f 970 996 1022
f 996 995 1048
f 995 994 1047
f 994 993 1046
f 993 992 1045
f 992 991 1044
f 991 990 1043
f 990 989 1042
f 989 988 1041
f 988 987 1040
f 987 986 1039
f 986 985 1038
f 985 984 1037
f 984 983 1036
f 1035 983 1034
f 981 1033 982
f 980 1032 981
f 979 1031 980
f 978 1030 979
f 977 1029 978
f 976 1028 977
f 975 1027 976
f 974 1026 975
f 973 1025 974
f 972 1024 973
f 971 1023 972
f 969 1021 971
f 970 1022 969
f 208 186 1020
f 207 208 1019
f 206 207 1018
f 205 206 1017
f 204 205 1016
f 203 204 1015
f 202 203 1014
f 201 202 1013
f 200 201 1012
f 199 200 1011
f 198 199 1010
f 197 198 1009
f 196 197 1008
f 195 196 1007
f 194 195 1006
f 193 194 1005
f 1005 1004 193
f 191 192 1003
f 190 191 1002
f 1001 189 1002
f 188 189 1000
f 1000 999 188
f 185 187 998
f 186 185 997
f 184 996 157
f 183 995 184
f 182 994 183
f 182 181 994
f 992 993 180
f 991 992 179
f 990 991 178
f 989 990 177
f 988 989 176
f 987 988 175
f 986 987 174
f 173 985 174
f 172 984 173
f 171 983 172
f 170 982 171
f 169 981 170
f 168 980 169
f 167 979 168
f 166 978 167
f 165 977 166
f 164 976 165
f 163 975 164
f 162 974 163
f 161 973 162
f 160 972 161
f 159 971 160
f 158 969 159
f 158 157 969
f 913 967 916
f 967 965 968
f 965 963 966
f 963 961 964
f 961 959 962
f 959 957 960
f 957 955 958
f 955 953 956
f 953 951 954
f 951 949 952
f 949 947 950
f 947 945 948
f 945 943 946
f 943 942 944
f 941 942 940
f 937 938 939
f 935 936 937
f 933 934 935
f 931 932 933
f 929 930 931
f 927 928 929
f 925 926 927
f 923 924 925
f 921 922 923
f 919 920 921
f 917 918 919
f 914 915 917
f 913 916 914
f 3538 3536 3539
f 3539 3541 3540
f 3538 3537 3536
f 3539 3542 3541
f 3539 3536 3542
f 3536 3544 3542
f 3536 3535 3534
f 3542 3544 3543
f 3534 3531 3544
f 3534 3544 3536
f 3534 3533 3531
f 3544 3531 3545
f 3533 3532 3531
f 3545 3531 3546
f 3546 3531 3529
f 3546 3529 3547
f 3531 3530 3529
f 3547 3525 3548
f 3547 3529 3525
f 3529 3527 3525
f 3529 3528 3527
f 3514 3512 3515
f 3515 3517 3516
f 3514 3513 3512
f 3515 3518 3517
f 3515 3512 3518
f 3512 3520 3518
f 3512 3511 3510
f 3518 3520 3519
f 3510 3507 3520
f 3510 3520 3512
f 3510 3509 3507
f 3520 3507 3521
f 3509 3508 3507
f 3521 3507 3522
f 3522 3507 3505
f 3522 3505 3523
f 3507 3506 3505
f 3523 3501 3524
f 3523 3505 3501
f 3505 3503 3501
f 3505 3504 3503
f 3454 794 3455
f 3455 816 3456
f 3456 815 3457
f 3457 814 3458
f 813 812 3458
f 3459 812 3460
f 811 810 3460
f 3461 810 3462
f 3462 809 3463
f 808 807 3463
f 3464 807 3465
f 3465 806 3466
f 805 804 3466
f 804 803 3467
f 803 802 3468
f 802 801 3469
f 801 800 3470
f 800 799 3471
f 799 798 3472
f 798 797 3473
f 797 796 3474
f 796 795 3475
f 795 793 3476
f 793 794 3453
f 3439 792 3440
f 3438 791 3439
f 3437 790 3438
f 789 790 3436
f 3435 788 3436
f 3434 787 3435
f 3433 786 3434
f 3432 785 3433
f 3431 784 3432
f 3430 783 3431
f 3429 782 3430
f 3428 781 3429
f 3427 780 3428
f 3426 779 3427
f 778 779 3425
f 777 778 3452
f 776 777 3451
f 775 776 3450
f 774 775 3449
f 773 774 3448
f 772 773 3447
f 771 772 3446
f 770 771 3445
f 769 770 3444
f 768 769 3443
f 767 768 3442
f 766 767 3441
f 765 766 3440
f 3483 3482 3405
f 3405 3482 3406
f 3482 3481 3406
f 3481 3407 3406
f 3480 3407 3481
f 3480 3479 3408
f 3479 3478 3409
f 3478 3477 3410
f 3480 3408 3407
f 3479 3409 3408
f 3478 3410 3409
f 3477 3411 3410
f 3483 3405 3404
f 3483 3403 3484
f 3484 3402 3485
f 3485 3401 3486
f 3483 3404 3403
f 3486 3400 3487
f 3487 3399 3488
f 3488 3398 3489
f 3484 3403 3402
f 3492 3491 3422
f 3492 3422 3421
f 3493 3492 3421
f 3420 3493 3421
f 3420 3494 3493
f 3419 3494 3420
f 3419 3495 3494
f 3419 3418 3495
f 3495 3417 3496
f 3495 3418 3417
f 3496 3416 3497
f 3497 3415 3498
f 3498 3414 3499
f 3496 3417 3416
f 3412 3477 3500
f 3412 3411 3477
f 3413 3412 3500
f 3497 3416 3415
f 3499 3413 3500
f 3415 3414 3498
f 3414 3413 3499
f 3422 3491 3423
f 3423 3491 3490
f 3485 3402 3401
f 3489 3424 3490
f 3486 3401 3400
f 3490 3424 3423
f 3487 3400 3399
f 3489 3397 3424
f 3399 3398 3488
f 3353 689 3354
f 712 711 3354
f 711 710 3355
f 710 709 3356
f 709 708 3357
f 708 707 3358
f 707 706 3359
f 706 705 3360
f 705 704 3361
f 704 703 3362
f 703 702 3363
f 702 701 3364
f 3365 701 3366
f 3366 700 3367
f 3367 699 3368
f 698 697 3368
f 697 696 3369
f 3370 696 3371
f 695 694 3371
f 694 693 3372
f 693 692 3349
f 3350 692 3351
f 3351 691 3352
f 3352 690 3353
f 662 688 3336
f 3337 688 3338
f 3338 687 3339
f 686 685 3339
f 3340 685 3341
f 3341 684 3342
f 3342 683 3343
f 3343 682 3344
f 681 680 3344
f 680 679 3345
f 679 678 3346
f 678 677 3347
f 677 676 3348
f 676 675 3321
f 675 674 3322
f 674 673 3323
f 673 672 3324
f 672 671 3325
f 671 670 3326
f 670 669 3327
f 669 668 3328
f 668 667 3329
f 667 666 3330
f 666 665 3331
f 665 664 3332
f 664 663 3333
f 663 661 3334
f 661 662 3335
f 3313 3312 3389
f 3308 3394 3393
f 3308 3307 3394
f 3309 3308 3393
f 3390 3312 3311
f 3392 3309 3393
f 3311 3310 3391
f 3310 3309 3392
f 3310 3392 3391
f 3311 3391 3390
f 3312 3390 3389
f 3313 3389 3388
f 3313 3388 3314
f 3314 3388 3315
f 3388 3387 3315
f 3387 3316 3315
f 3386 3316 3387
f 3386 3317 3316
f 3385 3317 3386
f 3318 3317 3385
f 3318 3385 3384
f 3319 3318 3384
f 3294 3382 3381
f 3295 3381 3380
f 3296 3380 3379
f 3299 3376 3300
f 3297 3379 3378
f 3298 3378 3377
f 3299 3377 3376
f 3300 3376 3301
f 3376 3375 3301
f 3301 3375 3302
f 3375 3374 3302
f 3374 3303 3302
f 3373 3303 3374
f 3373 3396 3304
f 3396 3395 3305
f 3395 3394 3306
f 3373 3304 3303
f 3306 3305 3395
f 3396 3305 3304
f 3394 3307 3306
f 3377 3299 3298
f 3319 3384 3383
f 3298 3297 3378
f 3320 3319 3383
f 3320 3383 3382
f 3297 3296 3379
f 3295 3294 3381
f 3296 3295 3380
f 3382 3293 3320
f 3282 3280 3283
f 3283 3285 3284
f 3282 3281 3280
f 3283 3286 3285
f 3283 3280 3286
f 3280 3288 3286
f 3280 3279 3278
f 3286 3288 3287
f 3278 3275 3288
f 3278 3288 3280
f 3278 3277 3275
f 3288 3275 3289
f 3277 3276 3275
f 3289 3275 3290
f 3290 3275 3273
f 3290 3273 3291
f 3275 3274 3273
f 3291 3269 3292
f 3291 3273 3269
f 3273 3271 3269
f 3273 3272 3271
f 3258 3256 3259
f 3259 3261 3260
f 3258 3257 3256
f 3259 3262 3261
f 3259 3256 3262
f 3256 3264 3262
f 3256 3255 3254
f 3262 3264 3263
f 3254 3251 3264
f 3254 3264 3256
f 3254 3253 3251
f 3264 3251 3265
f 3253 3252 3251
f 3265 3251 3266
f 3266 3251 3249
f 3266 3249 3267
f 3251 3250 3249
f 3267 3245 3268
f 3267 3249 3245
f 3249 3247 3245
f 3249 3248 3247
f 3198 490 3199
f 3199 512 3200
f 3200 511 3201
f 3201 510 3202
f 509 508 3202
f 3203 508 3204
f 507 506 3204
f 3205 506 3206
f 3206 505 3207
f 504 503 3207
f 3208 503 3209
f 3209 502 3210
f 501 500 3210
f 500 499 3211
f 499 498 3212
f 498 497 3213
f 497 496 3214
f 496 495 3215
f 495 494 3216
f 494 493 3217
f 493 492 3218
f 492 491 3219
f 491 489 3220
f 489 490 3197
f 3183 488 3184
f 3182 487 3183
f 3181 486 3182
f 485 486 3180
f 3179 484 3180
f 3178 483 3179
f 3177 482 3178
f 3176 481 3177
f 3175 480 3176
f 3174 479 3175
f 3173 478 3174
f 3172 477 3173
f 3171 476 3172
f 3170 475 3171
f 474 475 3169
f 473 474 3196
f 472 473 3195
f 471 472 3194
f 470 471 3193
f 469 470 3192
f 468 469 3191
f 467 468 3190
f 466 467 3189
f 465 466 3188
f 464 465 3187
f 463 464 3186
f 462 463 3185
f 461 462 3184
f 3227 3226 3149
f 3149 3226 3150
f 3226 3225 3150
f 3225 3151 3150
f 3224 3151 3225
f 3224 3223 3152
f 3223 3222 3153
f 3222 3221 3154
f 3224 3152 3151
f 3223 3153 3152
f 3222 3154 3153
f 3221 3155 3154
f 3227 3149 3148
f 3227 3147 3228
f 3228 3146 3229
f 3229 3145 3230
f 3227 3148 3147
f 3230 3144 3231
f 3231 3143 3232
f 3232 3142 3233
f 3228 3147 3146
f 3236 3235 3166
f 3236 3166 3165
f 3237 3236 3165
f 3164 3237 3165
f 3164 3238 3237
f 3163 3238 3164
f 3163 3239 3238
f 3163 3162 3239
f 3239 3161 3240
f 3239 3162 3161
f 3240 3160 3241
f 3241 3159 3242
f 3242 3158 3243
f 3240 3161 3160
f 3156 3221 3244
f 3156 3155 3221
f 3157 3156 3244
f 3241 3160 3159
f 3243 3157 3244
f 3159 3158 3242
f 3158 3157 3243
f 3166 3235 3167
f 3167 3235 3234
f 3229 3146 3145
f 3233 3168 3234
f 3230 3145 3144
f 3234 3168 3167
f 3231 3144 3143
f 3233 3141 3168
f 3143 3142 3232
f 3097 385 3098
f 408 407 3098
f 407 406 3099
f 406 405 3100
f 405 404 3101
f 404 403 3102
f 403 402 3103
f 402 401 3104
f 401 400 3105
f 400 399 3106
f 399 398 3107
f 398 397 3108
f 3109 397 3110
f 3110 396 3111
f 3111 395 3112
f 394 393 3112
f 393 392 3113
f 3114 392 3115
f 391 390 3115
f 390 389 3116
f 389 388 3093
f 3094 388 3095
f 3095 387 3096
f 3096 386 3097
f 358 384 3080
f 3081 384 3082
f 3082 383 3083
f 382 381 3083
f 3084 381 3085
f 3085 380 3086
f 3086 379 3087
f 3087 378 3088
f 377 376 3088
f 376 375 3089
f 375 374 3090
f 374 373 3091
f 373 372 3092
f 372 371 3065
f 371 370 3066
f 370 369 3067
f 369 368 3068
f 368 367 3069
f 367 366 3070
f 366 365 3071
f 365 364 3072
f 364 363 3073
f 363 362 3074
f 362 361 3075
f 361 360 3076
f 360 359 3077
f 359 357 3078
f 357 358 3079
f 3057 3056 3133
f 3052 3138 3137
f 3052 3051 3138
f 3053 3052 3137
f 3134 3056 3055
f 3136 3053 3137
f 3055 3054 3135
f 3054 3053 3136
f 3054 3136 3135
f 3055 3135 3134
f 3056 3134 3133
f 3057 3133 3132
f 3057 3132 3058
f 3058 3132 3059
f 3132 3131 3059
f 3131 3060 3059
f 3130 3060 3131
f 3130 3061 3060
f 3129 3061 3130
f 3062 3061 3129
f 3062 3129 3128
f 3063 3062 3128
f 3038 3126 3125
f 3039 3125 3124
f 3040 3124 3123
f 3043 3120 3044
f 3041 3123 3122
f 3042 3122 3121
f 3043 3121 3120
f 3044 3120 3045
f 3120 3119 3045
f 3045 3119 3046
f 3119 3118 3046
f 3118 3047 3046
f 3117 3047 3118
f 3117 3140 3048
f 3140 3139 3049
f 3139 3138 3050
f 3117 3048 3047
f 3050 3049 3139
f 3140 3049 3048
f 3138 3051 3050
f 3121 3043 3042
f 3063 3128 3127
f 3042 3041 3122
f 3064 3063 3127
f 3064 3127 3126
f 3041 3040 3123
f 3039 3038 3125
f 3040 3039 3124
f 3126 3037 3064
f 3026 3025 3027
f 3027 3029 3028
f 3027 3025 3029
f 3025 3024 3029
f 3029 3024 3023
f 3029 3023 3030
f 3030 3023 3022
f 3030 3032 3031
f 3030 3022 3032
f 3022 3019 3032
f 3022 3021 3019
f 3032 3019 3033
f 3021 3020 3019
f 3033 3019 3034
f 3034 3019 3018
f 3034 3018 3035
f 3035 3013 3036
f 3018 3013 3035
f 3018 3017 3013
f 3017 3015 3013
f 3017 3016 3015
f 3002 3001 3003
f 3003 3005 3004
f 3003 3001 3005
f 3001 3000 3005
f 3005 3000 2999
f 3005 2999 3006
f 3006 2999 2998
f 3006 3008 3007
f 3006 2998 3008
f 2998 2995 3008
f 2998 2997 2995
f 3008 2995 3009
f 2997 2996 2995
f 3009 2995 3010
f 3010 2995 2994
f 3010 2994 3011
f 3011 2989 3012
f 2994 2989 3011
f 2994 2993 2989
f 2993 2991 2989
f 2993 2992 2991
f 2942 186 2943
f 2943 208 2944
f 2944 207 2945
f 2945 206 2946
f 205 204 2946
f 2947 204 2948
f 203 202 2948
f 2949 202 2950
f 2950 201 2951
f 200 199 2951
f 2952 199 2953
f 2953 198 2954
f 197 196 2954
f 196 195 2955
f 195 194 2956
f 194 193 2957
f 193 192 2958
f 192 191 2959
f 191 190 2960
f 190 189 2961
f 189 188 2962
f 188 187 2963
f 187 185 2964
f 185 186 2941
f 2927 184 2928
f 2926 183 2927
f 2925 182 2926
f 181 182 2924
f 2923 180 2924
f 2922 179 2923
f 2921 178 2922
f 2920 177 2921
f 2919 176 2920
f 2918 175 2919
f 2917 174 2918
f 2916 173 2917
f 2915 172 2916
f 2914 171 2915
f 170 171 2913
f 169 170 2940
f 168 169 2939
f 167 168 2938
f 166 167 2937
f 165 166 2936
f 164 165 2935
f 163 164 2934
f 162 163 2933
f 161 162 2932
f 160 161 2931
f 159 160 2930
f 158 159 2929
f 157 158 2928
f 2971 2970 2893
f 2893 2970 2894
f 2970 2969 2894
f 2969 2895 2894
f 2968 2895 2969
f 2968 2967 2896
f 2967 2966 2897
f 2966 2965 2898
f 2968 2896 2895
f 2967 2897 2896
f 2966 2898 2897
f 2965 2899 2898
f 2971 2893 2892
f 2971 2891 2972
f 2972 2890 2973
f 2973 2889 2974
f 2971 2892 2891
f 2974 2888 2975
f 2975 2887 2976
f 2976 2886 2977
f 2972 2891 2890
f 2980 2979 2910
f 2980 2910 2909
f 2981 2980 2909
f 2908 2981 2909
f 2908 2982 2981
f 2907 2982 2908
f 2907 2983 2982
f 2907 2906 2983
f 2983 2905 2984
f 2983 2906 2905
f 2984 2904 2985
f 2985 2903 2986
f 2986 2902 2987
f 2984 2905 2904
f 2900 2965 2988
f 2900 2899 2965
f 2901 2900 2988
f 2985 2904 2903
f 2987 2901 2988
f 2903 2902 2986
f 2902 2901 2987
f 2910 2979 2911
f 2911 2979 2978
f 2973 2890 2889
f 2977 2912 2978
f 2974 2889 2888
f 2978 2912 2911
f 2975 2888 2887
f 2977 2885 2912
f 2887 2886 2976
f 2841 81 2842
f 104 103 2842
f 103 102 2843
f 102 101 2844
f 101 100 2845
f 100 99 2846
f 99 98 2847
f 98 97 2848
f 97 96 2849
f 96 95 2850
f 95 94 2851
f 94 93 2852
f 2853 93 2854
f 2854 92 2855
f 2855 91 2856
f 90 89 2856
f 89 88 2857
f 2858 88 2859
f 87 86 2859
f 86 85 2860
f 85 84 2837
f 2838 84 2839
f 2839 83 2840
f 2840 82 2841
f 54 80 2824
f 2825 80 2826
f 2826 79 2827
f 78 77 2827
f 2828 77 2829
f 2829 76 2830
f 2830 75 2831
f 2831 74 2832
f 73 72 2832
f 72 71 2833
f 71 70 2834
f 70 69 2835
f 69 68 2836
f 68 67 2809
f 67 66 2810
f 66 65 2811
f 65 64 2812
f 64 63 2813
f 63 62 2814
f 62 61 2815
f 61 60 2816
f 60 59 2817
f 59 58 2818
f 58 57 2819
f 57 56 2820
f 56 55 2821
f 55 53 2822
f 53 54 2823
f 2801 2800 2877
f 2796 2882 2881
f 2796 2795 2882
f 2797 2796 2881
f 2878 2800 2799
f 2880 2797 2881
f 2799 2798 2879
f 2798 2797 2880
f 2798 2880 2879
f 2799 2879 2878
f 2800 2878 2877
f 2801 2877 2876
f 2801 2876 2802
f 2802 2876 2803
f 2876 2875 2803
f 2875 2804 2803
f 2874 2804 2875
f 2874 2805 2804
f 2873 2805 2874
f 2806 2805 2873
f 2806 2873 2872
f 2807 2806 2872
f 2782 2870 2869
f 2783 2869 2868
f 2784 2868 2867
f 2787 2864 2788
f 2785 2867 2866
f 2786 2866 2865
f 2787 2865 2864
f 2788 2864 2789
f 2864 2863 2789
f 2789 2863 2790
f 2863 2862 2790
f 2862 2791 2790
f 2861 2791 2862
f 2861 2884 2792
f 2884 2883 2793
f 2883 2882 2794
f 2861 2792 2791
f 2794 2793 2883
f 2884 2793 2792
f 2882 2795 2794
f 2865 2787 2786
f 2807 2872 2871
f 2786 2785 2866
f 2808 2807 2871
f 2808 2871 2870
f 2785 2784 2867
f 2783 2782 2869
f 2784 2783 2868
f 2870 2781 2808
f 2782 3742 3741
f 3741 11 10
f 2783 3743 3742
f 3742 12 11
f 2784 3744 3743
f 3743 13 12
f 2785 3745 3744
f 3745 14 13
f 2786 3746 3745
f 3745 15 14
f 2788 3747 3746
f 3746 16 15
f 2788 3748 3747
f 3748 17 16
f 2790 3749 3748
f 3749 18 17
f 2790 3750 3749
f 3749 19 18
f 2791 3751 3750
f 3751 20 19
f 2792 3752 3751
f 3751 21 20
f 2794 3753 3752
f 3753 22 21
f 2794 3754 3753
f 3753 23 22
f 2796 3755 3754
f 3755 48 23
f 2796 3756 3755
f 3755 49 48
f 2798 3757 3756
f 3757 50 49
f 2799 3758 3757
f 3757 51 50
f 2800 3759 3758
f 3759 52 51
f 2800 3760 3759
f 3759 1 52
f 2802 3761 3760
f 3760 2 1
f 2802 3762 3761
f 3761 3 2
f 2803 3763 3762
f 3763 4 3
f 2804 3764 3763
f 3763 5 4
f 2805 3765 3764
f 3765 6 5
f 2806 3766 3765
f 3765 7 6
f 2808 3767 3766
f 3766 8 7
f 2808 3768 3767
f 3767 9 8
f 2781 3741 3768
f 3741 10 9
f 2810 3770 3769
f 3770 8 9
f 2812 3771 3770
f 3771 7 8
f 2813 3772 3771
f 3771 6 7
f 2813 3773 3772
f 3773 5 6
f 2814 3774 3773
f 3774 4 5
f 2815 3775 3774
f 3775 3 4
f 2817 3776 3775
f 3775 2 3
f 2817 3777 3776
f 3777 1 2
f 2818 3778 3777
f 3777 52 1
f 2820 3779 3778
f 3778 51 52
f 2820 3780 3779
f 3779 50 51
f 2822 3781 3780
f 3780 49 50
f 2823 3782 3781
f 3782 48 49
f 2824 3783 3782
f 3782 23 48
f 2824 3784 3783
f 3784 22 23
f 2825 3785 3784
f 3785 21 22
f 2826 3786 3785
f 3786 20 21
f 2828 3787 3786
f 3787 19 20
f 2829 3788 3787
f 3788 18 19
f 2829 3789 3788
f 3789 17 18
f 2830 3790 3789
f 3789 16 17
f 2832 3791 3790
f 3791 15 16
f 2833 3792 3791
f 3792 14 15
f 2834 3793 3792
f 3793 13 14
f 2835 3794 3793
f 3794 12 13
f 2836 3795 3794
f 3794 11 12
f 2809 3796 3795
f 3795 10 11
f 2809 3769 3796
f 3796 9 10
f 2839 3798 3797
f 3798 26 27
f 2839 3799 3798
f 3799 25 26
f 2841 3800 3799
f 3800 24 25
f 2841 3801 3800
f 3800 47 24
f 2842 3802 3801
f 3801 46 47
f 2843 3803 3802
f 3802 45 46
f 2845 3804 3803
f 3804 44 45
f 2845 3805 3804
f 3804 43 44
f 2846 3806 3805
f 3805 42 43
f 2847 3807 3806
f 3806 41 42
f 2849 3808 3807
f 3807 40 41
f 2849 3809 3808
f 3809 39 40
f 2851 3810 3809
f 3809 38 39
f 2851 3811 3810
f 3811 37 38
f 2853 3812 3811
f 3812 36 37
f 2854 3813 3812
f 3812 35 36
f 2855 3814 3813
f 3813 34 35
f 2855 3815 3814
f 3814 33 34
f 2857 3816 3815
f 3815 32 33
f 2858 3817 3816
f 3817 31 32
f 2859 3818 3817
f 3817 30 31
f 2859 3819 3818
f 3819 29 30
f 2837 3820 3819
f 3819 28 29
f 2837 3797 3820
f 3797 27 28
f 2862 3822 3821
f 3822 29 28
f 2863 3823 3822
f 3822 30 29
f 2864 3824 3823
f 3824 31 30
f 2865 3825 3824
f 3824 32 31
f 2867 3826 3825
f 3825 33 32
f 2868 3827 3826
f 3826 34 33
f 2868 3828 3827
f 3828 35 34
f 2870 3829 3828
f 3828 36 35
f 2871 3830 3829
f 3829 37 36
f 2871 3831 3830
f 3830 38 37
f 2872 3832 3831
f 3832 39 38
f 2874 3833 3832
f 3833 40 39
f 2874 3834 3833
f 3834 41 40
f 2876 3835 3834
f 3834 42 41
f 2877 3836 3835
f 3836 43 42
f 2878 3837 3836
f 3836 44 43
f 2878 3838 3837
f 3837 45 44
f 2880 3839 3838
f 3839 46 45
f 2881 3840 3839
f 3840 47 46
f 2882 3841 3840
f 3840 24 47
f 2883 3842 3841
f 3842 25 24
f 2883 3843 3842
f 3843 26 25
f 2884 3844 3843
f 3844 27 26
f 2861 3821 3844
f 3821 28 27
f 2887 3846 3845
f 3846 140 139
f 2888 3847 3846
f 3847 141 140
f 2889 3848 3847
f 3847 142 141
f 2890 3849 3848
f 3849 143 142
f 2891 3850 3849
f 3849 144 143
f 2892 3851 3850
f 3851 145 144
f 2892 3852 3851
f 3852 146 145
f 2894 3853 3852
f 3853 147 146
f 2894 3854 3853
f 3853 148 147
f 2895 3855 3854
f 3855 149 148
f 2896 3856 3855
f 3855 150 149
f 2898 3857 3856
f 3857 151 150
f 2899 3858 3857
f 3857 124 151
f 2899 3859 3858
f 3859 125 124
f 2900 3860 3859
f 3859 126 125
f 2902 3861 3860
f 3861 127 126
f 2903 3862 3861
f 3861 128 127
f 2903 3863 3862
f 3863 129 128
f 2904 3864 3863
f 3863 130 129
f 2906 3865 3864
f 3864 131 130
f 2906 3866 3865
f 3866 132 131
f 2908 3867 3866
f 3867 133 132
f 2908 3868 3867
f 3867 134 133
f 2910 3869 3868
f 3869 135 134
f 2911 3870 3869
f 3870 136 135
f 2912 3871 3870
f 3871 137 136
f 2912 3872 3871
f 3871 138 137
f 2885 3845 3872
f 3845 139 138
f 2914 3874 3873
f 3874 137 138
f 2915 3875 3874
f 3874 136 137
f 2916 3876 3875
f 3876 135 136
f 2917 3877 3876
f 3876 134 135
f 2918 3878 3877
f 3877 133 134
f 2919 3879 3878
f 3879 132 133
f 2920 3880 3879
f 3879 131 132
f 2922 3881 3880
f 3880 130 131
f 2923 3882 3881
f 3882 129 130
f 2923 3883 3882
f 3882 128 129
f 2924 3884 3883
f 3883 127 128
f 2926 3885 3884
f 3884 126 127
f 2927 3886 3885
f 3885 125 126
f 2928 3887 3886
f 3886 124 125
f 2928 3888 3887
f 3888 151 124
f 2929 3889 3888
f 3888 150 151
f 2930 3890 3889
f 3890 149 150
f 2932 3891 3890
f 3891 148 149
f 2932 3892 3891
f 3892 147 148
f 2934 3893 3892
f 3893 146 147
f 2935 3894 3893
f 3893 145 146
f 2935 3895 3894
f 3895 144 145
f 2937 3896 3895
f 3895 143 144
f 2938 3897 3896
f 3896 142 143
f 2939 3898 3897
f 3897 141 142
f 2939 3899 3898
f 3899 140 141
f 2940 3900 3899
f 3899 139 140
f 2913 3873 3900
f 3900 138 139
f 2942 3902 3901
f 3901 122 123
f 2943 3903 3902
f 3902 121 122
f 2944 3904 3903
f 3903 120 121
f 2946 3905 3904
f 3905 119 120
f 2946 3906 3905
f 3905 118 119
f 2947 3907 3906
f 3906 117 118
f 2948 3908 3907
f 3907 116 117
f 2950 3909 3908
f 3908 115 116
f 2950 3910 3909
f 3910 114 115
f 2952 3911 3910
f 3910 113 114
f 2952 3912 3911
f 3912 112 113
f 2954 3913 3912
f 3913 111 112
f 2955 3914 3913
f 3913 110 111
f 2956 3915 3914
f 3914 109 110
f 2956 3916 3915
f 3915 108 109
f 2958 3917 3916
f 3916 107 108
f 2959 3918 3917
f 3918 106 107
f 2960 3919 3918
f 3918 105 106
f 2960 3920 3919
f 3920 156 105
f 2962 3921 3920
f 3920 155 156
f 2962 3922 3921
f 3922 154 155
f 2964 3923 3922
f 3923 153 154
f 2964 3924 3923
f 3924 152 153
f 2942 3901 3924
f 3901 123 152
f 2966 3926 3925
f 3926 153 152
f 2967 3927 3926
f 3927 154 153
f 2968 3928 3927
f 3928 155 154
f 2969 3929 3928
f 3929 156 155
f 2970 3930 3929
f 3929 105 156
f 2971 3931 3930
f 3931 106 105
f 2972 3932 3931
f 3931 107 106
f 2974 3933 3932
f 3932 108 107
f 2975 3934 3933
f 3933 109 108
f 2975 3935 3934
f 3935 110 109
f 2977 3936 3935
f 3935 111 110
f 2978 3937 3936
f 3936 112 111
f 2978 3938 3937
f 3937 113 112
f 2979 3939 3938
f 3939 114 113
f 2981 3940 3939
f 3940 115 114
f 2981 3941 3940
f 3941 116 115
f 2983 3942 3941
f 3941 117 116
f 2984 3943 3942
f 3943 118 117
f 2985 3944 3943
f 3943 119 118
f 2985 3945 3944
f 3944 120 119
f 2987 3946 3945
f 3946 121 120
f 2988 3947 3946
f 3947 122 121
f 2965 3948 3947
f 3947 123 122
f 2966 3925 3948
f 3925 152 123
f 2991 3950 3949
f 3950 222 221
f 2992 3951 3950
f 3951 223 222
f 2992 3952 3951
f 3951 224 223
f 2994 3953 3952
f 3952 225 224
f 2995 3954 3953
f 3953 226 225
f 2996 3955 3954
f 3954 227 226
f 2996 3956 3955
f 3955 228 227
f 2998 3957 3956
f 3956 229 228
f 2999 3958 3957
f 3958 230 229
f 2999 3959 3958
f 3958 231 230
f 3001 3960 3959
f 3960 232 231
f 3001 3961 3960
f 3960 209 232
f 3003 3962 3961
f 3962 210 209
f 3003 3963 3962
f 3962 211 210
f 3004 3964 3963
f 3964 212 211
f 3006 3965 3964
f 3965 213 212
f 3006 3966 3965
f 3966 214 213
f 3008 3967 3966
f 3967 215 214
f 3008 3968 3967
f 3968 216 215
f 3010 3969 3968
f 3968 217 216
f 3010 3970 3969
f 3969 218 217
f 3012 3971 3970
f 3970 219 218
f 3012 3972 3971
f 3972 220 219
f 2989 3949 3972
f 3949 221 220
f 247 3974 3973
f 3974 219 220
f 249 3975 3974
f 3974 218 219
f 249 3976 3975
f 3976 217 218
f 250 3977 3976
f 3976 216 217
f 251 3978 3977
f 3977 215 216
f 253 3979 3978
f 3979 214 215
f 253 3980 3979
f 3980 213 214
f 255 3981 3980
f 3980 212 213
f 256 3982 3981
f 3982 211 212
f 256 3983 3982
f 3983 210 211
f 234 3984 3983
f 3983 209 210
f 233 3985 3984
f 3985 232 209
f 235 3986 3985
f 3986 231 232
f 237 3987 3986
f 3987 230 231
f 237 3988 3987
f 3987 229 230
f 238 3989 3988
f 3989 228 229
f 240 3990 3989
f 3990 227 228
f 240 3991 3990
f 3991 226 227
f 241 3992 3991
f 3992 225 226
f 243 3993 3992
f 3992 224 225
f 243 3994 3993
f 3994 223 224
f 244 3995 3994
f 3994 222 223
f 245 3996 3995
f 3996 221 222
f 247 3973 3996
f 3996 220 221
f 3015 3998 3997
f 3998 270 269
f 3016 3999 3998
f 3999 271 270
f 3016 4000 3999
f 3999 272 271
f 3018 4001 4000
f 4000 273 272
f 3019 4002 4001
f 4001 274 273
f 3020 4003 4002
f 4002 275 274
f 3020 4004 4003
f 4003 276 275
f 3022 4005 4004
f 4004 277 276
f 3023 4006 4005
f 4006 278 277
f 3023 4007 4006
f 4006 279 278
f 3025 4008 4007
f 4008 280 279
f 3025 4009 4008
f 4008 257 280
f 3027 4010 4009
f 4010 258 257
f 3027 4011 4010
f 4010 259 258
f 3028 4012 4011
f 4012 260 259
f 3030 4013 4012
f 4013 261 260
f 3030 4014 4013
f 4014 262 261
f 3032 4015 4014
f 4015 263 262
f 3032 4016 4015
f 4016 264 263
f 3034 4017 4016
f 4016 265 264
f 3034 4018 4017
f 4017 266 265
f 3036 4019 4018
f 4018 267 266
f 3036 4020 4019
f 4020 268 267
f 3013 3997 4020
f 3997 269 268
f 295 4022 4021
f 4022 267 268
f 297 4023 4022
f 4022 266 267
f 297 4024 4023
f 4024 265 266
f 298 4025 4024
f 4024 264 265
f 299 4026 4025
f 4025 263 264
f 301 4027 4026
f 4027 262 263
f 301 4028 4027
f 4028 261 262
f 303 4029 4028
f 4028 260 261
f 304 4030 4029
f 4030 259 260
f 304 4031 4030
f 4031 258 259
f 282 4032 4031
f 4031 257 258
f 281 4033 4032
f 4033 280 257
f 283 4034 4033
f 4034 279 280
f 285 4035 4034
f 4035 278 279
f 285 4036 4035
f 4035 277 278
f 286 4037 4036
f 4037 276 277
f 288 4038 4037
f 4038 275 276
f 288 4039 4038
f 4039 274 275
f 289 4040 4039
f 4040 273 274
f 291 4041 4040
f 4040 272 273
f 291 4042 4041
f 4042 271 272
f 292 4043 4042
f 4042 270 271
f 293 4044 4043
f 4044 269 270
f 295 4021 4044
f 4044 268 269
f 3038 4046 4045
f 4045 315 314
f 3039 4047 4046
f 4046 316 315
f 3040 4048 4047
f 4047 317 316
f 3041 4049 4048
f 4049 318 317
f 3042 4050 4049
f 4049 319 318
f 3044 4051 4050
f 4051 320 319
f 3044 4052 4051
f 4052 321 320
f 3046 4053 4052
f 4053 322 321
f 3047 4054 4053
f 4053 323 322
f 3047 4055 4054
f 4055 324 323
f 3049 4056 4055
f 4055 325 324
f 3050 4057 4056
f 4056 326 325
f 3050 4058 4057
f 4057 327 326
f 3051 4059 4058
f 4058 352 327
f 3052 4060 4059
f 4059 353 352
f 3053 4061 4060
f 4061 354 353
f 3054 4062 4061
f 4062 355 354
f 3056 4063 4062
f 4063 356 355
f 3057 4064 4063
f 4063 305 356
f 3057 4065 4064
f 4065 306 305
f 3058 4066 4065
f 4065 307 306
f 3059 4067 4066
f 4067 308 307
f 3060 4068 4067
f 4067 309 308
f 3061 4069 4068
f 4069 310 309
f 3062 4070 4069
f 4069 311 310
f 3064 4071 4070
f 4070 312 311
f 3064 4072 4071
f 4072 313 312
f 3038 4045 4072
f 4045 314 313
f 3067 4074 4073
f 4074 312 313
f 3067 4075 4074
f 4074 311 312
f 3069 4076 4075
f 4075 310 311
f 3069 4077 4076
f 4077 309 310
f 3070 4078 4077
f 4078 308 309
f 3072 4079 4078
f 4079 307 308
f 3073 4080 4079
f 4080 306 307
f 3073 4081 4080
f 4080 305 306
f 3074 4082 4081
f 4081 356 305
f 3076 4083 4082
f 4082 355 356
f 3077 4084 4083
f 4083 354 355
f 3077 4085 4084
f 4085 353 354
f 3079 4086 4085
f 4086 352 353
f 3079 4087 4086
f 4086 327 352
f 3080 4088 4087
f 4088 326 327
f 3081 4089 4088
f 4088 325 326
f 3083 4090 4089
f 4089 324 325
f 3084 4091 4090
f 4091 323 324
f 3084 4092 4091
f 4091 322 323
f 3086 4093 4092
f 4092 321 322
f 3087 4094 4093
f 4093 320 321
f 3087 4095 4094
f 4095 319 320
f 3089 4096 4095
f 4096 318 319
f 3090 4097 4096
f 4097 317 318
f 3090 4098 4097
f 4097 316 317
f 3092 4099 4098
f 4099 315 316
f 3092 4100 4099
f 4100 314 315
f 3066 4073 4100
f 4100 313 314
f 3094 4102 4101
f 4101 330 331
f 3095 4103 4102
f 4103 329 330
f 3097 4104 4103
f 4103 328 329
f 3098 4105 4104
f 4105 351 328
f 3099 4106 4105
f 4105 350 351
f 3099 4107 4106
f 4107 349 350
f 3101 4108 4107
f 4108 348 349
f 3101 4109 4108
f 4108 347 348
f 3103 4110 4109
f 4110 346 347
f 3104 4111 4110
f 4111 345 346
f 3105 4112 4111
f 4112 344 345
f 3105 4113 4112
f 4113 343 344
f 3106 4114 4113
f 4113 342 343
f 3107 4115 4114
f 4114 341 342
f 3108 4116 4115
f 4115 340 341
f 3109 4117 4116
f 4116 339 340
f 3111 4118 4117
f 4117 338 339
f 3111 4119 4118
f 4119 337 338
f 3113 4120 4119
f 4119 336 337
f 3113 4121 4120
f 4120 335 336
f 3115 4122 4121
f 4122 334 335
f 3115 4123 4122
f 4123 333 334
f 3093 4124 4123
f 4124 332 333
f 3094 4101 4124
f 4101 331 332
f 3118 4126 4125
f 4126 333 332
f 3119 4127 4126
f 4126 334 333
f 3121 4128 4127
f 4128 335 334
f 3121 4129 4128
f 4128 336 335
f 3122 4130 4129
f 4130 337 336
f 3124 4131 4130
f 4130 338 337
f 3124 4132 4131
f 4131 339 338
f 3126 4133 4132
f 4132 340 339
f 3127 4134 4133
f 4133 341 340
f 3127 4135 4134
f 4134 342 341
f 3128 4136 4135
f 4136 343 342
f 3130 4137 4136
f 4137 344 343
f 3131 4138 4137
f 4138 345 344
f 3132 4139 4138
f 4138 346 345
f 3132 4140 4139
f 4139 347 346
f 3134 4141 4140
f 4140 348 347
f 3134 4142 4141
f 4141 349 348
f 3135 4143 4142
f 4143 350 349
f 3137 4144 4143
f 4143 351 350
f 3138 4145 4144
f 4145 328 351
f 3138 4146 4145
f 4145 329 328
f 3139 4147 4146
f 4147 330 329
f 3140 4148 4147
f 4148 331 330
f 3118 4125 4148
f 4125 332 331
f 3142 4150 4149
f 4150 444 443
f 3144 4151 4150
f 4151 445 444
f 3145 4152 4151
f 4152 446 445
f 3146 4153 4152
f 4153 447 446
f 3147 4154 4153
f 4153 448 447
f 3147 4155 4154
f 4155 449 448
f 3148 4156 4155
f 4155 450 449
f 3149 4157 4156
f 4157 451 450
f 3150 4158 4157
f 4157 452 451
f 3152 4159 4158
f 4158 453 452
f 3153 4160 4159
f 4159 454 453
f 3154 4161 4160
f 4161 455 454
f 3155 4162 4161
f 4162 428 455
f 3156 4163 4162
f 4163 429 428
f 3156 4164 4163
f 4163 430 429
f 3157 4165 4164
f 4165 431 430
f 3159 4166 4165
f 4165 432 431
f 3159 4167 4166
f 4167 433 432
f 3160 4168 4167
f 4167 434 433
f 3162 4169 4168
f 4168 435 434
f 3162 4170 4169
f 4169 436 435
f 3164 4171 4170
f 4171 437 436
f 3165 4172 4171
f 4171 438 437
f 3166 4173 4172
f 4173 439 438
f 3167 4174 4173
f 4174 440 439
f 3168 4175 4174
f 4175 441 440
f 3168 4176 4175
f 4175 442 441
f 3142 4149 4176
f 4176 443 442
f 3170 4178 4177
f 4178 441 442
f 3172 4179 4178
f 4178 440 441
f 3172 4180 4179
f 4179 439 440
f 3174 4181 4180
f 4181 438 439
f 3174 4182 4181
f 4181 437 438
f 3175 4183 4182
f 4182 436 437
f 3177 4184 4183
f 4183 435 436
f 3177 4185 4184
f 4185 434 435
f 3178 4186 4185
f 4186 433 434
f 3180 4187 4186
f 4187 432 433
f 3180 4188 4187
f 4187 431 432
f 3181 4189 4188
f 4189 430 431
f 3183 4190 4189
f 4190 429 430
f 3184 4191 4190
f 4190 428 429
f 3185 4192 4191
f 4192 455 428
f 3185 4193 4192
f 4192 454 455
f 3187 4194 4193
f 4193 453 454
f 3187 4195 4194
f 4195 452 453
f 3188 4196 4195
f 4196 451 452
f 3190 4197 4196
f 4196 450 451
f 3191 4198 4197
f 4198 449 450
f 3191 4199 4198
f 4198 448 449
f 3192 4200 4199
f 4199 447 448
f 3194 4201 4200
f 4200 446 447
f 3195 4202 4201
f 4201 445 446
f 3195 4203 4202
f 4202 444 445
f 3169 4204 4203
f 4204 443 444
f 3170 4177 4204
f 4204 442 443
f 3199 4206 4205
f 4206 426 427
f 3200 4207 4206
f 4206 425 426
f 3200 4208 4207
f 4208 424 425
f 3202 4209 4208
f 4209 423 424
f 3202 4210 4209
f 4209 422 423
f 3204 4211 4210
f 4211 421 422
f 3205 4212 4211
f 4212 420 421
f 3206 4213 4212
f 4213 419 420
f 3206 4214 4213
f 4214 418 419
f 3207 4215 4214
f 4214 417 418
f 3208 4216 4215
f 4215 416 417
f 3209 4217 4216
f 4216 415 416
f 3210 4218 4217
f 4217 414 415
f 3212 4219 4218
f 4218 413 414
f 3212 4220 4219
f 4220 412 413
f 3214 4221 4220
f 4220 411 412
f 3214 4222 4221
f 4221 410 411
f 3216 4223 4222
f 4223 409 410
f 3216 4224 4223
f 4224 460 409
f 3218 4225 4224
f 4225 459 460
f 3219 4226 4225
f 4226 458 459
f 3219 4227 4226
f 4226 457 458
f 3220 4228 4227
f 4228 456 457
f 3198 4205 4228
f 4228 427 456
f 3222 4230 4229
f 4230 457 456
f 3223 4231 4230
f 4231 458 457
f 3225 4232 4231
f 4232 459 458
f 3225 4233 4232
f 4233 460 459
f 3226 4234 4233
f 4233 409 460
f 3228 4235 4234
f 4235 410 409
f 3228 4236 4235
f 4235 411 410
f 3229 4237 4236
f 4237 412 411
f 3231 4238 4237
f 4237 413 412
f 3231 4239 4238
f 4238 414 413
f 3233 4240 4239
f 4239 415 414
f 3234 4241 4240
f 4240 416 415
f 3234 4242 4241
f 4241 417 416
f 3235 4243 4242
f 4243 418 417
f 3237 4244 4243
f 4244 419 418
f 3238 4245 4244
f 4245 420 419
f 3239 4246 4245
f 4245 421 420
f 3239 4247 4246
f 4246 422 421
f 3241 4248 4247
f 4247 423 422
f 3241 4249 4248
f 4248 424 423
f 3242 4250 4249
f 4250 425 424
f 3244 4251 4250
f 4250 426 425
f 3221 4252 4251
f 4252 427 426
f 3221 4229 4252
f 4252 456 427
f 3246 4254 4253
f 4253 526 525
f 3248 4255 4254
f 4255 527 526
f 3248 4256 4255
f 4256 528 527
f 3250 4257 4256
f 4257 529 528
f 3251 4258 4257
f 4257 530 529
f 3252 4259 4258
f 4259 531 530
f 3252 4260 4259
f 4260 532 531
f 3253 4261 4260
f 4261 533 532
f 3254 4262 4261
f 4261 534 533
f 3255 4263 4262
f 4262 535 534
f 3257 4264 4263
f 4264 536 535
f 3257 4265 4264
f 4264 513 536
f 3258 4266 4265
f 4266 514 513
f 3260 4267 4266
f 4266 515 514
f 3260 4268 4267
f 4267 516 515
f 3261 4269 4268
f 4268 517 516
f 3263 4270 4269
f 4269 518 517
f 3263 4271 4270
f 4271 519 518
f 3264 4272 4271
f 4271 520 519
f 3265 4273 4272
f 4272 521 520
f 3266 4274 4273
f 4273 522 521
f 3267 4275 4274
f 4274 523 522
f 3268 4276 4275
f 4275 524 523
f 3246 4253 4276
f 4253 525 524
f 551 4278 4277
f 4278 523 524
f 553 4279 4278
f 4279 522 523
f 554 4280 4279
f 4280 521 522
f 555 4281 4280
f 4280 520 521
f 556 4282 4281
f 4282 519 520
f 556 4283 4282
f 4283 518 519
f 558 4284 4283
f 4284 517 518
f 558 4285 4284
f 4284 516 517
f 559 4286 4285
f 4286 515 516
f 538 4287 4286
f 4286 514 515
f 537 4288 4287
f 4287 513 514
f 539 4289 4288
f 4288 536 513
f 540 4290 4289
f 4290 535 536
f 541 4291 4290
f 4290 534 535
f 542 4292 4291
f 4291 533 534
f 542 4293 4292
f 4292 532 533
f 544 4294 4293
f 4293 531 532
f 544 4295 4294
f 4294 530 531
f 546 4296 4295
f 4296 529 530
f 547 4297 4296
f 4296 528 529
f 548 4298 4297
f 4297 527 528
f 548 4299 4298
f 4299 526 527
f 549 4300 4299
f 4299 525 526
f 551 4277 4300
f 4300 524 525
f 3270 4302 4301
f 4301 574 573
f 3272 4303 4302
f 4303 575 574
f 3272 4304 4303
f 4304 576 575
f 3274 4305 4304
f 4305 577 576
f 3275 4306 4305
f 4305 578 577
f 3276 4307 4306
f 4307 579 578
f 3276 4308 4307
f 4308 580 579
f 3277 4309 4308
f 4309 581 580
f 3278 4310 4309
f 4309 582 581
f 3279 4311 4310
f 4310 583 582
f 3281 4312 4311
f 4312 584 583
f 3281 4313 4312
f 4312 561 584
f 3282 4314 4313
f 4314 562 561
f 3284 4315 4314
f 4314 563 562
f 3284 4316 4315
f 4315 564 563
f 3285 4317 4316
f 4316 565 564
f 3287 4318 4317
f 4317 566 565
f 3287 4319 4318
f 4319 567 566
f 3288 4320 4319
f 4319 568 567
f 3289 4321 4320
f 4320 569 568
f 3290 4322 4321
f 4321 570 569
f 3291 4323 4322
f 4322 571 570
f 3292 4324 4323
f 4323 572 571
f 3270 4301 4324
f 4301 573 572
f 599 4326 4325
f 4326 571 572
f 601 4327 4326
f 4327 570 571
f 602 4328 4327
f 4328 569 570
f 603 4329 4328
f 4328 568 569
f 604 4330 4329
f 4330 567 568
f 604 4331 4330
f 4331 566 567
f 606 4332 4331
f 4332 565 566
f 606 4333 4332
f 4332 564 565
f 607 4334 4333
f 4334 563 564
f 586 4335 4334
f 4334 562 563
f 585 4336 4335
f 4335 561 562
f 587 4337 4336
f 4336 584 561
f 588 4338 4337
f 4338 583 584
f 589 4339 4338
f 4338 582 583
f 590 4340 4339
f 4339 581 582
f 590 4341 4340
f 4340 580 581
f 592 4342 4341
f 4341 579 580
f 592 4343 4342
f 4342 578 579
f 594 4344 4343
f 4344 577 578
f 595 4345 4344
f 4344 576 577
f 596 4346 4345
f 4345 575 576
f 596 4347 4346
f 4347 574 575
f 597 4348 4347
f 4347 573 574
f 599 4325 4348
f 4348 572 573
f 3294 4350 4349
f 4350 619 618
f 3295 4351 4350
f 4350 620 619
f 3296 4352 4351
f 4351 621 620
f 3297 4353 4352
f 4353 622 621
f 3298 4354 4353
f 4353 623 622
f 3300 4355 4354
f 4355 624 623
f 3300 4356 4355
f 4356 625 624
f 3302 4357 4356
f 4357 626 625
f 3303 4358 4357
f 4357 627 626
f 3303 4359 4358
f 4359 628 627
f 3305 4360 4359
f 4359 629 628
f 3306 4361 4360
f 4360 630 629
f 3306 4362 4361
f 4361 631 630
f 3308 4363 4362
f 4362 656 631
f 3308 4364 4363
f 4364 657 656
f 3309 4365 4364
f 4365 658 657
f 3311 4366 4365
f 4366 659 658
f 3312 4367 4366
f 4367 660 659
f 3313 4368 4367
f 4367 609 660
f 3313 4369 4368
f 4368 610 609
f 3314 4370 4369
f 4370 611 610
f 3315 4371 4370
f 4371 612 611
f 3317 4372 4371
f 4371 613 612
f 3317 4373 4372
f 4373 614 613
f 3318 4374 4373
f 4373 615 614
f 3320 4375 4374
f 4374 616 615
f 3320 4376 4375
f 4376 617 616
f 3294 4349 4376
f 4349 618 617
f 3322 4378 4377
f 4377 616 617
f 3324 4379 4378
f 4379 615 616
f 3325 4380 4379
f 4379 614 615
f 3326 4381 4380
f 4380 613 614
f 3326 4382 4381
f 4382 612 613
f 3328 4383 4382
f 4382 611 612
f 3329 4384 4383
f 4383 610 611
f 3329 4385 4384
f 4385 609 610
f 3330 4386 4385
f 4386 660 609
f 3332 4387 4386
f 4386 659 660
f 3333 4388 4387
f 4387 658 659
f 3334 4389 4388
f 4388 657 658
f 3335 4390 4389
f 4390 656 657
f 3335 4391 4390
f 4391 631 656
f 3336 4392 4391
f 4391 630 631
f 3337 4393 4392
f 4393 629 630
f 3338 4394 4393
f 4394 628 629
f 3339 4395 4394
f 4394 627 628
f 3340 4396 4395
f 4395 626 627
f 3342 4397 4396
f 4396 625 626
f 3343 4398 4397
f 4397 624 625
f 3343 4399 4398
f 4399 623 624
f 3344 4400 4399
f 4400 622 623
f 3346 4401 4400
f 4400 621 622
f 3347 4402 4401
f 4402 620 621
f 3348 4403 4402
f 4403 619 620
f 3348 4404 4403
f 4404 618 619
f 3321 4377 4404
f 4404 617 618
f 3351 4406 4405
f 4406 634 635
f 3352 4407 4406
f 4406 633 634
f 3352 4408 4407
f 4408 632 633
f 3353 4409 4408
f 4408 655 632
f 3354 4410 4409
f 4409 654 655
f 3355 4411 4410
f 4410 653 654
f 3357 4412 4411
f 4411 652 653
f 3357 4413 4412
f 4413 651 652
f 3359 4414 4413
f 4414 650 651
f 3359 4415 4414
f 4414 649 650
f 3360 4416 4415
f 4415 648 649
f 3361 4417 4416
f 4416 647 648
f 3363 4418 4417
f 4418 646 647
f 3364 4419 4418
f 4419 645 646
f 3364 4420 4419
f 4420 644 645
f 3365 4421 4420
f 4420 643 644
f 3367 4422 4421
f 4421 642 643
f 3368 4423 4422
f 4422 641 642
f 3369 4424 4423
f 4424 640 641
f 3369 4425 4424
f 4424 639 640
f 3370 4426 4425
f 4426 638 639
f 3372 4427 4426
f 4427 637 638
f 3349 4428 4427
f 4428 636 637
f 3350 4405 4428
f 4428 635 636
f 3375 4430 4429
f 4430 637 636
f 3375 4431 4430
f 4430 638 637
f 3377 4432 4431
f 4432 639 638
f 3377 4433 4432
f 4433 640 639
f 3378 4434 4433
f 4434 641 640
f 3379 4435 4434
f 4435 642 641
f 3380 4436 4435
f 4435 643 642
f 3382 4437 4436
f 4436 644 643
f 3383 4438 4437
f 4437 645 644
f 3383 4439 4438
f 4438 646 645
f 3384 4440 4439
f 4440 647 646
f 3386 4441 4440
f 4441 648 647
f 3387 4442 4441
f 4442 649 648
f 3388 4443 4442
f 4442 650 649
f 3389 4444 4443
f 4444 651 650
f 3389 4445 4444
f 4444 652 651
f 3390 4446 4445
f 4446 653 652
f 3392 4447 4446
f 4446 654 653
f 3393 4448 4447
f 4447 655 654
f 3393 4449 4448
f 4449 632 655
f 3394 4450 4449
f 4449 633 632
f 3395 4451 4450
f 4451 634 633
f 3396 4452 4451
f 4451 635 634
f 3373 4429 4452
f 4429 636 635
f 3398 4454 4453
f 4454 748 747
f 3400 4455 4454
f 4455 749 748
f 3401 4456 4455
f 4456 750 749
f 3401 4457 4456
f 4457 751 750
f 3403 4458 4457
f 4457 752 751
f 3403 4459 4458
f 4458 753 752
f 3404 4460 4459
f 4460 754 753
f 3405 4461 4460
f 4461 755 754
f 3406 4462 4461
f 4461 756 755
f 3407 4463 4462
f 4462 757 756
f 3409 4464 4463
f 4463 758 757
f 3410 4465 4464
f 4464 759 758
f 3410 4466 4465
f 4466 732 759
f 3412 4467 4466
f 4467 733 732
f 3412 4468 4467
f 4467 734 733
f 3413 4469 4468
f 4469 735 734
f 3415 4470 4469
f 4469 736 735
f 3415 4471 4470
f 4471 737 736
f 3417 4472 4471
f 4471 738 737
f 3418 4473 4472
f 4472 739 738
f 3418 4474 4473
f 4473 740 739
f 3420 4475 4474
f 4475 741 740
f 3421 4476 4475
f 4475 742 741
f 3422 4477 4476
f 4477 743 742
f 3423 4478 4477
f 4478 744 743
f 3424 4479 4478
f 4478 745 744
f 3424 4480 4479
f 4479 746 745
f 3398 4453 4480
f 4480 747 746
f 3426 4482 4481
f 4482 745 746
f 3427 4483 4482
f 4482 744 745
f 3428 4484 4483
f 4483 743 744
f 3429 4485 4484
f 4484 742 743
f 3430 4486 4485
f 4486 741 742
f 3432 4487 4486
f 4486 740 741
f 3433 4488 4487
f 4487 739 740
f 3433 4489 4488
f 4489 738 739
f 3434 4490 4489
f 4490 737 738
f 3436 4491 4490
f 4491 736 737
f 3436 4492 4491
f 4492 735 736
f 3438 4493 4492
f 4492 734 735
f 3439 4494 4493
f 4493 733 734
f 3440 4495 4494
f 4494 732 733
f 3440 4496 4495
f 4495 759 732
f 3441 4497 4496
f 4496 758 759
f 3442 4498 4497
f 4498 757 758
f 3443 4499 4498
f 4499 756 757
f 3444 4500 4499
f 4500 755 756
f 3446 4501 4500
f 4500 754 755
f 3447 4502 4501
f 4501 753 754
f 3447 4503 4502
f 4503 752 753
f 3448 4504 4503
f 4504 751 752
f 3450 4505 4504
f 4504 750 751
f 3450 4506 4505
f 4506 749 750
f 3451 4507 4506
f 4507 748 749
f 3452 4508 4507
f 4507 747 748
f 3426 4481 4508
f 4508 746 747
f 3454 4510 4509
f 4509 730 731
f 3455 4511 4510
f 4510 729 730
f 3456 4512 4511
f 4511 728 729
f 3458 4513 4512
f 4512 727 728
f 3458 4514 4513
f 4514 726 727
f 3460 4515 4514
f 4515 725 726
f 3460 4516 4515
f 4515 724 725
f 3461 4517 4516
f 4516 723 724
f 3462 4518 4517
f 4517 722 723
f 3464 4519 4518
f 4519 721 722
f 3465 4520 4519
f 4520 720 721
f 3465 4521 4520
f 4521 719 720
f 3466 4522 4521
f 4521 718 719
f 3468 4523 4522
f 4522 717 718
f 3469 4524 4523
f 4523 716 717
f 3470 4525 4524
f 4525 715 716
f 3470 4526 4525
f 4525 714 715
f 3471 4527 4526
f 4527 713 714
f 3473 4528 4527
f 4528 764 713
f 3474 4529 4528
f 4529 763 764
f 3475 4530 4529
f 4529 762 763
f 3476 4531 4530
f 4531 761 762
f 3453 4532 4531
f 4531 760 761
f 3453 4509 4532
f 4509 731 760
f 3478 4534 4533
f 4534 761 760
f 3479 4535 4534
f 4534 762 761
f 3480 4536 4535
f 4536 763 762
f 3482 4537 4536
f 4537 764 763
f 3482 4538 4537
f 4537 713 764
f 3484 4539 4538
f 4539 714 713
f 3484 4540 4539
f 4540 715 714
f 3485 4541 4540
f 4541 716 715
f 3486 4542 4541
f 4542 717 716
f 3487 4543 4542
f 4542 718 717
f 3489 4544 4543
f 4543 719 718
f 3490 4545 4544
f 4544 720 719
f 3490 4546 4545
f 4545 721 720
f 3491 4547 4546
f 4547 722 721
f 3493 4548 4547
f 4548 723 722
f 3494 4549 4548
f 4549 724 723
f 3495 4550 4549
f 4549 725 724
f 3496 4551 4550
f 4551 726 725
f 3496 4552 4551
f 4551 727 726
f 3497 4553 4552
f 4553 728 727
f 3499 4554 4553
f 4553 729 728
f 3500 4555 4554
f 4554 730 729
f 3500 4556 4555
f 4556 731 730
f 3477 4533 4556
f 4556 760 731
f 3502 4558 4557
f 4557 830 829
f 3504 4559 4558
f 4559 831 830
f 3505 4560 4559
f 4560 832 831
f 3506 4561 4560
f 4561 833 832
f 3507 4562 4561
f 4561 834 833
f 3508 4563 4562
f 4563 835 834
f 3508 4564 4563
f 4564 836 835
f 3509 4565 4564
f 4564 837 836
f 3510 4566 4565
f 4566 838 837
f 3512 4567 4566
f 4566 839 838
f 3513 4568 4567
f 4568 840 839
f 3514 4569 4568
f 4568 817 840
f 3514 4570 4569
f 4570 818 817
f 3516 4571 4570
f 4571 819 818
f 3517 4572 4571
f 4571 820 819
f 3517 4573 4572
f 4572 821 820
f 3518 4574 4573
f 4573 822 821
f 3519 4575 4574
f 4575 823 822
f 3521 4576 4575
f 4575 824 823
f 3521 4577 4576
f 4576 825 824
f 3522 4578 4577
f 4577 826 825
f 3524 4579 4578
f 4578 827 826
f 3501 4580 4579
f 4579 828 827
f 3502 4557 4580
f 4580 829 828
f 856 4582 4581
f 4582 827 828
f 857 4583 4582
f 4583 826 827
f 857 4584 4583
f 4583 825 826
f 858 4585 4584
f 4585 824 825
f 859 4586 4585
f 4586 823 824
f 860 4587 4586
f 4587 822 823
f 861 4588 4587
f 4588 821 822
f 862 4589 4588
f 4588 820 821
f 864 4590 4589
f 4590 819 820
f 842 4591 4590
f 4590 818 819
f 842 4592 4591
f 4592 817 818
f 841 4593 4592
f 4592 840 817
f 844 4594 4593
f 4594 839 840
f 845 4595 4594
f 4595 838 839
f 846 4596 4595
f 4596 837 838
f 847 4597 4596
f 4597 836 837
f 847 4598 4597
f 4598 835 836
f 849 4599 4598
f 4599 834 835
f 849 4600 4599
f 4600 833 834
f 850 4601 4600
f 4601 832 833
f 852 4602 4601
f 4601 831 832
f 852 4603 4602
f 4602 830 831
f 853 4604 4603
f 4603 829 830
f 854 4581 4604
f 4604 828 829
f 3526 4606 4605
f 4605 878 877
f 3528 4607 4606
f 4607 879 878
f 3529 4608 4607
f 4608 880 879
f 3530 4609 4608
f 4609 881 880
f 3531 4610 4609
f 4609 882 881
f 3532 4611 4610
f 4611 883 882
f 3532 4612 4611
f 4612 884 883
f 3533 4613 4612
f 4612 885 884
f 3534 4614 4613
f 4614 886 885
f 3536 4615 4614
f 4614 887 886
f 3537 4616 4615
f 4616 888 887
f 3538 4617 4616
f 4616 865 888
f 3538 4618 4617
f 4618 866 865
f 3540 4619 4618
f 4619 867 866
f 3541 4620 4619
f 4619 868 867
f 3541 4621 4620
f 4620 869 868
f 3542 4622 4621
f 4621 870 869
f 3543 4623 4622
f 4623 871 870
f 3545 4624 4623
f 4623 872 871
f 3545 4625 4624
f 4624 873 872
f 3546 4626 4625
f 4625 874 873
f 3548 4627 4626
f 4626 875 874
f 3525 4628 4627
f 4627 876 875
f 3526 4605 4628
f 4628 877 876
f 904 4630 4629
f 4630 875 876
f 905 4631 4630
f 4631 874 875
f 905 4632 4631
f 4631 873 874
f 906 4633 4632
f 4633 872 873
f 907 4634 4633
f 4634 871 872
f 908 4635 4634
f 4635 870 871
f 909 4636 4635
f 4636 869 870
f 910 4637 4636
f 4636 868 869
f 912 4638 4637
f 4638 867 868
f 890 4639 4638
f 4638 866 867
f 890 4640 4639
f 4640 865 866
f 889 4641 4640
f 4640 888 865
f 892 4642 4641
f 4642 887 888
f 893 4643 4642
f 4643 886 887
f 894 4644 4643
f 4644 885 886
f 895 4645 4644
f 4645 884 885
f 895 4646 4645
f 4646 883 884
f 897 4647 4646
f 4647 882 883
f 897 4648 4647
f 4648 881 882
f 898 4649 4648
f 4649 880 881
f 900 4650 4649
f 4649 879 880
f 900 4651 4650
f 4650 878 879
f 901 4652 4651
f 4651 877 878
f 902 4629 4652
f 4652 876 877
f 3550 4654 4653
f 4653 1244 1243
f 3551 4655 4654
f 4654 1245 1244
f 3553 4656 4655
f 4656 1246 1245
f 3554 4657 4656
f 4657 1247 1246
f 3554 4658 4657
f 4658 1248 1247
f 3556 4660 4658
f 4660 4659 1248
f 4660 4663 4917
f 4660 4917 4661
f 4663 4662 4664
f 4917 4664 1250
f 3556 4665 4663
f 4663 1249 4662
f 3558 4666 4665
f 4666 1251 1249
f 3558 4667 4666
f 4666 1252 1251
f 3559 4668 4667
f 4667 1253 1252
f 3561 4669 4668
f 4669 1254 1253
f 3562 4670 4669
f 4670 1255 1254
f 3562 4671 4670
f 4671 1256 1255
f 3564 4673 4671
f 4673 4672 1256
f 4673 4676 4918
f 4673 4918 4674
f 4676 4675 4677
f 4918 4677 1258
f 3564 4678 4676
f 4676 1257 4675
f 3566 4679 4678
f 4679 1259 1257
f 3566 4680 4679
f 4679 1260 1259
f 3567 4681 4680
f 4680 1261 1260
f 3569 4682 4681
f 4682 1262 1261
f 3570 4683 4682
f 4683 1263 1262
f 3570 4684 4683
f 4684 1264 1263
f 3572 4686 4684
f 4686 4685 1264
f 4686 4689 4919
f 4686 4919 4687
f 4689 4688 4690
f 4919 4690 1265
f 3572 4691 4689
f 4689 1266 4688
f 3574 4692 4691
f 4692 1267 1266
f 3574 4693 4692
f 4692 1268 1267
f 3575 4694 4693
f 4693 1238 1268
f 3577 4695 4694
f 4695 1237 1238
f 3578 4696 4695
f 4696 1239 1237
f 3578 4697 4696
f 4697 1240 1239
f 3580 4699 4697
f 4699 4698 1240
f 4699 4702 4920
f 4699 4920 4700
f 4702 4701 4703
f 4920 4703 1241
f 3580 4704 4702
f 4702 1242 4701
f 3550 4653 4704
f 4653 1243 1242
f 3583 4706 4705
f 4706 4701 1242
f 4706 4708 4921
f 4706 4921 4703
f 4708 4707 4709
f 4921 4709 1241
f 3583 4710 4708
f 4708 1901 4707
f 3585 4711 4710
f 4711 1904 1901
f 3585 4712 4711
f 4711 1906 1904
f 3586 4713 4712
f 4712 1865 1906
f 3588 4714 4713
f 4714 1866 1865
f 3589 4715 4714
f 4715 1870 1866
f 3589 4716 4715
f 4716 1872 1870
f 3591 4718 4716
f 4718 4717 1872
f 4718 4721 4922
f 4718 4922 4719
f 4721 4720 4722
f 4922 4722 1358
f 3591 4723 4721
f 4721 1357 4720
f 3593 4724 4723
f 4724 1359 1357
f 3593 4725 4724
f 4724 1360 1359
f 3594 4726 4725
f 4725 1361 1360
f 3596 4727 4726
f 4727 1362 1361
f 3597 4728 4727
f 4728 1363 1362
f 3597 4729 4728
f 4728 1364 1363
f 3599 4731 4729
f 4731 4730 1364
f 4731 4734 4923
f 4731 4923 4732
f 4734 4733 4735
f 4923 4735 1366
f 3599 4736 4734
f 4734 1880 4733
f 3601 4737 4736
f 4736 1882 1880
f 3601 4738 4737
f 4737 1884 1882
f 3602 4739 4738
f 4738 1886 1884
f 3604 4740 4739
f 4740 1889 1886
f 3605 4741 4740
f 4741 1890 1889
f 3605 4742 4741
f 4742 1893 1890
f 3607 4744 4742
f 4744 4743 1893
f 4744 4746 4924
f 4744 4924 4745
f 4746 4659 4661
f 4924 4661 1250
f 3607 4747 4746
f 4746 1248 4659
f 3609 4748 4747
f 4748 1247 1248
f 3609 4749 4748
f 4748 1246 1247
f 3610 4750 4749
f 4749 1245 1246
f 3612 4751 4750
f 4751 1244 1245
f 3581 4752 4751
f 4752 1243 1244
f 3581 4705 4752
f 4705 1242 1243
f 3614 4754 4753
f 4753 1893 4743
f 4796 4753 4925
f 4796 4925 4664
f 4753 4743 4745
f 4925 4745 1250
f 3616 4755 4754
f 4754 1890 1893
f 3616 4756 4755
f 4755 1889 1890
f 3617 4757 4756
f 4756 1886 1889
f 3619 4758 4757
f 4758 1884 1886
f 3620 4759 4758
f 4759 1882 1884
f 3620 4760 4759
f 4759 1880 1882
f 3622 4761 4760
f 4761 4733 1880
f 4761 4763 4926
f 4761 4926 4735
f 4763 4762 4764
f 4926 4764 1366
f 3622 4765 4763
f 4763 1365 4762
f 3624 4766 4765
f 4765 1367 1365
f 3624 4767 4766
f 4766 1368 1367
f 3625 4768 4767
f 4767 1369 1368
f 3627 4769 4768
f 4769 1370 1369
f 3628 4770 4769
f 4770 1371 1370
f 3628 4771 4770
f 4770 1372 1371
f 3630 4773 4771
f 4773 4772 1372
f 4773 4776 4927
f 4773 4927 4774
f 4776 4775 4777
f 4927 4777 1374
f 3630 4778 4776
f 4776 1923 4775
f 3632 4779 4778
f 4778 1925 1923
f 3632 4780 4779
f 4779 1927 1925
f 3633 4781 4780
f 4780 1929 1927
f 3635 4782 4781
f 4782 1931 1929
f 3636 4783 4782
f 4783 1932 1931
f 3636 4784 4783
f 4783 1935 1932
f 3638 4786 4784
f 4786 4785 1935
f 4786 4788 4928
f 4786 4928 4787
f 4788 4672 4674
f 4928 4674 1258
f 3638 4789 4788
f 4788 1256 4672
f 3640 4790 4789
f 4789 1255 1256
f 3640 4791 4790
f 4790 1254 1255
f 3641 4792 4791
f 4791 1253 1254
f 3643 4793 4792
f 4793 1252 1253
f 3644 4794 4793
f 4794 1251 1252
f 3644 4795 4794
f 4794 1249 1251
f 3614 4796 4795
f 4796 4662 1249
f 3646 4798 4797
f 4797 1935 4785
f 4840 4797 4929
f 4840 4929 4677
f 4797 4785 4787
f 4929 4787 1258
f 3648 4799 4798
f 4798 1932 1935
f 3648 4800 4799
f 4799 1931 1932
f 3649 4801 4800
f 4800 1929 1931
f 3651 4802 4801
f 4802 1927 1929
f 3652 4803 4802
f 4803 1925 1927
f 3652 4804 4803
f 4804 1923 1925
f 3654 4805 4804
f 4805 4775 1923
f 4805 4807 4930
f 4805 4930 4777
f 4807 4806 4808
f 4930 4808 1374
f 3654 4809 4807
f 4807 1373 4806
f 3656 4810 4809
f 4810 1375 1373
f 3656 4811 4810
f 4810 1376 1375
f 3657 4812 4811
f 4811 1377 1376
f 3659 4813 4812
f 4813 1378 1377
f 3660 4814 4813
f 4814 1379 1378
f 3660 4815 4814
f 4814 1380 1379
f 3662 4817 4815
f 4817 4816 1380
f 4817 4820 4931
f 4817 4931 4818
f 4820 4819 4821
f 4931 4821 1382
f 3662 4822 4820
f 4820 1914 4819
f 3664 4823 4822
f 4822 1912 1914
f 3664 4824 4823
f 4823 1910 1912
f 3665 4825 4824
f 4824 1907 1910
f 3667 4826 4825
f 4826 1947 1907
f 3668 4827 4826
f 4827 1945 1947
f 3668 4828 4827
f 4827 1944 1945
f 3670 4830 4828
f 4830 4829 1944
f 4830 4832 4932
f 4830 4932 4831
f 4832 4685 4687
f 4932 4687 1265
f 3670 4833 4832
f 4832 1264 4685
f 3672 4834 4833
f 4833 1263 1264
f 3672 4835 4834
f 4834 1262 1263
f 3673 4836 4835
f 4835 1261 1262
f 3675 4837 4836
f 4837 1260 1261
f 3676 4838 4837
f 4838 1259 1260
f 3676 4839 4838
f 4838 1257 1259
f 3646 4840 4839
f 4840 4675 1257
f 3678 4842 4841
f 4841 1944 4829
f 4880 4841 4933
f 4880 4933 4690
f 4841 4829 4831
f 4933 4831 1265
f 3680 4843 4842
f 4843 1945 1944
f 3680 4844 4843
f 4843 1947 1945
f 3681 4845 4844
f 4844 1907 1947
f 3683 4846 4845
f 4846 1910 1907
f 3684 4847 4846
f 4847 1912 1910
f 3684 4848 4847
f 4848 1914 1912
f 3686 4849 4848
f 4849 4819 1914
f 4849 4851 4934
f 4849 4934 4821
f 4851 4850 4852
f 4934 4852 1382
f 3686 4853 4851
f 4851 1381 4850
f 3688 4854 4853
f 4854 1383 1381
f 3688 4855 4854
f 4854 1384 1383
f 3689 4856 4855
f 4855 1353 1384
f 3691 4857 4856
f 4857 1354 1353
f 3692 4858 4857
f 4858 1355 1354
f 3692 4859 4858
f 4859 1356 1355
f 3694 4861 4859
f 4861 4860 1356
f 4861 4863 4935
f 4861 4935 4862
f 4863 4717 4719
f 4935 4719 1358
f 3694 4864 4863
f 4863 1872 4717
f 3696 4865 4864
f 4865 1870 1872
f 3696 4866 4865
f 4865 1866 1870
f 3697 4867 4866
f 4866 1865 1866
f 3699 4868 4867
f 4868 1906 1865
f 3700 4869 4868
f 4869 1904 1906
f 3700 4870 4869
f 4870 1901 1904
f 3702 4871 4870
f 4871 4707 1901
f 4871 4872 4936
f 4871 4936 4709
f 4872 4698 4700
f 4936 4700 1241
f 3702 4873 4872
f 4872 1240 4698
f 3704 4874 4873
f 4874 1239 1240
f 3704 4875 4874
f 4874 1237 1239
f 3705 4876 4875
f 4875 1238 1237
f 3707 4877 4876
f 4877 1268 1238
f 3708 4878 4877
f 4878 1267 1268
f 3708 4879 4878
f 4879 1266 1267
f 3678 4880 4879
f 4880 4688 1266
f 3711 4882 4881
f 4882 1384 1353
f 3712 4883 4882
f 4883 1383 1384
f 3712 4884 4883
f 4883 1381 1383
f 3714 4885 4884
f 4885 4850 1381
f 4885 4886 4937
f 4885 4937 4852
f 4886 4816 4818
f 4937 4818 1382
f 3714 4887 4886
f 4886 1380 4816
f 3716 4888 4887
f 4887 1379 1380
f 3716 4889 4888
f 4888 1378 1379
f 3717 4890 4889
f 4889 1377 1378
f 3719 4891 4890
f 4891 1376 1377
f 3720 4892 4891
f 4892 1375 1376
f 3720 4893 4892
f 4892 1373 1375
f 3722 4894 4893
f 4894 4806 1373
f 4894 4895 4938
f 4894 4938 4808
f 4895 4772 4774
f 4938 4774 1374
f 3722 4896 4895
f 4895 1372 4772
f 3724 4897 4896
f 4896 1371 1372
f 3724 4898 4897
f 4897 1370 1371
f 3725 4899 4898
f 4898 1369 1370
f 3727 4900 4899
f 4900 1368 1369
f 3728 4901 4900
f 4901 1367 1368
f 3728 4902 4901
f 4901 1365 1367
f 3730 4903 4902
f 4903 4762 1365
f 4903 4904 4939
f 4903 4939 4764
f 4904 4730 4732
f 4939 4732 1366
f 3730 4905 4904
f 4904 1364 4730
f 3732 4906 4905
f 4905 1363 1364
f 3732 4907 4906
f 4906 1362 1363
f 3733 4908 4907
f 4907 1361 1362
f 3735 4909 4908
f 4909 1360 1361
f 3736 4910 4909
f 4910 1359 1360
f 3736 4911 4910
f 4910 1357 1359
f 3738 4912 4911
f 4912 4720 1357
f 4912 4913 4940
f 4912 4940 4722
f 4913 4860 4862
f 4940 4862 1358
f 3738 4914 4913
f 4913 1356 4860
f 3740 4915 4914
f 4914 1355 1356
f 3740 4916 4915
f 4915 1354 1355
f 3709 4881 4916
f 4916 1353 1354
f 4881 1353 4916
f 3710 4881 3709
f 4916 1354 4915
f 3709 4916 3740
f 4915 1355 4914
f 3740 4914 3739
f 4914 1356 4913
f 3739 4914 3738
f 4940 1358 4722
f 4913 4862 4940
f 4912 4722 4720
f 3738 4913 4912
f 4912 1357 4911
f 3738 4911 3737
f 4911 1357 4910
f 3737 4911 3736
f 4910 1360 4909
f 3736 4909 3735
f 4909 1361 4908
f 3735 4908 3734
f 4908 1361 4907
f 3734 4908 3733
f 4907 1362 4906
f 3733 4907 3732
f 4906 1363 4905
f 3732 4905 3731
f 4905 1364 4904
f 3731 4905 3730
f 4939 1366 4764
f 4904 4732 4939
f 4903 4764 4762
f 3730 4904 4903
f 4903 1365 4902
f 3730 4902 3729
f 4902 1365 4901
f 3729 4902 3728
f 4901 1368 4900
f 3728 4900 3727
f 4900 1369 4899
f 3727 4899 3726
f 4899 1369 4898
f 3726 4899 3725
f 4898 1370 4897
f 3725 4898 3724
f 4897 1371 4896
f 3724 4896 3723
f 4896 1372 4895
f 3723 4896 3722
f 4938 1374 4808
f 4895 4774 4938
f 4894 4808 4806
f 3722 4895 4894
f 4894 1373 4893
f 3722 4893 3721
f 4893 1373 4892
f 3721 4893 3720
f 4892 1376 4891
f 3720 4891 3719
f 4891 1377 4890
f 3719 4890 3718
f 4890 1377 4889
f 3718 4890 3717
f 4889 1378 4888
f 3717 4889 3716
f 4888 1379 4887
f 3716 4887 3715
f 4887 1380 4886
f 3715 4887 3714
f 4937 1382 4852
f 4886 4818 4937
f 4885 4852 4850
f 3714 4886 4885
f 4885 1381 4884
f 3714 4884 3713
f 4884 1381 4883
f 3713 4884 3712
f 4883 1384 4882
f 3712 4882 3711
f 4882 1353 4881
f 3711 4881 3710
f 4880 1266 4879
f 3678 4879 3677
f 4879 1267 4878
f 3677 4879 3708
f 4878 1268 4877
f 3708 4877 3707
f 4877 1238 4876
f 3707 4876 3706
f 4876 1238 4875
f 3706 4876 3705
f 4875 1237 4874
f 3705 4875 3704
f 4874 1240 4873
f 3704 4873 3703
f 4873 1240 4872
f 3703 4873 3702
f 4936 1241 4709
f 4872 4700 4936
f 4871 4709 4707
f 3702 4872 4871
f 4871 1901 4870
f 3702 4870 3701
f 4870 1904 4869
f 3701 4870 3700
f 4869 1906 4868
f 3700 4868 3699
f 4868 1865 4867
f 3699 4867 3698
f 4867 1865 4866
f 3698 4867 3697
f 4866 1866 4865
f 3697 4866 3696
f 4865 1872 4864
f 3696 4864 3695
f 4864 1872 4863
f 3695 4864 3694
f 4935 1358 4862
f 4863 4719 4935
f 4861 4862 4860
f 3694 4863 4861
f 4861 1356 4859
f 3694 4859 3693
f 4859 1355 4858
f 3693 4859 3692
f 4858 1354 4857
f 3692 4857 3691
f 4857 1353 4856
f 3691 4856 3690
f 4856 1353 4855
f 3690 4856 3689
f 4855 1384 4854
f 3689 4855 3688
f 4854 1381 4853
f 3688 4853 3687
f 4853 1381 4851
f 3687 4853 3686
f 4934 1382 4821
f 4851 4852 4934
f 4849 4821 4819
f 3686 4851 4849
f 4849 1914 4848
f 3686 4848 3685
f 4848 1912 4847
f 3685 4848 3684
f 4847 1910 4846
f 3684 4846 3683
f 4846 1907 4845
f 3683 4845 3682
f 4845 1907 4844
f 3682 4845 3681
f 4844 1947 4843
f 3681 4844 3680
f 4843 1944 4842
f 3680 4842 3679
f 4933 1265 4690
f 4841 4831 4933
f 4880 4690 4688
f 3678 4841 4880
f 4842 1944 4841
f 3679 4842 3678
f 4840 1257 4839
f 3646 4839 3645
f 4839 1257 4838
f 3645 4839 3676
f 4838 1260 4837
f 3676 4837 3675
f 4837 1261 4836
f 3675 4836 3674
f 4836 1261 4835
f 3674 4836 3673
f 4835 1262 4834
f 3673 4835 3672
f 4834 1263 4833
f 3672 4833 3671
f 4833 1264 4832
f 3671 4833 3670
f 4932 1265 4831
f 4832 4687 4932
f 4830 4831 4829
f 3670 4832 4830
f 4830 1944 4828
f 3670 4828 3669
f 4828 1944 4827
f 3669 4828 3668
f 4827 1947 4826
f 3668 4826 3667
f 4826 1907 4825
f 3667 4825 3666
f 4825 1907 4824
f 3666 4825 3665
f 4824 1910 4823
f 3665 4824 3664
f 4823 1912 4822
f 3664 4822 3663
f 4822 1914 4820
f 3663 4822 3662
f 4931 1382 4818
f 4820 4821 4931
f 4817 4818 4816
f 3662 4820 4817
f 4817 1380 4815
f 3662 4815 3661
f 4815 1380 4814
f 3661 4815 3660
f 4814 1378 4813
f 3660 4813 3659
f 4813 1377 4812
f 3659 4812 3658
f 4812 1377 4811
f 3658 4812 3657
f 4811 1376 4810
f 3657 4811 3656
f 4810 1373 4809
f 3656 4809 3655
f 4809 1373 4807
f 3655 4809 3654
f 4930 1374 4777
f 4807 4808 4930
f 4805 4777 4775
f 3654 4807 4805
f 4805 1923 4804
f 3654 4804 3653
f 4804 1925 4803
f 3653 4804 3652
f 4803 1927 4802
f 3652 4802 3651
f 4802 1929 4801
f 3651 4801 3650
f 4801 1929 4800
f 3650 4801 3649
f 4800 1931 4799
f 3649 4800 3648
f 4799 1932 4798
f 3648 4798 3647
f 4929 1258 4677
f 4797 4787 4929
f 4840 4677 4675
f 3646 4797 4840
f 4798 1935 4797
f 3647 4798 3646
f 4796 1249 4795
f 3614 4795 3613
f 4795 1249 4794
f 3613 4795 3644
f 4794 1252 4793
f 3644 4793 3643
f 4793 1253 4792
f 3643 4792 3642
f 4792 1253 4791
f 3642 4792 3641
f 4791 1254 4790
f 3641 4791 3640
f 4790 1255 4789
f 3640 4789 3639
f 4789 1256 4788
f 3639 4789 3638
f 4928 1258 4787
f 4788 4674 4928
f 4786 4787 4785
f 3638 4788 4786
f 4786 1935 4784
f 3638 4784 3637
f 4784 1935 4783
f 3637 4784 3636
f 4783 1931 4782
f 3636 4782 3635
f 4782 1929 4781
f 3635 4781 3634
f 4781 1929 4780
f 3634 4781 3633
f 4780 1927 4779
f 3633 4780 3632
f 4779 1925 4778
f 3632 4778 3631
f 4778 1923 4776
f 3631 4778 3630
f 4927 1374 4774
f 4776 4777 4927
f 4773 4774 4772
f 3630 4776 4773
f 4773 1372 4771
f 3630 4771 3629
f 4771 1372 4770
f 3629 4771 3628
f 4770 1370 4769
f 3628 4769 3627
f 4769 1369 4768
f 3627 4768 3626
f 4768 1369 4767
f 3626 4768 3625
f 4767 1368 4766
f 3625 4767 3624
f 4766 1367 4765
f 3624 4765 3623
f 4765 1365 4763
f 3623 4765 3622
f 4926 1366 4735
f 4763 4764 4926
f 4761 4735 4733
f 3622 4763 4761
f 4761 1880 4760
f 3622 4760 3621
f 4760 1880 4759
f 3621 4760 3620
f 4759 1884 4758
f 3620 4758 3619
f 4758 1886 4757
f 3619 4757 3618
f 4757 1886 4756
f 3618 4757 3617
f 4756 1889 4755
f 3617 4756 3616
f 4755 1890 4754
f 3616 4754 3615
f 4925 1250 4664
f 4753 4745 4925
f 4796 4664 4662
f 3614 4753 4796
f 4754 1893 4753
f 3615 4754 3614
f 4705 1243 4752
f 3582 4705 3581
f 4752 1244 4751
f 3581 4751 3612
f 4751 1245 4750
f 3612 4750 3611
f 4750 1245 4749
f 3611 4750 3610
f 4749 1246 4748
f 3610 4749 3609
f 4748 1248 4747
f 3609 4747 3608
f 4747 1248 4746
f 3608 4747 3607
f 4924 1250 4745
f 4746 4661 4924
f 4744 4745 4743
f 3607 4746 4744
f 4744 1893 4742
f 3607 4742 3606
f 4742 1890 4741
f 3606 4742 3605
f 4741 1889 4740
f 3605 4740 3604
f 4740 1886 4739
f 3604 4739 3603
f 4739 1886 4738
f 3603 4739 3602
f 4738 1884 4737
f 3602 4738 3601
f 4737 1882 4736
f 3601 4736 3600
f 4736 1880 4734
f 3600 4736 3599
f 4923 1366 4732
f 4734 4735 4923
f 4731 4732 4730
f 3599 4734 4731
f 4731 1364 4729
f 3599 4729 3598
f 4729 1364 4728
f 3598 4729 3597
f 4728 1362 4727
f 3597 4727 3596
f 4727 1361 4726
f 3596 4726 3595
f 4726 1361 4725
f 3595 4726 3594
f 4725 1360 4724
f 3594 4725 3593
f 4724 1357 4723
f 3593 4723 3592
f 4723 1357 4721
f 3592 4723 3591
f 4922 1358 4719
f 4721 4722 4922
f 4718 4719 4717
f 3591 4721 4718
f 4718 1872 4716
f 3591 4716 3590
f 4716 1870 4715
f 3590 4716 3589
f 4715 1866 4714
f 3589 4714 3588
f 4714 1865 4713
f 3588 4713 3587
f 4713 1865 4712
f 3587 4713 3586
f 4712 1906 4711
f 3586 4712 3585
f 4711 1901 4710
f 3585 4710 3584
f 4710 1901 4708
f 3584 4710 3583
f 4921 1241 4703
f 4708 4709 4921
f 4706 4703 4701
f 3583 4708 4706
f 4706 1242 4705
f 3583 4705 3582
f 4653 1242 4704
f 3550 4704 3549
f 4704 1242 4702
f 3549 4704 3580
f 4920 1241 4700
f 4702 4703 4920
f 4699 4700 4698
f 3580 4702 4699
f 4699 1240 4697
f 3580 4697 3579
f 4697 1239 4696
f 3579 4697 3578
f 4696 1237 4695
f 3578 4695 3577
f 4695 1238 4694
f 3577 4694 3576
f 4694 1238 4693
f 3576 4694 3575
f 4693 1268 4692
f 3575 4693 3574
f 4692 1266 4691
f 3574 4691 3573
f 4691 1266 4689
f 3573 4691 3572
f 4919 1265 4687
f 4689 4690 4919
f 4686 4687 4685
f 3572 4689 4686
f 4686 1264 4684
f 3572 4684 3571
f 4684 1263 4683
f 3571 4684 3570
f 4683 1262 4682
f 3570 4682 3569
f 4682 1261 4681
f 3569 4681 3568
f 4681 1261 4680
f 3568 4681 3567
f 4680 1260 4679
f 3567 4680 3566
f 4679 1257 4678
f 3566 4678 3565
f 4678 1257 4676
f 3565 4678 3564
f 4918 1258 4674
f 4676 4677 4918
f 4673 4674 4672
f 3564 4676 4673
f 4673 1256 4671
f 3564 4671 3563
f 4671 1255 4670
f 3563 4671 3562
f 4670 1254 4669
f 3562 4669 3561
f 4669 1253 4668
f 3561 4668 3560
f 4668 1253 4667
f 3560 4668 3559
f 4667 1252 4666
f 3559 4667 3558
f 4666 1249 4665
f 3558 4665 3557
f 4665 1249 4663
f 3557 4665 3556
f 4917 1250 4661
f 4663 4664 4917
f 4660 4661 4659
f 3556 4663 4660
f 4660 1248 4658
f 3556 4658 3555
f 4658 1247 4657
f 3555 4658 3554
f 4657 1246 4656
f 3554 4656 3553
f 4656 1245 4655
f 3553 4655 3552
f 4655 1245 4654
f 3552 4655 3551
f 4654 1244 4653
f 3551 4654 3550
f 4629 876 4652
f 903 4629 902
f 4652 877 4651
f 902 4652 901
f 4651 878 4650
f 901 4651 900
f 4650 879 4649
f 900 4649 899
f 4649 881 4648
f 899 4649 898
f 4648 882 4647
f 898 4648 897
f 4647 883 4646
f 897 4646 896
f 4646 884 4645
f 896 4646 895
f 4645 885 4644
f 895 4644 894
f 4644 886 4643
f 894 4643 893
f 4643 887 4642
f 893 4642 892
f 4642 888 4641
f 892 4641 891
f 4641 888 4640
f 891 4641 889
f 4640 866 4639
f 889 4640 890
f 4639 866 4638
f 890 4638 912
f 4638 868 4637
f 912 4637 911
f 4637 868 4636
f 911 4637 910
f 4636 870 4635
f 910 4636 909
f 4635 871 4634
f 909 4635 908
f 4634 872 4633
f 908 4634 907
f 4633 873 4632
f 907 4633 906
f 4632 873 4631
f 906 4632 905
f 4631 875 4630
f 905 4630 904
f 4630 876 4629
f 904 4629 903
f 4605 877 4628
f 3526 4628 3525
f 4628 876 4627
f 3525 4627 3548
f 4627 875 4626
f 3548 4626 3547
f 4626 874 4625
f 3547 4626 3546
f 4625 873 4624
f 3546 4625 3545
f 4624 872 4623
f 3545 4623 3544
f 4623 870 4622
f 3544 4623 3543
f 4622 870 4621
f 3543 4622 3542
f 4621 869 4620
f 3542 4621 3541
f 4620 868 4619
f 3541 4619 3540
f 4619 866 4618
f 3540 4618 3539
f 4618 865 4617
f 3539 4618 3538
f 4617 865 4616
f 3538 4616 3537
f 4616 887 4615
f 3537 4615 3536
f 4615 887 4614
f 3536 4614 3535
f 4614 885 4613
f 3535 4614 3534
f 4613 885 4612
f 3534 4613 3533
f 4612 883 4611
f 3533 4612 3532
f 4611 882 4610
f 3532 4610 3531
f 4610 882 4609
f 3531 4609 3530
f 4609 880 4608
f 3530 4608 3529
f 4608 879 4607
f 3529 4607 3528
f 4607 878 4606
f 3528 4606 3527
f 4606 878 4605
f 3527 4606 3526
f 4581 828 4604
f 855 4581 854
f 4604 829 4603
f 854 4604 853
f 4603 830 4602
f 853 4603 852
f 4602 831 4601
f 852 4601 851
f 4601 833 4600
f 851 4601 850
f 4600 834 4599
f 850 4600 849
f 4599 835 4598
f 849 4598 848
f 4598 836 4597
f 848 4598 847
f 4597 837 4596
f 847 4596 846
f 4596 838 4595
f 846 4595 845
f 4595 839 4594
f 845 4594 844
f 4594 840 4593
f 844 4593 843
f 4593 840 4592
f 843 4593 841
f 4592 818 4591
f 841 4592 842
f 4591 818 4590
f 842 4590 864
f 4590 820 4589
f 864 4589 863
f 4589 820 4588
f 863 4589 862
f 4588 822 4587
f 862 4588 861
f 4587 823 4586
f 861 4587 860
f 4586 824 4585
f 860 4586 859
f 4585 825 4584
f 859 4585 858
f 4584 825 4583
f 858 4584 857
f 4583 827 4582
f 857 4582 856
f 4582 828 4581
f 856 4581 855
f 4557 829 4580
f 3502 4580 3501
f 4580 828 4579
f 3501 4579 3524
f 4579 827 4578
f 3524 4578 3523
f 4578 826 4577
f 3523 4578 3522
f 4577 825 4576
f 3522 4577 3521
f 4576 824 4575
f 3521 4575 3520
f 4575 822 4574
f 3520 4575 3519
f 4574 822 4573
f 3519 4574 3518
f 4573 821 4572
f 3518 4573 3517
f 4572 820 4571
f 3517 4571 3516
f 4571 818 4570
f 3516 4570 3515
f 4570 817 4569
f 3515 4570 3514
f 4569 817 4568
f 3514 4568 3513
f 4568 839 4567
f 3513 4567 3512
f 4567 839 4566
f 3512 4566 3511
f 4566 837 4565
f 3511 4566 3510
f 4565 837 4564
f 3510 4565 3509
f 4564 835 4563
f 3509 4564 3508
f 4563 834 4562
f 3508 4562 3507
f 4562 834 4561
f 3507 4561 3506
f 4561 832 4560
f 3506 4560 3505
f 4560 831 4559
f 3505 4559 3504
f 4559 830 4558
f 3504 4558 3503
f 4558 830 4557
f 3503 4558 3502
f 4533 760 4556
f 3478 4533 3477
f 4556 730 4555
f 3477 4556 3500
f 4555 730 4554
f 3500 4554 3499
f 4554 729 4553
f 3499 4553 3498
f 4553 727 4552
f 3498 4553 3497
f 4552 727 4551
f 3497 4552 3496
f 4551 725 4550
f 3496 4550 3495
f 4550 725 4549
f 3495 4549 3494
f 4549 723 4548
f 3494 4548 3493
f 4548 722 4547
f 3493 4547 3492
f 4547 721 4546
f 3492 4547 3491
f 4546 721 4545
f 3491 4546 3490
f 4545 720 4544
f 3490 4544 3489
f 4544 719 4543
f 3489 4543 3488
f 4543 718 4542
f 3488 4543 3487
f 4542 716 4541
f 3487 4542 3486
f 4541 715 4540
f 3486 4541 3485
f 4540 714 4539
f 3485 4540 3484
f 4539 713 4538
f 3484 4538 3483
f 4538 713 4537
f 3483 4538 3482
f 4537 763 4536
f 3482 4536 3481
f 4536 762 4535
f 3481 4536 3480
f 4535 762 4534
f 3480 4535 3479
f 4534 760 4533
f 3479 4534 3478
f 4509 760 4532
f 3454 4509 3453
f 4532 760 4531
f 3453 4531 3476
f 4531 762 4530
f 3476 4530 3475
f 4530 762 4529
f 3475 4529 3474
f 4529 764 4528
f 3474 4528 3473
f 4528 713 4527
f 3473 4527 3472
f 4527 714 4526
f 3472 4527 3471
f 4526 714 4525
f 3471 4526 3470
f 4525 716 4524
f 3470 4524 3469
f 4524 716 4523
f 3469 4523 3468
f 4523 717 4522
f 3468 4522 3467
f 4522 718 4521
f 3467 4522 3466
f 4521 720 4520
f 3466 4521 3465
f 4520 721 4519
f 3465 4519 3464
f 4519 722 4518
f 3464 4518 3463
f 4518 722 4517
f 3463 4518 3462
f 4517 723 4516
f 3462 4517 3461
f 4516 724 4515
f 3461 4516 3460
f 4515 726 4514
f 3460 4514 3459
f 4514 727 4513
f 3459 4514 3458
f 4513 727 4512
f 3458 4512 3457
f 4512 728 4511
f 3457 4512 3456
f 4511 729 4510
f 3456 4511 3455
f 4510 730 4509
f 3455 4510 3454
f 4481 746 4508
f 3426 4508 3425
f 4508 747 4507
f 3425 4508 3452
f 4507 749 4506
f 3452 4507 3451
f 4506 750 4505
f 3451 4506 3450
f 4505 750 4504
f 3450 4504 3449
f 4504 752 4503
f 3449 4504 3448
f 4503 753 4502
f 3448 4503 3447
f 4502 753 4501
f 3447 4501 3446
f 4501 754 4500
f 3446 4500 3445
f 4500 756 4499
f 3445 4500 3444
f 4499 757 4498
f 3444 4499 3443
f 4498 758 4497
f 3443 4498 3442
f 4497 758 4496
f 3442 4497 3441
f 4496 759 4495
f 3441 4496 3440
f 4495 732 4494
f 3440 4494 3439
f 4494 733 4493
f 3439 4493 3438
f 4493 734 4492
f 3438 4492 3437
f 4492 736 4491
f 3437 4492 3436
f 4491 737 4490
f 3436 4490 3435
f 4490 738 4489
f 3435 4490 3434
f 4489 739 4488
f 3434 4489 3433
f 4488 739 4487
f 3433 4487 3432
f 4487 740 4486
f 3432 4486 3431
f 4486 742 4485
f 3431 4486 3430
f 4485 742 4484
f 3430 4485 3429
f 4484 743 4483
f 3429 4484 3428
f 4483 744 4482
f 3428 4483 3427
f 4482 746 4481
f 3427 4482 3426
f 4453 747 4480
f 3398 4480 3397
f 4480 746 4479
f 3397 4480 3424
f 4479 745 4478
f 3424 4478 3423
f 4478 743 4477
f 3423 4477 3422
f 4477 742 4476
f 3422 4476 3421
f 4476 742 4475
f 3421 4475 3420
f 4475 740 4474
f 3420 4474 3419
f 4474 740 4473
f 3419 4474 3418
f 4473 739 4472
f 3418 4472 3417
f 4472 738 4471
f 3417 4471 3416
f 4471 736 4470
f 3416 4471 3415
f 4470 736 4469
f 3415 4469 3414
f 4469 734 4468
f 3414 4469 3413
f 4468 734 4467
f 3413 4468 3412
f 4467 732 4466
f 3412 4466 3411
f 4466 759 4465
f 3411 4466 3410
f 4465 759 4464
f 3410 4464 3409
f 4464 758 4463
f 3409 4463 3408
f 4463 757 4462
f 3408 4463 3407
f 4462 756 4461
f 3407 4462 3406
f 4461 754 4460
f 3406 4461 3405
f 4460 753 4459
f 3405 4460 3404
f 4459 753 4458
f 3404 4459 3403
f 4458 752 4457
f 3403 4457 3402
f 4457 750 4456
f 3402 4457 3401
f 4456 749 4455
f 3401 4455 3400
f 4455 748 4454
f 3400 4454 3399
f 4454 747 4453
f 3399 4454 3398
f 4429 635 4452
f 3374 4429 3373
f 4452 635 4451
f 3373 4452 3396
f 4451 633 4450
f 3396 4451 3395
f 4450 633 4449
f 3395 4450 3394
f 4449 655 4448
f 3394 4449 3393
f 4448 655 4447
f 3393 4447 3392
f 4447 654 4446
f 3392 4446 3391
f 4446 652 4445
f 3391 4446 3390
f 4445 652 4444
f 3390 4445 3389
f 4444 650 4443
f 3389 4443 3388
f 4443 650 4442
f 3388 4442 3387
f 4442 648 4441
f 3387 4441 3386
f 4441 647 4440
f 3386 4440 3385
f 4440 646 4439
f 3385 4440 3384
f 4439 646 4438
f 3384 4439 3383
f 4438 645 4437
f 3383 4437 3382
f 4437 644 4436
f 3382 4436 3381
f 4436 643 4435
f 3381 4436 3380
f 4435 641 4434
f 3380 4435 3379
f 4434 640 4433
f 3379 4434 3378
f 4433 639 4432
f 3378 4433 3377
f 4432 638 4431
f 3377 4431 3376
f 4431 638 4430
f 3376 4431 3375
f 4430 636 4429
f 3375 4429 3374
f 4405 635 4428
f 3350 4428 3349
f 4428 637 4427
f 3349 4427 3372
f 4427 638 4426
f 3372 4426 3371
f 4426 639 4425
f 3371 4426 3370
f 4425 639 4424
f 3370 4425 3369
f 4424 641 4423
f 3369 4423 3368
f 4423 641 4422
f 3368 4422 3367
f 4422 642 4421
f 3367 4421 3366
f 4421 643 4420
f 3366 4421 3365
f 4420 645 4419
f 3365 4420 3364
f 4419 646 4418
f 3364 4418 3363
f 4418 647 4417
f 3363 4417 3362
f 4417 647 4416
f 3362 4417 3361
f 4416 648 4415
f 3361 4416 3360
f 4415 649 4414
f 3360 4415 3359
f 4414 651 4413
f 3359 4413 3358
f 4413 652 4412
f 3358 4413 3357
f 4412 652 4411
f 3357 4411 3356
f 4411 653 4410
f 3356 4411 3355
f 4410 654 4409
f 3355 4410 3354
f 4409 655 4408
f 3354 4409 3353
f 4408 633 4407
f 3353 4408 3352
f 4407 633 4406
f 3352 4406 3351
f 4406 635 4405
f 3351 4405 3350
f 4377 617 4404
f 3322 4377 3321
f 4404 619 4403
f 3321 4404 3348
f 4403 620 4402
f 3348 4402 3347
f 4402 621 4401
f 3347 4401 3346
f 4401 621 4400
f 3346 4400 3345
f 4400 623 4399
f 3345 4400 3344
f 4399 624 4398
f 3344 4399 3343
f 4398 624 4397
f 3343 4397 3342
f 4397 625 4396
f 3342 4396 3341
f 4396 626 4395
f 3341 4396 3340
f 4395 627 4394
f 3340 4395 3339
f 4394 629 4393
f 3339 4394 3338
f 4393 630 4392
f 3338 4393 3337
f 4392 630 4391
f 3337 4392 3336
f 4391 656 4390
f 3336 4391 3335
f 4390 657 4389
f 3335 4389 3334
f 4389 657 4388
f 3334 4388 3333
f 4388 658 4387
f 3333 4387 3332
f 4387 659 4386
f 3332 4386 3331
f 4386 609 4385
f 3331 4386 3330
f 4385 610 4384
f 3330 4385 3329
f 4384 610 4383
f 3329 4383 3328
f 4383 611 4382
f 3328 4382 3327
f 4382 613 4381
f 3327 4382 3326
f 4381 613 4380
f 3326 4380 3325
f 4380 614 4379
f 3325 4379 3324
f 4379 616 4378
f 3324 4378 3323
f 4378 616 4377
f 3323 4378 3322
f 4349 617 4376
f 3294 4376 3293
f 4376 616 4375
f 3293 4376 3320
f 4375 616 4374
f 3320 4374 3319
f 4374 615 4373
f 3319 4374 3318
f 4373 613 4372
f 3318 4373 3317
f 4372 613 4371
f 3317 4371 3316
f 4371 611 4370
f 3316 4371 3315
f 4370 610 4369
f 3315 4370 3314
f 4369 610 4368
f 3314 4369 3313
f 4368 609 4367
f 3313 4367 3312
f 4367 659 4366
f 3312 4366 3311
f 4366 658 4365
f 3311 4365 3310
f 4365 657 4364
f 3310 4365 3309
f 4364 656 4363
f 3309 4364 3308
f 4363 656 4362
f 3308 4362 3307
f 4362 631 4361
f 3307 4362 3306
f 4361 630 4360
f 3306 4360 3305
f 4360 629 4359
f 3305 4359 3304
f 4359 627 4358
f 3304 4359 3303
f 4358 627 4357
f 3303 4357 3302
f 4357 625 4356
f 3302 4356 3301
f 4356 624 4355
f 3301 4356 3300
f 4355 623 4354
f 3300 4354 3299
f 4354 623 4353
f 3299 4354 3298
f 4353 621 4352
f 3298 4353 3297
f 4352 621 4351
f 3297 4352 3296
f 4351 620 4350
f 3296 4351 3295
f 4350 618 4349
f 3295 4350 3294
f 4325 572 4348
f 599 4348 598
f 4348 573 4347
f 598 4348 597
f 4347 575 4346
f 597 4347 596
f 4346 575 4345
f 596 4345 595
f 4345 576 4344
f 595 4344 594
f 4344 578 4343
f 594 4343 593
f 4343 578 4342
f 593 4343 592
f 4342 579 4341
f 592 4341 591
f 4341 580 4340
f 591 4341 590
f 4340 581 4339
f 590 4339 589
f 4339 582 4338
f 589 4338 588
f 4338 584 4337
f 588 4337 587
f 4337 584 4336
f 587 4336 585
f 4336 561 4335
f 585 4335 586
f 4335 562 4334
f 586 4334 608
f 4334 564 4333
f 608 4334 607
f 4333 564 4332
f 607 4333 606
f 4332 566 4331
f 606 4331 605
f 4331 567 4330
f 605 4331 604
f 4330 568 4329
f 604 4329 603
f 4329 568 4328
f 603 4328 602
f 4328 570 4327
f 602 4327 601
f 4327 571 4326
f 601 4326 600
f 4326 572 4325
f 600 4326 599
f 4301 572 4324
f 3270 4324 3269
f 4324 572 4323
f 3269 4324 3292
f 4323 571 4322
f 3292 4323 3291
f 4322 570 4321
f 3291 4322 3290
f 4321 569 4320
f 3290 4321 3289
f 4320 568 4319
f 3289 4320 3288
f 4319 566 4318
f 3288 4319 3287
f 4318 566 4317
f 3287 4317 3286
f 4317 565 4316
f 3286 4317 3285
f 4316 564 4315
f 3285 4316 3284
f 4315 563 4314
f 3284 4314 3283
f 4314 561 4313
f 3283 4314 3282
f 4313 561 4312
f 3282 4313 3281
f 4312 583 4311
f 3281 4311 3280
f 4311 583 4310
f 3280 4311 3279
f 4310 582 4309
f 3279 4310 3278
f 4309 580 4308
f 3278 4309 3277
f 4308 579 4307
f 3277 4308 3276
f 4307 578 4306
f 3276 4306 3275
f 4306 578 4305
f 3275 4305 3274
f 4305 576 4304
f 3274 4304 3273
f 4304 575 4303
f 3273 4304 3272
f 4303 574 4302
f 3272 4302 3271
f 4302 574 4301
f 3271 4302 3270
f 4277 524 4300
f 551 4300 550
f 4300 525 4299
f 550 4300 549
f 4299 527 4298
f 549 4299 548
f 4298 527 4297
f 548 4297 547
f 4297 528 4296
f 547 4296 546
f 4296 530 4295
f 546 4295 545
f 4295 530 4294
f 545 4295 544
f 4294 531 4293
f 544 4293 543
f 4293 532 4292
f 543 4293 542
f 4292 533 4291
f 542 4291 541
f 4291 534 4290
f 541 4290 540
f 4290 536 4289
f 540 4289 539
f 4289 536 4288
f 539 4288 537
f 4288 513 4287
f 537 4287 538
f 4287 514 4286
f 538 4286 560
f 4286 516 4285
f 560 4286 559
f 4285 516 4284
f 559 4285 558
f 4284 518 4283
f 558 4283 557
f 4283 519 4282
f 557 4283 556
f 4282 520 4281
f 556 4281 555
f 4281 520 4280
f 555 4280 554
f 4280 522 4279
f 554 4279 553
f 4279 523 4278
f 553 4278 552
f 4278 524 4277
f 552 4278 551
f 4253 524 4276
f 3246 4276 3245
f 4276 524 4275
f 3245 4276 3268
f 4275 523 4274
f 3268 4275 3267
f 4274 522 4273
f 3267 4274 3266
f 4273 521 4272
f 3266 4273 3265
f 4272 520 4271
f 3265 4272 3264
f 4271 518 4270
f 3264 4271 3263
f 4270 518 4269
f 3263 4269 3262
f 4269 517 4268
f 3262 4269 3261
f 4268 516 4267
f 3261 4268 3260
f 4267 515 4266
f 3260 4266 3259
f 4266 513 4265
f 3259 4266 3258
f 4265 513 4264
f 3258 4265 3257
f 4264 535 4263
f 3257 4263 3256
f 4263 535 4262
f 3256 4263 3255
f 4262 534 4261
f 3255 4262 3254
f 4261 532 4260
f 3254 4261 3253
f 4260 531 4259
f 3253 4260 3252
f 4259 530 4258
f 3252 4258 3251
f 4258 530 4257
f 3251 4257 3250
f 4257 528 4256
f 3250 4256 3249
f 4256 527 4255
f 3249 4256 3248
f 4255 526 4254
f 3248 4254 3247
f 4254 526 4253
f 3247 4254 3246
f 4229 456 4252
f 3222 4229 3221
f 4252 426 4251
f 3221 4251 3244
f 4251 426 4250
f 3244 4250 3243
f 4250 424 4249
f 3243 4250 3242
f 4249 424 4248
f 3242 4249 3241
f 4248 423 4247
f 3241 4247 3240
f 4247 422 4246
f 3240 4247 3239
f 4246 421 4245
f 3239 4245 3238
f 4245 419 4244
f 3238 4244 3237
f 4244 418 4243
f 3237 4243 3236
f 4243 417 4242
f 3236 4243 3235
f 4242 417 4241
f 3235 4242 3234
f 4241 416 4240
f 3234 4240 3233
f 4240 415 4239
f 3233 4239 3232
f 4239 414 4238
f 3232 4239 3231
f 4238 413 4237
f 3231 4237 3230
f 4237 411 4236
f 3230 4237 3229
f 4236 411 4235
f 3229 4236 3228
f 4235 409 4234
f 3228 4234 3227
f 4234 409 4233
f 3227 4234 3226
f 4233 459 4232
f 3226 4233 3225
f 4232 458 4231
f 3225 4231 3224
f 4231 457 4230
f 3224 4231 3223
f 4230 456 4229
f 3223 4230 3222
f 4205 427 4228
f 3198 4228 3197
f 4228 457 4227
f 3197 4228 3220
f 4227 457 4226
f 3220 4227 3219
f 4226 459 4225
f 3219 4225 3218
f 4225 460 4224
f 3218 4224 3217
f 4224 409 4223
f 3217 4224 3216
f 4223 410 4222
f 3216 4222 3215
f 4222 410 4221
f 3215 4222 3214
f 4221 411 4220
f 3214 4220 3213
f 4220 413 4219
f 3213 4220 3212
f 4219 413 4218
f 3212 4218 3211
f 4218 414 4217
f 3211 4218 3210
f 4217 415 4216
f 3210 4217 3209
f 4216 416 4215
f 3209 4216 3208
f 4215 417 4214
f 3208 4215 3207
f 4214 419 4213
f 3207 4214 3206
f 4213 420 4212
f 3206 4212 3205
f 4212 421 4211
f 3205 4211 3204
f 4211 422 4210
f 3204 4210 3203
f 4210 422 4209
f 3203 4210 3202
f 4209 424 4208
f 3202 4208 3201
f 4208 425 4207
f 3201 4208 3200
f 4207 425 4206
f 3200 4206 3199
f 4206 427 4205
f 3199 4205 3198
f 4177 442 4204
f 3170 4204 3169
f 4204 444 4203
f 3169 4203 3196
f 4203 444 4202
f 3196 4203 3195
f 4202 445 4201
f 3195 4201 3194
f 4201 446 4200
f 3194 4200 3193
f 4200 447 4199
f 3193 4200 3192
f 4199 448 4198
f 3192 4199 3191
f 4198 450 4197
f 3191 4197 3190
f 4197 450 4196
f 3190 4196 3189
f 4196 452 4195
f 3189 4196 3188
f 4195 453 4194
f 3188 4195 3187
f 4194 453 4193
f 3187 4193 3186
f 4193 454 4192
f 3186 4193 3185
f 4192 428 4191
f 3185 4191 3184
f 4191 428 4190
f 3184 4190 3183
f 4190 430 4189
f 3183 4189 3182
f 4189 431 4188
f 3182 4189 3181
f 4188 431 4187
f 3181 4188 3180
f 4187 433 4186
f 3180 4186 3179
f 4186 434 4185
f 3179 4186 3178
f 4185 435 4184
f 3178 4185 3177
f 4184 435 4183
f 3177 4183 3176
f 4183 436 4182
f 3176 4183 3175
f 4182 437 4181
f 3175 4182 3174
f 4181 439 4180
f 3174 4180 3173
f 4180 439 4179
f 3173 4180 3172
f 4179 440 4178
f 3172 4178 3171
f 4178 442 4177
f 3171 4178 3170
f 4149 443 4176
f 3142 4176 3141
f 4176 442 4175
f 3141 4176 3168
f 4175 440 4174
f 3168 4174 3167
f 4174 439 4173
f 3167 4173 3166
f 4173 438 4172
f 3166 4172 3165
f 4172 438 4171
f 3165 4171 3164
f 4171 436 4170
f 3164 4170 3163
f 4170 436 4169
f 3163 4170 3162
f 4169 435 4168
f 3162 4168 3161
f 4168 434 4167
f 3161 4168 3160
f 4167 432 4166
f 3160 4167 3159
f 4166 432 4165
f 3159 4165 3158
f 4165 430 4164
f 3158 4165 3157
f 4164 430 4163
f 3157 4164 3156
f 4163 428 4162
f 3156 4162 3155
f 4162 455 4161
f 3155 4161 3154
f 4161 454 4160
f 3154 4160 3153
f 4160 454 4159
f 3153 4159 3152
f 4159 453 4158
f 3152 4158 3151
f 4158 452 4157
f 3151 4158 3150
f 4157 450 4156
f 3150 4157 3149
f 4156 450 4155
f 3149 4156 3148
f 4155 448 4154
f 3148 4155 3147
f 4154 448 4153
f 3147 4153 3146
f 4153 446 4152
f 3146 4152 3145
f 4152 445 4151
f 3145 4151 3144
f 4151 444 4150
f 3144 4150 3143
f 4150 443 4149
f 3143 4150 3142
f 4125 331 4148
f 3118 4148 3117
f 4148 330 4147
f 3117 4148 3140
f 4147 329 4146
f 3140 4147 3139
f 4146 329 4145
f 3139 4146 3138
f 4145 351 4144
f 3138 4144 3137
f 4144 351 4143
f 3137 4143 3136
f 4143 349 4142
f 3136 4143 3135
f 4142 349 4141
f 3135 4142 3134
f 4141 348 4140
f 3134 4140 3133
f 4140 347 4139
f 3133 4140 3132
f 4139 346 4138
f 3132 4138 3131
f 4138 344 4137
f 3131 4137 3130
f 4137 343 4136
f 3130 4136 3129
f 4136 342 4135
f 3129 4136 3128
f 4135 342 4134
f 3128 4135 3127
f 4134 341 4133
f 3127 4133 3126
f 4133 340 4132
f 3126 4132 3125
f 4132 339 4131
f 3125 4132 3124
f 4131 338 4130
f 3124 4130 3123
f 4130 336 4129
f 3123 4130 3122
f 4129 336 4128
f 3122 4129 3121
f 4128 334 4127
f 3121 4127 3120
f 4127 334 4126
f 3120 4127 3119
f 4126 332 4125
f 3119 4126 3118
f 4101 332 4124
f 3094 4124 3093
f 4124 333 4123
f 3093 4123 3116
f 4123 334 4122
f 3116 4123 3115
f 4122 335 4121
f 3115 4121 3114
f 4121 335 4120
f 3114 4121 3113
f 4120 336 4119
f 3113 4119 3112
f 4119 338 4118
f 3112 4119 3111
f 4118 338 4117
f 3111 4117 3110
f 4117 339 4116
f 3110 4117 3109
f 4116 340 4115
f 3109 4116 3108
f 4115 341 4114
f 3108 4115 3107
f 4114 342 4113
f 3107 4114 3106
f 4113 344 4112
f 3106 4113 3105
f 4112 345 4111
f 3105 4111 3104
f 4111 346 4110
f 3104 4110 3103
f 4110 347 4109
f 3103 4109 3102
f 4109 347 4108
f 3102 4109 3101
f 4108 349 4107
f 3101 4107 3100
f 4107 350 4106
f 3100 4107 3099
f 4106 350 4105
f 3099 4105 3098
f 4105 328 4104
f 3098 4104 3097
f 4104 328 4103
f 3097 4103 3096
f 4103 330 4102
f 3096 4103 3095
f 4102 330 4101
f 3095 4102 3094
f 4073 313 4100
f 3066 4100 3065
f 4100 315 4099
f 3065 4100 3092
f 4099 316 4098
f 3092 4098 3091
f 4098 316 4097
f 3091 4098 3090
f 4097 318 4096
f 3090 4096 3089
f 4096 319 4095
f 3089 4095 3088
f 4095 320 4094
f 3088 4095 3087
f 4094 320 4093
f 3087 4093 3086
f 4093 321 4092
f 3086 4092 3085
f 4092 322 4091
f 3085 4092 3084
f 4091 324 4090
f 3084 4090 3083
f 4090 324 4089
f 3083 4089 3082
f 4089 325 4088
f 3082 4089 3081
f 4088 327 4087
f 3081 4088 3080
f 4087 327 4086
f 3080 4087 3079
f 4086 353 4085
f 3079 4085 3078
f 4085 354 4084
f 3078 4085 3077
f 4084 354 4083
f 3077 4083 3076
f 4083 355 4082
f 3076 4082 3075
f 4082 356 4081
f 3075 4082 3074
f 4081 305 4080
f 3074 4081 3073
f 4080 307 4079
f 3073 4079 3072
f 4079 308 4078
f 3072 4078 3071
f 4078 309 4077
f 3071 4078 3070
f 4077 310 4076
f 3070 4077 3069
f 4076 310 4075
f 3069 4075 3068
f 4075 311 4074
f 3068 4075 3067
f 4074 313 4073
f 3067 4073 3066
f 4045 313 4072
f 3038 4072 3037
f 4072 312 4071
f 3037 4072 3064
f 4071 312 4070
f 3064 4070 3063
f 4070 311 4069
f 3063 4070 3062
f 4069 309 4068
f 3062 4069 3061
f 4068 309 4067
f 3061 4068 3060
f 4067 307 4066
f 3060 4067 3059
f 4066 307 4065
f 3059 4066 3058
f 4065 305 4064
f 3058 4065 3057
f 4064 305 4063
f 3057 4063 3056
f 4063 355 4062
f 3056 4062 3055
f 4062 354 4061
f 3055 4062 3054
f 4061 353 4060
f 3054 4061 3053
f 4060 353 4059
f 3053 4060 3052
f 4059 352 4058
f 3052 4059 3051
f 4058 327 4057
f 3051 4058 3050
f 4057 326 4056
f 3050 4056 3049
f 4056 325 4055
f 3049 4055 3048
f 4055 323 4054
f 3048 4055 3047
f 4054 323 4053
f 3047 4053 3046
f 4053 321 4052
f 3046 4052 3045
f 4052 320 4051
f 3045 4052 3044
f 4051 319 4050
f 3044 4050 3043
f 4050 319 4049
f 3043 4050 3042
f 4049 317 4048
f 3042 4049 3041
f 4048 317 4047
f 3041 4048 3040
f 4047 316 4046
f 3040 4047 3039
f 4046 315 4045
f 3039 4046 3038
f 4021 268 4044
f 295 4044 294
f 4044 270 4043
f 294 4044 293
f 4043 270 4042
f 293 4043 292
f 4042 272 4041
f 292 4042 291
f 4041 272 4040
f 291 4040 290
f 4040 274 4039
f 290 4040 289
f 4039 275 4038
f 289 4039 288
f 4038 276 4037
f 288 4037 287
f 4037 277 4036
f 287 4037 286
f 4036 277 4035
f 286 4036 285
f 4035 279 4034
f 285 4034 284
f 4034 280 4033
f 284 4034 283
f 4033 257 4032
f 283 4033 281
f 4032 257 4031
f 281 4032 282
f 4031 259 4030
f 282 4031 304
f 4030 260 4029
f 304 4029 303
f 4029 260 4028
f 303 4028 302
f 4028 262 4027
f 302 4028 301
f 4027 263 4026
f 301 4026 300
f 4026 263 4025
f 300 4026 299
f 4025 264 4024
f 299 4025 298
f 4024 266 4023
f 298 4024 297
f 4023 266 4022
f 297 4022 296
f 4022 268 4021
f 296 4022 295
f 3997 268 4020
f 3014 3997 3013
f 4020 267 4019
f 3013 4020 3036
f 4019 267 4018
f 3036 4018 3035
f 4018 266 4017
f 3035 4018 3034
f 4017 265 4016
f 3034 4016 3033
f 4016 263 4015
f 3033 4016 3032
f 4015 262 4014
f 3032 4014 3031
f 4014 261 4013
f 3031 4014 3030
f 4013 260 4012
f 3030 4012 3029
f 4012 259 4011
f 3029 4012 3028
f 4011 259 4010
f 3028 4011 3027
f 4010 257 4009
f 3027 4009 3026
f 4009 257 4008
f 3026 4009 3025
f 4008 279 4007
f 3025 4007 3024
f 4007 279 4006
f 3024 4007 3023
f 4006 277 4005
f 3023 4005 3022
f 4005 277 4004
f 3022 4004 3021
f 4004 276 4003
f 3021 4004 3020
f 4003 275 4002
f 3020 4002 3019
f 4002 274 4001
f 3019 4001 3018
f 4001 273 4000
f 3018 4000 3017
f 4000 272 3999
f 3017 4000 3016
f 3999 270 3998
f 3016 3998 3015
f 3998 269 3997
f 3015 3997 3014
f 3973 220 3996
f 247 3996 246
f 3996 222 3995
f 246 3996 245
f 3995 222 3994
f 245 3995 244
f 3994 224 3993
f 244 3994 243
f 3993 224 3992
f 243 3992 242
f 3992 226 3991
f 242 3992 241
f 3991 227 3990
f 241 3991 240
f 3990 228 3989
f 240 3989 239
f 3989 229 3988
f 239 3989 238
f 3988 229 3987
f 238 3988 237
f 3987 231 3986
f 237 3986 236
f 3986 232 3985
f 236 3986 235
f 3985 209 3984
f 235 3985 233
f 3984 209 3983
f 233 3984 234
f 3983 211 3982
f 234 3983 256
f 3982 212 3981
f 256 3981 255
f 3981 212 3980
f 255 3980 254
f 3980 214 3979
f 254 3980 253
f 3979 215 3978
f 253 3978 252
f 3978 215 3977
f 252 3978 251
f 3977 216 3976
f 251 3977 250
f 3976 218 3975
f 250 3976 249
f 3975 218 3974
f 249 3974 248
f 3974 220 3973
f 248 3974 247
f 3949 220 3972
f 2990 3949 2989
f 3972 219 3971
f 2989 3972 3012
f 3971 219 3970
f 3012 3970 3011
f 3970 218 3969
f 3011 3970 3010
f 3969 217 3968
f 3010 3968 3009
f 3968 215 3967
f 3009 3968 3008
f 3967 214 3966
f 3008 3966 3007
f 3966 213 3965
f 3007 3966 3006
f 3965 212 3964
f 3006 3964 3005
f 3964 211 3963
f 3005 3964 3004
f 3963 211 3962
f 3004 3963 3003
f 3962 209 3961
f 3003 3961 3002
f 3961 209 3960
f 3002 3961 3001
f 3960 231 3959
f 3001 3959 3000
f 3959 231 3958
f 3000 3959 2999
f 3958 229 3957
f 2999 3957 2998
f 3957 229 3956
f 2998 3956 2997
f 3956 228 3955
f 2997 3956 2996
f 3955 227 3954
f 2996 3954 2995
f 3954 226 3953
f 2995 3953 2994
f 3953 225 3952
f 2994 3952 2993
f 3952 224 3951
f 2993 3952 2992
f 3951 222 3950
f 2992 3950 2991
f 3950 221 3949
f 2991 3949 2990
f 3925 123 3948
f 2966 3948 2965
f 3948 123 3947
f 2965 3947 2988
f 3947 121 3946
f 2988 3946 2987
f 3946 120 3945
f 2987 3945 2986
f 3945 120 3944
f 2986 3945 2985
f 3944 119 3943
f 2985 3943 2984
f 3943 117 3942
f 2984 3942 2983
f 3942 117 3941
f 2983 3941 2982
f 3941 115 3940
f 2982 3941 2981
f 3940 114 3939
f 2981 3939 2980
f 3939 113 3938
f 2980 3939 2979
f 3938 113 3937
f 2979 3938 2978
f 3937 112 3936
f 2978 3936 2977
f 3936 111 3935
f 2977 3935 2976
f 3935 109 3934
f 2976 3935 2975
f 3934 109 3933
f 2975 3933 2974
f 3933 108 3932
f 2974 3932 2973
f 3932 107 3931
f 2973 3932 2972
f 3931 105 3930
f 2972 3931 2971
f 3930 105 3929
f 2971 3930 2970
f 3929 155 3928
f 2970 3929 2969
f 3928 154 3927
f 2969 3928 2968
f 3927 153 3926
f 2968 3927 2967
f 3926 152 3925
f 2967 3926 2966
f 3901 152 3924
f 2942 3924 2941
f 3924 153 3923
f 2941 3924 2964
f 3923 154 3922
f 2964 3922 2963
f 3922 155 3921
f 2963 3922 2962
f 3921 155 3920
f 2962 3920 2961
f 3920 105 3919
f 2961 3920 2960
f 3919 105 3918
f 2960 3918 2959
f 3918 107 3917
f 2959 3917 2958
f 3917 107 3916
f 2958 3916 2957
f 3916 108 3915
f 2957 3916 2956
f 3915 109 3914
f 2956 3914 2955
f 3914 110 3913
f 2955 3913 2954
f 3913 112 3912
f 2954 3912 2953
f 3912 113 3911
f 2953 3912 2952
f 3911 113 3910
f 2952 3910 2951
f 3910 115 3909
f 2951 3910 2950
f 3909 115 3908
f 2950 3908 2949
f 3908 116 3907
f 2949 3908 2948
f 3907 117 3906
f 2948 3907 2947
f 3906 118 3905
f 2947 3906 2946
f 3905 120 3904
f 2946 3904 2945
f 3904 120 3903
f 2945 3904 2944
f 3903 121 3902
f 2944 3903 2943
f 3902 122 3901
f 2943 3902 2942
f 3873 138 3900
f 2914 3873 2913
f 3900 139 3899
f 2913 3900 2940
f 3899 141 3898
f 2940 3899 2939
f 3898 141 3897
f 2939 3897 2938
f 3897 142 3896
f 2938 3896 2937
f 3896 143 3895
f 2937 3895 2936
f 3895 145 3894
f 2936 3895 2935
f 3894 145 3893
f 2935 3893 2934
f 3893 147 3892
f 2934 3892 2933
f 3892 148 3891
f 2933 3892 2932
f 3891 149 3890
f 2932 3890 2931
f 3890 150 3889
f 2931 3890 2930
f 3889 150 3888
f 2930 3889 2929
f 3888 124 3887
f 2929 3888 2928
f 3887 124 3886
f 2928 3886 2927
f 3886 125 3885
f 2927 3885 2926
f 3885 126 3884
f 2926 3884 2925
f 3884 127 3883
f 2925 3884 2924
f 3883 128 3882
f 2924 3883 2923
f 3882 130 3881
f 2923 3881 2922
f 3881 130 3880
f 2922 3880 2921
f 3880 131 3879
f 2921 3880 2920
f 3879 133 3878
f 2920 3879 2919
f 3878 133 3877
f 2919 3878 2918
f 3877 134 3876
f 2918 3877 2917
f 3876 136 3875
f 2917 3876 2916
f 3875 136 3874
f 2916 3875 2915
f 3874 138 3873
f 2915 3874 2914
f 3845 138 3872
f 2886 3845 2885
f 3872 138 3871
f 2885 3872 2912
f 3871 136 3870
f 2912 3870 2911
f 3870 135 3869
f 2911 3869 2910
f 3869 134 3868
f 2910 3868 2909
f 3868 134 3867
f 2909 3868 2908
f 3867 132 3866
f 2908 3866 2907
f 3866 131 3865
f 2907 3866 2906
f 3865 131 3864
f 2906 3864 2905
f 3864 130 3863
f 2905 3864 2904
f 3863 128 3862
f 2904 3863 2903
f 3862 128 3861
f 2903 3861 2902
f 3861 126 3860
f 2902 3860 2901
f 3860 126 3859
f 2901 3860 2900
f 3859 124 3858
f 2900 3859 2899
f 3858 124 3857
f 2899 3857 2898
f 3857 150 3856
f 2898 3856 2897
f 3856 150 3855
f 2897 3856 2896
f 3855 148 3854
f 2896 3855 2895
f 3854 148 3853
f 2895 3854 2894
f 3853 146 3852
f 2894 3852 2893
f 3852 145 3851
f 2893 3852 2892
f 3851 144 3850
f 2892 3850 2891
f 3850 144 3849
f 2891 3849 2890
f 3849 142 3848
f 2890 3848 2889
f 3848 142 3847
f 2889 3847 2888
f 3847 140 3846
f 2888 3846 2887
f 3846 139 3845
f 2887 3845 2886
f 3821 27 3844
f 2862 3821 2861
f 3844 26 3843
f 2861 3844 2884
f 3843 25 3842
f 2884 3843 2883
f 3842 24 3841
f 2883 3841 2882
f 3841 24 3840
f 2882 3840 2881
f 3840 46 3839
f 2881 3839 2880
f 3839 45 3838
f 2880 3838 2879
f 3838 45 3837
f 2879 3838 2878
f 3837 44 3836
f 2878 3836 2877
f 3836 42 3835
f 2877 3835 2876
f 3835 42 3834
f 2876 3834 2875
f 3834 40 3833
f 2875 3834 2874
f 3833 39 3832
f 2874 3832 2873
f 3832 38 3831
f 2873 3832 2872
f 3831 38 3830
f 2872 3831 2871
f 3830 37 3829
f 2871 3829 2870
f 3829 36 3828
f 2870 3828 2869
f 3828 34 3827
f 2869 3828 2868
f 3827 34 3826
f 2868 3826 2867
f 3826 33 3825
f 2867 3825 2866
f 3825 32 3824
f 2866 3825 2865
f 3824 30 3823
f 2865 3824 2864
f 3823 30 3822
f 2864 3823 2863
f 3822 28 3821
f 2863 3822 2862
f 3797 28 3820
f 2838 3797 2837
f 3820 28 3819
f 2837 3819 2860
f 3819 30 3818
f 2860 3819 2859
f 3818 30 3817
f 2859 3817 2858
f 3817 32 3816
f 2858 3816 2857
f 3816 32 3815
f 2857 3815 2856
f 3815 33 3814
f 2856 3815 2855
f 3814 34 3813
f 2855 3813 2854
f 3813 35 3812
f 2854 3812 2853
f 3812 37 3811
f 2853 3811 2852
f 3811 38 3810
f 2852 3811 2851
f 3810 38 3809
f 2851 3809 2850
f 3809 40 3808
f 2850 3809 2849
f 3808 40 3807
f 2849 3807 2848
f 3807 41 3806
f 2848 3807 2847
f 3806 42 3805
f 2847 3806 2846
f 3805 43 3804
f 2846 3805 2845
f 3804 45 3803
f 2845 3803 2844
f 3803 45 3802
f 2844 3803 2843
f 3802 46 3801
f 2843 3802 2842
f 3801 47 3800
f 2842 3801 2841
f 3800 25 3799
f 2841 3799 2840
f 3799 26 3798
f 2840 3799 2839
f 3798 27 3797
f 2839 3797 2838
f 3769 9 3796
f 2810 3769 2809
f 3796 10 3795
f 2809 3795 2836
f 3795 11 3794
f 2836 3794 2835
f 3794 13 3793
f 2835 3793 2834
f 3793 14 3792
f 2834 3792 2833
f 3792 15 3791
f 2833 3791 2832
f 3791 16 3790
f 2832 3790 2831
f 3790 16 3789
f 2831 3790 2830
f 3789 18 3788
f 2830 3789 2829
f 3788 19 3787
f 2829 3787 2828
f 3787 20 3786
f 2828 3786 2827
f 3786 21 3785
f 2827 3786 2826
f 3785 22 3784
f 2826 3785 2825
f 3784 23 3783
f 2825 3784 2824
f 3783 23 3782
f 2824 3782 2823
f 3782 49 3781
f 2823 3781 2822
f 3781 49 3780
f 2822 3780 2821
f 3780 50 3779
f 2821 3780 2820
f 3779 51 3778
f 2820 3778 2819
f 3778 52 3777
f 2819 3778 2818
f 3777 2 3776
f 2818 3777 2817
f 3776 2 3775
f 2817 3775 2816
f 3775 4 3774
f 2816 3775 2815
f 3774 5 3773
f 2815 3774 2814
f 3773 6 3772
f 2814 3773 2813
f 3772 6 3771
f 2813 3771 2812
f 3771 8 3770
f 2812 3770 2811
f 3770 9 3769
f 2811 3770 2810
f 3741 9 3768
f 2782 3741 2781
f 3768 9 3767
f 2781 3768 2808
f 3767 8 3766
f 2808 3766 2807
f 3766 7 3765
f 2807 3766 2806
f 3765 5 3764
f 2806 3765 2805
f 3764 5 3763
f 2805 3764 2804
f 3763 3 3762
f 2804 3763 2803
f 3762 3 3761
f 2803 3762 2802
f 3761 2 3760
f 2802 3760 2801
f 3760 1 3759
f 2801 3760 2800
f 3759 51 3758
f 2800 3758 2799
f 3758 51 3757
f 2799 3757 2798
f 3757 49 3756
f 2798 3756 2797
f 3756 49 3755
f 2797 3756 2796
f 3755 23 3754
f 2796 3754 2795
f 3754 23 3753
f 2795 3754 2794
f 3753 21 3752
f 2794 3752 2793
f 3752 21 3751
f 2793 3752 2792
f 3751 19 3750
f 2792 3751 2791
f 3750 19 3749
f 2791 3750 2790
f 3749 17 3748
f 2790 3748 2789
f 3748 16 3747
f 2789 3748 2788
f 3747 16 3746
f 2788 3746 2787
f 3746 15 3745
f 2787 3746 2786
f 3745 13 3744
f 2786 3745 2785
f 3744 13 3743
f 2785 3744 2784
f 3743 12 3742
f 2784 3743 2783
f 3742 11 3741
f 2783 3742 2782
